company_name,booth,description,email,mobile_primary,domain,full_address,city,linkedin_url
2G Energy Ltd,101,"2G Energy Ltd, the UK subsidiary of 2G Energy AG, is a global leader in combined heat and power (CHP) systems, delivering reliable, high-efficiency energy solutions. With over 10,000 installations worldwide, 2G supports a wide range of sectors, including data centres where efficiency and reliability are critical. Our CHP systems enable decentralised power generation, improve energy efficiency, and enhance resilience for demanding operations. Learn more www.2-g.com «",sales@2-g.com,+44 (0) 1928 718533,https://2-g.com,"Unit 1 Sycamore Court, Warrington Road, Runcorn, WA7 1RS, United Kingdom",WA7 1RS,
Aalberts Integrated Piping Systems,108,"Aalberts integrated piping systems is one of the leading manufacturers of advanced plumbing, heating, and engineering products. We offer fully integrated piping systems in valve, connection, fastening and piping technology. The combination of our experts in the field of piping systems and our powerful and proven brands, such as Pegler, VSH, Apollo and Shurjoint, guarantees that Aalberts integrated piping systems is the ideal partner for your data centre project. We are the only company that truly offers customers a complete solution every time that is made and sourced from one and the same organisation. Don’t just buy products, buy solutions. «",info.uk@aalberts-ips.com,+44 (0) 1302 560 560,https://aalberts-ips.com,"St Catherine’s Avenue, Doncaster, DN4 8DF, United Kingdom",DN4 8DF,
ACS Drives & Solutions,402,"ACS Drives & Control Systems delivers specialist, end-to-end engineering solutions for data centres, critical industrial processes, utilities and public infrastructure across Ireland. Our expertise covers variable speed drives, motor control, power quality, condition monitoring, panel building and full lifecycle support. Working with world-leading technology partners—as an ABB Value Provider and Irish partner for Merus Power—we design, build, install and commission systems tailored to each application. Our experienced teams provide responsive diagnostics, maintenance, remote monitoring, emergency call-outs, drive hire and multi-brand support. We help customers across these sectors improve reliability, energy efficiency and operational performance, keeping industry moving safely and efficiently. «",sales@acsdrives.ie,+353 (0) 44 93 40242,https://acsdrives.ie,"Unit 21 Zone C, Mullingar Business Park, Mullingar, Co Westmeath, N91 VX4V, Ireland, Republic of",Ireland,
Activ8 Solar Energies,441,"Activ8 Solar Energies is one of Ireland’s leading providers of commercial and utility-scale solar solutions. Since 2007, we have delivered high-quality rooftop and ground-mount systems for clients across data centres, manufacturing, agri-food, logistics, pharmaceuticals, and public infrastructure. With full in-house design, engineering, and installation teams, Activ8 manages every stage of a project — from feasibility and planning to commissioning and long-term performance. We support organisations seeking direct investment in solar as well as those exploring Power Purchase Agreement (PPA) models to reduce capital outlay. Backed by our partnership with SSE Airtricity, we offer scale, expertise, and reliability for long-term energy savings. «",info@activ8energies.com,042 969 0352,https://activ8energies.com,"Nexus N2 Business Park, Carrickmacross, Co Monaghan, A81 XK73, Ireland, Republic of",Ireland,
Advantage Forwarding,534,"Advantage Forwarding Limited are Part of the Westdijk Group. As part of the Westdijk Group we offer full project management and exceptional transport across Europe, with our own offices in Ireland, Uk, Netherlands, Sweden and Poland and making use of our own fleet and Cranes we have over 6 years of continual experience in Data Centre Logistics. We work with Suppliers, Contractors and site Management teams to ensure deliveries to meet site schedules. «",greg@advantageforwarding.eu,+353 (0) 429663291,https://advantageforwarding.eu,"UNIT 6 CRV Buildings, Ardee Road, Co. Louth, A91NR23,",Co. Louth,
AEP Global,511,"Safe systems of work (SSOW) for onshore and offshore industries through specialist commissioning, operations, and maintenance delivery across mission critical projects. AEP Global supports Data Centres with turnkey solutions including a full permit office team and Electronic PTW and Isolation software GlobalEye SSOW. «",sales@globaleye-ssow.com,+44 (0)1493 803908,https://globaleye-ssow.com,"Boho 6, Linthorpe Road, Middlesbrough, North Yorkshire, TS1 1RE, United Kingdom",TS1 1RE,
AJ Power,523,"AJ Power is a global manufacturer of diesel generator solutions, delivering reliable standby and prime power systems for mission-critical data centre environments. Our generating sets, ranging from 10kVA to 2800kVA, are engineered to provide dependable backup power, ensuring continuous operation during utility outages where downtime is simply not an option. From single generator installations to complex multi-megawatt synchronised power systems, AJ Power offers project delivery, including design, manufacturing, testing, commissioning and aftersales support. With expertise in low, medium and high-voltage diesel power generation, we deliver bespoke, scalable solutions trusted by data centre operators worldwide for reliability, performance and business continuity. «",sales@ajpower.net,+44 (0) 28 3836 1000,https://ajpower.net,"1 Charlestown Drive, Craigavon, BT62 1LY, United Kingdom",BT62 1LY,
Alpha Automation & Controls,819,"Alpha Automation is a trusted systems integrator delivering end-to-end automation solutions for industry. From PLC and SCADA programming to the complete design and build of control panels, the team combines deep technical expertise with a hands-on, practical approach to every project. Alpha Automation has delivered data centre projects across Europe, working with leading operators to deliver reliable, mission-critical automation and control solutions, alongside a strong track record across a range of other industrial sectors. Backed by in-house manufacturing capability and a genuine commitment to quality at every stage, Alpha Automation is the go-to partner for businesses seeking dependable, efficient control solutions built to last. «",sales@alphaautomation.ie,+353 (0) 21 206 6555,https://alphaautomation.ie,"Block A1, Fota Business Park, Killacloyne, Carrigtohill, Co. Cork, T45 NX97, Ireland, Republic of",Ireland,
AMP Controls & Solutions,811,"AMP Controls and Solutions is an Ireland-based specialist in high-power busbar systems, lighting controls and electrical maintenance solutions. We work closely with electrical contractors, delivering reliable, high-quality solutions tailored to project requirements. Our busbar offering includes prefabricated systems from 25A to 6300A, complete with populated tap-off boxes and bespoke configurations. In lighting controls, we represent leading manufacturers including Tridonic, Helvar and Hydronic, providing advanced control solutions for a wide range of applications. We also supply and support central emergency lighting systems, including central battery and DALI solutions. Our focus is technical expertise, flexibility, quality and dependable customer support. «",aidan@ampsolutions.ie,+353 (0) 1 642 6499,https://ampsolutions.ie,"2B Kylemore Industrial Estate, Killeen Road, Dublin 10, D10 H397, Ireland, Republic of",Ireland,
Aquatherm UK,502,Aquatherm is a manufacturer of polypropylene pipework for use in data centres. Our fusion welded solution is leak free and all pipes come with environmental product declarations that detail the low embodied carbon used to produce them. Come and see us on Stand 604 to learn more about cooling your data centre! «,enquiries@aquatherm-uk.com,+44 (0)1 444 250 500,https://aquatherm.de,"Unit 9 Saracen Close, Gillingham Business Park, Gillingham, Kent, ME8 0QN, United Kingdom",ME8 0QN,
Armatherm Thermal Bridging Solutions,240,"As one of the leading suppliers of structural thermal break materials for the construction industry, we’re passionate about effective thermal bridging products. We strive to allow architects, structural engineers and building design professionals viable solutions to prevent cold bridging. Thermal bridging has been recognized as a significant factor in building envelope heat loss. Armatherm™ thermal break materials have low thermal conductivity and high strength and have been designed and tested to prevent thermal bridging. Armatherm solutions are for use anywhere a penetration or transition is present in a building envelope, creating a thermal bridge. Heat loss can be minimised at balcony, canopy, parapet, masonry shelf angle and cladding connections. «",info@armatherm.com,+353 21 202 8065,https://armatherm.com,"Armatherm Europe, Shed 4 Cooper Beech Farm, Ballinagappa Road, Clane, Co. Kildare, W91 x253, Ireland, Republic of",Ireland,
Armorum Limited,228,"Armorum Limited manufactures and supplies advanced power solutions for Data Centre’s, including standby generators, prime-power microgrid solutions and Battery Energy Storage Systems (BESS). As an official distributor for Liebherr-Components AG and VDL Energy Systems, we integrate Swiss-made diesel/HVO engines and advanced BESS technology into resilient power systems. Our generators use 100% European componentry and include unique Stage V certified solutions, supporting supply-chain security, reliability and long-term parts availability. Backed by OEM-trained technicians, preventative maintenance and 24/7 service support, Armorum delivers power infrastructure engineered to maximise Data Centre uptime. «",sales@armorum.ie,,https://armorum.ie,"Kylemore Park North, Ballyfermot, Dublin, D10 TN56, Ireland, Republic of",Ireland,
BauWatch,715,"BauWatch is Europe's leading provider of temporary security solutions. With over 17 years of experience, operations in 11 countries and more than 50,000 successfully completed projects, we understand what effective site protection requires. Our AI enhanced video surveillance solutions combine advanced technology with experienced professionals to deliver security solutions that are proven to help prevent theft, trespass and vandalism. With over 15000 active assets, supported by our own service teams and certified alarm response centres, we provide dependable protection around the clock. And with nationwide UK coverage, we can secure your site within 24 hours. «",roi-sales@bauwatch.com,+353 (0) 62 21221,https://bauwatch.com,"Unit 11b, 10 Redlands Crescent, Larne, BT40 1FF, Ireland, Republic of",Ireland,
Brooklyn Engineering Service / TEGG,458,"Brooklyn Engineering Services is the exclusive provider of the TEGG® electrical reliability programme in Ireland, assisting data centre operators to maximise uptime, reduce operational risk, and improve the reliability of critical electrical infrastructure. By combining advanced electrical compliance and reliability solutions with industry-leading reporting and asset intelligence, Brooklyn Engineering enables mission-critical facilities and engineering teams to make informed decisions that support resilience, safety, and business continuity. We are proud to support mission-critical facilities throughout Ireland, where electrical system performance is fundamental to operational success. «",info@brooklyn.ie,+353 (0) 129 42400,https://brooklyn.ie,"Unit 8, 78 Furze Road, Sandyford, Business Park, Dublin, D18 R2E1, Ireland, Republic of",Ireland,
Camfil Irl. Ltd.,220,"For more than half a century, Camfil has been helping people breathe cleaner air. As a leading manufacturer of premium clean air solutions, we provide commercial and industrial systems for air filtration and air pollution control that improve worker and equipment productivity, minimise energy use, and benefit human health and the environment. «",,"+353 (0) 1 848 4977 Website: https://www.camfil.ie Address: Unit K, North Ring Business Park, Turnapin Great, Santry, Co Dublin, D09A2H1, Ireland, Republic of Company Profile For more than half a century, Camfil has been helping people breathe cleaner air. As a leading manufacturer of premium clean air solutions, we provide commercial and industrial systems for air filtration and air pollution control that improve worker and equipment productivity, minimise energy use, and benefit human health and the environment. « Back",https://camfil.ie,"Unit K, North Ring Business Park, Turnapin Great, Santry, Co Dublin, D09A2H1, Ireland, Republic of",Ireland,
Carbon AMS Ltd,107,"We develop and operate agricultural biomethane facilities that connects renewable gas production with long-term demand. Through structured GPAs, we supply certified, traceable biomethane to high-energy offtakers, enabling companies to integrate renewable gas into their energy and sustainability strategies with confidence. Our platform is designed for regulated, energy-demanding sectors. Our biomethane is fully compliant with RED sustainability and certification frameworks and supported by transparent, auditable reporting. With a pipeline of 300 GWh in the next 3 years, our agreements provide security of supply and a pathway to low-carbon gas consumption. «",rian@carbonams.com,+353 879651461,https://carbonams.com,"Carns, Aclare, Co.Sligo, Ireland, Republic of",Ireland,
Central Switchgear,410,"Central Switchgear (CS) is established as a modern, rapidly expanding electrical design and manufacturing engineering company, serving both industries, design firms, and end-user clients CS offers a wide range of products and services from panel boards and 5000A distribution systems to PDUs and Power Factor Correction units, to maintenance and design contracts on existing and new switchgear and controls systems «",info@centralswitchgear.ie,+353 (0) 906498112,https://centralswitchgear.ie,"Unit 6 , WestPoint Business park, Monksland, Athlone, Co Roscommon, N37 E3W9, Ireland, Republic of",Ireland,
Centum Engineering,611,"Centum is a leading provider of electrical contracting services across Ireland, the UK, and Europe. We deliver end-to-end engineering, installation, and maintenance for data centre, pharmaceutical, industrial, and commercial projects. Our contracting services cover consultation, design, installation, commissioning, and ongoing maintenance to ensure efficient, sustainable, and reliable operations. Expertise includes bus bar and load bar systems, LV/HV terminations, UPS, power generation, structured cabling, HVAC, BMS, SCADA, PLC, lighting, earthing, and testing & commissioning. Through safe, innovative, and efficient delivery, Centum builds and maintains critical infrastructure that drives long-term performance, compliance, and client success. «",info@centum.ie,+353 (0) 12003010,https://centum.ie,"246 Blanchardstown Corporate Park 2, Ballycoolin, Dublin, D15 HP80, Ireland, Republic of",Ireland,
Certa Ireland,209,"At DCC Energy, our customer-centric approach is at the heart of everything we do. We understand the importance of balancing energy reliability, affordability, and sustainability, and we're here to help you achieve a cleaner future by offering a wide range of flexible, low-carbon energy solutions. Achieving Net Zero takes the right partners. That’s why DCC Energy, Certa, Flogas, and AEI who are all part of the DCC Group, have come together as one team, delivering the energy, innovation, and expertise to power your transition. From renewable fuels to cleaner gas, electrification, and advanced energy solutions, we bring clarity to a complex world, meet you where you are, and help you move forward. Together, we make net zero possible. «",info@certaireland.ie,+353 (0) 818 550 550,https://certaireland.ie,,,
CES Power,821,"CES Power are the market leaders in expert temporary power solutions across Ireland, the UK and Europe. With a state of the art fleet and specialist teams with decades of experience, CES are the ideal partner to support your maintenance works, downtime projects and disaster recovery efforts. «",,,https://cespower.com,,,
Clarke Energy – A Rehlko Company,331,"Clarke Energy is a trusted partner for data centre power resilience and growth. We deliver full EPC solutions backed by financial strength, technical excellence, and 24/7 lifecycle support. With >10GW of installed capacity across 27 territories, we integrate INNIO’s H₂-ready Jenbacher gas engines, providing fast-start, efficient, and future-proofed energy, alongside Battery Energy Storage Systems (BESS), hybrid and hydrogen power solutions. Our proven ability to safeguard uptime while enabling the transition to low-carbon infrastructure, makes Clarke Energy the partner of choice for data centres seeking reliable, scalable, and sustainable power. «",info@clarke-energy.com,+353 (0) 1 281 0010,"https://clarke-energy.com company profile clarke energy is a trusted partner for data centre power resilience and growth. we deliver full epc solutions backed by financial strength, technical excellence, and 24",,,
Cleveland Cable Company,234,Cleveland Cable Company was founded in 1978; we are a global cable and cable accessory supplier. We have over 47 years experience in delivering complete cable solutions to some of the world's most demanding industries with a portfolio of customers across the world. «,sales@clevelandcable.com,+44 (0) 1642 241 133,https://clevelandcable.com,"Riverside Park Road, Middlesbrough, North Yorkshire, TS2 1QW, United Kingdom",TS2 1QW,
COFINAIR S.A.S,339,"The COFINAIR Group is a leading European manufacturer of cooling towers, adiabatic systems and condensers, built on the heritage of JACIR, DECSA and GOHL-KTK, with production sites in France, Italy and Germany. As data centers shift toward high-density, liquid-cooled and warm-water architectures (up to 45°C), COFINAIR adiabatic solutions enable highly efficient heat rejection with minimal, controlled water use. By enhancing free cooling during peak conditions, adiabatic systems significantly reduce compressor operation and PUE, while maintaining low WUE, acoustic control and full environmental compliance. With over 80,000 units installed worldwide, COFINAIR delivers reliable, future-ready cooling solutions for next-generation data centers. «",communication@cofinair.com,+ 331 (0) 64 43 53 20,https://cofinair.com,"11rue Jean Moulin, 77340 - Pontault Combault, France",77340 - Pontault Combault,
Combilift ULC,350,"Combilift is the world’s largest manufacturer of multidirectional, sideloading, and articulated forklifts, with over 100,000 trucks in operation across 85+ countries. Combilift combines the benefits of counterbalance, sideloader, and narrow aisle forklifts to optimise storage for long, awkward materials. Its precision lifting and narrow-aisle manoeuvrability maximise vertical space and racking capacity, reducing costs, environmental impact, and damage while improving safety and efficiency. Customisable solutions and continuous innovation ensure tailored support for every customer. «",info@combilift.com,+353 (0) 4780500,https://combilift.com,"Annahagh, Monaghan,",Annahagh,
CompuCal Calibration Solutions,521,"CompuCal is a world leader in calibration management and works with some of the largest global brands and manufacturers. Headquartered in Cork, Ireland, the business evolved over six decades from its foundation in mechanical engineering to its growth into electrical and instrumentation servicing, followed by its step-change advancement through technology in 1990, when the team designed calibration software that revolutionized the world of precision, automated calibration management. The CompuCal Calibration & Maintenance Orchestration Platform is used worldwide for calibration & maintenance workflow management, certificate & report generation, and audit readiness with compliance and validation at its core, through one system. CompuCal",info@compucalsolutions.com,+353 21 4524682,https://compucalcalibrations.com,"Unit 1, Ground floor, Ascon House, Euro Business Park, Little Island, Cork, T45 DP63, Ireland, Republic of",Ireland,
Crane Limited,429,,,,https://datacentres-ireland.my.miramedia.net,United Kingdom « Back,,
Crane Worldwide Logistics,124,"Crane Worldwide Logistics is a global supply chain partner specialising in complex, high-value logistics, including data centre infrastructure and technology deployments. Founded in 2008 and headquartered in Houston, the company operates over 150 locations across 30+ countries, delivering scalable, end-to-end solutions. Its capabilities span multi-modal freight, secure warehousing, customs brokerage, and project logistics—designed to support time-critical, high-specification environments. Leveraging advanced digital platforms for real-time visibility and analytics, Crane enables efficient coordination of hyperscale and colocation projects. With deep expertise in handling sensitive, high-tech equipment, Crane ensures reliability, precision, and supply chain resilience for the rapidly evolving data centre sector. «",info@craneww.com,,https://craneww.com,"Unit N4, Horizon Logistics Park, Harrison, Swords, Co. Dublin, K67 A4C6, Ireland, Republic of",Ireland,
Crestchic Loadbanks,427,"Crestchic manufactures AC & DC loadbanks to provide accurate and stable electrical test loads for the commissioning and maintenance of emergency power systems. With sales and rental teams in the UK, North America, Singapore, France, Belgium, Germany, and Dubai, Crestchic is the largest load bank specialist in the world.  Resistive loadbanks from 20kW to 7000kW  Resistive-reactive from 50kVA to 6250kVA  Medium voltage loadbanks to 36kV  DC loadbanks for battery discharge testing  Heat load testing for data centres «",sales.uk@crestchic.com,+44 (0) 1283 531 645,https://crestchicloadbanks.com,"Second Avenue, Centrum 100, Burton on Trent, DE14 2WF, United Kingdom",DE14 2WF,
Cronin Group,126,"Cronin Group are specialist data centre logistics providers, trusted by leading operators and technology companies across Ireland. We help customers reduce downtime, improve operational efficiency, and safely manage critical infrastructure moves in live environments. Our services include delivery, offload and final positioning of new server racks and batteries, secure transport of decommissioned racks, white glove final mile delivery, and specialist logistics support for upgrades, retrofits, and migrations. With experienced crews, RAMS-driven planning, and specialist equipment, we deliver safe, compliant, and precision-focused solutions for mission-critical projects. «",info@croningroup.ie,+353 (0) 1 809 7000,https://croningroup.ie,"Damastown Way, Damastown Industrial Park, Dublin 15, D15 R67X, Ireland, Republic of",Ireland,
Cross-Guard DCS Ltd,302,"As a leading supplier of data centre and security solutions across the globe, Cross-Guard specialises in supply and installation of cold and hot aisle containment, data racks, modular caging, and ventilated server safes, as well as security grilles, bars and cages for the domestic and commercial markets. «",sales@cross-guard.com,+44 (0)20 4513 5452,https://cross-guard.com,"Unit 11, Dunlop Way, Queensway Industrial Estate, Scunthorpe, North Lincolnshire, DN16 3RN, United Kingdom",DN16 3RN,
CSS Support Systems,117,"CSS are celebrating 25 years of business in the cable protection and support system market. From our depots in Warrington, Glasgow and a large 30,000 sqft manufacturing depot in West Bromwich, we work through distribution partners in Eire, the Nordics and Europe. Our products include Strut, Conduit, Fixings, Rod, and other items such as complimentary Cable Tray and Wire Basket Tray. We ensure that all our products conform to the relevant standards and operate a Quality Management System ISO 9001:2015. We pride ourselves in providing a total engineered solution «",sales@csslimited.com,+44 (0) 1925 850333,https://csslimited.com,"16 Bridge Road, Woolston, Warrington, WA1 4AT, United Kingdom",WA1 4AT,
CUBIC-Modulsystem A/S,312,A Unified Power Distribution Solution for Data Centers Imagine a modular switchboard system that fits perfectly in Data Center environments – one that offers unparalleled flexibility to support any low-voltage distribution requirements. One that integrates components from most major suppliers while complying with international standards. This is the essence of the CUBIC Modular System: a unique modular solution that provides the robust and reliable infrastructure essential for the success of mission-critical Data Centers. Reliable Performance Minimize downtime and footprint with proven modular technology and expand as your data center grows. Certified Compliance Tested and verified by leading third-party laboratories for ensured compliance with the IEC 61439 series. «,cubic.infoirl@rockwellautomation.com,+353 (0) 1 6215288,https://cubic.eu,"Parkwest Industrial Park, Dublin 12, D12 NH50,",Dublin 12,
Day Wireless Systems Ltd – Sigma Wireless,453,"Sigma Wireless was formed in 1991 and are based in Dublin. In 2025, Sigma Wireless joined forces with Day Wireless Systems – a leading US based critical communications provider. We specialize in providing resilient, scalable wireless solutions for Data Centers and Critical Infrastructure on projects worldwide. Our expertise includes: • Designing, deploying, and managing wireless and two-way radio systems • Private 4G and 5G cellular networks enabling secure, low-latency communications for smart operations, remote management, and autonomous systems. • Active and Passive Distributed antenna systems (DAS) and radio frequency (RF) deployments • Indoor/outdoor coverage and integrated systems for Tier III+ facilities and edge deployments Our solutions are tailored to ensure always-on, secure communication networks, making them a key partner for modern data center operations. «",sales@sigma.ie,+353 1 8142000,https://sigmawireless.com,"McKee Avenue, Finglas, Dublin, D11 PH2A, Ireland, Republic of",Ireland,
DGD Shredding & Technology,352,"DGD Technology specialises in IT Asset Disposal, certificated data erasure, hard drive destruction, IT repurposing, and lifecycle services. We offer on-site and off-site destruction solutions which ideally suit the needs of Data Centres. Our commitment to data protection and environmental responsibility ensures that confidential data is destroyed in accordance with the highest standards. DGD Technology's extensive, specialised fleet provides nationwide services, including secure shredding of hard drives, RAM, PCs, mobile phones, USBs, laptops, and tablets. DGD Shredding is the winner of the Green Business of the Year at the Green Awards 2024. «",sales@dgdtechnology.ie,+353 (0)1800 491 333,https://dgdtechnology.ie,"Bay M1, Raheen Business Park, Limerick, V94 ED34, Ireland, Republic of",Ireland,
DHL Global Forwarding,250,"DHL Global Forwarding is the freight forwarding division of DHL Group, specialising in air, ocean, and road transport. It helps businesses move goods internationally, offering end to end logistics, customs expertise, and supply chain solutions across 220+ countries and territories. «",ie.dgfcommunications@dhl.com,+353 (0) 1 8162000,https://dhl.ie,"Cedar Drive, Dublin Airport Logistics Park, St Margarets, Dublin, K67 R970, Ireland, Republic of",Ireland,
Digital Infrastructure Ireland,712,"Digital Infrastructure Ireland is a community of global and Irish companies with a collective interest in raising awareness of the unique role Ireland plays in digital infrastructure around the world. With more than 50 partners across the digital infrastructure ecosystem, Digital Infrastructure Ireland operates under a spirit of success through collaboration. Market competitors come together with an action-oriented mentality to promote Ireland as a trusted centre of data excellence. For more information about Digital Infrastructure Ireland, visit https://www.digitalinfrastructure.ie/ «",,,https://digitalinfrastructure.ie,"The Mews, Eagle Valley, Enniskerry, Wicklow, Ireland, Republic of",Ireland,
dormakaba,538,"dormakaba is a global leader in access solutions, helping people move safely and securely through buildings and spaces every day. With a comprehensive portfolio spanning door hardware, electronic access control, automatic doors, entrance systems, time and attendance, and digital access solutions, dormakaba supports customers across commercial, healthcare, education, hospitality, transport and other sectors. Combining innovative technology with decades of expertise, the company delivers solutions that enhance security, convenience, accessibility and efficiency. With a strong focus on sustainability and customer needs, dormakaba works closely with architects, specifiers, partners and end users to create smarter, safer and more connected environments. «",info.ie@dormakaba.com,+353 (0) 1 295 8280,https://dormakaba.ie,"Unit 9, 2050 Orchard Avenue, Citywest Business Campus, Dublin 24, D24 R98E, Ireland, Republic of",Ireland,
Dycem Data Centres,454,"Dycem provides reusable floor-level contamination control solutions designed to protect critical data center environments. Dust, fibers and charged particles can enter through foot and wheeled traffic before migrating into racks, cooling systems and sensitive equipment. Dycem’s polymeric mats capture and retain up to 99.9% of foot and wheel-borne contamination at key entry points and transitions, helping prevent particulate from travelling deeper into the facility. Available as installed and portable solutions, Dycem provides a long-lasting alternative to disposable sticky mats and supports the ISO 14644-1 Class 8 cleanliness levels specified for the installation of sensitive computing equipment. «",datacenters@dycem.com,,https://dycemdatacenters.com,"Units 2-4, Ashley Trading Estate, Bristol, BS2 9BB, United Kingdom",BS2 9BB,
EAE Electric,413,"The journey of EAE began in 1973. EAE’s mindset has always been to design and manufacture products and systems to make the processes, easier, more reliable and more cost effective for customers. EAE Electric focus on the design, manufacture and sales of electrical energy distribution systems. Its product groups include Busbar Systems, Cable Tray Systems, Fit-out Solutions and Support Systems. With sustainable growth, product development, and new horizons in mind, EAE invests in new technologies, manufacturing facilities, companies and human resources. Our distributors and system partners provide products and services in more than 100 countries. 100 words The journey of EAE began in 1973. EAE’s mindset has always been to design and manufacture products and systems to make the processes, easier, more reliable and more cost effective for customers. EAE Electric focus on the design, manufacture and sales of electrical energy distribution systems. Its product groups include Busbar Systems, Cable Tray Systems, Fit-out Solutions and Support Systems. With sustainable growth, product development, and new horizons in mind, EAE invests in new technologies, manufacturing facilities, companies and human resources. Our distributors and system partners provide products and services in more than 100 countries. «",info@eaegroup.com,+90 (212) 866 20 00,https://eaeelectric.com,"Akcaburgaz Mahallesi, 3114. Sokak,, No: 10, 34522, Esenyurt, Istanbul, Turkey",Istanbul,
ECO-eNET & CONNECT Centre,238,"The ECO-eNET project brought together academic and industry partners to develop a more efficient, flexible and resilient network architecture for 6G. The project explored how optical, radio and free-space transmission technologies could be integrated within a unified edge network, supporting high-capacity, low-latency connectivity. Researchers developed intelligent monitoring and control systems to coordinate wired and wireless infrastructure, optimise energy use and enable flexible processing across the network. AI-based orchestration was also investigated to improve edge computing and network management. ECO-eNET’s research provides a foundation for future communications networks capable of meeting growing demands for capacity, sustainability, efficiency and robustness. «",eco-enet@connectcentre.ie,,https://eco-enet.eu,"Trinity College Dublin,",,
Edina Ltd (Dublin),349,"With over 40 years of experience, Edina is a leading specialist in engineering, installing, and maintaining resilient on-site power generation and battery energy storage systems (BESS). We deliver integrated energy solutions that reduce costs, enhance reliability, and accelerate the transition to sustainable operations. Our comprehensive service portfolio includes: • Low-Carbon & Hydrogen-Ready Generation: As an authorised distributor for MWM's hydrogen-enabled gas engines, we provide future-proofed power generation. • Battery Energy Storage Systems (BESS): We deliver end-to-end EPC solutions that stabilise energy supply, reduce costs, and unlock new revenue streams. • HVO Standby Generation: Ensuring critical backup power with an immediate reduction in carbon emissions. • EPC and Balance of Plant: A full turnkey service, from feasibility and design to construction and commissioning. • Co-location & Microgrids: Integrating multiple technologies to create intelligent, efficient, and self-sufficient energy systems. We offer a complete package for data centres and other critical infrastructure, ensuring energy resilience while supporting your journey to sustainability. «",info@edina.eu,+353 (0) 1882 4800,"https://edina.eu company profile with over 40 years of experience, edina is a leading specialist in engineering, installing, and maintaining resilient on-site power generation and battery energy storage systems (bess). we deliver integrated energy solutions that reduce costs, enhance reliability, and accelerate the transition to sustainable operations. our comprehensive service portfolio includes",,,
EJ,134,"EJ supports Data Centre projects across Europe and the Nordics with engineered access and underground infrastructure solutions. Working alongside hyperscale operators, consultant engineers and contractors, we provide the technical expertise, product innovation and supply chain reliability needed to deliver critical infrastructure from design through to project completion. «",ireland.marketing@ejco.com,+353 (0) 57 912 3100,https://ejco.com,"Roscrea Road, Birr, Co . Offaly, R42 X009, Ireland, Republic of",Ireland,
Eland Cables,310,"Eland Cables is relied upon to provide our quality products, technical expertise, and tailored services in support of hyperscale Data Centre projects worldwide. We’re power cable experts, working with electrical engineering houses to help hone specifications and regulatory requirements, before supporting every stage of project delivery. Our extensive portfolio of national, European and international standard cables are tested for quality and compliance in our ISO/IEC-17025 & IECEE-CBTL accredited laboratory, before being delivered by our own FORS-Gold fleet. We’re sustainability focused too, so talk to us about your project needs and how we can help. «",projects@elandcables.com,+44 (0) 20 7241 8518,https://elandcables.com,"10 Jamestown Road, London, NW1 7HW, United Kingdom",NW1 7HW,
ElectroRoute Energy Trading Limited,713,"ElectroRoute, a wholly owned subsidiary of Mitsubishi Corporation, is a renewables focused energy trading and services company. We are dedicated to turning the vision of net zero into a tangible reality. ElectroRoute recognises the complications clients face in navigating their energy and decarbonisation targets. We are nimble and can work with clients to determine the most suitable options. Using our combined experience and knowledge in market systems, commodity trading and renewable asset trading, we can provide tailored products which address a broad spectrum of challenges, delivering solutions for our corporate clients. Our trading platform supports multi-asset portfolios that include CPPAs, GPAs, green certificate/carbon trading and more. «",info@electroroute.com,+353 (0) 16875700,https://electroroute.com,"2 Cumberland Place, Third Floor, Fenian Street, Dublin 2, D02H0V5, Ireland, Republic of",Ireland,
Emerson,724,"Emerson is a global technology and software leader powering critical national infrastructure and process industries worldwide, with deep expertise in automation, power management, and real-time software across the world's most demanding operating environments. Our portfolio spans power monitoring, thermal management controls, critical infrastructure automation, and software for real-time visibility. These capabilities are well suited to the evolving needs of hyperscale, colocation, and edge data centres, helping operators improve energy efficiency, optimise PUE, and build resilience as demand for compute capacity accelerates. Visit us at stand 724 to discuss your challenges and explore how Emerson can support your data centre needs. Learn more at https://www.emerson.com/en/corporate/industries/data-centers «",ireland.sales@emerson.com,+353 (0) 1 800 924 745,https://emerson.com,"Building 2200, Avenue 2000, Cork Airport Business Park, Kinsale Road, Cork, Ireland, Republic of",Ireland,
Emka (UK) Limited,112,"The EMKA GROUP is the world market leader for locking systems, hinges and sealings, which are used in cabinets and control cabinets for electronics and electrical engineering. EMKA is one of the leading global manufacturers of locking technology for Data Centres with electronic locking solutions that ensure the security and cooling of high-performance servers. «",emka@emka.co.uk,+44 (0) 2476 616 505,https://emka.co.uk,"Patricia House, Bodmin Road, Coventry, CV2 5DG, United Kingdom",CV2 5DG,
Enva,728,"At Enva, we support organisations maintain resilient, efficient, and sustainable operations through a range of specialist infrastructure, water and environmental solutions. From process, potable and wastewater systems including commissioning, maintenance and optimisation, to environmental monitoring , underground drainage and infrastructure maintenance and resource and waste recovery. Our services provide practical solutions to protect critical assets, support compliance, and reduce operational risk. We partner with facilities, operations, and engineering teams to identify, plan & deliver practical solutions that improve performance while supporting sustainability goals. Visit us at Data Centre Expo to learn how our experience and expertise can help optimise your site, enhance reliability, and support long-term operational success. «",info@enva.com,+353 (0) 57 867 8600,https://enva.com,"Clonminam Industrial Estate, Portlaoise, Co. Laois, R32 XD95, Ireland, Republic of",Ireland,
EPRI,547b,,,,https://europe.epri.com,,,
Erilyan,711,"Operating across Australia, Erilyan delivers the critical projects that shape Australia's future, projects that demand precision, reliability, and true partnership. With a team of more than 200 professionals, we specialise in Australia's critical sectors including data centres, healthcare, commercial, and other complex environments. We partner with clients who value collaboration, transparency, and a commitment to excellence, working together to deliver when it matters, The Erilyan Way. «",info@erilyan.com.au,+61 (0) 2 8188 0700,https://erilyan.com.au,"Level 3, 50 Miller Street, North Sydney NSW, 2060, Australia",2060,
Everest Technical Services,315,"Everest Technical Services was started by highly talented and experienced AEC professionals with a common goal of harnessing technology, design, and construction expertise to deliver high-quality projects, on optimised budgets and accelerated timelines. As a technology company, we couple construction data with decades of building experience to elevate virtual design and construction providing meaningful, accurate and actionable insights that enable owners, developers, and designers to make smarter, data-driven decisions. Clients leverage our BIM expertise (and solutions) to integrate best-in-class technologies with efficient workflows and engineering acumen to deliver data-rich, intelligent projects from concept design stage to enterprise-scale Digital Twin deployments. «",info@everestltd.ie,+353 (0)46 9437371,https://everestltd.ie,"Oaktree Business Park, Trim, Co. Meath, Ireland, Republic of",Ireland,
Everllence,221,"Everllence – Smarter energy solutions for your data center Formerly known as MAN Energy Solutions, Everllence empowers data centers to achieve true energy independence. Our modular and scalable energy systems – including CO₂-neutral solutions – deliver reliable, high-availability power for data centers of any size. With proven dual-fuel technology, we ensure fuel security and operational resilience, even during gas supply shortages. Our systems adapt precisely to your requirements, while our expertise in CO₂-neutral fuels supports ambitious sustainability targets. As a full-service partner, Everllence provides integrated solutions from a single source – from engineering and procurement to construction, operation, and maintenance (EPC & O&M). «",info@everllence.com,"+49 821 322 1499 (Service, 24hrs)",https://everllence.com,"Stadtbachstrasse 1, 86153 Augsburg, Germany",86153 Augsburg,
Exertis Ireland,717,"Exertis is the industry-leading distributor of technology products and specialist services in Ireland, serving the reseller, retailer and telco channels. As a global distributor of consumer, business and enterprise products, we provide a one-stop shop for all Data Centre requirements, offering a comprehensive portfolio of infrastructure, networking, security, power, storage and specialist technologies. Supported by a range of managed services and specialist expertise, Exertis helps partners design, build and deliver complete Data Centre solutions from a single, trusted distributor. «",ireland.info@exertis.com,,https://exertis.ie,"Unit 21, Fonthill Business Park, Dublin 22,",Fonthill Business Park,
Expeditors Ireland Limited,132,"Expeditors is a global logistics company headquartered in Seattle, USA with 20+ years of experience servicing data centres. We employ 18,000+ logistics professionals in 350 locations across 6 continents. Our core services include ocean, road, air forwarding, and global customs brokerage. Our dedicated teams and digital solutions allow for seamless transitions into new markets, with local pickup and delivery expertise. Our global network and integrated systems provide an added layer of control and visibility to all shipments. No matter what kind of data centre or asset recovery services your company needs, we can provide reliable, consistent, and secure end-to-end logistics services. «",dub-datacentres-ei@expeditors.com,+353 (0)1 856 8893,https://expeditors.com,"Unit 6, Horizon Logistics Park, Harristown, Swords, Co. Dublin, K67 WE09, Ireland, Republic of",Ireland,
Fingleton White,618,"Fingleton White provides engineering services to the energy industry throughout Ireland and the UK operating across multiple sectors including gas, onsite generation, CHP, biofuels and water. Since its establishment in 1981, Fingleton White has grown to be the leading provider of engineers and project managers to the energy sector. We are a key engineering service provider in the development of power generation, oil and natural gas infrastructure. We also provide clients with a comprehensive asset management service. We have managed, operated and maintained a fleet of gas turbines with over 2,200,000 hours of operating time at large energy user sites. «",info@fingleton.ie,+353 (0) 57 866 5400,https://fingleton.ie,"Bridge St Centre Portlaoise, Co Laois, R32 W0CC, Ireland, Republic of",Ireland,
Finning UK & Ireland,522,"Finning is the world’s largest Caterpillar® dealer, delivering expert support and reliable power solutions for over 90 years. In the UK & Ireland, Finning supplies high-performance Cat equipment and specialist electric power systems tailored to the demands of the data centre industry. From backup generators to low-carbon fuel options, Finning helps data centres stay resilient, efficient, and future-ready. Customers benefit from tailored service contracts, genuine Cat parts, and proactive maintenance solutions. Whether you're planning a new facility or upgrading existing infrastructure, Finning is your trusted partner for powering progress in the data centre sector. «",info@finning.com,+44 (0) 1543 461461,https://finning.com,"Watling Street, Cannock, Staffordshire, WS11 1SL, United Kingdom",WS11 1SL,
Flatley OSG,508,"Flatley OSG are a leading supplier of Smartvend Solutions and Vendor Managed Inventory Solutions in Ireland. We have been using Smartvending in our daily operations for over 20 years. We pride ourselves on the expertise and service we provide across a wide range of industries from Medical, Tech and Heavy Industry, supplying both Smartvend Units and Consumables ranging from Cutting Tools, PPE, Maintenance Consumables and more. With a dedicated Smartvending Team ready to advise and assist on any query. «",customerservice@flatleyeng.com,+353 (0) 1 450 4022,https://flatleyeng.com,"3300 Lake Drive, City West, D24 TD21,",City West,
Flowtech,439,"Flowtech provides a complete range of power, motion and control solutions to support you in delivering more energy-efficient, reliable, and sustainable data centres. We offer an extensive product range of proven data centre solutions in flow control, fluid conveyance and pipe systems enabling our data centre clients to maintain high uptime, avoid outrages and keep disruptions to a minimum. Partnering with the best leading global brands, providing excellence for over 40 years, and over 500+ talented employees across 19 European locations, Flowtech are here to support your data centre projects from conception to completion. «",datacentres@flowtech.ie,+353 (0) 87 7005605,https://flowtech.co.uk,"Unit 3B, Red Cow Business Park, Ballymount Road, Dublin 22, D22 KH72, Ireland, Republic of",Ireland,
FpMcCann,333,"FP McCann is the UK’s largest manufacturer and supplier of precast concrete solutions, delivering innovative off-site systems for complex construction projects across the UK and Ireland. For data centres, FP McCann provides a complete precast package, including foundations, walls, stair cores, lift shafts and hollowcore flooring. Manufactured in controlled factory environments, these solutions enable faster construction, enhanced quality, improved safety and greater programme certainty. Combined with advanced digital engineering, BIM expertise and DfMA principles, FP McCann helps deliver resilient, sustainable and future-ready data centre infrastructure. «",sales@fpmccann.co.uk,+44 (0) 2879 642 558,https://fpmccann.co.uk,"3 Drumard Road, Knockloughrim, Magherafelt, BT45 8QA, United Kingdom",BT45 8QA,
Galetech Group,143,"Galetech Group is an Irish-owned provider of integrated renewable energy and sustainability services, with over 25 years of experience delivering clean energy projects and sustainable communities. From our headquarters in the heart of Ireland, a team of more than 160 specialists serves clients across multiple jurisdictions and sectors. As a full end-to-end renewable energy services provider, we support projects throughout the entire asset lifecycle-from site identification, planning, and development through to construction, operations, asset management, and repowering. Our expertise extends to behind-the-meter energy solutions, where we integrate wind, solar, battery storage, and existing CHP assets to help organisations reduce energy costs, improve resilience, and accelerate their decarbonization goals. «",info@galetechgroup.com,+353 (0) 49 555 5050,"https://galetechgroup.com company profile galetech group is an irish-owned provider of integrated renewable energy and sustainability services, with over 25 years of experience delivering clean energy projects and sustainable communities. from our headquarters in the heart of ireland, a team of more than 160 specialists serves clients across multiple jurisdictions and sectors. as a full end-to-end renewable energy services provider, we support projects throughout the entire asset lifecycle-from site identification, planning, and development through to construction, operations, asset management, and repowering. our expertise extends to behind-the-meter energy solutions, where we integrate wind, solar, battery storage, and existing chp assets to help organisations reduce energy costs, improve resilience, and accelerate their decarbonization goals. « back",,,
Geberit,621,"Piping systems in data centres are subject to special and strict requirements due to the critical IT infrastructure they contain and their high sensitivity to temperature, humidity and operational safety. Geberit’s Industry team are experts in their field and will be on hand to showcase our new, innovative dual containment system. «",marketing.gb@geberit.com,+44 (0) 1926516800,https://geberit.co.uk,"Geberit Sales Ltd, Geberit House, Edgehill Drive, Warwick, CV346NH,",Warwick,
Güntner Data Center Solutions,149,"Güntner is a global leader in heat exchange and cooling solutions, supporting critical industries with reliable and efficient thermal management. Through Güntner Data Center Solutions, we help data centre operators, consultants and contractors address the growing demands of AI, cloud computing and high-density digital infrastructure. Working closely with customers from specification through operation, we deliver cooling solutions designed to protect uptime, improve energy and water efficiency, and support long-term sustainability goals. Combining advanced dry cooling, adiabatic technologies and intelligent controls, we provide the cooling certainty needed to enable resilient, future-ready data centre operations. «",info@guentner.com,+49 (0) 8141 242-0,https://guntner.com,"Hans-Güntner-Straße 2-6, 82256 Fürstenfeldbruck, Germany",82256 Fürstenfeldbruck,
H V Wooding Ltd,415,"H V Wooding Ltd is a UK-based precision manufacturer specialising in copper and aluminium busbars and power distribution components for high-current, mission-critical applications. Serving sectors including data centres, power systems, electrification and energy infrastructure, the company supports customers from prototype through to production. In-house capabilities include laser cutting, wire erosion, precision forming, electroplating and epoxy powder coating, enabling rapid turnaround and consistent quality. Manufacturing takes place at H V Wooding’s UK facility to ISO 9001:2015, ISO 14001:2015 and ISO 45001:2018 standards, supporting engineers and OEMs with reliable, scalable copper component solutions. «",sales@hvwooding.co.uk,+44 (0) 1303 264471,https://hvwooding.co.uk,"Range Road, Hythe, CT21 6HG, United Kingdom",CT21 6HG,
HARTING,501,"HARTING is a leading supplier of industrial connectivity technology for the three lifelines of data, signals, and power. Our pre-assembled cabling systems for data centres reduce costs and simplify installation. Our Han-Eco® connectors eliminate wiring errors and ensure critical power to data systems. They improve energy efficiency by up to 50% by minimising the power lost in connections, delivering huge cost savings. HARTING Customised Solutions, based at our Northampton facility, manufactures components tailored to your specific requirements. We design, build, and test a wide range of bespoke products such as UL and CE-marked cable assemblies, hoods, housings, and connectors. «",salesuk@harting.com,+44 (0) 1604 827500,https://harting.com,"51 Caswell Road, Brackmills Industrial Estate, Northampton, NN4 7PW, United Kingdom",NN4 7PW,
Helio Gas Detection,718,"Helio Gas Detection — your trusted partner for intelligent IRISH MADE gas detection safety systems. We specialise in the manufacture of high-quality, micro-processor-based gas detectors designed to monitor a wide array of gas hazards. Turnkey service, from design to install and service. 24/7/365 call out service, we manufacture so we always have spares on hand. «",sale@heliogd.com,+353 (0) 21 242 9448,https://heliogd.com,"3 Eastgate Way, Little Isaland, Co.Cork, T45 K660, Ireland, Republic of",Ireland,
HML Project Management,533,"HML – Powering Data Centre Delivery HML is your partner for data centre success. We bring the expertise, the teams, and the drive to deliver projects on time and to the highest standard. • Commissioning (CxP): Independent, rigorous testing so your critical systems perform from day one. • Project Management: Clear leadership and control across cost, schedule, and quality. • Electrical Installations: Skilled teams for LV and MV pods, ready to integrate and execute fast. With operations in Finland, the Baltics, Spain, and Portugal, we combine international reach with local delivery. Our clients trust us because we bring certainty, reduce risk, and keep projects moving. At HML, we don’t just manage projects—we make them happen. «",info@hmlire.com,+353 89 259 4260,https://hml.ee,"Temple Road, Newtown Blackrock, Temple House, Dublin, A94 Y5W5, Ireland, Republic of",Ireland,
Hosetech,121,"Hosetech is Ireland's leading supplier of technical hose assemblies.For the last 55 years Hosetech has been working at the forefront of industry in Ireland and across Europe, building recognition and strong expertise in data center cooling, construction, pharmaceutical, chemical processing, oil & gas,food and beverage sectors. With a full range of rubber compound hoses, flexible metallic hoses ,fluoropolymer hoses and wide range of end connections and quick disconnect fittings, Hosetech has the ability to meet all demands in the data center sector, backed by the support of a fully dedicated technical sales team across its 3 locations in Cork, Limerick and Dublin. «",sales@hosetech.ie,+353 (0) 214520600,https://hosetech.ie,"Euro Business Park, Little Island, Co. Cork, T45 CK07, Ireland, Republic of",Ireland,
Hutchinson,408,"Hutchinson Engineering delivers high quality steel fabrication, welded assemblies, and complex structural solutions that support the growing demands of the data centre sector. With extensive manufacturing capacity, advanced welding capabilities, in-house powder coating, and a commitment to quality, we help customers scale quickly while maintaining reliability, consistency, and performance. Visit us to discuss how our expertise can support critical infrastructure projects across the UK and Europe. «",enquiries@hutchinson-engineering.co.uk,+44 (0) 28 295 40302,https://hutchinson-engineering.co.uk,"58a Drumagarner Road, Kilrea, Coleraine, BT515TE, United Kingdom",BT515TE,
IFM Data,709,"IFM is an established Irish distributor specialising in fluid transfer, hydraulic systems and industrial components. With extensive experience supplying hoses, couplings, adaptors, filtration and lubrication products, we provide reliable solutions to demanding industries where performance and system integrity are essential. In partnership with Gates, we have expanded our expertise into the data centre sector, exploring innovative liquid-cooling solutions designed to support the increasing thermal demands of modern high-density computing environments. Combining Gates’ global product expertise with IFM’s local knowledge, technical support, extensive stockholding and distribution capabilities, we aim to provide dependable fluid-management solutions for the next generation of data centre infrastructure. «",sales@ifm.ie,+353 (0) 42 938 2914,https://ifm.ie,"Mullins Cross, Dunleer, Co.Louth, A92 C8YC, Ireland, Republic of",Ireland,
ifm electronic (Ireland) ltd,311,"ifm is a world market leader in sensor technology and a pioneer in Industry 4.0. Since 1969, ifm has developed, produced, and sold sensors, controllers, software, and systems for industrial automation worldwide. We provide innovative Industry 4.0 solutions, digitising the value chain “from sensor to ERP,” with holistic control options for efficiency and cost optimisation. ifm products offer the highest precision and reliability, backed by a 5-year warranty on standard hardware. As a reliable partner, we offer continuous support and expertise, ensuring confidence in ifm as the right choice for your automation goals. «",sales.ie@ifm.com,+353 (0) 1 461 3200,https://ifm.com,"Unit 7, The Courtyard, Kilcarbery Business Park, New Nagor Road, Clondalkin, D22 WT44, Ireland, Republic of",Ireland,
INNIO Group – Jenbacher Solutions,525,"INNIO Group is a leading energy solution and service provider that empowers industries and communities to make sustainable energy work today. With its Jenbacher and Waukesha product brands and its AI-powered myplant digital platform, INNIO Group offers innovative solutions for data center power infrastructure, distributed power generation, and compression applications. With its flexible, scalable, and resilient energy solutions and services, INNIO Group enables its customers to drive the energy transition across the energy value chain and helps ensure reliable energy supply even where the grid is not available. For more information, visit INNIO Group’s website at innio.com «",contact.en@innio.com,+43 (0) 5244 600,https://innio.com,"Achenseestrasse 1-3, 6200 Jenbach,",Achenseestrasse 1-3,
Insulated Chimneys Ltd,330,"Insulated Chimneys is the market leader in the Design, Manufacture and Installation of commercial and industrial flues and exhaust systems in new and refurbished buildings. Our twin wall, fully insulated systems, which are fully tested in accordance with EN1366-13 standards, are the product of choice for Data Centres and major industrial projects. Insulated Chimneys works with all the major Engine and Boiler manufacturers and has considerably expanded its international reach over the last 2 years. «",info@insulatedchimneys.com,+ 353 (0) 46 95 58123/112,https://insulatedchimneys.com,"Unit 5 B Summerhill Enterprise Ctr.,, Summerhill, Co. Meath, A83 T322, Ireland, Republic of",Ireland,
International Warehousing & Transport Ltd (IWT),730,"International Warehousing and Transport (IWT) is a privately owned Irish logistics and supply-chain partner. With operations in Dublin, Ballina, Rotterdam and Hamburg, IWT delivers tailored 2PL, 3PL and 4PL solutions for customers operating in demanding global markets. Its services include road, rail, sea and air freight, warehousing, customs clearance, project cargo and supply-chain consultancy. IWT combines international reach with direct, personal service and proven operational expertise. Accredited to AEO, ISO 9001, ISO 14001 and GDP Passport standards, IWT makes complex supply chains work every day - with intelligent logistics, decisive people and a commitment to moving business forward. «",info@iwt-irl.com,+353 1 8801800,https://iwt-irl.com,"Block 10-5, Blanchardstown Corporate Park 1, Ballycoolin, Dublin 15, D15 PX4D, Ireland, Republic of",Ireland,
IPS Flow Systems,209,"IPS Flow Systems is a specialist supplier of high performance plastic piping systems, valves, and flow solutions, supporting critical infrastructure across the UK and Ireland. In the data centre sector, we work closely with contractors, designers, and operators to deliver reliable, high quality systems that support uptime and performance. Our expertise spans cooling networks, chemical handling, and drainage, with solutions designed for durability, corrosion resistance, and ease of installation. Backed by strong technical knowledge, trusted partnerships, and a responsive service model, IPS Flow Systems is a dependable partner for delivering efficient, compliant, and future ready data centre infrastructure. «",sales@ipsflowsystems.com,+44 (0) 191 5213111,https://ipsflowsystems.com,"Seaham Grange Industrial Estate, Seaham, Durham, SR7 0PT, United Kingdom",SR7 0PT,
James Engineering Constructions Ltd,337,"With almost 80 years of engineering excellence, James Engineering is a trusted UK specialist in steel fabrication for critical infrastructure. We provide fully CE-accredited design, fabrication and global installation services, delivering bespoke modular systems, generator support steelwork, chimneys & flue ducting, tanks and structural steel solutions for the data centre sector. Certified to EN 1090 Execution Class 4 (EXC4), we manufacture safety-critical fabrications to the highest quality standards. Our experienced team delivers precision-engineered solutions with the reliability, quality and expertise demanded by data centre projects worldwide. 100 words With almost 80 years of engineering excellence, James Engineering is a trusted UK specialist in steel fabrication for critical infrastructure. We provide fully CE-accredited design, fabrication and global installation services, delivering bespoke modular systems, generator support steelwork, chimneys & flue ducting, tanks and structural steel solutions for the data centre sector. Certified to EN 1090 Execution Class 4 (EXC4), we manufacture safety-critical fabrications to the highest quality standards. Our experienced team delivers precision-engineered solutions with the reliability, quality and expertise demanded by data centre projects worldwide. «",sales@jamesengineering.co.uk,+44 (0) 1773 832425,https://jamesengineering.co.uk,"Wood Street North, Meadow Lane Industrial Estate, Alfreton, Derbyshire, DE55 7JR, United Kingdom",DE55 7JR,
James Quinn Transport,503,"Established in 1983, James Quinn Transport (JWQ European Ltd) has built a reputation as one of Ireland's leading specialists in heavy haulage and logistics. Based in Grenore, County Louth, the company provides tailored transport solutions for oversized, out-of-gauge, and heavy plant equipment throughout Ireland, Europe, and beyond. Its comprehensive services include international heavy haulage, abnormal load transport, project cargo movements, export preparation, machinery storage, and specialist logistics support. Operating a modern fleet of Low-deck/ Wafer deck trailers, extendable low loaders, semi-low loaders, trombone trailers, flat trailers and euroliners, James Quinn Transport is equipped to handle even the most complex transport requirements. Backed by over four decades of industry experience, the company possesses unrivalled knowledge of European transport regulations, permit management, route planning, and cross-border logistics. This expertise enables James Quinn Transport to provide customers with safe, reliable, and efficient transport solutions, delivering exceptional service and peace of mind across every stage of the journey. «",traffic@jamesquinntransport.com,+353 (0) 42 9373767,"https://jamesquinntransport.com company profile established in 1983, james quinn transport (jwq european ltd) has built a reputation as one of ireland's leading specialists in heavy haulage and logistics. based in grenore, county louth, the company provides tailored transport solutions for oversized, out-of-gauge, and heavy plant equipment throughout ireland, europe, and beyond. its comprehensive services include international heavy haulage, abnormal load transport, project cargo movements, export preparation, machinery storage, and specialist logistics support. operating a modern fleet of low-deck",,,
Johnson Controls,722,"Johnson Controls draws upon hundreds of successful data centre projects worldwide to address the industry’s most pressing challenges: adapting to rapid technological change, sourcing products and services reliably across the globe, and meeting demanding local requirements. Our advanced thermal management, controls, security and fire protection systems are designed to address these challenges, accelerating deployment, improving efficiency and ensuring reliable operations. Supported by scalable manufacturing and service capabilities, we provide seamless assistance at both global and local levels, enabling data centres to launch quickly and operate at peak performance anywhere in the world. «",bts-emea-insidesales@jci.com,+44 (0)1462 667805,https://johnsoncontrols.com,"Johnson Controls, Tyco Park Grimshaw Lane, Manchester, M40 2WL, United Kingdom",M40 2WL,
Kuehne + Nagel,457,"With more than 88,000 employees across over 1,300 sites in close to 100 countries, the Kuehne+Nagel Group is one of the world’s leading logistics providers. Headquartered in Switzerland and listed on the Swiss blue-chip stock market index, the SMI, it is the global number one in Air and Sea Logistics and holds strong market positions in Road and Contract Logistics. Supporting around 400,000 customers worldwide, the Group draws on its global network, logistics expertise, and data-driven insights to deliver end-to-end supply chain solutions for global companies and industries. Learn more about our services at kuehne-nagel.com/ie «",,,https://datacentres-ireland.my.miramedia.net,,,
Kyte Powertech,436,"Kyte Powertech is a leading manufacturer of high-quality distribution transformers, proudly serving the energy and infrastructure sectors across Ireland, the UK, and beyond. With over 50 years of expertise, we specialise in designing and producing efficient, reliable, and sustainable transformer solutions tailored to our clients’ needs. Our commitment to innovation, quality, and sustainability has positioned us as a trusted partner in the evolving energy landscape. Based in Cavan, Ireland, we are proud to be part of The R&S Group, a network of companies dedicated to delivering advanced power products and services across international markets. Visit us at Stand 211. «",info@kytepowertech.com,+353 (0) 49 433 1588,https://kytepowertech.com,"Dublin Road, Cavan, H12 KV20, Ireland, Republic of",Ireland,
Legrand,405,"Legrand stands as a steadfast ally in the data center realm, boasting over three decades of specialized experience. In the recent decade, through strategic acquisitions, we've significantly broadened our product range and deepened our expertise, positioning us to offer comprehensive, cutting-edge solutions. Amidst the fast-paced evolution of data centers, driven by the surge in AI and IoT technologies, Legrand consistently leads the charge—embracing innovation, adapting with agility, and establishing robust partnerships to address the shifting demands of this dynamic industry. «",gb-ldn-sm-di-bu@legrand.co.uk,+44 (0) 20 7090 1390,https://legrand.com,"20 Great King Street North, Birmingham, B19 2LF, United Kingdom",B19 2LF,
Lighthouse Worldwide Solutions,547a,"Founded in 1982, Lighthouse Worldwide Solutions is the world’s leading supplier of real time environmental monitoring hardware and software systems. The company supports Data Centres by monitoring temperature, humidity, air velocity, pressure, & particles to ISO 14644 standards as well as liquid particle counting for liquid cooling applications, among other data centre specific applications. «",ireland@golighthouse.com,+353 (0) 21 212 8012,https://golighthouse.com,,,
Lindapter International,235,"Lindapter provides a unique range of approved steelwork solutions for overcoming challenging steel-to-steel connections. Our products are used extensively around the world and are the ideal solution for Data Centre projects, with no site welding or drilling required. Whether securing ceiling grids, multi-tier pipe supports, containment aisle modules, MEP services, steelwork or steel flooring in new build or refurbishment projects Lindapter has a proven, accredited and safe connection solution. If you are a data centre client, contractor or specifier then your projects and installations could benefit from Lindapter innovative steelwork clamping systems that provide a faster, safer and more cost-effective alternative to drilling or welding. «",enquiries@lindapter.com,+44 (0) 1274 521444,https://lindapter.com,"Lindsay House, Brackenbeck Road, Bradford, West Yorkshire, BD7 2NF, United Kingdom",BD7 2NF,
Lister Machine Tools Ltd,620,"Lister Machine Tools is a leading supplier of advanced sheet metal and CNC manufacturing solutions across Ireland and Northern Ireland. Partnering with world-class manufacturers like TRUMPF, we deliver high-performance machinery backed by strong local service and applications support. Our focus is on helping manufacturers improve productivity, reduce cost per part, and integrate digital workflows across their operations. With extensive industry experience and a consultative approach, we support customers from initial concept through to installation, training, and ongoing optimisation. «",samuel.savage@listermachinetools.com,+353 (0) 1 450 8866,https://listermachinetools.com,"Lister Machine Tools Limited, Bluebell Industrial Estate, D12 W6DV, Ireland, Republic of",Ireland,
Maine Group,328,"Maine Group are industry market leaders and well known for specialist fabrication, surface finishing, full assembly and installation throughout the UK and Ireland. With over 45 years’ expertise we have experienced significant growth becoming a strategic supply chain partner to numerous industries, in particular Power Generation and Structural Steel. Current products supplied to the Datacentre sector include: bunded fuel tanks, structural steel, modular plant rooms, access platforms and onsite inspection and refurbishment of existing equipment. «",info@maine-sf.com,+44(0) 28 7032 0010,https://mainegroup.co.uk,"Unit 5 Wattstown Business Park, Coleraine, BT52 1BS, United Kingdom",BT52 1BS,
Mapei,313,"Mapei is one of the world’s leading manufacturers of chemical products for the building industry, with people and innovation at its core. It provides products for the building envelope, from basement to roof, and systems for the installation of interior floor and wall coverings. Founded in 1937 in Milan, Mapei has contributed to the construction of some of the most important architectural and infrastructural works worldwide. Today, it has 98 subsidiaries operating in 59 countries, and 106 manufacturing plants in 42 different nations. The foundations for the success of the company are specialisation, internationalisation, research & development and sustainability. «",info@mapei.co.uk,+44 (0) 121 508 6970,https://mapei.com,"Mapei UK Ltd, Mapei House, Steel Park Road, Halesowen, West Midlands, B62 8HD, United Kingdom",B62 8HD,
McCauley Daye O’Connell Architects Limited,130,,,,https://kildarecoco.ie,,,
MCT Brattberg Ltd,129,"Protect your Data Centre with MCT Brattberg’s world-class cable and pipe penetration seals. Designed to safeguard against fire, water ingress, hazardous chemicals, and gas leaks, our precision-engineered transits ensure uninterrupted operations and maximum safety for your critical infrastructure. With a proven track record since 1759, we offer tailored solutions, quick installation, and a “fit and forget” design that eliminates the need for rework. Backed by rigorous testing certifications and compliance with ATEX, IECEx, EMC, EMP, and EMI standards, our products provide cost-effective insurance against life-threatening hazards. MCT Brattberg will reliably secure your Data Centre, protecting asset investment & continued operations. «",sales@mctbrattberg.co.uk,+44 (0) 1706 244890,https://mctbrattberg.co.uk,"Commerce Street, Carrs Industrial Estate, Haslingden, BB4 5JT,",Haslingden,
Mi Flues Limited,433,"Mi Flues Ltd is an Irish owned company. Manufacturing in Ireland since 1988. We operate from our premises in Co. Meath. We are ISO9001:2015 accredited and all our products are fully CE marked. Because we design and manufacture quality Commercial Flues we can:- -Provide custom solutions. -Custom make components -On site measure up and support. -Install by our fully insured and qualified installation team. -Provide a maintenance service to ensure flues are kept to correct standards. Some of our Commercial Installations - Intel, Amgen, Google, Centre Parc’s, Guinness, HSE, OPW and Government Departments «",commercial@miflues.ie,+353 (0) 46 955 8030,https://miflues.ie,"Unit 5 & 6 Enterprise Centre, Summerhill, Co Meath, A83 F348, Ireland, Republic of",Ireland,
Mitros,505,"Mitros is one of Ireland's leading renewable energy engineering companies, delivering innovative solar PV, battery energy storage and energy infrastructure solutions across the domestic, commercial, agricultural and utility sectors. From homeowners and farms to businesses and large-scale utility developments, our experienced team provides complete project delivery, including design, engineering, procurement, installation, commissioning and ongoing maintenance. With a focus on quality, safety and innovation, Mitros helps customers reduce energy costs, improve energy independence and achieve their sustainability goals. Operating across Ireland, we are committed to delivering reliable renewable energy solutions that power a cleaner, more sustainable future. «",info@mitros.ie,+353 (0) 6267005,https://mitros.ie,"Doneskeagh, Tipperary, E34 RX89, Ireland, Republic of",Ireland,
Monaghan Freight Ltd,531,"Monaghan Freight Ltd are a family owned and run the business with our core values encompassed in our team, clients and partners. We aim to guarantee you a friendly, efficient and professional service. Specialising in providing a professional range of transportation services in and around the UK, Ireland and Europe. We also offer global shipping and airfreight of all kinds of cargo around the world. We utilise a comprehensive range of specialist vehicles, trailers and lifting equipment to ensure that we can offer the very best service to our clients.Contact Us today and let us make the moving of your freight an easy, safe and cost effective process. «",info@monaghanfreightltd.com,+44 (0) 28 89541 918,https://monaghanfreightltd.com,"19 Creagh Road, Tattykeeran, Tempo, Co. Fermanagh, BT94 3FW, United Kingdom",BT94 3FW,
Naficon,414,"30 years of experience in the manufacturing of fiber optic network termination products. We are one of the leading operators in the fiber industry in Finland, and you can get high-quality products from us for all your company's needs. «",naficon@naficon.fi,+358 (0) 20 835 1662,https://naficon.fi,"Lahdentie 7D, Finland",Lahdentie 7D,
Natural Power,251,"Natural Power is an independent consultancy and service provider that supports a global client base in the effective delivery of a wide range of renewable projects including solar, onshore wind, energy storage, renewable heat and offshore technologies. It has a global reach, employing more than 500 staff across 13 international offices. Its experience extends across all phases of the project lifecycle from initial feasibility, through construction to operations and throughout all stages of the transaction cycle. «",sayhello@naturalpower.com,+44 (0) 1644 430 008,https://naturalpower.com,"The Green House, Forrest Estate, Dalry, Castle Douglas, DG7 3XS, United Kingdom",DG7 3XS,
Netceed,301,,,,https://netceed.com,,,
Niedax CMS Ltd,214,"Niedax CMS (Cable Management Systems) is part of the Niedax Group, one of the world largest cable tray manufacturers. 2023 marks 20 years of Niedax entering the Irish market. Niedax CMS was involved in Data Centres almost from day one with their Irish customers. The Niedax Group has a portfolio of 50,000 products, which includes everything needed to support electrical installations. Niedax CMS are a subsidiary responsible for the Irish & UK market but follow their clients all over the world. Data Centres all over Europe as far as the arctic circle have been serviced from Tralee, Kerry, Ireland. «",norma@niedax.ie,+353 (0) 66 7128701,https://niedax.ie,,,
NKT Cables Group A/S,407,,,,https://datacentres-ireland.my.miramedia.net,,,
OFS Oilfield Solutions Ltd,519,"OFS is an Irish-owned global leader in delivering Operation and Maintenance solutions, turbomachinery expertise, and rotating equipment services to the datacentre segment. For over 20 years, we have offered a comprehensive range of services, including rotating equipment field service, installation and commissioning, lifecycle management and facility operations and maintenance. With extensive experience in power plant management, we are a trusted partner in the energy transition, providing crucial support to data centres worldwide. Our team of world-class gas turbine and rotating equipment specialists is dedicated to ensuring long-term reliable and efficient facility operations. Discover how we can help optimise your data centre operations! «",enquiry@ofsl.com,+353 45 409912,https://ofsl.com,"Chestnut House, Millennium Park, Naas, Co. Kildare, W91 FH6T, Ireland, Republic of",Ireland,
Ohk Energy,204,"Ohk Energy delivers end-to-end consultancy, engineering and delivery services for grid-scale and large commercial renewable energy projects. Our multidisciplinary team of planners, environmental specialists and engineers provide feasibility studies, planning guidance, ecological assessments, mechanical and electrical design, energy storage specification and full project management support. We specialise in utility-scale solar PV, large-scale battery energy storage systems, advanced grid connection solutions and grid stability services. Our expertise also extends to DS3 market access, frequency regulation, grid balancing and energy storage revenue optimisation. By partnering with Ohk Energy, clients gain access to in-house technical expertise across every stage of a project, from early-stage assessment through to installation, commissioning and long-term operation. We support organisations looking to future-proof energy infrastructure, strengthen grid resilience and maximise long-term returns. «",info@ohkenergy.com,+353 (0) 818470928,https://ohkenergy.com,"The Ridge, Mc Grath Road, Castleblayney, Co. Monaghan, A75 WY97, Ireland, Republic of",Ireland,
On-Site Energy,249,"On-Site Energy exists to help energy-intensive companies in Ireland and beyond reduce costs, cut carbon emissions, and enhance energy security. Our work is driven by a clear goal: to help Irish, EU and UK industry become more resilient and competitive through sustainable energy solutions. Through the design, build, operation, and maintenance of tailored energy solutions, our fully funded behind-the-meter generating assets - combined with energy efficiency improvement projects delivered on site - enable you to focus your own capital on your core business. We have delivered and continue to manage over €170m of assets currently in operation, construction or development. «",sales@on-site.energy,+353 16972631,https://on-site.energy,"1 Old Hall St, Liverpool, L3 9GH, United Kingdom",L3 9GH,
OpenSpace,356,"OpenSpace is the Visual Intelligence Platform for builders. When teams lack a clear picture of the reality of their jobsites, decisions slow and work gets behind schedule. OpenSpace changes that: seamlessly capture the site with smartphones, 360° cameras and drones and turn that reality into simpler workflows and real-time intelligence. With everyone working from the same clear insights, risk is reduced, decisions are smarter, and projects move faster. OpenSpace is an all in one platform that fits how you work today and integrates with project management platforms like Procore and Autodesk. Always visible, never in doubt. «",info@openspace.ai,+44 (0) 800 368 5471,https://openspace.ai,"333 Kearny St. Floor 4, San Francisco, CA 94108, United States of America",CA 94108,
O’Hare Components,103,"Alfred K. O'Hare and Company Limited, trading as O'Hare Components, is proud to showcase our comprehensive range of specialist products designed for the evolving needs of the data centre sector. With decades of industry expertise, we provide high quality fasteners, hardware, and component solutions trusted across Ireland and beyond. This year, we are delighted to have Essentra Components joining us on our stand, presenting an extended portfolio of innovative components that complement our other ranges. Together, we offer customers an unrivalled selection of quality products, technical support, and supply capabilities for data centre infrastructure and related applications. «",info@oharecomponents.com,+353 (0) 1 4535511,https://datacentres-ireland.my.miramedia.net,"Unit 9 Jamestown Industrial Centre, Jamestown Road, Inchicore, Dublin, D08 F954,",Dublin,
O’Reilly Recycling Ltd,526,"O’Reilly Recycling Ltd have over 30 years’ experience in the scrap metal industry and have become one of the leading collectors, processors, and suppliers of scrap metal in Ireland. In 2013, O’Reilly Recycling Ltd moved to a fully purpose-built, concreted site allowing the business to expand and become more successful. The facility handles thousands of tonnes of both ferrous and non-ferrous metals every year. Some of the metal products collected include copper, aluminium, brass, stainless steel, lead and steel. These products are then sorted, processed accordingly, weighed, and made available for sale to the domestic and overseas export market. «",info@oreillyrecycling.ie,01-8829394,https://oreillyrecycling.ie,"Unit 30, Rosemount Business Park, Blanchardstown, Dublin 11, Ireland, Republic of",Ireland,
PCP Gratings Ltd,603,"At PCP Gratings, safety, performance and sustainability underpin everything we engineer. With nearly a century of European manufacturing heritage and a UK based production facility, we manufacture precision engineered steel grating and handrail systems for data centres, industrial, commercial and infrastructure sectors. We work as a trusted partner, providing bespoke design, expert technical consultancy and dependable delivery. Fully accredited and supported by one of the most comprehensive product portfolios in the market, each solution is tailored to its application to enhance safety, efficiency and environmental responsibility. Our mission is to support fabricators, contractors, designers and engineers with high performance, sustainable solutions—always fulfilling our promise: Engineering Safety. «",sales@pcp-corp.co.uk,+44 (0) 1902 791792,https://pcp-corp.com,"Unit 4E Station Road, Wolverhampton, WV10 7DB, United Kingdom",WV10 7DB,
Phoenix Contact (Ireland) Limited,211,,,,https://phoenixcontact.com,,,
Plastex Matting,452,"Plastex is a specialist manufacturer of durable PVC matting solutions for commercial, industrial and architectural environments. Our Crossgrip roof walkway matting is designed to help create safer access routes across data centre flat roofs and maintenance walkways, while helping protect roof membranes from foot traffic. Loose laid and easy to install, Crossgrip provides stable, slip-resistant footing without the need for adhesives or fixings. Available for PVC, TPO and other roof types, it is ideal for roofing contractors, facilities teams, specifiers and building owners looking for a practical, reliable rooftop access solution. «",kr@plastex.co.uk,+44 (0) 1268 577818,https://plastexmatting.com,"Russell Gardens, Wickford, Essex, SS11 8DN, United Kingdom",SS11 8DN,
Portakabin,708,"Portakabin provides high quality modular portable buildings, delivering fast, flexible, and sustainable space solutions across the UK and Ireland . With 2000+ modular experts across 10 countries we support clients from schools and healthcare facilities to offices and construction sites. «",dublin@portakabin.com,+353 (0) 15259692,https://portakabin.com,"Roseville Business Park, Turvey Avenue, Donabate, Co. Dublin, K36 K759, United Kingdom",K36 K759,
Powercore Engineering,252,,,,https://gitlab.com,,,
Procon Modular,535,"Procon Modular is a leading Irish manufacturer of 3D volumetric modular buildings & Modular Skids and enclosures delivering high-quality, fully turnkey solutions across Data Centers, Education, Healthcare and Commercial sectors. Full design & build contractor. 6,500m2 manufacturing facility in Laois. KIWA Agrement Certified (60+ year design life), High PMV, up to 83-90% of works completed offsite. NZEB and BER compliant buildings. Procon Modular power modules and Skid based system integrates power & cooling equipment with a pre-assembled steel skid, offering rapid deployment, reduced footprint, consistent quality and cost efficiency and cost assurances. Our factory controlled approach ensures consistency, programme certainty and outstanding build quality of every project. «",martin@procon.ie,+353 (0) 861983020,https://procon.ie,"Knocksedan Heliport, Knocksdean, Swords, K67 WF98, Ireland, Republic of",Ireland,
Proflo Ltd,351,"Proflo was established with a view to being market leaders in the supply of pipes, fittings and associated products to the construction industry. «",sales@proflo.ie,+353 (0) 1-2570388,https://proflo.ie,"Brennan’s Yard, College Lands, Rathcoole, Co. Dublin, D24 T293, Ireland, Republic of",Ireland,
PULS UK Ltd,242,"PULS is a global technology leader in DIN-rail power supplies and DC backup solutions for mission-critical infrastructure. With a focus on maximum efficiency, reliability, and long-term availability, our products ensure uninterrupted operation of data centre applications – from thermal management controllers to networked monitoring systems. Our compact power supplies, intelligent buffer modules, and advanced DC-UPS systems support 12, 24, and 48 V architectures with robust performance and minimal maintenance. Designed and manufactured in-house, PULS solutions are trusted in energy, telecom, and industrial environments worldwide – wherever downtime is not an option. «",sales@puls.co.uk,01582 841001,https://pulspower.com,"Unit 16, Cranfield Innovation Centre, University Way, Cranfield, MK43 0BT, United Kingdom",MK43 0BT,
Rehlko,331,"Rehlko delivers energy resilience for data centers, building on more than a century of Kohler Energy expertise. Our integrated solutions, backup power, continuous and flexible generation, and UPS protection, safeguard uptime and support rapidly growing energy demands. With a reliable global reach, we help data centers prepare for what’s next. «",ireland@clarke-energy.com,+353 (0) 1 281 0010,https://clarke-energy.com,"Unit 7, Newtown Business Park, Newtownmountkennedy, County Wicklow, Ireland, Republic of",Ireland,
Renewtech,716,"Renewtech is a global provider of refurbished and end-of-life IT hardware, specialising in servers, storage systems and network equipment from leading brands including IBM, Lenovo, Dell, EMC, HP, NetApp, Hitachi, Cisco and Supermicro. Since 1995, we have helped businesses extend the lifecycle of their IT infrastructure through reliable, sustainable alternatives, purchasing hardware from professional suppliers, ensuring secure data erasure, and testing, refurbishing and cleaning every unit before it joins our global inventory. Refurbished Renewtech products cut CO₂ footprint by up to 90 percent versus new equipment, without compromising performance or compliance. We combine technical expertise with strong logistics and dedicated support, giving companies full control over their IT spend, backed by a culture of responsibility and reliability. «",,,https://renewtech.co.uk,"Renewtech, Unit B3A, Crimple Court, Hornbeam Square North, Harrogate, HG2 8PB, United Kingdom",HG2 8PB,
Riverside Mechanical Ltd,106,"Riverside Mechanical is a family-owned mechanical services company. Riverside, established in 2005 from humble beginnings, has now grown into a National Top 15 Mechanical & Maintenance Contractor. Riverside have grown based on an ethos of continued development offering our clients a Professional, Flexible and Competitive Service whilst maintaining best practice in all that we do. Our Services  HVAC Systems  Building Information Modelling  Automated Controls BMS  Facilities & Maintenance Management  Design Development  Energy Management  Fire Prevention  Asset Management  Building Services  Value Engineering The foundation of Riverside is our People! This has allowed us to develop lasting and trusting relationships with Clients. «",info@riverside-mechanical.com,+353 (0) 1 866 5862,https://riversidemechanical.ie,"Unit A6, Rosemount Business Park, Centerpoint, Ballycoolin, Dublin 11, D11 Y727, Ireland, Republic of",Ireland,
Rotork,542,"From plant room to server rack, Rotork provides mission-critical flow control for liquid-cooled data centres. As AI and high-density computing drive greater cooling demands, our solutions support cooling water systems, CDUs, liquid cooling networks and server-level coolant control, helping operators maximise cooling efficiency, reliability and uptime. Visit our stand to learn how Rotork supports liquid cooling infrastructure across the data centre. Our specialists will discuss solutions for CDU control, overhead and underfloor cooling networks, server cabinet cooling and rapid leak isolation, along with applications for plant room cooling systems and water management. Whether you're designing, expanding or operating a data centre, discover how precise flow control can help optimise cooling performance from the plant room to the server rack. «",mail@rotork.com,+44 (0) 12257 33200,https://rotork.com,"Brassmill Lane, Bath, BA1 3JQ, United Kingdom",BA1 3JQ,
Roxtec Ltd,624,"Roxtec cable and pipe seals protect data centres and server halls against fire, water, rodents and air leakage to ensure nonstop operation. The seals help control the facility climate and can contribute to lower cooling costs. The modular seals provide spare capacity for scalable and growing data centres. The Roxtec Software Suite™ simplifies work from design, drawings and certificates through to installation, quality checks and mandatory documentation. Save time, increase quality and optimise safety. As a global company, Roxtec is able to provide local support wherever it is needed. This ensures product availability, training and expertise on the ground worldwide. «",uk-info@roxtec.com,+44 (0) 161 761 5280,https://roxtec.com,"Power House, Mason Street, Bury, BL9 ORH, United Kingdom",BL9 ORH,
RS Ireland,604,"RS has been supporting industry in Ireland for over 75 years! An omni-channel service and solutions provider for customers with an extensive range of more than 750,000 electronics and industrial products available from over 2,500 trusted brands. Through our next generation suite of maintenance, procurement, and inventory solutions we can help you manage your operation and prevent unplanned downtime. RS delivers more than 44,000 parcels a day to over 1 million customers globally, providing a one-stop source for everything engineers need! «",enquiries.ie@rs-components.com,+353 (0) 1 415 3100,https://ie.rs-online.com,"Glenview Industrial Estate, Herberton Road, Dublin, D12 CK80, Ireland, Republic of",Ireland,
RSE Global Group,326,"RSE is an engineering and manufacturing company delivering modular energy solutions for industrial, commercial and infrastructure projects. The company originated in the Czech Republic, where our production site is based. We design and supply CHP systems, solutions based on MWM gas engines and FG Wilson diesel technology, as well as heat pumps, boilers, steam and other integrated energy systems. Our approach combines reliable equipment, flexible modular design and practical engineering to support efficient and resilient energy generation. At the exhibition, we will present our technologies, product range and a model of our modular system, giving visitors a closer look at our solutions. «",info@rseglobal.co.uk,+44 (0) 2039888610,https://rseglobal.co.uk,"5 Jewry Street, London, EC3N2EX, United Kingdom",EC3N2EX,
RST Power Ltd,345,"With over 25 years of experience, RST Power delivers a complete busduct portfolio supported by end-to-end engineering—reducing programme risk, accelerating installation, and minimising operational disruption. Our team supports projects from specification through BIM/Revit coordination to installation and commissioning, ensuring on-time delivery to specification. Feeder, distribution, and track systems up to 6300A Scalable, modular solutions for data centres Proven buildability—faster, safer installation IEC/EN compliant and client-aligned Phased delivery with global supply expertise Integrated Hot Spot Tracking—real-time monitoring to detect risk and enable predictive maintenance «",info@rstpower.com,+353 (0) 656841722,https://rstpower.com,,,
RWL Advanced Solutions,409,"RWL Advanced Solutions is Europe’s leading independent distributor for Data Cabling and Network products. We are strategically partnered with leading global brands as we distribute turnkey solutions to our clients across many different theatres. By supplying the leading structured cabling brands & aligned with the most qualified installers, we strive to provide dynamic cabling deployments across Ireland, UK and EU. We encompass telecoms, commercial & data centres with expert focus on sectors such as financial, governmental, pharmaceutical, technical & FDI. Our technically trained team work closely with all stakeholders on designing the best system for every project. «",sales@rwlas.com,+353 (0)1 424 24 14,https://rwlas.com,"15 Park West Road, Park West, Dublin, D12 YIT2, Ireland, Republic of",Ireland,
Ryak Cleaning Ltd,726,"RYAK Support Services is one of Ireland’s leading cleaning companies, specialising in data centre and critical infrastructure cleaning services. What sets us apart is our unwavering commitment to understanding your unique challenges. We don't just clean, we protect your infrastructure through proven contamination control protocols and ISO-certified processes. We serve data centre operators throughout the UK and Ireland, with trusted support extending across Europe, treating every project with integrity, reliability, and a care for client success. We’re the trusted partner for enterprise data centres, co-location facilities and cloud infrastructure providers who demand the highest standards of cleanliness and operational continuity. «",info@ryakcleaning.com,+44 (0) 2895918383,https://datacentrecleaningservices.com,"9 Hillview Road, Belfast, BT14 7BT, United Kingdom",BT14 7BT,
Safegard Systems,155,"Specialists in dampers, control & monitoring systems. Based in Wicklow, Ireland and operating in the HVAC Industry, Safegard specialise in the niche area of smoke and fire control / containment within the ducted ventilation systems of large buildings. Established in 1994 our principle focus has been to design, develop and bring to market an intelligent, PC based damper control & monitoring system, namely Safegard V6. This system is now exported throughout Europe and is recognised as the most advanced damper control system available. Our experience, practical knowledge and range of market leading complementary products, we offer the complete solution to the consulting engineer and contractor alike in the form of design advice, product selection, product supply, commissioning and final certification. «",info@safegard.ie,+353 (0) 12761600,https://safegard.ie,"Unit 33, Southern Cross Business Park, Bray, Co. Wicklow,",Bray,
Safelift Sweden AB,127,"Safelift is a series of compact and flexible mast lifts for safe work indoors. Our lifts are characterised by low entry, short turning radius and low weight. Safelift was founded in 2010 with the aim of replacing ladders with flexible and user-friendly mast lifts, thus making working at height indoors safer. The simple and easy to manoeuvre design, makes Safelift’s lifts a cost-effective alternative to similar lifts out on the market. Our lifts are manufactured in Sweden and are CE marked in accordance with the high standards of safety in the EC and EN280 standards. «",jon.mulhall@safelift.se,+353 (0) 877533647,https://safelift.se,"Kvarnvägen 14, 352 41 Växjö, Sweden",352 41 Växjö,
Saint-Gobain Ecophon,551,"Saint-Gobain Ecophon develops, manufactures and markets acoustic products and systems that contribute to a good working environment by enhancing peoples’ wellbeing and performance. Our promise of ‘A sound effect on people’ is the core of everything we do. Data centres are the backbone of our digital infrastructure. These highly controlled environments demand ceiling systems that are not only technically robust but also adaptable, hygienic, and fast to install. At Ecophon, we offer ceiling solutions tailored to meet the specific needs of data centre construction and operation – supporting modularity, safety, and long-term performance. «",info@ecophon.co.uk,+44 (0) 1256 850977,https://ecophon.co.uk,"Saint-Gobain Ecophon, Old Brick Kiln, Monk Sherborne, Tadley, RG26 5PP, United Kingdom",RG26 5PP,
Schneider Electric,201,"We are your energy technology partner. We electrify, automate, and digitalise every industry, business, and home, driving efficiency and sustainability for all. We invent the technology that makes the energy transition possible, enabling buildings, data centres, factories, plants, infrastructure, and grids to operate as open software-defined systems, simplifying complexity and enabling smarter, more sustainable operations across every sector. Help us build a more sustainable and resilient future. «",,"+353 (0) 1800 832360 Website: https://www.se.com/ie/en/ Address: First Floor, Unit 3018, Lake Drive, Citywest Business Campus, Naas Road, Ireland, Republic of Company Profile We are your energy technology partner. We electrify, automate, and digitalise every industry, business, and home, driving efficiency and sustainability for all. We invent the technology that makes the energy transition possible, enabling buildings, data centres, factories, plants, infrastructure, and grids to operate as open software-defined systems, simplifying complexity and enabling smarter, more sustainable operations across every sector. Help us build a more sustainable and resilient future. « Back",https://se.com,"First Floor, Unit 3018, Lake Drive, Citywest Business Campus, Naas Road, Ireland, Republic of",Ireland,
Securiton AG,455,"FIRE DETECTION TECHNOLOGY FROM SECURITON SWITZERLAND Securiton develops and manufactures high-tech fire detection and alarm systems to fulfill broad customer needs including telecommunication, industry, utilities and tunnels. Our range includes advanced detection technologies for smoke, heat and flames, developed to ensure early and reliable alarm. Combined with the most advanced software, Securiton fire alarm systems met and surpass the most challenging customer requirements. Securiton AG belongs to the Swiss Securitas Group and has been focused on technical security since its founding in 1948. Securiton, your partner for fire detection. «",info@securiton.com,+41 (0) 58 910 50 50,https://securiton.com,"Alpenstrasse 20, 3052 Zollikofen, Switzerland",3052 Zollikofen,
Senstar,550,"Senstar is a Canadian manufacturer and a global leader in intelligent perimeter intrusion detection, video management, and access control solutions. With more than 40 years of experience, Senstar has built one of the industry's most extensive portfolios of Perimeter Intrusion Detection Systems (PIDS), protecting critical infrastructure, energy facilities, transportation networks, military installations, and high-security sites around the world. In 2026, Senstar acquired Blickfeld, a pioneer in high-performance LiDAR technology headquartered in Munich, Germany, further strengthening its multi-sensor detection capabilities. As a Senstar company, Blickfeld brings advanced 3D LiDAR sensing and perception expertise to the Senstar portfolio. «",info@senstar.com,+44 113 522 0015,https://senstar.com,"119 John Cavanaugh Drive, Ottawa, ON, K0A 1L0, Canada",K0A 1L0,
Sharp Group Fire & Security Services,440,"Sharp Group Fire & Security Services is a wholly Irish owned and managed company in operation since 1999. Respected nationwide, we are focused on delivering turnkey security services developed through our understanding of our clients’ business operating environments. Our vision is to ‘raise the bar’ and be the market leaders in the Fire and Security Services Industry for Ireland. Our philosophy is that all fire and security strategies are created and delivered by an accredited and experienced team that have a genuine interest in your business, its processes and procedures. Sharp Group is recognised as a provider of fire and security services within blue chip companies and sensitive sectors such as data centres, pharmaceuticals, logistics, transport infrastructure and high value goods transportation. «",sales.desk@sharpgroup.ie,+353 1458 6605,https://sharpgroup.ie,,,
Siemens,253,"Siemens transforms data centres to stay competitive and future-ready. As a trusted technology partner, we help operators boost resilience, efficiency, and sustainability by combining the real and digital worlds. Our comprehensive portfolio spans the entire lifecycle, from financing, planning, and design to operations, optimisation, and scale. We integrate power distribution, cooling automation, and smart building management to ensure maximum uptime and reduced environmental impact. By bridging hardware and software, we help shape facilities built for today. Partner with Siemens to power the possible, creating resilient infrastructure and building for tomorrow. «",contact.ie@siemens.com,+44 (0) 808 234 2244,https://siemens.com,"Innovation House, DCU Alpha, DK-5000 Odense C, Old Finglas Road, Glasnevin, D11 KXN4, Ireland, Republic of",Ireland,
Sika Ireland,118,"Sika Ireland is a leading specialty chemicals company in the construction industry, delivering innovative solutions for bonding, sealing, waterproofing, flooring, roofing, concrete technologies, fire protection and structural repair. Sika Ireland is the Irish subsidiary of Sika Group, which operates in over 100 countries worldwide and combines international innovation with local technical support to help customers deliver high-quality construction projects. «",info@ie.ska.com,+353 (0) 18620709,https://sika.ie,"Sika House, Ballymun Industrial Estate, Ballymun, Dublin, D11 DA2V, Ireland, Republic of",Ireland,
Solar Turbines – The Caterpillar Gas Turbines Company,231,"Solar® Turbines provides onsite continuous power generation solutions tailored for Data Center customers, enabling faster time-to-market and enhanced energy reliability. Our systems support dual fuel (natural gas and HVO) and are H₂-ready. Whether deployed as low-utilization peaking units or high-efficiency, high-utilization systems—with district heating or chilled water applications—they can be integrated into local grids, contributing to a more resilient and sustainable energy infrastructure. Solar® Turbines, a Caterpillar Company, is a leading manufacturer of mid-range industrial gas turbines (3.5 to 38 MW). More than 17,000 Solar units are operating and are serviced in 100 countries around the world. «",infocorp@solarturbines.com,+41918511511,https://solarturbines.com,,,
Soprema Ireland,237,"For over 100 years, SOPREMA has utilised its expertise to create a wide range of high-quality waterproofing and insulation solutions that meet the demands of the global construction industry, thus enhancing people’s well-being by safeguarding their surroundings and providing innovative building solutions for all. In 2009, SOPREMA established SOPREMA IRELAND Ltd, a wholly owned subsidiary, demonstrating its commitment to the Irish market. From here, SOPREMA IRELAND has gone from strength to strength. And it soon became a key player in the Irish construction industry by offering various waterproofing and insulation solutions tailored to their client’s needs. For more information visit: www.soprema.ie «",info@soprema.ie,+353 1 405 7796,https://soprema.ie,"UNIT 75, COOKSTOWN ESTATE ROAD, COOKSTOWN INDUSTRIAL ESTATE, DUBLIN 24, D24 DC98, Ireland, Republic of",Ireland,
SOURCE CIVIL,540,"Source Civil is a trusted name in Civil Engineering, combining over twenty years of experience with a steadfast commitment to innovation, integrity and quality. We deliver projects that exceed expectations across diverse construction sectors. In Data Centre development, our team provides exceptional expertise in site investigations, groundworks, foundations, drainage, utility installations, access infrastructure and BIM integration. We optimise designs for peak performance and sustainability, using advanced methods such as trenchless utility installation, smart monitoring systems and sustainable materials to minimise disruption and environmental impact. Through seamless collaboration, technical excellence and forward-thinking solutions across all disciplines, we deliver the trusted infrastructure that powers performance, efficiency and future growth. «",info@sourcecivil.com,(074) 9725187,https://sourcecivil.com,"Lurganboy, Donegal Town, F94Y03P, Ireland, Republic of",Ireland,
SPP Pumps,141,"SPP Pumps and its subsidiary, Syncroflo, deliver trusted, high-performance centrifugal pumps and modular packages for critical infrastructure. SPP manufactures and supplies high-efficiency solutions for water supply, cooling, and HVAC, alongside FM/UL and LPCB-certified pumps for fire protection. SPP supports consultants, contractors, OEMs and operators with reliable, compliant and efficient products. Our collaborative approach ensures every system is tailored from design to commissioning. With a global footprint and local expertise, we’re committed to long-term partnerships. Visit our stand to ask how our “LLC” range can improve uptime and reduce power consumption in data centre applications. «",datacentres@spppumps.com,+44 (0) 1594 832701,https://spppumps.com,"Crucible Close, Mushet Industrial Park, Coleford, Gloucestershire, GL16 8PS, United Kingdom",GL16 8PS,
SPX Cooling Technologies (Marley),210,"SPX Cooling Technologies are a leading global manufacturer and full-service industry leader in the design and manufacture of evaporative cooling towers and fluid coolers, adiabatic fluid coolers, dry coolers, OEM parts and much more. With a range of scalable, modular options, and a 100+ year history of reliable performance, Marley® cooling solutions are an excellent fit for high-density data center environments. Marley® offers a complete portfolio of heat rejection equipment to meet your needs: SPX Cooling Technologies and the Marley® product brand are part of SPX Technologies, Inc. For more information see www.spxcooling.eu Stand Sharer: Cooling Towers Ireland www.ctanda.ie «",ct.fap.emea@spx.com,+44 (0) 1905 750270,https://spxcooling.eu,"Knightsbridge Park, Wainwright Road, Worcester, WR4 9FA, United Kingdom",WR4 9FA,
TEC,102,"TEC is Ireland’s leading supplier of industrial and hydraulic hose assemblies, fittings and adaptors, with a proud 90-year heritage. An ISO 9001:2015 certified company, TEC supports mission-critical operations across data centres, oil and gas, water/wastewater, pharmaceuticals, food and beverage, construction and agriculture. In data centres, TEC supplies specialist cooling, fuel transfer, and manifold hose solutions, supporting mission-critical operations with high-purity EPDM hoses, stainless-steel assemblies and quick-connect couplings. These hoses are designed for flexibility, fire resistance, chemical compatibility and durability, ensuring safe and reliable fluid transfer in complex, high-demand environments. Trusted by leading organisations across Ireland and the UK, TEC combines engineering expertise, innovative solutions and responsive service to keep essential infrastructure operating efficiently and securely. «",sales@tec.ie,,https://tec.ie,"Unit C3, Weatherwell Business Park, Ninth Lock Rd, Clondalkin, Dublin, D22P803,",Dublin,
Teckentrup Door Solutions,419,"Steel doors, industrial doors and garage doors are the world of Teckentrup. What sets Teckentrup apart is its long experience and comprehensive expertise in all aspects of fire protection. Teckentrup doors provide effective protection against fire, smoke, noise and burglary. Especially data centers are subject to stringent requirements in terms of security and fire protection. With steel doors from Teckentrup, operators can be sure to meet all requirements. From product development to installation, from dedicated support from certified specialist consultants to professional maintenance: Teckentrup and its partners are there for you. «",info@teckentrup.biz,+49 (0) 5246-504 381,https://teckentrup.co.uk,"Industriestrasse 50, 33415 Verl-Sürenheide, Germany",33415 Verl-Sürenheide,
Teksan,518,"Teksan has been providing reliable power solutions since 1994 and has been operating in the UK since 2019. With Uptime Institute certification, we design and manufacture power solutions tailored to data centers, ensuring compliance with industry standards. Our range includes diesel generators, natural gas, biogas, cogeneration, and trigeneration systems with up to 90% energy efficiency. We also offer mobile lighting towers, hybrid power systems, microgrids, portable power stations, solar panels, and the TESS battery system. Teksan’s strong R&D focus and global experience make us a trusted partner for data center projects, delivering quality and reliable power solutions. «",info@teksan.com,+90 216 312 0550,https://teksan.com,"Yenidogan Mah., Edebali Cad., No:12 34791 Sancaktepe, İstanbul, Turkey",İstanbul,
The DCA – Data Centre Alliance,151,"The DCA - Data Centre Alliance Trade Association to the Data Centre Sector Connectivity is evolving—so are we. The DCA is the trusted voice for the entire data centre ecosystem in the UK. Since 2010, we’ve advocated for the technology and engineering that underpins the Data Centre sector, providing a collaborative platform for industry leaders to share cutting-edge research and best practices. We don’t just support the sector; we accelerate it. Website: www.dcauk.org Email: info@dcauk.org Tel: +44 (0)845 873 4587 X: @datacentreall Linked in - https://www.linkedin.com/company/data-centre-alliance «",info@dcauk.org,+ 44 (0)845 873 4587,https://dcauk.org,"SSI House, Fordbrook Business Centre, Marlborough Road, Pewsey, Wiltshire, SN9 5NU, United Kingdom",SN9 5NU,
TOP CABLE,335,"Top Cable, your reliable partner for Data Centre cables We have the flexibility to design and manufacture optimised cables for Data Centres for large-scale, colocation and enterprise projects. Your Data Centre will be greener than ever in the hands of Top Cable, thanks to our EPDs (Environmental Product Declarations) for cables, you will be able to make informed decisions that align with your sustainability goals. Would you like to find out more? Top Cable has an open-door policy for technical visits and quality control inspections. We are delighted to welcome you and show you our manufacturing, logistics and management processes. «",sales@topcable.com,+34 (0) 935880911,https://topcable.com,"Leonardo Da Vinci Num. 1, Barcelona, 08191 Rubí, Spain",08191 Rubí,
Total Source,528,"Total Source was established in 2004. We serve as your fully comprehensive Data centre equipment and Industrial Tools supplier. Our products are designed with safety in mind to ensure that your team have access to quality and practical products to make their workday easier and safer. Our teams have vast experience in supplying the most suitable equipment for your Data centre needs including Storage Solutions, Matting, Arch Flash Workwear, Trolleys, Access equipment and more. Whatever your Data Centre supply needs are, we can source the product for you. Get in touch with dedicated sales team for more information on how we can streamline your Date Centre product needs. «",sales@totalsource.ie,+353 (0) 91 388 800,https://totalsource.ie,"Unit 2, Racecourse Technology Park, Racecourse Road, Ballybrit, Galway, H91K26H, Ireland, Republic of",Ireland,
Tredwell Electrical,721,"Tredwell Electrical, based in Limerick, delivers high volume manufacturing of electrical control panels, assemblies, machine integration, and wiring looms. We specialise in the data centre sector, building Electrical Controls panels for PDU’s, CDU’s, BMS, HVAC, Liquid Cooling, Power Distribution, Energy Monitoring of Nodes, UPS, and Busduct Connections. Our bespoke solutions prioritise reliability, redundancy, and uninterrupted power, incorporating dual supplies and automatic transfer systems. With UL certification, we deliver compliant, repeatable, and energy efficient builds, enabling secure remote monitoring and optimisation of critical performance in demanding, mission critical environments worldwide. «",info@tredwell.ie,+353 (0) 61423845,https://tredwell.ie,"Unit 5 Block D, Delta Retail Park, Ballysimon Rd, Garryglass, V94T9V9, Ireland, Republic of",Ireland,
TSL Projects Ltd Ireland,230,"TSL is a leading technical construction partner with projects in the UK, Ireland, Mainland Europe and North America. TSL currently operates in 9 countries across the globe, working within data centre, advanced manufacturing, logistics, food and pharmaceutical sectors, focusing on design & build contracts for end user clients. Our team are focused on working with our clients and the entire supply chain to create a simple agenda concentrated on getting things done. At the heart of what we do is taking the ‘noise’ out of project delivery. We manage design to ensure that we are always engineering best value for money and fit for purpose solutions. TSL aims to add value at every stage of the process as a key part of our innovative approach «",info@tslprojects.com,+44 (0) 845 330 7311,https://tslprojects.com,"Unit F11, Maynooth Business Campus, Straffan Road, Maynooth, Co Kildare, W23 HR64, Ireland, Republic of",Ireland,
UKGSA,549,"UKGSA | UK GEN-SET & CHP ASSOCIATION - 70+ MEMBERS HAVE JOINED AS OF 1 SEPTEMBER 2024, WITH FINNING, MANSFIELD POLLARD, CROWN OIL & APROVIS BEING THE LATEST Launched in December 2023, UK GEN-SET & CHP ASSOCIATION (UKGSA) is pledged to serve its members and the industry by encouraging the sharing of knowledge in the field of Gen-Sets and CHP throughout the entire independent standby power and energy sectors. The Association’s additional aim is to promote the interests of the Generating Set industry for UK Manufacturers, Suppliers & Distributors, Service Providers, Rental Companies and Power-related providers (see website for more on what the Association offers - http://www.ukgsa.uk). I urge anyone interested in joining the UK GEN-SET & CHP ASSOCIATION to meet with us and network with fellow professionals. «",,"+44 (0) 7814 172 007 Website: https://www.ukgsa.uk/ Address: Suite 1 Sanford House, 5 Medwin Walk, Horsham, West Sussex, RH12 1AG, United Kingdom Company Profile UKGSA | UK GEN-SET & CHP ASSOCIATION - 70+ MEMBERS HAVE JOINED AS OF 1 SEPTEMBER 2024, WITH FINNING, MANSFIELD POLLARD, CROWN OIL & APROVIS BEING THE LATEST Launched in December 2023, UK GEN-SET & CHP ASSOCIATION (UKGSA) is pledged to serve its members and the industry by encouraging the sharing of knowledge in the field of Gen-Sets and CHP throughout the entire independent standby power and energy sectors. The Association’s additional aim is to promote the interests of the Generating Set industry for UK Manufacturers, Suppliers & Distributors, Service Providers, Rental Companies and Power-related providers (see website for more on what the Association offers - http://www.ukgsa.uk). I urge anyone interested in joining the UK GEN-SET & CHP ASSOCIATION to meet with us and network with fellow professionals. « Back",https://ukgsa.uk,"Suite 1 Sanford House, 5 Medwin Walk, Horsham, West Sussex, RH12 1AG, United Kingdom",RH12 1AG,
Unistrut,109,"Atkore is a global manufacturer with advanced facilities and over 100 years of expertise. A recognised leader in electrical, safety, and infrastructure solutions, we provide Cable and Cable Management Systems, Infrastructure Products, Conduit and Fittings, and Safety and Security Products that help power and protect the world. Trusted by distributors and contractors worldwide, we offer market-leading brands, in-house expertise, and end-to-end support from design and 2D/3D modular solutions to installation and supply chain excellence, delivering cost-effective, efficient, on-time solutions for data centre, non-residential, transportation, and solar projects. «",sales@atkore.com,+44 (0) 121 580 6300,https://atkore.com,"Atkore Unistrut, Delta Point, Greets Green Road, West Bromwich, B70 9PL, United Kingdom",B70 9PL,
Veloris IE,239,,,,https://datacentres-ireland.my.miramedia.net,United Kingdom « Back,,
Ventac,608,"Ventac specialises in bespoke acoustic noise control solutions for the Data Centres across Europe. We support operators, developers, and contractors with end-to-end services, including baseline Noise Surveys, Acoustic Modelling, Design, Manufacture, Installation, and Compliance Sign-off. Our solutions—such as Acoustic Enclosures, Louvres, Barriers, and Attenuators—are engineered to control noise from generators, chillers, cooling towers, and AHUs without compromising airflow, safety, or reliability. With a proven track record across both new build and live facilities, Ventac ensures planning compliance, minimises Environmental impact, and supports uptime performance. We deliver practical, maintainable systems that enable quieter, compliant, and community-friendly Data Centre operations. «",info@ventac.com,+353 (0) 45 851 500,https://ventac.com,"Fitzwilliam House, Blessington, Co Wicklow, W91 V972, Ireland, Republic of",Ireland,
Veolia,233,"Veolia is Ireland's leading environmental services company, driving ecological transformation through a complete portfolio of energy, waste and water solutions. With over 30 years of experience providing Hard FM services to highly demanding sectors such as pharmaceuticals and healthcare, our deep expertise in critical utilities and Hard FM ensures 24/7 mission-critical reliability and environmental security for our data centre clients. Our ingrained engineering capabilities support data centre customers at every stage from commissioning and mobilisation through to sustainable operations and ongoing project delivery. This support includes dedicated on-site personnel, supported by a comprehensive above-site team. «",ie.info@veolia.com,+353 (0) 1 870 1200,https://veolia.ie,"Suite 18, Plaza 256, Corporate Park 2, Dublin 15, D15 H210, Ireland, Republic of",Ireland,
Vertiv,607,"Vertiv (NYSE: VRT) brings together hardware, software, analytics, and ongoing services to ensure its customers’ vital applications run continuously, perform optimally, and grow with their business needs. Solving key challenges for data centers, communication networks, and commercial facilities, Vertiv offers power, cooling, and IT infrastructure solutions from cloud to edge. Headquartered in Westerville, Ohio, Vertiv operates in 130+ countries. Visit Vertiv.com. «",sales.gb@vertiv.com,+44 (0) 23 8061 0311,https://vertiv.com,"Vertiv Infrastructure Ltd, Fraser Road, Priory Business Park, Bedford, MK44 3BF, United Kingdom",MK44 3BF,
VIOTAS,438,"Unlock long-term value with VIOFlex GRID. Data centres are uniquely positioned to profit from grid flexibility while supporting the clean energy transition. With VIOFlex GRID, VIOTAS enables operators to monetise existing resilience assets—backup generation, UPS, and cooling systems—through long-term contracts. These assets can be dispatched in real-time to stabilise the grid, generating reliable recurring revenue with no impact on uptime. As demand for digital infrastructure grows, so too does the opportunity to fund decarbonisation. Partnering with VIOTAS secures your data centre access to the most profitable flexibility markets, improving profitability while helping to power a net zero future. «",info@viotas.com,+353 (0) 61 598 000,https://viotas.com,"Stewart House, Lonsdale Rd, Castletroy, National Technology Park, Co. Limerick, V94 KN70,",Co. Limerick,
Wasp IPU,517,"Your partner for Power Resilience - complete Fuel Systems, Installation and Service Providers to the Data Centre and Critical Infrastructure Industries. We manufacture Fuel Polishing, Offloading, Transfer Systems, Inline filtration and supply tanks, tank heaters, filters and engine components. Supported throughout Ireland and beyond by our trusted partners Premier Energy Storage (Co. Meath) www.premierenergystorage.com and Craigs (Co. Antrim) www.craigssince1882.com «",sales@wasp.co.uk,+44 (0) 1700 507 070,https://wasp.co.uk,"12 Union Park, Navigation Way, West Bromwich, B70 9DF, United Kingdom",B70 9DF,
Weidmuller Ltd,610,"At Weidmuller, we provide innovative connectivity, automation, and digitalisation solutions that enhance the reliability, efficiency, and scalability of data centers. Our products enable secure power distribution, intelligent monitoring, and seamless system integration. With modular terminal blocks, power supplies, and Industrial IoT solutions, we help customers achieve predictive maintenance, real-time energy management, and reduced downtime. Our automation components and analytics tools drive optimal performance, safety, and sustainability across operations. By integrating smart digital solutions with proven hardware, we help our customers build resilient, efficient, and easily scalable data centers ready for tomorrow’s demands. «",sales@weidmuller.co.uk,+353 (0) 1 16 282 3470,https://weidmuller.co.uk,"Number 1 Centurion Way, Meridian East, Leicester, LE19 1TP, United Kingdom",LE19 1TP,
Wibe Group,401,"Engineered for performance. Built for the future. In today’s high-demand environments, infrastructure must be more than just functional – it must be resilient and adaptable. Wibe Cable Ladders deliver exactly that. With decades of proven performance across industries and continents, our systems provide the strength, flexibility and reliability that modern installations demand. «",info@wibe-group.com,+4625028000,https://wibe-group.com,"Wibevägen 1,",,
Writech Ltd,456,"Writech’s mission is to be the world’s premier fire engineering design, installation, and servicing company by delivering maximum reliability and value to our clients through innovation, while building great careers and promoting the wellbeing of our people. «",info@writechltd.com,(+353) 44 9349857,https://writechltd.com,"Writech Head Office, Mullingar, Co. Westmeath, N91 Y657, Ireland, Republic of",Ireland,
ZIEHL-ABEGG IRELAND LIMITED,116,"ZIEHL-ABEGG is a leading global manufacturer of ventilation, control and drive technology. Founded in Germany in 1910, the company develops innovative, energy-efficient solutions for ventilation, air conditioning, refrigeration, heating, data centers and industrial applications. With a strong focus on innovation, sustainability and efficiency, ZIEHL-ABEGG combines advanced technology with high-quality engineering. Its portfolio includes fans, motors, drives, control systems and integrated solutions, helping customers worldwide improve system performance, reduce energy consumption and create reliable, future-ready applications. «",info@ziehl-abegg.ie,+353 (0) 818000161,https://ziehl-abegg.com,"Unit 1A, Scurlockstown Business Park, Trim, Co. Meath, C15 PN8X, Ireland, Republic of",Ireland,
