company_name,booth,description,email,mobile_primary,domain,full_address,city,linkedin_url
Abetech Abrasifs,"Halle 21, Stand A34",,,+32 71301712,,Rue de Nimal 27 6030 Marchienne-au-Pont Belgien,,
ADESIV,"Halle 21, Stand B51","ADESIV produziert seit 1971 Klebestoffe, Lacke, Öle und Produkte zur Instandhaltung von Parkettböden.<br/>Außerdem enthält ihr Produktangebot eine Palette an Klebestoffen für Teppich-, PVC-, Gummi und Sportfußböden.<br/>Der Betrieb ist in über 40 Ländern der Welt dank des hervorragenden Preis-Leistungsverhältnisses vertreten.",,+39 0424 566406,https://adesiv.it,Via delle Rose 31 36061 Bassano del Grappa Italien,,
ADLER-Werk Lackfabrik,"Halle 21, Stand D34, (44)","In unseren Adern fließt Farbe!<br/><br/>Mit dieser Philosophie ist ADLER zum Kompetenzführer bei Holzschutz und Holzlacken geworden. Denn wer mit Herz bei der Sache ist, macht keine halben Sachen. Deshalb setzen wir uns selbst die höchsten Maßstäbe: Bei der Forschung und Produktion, bei kompetenter Beratung und perfektem Service.<br/><br/>Davon profitieren natürlich auch unsere langjährigen Kunden. Deshalb sind wir auf eines besonders stolz: Kein Unternehmen wird von Lieferanten, Partnern oder Kunden öfter weiterempfohlen als ADLER!<br/><br/>Innovation und Forschung spielen für uns eine zentrale Rolle: 10% unseres Umsatzes fließen pro Jahr in die Entwicklung neuer und verbesserter Produkte und innovativer Technologien. Mehr als zwei Drittel der rund 10.000 Artikel werden auf wasserverdünnbarer Basis hergestellt. So vermeiden wir den Einsatz von Lösemitteln und leisten einen wichtigen Beitrag zum Umwelt- und Klimaschutz.",,+43 5242 6922-411,https://adler-lacke.com,Bergwerkstr. 22 6130 Schwaz Österreich,,
Adriatica Timber,"Halle 21, Stand A38","The firm boasts decades of experience in the selection of the best sawmills, sawn timber and finished products from Asia, North and Central America. The company relies on highly qualified staff located at the heart of the regions where production takes place, which guarantees strict quality control of the materials before dispatch. Given the significant economic changes that Asian countries have undergone in recent years, Adriatica has redirected its commercial approach, counterposing the traditional commercial flow by bringing Italian and European expertise directly to Asia.",,+39 040 361-541,https://adriaticatimberagency.com,Via Donota 3 34121 Trieste Italien,,
AGT Agac,"Halle 20, Stand C60",,,+90 242 24917-17,https://agt.com.tr,"3. Kisim, 35. Cadde Organize Sanayi. Bölgesi 07190 Dösemealti Türkei",,
AIMMP,"Halle 21, Stand C72","Die Mission von AIMMP – Portugiesischer Verband der Holz- und Möbelindustrie – besteht darin, die Interessen der Unternehmen der fünf Abteilungen zu vertreten, zu fördern und zu verteidigen, die am Lebenszyklus von Holz beteiligt sind, vom Fällen und Fällen der Bäume bis zum verwendeten Endprodukt Zimmerei und Möbel sowie Import und Export von Holz.",,+351 223394 -200,https://aimmp.pt,Rua Alvares Cabral 281 4050-041 Porto Portugal,,
AIMMP,"Halle 21, Stand B72","Die Aufgabe des portugiesischen Verbandes der Holz- und Möbelindustrie (AIMMP) besteht darin, die Interessen portugiesischer Unternehmen aus den fünf Sektoren des Holz- und Möbelsektors zu vertreten, zu fördern und zu schützen: Holzschneiden, Fällen, Sägen und Holzverpacken; Paneele, andere Holzderivate und Energie aus Biomasse; Zimmerei und dergleichen; Möbel und dergleichen; Export, Import und Vertrieb von Holz und Derivaten. Diese Branchen exportieren 2,6 Mrd. € pro Jahr.<br/><br/>Inter Wood & Furniture ist ein strukturiertes Interventionsprogramm, das portugiesische Unternehmen unterstützt, die daran interessiert sind, Internationalisierungsstrategien zu entwickeln, um in neue Wachstumsmärkte zu expandieren. Im Laufe der Jahre hat dieses Programm mehr als 400 Unternehmen durch mehr als 140 Aktionen in mehr als 50 Märkten mit Anreizen von bis zu 50 % unterstützt und sicherlich zum Wachstum der Exporte des Sektors um rund 1.000 Millionen Euro in den letzten 10 Jahren beigetragen .",,+351 223394 -200,https://aimmp.pt,Rua Alvares Cabral 281 4050-041 Porto Portugal,,
AIMMP,"Halle 21, Stand A72","Die Aufgabe des portugiesischen Verbandes der Holz- und Möbelindustrie (AIMMP) besteht darin, die Interessen portugiesischer Unternehmen aus den fünf Sektoren des Holz- und Möbelsektors zu vertreten, zu fördern und zu schützen: Holzschneiden, Fällen, Sägen und Holzverpacken; Paneele, andere Holzderivate und Energie aus Biomasse; Zimmerei und dergleichen; Möbel und dergleichen; Export, Import und Vertrieb von Holz und Derivaten. Diese Branchen exportieren 2,6 Mrd. € pro Jahr.<br/><br/>Inter Wood & Furniture ist ein strukturiertes Interventionsprogramm, das portugiesische Unternehmen unterstützt, die daran interessiert sind, Internationalisierungsstrategien zu entwickeln, um in neue Wachstumsmärkte zu expandieren. Im Laufe der Jahre hat dieses Programm mehr als 400 Unternehmen durch mehr als 140 Aktionen in mehr als 50 Märkten mit Anreizen von bis zu 50 % unterstützt und sicherlich zum Wachstum der Exporte des Sektors um rund 1.000 Millionen Euro in den letzten 10 Jahren beigetragen .",,+351 223394 -200,https://aimmp.pt,Rua Alvares Cabral 281 4050-041 Porto Portugal,,
Akaar Handicrafts,"Halle 23, Stand A78/3",,,,,"Kaccha Camp Janak Garden, Purewal Colony Panipat 132103 Indien",,
Akzo Nobel Deco,"Halle 21, Stand D34, (2)","Wer wir sind und was wir tun<br/>Als Experten für die Herstellung von Beschichtungen sind Sie wahrscheinlich immer nur wenige Meter von einem unserer Produkte entfernt. Wir sind in über 150 Ländern tätig und haben uns zum Ziel gesetzt, weltweit Branchenführer zu werden. Das ist genau das, was Sie von dem nachhaltigsten Farbenhersteller erwarten können, der seit mehr als zwei Jahrhunderten die Zukunft gestaltet.",,+49 221 99585-0,,Am Coloneum 2 50829 Köln Deutschland,,
Almelose Borstelindustrie,"Halle 19, Stand D85","Die ABI ist ein Begriff auf dem Gebiet Eingangsmatten.<br/>Wir sind einer der größten europäischen Hersteller, wenn es um Eingangsmatten Systeme geht. Unsere Matten werden zu Kunden in der ganzen Welt geliefert. Auf Grund unserer gut entwickelten Produktionstechniken können wir Ihnen jede Form von Eingangsmatten bieten.<br/>Mit unserem umfangreichen Sortiment haben wir eine Eingangsmatte passend für jeden Kunden.<br/>Wenn Sie weitere Information wünschen, bitte besuchen Sie unseren Stand.",,+31 5468130 -21,,Windmolen 15 7609 NN Almelo Niederlande,,
Alsaflooring,"Halle 20, Stand B68","Alsaflooring stellt seit 1995 Laminatböden her. In unserem Werk in Marlenheim werden jährlich Millionen von Quadratmetern produziert, die in die ganze Welt verkauft werden. Mit dem Fokus auf Qualität, Trends und Effizienz bietet Alsaflooring dem Markt eine große Auswahl an Produkten, einschließlich Parkett und Vinylböden. Treffen Sie uns am Stand B68 - hall 20 !",,+33 388592989,https://alsaflooring.com,Rue de l'Europe 1 67520 Marlenheim Frankreich,,
AM Folien,"Halle 21, Stand D34, (41)","Lösungen für den Profi rund um Maler- und Stuckateurarbeiten<br/><br/>Von der Abdeckfolie bis zur Walze bietet AM Folien seinen Handelspartnern aus den Bereichen Groß- und Einzelhandel ein durchdachtes Portfolio. Denn der leistungsstarke Lieferant, gegründet mit der Kernkompetenz Folie, hat sich in fast 15 Jahren Bestehen immer weiterentwickelt und präsentiert heute ein im engen Austausch mit Kunden und Endverbrauchern stetig optimiertes Profi-Sortiment.",,+49 2196 882083200,,Handelsstr. 10 42929 Wermelskirchen Deutschland,,
Anhui Aolo New Materials Technology,"Halle 22, Stand D58","Anhui AOLO New Materials Technology Co., Ltd established in April 2013, is located in Suzhou circular economy demonstration park. The enterprise covers an area of 110 mu, with a plant and office area of 32000 square meters and a registered capital of 10 million yuan. The company mainly takes the primary processing of crop straw as the main raw material to produce new biodegradable composite materials. It is a ""national strategic emerging enterprise"". The ""biomass wood plastic composite environmental protection material production demonstration project"" invested and constructed by the company has received ""major support"" from the national development and Reform Commission for the comprehensive utilization of resources and is listed as the ""major special project"" of Anhui Provincial Department of science and technology.",,+86 5572613555,,Renhe Road No.188 Circular Economy Demonstration Park 234000 Suzhou China,,
Anhui Coordinated Lin Plastic Tech.,"Halle 22, Stand B58","Anhui Tongxinlin Plastic Technology Co., Ltd. wurde 2013 gegründet und hat seinen Sitz im Gangji Industrial Park in Hefei City. Das Unternehmen verfügt über eine Gesamtinvestition von 350 Millionen Yuan, eine Fläche von mehr als 100.000 Quadratmetern und beschäftigt mehr als 300 Mitarbeiter. Es handelt sich um ein umfassendes Privatunternehmen, das sich auf Forschung und Entwicklung, Herstellung, Marketing, Service und Handel konzentriert. Derzeit verfügen wir über mehr als 100 vollautomatische CNC-Produktionslinien und mehr als 30 PVC-Produktionslinien. Wir haben die vollautomatische Produktionslinie von Haomai aus Deutschland eingeführt und eine strategische Partnerschaft mit dem belgischen Unternehmen Unilin geschlossen. Wir profitieren von der patentierten Produktionstechnologie von Unilin und einer jährlichen Produktionskapazität von 12 Millionen Quadratmetern.",,+86 55169016868,,"Jinguang Avenue, Gangji Town, Changfeng County 231137 Hefei China",,
Anhui Import and Export,"Halle 22, Stand E30","ANHUI IMP. & EXP. CO., LTD. wurde 1979 gegründet und ist das erste umfassende Außenhandelsunternehmen in Anhui. Als eines der führenden Unternehmen der Außenhandelsgesellschaften auf Provinzebene wurde es 2007 in die Anhui International Trade Group (Holding) Co., Ltd. (AITG) integriert und untersteht der Kommission für die Überwachung und Verwaltung staatlicher Vermögenswerte der Provinz Anhui. Im Jahr 2018 wurde es zusammen mit AITG vollständig in die Anhui Conch Group Co., Ltd. integriert. Die Conch Group belegte Platz 353 auf der Fortune Global 500-Liste 2022 und ist seit vier Jahren in Folge auf dieser Liste vertreten.<br/><br/>Die Marken von ANIEC sind ANIEC, HANDY, H, LONG ANIEHOO, XIHE, wobei „HANDY” als bekannte Exportmarke in Anhui eingestuft wurde.",,+86 55165338711,,"Science Road, No.107 Tianmao Building 230000 Hefei China",,
Anhui Lihua Wood Composite,"Halle 22, Stand D30",,,+86 5633830116,,Bai Shi Jian Road No.46 Langxi Industrial Zone 242100 Anhui China,,
Anhui Omi Vinyl,"Halle 22, Stand A73","Kurze Vorstellung von OMI VINYL (ANHUI) Co., Ltd. ist ein Pionier in der Herstellung von hochwertigen elastischen Bodenbelägen und weltweit führend in der Entwicklung und Herstellung innovativer Produkte sowie einer der größten Lieferanten von elastischen Bodenbelägen weltweit. Das Unternehmen hat seinen Sitz in der Langxi Economic Development Zone in der Stadt Xuancheng in der Provinz Anhui, dem Land der „vier Schätze des Studierzimmers“ in China, 280 km vom internationalen Flughafen Shanghai Pudong (PVG) und 70 km vom internationalen Flughafen Nanjing Lukou (NKG) entfernt. Es handelt sich um ein exportorientiertes, wachsendes Joint Venture.",,+86 5637372880,,"Wuyashan West Road, No.5. Langxi Development Zone 242100 Xuancheng China",,
AnHui Otai New Material,"Halle 22, Stand C44","Changzhou City, die EU zu Decorative Material Co., Ltd. wurde im Juni 1999 gegründet, die aktuelle mehr als 25 Millionen Yuan in Anlagevermögen. Das Unternehmen befindet sich in Changzhou City, Provinz Jiangsu, Wang Lin Industrial Zone, die Fabrik deckt eine Fläche von über 42.000 Quadratmetern, Anlagefläche von 22.000 Quadratmetern. Das Unternehmen liegt verkehrsgünstig, 20 km von Changzhou entfernt, in der Nähe der Schnellstraße Shanghai-Nanjing, der Staatsstraße 312, der Peking-Shanghai-Eisenbahn und des Großen Kanals Peking-Hangzhou, 28 km östlich von Wuxi.<br/>Das Unternehmen die wichtigsten Produktion und den Verkauf von ""Beauty Leopard Boden"" Marke Boden-basierte, im Jahr 1999 in Auftrag gegeben horizontalen automatischen Tauchmaschine Produktionslinie, automatische Druck Paste Produktionslinien, automatische Boden geschlitzt Linie sechs, automatische Boden Auslaugen Farbe Linie ein.",,+86 55088491315,,"Industrial Area of Quan Jiao, 239500 Chuzhou China",,
Anhui Surmount New Materials,"Halle 22, Stand E30",,,+86 5505686699,,"Wei Rd, 2 Laian County Industrial Park 239000 Chuzhou China",,
Anji Zhengyuan WPC Decoration Material,"Halle 22, Stand A41","Anji Zhengyuan WPC Decoration Material Co.,Ltd is a leading supplier with over 10 years' experience in producing durable, performance-improving and cost-effective composite wood products. We help companies of all sizes unlock the power of composite wood products, and our client base includes businesses in the Industrial, Construction, Rail, Transport, Landscaping, Marine and Leisure sectors. There are reasons we believe to make us a qualified& satisfied supplier to our clients.",,+86 572 5300-798,,"The Centre Of Bamboo Technology 1 and Industry Zone, Xiaofeng Town, Huzhou 313301 Anji China",,
Ansen Technology,"Halle 21, Stand A69","Ansen Technology Co., Ltd. wurde 2021 in Sriracha, Chonburi, Thailand, gegründet und ist ein großes Unternehmen, das Forschung und Entwicklung, Herstellung und Vertrieb von PVC-Bodenbelägen und Fertigparkett vereint. Die Gesamtinvestition des Unternehmens beläuft sich auf 30 Millionen US-Dollar, die Fläche beträgt 96.000 Quadratmeter.",,+66 659516936,,Khao Khan Song 88/8 88/8 Moo 10 20110 Sri Racha Thailand,,
Antico Filo',"Halle 21, Stand A52","Antico Filo specializes in the production and supply of high-quality wooden flooring, custom staircases, and baseboards. We combine craftsmanship, design, and innovation to offer elegant and durable solutions that enhance any space with natural materials and meticulous attention to detail. Our products are CE certified, ensuring compliance with the highest European standards of safety and performance.<br/>As a company, we place the utmost importance on environmental responsibility. Our wooden floors are produced with eco-conscious methods and sustainable sourcing, making them comparable to a pristine forest in terms of natural beauty and environmental harmony. With years of experience and a strong commitment to quality and sustainability, Antico Filo stands for excellence in the field of interior wood finishes.",,+39 0438 975174,https://anticofilo.it,Via Pra Della Fiera 55 Sernaglia della Battaglia 31020 Falze' Di Piave Italien,,
Area Floors Zemin Kaplamalari,"Halle 20, Stand C18","Willkommen bei Area Floors in der pulsierenden Stadt Istanbul, Türkei. Wir sind ein führender Hersteller von hochwertigen Bodenbelagslösungen, der es sich zur Aufgabe gemacht hat, Räume mit unseren außergewöhnlichen Produkten zu verwandeln.<br/><br/>Area Floors wurde 2022 gegründet und hat sich schnell einen hervorragenden Ruf in der Branche erworben. Unsere vollautomatische Anlage nutzt modernste Technologie, um Präzision und Effizienz in jedem Schritt des Herstellungsprozesses zu gewährleisten. Dieses Engagement für die Automatisierung ermöglicht es uns, stets erstklassige Bodenbelagslösungen zu liefern.<br/><br/>Wir sind sehr stolz auf unser Engagement für hochwertige Handwerkskunst. Jedes Bodenbelagsprodukt wird sorgfältig aus den besten Materialien hergestellt, um sowohl Haltbarkeit als auch Ästhetik zu gewährleisten. Unsere breite Kollektion umfasst eine Reihe von Stilen und Designs, so dass Sie die perfekte Bodenbelagslösung finden können, die Ihrem Geschmack und Ihren Anforderungen entspricht.",,+90 212 7415161,https://areafloors.com.tr,"Ömerli Mah., Ilgaz Sok.Ic Kapi No:1 34555 Arnavutköy Türkei",,
Arezou Intrade,"Halle 21, Stand B33",,,+62 2715722480,,"Jl. Raya Telukan Cuplik RT 02/RW 0 Dusun II, Kel. Parangjoro, Kec. Grogol 57552 Sukoharjo Indonesien",,
Armada Duvar Kagitlari,"Halle 21, Stand B40","Decowall Walcoverings mit seiner 18.000 m² großen Fabrik und hochmodernen Maschinen im Industriegebiet von Mersin ist der einzige und erste Hersteller von Wandverkleidungen in europäischer Qualität in der Türkei.<br/><br/>Im Jahr 2003 stieg unser Unternehmen durch Importe in die Tapetenindustrie ein und begann 2012 mit der Produktion, um einen Beitrag zur Wirtschaft zu leisten und seinen Kunden einen besseren Service zu bieten.<br/><br/>Decowall Walcovering überträgt derzeit Technologien aus Italien und produziert unter der Leitung eines internationalen professionellen Designteams fleißig Designarbeiten.<br/><br/>Decowall verfügt über die Zertifizierungen ISO 9001:2008, ISO 14001:2004, CE und TSE (Türkische Normungsorganisation) EN 233, EN 234.<br/><br/>Unser Unternehmen bietet seinen Kunden hochwertige Produkte nach europäischen Standards, wettbewerbsfähige Preise und schnelle Lieferung.",,+90 3246764776,,"Mersin 1.osb, 8 Cad. No: 6 33443 Mersin Türkei",,
Asahi Trading,"Halle 23, Stand A79","As a ""trading company"" ASAHI had been importing various loopers. However, tufters reported that none of those loopers could provide sufficient cutting ability to cut some kinds of yarn. So ASAHI TRADING developed a looper to meet that need together with the concerned. That is TTQ Looper. Since then, TTQ keeps improving year by year.<br/><br/>We are a ""trading company"", but if something is needed and it is not in the market, we have been trying to create whatever required such as machine, parts, etc., and introduce it to the market. TTQ is one of them.",,+81 722236329,https://asahitra.co.jp,"Kaino-Cho Higashi, Sakai Ku 1-1-10, HK Build. Sakai-ku 590-0953 Japan",,
AST-CJ,"Halle 21, Stand A53",Wir sind ein Hersteller von Naturholzböden.Das Unternehmen AST begann vor über 30 Jahren mit der Produktion. Von Anfang an konzentrierte sich die Produktion ausschließlich auf Produkte aus 100 % Massivholz.,,,,Parkowa 1 64-234 Barchlin Polen,,
Auer Metallprofile,"Halle 21, Stand F37","Die Auer Metallprofile GmbH hat seit 1990 ihre Kompetenz in der Herstellung von Parkett-, Laminat- und Klickdesignprofilen, Treppenkanten und Übergangsprofilen aus Aluminium, Edelstahl, Messing und PVC für unterschiedlichste Anwendungen. <br/>Zudem gehören Sockelleisten, Läuferstangen, Fließen- und Bauprofile, sowie Befestigungszubehör und Laserarbeiten zum Sortiment. <br/>Großzügige Produktionsanlagen mit modernster Technologie ermöglichen es, den derzeitigen und zukünftigen Anforderungen des Marktes gerecht zu werden. <br/>- 9000 m² Produktionsfläche <br/>- über 700.000 Profile auf Lager <br/>Das heißt auch, dass wir unser Sortiment ständig im Sinne unserer Kunden erweitern. <br/>Effiziente Herstellungsmethoden garantieren: <br/>ein vernünftiges Preis - Leistungsverhältnis, hohe Produktionskapazität und intelligente Logistik, die Lieferfähigkeit ""just in time"". <br/>Die Auer Metallprofile GmbH hat ihren Sitz in Aue, Deutschland, und beschäftigt gegenwärtig 42 Mitarbeiter.",,+49 3771 2868-0,https://auer-metallprofile.de,Muldenstr. 2 08280 Aue-Bad Schlema Deutschland,,
Awood,"Halle 21, Stand A37","Awood ist hochspezialisiert auf die Lieferung von Outdoor-Parkett und Wandparkett, aus eigener Produktion und mit einer begrenzten Auswahl an internationalen Top-Marken. So wurde wertvolles Know-how gewonnen, um professionell zwischen diesen verschiedenen Top-Marken wechseln zu können:<br/><br/>- Stabile und langlebige Harthölzer wie Garapa, Alungu, Padouk und Ipé für Supreme Outdoor-Parketts.<br/>- Moso Bamboo X-treme mit BREEAM-Zertifikat und enormer Härte dank patentiertem Produktionsprozess.<br/>- Fiberon mit PermaTech-Beschichtung, welches die Farbe beibehält, ein Rutschfestigkeits-Zertifikat hat und kostengünstig zu warten ist.<br/>- Improved Oak aus amerikanischer Eiche aus unserer Region. Dank Hightech-Wärmemodifikation in den Niederlanden hat dieses europäische Hartholz stark verbesserte Eigenschaften. Keine Gerbsäuren mehr nötig, viel stabiler, Benutzerklasse 2 und härter als viele Weichholz-Modifikationen.",,+31 413249885,,Weverstraat 14 5405 BN Uden Niederlande,,
AYM Syntex,"Halle 23, Stand D63",,,+91 2261637 -000,https://aymsyntex.com,"Senapati Bapat Marg., Lower Parel Kamala City 9th Floor, Trade World B Wing Mumbai 400013 Indien",,
AZUMI Machinery (Jiangsu),"Halle 23, Stand D36",,,+86 51987326698,https://azumi-bj.com,Sugaoxin Nanda Innovation Park No. 1 Zhongguancun Village 213376 Liyang China,,
Baglinox,"Halle 21, Stand C31",Mit mehr als 30 Jahren Erfahrung im Bereich Bodenbeläge hat sich Baglinox auf die Herstellung von dekorativen Profilen für Bodenfugen spezialisiert. Unsere Produktpalette umfasst Lösungen aller Art. Basmat hat das Klicksystem für Eingangsmatten entwickelt. Baglinox - Basmat ist Spaniens führendes Unternehmen für Eingangsmatten-Systeme. Baglinox - Basmat exportiert seine Produkte in mehr als 30 Länder auf allen 5 Kontinenten.,,+34 948 290552,,Calle L 27 Pol. Comarca 1 31160 Orcoyen Spanien,,
Baltic Wood,"Halle 21, Stand B70",,,+48 13 49165-00,https://balticwood.pl,ul. Fabryczna 6a 38-200 Jaslo Polen,,
Bamdura,"Halle 21, Stand C30","We are a young, dynamic company with a passionate management. We focus entirely on manufacturing of bamboo products. Because there is so much exploitation perpetrated on the last decades our forests worldwide, we promote the use of bamboo as an alternative to the use of hard wood.",,+31 486437 -681,https://bamdura.com,Korte Stukken 8 5371 MN Ravenstein Niederlande,,
"Barbosa, A.","Halle 21, Stand A72","Das Familienunternehmen begann seine Tätigkeit im Jahr 1991 und wählte eines der edelsten Geschenke der Natur als seinen Rohstoff.<br/>Anfangs war A.Barbosa ein Unternehmen mit rein kommerziellen Grundlagen, das im Laufe der Jahre einige Veränderungen durchmachte, neue Einrichtungen, neue Logos und neue Marketingsektoren erwarb.<br/>Mit der Entwicklung des Marktes und dem wachsenden Bedarf der Kunden an immer unterschiedlicheren Produkten erfuhr A.Barbosa im Jahr 2008 einen starken Wandel. Dieses Jahr ist durch den Erwerb eines Holzsägewerks gekennzeichnet und mit Hingabe und Dynamik verwandelte A.Barbosa dieselben Einrichtungen in eine Holzindustrie, in der die unterschiedlichsten Produkte für die Zimmerei hergestellt werden.",,+351 224 119-490,https://abarbosa.pt,Rua Salvador Leite nº 57 4585-801 Paredes Portugal,,
"Barth & Co., F. W.","Halle 20, Stand C70",,,+49 2161 995599,,Fuggerstr. 25 41352 Korschenbroich Deutschland,,
BEFAG Parkett,"Halle 21, Stand B61","Die BEFAG Parkett GmbH ist eine Tochtergesellschaft der Bakonyerdő Zrt. Das Vorgängerunternehmen begann bereits 1976 mit der Parkettproduktion in der malerischen Region nahe dem Balaton, im Herzen von Europa und Ungarn, was uns eine ideale geografische Lage verschafft. Der Markenname BEFAG steht in ganz Europa für exzellente und zuverlässige Fertigparkettprodukte, die von Fachhändlern, Bauunternehmen, Bauherren und Wohnungseigentümern geschätzt werden. Unser Sortiment umfasst eine breite Auswahl an Parketten mit hervorragendem Gebrauchswert, das kontinuierlich erneuert wird, und wir legen großen Wert auf den Schutz der nachhaltigen Umwelt sowie die hohe Zufriedenheit der Kunden. Diese Grundsätze bilden die wesentlichen Säulen unserer Geschäftstätigkeit. Seit unserer Gründung ist es unser Ziel, all die Vorteile, die sich aus unserer Philosophie, Unternehmensgröße, Eigentümerkultur und Firmenstruktur ergeben, unseren Partnern zur Verfügung zu stellen.",,+36 87511310,,Külterület hrsz. 0169/2 8300 Tapolca Ungarn,,
Bijlard International,"Halle 21, Stand B20","Seit 1956 entwickelt, produziert und vertreibt Bijlard International Leime und Kitte für den professionellen Markt.<br/>Bijlard hat sich in all den Jahren einen äußerst treuen Kundenkreis erarbeitet. <br/>Wir liefern Leime, die auf die Wünsche des Kunden zugeschnitten sind. Alle Produkte von Bijlard International unterliegen einer ständigen Qualitätskontrolle durch die Abteilung F&E. Jede Mischung wird sorgfältig überwacht und analysiert, um Ihnen als Kunde das beste Produkt liefern zu können. <br/>Darüber hinaus ist die Abteilung F&E für die Entwicklung neuer Produkte, Produktionsoptimierung, Rezepturen und das Testen von Klebstoffen auf neuen Materialien zuständig.<br/>Unsere Produkte bewähren sich in der holzverarbeitenden Industrie, im Innenausbau und in der Fußbodenbranche. Mit kostenloser Beratung in der Praxis und mit Möglichkeiten zur Beschleunigung und effektiveren Gestaltung von Produktionsverfahren ist Bijlard mehr als ein Lieferant. Bijlard...a bond you can trust!",,+31 7934375 -38,https://bijlard.com,Platinastraat 141 2718 SR Zoetermeer Niederlande,,
Binzhou Eastsun New Material,"Halle 22, Stand D08","BINZHOU SUNSHIEN WPC Co. Ltd. ist ein professioneller Hersteller von Holz-Kunststoff-Verbundwerkstoffen, der 2012 gegründet wurde. Unser Werk umfasst eine Fläche von mehr als 100.000 Quadratmetern und beschäftigt über 200 Mitarbeiter. SUNSHIEN ist seit über einem Jahrzehnt im Bereich Verbundwerkstoffe tätig. Wir pflegen langfristige Kooperationsbeziehungen mit vielen Universitäten und Forschungseinrichtungen in China.<br/><br/>SUNSHIEN WPC produziert hauptsächlich WPC-Terrassendielen, Zäune, Wandverkleidungen und andere WPC-Produkte für den Außenbereich. Wir haben Hunderte von WPC-Formen entwickelt, um den Bedürfnissen unserer Kunden gerecht zu werden. Wir freuen uns darauf, Kooperationsbeziehungen mit Händlern weltweit aufzubauen und lokale Märkte zu erschließen, um den Menschen ein grünes Leben im Freien zu ermöglichen.",,+86 5436274188,,Xixiaowang Industrial Park Wudi County 251904 Binzhou China,,
BK Parket,"Halle 21, Stand A21","BK Parket, s.r.o. ist ein slowakischer Hersteller von hochwertigen Hartholzböden für Wohn- und Geschäftsräume. Mit jahrelanger Branchenerfahrung bieten wir eine breite Auswahl an erstklassigem Hartholzbodenbelag, der zeitloses Design, langlebige Qualität und verantwortungsvoll beschaffte lokale Materialien vereint.<br/><br/>Anfang 2024 erweiterte BK Parket die Produktion um eine neue Fertigungsanlage mit Kapazitäten für die Herstellung von zusätzlich mehr als 5000 Quadratmetern Bodenmaterial.<br/><br/>Die neue Anlage erfüllt moderne Produktionsanforderungen und Industriestandards. Zusätzlich zu unserem Standardportfolio bieten wir Flexibilität, unsere Prozesse an die einzigartigen Bedürfnisse unserer strategischen Partner anzupassen.<br/><br/>Unser Produktangebot umfasst:<br/>• Mehrschichtige Eichenparkettprodukte<br/>• Große Vielfalt an Oberflächen, Abmessungen und maßgeschneiderten Lösungen<br/>• Vollständig anpassbare Bodenoptionen, einschließlich Private Label unter eigener Marke.",,+421 915-727-538,https://bkparket.com,G. Svéniho 2727/10 971 01 Prievidza Slowakei,,
BOEN Parkett Deutschland,"Halle 21, Stand D34, (8)","BOEN ist ein europäischer Entwickler, Produzent und Anbieter hochwertiger Holzböden mit Wurzeln, die bis ins Jahr 1641 zurückreichen. Handwerkliche Tradition, skandinavische Klarheit und die Nähe zur Natur prägen die Identität der Marke. Bis heute tragen BOEN-Böden die Ruhe der nordischen Wälder und die Kraft ungezähmter Natur in sich – und machen sie zu einem selbstverständlichen Teil moderner Lebensräume. BOEN steht für eine breite Auswahl an Oberflächen, Holzarten, Designs und Formaten in höchster Qualität. Als zuverlässiger und kompetenter Partner liefert das Unternehmen seine Produkte in über 60 Länder weltweit. Neben Produktionsstätten in Litauen, Kroatien und der Schweiz verfügt BOEN über lokale Vertriebsbüros sowie ein starkes Netzwerk an Partner:innen.",,+49 4542 8003-0,,Papenkamp 2-6 23879 Mölln Deutschland,,
Bossen New Materials,"Halle 20, Stand E45","Bei Bossen New Materials Corp sind wir stolz auf unser Engagement für Qualität, Sicherheit und Kundenzufriedenheit. Unser Expertenteam arbeitet eng mit unseren Kunden zusammen, um maßgeschneiderte Lösungen zu liefern, die nicht nur den Industriestandards entsprechen, sondern auch die Erwartungen übertreffen. Mit unserem Fokus auf nachhaltige Praktiken und kontinuierliche Verbesserung möchten wir einen positiven Beitrag zum Erfolg unserer Kunden und zum Wohlergehen unseres Planeten leisten.<br/>Begleiten Sie uns auf unserem Weg, neue Materialien zu entwickeln, die die Zukunft von Technologie und Industrie prägen werden.",,+1 6789866781,,"Old Belwood Rd SE No.115 Calhoun, GA 30701 Vereinigte Staaten (USA)",,
Bostik,"Halle 21, Stand D34, (28)","Bostik ist ein weltweit führender Klebstoffspezialist für Bau, Verbraucher und Industrie. Seit mehr als einem Jahrhundert entwickelt das Unternehmen innovative Dicht- und Klebelösungen, die intelligenter sind und sich besser an die Gegebenheiten des täglichen Lebens anpassen. Von der Wiege bis zum Grab, von Zuhause bis zum Arbeitsplatz - die intelligenten Klebstoffe von Bostik sind überall zu finden.",,+49 5425 801-0,https://bostik.de,Industriestr. 3-11 33829 Borgholzhausen Deutschland,,
Brallent Internationale Trade,"Halle 20, Stand D46",,,+1 6399989752,,Louise Ave 1121 Saskatoon S7H 2P8 Vereinigtes Königreich,,
Buildwell Living,"Halle 20, Stand E49","Buildwell Living Ltd. mit Hauptsitz in Vancouver, British Columbia, Kanada, ist fest im nordamerikanischen Markt etabliert. Das Unternehmen verfügt über ein führendes und effizientes Lieferketten- und Vertriebssystem für PVC-Platten, Dekorplatten, Profile, Geländer und Zäune.<br/><br/>Buildwell Living hat drei zentrale Industriesegmente entwickelt: PVC-Platten, Profile und Bodenbeläge. Zu den Hauptprodukten zählen umweltfreundliche PVC-Schaumplatten, PVC-Profile, Geländer- und Zaunsysteme, Verbundsteinböden und Wandpaneele. Diese Materialien sind nachhaltige Alternativen zu Holz und Metall und zeichnen sich durch zahlreiche Vorteile aus: Sicherheit, Umweltschutz, Wasser- und Feuerbeständigkeit, Wärme- und Schalldämmung, Maßstabilität, Alterungsbeständigkeit, ästhetische Wirkung sowie einfache Installation.",,+1 778831777,,"W 75th Ave 1568 Unit 107 Vancouver, BC V6P 6Z7 Kanada",,
Burgeree New Tech Jiangsu,"Halle 22, Stand A08","Burgeree New Tech Jiangsu Co.,Ltd. wurde 2012 gegründet und hat seinen Sitz in Changshu City auf einer Fläche von 66.000 Quadratmetern. Das Unternehmen konzentriert sich auf die Forschung und Entwicklung, das Design, die Produktion und den Vertrieb von akustischen Baumaterialien und bietet seinen Kunden technische Unterstützung bei der Anwendung akustischer Produkte sowie professionelle akustische Lösungen für den Bau. Die Produktionskapazität und der Marktanteil des Unternehmens sind branchenweit führend. Seit seiner Gründung hat sich Burgeree stets der technologischen Innovation von PET-Akustikmaterialien im Bereich Bauwesen und Büroarbeit verschrieben und sich zum Branchenführer und -förderer entwickelt.",,,,Xinggang Rd No.46 215513 Changshu China,,
Campico Global Flooring,"Halle 21, Stand A19/1","In Kambodscha stellen wir technische Holzböden mit Arten wie europäischer Eiche, Hickory, Ahorn und Walnuss her. Die Kapazität beträgt etwa 3 Millionen Quadratmeter pro Jahr. Gesägte, gemesserte und geschälte Furniere sind alle erhältlich.<br/>Wir haben auch eine Fabrik in Serbien errichtet, die europäische Eichenlamellen sowohl in gesägter als auch in geschnittener Form herstellt.",,,,Sihanouk Special Economic Zone C34-16 180101 Sihanoukville Kambodscha,,
Camsan Entegre Agac,"Halle 20, Stand B18","Çamsan Entegre Ağaç Sanayi ve Ticaret A.Ş, which is proud to be the first company to bring this technology to our country, continues its leadership in the sector in terms of quality and product range. Çamsan Entegre Ağaç Sanayi ve Ticaret A.Ş, which carries all responsibility of being the first and pioneer company in its sector, cis the first company that come into mind when MDF and Laminate PARQUET is considered with its production understanding without compromising quality.<br/><br/>Our company which placed among Turkey's top 500 companies for long years, are increasing its exports by increasing its hold on international markets as leader of domestic market and sector.",,+90 21228462 -43,https://camsan.com.tr,Büyükdere Cad. Oto San. Girisi Emektar Sok. No:4 Kat:2 34415 Kagithane Türkei,,
CD Design Studio,"Halle 20, Stand D31","Established in 1992 in St. Gallen Switzerland, CD Design Studio is an independent design studio with over 30 years of industrial expertise in state-of-art surface design. Our strong customer network consists of global market leaders in embossed wallpaper, furniture surfaces, hard surface flooring including laminate, WPC, LVT & SPC, sheet vinyls, as well as carpet tile and other soft surface floor covering.<br/>All our designs are exclusively made in Switzerland. In our St. Gallen creative hub, we have a team of talented designers and conceptual artists producing breath-taking collections that set international industrial impact. We source new materials daily and craft stunning 3D surfaces by hand. The design possibilities of different raw materials are endless and each design is uniquely transformed with vast imagination and exquisite handcraft. After crafting, the artwork will be digitalised by our in-house high precision 3D scanner.",,+41 713857151,,Alpsteinstr. 4 9204 Andwil Schweiz,,
Centre Technique de Creation,"Halle 23, Stand B93",,,+216 71791819,,Rue Kairouan 14 1006 Tunis Tunesien,,
Changshu Xuanhang Textile,"Halle 23, Stand C79",,,,,"Fushun Road, Changfu Street No.10 215557 Changshu China",,
Changzhou Aipu Decorative,"Halle 22, Stand D21",,,+86 51988508567,https://aipufloor.com,"Hengcui Road No. 12 Henglin Town, Wujing District 213103 Changzhou China",,
Changzhou Art Decoration Materials,"Halle 23, Stand D36",,,,,"Tenghui Road, No.8 Zouqu Town, Zhonglou District 213000 Changzhou China",,
Changzhou BaoSheng Wood,"Halle 22, Stand D57","Changzhou Baosheng Wood Industry ist ein führender Hersteller und Lieferant von hochwertigen Bodenbelagsprodukten. Mit über jahrzehntelanger Erfahrung hat sich unser Unternehmen in der Branche einen guten Ruf für die Herstellung innovativer, langlebiger und umweltfreundlicher Bodenbelagslösungen erworben.",,+86 51988507088,https://baoshengfloor.com,"Changhong East Road, No. 109 Henglin Town, WuJin District 213101 Changzhou China",,
Changzhou City Yungchang Decorative,"Halle 22, Stand E30",,,+86 51989618087,,"Zhaojia Road, No.5 Henglin Town, Wujin District 213101 Changzhou China",,
Changzhou Dege Decorative Material,"Halle 22, Stand D08","DEGE is One-Stop Supplier of Your Floors and Walls Solutions. DEGE was estabilished in Changzhou City, Jiangsu Province in 2008, focusing on the research, development, production and sales of flooring and wall panel materials. We provide both OEM services and our own brand in the whole world based on Excellent Quality, Competitive Prices, Fast Delivery. Now the oversea market covers United States, Canada, Mexico, Australia, United Kingdom, Germany, Czech, Holland, Norway, India, Malaysia, Vietnam, Singapore, Saudi Arabia, Colombia, Chile, South Africa, Russia, etc.Our aim is to provide the highest cost performance and one-stop Decorative Materials to all over the world and let our brand becomes popular throughout the world.",,+86 519 83828201,https://degeflooring.com,Heping Road 388 Tianning District Building B 213000 Changzhou City China,,
Changzhou Delai New Material,"Halle 22, Stand D31","Wir, Changzhou Delai New Materials and Technology Co., Ltd., sind ein großer Hersteller, der sich auf die Produktion von SPC-Bodenbelägen und Laminatböden spezialisiert hat. Unsere Fabrik wurde 2001 gegründet und umfasst eine Fläche von 30.000 Quadratmetern.<br/><br/>Fünf komplette Produktionslinien mit einer Jahresproduktion von 6 Millionen Quadratmetern stärken unsere Produktionskapazität für den nationalen und internationalen Markt.<br/><br/>Dank modernster Ausrüstung, einem engagierten und professionellen Mitarbeiterteam und einem strengen Qualitätsmanagement ist die Qualität unserer Bodenbeläge stets auf einem hohen Niveau geblieben.<br/><br/>Unser Ziel ist es, Menschen weltweit ein komfortables und gesundes Leben zu ermöglichen. Wir freuen uns auf eine langfristige Zusammenarbeit mit Ihnen.",,+86 51988508669,,"Gongqing Village, Henglin Town, Wujin District 213101 Changzhou China",,
Changzhou Haichen Packing,"Halle 22, Stand D38","Technologie vor Ort: spezialisiert, seit 10 Jahren machen wir nur Bodenmatten und Schutzfolien, wegen des Fokus, so wählen wir, kann nach Ihren Bedürfnissen 1 zu 1 angepasst werden. Hohe Qualität und niedriger Preis: Wir haben unsere eigene Fabrik, unser eigenes Mitarbeiterteam, so dass wir den Preis günstiger als den Händler anbieten, damit Sie am wenigsten Geld ausgeben können, um zufriedenstellende Dinge zu kaufen. Sonnenschein-Service: Wir haben ein besonderes Angebot",,+86 51988783981,,"Changhe Road, No.557 Zhenglu Town, Tianning District 213115 Changzhou China",,
Changzhou Housewell New Materials,"Halle 23, Stand A20","CHANGZHOU HOUSEWELL NEW MATERIALS TECHNOLOGY CO.,LTD. ist ein professioneller Hersteller von SPC-Bodenbelägen und Laminatböden. Das Unternehmen hat seinen Sitz in Henglin Town, Changzhou City, der „Heimatstadt der chinesischen Bodenbeläge“. Das Unternehmen grenzt im Süden an die Nationalstraße 312 und im Norden an die Schnellstraße Shanghai-Nanjing.",,+86 51988501275,,"Tongrun Road, No.2 213103 Changzhou China",,
Changzhou Huahang Packing Materials,"Halle 23, Stand D36",,,+86 51988503078,https://cnhuahang.com,"Bangshang Road, No. 5 Cuiqiao North Industrial Zone,, Henglin 213101 Changzhou China",,
Changzhou Huan Sen WPC Tech,"Halle 22, Stand E30","Jiangsu Xingherui WPC Tech Co.,Ltd. ist ein privates Hightech-Unternehmen mit Sitz in Yixing City, China. Das Unternehmen ist auf die Forschung, Entwicklung und Produktion von Holz-Kunststoff-Verbundwerkstoffen für den Außenbereich spezialisiert. Dank modernster Ausrüstung und Produktionstechnik, einem strengen Qualitätskontrollsystem und normgerechten Produktionsprozessen ist das Unternehmen in der Lage, seinen Kunden hochwertige Lösungen für WPC-Produkte anzubieten. Das Unternehmen ist nach ISO9001 und ISO14001 zertifiziert, und alle Produkte verfügen über ein CE-, SGS- und ASTM-Zertifikat. Dank der hohen Qualität der Produkte und eines professionellen Teams werden die Produkte dieses Unternehmens in mehr als 30 Länder exportiert und genießen bei Kunden auf der ganzen Welt einen ausgezeichneten Ruf.",,+86 519 87912136,,"Xinshan North Road No.2 Xinkang Village Xueyan Town,, Wujin Dist 213000 Changzhou China",,
Changzhou Huaren Decorative Material,"Halle 22, Stand A38","Seit 2001 ist die Dekoration Material Co, LTD befindet sich in der Marketing <br/><br/>Marketingabteilung von Changzhou Ethylen und ist ein professioneller Hersteller von <br/><br/>Laminatfußböden und Bodenplatten, haben wir 15 Jahre Erfahrung in<br/><br/> Baumaterialien haben einen guten Ruf in diesem Bereich.",,+86 519 88463500,,"Changhong Road No.110 Henglin Town, Wujin District 213000 Changzhou China",,
Changzhou Juzhi New Material Technology,"Halle 23, Stand D36",,,+86 51988721535,,"Rende Road, No. 2 Henglin Town 213101 Changzhou China",,
Changzhou Kono Electronic Equipment,"Halle 23, Stand D36","Changzhou KONO Electronic Equipment Co., Ltd. wurde 1998 gegründet und hat seinen Sitz in der malerischen und verkehrsgünstig gelegenen Stadt Changzhou in der Nähe der internationalen Metropole Shanghai. Das Unternehmen ist ein Hightech-Unternehmen der Provinz Jiangsu, das sich auf die Konstruktion, Forschung und Entwicklung, Produktion und Herstellung verschiedener hydraulischer Geräte sowie Getriebe- und Fördersysteme spezialisiert hat.<br/><br/>Das Unternehmen konzentriert sich auf die Herstellung einer breiten Palette von automatischen und manuellen Kurzzyklus-Heißpressen für die Laminierung, vollautomatischen Laminierungsproduktionslinien, Einzel-/Mehrfachpressen für Melamin- oder Naturholzfurnier-Türbeschichtungen, Palettenformpressen, HPL-Feuerfestplatten-Produktionslinien, PVC/SPC-Bodenbelagpressen, verschiedenen Kaltpressen und anderen Spezialpressen.",,+86 51988552198,,"Jiangong Road, Daixi Street No.2 Luoyang Town Wujin District 213105 Changzhou China",,
Changzhou Lexuan New Material,"Halle 22, Stand A50","LEXUAN, als weltweit führender Hersteller von Bodenbelägen, begann unsere Reise im Jahr 1987 mit dem Engagement, durch die Herstellung der besten Bodenbeläge Glück zu bringen. Unser Werksangebot: Wasserdichtes Laminat, normales Laminat, SPC, Vinyl (trockener Rücken / Klick LVT / Looselay) und WPC-Bodenbelag. Mit dem Engagement für die Bodenbelagsindustrie und der Vision, ein Jahrhundertunternehmen zu werden, hört LEXUAN nie auf, das Beste zu verfolgen. Den Markttrend anzuführen, unseren Kunden und dem Planeten außergewöhnliche Bodenbelagslösungen und -dienstleistungen anzubieten und eine internationale Bodenbelagsmarke mit globalem Einfluss zu etablieren, ist immer unsere Mission. Wir schätzen Ihr Vertrauen, priorisieren Ihre Bedürfnisse und stellen den besten Bodenbelag her, nur um Sie von der Konkurrenz abzuheben.",,+86 519 88506878,,"Changpuwel Jiangnan Road No.128 Henglin, Wujin District 213000 Changzhou China",,
Changzhou Lingda Special Fibre,"Halle 23, Stand C63","Im modernen Leben kann uns Teppichboden ein elegantes, warmes und komfortables Wohnumfeld bieten und zu einem zeitlosen Klassiker werden, der Funktionen wie Wärmeisolierung und Feuchtigkeitsschutz erfüllt.<br/><br/>Die Jiangsu Lingda Chemical Group Co., LTD hat ihren Sitz in der Wasserstadt Zhaiqiao in der Nähe des wunderschönen Taihu-Sees. Das Unternehmen umfasst eine Fläche von 300 Mu und eine Gebäudefläche von 55.000 Quadratmetern. Das Unternehmen verfügt über komplette Sätze international fortschrittlicher Spinnmaschinen, Zwirnmaschinen und Thermofixiermaschinen aus Deutschland, der Schweiz und Frankreich.",,+86 51986266023,,"Wujin Qianhuang Lingtai Industry 1 Wujin District, Qianhuang Town 213177 Changzhou China",,
Changzhou Lingdian Wood,"Halle 23, Stand B06",,,+86 51988506883,https://chinalingdian.com,Cuirong Road 25 Henglin Town Rongfeng Village 213103 Changzhou China,,
Changzhou Proluxe Home Tech.,"Halle 22, Stand E20","Ihr professioneller Hersteller und Lieferant für Bodenbeläge<br/>Changzhou Proluxe Home Technology Co., Ltd. hat seinen Sitz in Changzhou, Provinz Jiangsu. Als professioneller Hersteller von wasserfesten Bodenbelägen und Wandpaneelen verfügen wir über mehr als 20 Jahre Erfahrung in diesem Bereich. Unsere Bodenbeläge werden in mehr als 60 Länder weltweit exportiert. Mit seinen technisch fortschrittlichen Produktionsanlagen, professionellen technischen Mitarbeitern und einem erfahrenen Vertriebsteam hat Changzhou Proluxe Home seine Position an der Spitze der Vinylbodenbranche behauptet.<br/><br/>Unsere Fabrik verfügt über ein strenges und umfassendes Qualitätskontrollsystem, um sicherzustellen, dass jedes einzelne Bodenbelag- und Wandpaneelstück den Anforderungen unserer Kunden entspricht. Alle Bodenbeläge und Wandpaneele werden vor dem Verladen geprüft. Unsere Fabrik verfügt über zahlreiche Zertifikate, darunter CE, IS9001, IS14001, SGS, Floorscore, DIBT und viele mehr.",,,,Wubei Road No.8 213101 Changzhou China,,
Changzhou Senhong Decorative Materials,"Halle 22, Stand D46","Wasserdichter Laminatboden, 100 % wasserdichter Holzfaserboden<br/><br/>Changzhou Senhong Decorative Material Co., Ltd wurde 2006 gegründet und ist ein Hersteller von wasserdichten Laminatböden, Laminatböden sowie einfach zu verlegenden SPC-Böden. Mit Sitz in Changzhou, Jiangsu, China, profitieren wir von einer guten Anbindung an wichtige Verkehrsnetze. Wir verfügen über mehr als 15 Jahre Erfahrung in den Bereichen Design, Produktion und Vertrieb und genießen in dieser Branche einen guten Ruf. Unsere Produkte werden weltweit in über 40 Länder und Regionen exportiert, darunter die USA, Kanada, Russland, Australien, Südkorea, Malaysia, der Nahe Osten und andere.",,+86 51988363880,,"Huazhuang, Qinxin Village 90 Yaoguan Town, Wujin District 213101 Changzhou China",,
Changzhou Surdecor Material,"Halle 23, Stand C50",,,+86 519 83862096,,Chaoyang Road No.1 Henglin Town 213100 Changzhou China,,
Changzhou Tooyei New Material,"Halle 23, Stand B15","Changzhou Tooyei New Materials Co., Ltd. ist ein modernisiertes Unternehmen, das Forschung und Entwicklung, Produktion, Verkauf und Service integriert und sich auf die maßgeschneiderte Verarbeitung von SPC -Schlossböden und anderen Produkten spezialisiert hat. Das Unternehmen erhält die Produktqualität von großer Bedeutung und betrachtet es als Lebensader des Unternehmens. Das Unternehmen verfügt über ein strenger Qualitätsbewusstsein und einen fortgeschrittenen Managementmodus. Wir kommen für unsere Kunden und werden immer nach hoher Kundenzufriedenheit streben. <br/><br/>Changzhou Tooyei New Materials Co., Ltd. hat von der Branche für ihre Integrität, Stärke und Produktqualität anerkannt. Wir werden unser Möglichstes tun, um mit neuen und alten Kunden kontinuierlich zu verbessern und beharrlich zusammenzuarbeiten. Wir begrüßen Freunde aus allen Lebensbereichen, um mit uns Geschäfte zu besuchen, zu führen und zu verhandeln.",,+86 51981817727,,South Ring East Road No 28 213300 Changzhou China,,
Changzhou Viyilesun Decorative Mat.,"Halle 22, Stand C32","Viyi Lesun wurde 2016 gegründet und ist auf die Herstellung von PVC-Bodenbelagsfolien spezialisiert, <br/><br/>die weithin in SPC, WPC, LVT verwendet werden.<br/><br/>Wir haben ODM-Fabrik und halten uns an die nachhaltige Entwicklung.",,+86 519 81882198,https://viyilesun.com,"Runhe Road, 2 Cuiqiao, Henglin Town, Wujin District 213000 Changzhou China",,
Changzhou Weiding Building Deco.,"Halle 23, Stand A30/1","Gegründet im Jahr 2001, auch bekannt als Changzhou Newgood Decorative Material Co., Ltd., ist ein professioneller Bodenbelagslieferant mit mehr als 23 Jahren Erfahrung in der Herstellung und im Export mit dem Ziel, Kunden durch die Herstellung des wunderschönen Bodenbelags glücklich zu machen.<br/><br/>Mit dem Engagement für die Bodenbelagsindustrie und der Vision, ein Jahrhundertunternehmen zu werden, hört NEWGOOD nie auf, das Beste zu verfolgen. Wir führen den Markttrend an und bieten unseren Kunden und dem Planeten außergewöhnliche Bodenbelagslösungen und -dienstleistungen. Eine internationale Bodenbelagsmarke mit globalem Einfluss zu etablieren, ist immer unsere Mission. Wir schätzen Ihr Vertrauen, priorisieren Ihre Bedürfnisse und stellen den besten Bodenbelag her, nur um Sie von der Konkurrenz abzuheben.",,,,"Gongqing Road, No.11 Changzhou Economic Develoment Zone, Heng 213000 Changzhou China",,
Changzhou Wujin Zhongtian Computerroom,"Halle 22, Stand D30",,,+86 51988501738,,"Weiying Road No.50 Cuiqiao Satellite Village,, Henglin Town 213103 Changzhou China",,
Changzhou Xinou New Material,"Halle 22, Stand B29","Die xinglong-firma xin xin tech and technology co., ein innovatives unternehmen, das umweltfreundliche neue produkte entwickelt und produziert, wurde 2018 gegründet und hat rund 166 hektar fläche mit einem gesamtwert Von 600 millionen quadratmetern in den elyen-bezirk ullin investiert. Die registrierte summe beträgt 2,1 millionen dollar. Die firma hat großes ""PVC"" -boden, spc-boden, WPC produktionsausrüstung, aber auch high-end-tech - und modernste forschungs - und entwicklungsausrüstung, und kombiniert internationale fortgeschrittene technologie sowie moderne produktion - und fertigungsmethoden, welche das konzept der recyclingentwicklung und umweltgerechter ""umweltgerechter"" umweltlehre sind.",,+86 519 88507797,https://czxinou.com,"Boyang Road, No.168 Rulin Town, Jintan District 213200 Changzhou China",,
Changzhou Yifeng New Materials,"Halle 22, Stand C36",,,+86 519 83204497,,"Longcheng Avenue No.2687 Benniu Town, Xinbei District 213100 Changzhou China",,
ChangZhou Zhonglong Wood,"Halle 22, Stand A64","Located in the Flooring Town-Changzhou, China,<br/>With more than 20 years exporting to all over the world,<br/>LZL FLOORS is the most professional manufacturer in the flooring market.<br/>Our Advantage: More than 80 kinds of different EIR solution, continuous development in the new pattern every month.<br/>What we are doing: Exporting our products to Leroy Merlin, Home Depot, Lowes, and all professional buyers in the world.<br/>What we have for you: 40 sets of hot-press machine, 6 sets of profiling machine, 2 sets of mix-milling machine, 4 sets of UV-coating line, increasing extrusion line, 2 in-house labs, R&D team, etc. <br/>Our capacity:1000 containers capacity per month, including SPC Flooring, WPC Flooring, Vinyl Flooring, ABA Flooring , etc.<br/>Certificate:Floorscore, A+, Reach, ROHS, and all kinds of certificate for promotion.<br/>With our high efficiency and continually innovative products, LZL FLOORS warmly welcome you to our factory to share your time and recommendation.",,+86 51985780938,,"Xinsheng Road No.7 Honglian Industrial Zone,, Henglin Town, 213103 Changzhou China",,
Cherusserikalam Group,"Halle 23, Stand B68/4","Cherusserikalam Group is one of the leading manufacturers and exporters of Rubber Mat, Rubber Runners/ Rolls, Coir Mats and Polypropylene Mats. Cherusserikalam Group started their production units in the year 2000 with a burning passion to create high quality flooring mats. Cherusserikalam Group production units are located in the rubber capital of India – Kottayam.<br/>Cherusserikalam Group always work towards achieving customer satisfaction by meeting and exceeding expectations through supply of quality products at best prices at the right time. We have adopted proficient manufacturing process with constant improvement for the effectiveness of our quality management system. All our products passes through a series of quality checking before the final packing. The quality checking starts from the selection of raw material to the final packing.",,,https://cherusserikalamgroup.com,Neelamperoor P.o. 20/150 Kurichy Kottayam 686534 Indien,,
Chimiver Panseri,"Halle 21, Stand D37","CHIMIVER PANSERI S.p.A. ist seit mehr als 45 Jahren am nationalen und internationalen Markt tätig. Der ständige Kontakt mit Fachspezialisten, die Erfüllung derer Erwartungen und unsere Beobachtungsgabe für Details, geben uns die Möglichkeiten auf einen sich ständig wechselnden Markt mit entsprechenden Produkten zu beliefern. Diese Handlungsweise wird von unseren Kunden sehr geschätzt, die täglich Chimiver Artikel benutzen.<br/><br/>Es sind die einfachen und speziellen Erwartungen unserer Kunden, die unsere Entscheidungen lenken und ein Spitzenerzeugnis garantieren. Chimiver hat hohe Investitionen in moderne Anlagen getätigt, die mit höchstem Qualitätsanspruche den gesamten Fertigungsprozesses begleiten.<br/><br/>Chimiver hat die Fähigkeit auf jede Nachfrage am Markt von vornhinein zu reagieren, diese Handlungsweise des Unternehmens hat sich schon immer ausgezeichnet. Chimivers Anfänge auf dem Markt war die Produktion von Holzlacken, vor allem für Parket.",,+39 035 795031,https://chimiver.com,Via Bergamo 1401 24030 Pontida Italien,,
China / Gemeinschaftsstand CCFNA,"Halle 23, Stand D36",,,+86 10871098 -93,https://cccfna.org.cn,"Guangqumennei Street No. 80 Dongcheng District 4/f., Talent International Bldg. 100062 Beijing China",,
China / Gemeinschaftsstand CCFNA,"Halle 23, Stand C17",,,+86 10871098 -93,https://cccfna.org.cn,"Guangqumennei Street No. 80 Dongcheng District 4/f., Talent International Bldg. 100062 Beijing China",,
China / Gemeinschaftsstand CCFNA,"Halle 23, Stand C34",,,+86 10871098 -93,https://cccfna.org.cn,"Guangqumennei Street No. 80 Dongcheng District 4/f., Talent International Bldg. 100062 Beijing China",,
China / Gemeinschaftsstand CCFNA,"Halle 23, Stand B34",,,+86 10871098 -93,https://cccfna.org.cn,"Guangqumennei Street No. 80 Dongcheng District 4/f., Talent International Bldg. 100062 Beijing China",,
China / Gemeinschaftsstand CCFNA,"Halle 23, Stand C33",,,+86 10871098 -93,https://cccfna.org.cn,"Guangqumennei Street No. 80 Dongcheng District 4/f., Talent International Bldg. 100062 Beijing China",,
China / Gemeinschaftsstand CCFNA,"Halle 23, Stand B33",,,+86 10871098 -93,https://cccfna.org.cn,"Guangqumennei Street No. 80 Dongcheng District 4/f., Talent International Bldg. 100062 Beijing China",,
China / Gemeinschaftsstand CCFNA,"Halle 23, Stand A34",,,+86 10871098 -93,https://cccfna.org.cn,"Guangqumennei Street No. 80 Dongcheng District 4/f., Talent International Bldg. 100062 Beijing China",,
China / Gemeinschaftsstand CCFNA,"Halle 23, Stand A48",,,+86 10871098 -93,https://cccfna.org.cn,"Guangqumennei Street No. 80 Dongcheng District 4/f., Talent International Bldg. 100062 Beijing China",,
China / Gemeinschaftsstand CCFNA,"Halle 23, Stand A35",,,+86 10871098 -93,https://cccfna.org.cn,"Guangqumennei Street No. 80 Dongcheng District 4/f., Talent International Bldg. 100062 Beijing China",,
"China / Gemeinschaftsstand, HMFC","Halle 23, Stand B80",,,+86 212055 7000,https://hmf-china.com,"Lanhua Rd No. 308 Pudong New District 15F, Tower A, Infun World 201204 Shanghai China",,
"China / Gemeinschaftsstand, HMFC","Halle 22, Stand A50",,,+86 212055 7000,https://hmf-china.com,"Lanhua Rd No. 308 Pudong New District 15F, Tower A, Infun World 201204 Shanghai China",,
"China / Gemeinschaftsstand, HMFC","Halle 22, Stand B29",,,+86 212055 7000,https://hmf-china.com,"Lanhua Rd No. 308 Pudong New District 15F, Tower A, Infun World 201204 Shanghai China",,
"China / Gemeinschaftsstand, HMFC","Halle 23, Stand A52",,,+86 212055 7000,https://hmf-china.com,"Lanhua Rd No. 308 Pudong New District 15F, Tower A, Infun World 201204 Shanghai China",,
"China / Gemeinschaftsstand, HMFC","Halle 22, Stand E30",,,+86 212055 7000,https://hmf-china.com,"Lanhua Rd No. 308 Pudong New District 15F, Tower A, Infun World 201204 Shanghai China",,
"China / Gemeinschaftsstand, HMFC","Halle 22, Stand D38",,,+86 212055 7000,https://hmf-china.com,"Lanhua Rd No. 308 Pudong New District 15F, Tower A, Infun World 201204 Shanghai China",,
"China / Gemeinschaftsstand, HMFC","Halle 22, Stand D30",,,+86 212055 7000,https://hmf-china.com,"Lanhua Rd No. 308 Pudong New District 15F, Tower A, Infun World 201204 Shanghai China",,
"China / Gemeinschaftsstand, HMFC","Halle 22, Stand D22",,,+86 212055 7000,https://hmf-china.com,"Lanhua Rd No. 308 Pudong New District 15F, Tower A, Infun World 201204 Shanghai China",,
"China / Gemeinschaftsstand, HMFC","Halle 22, Stand E02",,,+86 212055 7000,https://hmf-china.com,"Lanhua Rd No. 308 Pudong New District 15F, Tower A, Infun World 201204 Shanghai China",,
"China / Gemeinschaftsstand, HMFC","Halle 22, Stand B07",,,+86 212055 7000,https://hmf-china.com,"Lanhua Rd No. 308 Pudong New District 15F, Tower A, Infun World 201204 Shanghai China",,
"China / Gemeinschaftsstand, HMFC","Halle 22, Stand D19",,,+86 212055 7000,https://hmf-china.com,"Lanhua Rd No. 308 Pudong New District 15F, Tower A, Infun World 201204 Shanghai China",,
"China / Gemeinschaftsstand, HMFC","Halle 22, Stand C04",,,+86 212055 7000,https://hmf-china.com,"Lanhua Rd No. 308 Pudong New District 15F, Tower A, Infun World 201204 Shanghai China",,
"China / Gemeinschaftsstand, HMFC","Halle 22, Stand A04",,,+86 212055 7000,https://hmf-china.com,"Lanhua Rd No. 308 Pudong New District 15F, Tower A, Infun World 201204 Shanghai China",,
"China / Gemeinschaftsstand, HMFC","Halle 23, Stand C79",,,+86 212055 7000,https://hmf-china.com,"Lanhua Rd No. 308 Pudong New District 15F, Tower A, Infun World 201204 Shanghai China",,
"China / Gemeinschaftsstand, HMFC","Halle 23, Stand C67",,,+86 212055 7000,https://hmf-china.com,"Lanhua Rd No. 308 Pudong New District 15F, Tower A, Infun World 201204 Shanghai China",,
"China / Gemeinschaftsstand, HMFC","Halle 23, Stand D67",,,+86 212055 7000,https://hmf-china.com,"Lanhua Rd No. 308 Pudong New District 15F, Tower A, Infun World 201204 Shanghai China",,
"China / Gemeinschaftsstand, HMFC","Halle 23, Stand A94",,,+86 212055 7000,https://hmf-china.com,"Lanhua Rd No. 308 Pudong New District 15F, Tower A, Infun World 201204 Shanghai China",,
China Tibetan Carpet Association,"Halle 23, Stand A52",,,+86 9716511352,https://china-tibetan.com,"Ruiyuan Road, No.6 Chengzhong District 810021 Xining China",,
Chiping County Senmi Decoration,"Halle 23, Stand C17","Chiping Senmi Decoration Material Co., Ltd. ist ein neues Unternehmen, das Forschung und Entwicklung sowie Produktion vereint und hauptsächlich Holztürpapier, Holzbodenpapier, PVC-Bodenpapier, PVC-Folie, Wandplatten, Melamin-Druckpapier und andere neue Innenausstattungsmaterialien herstellt. Das Unternehmen verfügt über Führungskräfte mit langjähriger Branchenerfahrung und ausgezeichneten Fachkenntnissen sowie über gute Ressourcen in der Lieferkette. Auf der Grundlage von „Qualität an erster Stelle, Ruf an erster Stelle, Service an erster Stelle“ bestehen wir auf regelmäßiger Verbesserung und Innovation unserer Produkte und bringen rechtzeitig neue Produkte und neue Designs auf den Markt. In einem von hartem Wettbewerb geprägten Marktumfeld hat das Unternehmen den Puls der Marktinformationen im Griff, ist selbsttragend und verbessert sich kontinuierlich, wodurch es eine solide Grundlage für den nachhaltigen Betrieb des Unternehmens schafft.",,+86 635 4961678,,"Yongchang Road, Xinfa Street No. 1386 Chiping County 252000 Liaocheng China",,
Chongnuo (Shandong) New Material,"Halle 23, Stand A48","Chongnuo Floor konzentriert sich seit vielen Jahren auf die Herstellung und Lieferung der besten Bodenbeläge für Kunden weltweit. Wir sind Spezialisten für wasserfeste SPC-Bodenbeläge, SPC-Vinylfliesen und Zubehör und entwickeln ständig neue Bodenbelagsserien.<br/><br/>Neben OEM-Dienstleistungen haben wir aufgrund unserer starken Produktions- und Innovationskapazitäten auch eine eigene Marke etabliert.<br/><br/>CHONGNUO hat es sich zur Aufgabe gemacht, Markeninhaber, Händler, Großhändler und Einzelhändler mit trendigen Bodenbelagsdesigns und herausragender Qualität und Leistung zu unterstützen.",,+86 5346106797,,"Intersection of Dongyue Avenue and Kunlun East Road, EDZ, Qingyun County 253709 Dezhou China",,
Classen Holz Kontor,"Halle 20, Stand C36","CLASSEN ist einer der führenden deutschen Hersteller von Wand- und Bodenbelägen und steht für Technologieführerschaft und Nachhaltigkeit. Unter dem Motto „Feel Good Floors“ engagieren sich weltweit rund 2.000 Mitarbeitende für eine nachhaltige Zukunft entlang der gesamten Wertschöpfungskette. CLASSEN verzichtet bewusst auf Chlor, PVC und Weichmacher und entwickelt wohngesunde Produkte mit langen Lebenszyklen und vollständiger Recyclingfähigkeit. Mit zahlreichen Patenten, die auch der Branche offenstehen, unterstreicht das Familienunternehmen seine Innovationskraft und Unabhängigkeit. Der eigens entwickelte Werkstoff CERAMIN® besteht überwiegend aus recyceltem Kunststoff, ist selbst wiederverwertbar und trägt wesentlich zur Kreislaufwirtschaft bei. <br/>Seit der Gründung 1962 durch Dr. Hans-Jürgen Hannig wird CLASSEN heute von drei Generationen der Familie geführt.",,+49 2653 980-0,https://classengroup.com,Werner-von-Siemens-Str. 18-20 56759 Kaisersesch Deutschland,,
Cleartex,"Halle 19, Stand D95","Modulier® das revolutionäres modulares Aluminium Mattensystem<br/><br/>„DESIGN BEGINNT AM EINGANG”<br/><br/>Modulier verwandelt eine funktionale Zone in ein architektonisches Statement.<br/><br/>Unsere innovative, modulare Aluminium Eingangsmatte hält Schmutz zuverlässig fern, unterstreicht die Architektur Ihres Gebäudes und bietet flexible Konfigurationen, die sich exakt an Ihre Anforderungen anpassen. Das modulare Mattensystem vereint fortschrittliche Ingenieurtechnik mit elegantem Design und steigert die Funktionalität jedes Eingangsbereichs. Ideal für Renovierungen ebenso wie für Neubauten.<br/><br/>Individuell anpassbare Oberflächen und Formate<br/>Erhältlich in einer Vielzahl von Texturen, Einlagen und Farben, passend zu Ihren Design-, Raum- oder Verkehrsanforderungen.<br/><br/>Schnelle Installation und einfache Wartung<br/>Das intuitive Modulsystem ermöglicht eine zügige Montage und unkomplizierte Reinigung, für minimale Ausfallzeiten und geringere Betriebskosten.",,+36 23 887-400,,Bolyai János U. 10 2038 Sóskút Ungarn,,
Clic Floors,"Halle 21, Stand A61",,,+1 7783185766,,"14956 22ave Surrey, BC V4A 9J2 Kanada",,
ConBotics,"Halle 21, Stand C12",,,+49 30 92107652,,Bismarckstr. 10-12 10625 Berlin Deutschland,,
Condor Group,"Halle 21, Stand D34, (38)","Condor Group<br/>Ein nachhaltiges Familienunternehmen<br/>Unsere Zahlen sagen nur die halbe Wahrheit. Die Condor Group wurde von zwei Brüdern ins Leben gerufen, die in der Teppichindustrie neue Standards für das Preis-Leistungs-Verhältnis einführen wollten, ohne dabei die alten Werte zu vernachlässigen. Schließlich ist die Condor Group ein Familienunternehmen. Auf dieser Seite erläutern wir Ihnen gerne unsere drei Pfeiler.",,+31 3847789 -11,,Euroweg 3 8061 SB Hasselt Niederlande,,
Conti Coatings,"Halle 21, Stand D34, (9)","Conti® Coatings – ein Unternehmen der Kluthe Gruppe<br/>Durch die Entwicklung innovativer Produkte für die Oberflächenbehandlung haben sich die Chemischen Werke Kluthe nicht nur im industriellen Bereich ein hervorragendes Image erworben. Dieses Know-how sowie die jahrzehntelange Erfahrung fließen auch bei der Entwicklung von Profiprodukten für das Malerhand- werk mit ein.<br/>Conti® Coatings bietet dem professionellen Verarbeiter eine breite Produktpalette für vielfältige Anwendungsbereiche mit zeitgemäßen und innovativen Qualitäten, von Profis für Profis entwickelt. Ein modernes, leistungsstarkes Farbmischkonzept unter der Fachhandelsmarke Conti ProfiColor® ermöglicht dem Maler ein individuelles Farbdesign mit einer enormen Auswahl an Farbtönen für die unterschiedlichsten Produkte.<br/>Der Kreativität sind keine Grenzen gesetzt, auch Sonderfarbtöne werden von unserem Farbmischservice auf Anfrage zur Verfügung gestellt.",,+49 208 9948-0,https://conticoatings.com,Feldstr. 55 46149 Oberhausen Deutschland,,
Craftomatic,"Halle 21, Stand C12",Wir kennen deine Probleme.<br/>Und wir lösen sie.<br/>Weil wir sie selbst hatten. Über 25 Jahre Praxis im Handwerk.<br/><br/>Vom Lehrling bis zum Geschäftsführer.<br/><br/>Lösungen von der Praxis. Für die Praxis.<br/><br/>Damit dein Betrieb läuft.,,,,Am Roggersberg 10 88690 Uhldingen-Mühlhofen Deutschland,,
Croatian Chamber of Economy,"Halle 21, Stand C42","Die Kroatische Wirtschaftskammer ist eine unabhängige wirtschaftliche Organisation aller Unternehmen und wurde 1852 gegründet. Sie ist nach dem kontinentalen Modell mit Pflichtmitgliedschaft organisiert, wobei jedes beim Handelsgericht registrierte Unternehmen Mitglied ist.<br/><br/>Sie besteht aus der Zentrale in Zagreb und 20 regionalen Kammern. Ihre Tätigkeit ist in acht Fachabteilungen gegliedert und wird durch zahlreiche Fachverbände und Institutionen ergänzt.",,+385 1 4561-555,,Rooseveltov trg 2 10000 Zagreb Kroatien,,
CW Floors,"Halle 21, Stand C72","Seit Jahrzehnten steht Castro Wood Floors für Spitzenqualität in der Herstellung von Holzfußböden in Portugal. Mit einer Tradition, die tief in der Liebe und Hingabe zum Holz verwurzelt ist, haben wir uns auf die Verarbeitung edler Hölzer aus aller Welt spezialisiert. Im Laufe der Jahrzehnte haben wir unser Handwerk perfektioniert und Tradition mit Innovation verbunden. Heute sind wir das führende nationale Unternehmen in der Herstellung von Holzfußböden und gelten als eines der besten internationalen Unternehmen in diesem Bereich.<br/><br/>Unsere breite Produktpalette umfasst Massivholzböden, Mehrschichtböden und Lösungen für den Außenbereich wie Terrassendielen. <br/><br/>Bei Castro Wood Floors legen wir Wert auf eine vertrauensvolle und transparente Beziehung zu unseren Kunden. Unsere Mission ist klar: Wir wollen ein wesentlicher Teil der Lösung sein und dem Endverbraucher bei jeder Interaktion mit unseren Holzfußböden ein Höchstmaß an Nutzen, Komfort und Wohlbefinden garantieren.",,+351 25357555 -0,,Rua Padre João Moreira Leite 1297 4800-611 Guimaraes Portugal,,
Daejin,"Halle 19, Stand B80",Wir sind der führende Hersteller von PVC Vinyl Böden in Korea. Dank bester Qualität und angemessener Preise hat unser Produkt DECORIA einen guten Ruf. Bei unserem neulich auf den Markt eingeführten Produkt DECORIA CLICK besteht keine Notwendigkeit Klebstoffe und Unterlagen zu nutzen. DECORIA CLICK ist einfach und sauber zu installieren und deinstallieren. Wir schenken Ihren Bedürfnissen große Aufmerksamkeit. FLOOR YOUR PLACE WITH NATURE. DECORIA.,,+82 41547 0301,,"Yeonamyulgeum-Ro 176-10 Eumbong-myeon 31413 Asan-Si Korea, Republik",,
Dalian Amuer Wood,"Halle 22, Stand C20",,,+86 411 39242227,https://amuerwood.com,"Wangjia Village, No.232 Daweijia Town, Jinzhou District 116100 Dalian China",,
Dalian Holin Import and Export,"Halle 22, Stand D22",,,+86 41182817625,,"Jiefang Street, No.9 Zhongshan District Room 2407, Wanda Building 116001 Dalian China",,
Das Teppichwerk,"Halle 21, Stand D34, (1)","Das Teppichwerk (hervorgegangen aus Vorwerk Flooring und den Hamelner Teppichwerken) kann auf eine über 140-jährige Geschichte in der Teppichbranche zurückblicken. Die Wurzeln des Unternehmens reichen bis zur Gründung durch Carl Vorwerk im Jahr 1883 zurück. Bis heute wird das in Hameln ansässige Unternehmen als Familienunternehmen geführt. <br/>Mit Leidenschaft und Innovationskraft gestaltet es die Branche maßgeblich mit und steht für hochwertige Lösungen „Made in Germany” für Wohnbereiche, Büros, Hotels und das Transportwesen. Ob Bahnenware, Fliesen oder Rugs: Für jede Anwendung gibt es passende Produkte. Hervorzuheben ist zudem die hohe Fertigungstiefe: Die Prozessschritte Weben, Tuften, Färben, Drucken, Beschichten, Zuschneiden und Veredeln finden alle am Standort Hameln statt. Nachhaltigkeit ist seit Jahrzehnten fest verankert: Klimaschonende Produktionsprozesse, Ökostrom aus Wasserkraft und der Verzicht auf Bitumen sind am Standort Hameln selbstverständlich.",,+49 5151 103-0,,Kuhlmannstr. 11 31785 Hameln Deutschland,,
Datacolor International,"Halle 21, Stand C21","Wir helfen globalen Marken, Fotografen und Designern, die Farbe richtig zu finden.<br/>Seit 1970 haben die Farbmanagement-Tools und -Software von Datacolor Farbexperten weltweit geholfen, die Farbe richtig zu gestalten.<br/><br/>Fangen Sie Farben wie nie zuvor mit einem innovativen Farbmanagement-Unternehmen, das die Kunst und Wissenschaft der Farbkommunikation kennt.<br/><br/>Inspirieren Sie die Zukunft mit Farbe.",,+41 448353800,,Grundstr. 12 6343 Rotkreuz Schweiz,,
Decoflooring,"Halle 20, Stand D18","Decoflooring ist eine 100% Vertriebstochter von Kingdomfloor, dem Weltmarktführer mit über 30 Jahren Erfahrung in der Produktion und weltweiten Vertrieb von Vinylfussböden.<br/>Vertrieb ab Lager Deutschland mit individueller Logistiklösung, Marketing und After Sales mit persönlichem Ansprechpartner – hier werden Sie in jeder Hinsicht bestens beraten. Wir freuen uns auf Sie.<br/>Große Produkt- und Dekorauswahl für Ihre Zielgruppe mit dem passenden Marketing- und Logistik Konzept. Die Produkte von Decoflooring finden Sie im Handel unter vielen privaten Labels.",,+49 2241 9574370,,Am Turm 44 53721 Siegburg Deutschland,,
DECOR-UNION,"Halle 21, Stand D34, (26)","Die DECOR-UNION ist eine Gemeinschaft erfolgreicher Unternehmer, die Lösungen für schönes Wohnen schafft. Im Laufe von 50 Jahren hat sie sich zur führenden Verbundgruppe im Bereich der Raum- und Gebäudegestaltung entwickelt. Gegründet 1970.<br/>Rund 386 Mitglieder mit insgesamt 460 Standorten vertrauen auf die Kompetenz und Leistung unserer knapp 40 Mitarbeiter.",,+49 511 8789-0,,Brüsseler Str. 3 30539 Hannover Deutschland,,
DECOR-UNION,"Halle 21, Stand D02","Die DECOR-UNION ist eine Gemeinschaft erfolgreicher Unternehmer, die Lösungen für schönes Wohnen schafft. Im Laufe von 50 Jahren hat sie sich zur führenden Verbundgruppe im Bereich der Raum- und Gebäudegestaltung entwickelt. Gegründet 1970.<br/>Rund 386 Mitglieder mit insgesamt 460 Standorten vertrauen auf die Kompetenz und Leistung unserer knapp 40 Mitarbeiter.",,+49 511 8789-0,,Brüsseler Str. 3 30539 Hannover Deutschland,,
Decospan,"Halle 21, Stand C62","Bei Decospan entwickeln und produzieren wir Produkte auf Furnierholzbasis. Unsere Arbeitsweise ist kreativ und innovativ und geprägt von der Achtung für Natur und Umwelt. Die Decospan-Fußbodenabteilung widmet sich der Herstellung von hochwertigen Holzböden für jedermann. Das Par-ky-Sortiment verbindet die Einfachheit eines Laminatbodens mit der Schönheit und Wärme von echtem Holz. Der vorgefertigte Holzdecker hat die einzigartigen Eigenschaften von Holz, während die Dielen so einfach zu installieren sind wie Laminatböden. Cabbani hingegen schafft die Brücke zwischen natürlichen Eigenschaften und moderner Architektur. Dieser mehrschichtige Parkettboden ist sowohl in einem Birkensperrholz- als auch in einem HDF-Kern erhältlich und bietet eine breite Palette von Oberflächenbehandlungen wie Lacke, Öle oder komplexere Färbungen. Seien Sie überrascht und besuchen Sie den Stand H12C13.",,+32 565288 -00,https://decospan.de,Lageweg 33 8930 Menen Belgien,,
DeHua TB New Decoration Material,"Halle 22, Stand A72",,,+86 572 8822301,,"Campsite Street, No.1188 Qianyuan Town, Deqing County 313200 Huzhou China",,
DELTA Alfombras,"Halle 19, Stand C79","Delta Alfombras wurde 1993 gegründet und verfügt über ein Team von Experten mit über 40 Jahren Erfahrung in der Teppichherstellung. Wir sind auf die Herstellung von Teppichen und Teppichböden aus 100 % Wolle nach der Wilton-Webmethode spezialisiert. Wir gehen noch einen Schritt weiter, um den Teppich Ihrer Wahl herzustellen, sowohl in Farbe als auch in Design, von Flurbreiten von 70 cm bis zu einer maximalen Breite von 480 cm. Wir arbeiten hart daran, den Markt mit Textilien zu versorgen, die den höchsten Qualitätsstandards entsprechen. Wir verfügen über ein erstklassiges Team von Fachleuten, die alle über große Erfahrung in der Teppichherstellung verfügen. Diese Familie in zweiter Generation strebt stets nach Exzellenz in allen Beziehungen unter ihren Mitarbeitern. Alle unsere Produktionsprozesse werden in Spanien durchgeführt, was bedeutet, dass unsere Produkte zu 100 % in Spanien hergestellt werden: reine Schurwolle, Garn, Farbstoffe, Weberei und Veredelung.",,+34 96540 0134,https://deltaalfombras.com,Poligono del Boch 50-51 03330 Crevillente Spanien,,
Deqing Shengfei Wood,"Halle 21, Stand B31","ShengFei Wood Co., Ltd. ist ein führender Hersteller von Parkettböden, der für sein Engagement für Qualität und Nachhaltigkeit bekannt ist. Mit jahrzehntelanger Erfahrung sind wir auf die Bereitstellung von OEM-Dienstleistungen für Händler, Importeure und Baustoffgeschäfte weltweit spezialisiert. Unser vielfältiges Produktsortiment umfasst Holzdielen, Fischgrät- und Chevronböden, Geometrieparkett und Kunstparkettfliesen. Durch die enge Zusammenarbeit mit unseren Kunden liefern wir unverwechselbare Bodenbelagslösungen, die auf ihre Projektanforderungen und Visionen abgestimmt sind.",,+86 5728018775,,"Dongzhi Street, Luoshe Town No. 6 Bld 4 313218 Huzhou China",,
Design Parquet,"Halle 21, Stand F44","Design Parquet produziert in seiner familiengeführten Manufaktur in der Bretagne massives und halbmassives Parkett, das individuell gestaltet werden kann, sowohl in Standardausführung als auch nach Maß ab 1 m². <br/><br/>Mit 1.000.000 Möglichkeiten zur Gestaltung Ihres Parketts verwirklicht Design Parquet Ihr Projekt. <br/><br/>Schaffen Sie Ihr Parkett von A bis Z: Querschnitt, Holzart, Holzauswahl, Aspekte, Finish und Verlegemuster. Ein Parkett ganz nach Ihrem Geschmack, um ein einzigartiges Projekt zu verwirkliche.<br/><br/>Wählen Sie eine Farbe unseren Sortimenten, die Ihnen gefällt (weiß, grau, braun, thermo oder natural), und designen Sie einen Boden, der zu Ihnen passt. <br/>Oder entscheiden Sie sich für Ihr Lieblingsparkett aus unseren Sortimenten Mountains und Primo. <br/><br/>Unsere einzigartige 7-Farben-Hochleistungslackierung ROC ermöglicht es Ihrem Parkett, die Klasse 34 für Ihre Projekte in Restaurants, Hotels, Einkaufszentren, Flughäfen usw. zu erreichen : Ästhetik und Beständigkeit.",,+33 299496666,https://designparquet.fr,rue du Chalonge 654 PA du Haut-Montigné 35370 Torce Frankreich,,
Ditai Flooring Europe,"Halle 20, Stand D36","Changzhou DITAI New Material Technology Co., Ltd. ist ein großes Privatunternehmen.<br/><br/>Das Unternehmen ist auf die Herstellung aller Arten von SPC- und LVT-Böden spezialisiert.<br/>Das Unternehmen verfügt über eine Fläche von mehr als 35.000 m².<br/><br/>Es verfügt über sechs moderne PVC-Bodenbelagsfertigungslinien und zwei Bodenbelagspresslinien sowie eine Fliesenlinie.<br/>Damit erreicht es eine jährliche Produktionskapazität von 3 Millionen Quadratmetern.<br/><br/>Derzeit genießt DITAI sowohl im In- als auch im Ausland einen hervorragenden Ruf und große Beliebtheit.<br/><br/>Mit einer Produktion von rund 350 Containern pro Monat können wir Ihren Absatzbedarf sicher decken.",,+31 611073796,,Brahmslaan 7 2151 GW Nieuw-Vennep Niederlande,,
Ditai Flooring Europe,"Halle 20, Stand E36",,,+31 611073796,,Brahmslaan 7 2151 GW Nieuw-Vennep Niederlande,,
Dolphin Rubber Industries,"Halle 23, Stand C55",,,+91 9447134076,https://dolphinrubbermat.com,Poovanthuruthu P O IX/449M Kottayam 686012 Indien,,
DOMOTEX asia/CHINAFLOOR,"Halle 20, Stand B51","DOMOTEX asia/CHINAFLOOR 2026 will hold its 28th edition in Shanghai from May 27th to 29th. It is the largest global meeting point for the flooring industry in Asia Pacific region and a not-to-be missed event for the companies who plan to access Asia’s thriving flooring markets. Every year, the show welcomes more than 1,500 + companies and brands in an overall exhibiting space of more than 200,000 sqm, spread throughout 7 halls at the Shanghai National Exhibitions and Convention Centre (NECC). The 2025 edition, held last May, welcomed 83,956 visitors, among which 18,121 came from 124 different countries.",,+86 2161956088,,Shanghai Exhibition Centre 1333 200040 Shanghai China,,
Dongguan Haixiang Adhesive Products,"Halle 23, Stand A35","Professioneller Hersteller und Entwickler von hochwertigen Klebebändern<br/><br/>Die Dongguan Haixiang Adhesive Products Co., Ltd. wurde 2008 gegründet und hat ihren Sitz in Dongguan in der chinesischen Provinz Guangdong. Das Unternehmen ist ein professioneller Klebebandhersteller, der Forschung und Entwicklung sowie Produktion unter einem Dach vereint und die Marke „Seagull“ besitzt.<br/><br/>Haixiang bietet professionelle Klebebandlösungen und maßgeschneiderte Dienstleistungen für die Anforderungen verschiedener Branchen. Teppichklebeband und Gewebeklebeband lösen vor allem das Problem der Teppichverklebung in der Messebranche. Schaumstoffklebeband löst vor allem unterschiedliche Anforderungen wie die dauerhafte Verklebung in der Automobil- und Bauindustrie. Doppelseitiges Netzband wird hauptsächlich in der Bau- und Gepäckindustrie verwendet. Plattenmontageband bietet Lösungen zur Befestigung von Druckplatten für die Druckindustrie.",,+86 76922701516,,"1 Road Jiaoli East Area, No.5 Zhongtang Town 523220 Dongguan China",,
Drvoprodex,"Halle 21, Stand A54","Drvoprodex d.o.o. ist ein familiengeführtes Unternehmen, gegründet 1992 in Banja Luka (Bosnien und Herzegowina). Ausgehend von der Schnittholzproduktion hat sich das Unternehmen zu einem modernen Hersteller von Holzfußböden entwickelt. Seit 2009 produzieren wir Mehrschichtparkett, bekannt für seine einfache Verlegung und sein elegantes Design. Neben Massiv- und Mehrschichtböden betreiben wir ein eigenes Sägewerk und produzieren Lamellen, Eichenplatten, Pellets und Holzbriketts. Unsere Produkte entstehen nach den Wünschen der Kunden unter Einsatz moderner Technologien und Oberflächenbehandlungen. Seit 2014 produzieren wir auch in Srbac (BiH) und seit 2022 in Slawonien (Kroatien). Mit über 200 Mitarbeitern exportieren wir mehr als 95 % unserer Produktion auf den EU-, US- und asiatischen Markt. Drvoprodex vereint Tradition, Qualität und Innovation – denn Holz war schon immer Teil des menschlichen Lebens und ein Symbol natürlicher Schönheit.",,+387 51 427485,https://drvoprodex.com,Jagarska ulica 141 78000 Banja Luka Bosnien und Herzegowina,,
Dumaplast,"Halle 21, Stand B28","Dumaplast ist ein führender Bauprodukthersteller und Anbieter von Wandverkleidungen, Deckenverkleidungen für die Innen- und Außengestaltung. Mit Schwerpunkt auf wasserfesten Materialien aus PVC.",,+32 50 729011,,Vliegplein 41 9991 Maldegem Belgien,,
Döllken Profiles,"Halle 21, Stand D34, (40)","Unternehmensprofil <br/><br/>Döllken Profiles GmbH ist ein international führender Hersteller von hochwertigen Sockelleisten und Profilen für den modernen Innenausbau. Das Unternehmen steht für präzise Verarbeitung, innovative Lösungen und zuverlässige Premium-Qualität.<br/>Mit dem Cubu Sockelleistensystem bietet Döllken Profiles ein breites Sortiment an klassischen, strukturierten und extravaganten Leisten in verschiedenen Größen sowie aktuellen Trendfarben. Die Produkte sorgen für einen perfekten Übergang zwischen Boden und Wand und erfüllen höchste Ansprüche an Design und Funktion.<br/><br/>Das Portfolio wird ergänzt durch professionelle Werkzeuge sowie durchdachte Werkzeugkoffersysteme für eine saubere und effiziente Montage.<br/><br/>Nachhaltigkeit: Viele Produkte sind PVC-frei und verfügen über anerkannte Zertifizierungen wie EPD, Greenguard, Blauer Engel & A+.<br/>Made in Germany steht für Produktion & Logistik an 3 Standorten in Deutschland, für konstante Qualität und hohe Lieferfähigkeit.",,+49 2383 91000-717,https://doellken-profiles.com,Industriestr. 1 59199 Bönen Deutschland,,
Dörtdivan Cerceve,"Halle 21, Stand A33","Dortdivan ist eine 50-jährige Firma, die Holz-, Kunststoff- und Verbundformteile für Innendekoration wie Sockelleisten, Eckleisten, Zierleisten, Profilbretter, Bilderleisten, Möbelleisten herstellt.",,+90 312 815556-0,https://dortdivan.com,Saray Mah. Aksoy Cad. 32 Kazan 06980 Ankara Türkei,,
ECO Beauty woven vinyl flooring,"Halle 23, Stand B63","Bauen Sie Ihre Farbgeschichte auf<br/>Unser Markenunternehmen『SUMME®』 bietet textile Lösungen für die Architektur, wobei der Schwerpunkt auf der gewerblichen und privaten Nutzung mit einer vollständig umweltfreundlichen Herstellungstechnik liegt. Wir sind spezialisiert auf die Herstellung von recycelten technischen Geweben für Sonnenschutz, Bodenbeläge und Teppiche.",,+86 572 5705325,https://theflooring.pro,"Bamboo Road No. 1 Dipu Town, Anji County Tang Pu Industrial Park 313300 Huzhou China",,
EGGER Holzwerkstoffe Wismar,"Halle 21, Stand D34, (3)","Das seit 1961 bestehende Familienunternehmen ist ein international führender Holzwerkstoffhersteller mit rund 12.000 Mitarbeitenden und 22 Produktionsstandorten weltweit. EGGER ist Komplettanbieter für den Möbel- und Innenausbau, für den konstruktiven Holzbau sowie für holzwerkstoffbasierende Fußböden und damit ein verlässlicher Partner der Möbelindustrie, des Holz- und Bodenbelagshandels sowie der Baumärkte. Im Geschäftsjahr 2024/2025 erwirtschaftete die EGGER Gruppe einen Umsatz von 4,13 Mrd. Euro.<br/>Der Aspekt des nachhaltigen Wirtschaftens steht bei EGGER im Mittelpunkt. Das Familienunternehmen nimmt seine Verantwortung für den Klimaschutz ernst und bekennt sich zum ambitionierten Net Zero Ziel bis 2050. 66 % des eingesetzten Holzes in den EGGER Holzwerkstoffen stammen bereits heute aus Recycling oder Sägenebenprodukten. Am Ende ihrer langen Lebensdauer sind EGGER Produkte wiederum zum Großteil recyclingfähig und können von Neuem in den Kreislauf eingebracht werden.",,+49 3841 301-0,https://egger.com,Am Haffeld 1 23970 Wismar Deutschland,,
Elegant Home-Tech,"Halle 22, Stand A20","In den letzten 20 Jahren haben wir viele Herausforderungen und Schwierigkeiten gemeistert. ELETILE wurde im November 1999 gegründet und war einer der ersten Hersteller von Vinylböden in China. Im Jahr 2005 erfand ELETILE den schwimmenden Bodenbelag „Grip Strip“, ein revolutionäres Produkt, das 2007 auf den Markt kam und einen Umsatz von mehr als 500 Millionen CNY erzielte. Im November 2017 führte ELETILE sein Joint-Share-System ein und wurde in Zhangjiagang Elegant Home Technology Co., Ltd. umbenannt. Im selben Jahr erzielte das Unternehmen einen Umsatz von 1 Milliarde CNY. Am 23. März 2020 ging ELETILE als erstes Unternehmen der Branche für elastische Vinylböden an die A-Aktien-Hauptbörse der Shanghai Stock Exchange unter dem Börsenkürzel 603221 und markierte damit seinen Eintritt in die Ära der Kapitaloperationen.",,+86 51258501968,,"Hexing Street, Jinfeng Town 215626 Zhangjiagang China",,
Eltex of Sweden,"Halle 23, Stand B77/3","Eltex of Sweden entwickelt und stellt Fadensensoren und Fadenspannungswächter her. <br/>Wir liefern auch andere Produkte zur Überwachung von Abläufen in der Textilindustrie. <br/>Unser Stammprodukt - Schußfadenwächter für Webmaschinen - entwickeln wir seit 1964.<br/><br/>Die Sensoren sind für Webmaschinen, Schärgatter, Tuftingmaschinen, Spulmaschinen, Nähmaschinen und einer Vielzahl anderer Produktionsmaschinen geeignet.<br/>Die Eltex Group - zusammen mit unseren Vertretungen - ist nahezu weltweit präsent.<br/>Die Eltex Group stellt sich zusammen aus:<br/><br/>Eltex of Sweden AB - Sweden<br/>Eltex MFG. Ltd. - Ireland<br/>Eltex U.S., Inc. -- USA<br/>Eltex of Sweden ist eine Organisation aus Elektronikingenieuren und Fertigung. Wir sind verantwortlich für unsere Produte von der Entwicklung R&D beginnend bis zur Endproduktion in unserer eigenen Fabrik.<br/>Produktlinien:<br/>-Elektronische Sensoren für Textilmaschinen<br/>-Datenaufzeichnbungsgeräte bzw. Sensoren für Temperatur & Feuchtigkeit<br/>-Elektronische Heizkontrollen",,+46 4795363 -00,https://eltex.se,Södra Portgatan 19 283 50 Osby Schweden,,
Embramaco,"Halle 19, Stand B79","Die Embramaco-Gruppe beschäftigt über 1.300 Mitarbeiter und produziert monatlich 6 Millionen Quadratmeter Keramik- und Feinsteinzeugfliesen. Seit über 50 Jahren arbeiten wir daran, weltweit die besten Keramikfliesenlösungen anzubieten. Wir verfügen über alle wichtigen nationalen und internationalen Zertifizierungen für Produktqualität, Umweltschutz und Kundenservice. Schließlich spielt sich das Leben auf einem Embramaco-Boden ab.",,+55 1935458500,https://grupoembramaco.com.br,Avenida Conde Guilherme Prates 382 Santa Catarina 13510-204 Santa Gertrudes SP Brasilien,,
Entwicklungs- und Prüflabor,"Halle 20, Stand D56","Als international tätiges Dienstleistungsunternehmen bietet die EPH (eine Tochtergesellschaft des IHD) normierte, kundenspezifische, entwicklungsbegleitende Prüfungen an Holz-, Laminat-, Kork-, MMF- und elastischen Bodenbelägen sowie deren Unterlagsmaterialien und Außendeckings an. Die EPH ist notifizierte Stelle gemäß EN 14041/EN 14342/EN 14904 und ist Kooperationspartner beim unabhängigen Emissions- und Qualitätslabel TÜV PROFiCERT-product INTERIOR. Desweiteren werden Emissionsprüfkammern und Stoßfestigkeitsprüfgeräte angeboten.",,+49 351 4662-0,,Zellescher Weg 24 01217 Dresden Deutschland,,
EPUFLOORING,"Halle 20, Stand B17","Das Unternehmen Epuflooring wurde 2019 in Łódź gegründet. Wir beschäftigen uns mit der Herstellung und dem Vertrieb von dekorativen Boden- und Wandsystemen für Wohn- und Gewerbeflächen.<br/>Wir gehören zur EPUFLOOR®-Gruppe – einem globalen Anbieter von Sport-, Freizeit- und Gewerbeböden, Vinylböden, dekorativen Mikrozementen, Sportgeräten sowie Lösungen im Bereich der Schwingungsisolierung von Schienenwegen und der Innenraumakustik.",,,,ul. Kopcinskiego 77 90-033 Lodz Polen,,
EPW - Tecnologia de Extrusao,"Halle 21, Stand A72",Producer of WPC decking and cladding.,,+351 236951421,https://epw.pt,Zona Industrial da Guia Lt7 e 8 3105-467 Guia - Pombal Portugal,,
Erfurt & Sohn,"Halle 21, Stand D34, (29)","Die Erfurt & Sohn KG ist das marktführende Unternehmen in der Produktion und dem Vertrieb von überstreichbaren Wandbelägen. Das international tätige Familienunternehmen mit Sitz in Wuppertal wurde 1827 von Friedrich Erfurt gegründet. Es vertreibt heute neben Raufaser-Produkten weltweit in über 30 Ländern innovative, designorientierte und ökologisch nachhaltige Wandbeläge wie zum Beispiel Vliesfaser-, Glattvlies- und Papierprägetapeten sowie individuell gestaltbare Digitaldrucktapeten. Für die Produktion werden überwiegend Recyclingfasern sowie nachwachsende Rohstoffe eingesetzt wie zum Beispiel Zellstoff und Holzfasern aus nachhaltiger Forstwirtschaft. Mit Innovationen für die energetische Optimierung von Innenwänden wie dem KlimaTec-System bietet das Unternehmen sehr erfolgreich wirtschaftlich sinnvoll einsetzbare Systeme zum Energiesparen und zur Verbesserung des Wohnraumklimas an.",,+49 202 6110-0,https://erfurt.com,Hugo-Erfurt-Str. 1 42399 Wuppertal Deutschland,,
ESCO CZ Production,"Halle 21, Stand C62","Unsere Spezialität ist die Produktion von rustikalen Eichenholzböden, und zwar als Massivholzböden sowie auch als Fertigparkett (3-Schicht, 2-Schicht). Unsere Stärke ist die Anpassung an Kundenwünsche und Anforderungen, weil wir erst nach Erhalt der Bestellung mit der Produktion beginnen. Dank unserer großen Produktionskapazität sind wir imstande auch große Aufträge innerhalb von 4 bis 5 Wochen fertig zu stellen.<br/><br/>Wir produzieren nicht nur für Architekten, Immobilienbüros und Bauunternehmen, die in der Holzindustrie tätig sind und sich mit Holzfußböden beschäftigen, sondern selbstverständlich auch für Groß- und Einzelabnehmer.<br/><br/>Die ESCO-Gruppe bietet alles, um auch den anspruchsvollsten Kunden, der einen hochwertigen Holzboden sucht, zufrieden stellen zu können.<br/><br/>www.escogroup.eu",,+420 383 411211,https://escoflooring.com,Blatenska 267 387 31 Radomysl Tschechische Republik,,
Eterna International,"Halle 23, Stand B19",,,+886 223510 -295,,"Ren Ai Rd. No:3 3F, Sec. 2 10055 Taipei Taiwan",,
Eugen-Reintjes-Schule,"Halle 21, Stand C12","Die ERS-Geschichte<br/><br/>Die Anfänge einer Berufsschule liegen in unserer Stadt über 200 Jahre zurück. 1803 wurde eine Sonntagsschule gegründet, mit dem Ziel, Lehrbuben und Handwerksgesellen in Schreiben, Rechnen und Zeichnen zu unterrichten.<br/><br/>Heute bieten in Hameln drei modern ausgestattete berufsbildende Schulen, die sich in der Trägerschaft des Landkreises Hameln-Pyrmont befinden, den Jugendlichen unserer Region ein vielfältiges Angebot im Bereich der beruflichen Bildung.<br/><br/>Die Eugen-Reintjes-Schule mit ihrem gewerblich-technischen Schwerpunkt verdankt ihren Namen dem Ingenieur und Fabrikanten Eugen Reintjes, dessen Produktionsstätte sich heute zu einem weltweit führenden Unternehmen für Schiffsgetriebe entwickelt hat.<br/>Die Verbundenheit der Reintjes GmbH mit dieser Schule kommt u. a. auch im Logo sowie im Bestreben, Innovation durch Technik zu ermöglichen, zum Ausdruck.",,+49 5151 989401,,Breslauer Allee 1 31787 Hameln Deutschland,,
Ever Forest Wood (Cambodia),"Halle 23, Stand B30",,,+855 963464482 -0,,St 4 Smach Deng Ream Prey Nob #A-32-1 Sihanoukville Special Economic Zone 180101 Sihanoukville Kambodscha,,
Exportdrvo,"Halle 21, Stand C42","Exportdrvo wurde 1948 als Unternehmen für den Export von Holz und Holzprodukten gegründet. Seitdem hat sich Exportdrvo zu einem führenden Exporteur und Vertreiber von Holzprodukten aus Südosteuropa entwickelt. Die bekannte slawonische Eiche, einzigartige gedämpfte Buche, feine Esche, Ahorn oder Kirsche sind nur einige der Rohstoffe, die wir bei der Herstellung von Fußböden, Paneelen und Furnieren verwenden. Durch die Kombination von Wissen, Erfahrung, hochwertigen Rohstoffen und Spitzentechnologie nehmen unsere Parkette, Paneele und Furniere einen sehr markanten Platz auf den europäischen Märkten sowie auf den Märkten in der ganzen Welt ein.",,+385 1 4560-222,https://exportdrvo.hr,Trg Marka Marulica 18 10000 Zagreb Kroatien,,
Exterpark,"Halle 21, Stand C43","Von Barcelona in die ganze Welt seit 1977.<br/><br/>Unsere Böden wurden in allen Arten von Projekten in mehr als 80 Ländern eingesetzt, in Zusammenarbeit mit renommierten internationalen Architekten wie F. Gehry, J. Nouvel, S. Calatrava und N. Foster. <br/><br/>Unser Engagement, einzigartige und innovative Produkte anzubieten, treibt uns an, neue Lösungen zu suchen, um auf dem Markt einen Schritt voraus zu sein. Unser patentiertes unsichtbares Profil und Magnet S, das beste Verlegesystem, das jemals für Bodenbeläge im Außenbereich entwickelt wurde, bieten ein neues Paradigma für das ultimative Qualitätserlebnis im Freien.",,+34 988462478,https://exterpark.com,P.I. Xinzo de Limia Parc 34-38 32630 Xinzo de Limia Spanien,,
Fachhandelsring,"Halle 19, Stand D80, (2)",FHR – die innovative Verbund­gruppe<br/>der Boden­belags- und Raum­ausstatter­branche<br/><br/>Seit 1976 fördert und unterstützt der FHR als freie Verbundgruppe die Eigenständigkeit von Facheinzelhändlern und Handwerksbetrieben in den Bereichen Bodenbeläge und Raumausstattung. Marktstärke durch Topkonditionen mit über 300 Lieferanten und einem umfassenden Service- und Leistungsportfolio.,,+49 6344 9533-0,,Am Pfaffensee 4 67376 Harthausen Deutschland,,
Familys Floor Manufacture,"Halle 23, Stand C34","Familys Flooring wurde 2017 gegründet und ist ein professioneller Hersteller und Exporteur, der sich auf innovative Vinylbodenbeläge spezialisiert hat.<br/><br/>Wir betreiben eine 30.000 m² große Produktionsstätte mit 5 modernen Fertigungslinien, die sich auf Produkte der neuen Generation wie doppellagige LVT-Bodenbeläge (coextrudiert), PP-Bodenbeläge (PVC-frei) und PETG-Bodenbeläge konzentriert.<br/><br/>Unsere Produkte werden von SGS und Intertek getestet, und unsere Anlage entspricht dem Qualitätsmanagementsystem ISO9001:2015, wodurch eine zuverlässige Qualität von den Rohstoffen bis zu den Fertigprodukten gewährleistet ist.<br/><br/>Mit einer monatlichen Produktion von Hunderten von Containern sind wir in der Lage, pünktliche Lieferungen, reaktionsschnelle Kommunikation und eine stabile Versorgung für Kunden weltweit zu garantieren.<br/><br/>Wir bauen unsere Marktpräsenz weltweit aktiv aus und suchen langfristige Partner mit Erfahrung im Vertrieb oder Verkauf von Bodenbelägen.",,+86 25 57676996,,"Yunlongshan Road No 89 Jianye District Rm No 1310, Bd No 3 210019 Nanjing China",,
Fandi Emballages,"Halle 20, Stand B49","Fandi bietet umfassende Expertise bei der Lösung der Herausforderungen bei der Herstellung und Vermarktung Ihrer Produkte. Ob in den Bereichen Verpackung, Logistik, Qualität und Reparatur oder Armaturen – wir bieten maßgeschneiderte Lösungen für jedes Projekt. Unser Ansatz besteht darin, jedes Problem im Detail zu analysieren, um effektive Lösungen zu finden.",,+33 391832345,,Rue Elie Cartan 70 62220 Carvin Frankreich,,
Farrow & Ball,"Halle 21, Stand D34, (31)",,,+44 1202876141,,Uddens Estate Wimborne BH21 7NL Vereinigtes Königreich,,
FEP - European Parquet Federation,"Halle 21, Stand D65","Die European Parquet Federation (FEP) vereint europäische Parketthersteller, nationale Parkettverbände und Zulieferer der Branche.<br/>Sie ist die wichtigste Organisation, die die Interessen der europäischen Parkettindustrie auf allen relevanten Ebenen vertritt und verteidigt.",,+32 2 5562587,https://parquet.net,Square de Meeûs 35 1000 Brussels Belgien,,
FEP Parquet Lounge,"Halle 21, Stand D65","Mit der FEP Lounge bietet die DOMOTEX 2026 nicht nur ein Forum für die Parkettbranche, sondern verkörpert zugleich das Motto der Messe: Räume schaffen, die inspirieren – und Lebensräume nachhaltig gestalten. Gleichzeitig ergänzt sie die vielfältigen Sonderschauen der DOMOTEX perfekt und fügt sich nahtlos in das Messeerlebnis ein: Während Formate wie der Retailers Park, der Architects Space, der Innovationsparcours oder die Green Collection unterschiedliche Facetten der Branche präsentieren, lädt die FEP Lounge gezielt zum Austausch und Networking innerhalb der europäischen Parkettcommunity ein und macht die Innovationskraft und Nachhaltigkeit der Branche erlebbar.",,+49 511 89-0,,Messegelände 30521 Hannover Deutschland,,
Fiber N Loom,"Halle 23, Stand C53",,,,,Gopal Bagh PAC Bhullanpur Manduadih (near Maheshwari Marble) Varansi 221108 Indien,,
Flexorand,"Halle 21, Stand D27","FLEXORAND und Teppicheinfassung ist Programm. Denn wir haben uns auf die Herstellung und den Vertrieb von Teppicheinfassmaschinen spezialisiert. Unser bekanntes und bewährtes Teppicheinfass-System Speedbinder mit seinen vielen Vorteilen wird ständig weiterentwickelt. Wir legen großen Wert auf die gute Betreuung unserer Kunden und schnellen Service. Unsere transportable Maschine macht es möglich, große Teppiche auch mit Innenecken und Rundungen, mit einer Vielzahl von Bändern einzufassen. Mit der Speedbinder Maschine können Bänder in 22 mm und nach einer Umrüstung auch Bänder in 120 mm verarbeitet werden. Wir führen eine riesige Auswahl an Teppicheinfassbänder, vielseitig in Qualität und Farben.",,+49 7633 3244,https://flexorand.de,Am Kurpark 9 79189 Bad Krozingen Deutschland,,
Flexura Floors & Panels,"Halle 21, Stand D53","Fertigung<br/>Einzigartigkeit.<br/><br/> <br/>Bei Flexura konzentrieren wir uns auf hochwertige Furnierholzböden, Design-Wandpaneele und maßgefertigte vorlackierte Paneele. Durch die Kombination der natürlichen Schönheit von echtem Holz mit innovativen Fertigungstechniken schaffen wir Produkte, die sowohl robust als auch nachhaltig sind.<br/><br/>Stolz hergestellt in Belgien, entwickelt, um jedem Interieur Wärme und Charakter zu verleihen.",,+32 56739135,,Schoendalestraat 306 Desselgem 8792 Waregem Belgien,,
Flexxter,"Halle 21, Stand C12","Was tun wir?<br/>Bei uns dreht sich alles um das Bauprojekt. Unser Bauzeitenplan ist die Basis für alle weiteren Funktionen.Mit Flexxter können Sie Bauprojekte eigenständig oder gemeinsam mit Partnerfirmen praxisnah planen und vollständig digital umsetzen. Dafür bieten wir vielfältige Funktionen rund um die Planung, Ausführung und Abnahme von Bauvorhaben.Wir sind die erste Software am Markt, die Projekt- und Einsatzplanung vereint und bieten damit eine umfassende Lösung für unter anderem Bauunternehmer, Bauleiter, Architekten und Handwerksbetriebe.",,+49 511 12265635,,Walderseestr. 7 30163 Hannover Deutschland,,
Floorify,"Halle 19, Stand A86",,,+32 51 140180,https://floorify.com,Kwadestraat 151 8800 Roeselare Belgien,,
Floorigo,"Halle 20, Stand C08","FLOORIGO wurde 2021 als offizielles europäisches Marketing- und Vertriebsbüro für PROTEX Flooring Co., Ltd. in China ins Leben gerufen.<br/><br/>Mit Sitz in den Niederlanden kann FLOORIGO problemlos mit europäischen Distributoren und Großhändlern in Kontakt treten. Unser Ziel ist es, Ihnen hochwertige PVC-Bodenbeläge direkt ab Werk anzubieten.<br/><br/>Das FLOORIGO-Team verfügt über langjährige Erfahrung im internationalen Business-to-Business-Markt in den Bereichen Vertrieb, (Projekt-)Bodenbelag sowie Import/Export und Supply Chain Management. Wir organisieren den gesamten Prozess, vom Einkauf über den Versand bis hin zur Lieferung an jeden bevorzugten internationalen europäischen Hafen.",,+31 532096030,https://floorigo.com,Franklinplein 27 7533 CH Enschede Niederlande,,
FloorLaBs,"Halle 20, Stand B02","FloorLaBs als Unternehmen im Bereich Bodenbeläge und Holzprodukte. Wir haben autorisierte Händler auf 5 Kontinenten und exportieren in mehr als 50 Länder.Wir exportieren in mehr als 50 Länder.<br/>Wenn es um Bodenbeläge geht, ist niemand leidenschaftlicher als FloorLaBs. Mit einer Zufriedenheitsrate von 100 % bei unseren Kunden ist es unser Ziel, immer einen großartigen Service und fantastische Produkte zu bieten.<br/>Wir bieten Laminatböden, SPC-Vinylböden, Parkettböden, alle Arten von Unterlagen, Sockelleisten, Klebstoffe, Profile, XPS und andere Materialien für Bodenbeläge.<br/>Neben Bodenbelägen haben wir Produkte aus MDF, Hochglanzplatten, CDF und Spanplatten. Unsere Produkte von den besten Fachherstellern sind in Europa und der Türkei.<br/>Wenn Sie wissen, was Sie wollen, können wir es Ihnen liefern, wenn Sie sich nicht sicher sind und Inspiration brauchen, können wir das auch liefern.<br/>Kontaktieren Sie uns für alle Ihre Bedürfnisse rund um Bodenbeläge und Holzwerkstoffe.",,+90 2322373385,https://floorlabs.co,Yesillik Cad. No:167/1 35130 Karabaglar Türkei,,
FLORIAN,"Halle 21, Stand B54",Florian is a timber market world leader.<br/>The creation of a strong and efficient network is an essential strategy for growth in an increasingly flexible and dynamic market. Florian wants to be the leader of the situation and is always looking for partners around the world who share a passion and professionalism for wood.<br/>Florian was established in 1974 and is today one of the main realities in the Italian wood market.<br/>The group headquarters which include specialized companies organized by division and product in Italy and abroad are in the municipality of Riese Pio X° (Treviso).,,+39 0423 4532,https://florianinc.com,Via Castellana 48/A 31039 Riese Pio X Italien,,
Florim Ceramiche,"Halle 19, Stand C84","Leidenschaft, Innovation und Nachhaltigkeit<br/>Eine angeborene Leidenschaft für Schönheit und große Entschlossenheit haben uns dazu gebracht, Klischees in Frage zu stellen und es geschafft, das, was jeder als Fliese bezeichnet, von einem funktionalen Objekt in ein Designelement zu verwandeln. Eine über 60-jährige Vergangenheit, verwurzelt im Keramikbezirk von Sassuolo (MO), ist dank der Führung von Claudio Lucchese und einem hochwertigen Produkt, das auf den Märkten weltweit anerkannt ist, mit einer Gegenwart als internationaler Trendsetter verbunden.<br/><br/>„Made in Florim” ist für uns eine Garantie für Qualität, Innovation, italienisches Know-how und besonderes Augenmerk auf die soziale Verantwortung des Unternehmens.",,+39 0536 0840111,,Via Canaletto 24 41042 Fiorano Modenese Italien,,
FOGE,"Halle 21, Stand C28","Sockelleisten sind ein wichtiges Element der Fußbodenfertigstellung. Sie verleihen dem Fußboden einen Charakter und erfüllen dazu viele Funktionen.<br/>Ihre Montage läuft einfach ab, sie schützen den Fußboden vor Schlägen und Überflutung. Sie erfüllen also alle gesetzten Voraussetzungen. Seit Anfängen unseres Unternehmens wird ein Ziel gesetzt, Produkte hoher Qualität zu günstigen Preisen zu fertigen. Um dies zu erreichen, ist die Anwendung der innovativen Technologie erforderlich. Deshalb hat ein modernes Maschinenpark entstanden.<br/><br/>Lackierte Sockelleisten FOGE stellen etwas mehr als nur ein ästhetisches Element der Fertigstellung dar. Sie erfüllen doch unterschiedliche Funktionen. Sie sind ein Schutzelement vor Schlägen und beeinflussen das Gleichgewicht und Raumklima. Sie dienen auch zur Kabelausblendung.",,+48 730340115,,Oliwska 48h 80-209 Chwaszczyno Polen,,
Forestry Timber Holdings,"Halle 21, Stand D46","Forestry Timber ist einer der weltweit größten Hersteller von hochwertigen, breiten Dielenböden aus Hartholz. Wir vertreiben unsere Produkte weltweit unter 5 Marken:<br/>FloorArt Parquetry<br/>Woodline Parquetry<br/>Timbertop<br/>Elyseum Fertigparkett<br/>Sienna Parquetry<br/>Mit mehr als 3.000 Artikeln stellen wir für unsere Kunden eine maßgeschneiderte Produktlinie zusammen, die Faktoren wie das regionale Marktgebiet, den Preis und regionale Trends.<br/>Unser Ziel ist es, das Geschäft durch unsere drei wichtigsten Kompetenzen als Hersteller zu entwickeln. Diese sind:<br/>Design - wir sind auf dem neuesten Stand bei Trends<br/>Qualität - unser Produktaufbau, Qualitätskontrolle und Präzision <br/>Service<br/>Hier sind einige Fakten über unser Unternehmen, die uns unserer Einschätzung nach von anderen abheben und uns für unsere Kunden unschätzbar wertvoll machen:<br/>- 3-Schicht-Technik mit Hevea-Kern (umweltfreundlich)<br/>- EUDR regelkonform<br/>- garantiert 100% französische und deutsche Eiche",,+44 1624777014,https://ftholdingsltd.com,Lord Street Bubble @ Clinch IM1 4NL Douglas Insel Man,,
Formation Carpets,"Halle 23, Stand B92",,,+977 15450700,,"Ekanta Kuna, Jawalakhel, Lalitpur 4 4/17 Bhawani Mandup, HB Complex 44600 Kathmandu Nepal",,
Foshan Greenzone,"Halle 22, Stand B08","GREENZONE, der Schöpfer von ""Greenzone Öko-Holz, ist die Lebenskultur der orientalischen Menschen. Seit der Gründung im Jahr 1999, Greenzone immer auf Gießen humanistische Philosophie der ""Low Carbon und Umweltschutz, ökologische Architektur und gesundes Leben"" auf die Forschungs- und Entwicklungsphase, Unser Unternehmen konzentrieren sich auf F & E, und dann mit der Geburt von ""Greenzone Öko-Holz"", Greenzone geht aus ihrem eigenen Weg, gewachsen in ein Unternehmen, das eigenen einzigartigen Charakter hat",,+86 757 82782898,https://greenzone-wpc.com,"Jihua Road No.4 Chancheng District No.12, B Block 2, Yimeijia 528000 Foshan China",,
Foshan Tianli Jianlong Import and Export,"Halle 21, Stand A27","Foshan Tianli Jianlong Co., Ltd / (Fabrik: Foshan Hualong Aluminium Industry Co., Ltd.) bietet Ihnen zusammen mit seinen Vertretungen und Händlern auf der ganzen Welt vertrauenswürdige Aluminiumprodukte mit professionellen und aufrichtigen Dienstleistungen.",,+86 757 83827280,,"Helu Road No. 39 Duichuan Industrial Area, Yanghe Town, G 528000 Foshan China",,
Friess-Techno-Profi,"Halle 21, Stand D34, (36)","FRIESS ist Hersteller und Fachhandelspartner für den Malerbetrieb.<br/>Das breite Produktspektrum umfasst Handwerkzeug zur Flächenbearbeitung<br/>von Wand, Decke und Boden, das unter anderem in eigenen Produktionsstätten<br/>gefertigt wird.<br/>Dazu versteht sich FRIESS als strategischer Partner, Lieferant,<br/>zentraler Ansprechpartner in puncto Malerwerzkeug wie auch Dienstleister für<br/>den Großhandel. Zahlreiche Serviceleistungen in den Bereichen Markt, Logistik,<br/>Lager und Distribution runden das umfassende Leistungsportfolio ab.",,+49 208 782215-0,https://friess-techno.de,Weseler Str. 32 45478 Mülheim Deutschland,,
Frstech WPC Stock,"Halle 22, Stand D22",,,+86 510 87023888,https://frstech.cn,Xufeng Road No. 26 Xushe Town Economic Development Zone 214200 Yixing China,,
Fuchs - Raumingenieure,"Halle 19, Stand D80, (2)",Wirksam durch gute Raumakustik<br/>Spezialisten für Raumakustik: Seminare. Software. Ingenieurbüro. Produktentwicklung.,,+49 9933 9537378,,Goethestraße 9 94522 Wallersdorf Deutschland,,
Fujian Heqichang Bamboo Industry,"Halle 23, Stand D36",,,+86 5983550555,,"Daxing Industrial Zone, No. 22 Caoyuan Town 366014 Yong'an China",,
Fujian SIJIA New Materials Technology,"Halle 22, Stand D08","As a national leading manufacturer of vinyl flooring, SIJIAFLOR is engaged in the manufacturing and marketing of residential and commercial luxury vinyl, rigid core and innovated non-chloride, non-plasticizer flooring. Our product meets both aesthetic and technical requirements of any regions around the world.<br/>Our seeking for style, design and color never stops as we search the world for floors that make a design statement while delivering outstanding performance qualities. Our products are ideal for any residential setting and are also suitable for commercial applications, including Retail, Healthcare, Assisted Living, Hospitality, Multi-Family, Corporate and Education.",,,https://sijiacn.com,New Mat. Science & Techn. Ind. Park Xincuo Town 350300 Fuqing City China,,
Future-Shape,"Halle 21, Stand C12","Unsere Vision ist ein intelligentes Zuhause, das seine Bewohner kennt und sie genau dort unterstützt, wo sie Hilfe benötigen - diskret, unsichtbar und 100% datenschutzkonform.<br/><br/>Mit unserem Assistenzsystem SensFloor® erleichtern wir den Alltag im Senior Living und der Pflege. Automatische Sturzerkennung und präventive Warnmeldungen verbessern Sicherheit und Selbständigkeit der Bewohner. Zusätzlich unterstützt SensFloor® dezent durch Smart Home Funktionalitäten. In der stationären Pflege entlastet eine verbesserte Stationsübersicht das Personal. Die Mitarbeiter können in Ruhe ihre Aufgaben erledigen, während das Assistenzsystem über die restlichen Zimmer wacht.<br/><br/>Future-Shape ist inhabergeführt und seit über 15 Jahren am Markt. CE- und FCC-Zertifikate, zahlreiche Auszeichnungen und viele zufriedene Kunden weltweit machen uns zu einem erfolgreichen Player am internationalen Pflegemarkt.",,+49 8102 89638-0,https://future-shape.com,Altlaufstr. 34 85635 Höhenkirchen-Siegertsbrunn Deutschland,,
Gardenya Plastik,"Halle 19, Stand D87",,,+90 3322515550,https://gardenyaplastik.com.tr,"Asagipinarbasi OSB Mah., 516 Nolu S No:1 42160 Selcuklu Türkei",,
Gardinia Home Decor,"Halle 21, Stand D34, (7)",,,+49 5223 6906-0,https://gardinia.de,Maybachstr. 16 32257 Bünde Deutschland,,
Geocarpet Hali,"Halle 23, Stand A75","Das Unternehmen hat seine 29-jährige Erfahrung in der Industrie mit der Investition in eine Teppichanlage kombiniert, die es im ersten Quartal 2017 getätigt hat. Während es seine Produktion mit einer innovativen Perspektive fortsetzt, wie es von den Entwicklungsländern gefordert wird, bedient es seine Kunden mit dem Stolz seines 100%igen nationalen Kapitals. Mehr als 100 Farb- und Musteroptionen sind in der Struktur registriert; Sie steht ihren Kunden zur Seite, indem sie sie vom Rohstoff in die Produktion, von der Produktion in den Vertrieb und in die Anwendung bringt.",,+90 312 2671621,https://geocarpet.com.tr,Maliköy Baskent O.S.B. Mah. 23. Cad No:1 06909 Sincan Türkei,,
Gerflor Mipolam,"Halle 21, Stand D34, (6)","Gerflor: Nachhaltige Bodenbeläge für jede Anforderung <br/>Als einer der weltweit führenden Hersteller für elastische Bodenbeläge entwickelt, fertigt und vermarktet Gerflor innovative, dekorative und nachhaltige Vinyl- und Linoleum-Bodenlösungen sowie Wandverkleidungen. Von Objekt- und Gewerbeflächen, dem Transport- und Sport-Sektor bis zum privaten Wohnbereich garantiert Gerflor mit einer breiten Produktvielfalt für jede Anforderung einen hochwertigen Bodenbelag. Weltweit fertigt Gerflor mit 4500 Mitarbeitern in über 120 Ländern. Insgesamt verfügt das Unternehmen über 24 Produktionsstandorte, 5 Forschungs- und Entwicklungszentren sowie eine eigene Designentwicklung. Dabei werden – folgend dem Leitsatz „we care / we act“ – alle Geschäftsprozesse im Sinne der Nachhaltigkeit gestaltet. Von der Produktentwicklung bis zur Anlagen- und Verfahrenstechnik der Produktionsstandorte. Zudem wird ein großer Teil der neuen Produkte nach den strengen Kriterien des „Cradle to Cradle“-Prinzips produziert.",,+49 2241 2530-0,https://gerflor.de,Mülheimer Str. 27 53840 Troisdorf Deutschland,,
Glimtrex,"Halle 21, Stand C22","glimtrex ist ein zukunftsgerichtetes Unternehmen auf dem Oberflächenmarkt. Unser Ziel ist es durch optimale Produkte eine exzellente Behandlung Ihrer Holzfußböden (Massivholz und Parkett), Kork- und OSB-Böden, Küchenarbeitsplatten, etc. zu gewährleisten und damit zur Langlebigkeit und gepflegten Erscheinung des Holzes beizutragen.<br/><br/>Durch die sorgfältige Auswahl der Rohstoffe und hochwertige Herstellung der Produkte möchten wir neben der effektiven, einfachen Handhabung auch die Umweltverträglichkeit unserer Produkte gegenüber Mensch und Natur gewährleisten.",,+49 2504 88887-111,https://glimtrex.de,Orkotten 68 48291 Telgte Deutschland,,
Golvabia,"Halle 21, Stand D54","Unsere Böden werden vollständig in Schweden gefertigt – tief in den dunklen Wäldern Smålands. Entwickelt, um dem nordischen Klima und Lebensstil dauerhaft standzuhalten, vereinen sie Robustheit mit zeitloser Ästhetik. Grundlage all unserer Böden sind natürliche, sorgfältig ausgewählte Rohstoffe von höchster Qualität. Gefertigt von erfahrenen Handwerkern mit tiefem Verständnis für Material und Endprodukt, entstehen Holzböden, die durch ihre Qualität überzeugen. Entscheiden Sie sich für uns, entscheiden Sie sich für einen hochwertigen Holzboden, an dem Sie über viele Jahre hinweg Freude haben werden.",,+46 371 588200,https://golvabia.se,Langgatan 10 334 33 Anderstorp Schweden,,
Granorte,"Halle 21, Stand C72","GRANORTE ist ein portugiesisches Unternehmen, das 1972 gegründet wurde, um den bei der Weinkorkenproduktion anfallenden Restkork aufzuarbeiten. Dank der guten Qualität der hergestellten Korkprodukte konnte man sich von Anfang an weltweit einen guten Ruf erarbeiten. Das vorhandene umfangreiche Know-how wurde konsequent für die Entwicklung des Unternehmens genutzt. Deshalb bietet GRANORTE heute nicht nur Korkgranulat, sondern auch technisch hoch entwickelte Produkte wie Korkfertigparkett, Wandkork und Korkparkett an. Kontrolliertes Wachstum, eine gesunde finanzielle Basis sowie die Konzentration auf Qualität, Forschung und Nachhaltigkeit haben uns weltweit zu einem angesehenen und verlässlichen Partner in Sachen Kork gemacht.",,+351 256783026,https://granorte.de,Avenida Santiago 68 4520-470 Santa Maria Da Feira Portugal,,
Green Tex Global,"Halle 23, Stand B94","Bei Green Tex Global sind wir Pioniere für nachhaltige Lösungen. Mit Sitz im Bezirk Alleppey in Kerala sind wir auf die Herstellung umweltfreundlicher Produkte aus Kokosfasern, Jute und anderen Naturfasern spezialisiert. Dank unseres Engagements für ethische Beschaffung und strenge Qualitätskontrollen haben unsere Produkte weltweit Anerkennung gefunden.<br/><br/>Unser Team wird von einer gemeinsamen Leidenschaft für den Umweltschutz angetrieben, die uns dazu veranlasst, unsere Produkte kontinuierlich zu innovieren und zu verbessern. Von Lösungen zum Erosionsschutz bis hin zu stilvollen Bodenbelägen – wir sind bestrebt, einen globalen Weg in Richtung Nachhaltigkeit zu beschreiten, indem wir eine umweltbewusste Entscheidung nach der anderen treffen. Begleiten Sie uns auf dem Weg zu einer grüneren, nachhaltigeren Zukunft.",,,,"Ward No. 2, No. 478/a Jayavihar, Kanichukulangara (PO) Cherthala 688523 Indien",,
GT Flooring,"Halle 21, Stand D34, (16)",,,,,Eichenstr. 12 82152 Krailling Deutschland,,
Guangdong Dayin Acoustics Technology,"Halle 23, Stand B34","Guangdong Dayin Acoustics Technology Co., Ltd. ist ein modernes und neuartiges Akustikunternehmen, das die Produktion, Herstellung und Entwicklung von Akustikmaterialien integriert. Unsere Hauptprodukte sind schallabsorbierende und schalldämmende Materialien.",,,,"Chishan Road, No.32 Lishui Town, Nanhai District 528000 Foshan China",,
GuangDong Yalisijia New Material,"Halle 23, Stand C33","GuangDong YaLiSiJia New Material.,Ltd wurde 2015 in der Provinz Guangdong in Dongguan gegründet. Jetzt zog die Fabrik bereits in die Provinz Guangdong in Jiangmen City Guangdong-die chinesische Hauptstadt Chinas in Übersee. Einhaltung der Geschäfts philosophie von ""Focus, Professional ism, Co-Creation, Win-Win, Quality First, die Fabrik engagiert sich für die neue Produkt forschung und-entwicklung Innovation und Verarbeitung Herstellung. In den letzten fünf Jahren hat sich das Unternehmen zu einem profession ellen Outdoor-Möbel Rohstoff Unternehmen wie Entwicklung, Produktion, Vertrieb und Inlands-& Außenhandel entwickelt. Als profession elles Unternehmen für die Herstellung von Outdoor-Möbel materialien sind die Hauptprodukte der Fabrik das Teslin-PVC-Mesh-Gewebe, Outdoor-Möbels eile und das PE-Rattan. Die Fabrik verfügt über eine eigene unabhängige moderne Standard anlage mit einer Fläche von 30 mu, einer Produktions anlage von 27000 Quadratmetern.",,+86 7508238818,,"Xinxing Road, No. 326 West Industrial, Gonghetown, Heshan 529728 Jiangmen China",,
Guangdong Zhengxi New Material,"Halle 22, Stand B63","„ZhengXi ist ein WPC-Hersteller, der sich auf Wandverkleidungen, Holzrohre, Terrassendielen, Zäune und Decken spezialisiert hat.“",,,,"Huangqi Dongting Road No.27 Dali Town, Nanhai District 528248 Foshan City China",,
Guangzhou Hande New Materials,"Halle 22, Stand B44","SETE ist seit 2005 auf die Herstellung von Sonnenschutzmitteln spezialisiert. Wir sind der Ansicht, dass eine stabile Qualität aus einer stabilen Umweltkontrolle stammt. Hande ist das erste Unternehmen in China, das in seiner Fabrik die volle Klimaanlagenkontrolle übernommen hat. Lange Zeit hat unser Unternehmen unseren Kunden verpflichtet, unseren Kunden qualitativ hochwertige, schöne, stabile und umweltfreundliche Produkte anzubieten.<br/><br/>Die Fabrik befindet sich im Wirtschaftsbezirk Guangzhou mit 65 km² besetztem Land, der Ausrüstung wie Warping, Weben und Wärme, die alle aus Deutschland importiert sind, und unser Produktionsbereich ist klimatisiert und staubkontrolliert. Wir haben 2008 das SGS ISO 9001-Qualitätsmanagementsystem, das SGS ISO 14001-Umweltmanagementsystem und die SGS OHSAS 18001-Managementsystem für die Gesundheits- und Sicherheitsbewertung im Jahr 2007 bestanden.",,+86 2032222613,,"No.161, Yao Tian He Street Yongshun Avenue 511356 Guangzhou China",,
Hailide Fibers Europe,"Halle 20, Stand B50","Hailide Fibers Europe A/S is a key node in Hailide Group's European layout. In addition to providing regional services and driving the expansion of fiber products, it also serves as a European promotion window for other business segments of the Group.<br/>Hailide Group entered the resilient flooring sector in 2014 and has grown into a globally leading manufacturer of resilient flooring and wall panel materials. Its core products include LVT flooring, SPC flooring, and PVC-free flooring (PP material), Wall panel, Industrial flooring etc..",,+45 20784129,,Hospitalsgade 10 8900 Randers Dänemark,,
Halifax Timber Merchants,"Halle 21, Stand C37",,,,,"Abbey Road Shepley Finlayson & Co, Whitby Court Huddersfield HD8 8EL Vereinigtes Königreich",,
Hamat,"Halle 19, Stand C88","Hamat, Teil der Hamat Genossenschaft, arbeitet mit Unternehmen in den Niederlanden und Indien zusammen, um den gesamten Produktionsprozess zu steuern. Spezialisiert auf Eingangsmatten und Bodenbeläge, ist Hamat seit über 35 Jahren weltweit in über 60 Ländern tätig. Durch vertikale Integration liefern wir exklusive, hochwertige Produkte. Unsere internen Produktionsstätten ermöglichen schnelle Lieferungen und ein hervorragendes Preis-Leistungs-Verhältnis. Flexibel und innovativ reagieren wir auf aktuelle Entwicklungen. Unser automatisiertes Lager fasst 16.700 Paletten, was Effizienz und ständige Verfügbarkeit sicherstellt. Im Bereich Nachhaltigkeit investieren wir in umweltfreundliche Produkte und Produktionsmethoden, um Abfall zu reduzieren und den Energieverbrauch zu senken.",,+31 38 3855528,https://hamat.com,Spoelstraat 16 8281 JT Genemuiden Niederlande,,
Hanghzhou Amy New Material,"Halle 20, Stand D46","Seit seiner Gründung konzentriert sich unser Unternehmen auf die Forschung und Entwicklung von umweltfreundlichen Dekorationsmaterialien. Wir legen Wert auf die unabhängige Forschung und Entwicklung von Designs und sichern das nachhaltige Wachstum des Unternehmens durch kontinuierliche technologische Innovationen. Gleichzeitig legen wir großen Wert darauf, hochwertige Dienstleistungen und perfekte Produkte anzubieten, um die strategische Entwicklung mit unseren Kunden aufrechtzuerhalten.",,+86 57163811918,,Yiyi Industrial Area 1 311311 Hangzhou China,,
Hangzhou Entop Houseware,"Halle 22, Stand C04","Kunst – Innovation - Leben<br/><br/>HANGZHOU ENTOP ist ein Familienunternehmen, das sich auf die Herstellung und den Export von Badezimmerprodukten konzentriert. Wir haben unsere eigenen Familienfabriken, in denen Badezimmerschränke, Spiegel, Duschtüren und Badewannen hergestellt werden. Unsere Gruppenfabriken sind ISO-zertifiziert und bestehen das Fabrikaudit mit dem 5S-Organisationssystem.<br/>Entop ist die Marke für den internationalen Export, die auf mehr als 15 Jahre Erfahrung zurückblicken kann. Wir haben ein professionelles Verkaufsteam, Qualitätskontrolle, Design und Kundenservice. Heute werden die Produkte von Entop von mehr als 2.000.000 Familien in verschiedenen 30 Ländern geschätzt.<br/><br/>Unser Prinzip: Aufrichtigkeit – Hingabe – Kommunikation – Effizient - Genießen<br/><br/>Wir glauben immer daran, dass ""Qualität und Service für unser Überleben unerlässlich sind, Aufrichtigkeit & Effizienz & Innovation helfen uns zu wachsen!""<br/><br/>Unsere Mission: Inspire you – Your First Bathroom Solution.",,+86 571 83522001,,Xiaoshan Rm 3505 Radission Fortune Center 310000 Hangzhou China,,
Hangzhou Hongying Digital Tech.,"Halle 23, Stand B91","Atmax specializes in the R&D, manufacturing, sales and service of digital ink-jet printing technology and equipment. With a new breakthrough technology in the carpet printing, blanket printing and other high pile products. Atmax R&D and technical strength has reached the international leading level, and devoted to intellectual property protection. Atmax already has obtained 20 invention patents (17 domestic invention patents, 2 in the United States, and 1 in the EU), including 14 utility patents.<br/><br/>Atmax focuses on innovative research of digital printing line. Supported by the National Digital Printing Engineering Technology Center and Enterprise Research Institute, to enhance the company's international competitiveness, comprehensively promote the upgrading of the carpet industry structure, and achieve green and environmental-friendly production solutions.",,+86 571 86731850,,Miaohouwang Road No.425 Binjiang District 1st Floor Bldg.2 310051 Hangzhou China,,
Hangzhou Meiyite Technology,"Halle 22, Stand A04",,,,,"Wangzhou Road, Liangzhu Street No.99, Yuhang District Room 1415, Building 1 311113 Hangzhou China",,
Hangzhou Stringweave,"Halle 23, Stand C79","Dragonshine ist ein erfahrener Hersteller von gewebten Vinylprodukten, der seit über 20 Jahren dem Inneneinrichtungsmarkt der Welt eine Haptik und ein Aussehen wie ein Pflanzenmaterial bietet. Unser Stoff kann auch als Polster verwendet werden, und wall2floor-Produkte sind eine clevere Option für die Oberfläche. Das naturnahe Design spricht Sie an, wenn Sie es berühren, und es ist leicht zu pflegen und zu reinigen. Ein elegantes Gen ermöglicht luxuriöse und individuelle Ansprüche.<br/><br/>Als Reaktion auf den Einrichtungstrend haben wir unser sorgfältig ausgewähltes Angebot weiter diversifiziert, darunter eine Vielzahl von hochwertigen gewebten Vinyl-Möbelstoffen, Tapeten, Wandpaneelen, Matten und Läufern, Wall2Wall-Bodenbelägen und modularen Teppichfliesen. Texlyweave® und Texlymat® sind bei unseren Innenarchitekten, Architekten und Privatkunden sehr beliebt, was zu unserer Komplettlösung mit erfahrenen Teams geführt hat.",,+86 571 88097716,,"Moganshan Rd No.789 A302, Meidu Plaza 310011 Hangzhou China",,
Hawk Machinery China,"Halle 23, Stand C34","Globaler Hersteller von Bodenmaschinen mit Design- und Fertigungstechnologie<br/><br/>Jiangsu Haokai Machinery Co., Ltd ist spezialisiert auf die Herstellung aller Arten von Bodenbearbeitungsmaschinen, die wichtigsten Produkte sind High-Speed-Boden Doppel-End-Fräsen Slotting Linie, dreiteilige Säge, mehrteilige Säge, und eine komplette Reihe von Verdrahtung Ausrüstung, geeignet für SPC, PVC, WPC Boden, Laminatboden, Mehrschicht-Verbundboden, schwere Bambusboden High-Speed-automatische Verarbeitung. Ist ein Satz Design, Produktion, Vertrieb, Service in einem der High-Tech-Unternehmen.",,+86 51983312716,https://hawkmachineryco.com,"Buyi Industrial Concentration Area Zouqu Town, Zhonglou District 213141 Changzhou China",,
Hebei RooAoo New Material,"Halle 22, Stand C07","Hersteller von maßgeschneiderten Akustikmaterialien<br/>Umweltschutz und Qualität sind unsere unverhandelbaren Grundpfeiler. Von der Auswahl hochwertiger Materialien bis hin zur Fertigung legen wir bei jedem Schritt Wert auf beides. Alle Produkte werden strengen Tests unterzogen, um die Normen CE, GRS, REACH, NRC und Formaldehyd zu erfüllen und eine außergewöhnliche akustische Leistung, Zuverlässigkeit und Langlebigkeit zu gewährleisten.<br/>Ganz gleich, ob Sie Standardgrößen oder maßgeschneiderte Lösungen benötigen, unser Know-how in Forschung und Entwicklung sowie unser unerschütterliches Engagement für Sicherheit, Qualität und Nachhaltigkeit sorgen für innovative Akustiklösungen auf dem neuesten Stand der Technik.",,,,Gongqiang Road No.24 055750 Xingtai China,,
Heinze,Aussteller vorangemeldet - Halle und Standnummer folgen in Kürze,"Heinze.de bietet Ihnen nicht nur Einblicke in nachhaltige Projekte, sondern auch einen Überblick zu aktuellen Trends in der Bauwende. Durch nachhaltig zertifizierte Produkte, aktuelle Umweltdeklarationen und Diskussionen auf dem Klimafestival unterstützen wir Sie, Ihr Wissen zu erweitern und Ihre Visionen zu verwirklichen.",,+49 5141 50-0,https://heinze.de,Bremer Weg 184 29223 Celle Deutschland,,
Helco,"Halle 21, Stand B44","Helcofloors® ist ein international tätiges Bodenbelagsunternehmen mit über 22 Jahren Erfahrung in hochwertigen Holzböden mit Lamellenaufbau sowie modernen SPC-Rigid-Click-Böden. Wir verbinden Handwerkskunst, Design und Innovation, um stilvolle und langlebige Bodenlösungen für Wohn- und Objektprojekte weltweit zu schaffen.<br/><br/>Mit einem Lagerbestand von rund 80.000 m² in Belgien beliefern wir ganz Europa. Zusätzlich produzieren wir für Importeure und Distributoren weltweit – unter unserer eigenen Marke und/oder als Private Label. Unsere Böden sind in 10, 14 und 15 mm Stärke erhältlich und mit speziell abgestimmten Ölen und Lacken veredelt.<br/><br/>Dank persönlichem Service und kundenorientiertem Ansatz begleiten wir Architekten, Projektentwickler, Händler und Importeure bei Projekten jeder Größe. Entdecken Sie auf der Domotex, wie Helcofloors® Qualität, Komfort und Eleganz vereint.",,+32 69 664669,https://helcofloors.be,Rue J.B. Daudergnies 4 7971 Basecles Belgien,,
Henan Asxxoon Flooring,"Halle 23, Stand C34","Genießen Sie das Leben mit Herz und lassen Sie den Boden Liebe vermitteln. ASXXOON FLOORING CO. hat stets darauf bestanden, seinen Kunden professionellere Komplettlösungen für Bodenbelagsprobleme anzubieten.<br/><br/>ASXXOON FLOORING CO. folgt stets dem Entwicklungskonzept „Integrität, Zusammenarbeit und Win-Win“ und ist bestrebt, seinen Kunden gezielte Lösungen für Bodenbelagsprobleme anzubieten. Hervorragende Produktleistung und strenge Qualitätskontrollstandards sind unsere Markenzeichen. Der gesamte Prozess ist visualisiert und die Nachverfolgung von Bestellungen ist bequem, sodass Kunden ihre Sorgen wie vor Ort abbauen können. Es war schon immer unser Ziel, Kunden einen One-Stop-Service<br/>für Bodenbeläge und deren Zubehör zu bieten und einen höheren Mehrwert für Kunden zu schaffen.",,+86 37153370265,,"Lidu Road Hualong District Rm2807-1, Bldg E, Hengfeng Central Plaza 457000 Puyang China",,
Henan Prosper & Colomer Moda,"Halle 23, Stand B64","Henan Prosper & Colomer Moda wurde 1995 mit einer Fläche von über 3.000 Acres gegründet. Das Unternehmen beschäftigt weltweit fast zehntausend Mitarbeiter (davon etwa 3.000 in Mengzhou) und verfügt über ein globales Beschaffungs- und Vertriebsnetz. Es hat Tochtergesellschaften an verschiedenen Standorten, darunter Hongkong, Großbritannien, Neuseeland, Australien, USA, Italien und Spanien. Das Unternehmen arbeitet mit zahlreichen internationalen Top-Luxusmarken in verschiedenen Geschäftsbereichen zusammen.<br/>Henan Prosper & Colomer Moda hat sich der Gerbereiindustrie verschrieben und ist führend in den Bereichen ökologische Gerbtechnologie, Dual-Use-Technologie für Pelz und Leder usw. Wir halten uns an das Konzept der langfristigen nachhaltigen Entwicklung und legen Wert auf CO2-arme und kreislauffähige Verfahren im gesamten Produktionsprozess, von natürlichen Rohstoffen bis hin zu biologisch abbaubaren und rückverfolgbaren Materialien, um die Standards der Modebranche zu verbessern und zum ökologischen Kreislauf der gesamten Industriekette beizutragen.",,+86 3918518123,,"Industrial Cluster No.5, 26/F GuoAo Building 454750 Meng Zhou China",,
Henan Tigers Industry,"Halle 23, Stand B33","Henan Meilang Carpet Co., Ltd. hat seinen Sitz in Gongyi City, Provinz Henan, China. Das Unternehmen hat 15 Teppichwebmaschinen aus den Vereinigten Staaten, Großbritannien, Japan und China eingeführt, darunter mehrfarbige Tuftingmaschinen verschiedener Modelle wie Oganek, Caterpillar, 8+4, 6+6 usw. Zu den Produktarten gehören bedruckte Teppiche, getuftete Teppiche, Patchwork-Teppiche, Wohnteppiche, Autoteppiche usw. mit einer jährlichen Produktionskapazität von 10 Millionen Quadratmetern. Das Produkt wird hauptsächlich in verschiedenen Bereichen wie Geschäftsbüros, Flughäfen, Hotels, Kinos, Billardhallen und Innenräumen von Wohnhäusern verwendet. Das Vertriebsnetz des Unternehmens erstreckt sich über das gesamte Land und wird aufgrund seiner hervorragenden Qualität und seines enthusiastischen und aufmerksamen Kundendienstes von der Branche hoch gelobt.<br/><br/>Übersetzt mit DeepL.com (kostenlose Version)",,+86 37188810671,,East Dongfeng Road No.1616 Block B Building Yunfeng 450048 Zhengzhou China,,
Hengshui Huaou Import & Export,"Halle 23, Stand C33","Wir sind ein professionelles Exportunternehmen. Unsere Exportprodukte: Kunstrasen, Teppichunterlage, Bodenunterlage, Teppiche, Teppich, Matten und andere Heimzubehör usw. Wir haben viele Kunden aus Europa, Nord- und Südamerika, dem Nahen Osten und Südasien und haben einen guten Ruf von allen unseren Kunden gewonnen.Wir bestehen immer auf dem Prinzip des ""gegenseitigen Vorteils und gemeinsamen Erfolgs"".",,+86 318 2102196,,"South Yucai Street No.458 Room 1310, Hongtaidongdu 053000 Hengshui China",,
Herbort - Augen-Blick-Galerie 51,"Halle 23, Stand A59",,,,,Wilhelmshauser Str. 30 28870 Fischerhude Deutschland,,
HERO Software,"Halle 21, Stand F24, (06)",HERO: Der Marktführer & Testsieger<br/><br/>Handwerker­software<br/>für Profis,,+49 511 330900-68,,Göttinger Hof 9 30453 Hannover Deutschland,,
HIBOX EXPRESS,"Halle 23, Stand B77/2",,,,,Ayr Street 122 3108 Doncaster Australien,,
Hira Industries,"Halle 19, Stand C80/1","Bei Hira bieten wir unseren Kunden die innovativsten und flexibelsten Lösungen für ihre Bedürfnisse in der Bau- und Baubranche.<br/><br/>Unsere Mitarbeiter verfügen über die richtige Erfahrung in ihrem Bereich, um unsere Kunden in jeder Produktlinie zu bedienen. Wir glauben stets daran, die Erwartungen jedes Kunden zu übertreffen, indem wir den besten Service in unserer Branche bieten.<br/><br/>Wir haben in einige der besten Technologien für unser Geschäft für HLK, Gummi, Klebebänder und Isolierung investiert, um unseren Kunden Produkte der höchsten Qualität unserer Branche zu bieten.""",,+971 48848414,,P.O.Box 50673 Dubai Investments Park 2 Dubai Vereinigte Arabische Emirate,,
HMTX Global,"Halle 19, Stand B96","HMTX Global mit Hauptsitz in Oud Gastel, Niederlande, ist einer der fünf Vertriebsbereiche von HMTX Industries, LLC, einem globalen Spezialisten für LVT-Bodenbeläge für den Wohn- und Objektbereich. Das Produkt- und Markenportfolio von HMTX Global, einschließlich Aspecta™, Allure™ und OEM-Eigenmarkenkollektionen, bietet hochwertige LVT-Bodenbelagslösungen mit ausgezeichneten Oberflächenstrukturen, hervorragendem Design und Farbe sowie Haltbarkeit, Sicherheit und Fußwärme.<br/><br/>Das Unternehmen ist in mehr als 40 Ländern in Europa, im Nahen Osten und im asiatisch-pazifischen Raum tätig. Mit der Erfahrung von mehr als fünf Jahrzehnten entwickelt HMTX Global innovative und schöne Bodenbelagsprodukte, die es Privatkunden, Architekten und Verlegern ermöglichen, komfortabel und effizient zu arbeiten.",,+31 88 1662500,https://hmtxglobal.com,Argon 37a 4751 XC Oud Gastel Niederlande,,
Holding Ducerf,"Halle 21, Stand F64",,,+33 385 882828,https://ducerf.com,Lieu-Dit Le Bourg 71120 Vendenesse-Lès-Charolles Frankreich,,
Homag,"Halle 20, Stand B55","Die HOMAG Group ist mit rund 6500 Mitarbeitern in über 100 Ländern der weltweit führende Anbieter von integrierten Lösungen für die Produktion in der holzbearbeitenden Industrie und dem Handwerk. <br/><br/>Für jede Aufgabe eine Lösung - Ob SPC Böden, LVT Böden, Laminatböden, Parkett, Korkboden, Linoleum- oder auch Furnierböden, mit dem Anlagenprogramm von HOMAG erreichen Sie eine Produktvielfalt, mit der Sie allen Marktanforderungen gerecht werden. Unser Anlagen-Programm bietet nahezu unbegrenzte Bearbeitungsmöglichkeiten für die unterschiedlichsten Werkstoffe in den vielfältigsten Abmessungen, Formen und Profilen. Maßgeschneiderte Lösungen ermöglichen es, Ihre Fußboden-Produktion zu einer wirtschaftlichen und flexiblen Herstellung von hochwertigen individuellen Fußbodenbelägen zu gestalten. Von der Einzelmaschine mit niedrigem Automatisierungsgrad bis zur vollautomatischen Hochleistungs-Anlage bieten wir alles aus einer Hand.",,+49 7443 13-0,https://homag.com,Homagstr. 3-5 72296 Schopfloch Deutschland,,
Hong Kong Eastern International,"Halle 22, Stand A19",,,+86 1059790155,,"Shaoyaoju Bei Li 101 Chaoyang District RM1108/1109,Tower AShiao Int.Cent. 100029 Beijing China",,
HORUS Digital,"Halle 21, Stand C12",,,+49 6331 5088082,,Schulstr. 22 66957 Obersimten Deutschland,,
Hubei Zong Tong Shu New Material,"Halle 22, Stand B63",,,+86 2788660153,,"Huitong New Yangtze River 6 Wuchang District 7th Floor, Block A 430000 Wuhan City China",,
Huizhou Slig New Material Techology,"Halle 23, Stand C17","SLIG-Gummiböden wurden 2013 gegründet und werden von Huizhou SLIG New Material Technology Co. LTD hergestellt und vertrieben. Der Betrieb und die Vermarktung erfolgen durch Huizhou SLIG New Material Technology Co. LTD. Niederlassungen wurden in Peking, Shanghai, Chengdu, Xi'an, Shenzhen, Nordostchina und anderen Orten gegründet. Nach mehr als zehn Jahren des Wachstums hat sich das Unternehmen von einem kleinen Verkaufsstand zu einem führenden professionellen Bodenbelagshersteller in China entwickelt, der Forschung und Entwicklung, Produktion, Vertrieb und Service unter einem Dach vereint.",,+86 752 3533655,,"Huaguo Village, Xinxu Town, Huiyang District 516001 Huizhou China",,
Huizhou Weikang New Building,"Halle 22, Stand C22",,,+86 7528386138,,"Weiming Industrial Area Sanzhou, Huangbu Town, Huidong County 516355 Huizhou China",,
Huzhou Jiafu Macromolecular Material,"Halle 22, Stand D22",,,+86 5723780697,,"Zhuangjiacun Road, No.1 West of Dingquan Bridge,, Lianshi Town, 313013 Huzhou China",,
Huzhou Meijuke Trading,"Halle 22, Stand E02",,,+86 15968228497,,"Kangshan Street, No.9 Room 608, Huayue Commercial Plaza 313000 Huzhou China",,
Huzhou Qingyang Artificial Turf,"Halle 23, Stand D67",,,+86 5723173828,https://qingyangturf.com,"Ankang West Road, No.166 Zhili Town 313008 Huzhou China",,
Hüssen Nachfolger Farben,"Halle 21, Stand D34, (19)",,,+49 221 16893-850,https://farben-huessen.de,Düsseldorfer Str. 330 51061 Köln Deutschland,,
i4F Patents & Technologies,"Halle 20, Stand B20","Wir bei i4F glauben, dass selbst die kleinsten Innovationen das Potenzial haben, nicht nur Produkte, sondern auch das Leben der Menschen, die sie verwenden, zu verändern. Aus diesem Grund besitzen und vertreten wir Tausende von Patenten und Technologien. Und deshalb entwickeln wir uns ständig weiter, sowohl unabhängig als auch mit unseren Partnern.<br/><br/>Wir sind mit unseren Drop-Lock-Technologien führend in der Bodenbelagsverlegung und bieten die weltweit fortschrittlichsten Digitaldruck-, Wand- und Decken-, Plattenzusammensetzungs-, nachhaltigen Prozess- und Oberflächenveredelungstechnologien, einschließlich Innovationen, die Keramikmörtel imitieren.",,+32 471837830,https://i4f.com,Industriedijk 19 2300 Turnhout Belgien,,
ICOFORM,"Halle 19, Stand C86","ICOFORM ist ein führender europäischer Hersteller mit einer langen Tradition in der Herstellung von hochwertigen Polyethylenprodukten für den Automobil-, Haushalts-, Industrie- und Landwirtschaftssektor. ICOFORM hat erfolgreich eine Continuous Injection Moulding-Technologie (""CIM"") für die Polyethylenproduktion entwickelt, was durch eine langjährige Zusammenarbeit mit globalen Marken-Lkw-Herstellern bestätigt wird. Das nachgewiesene technologische Know-how hat es unserem Unternehmen ermöglicht, hohe Qualität, Produktionsflexibilität und ein hohes Maß an Produktindividualisierung zu bieten. ICOFORM behauptet seine Position als europäischer Marktführer in der wachsenden Produktion von Spritzschutz-Regenklappen für schwere Nutzfahrzeuge, die unter der Marke Clear Pass® vertrieben werden.",,+40 359803900,,"Str. Anghel I. Saligny, 38 410085 Oradea Rumänien",,
Ideal Work,"Halle 20, Stand E40","Beispielhaft für die positive Einstellung, den Respekt, die Begeisterung sein und die handwerkliche Arbeit sowie den Respekt für Menschen und Umwelt aufwerten.<br/><br/>In einem kleinen Orte wie Vallà di Riese Pio X (TV) entsteht ein großes Ziel: Die Kunst der dekorativen Oberflächen weltweit bekannt zu machen und die Räume mit einer neuen und praktischen Schönheit zu verändern.<br/><br/>Die positive Wechselwirkung von Ideal Work<br/><br/>Ideal Work verfolgt eine auf dem Markt einzigartige Strategie, die sich auf die Zusammenarbeit und den ständigen Austausch mit den Partnern stützt. Die Firma arbeitet mit einem Netz von höchst qualifizierten Bodenverlegern zusammen und legt großen Wert auf Aus- und Weiterbildung sowie Beratung. So entsteht eine positive Wechselwirkung, die zur Schaffung innovativer Produkte führt und es erlaubt, auf die Kundenbedürfnisse bezüglich der persönlichen Gestaltungswünsche einzugehen.",,+39 0423 4535,,via Kennedy 52 31030 Vallà di Riese Pio X Italien,,
"Indien Gemeinschaftsstand, HEPC","Halle 23, Stand B67",,,+91 4428278879,https://hepcindia.com,Cathedral Garden Road 34 Nungambakkam Chennai 600034 Indien,,
"Indien Gemeinschaftsstand, HEPC","Halle 23, Stand A78",,,+91 4428278879,https://hepcindia.com,Cathedral Garden Road 34 Nungambakkam Chennai 600034 Indien,,
"Indien Gemeinschaftsstand, HEPC","Halle 23, Stand B68",,,+91 4428278879,https://hepcindia.com,Cathedral Garden Road 34 Nungambakkam Chennai 600034 Indien,,
Innovation Area,"Halle 21, Stand C12","Innovationsparcours: Digitalisierung im Handwerk live erleben<br/>Auf der DOMOTEX 2026 entdecken Sie hautnah die Chancen der Digitalisierung im Handwerk! Unter dem Motto „Sehen, anfassen, ausprobieren“ testen Sie innovative Technologien – von Robotik über KI bis zu digitalen Assistenzsystemen. Probieren Sie alles selbst aus und erfahren Sie, wie moderne Lösungen Ihren Betrieb effizienter, zukunftsfähiger und wettbewerbsstark machen.",,+49 511 89-0,,Messegelände 30521 Hannover Deutschland,,
Innovation United International,"Halle 21, Stand A45",,,,,"Plot No 1153, Map No 7 and Plot No Tờ bản, Phường Bình Dương 820000 Ho Chi Minh City Vietnam",,
Institut für Holztechnologie Dresden,"Halle 20, Stand D56","Das IHD ist eine unabhängige, wirtschaftsnahe Forschungseinrichtung im Bereich der europäischen holzverarbeitenden Industrie. Mit über 70 Jahren Erfahrung im Umgang mit dem vielseitigen und nachwachsenden Rohstoff Holz setzen wir unser Wissen und Know-how für Wirtschaft, Wissenschaft und Gesellschaft zielgerichtet ein.<br/>Engagierte Mitarbeiterinnen und Mitarbeiter forschen und entwickeln zum Bedarf unserer Kunden und Partner nach energie- und materialeffizienten sowie umwelt- und gesundheitsschonenden Lösungen für aktuelle und künftige technologische Herausforderungen. Als Industrieforschungseinrichtung sind wir flexibel, reagieren schnell und unkompliziert auf Anfragen unserer Partner und sprechen die Sprache der Wirtschaft. Das IHD sieht sich als engen Begleiter der Unternehmen der Holz- und Möbelindustrie sowie verwandter Branchen; der wirtschaftliche Erfolg unserer Partner ist dabei das Ziel unserer Forschungs- und Entwicklungsarbeiten.",,+49 351 4662-0,https://ihd-dresden.de,Zellescher Weg 24 01217 Dresden Deutschland,,
INTASA,"Halle 21, Stand D61","Qualität<br/><br/>Schnelligkeit<br/><br/>Flexibilität<br/><br/>Unser Unternehmen kontrolliert die Produktion vertikal mit eigenen spezialisierten Unternehmen. Diese vertikale Struktur ermöglicht es uns, die Qualität des gesamten Produktionsprozesses maximal zu achten, flexibel gegenüber dem Markt zu sein und uns an die Nachfrage unserer Kunden anzupassen.<br/><br/> <br/><br/>Der Herstellungsprozess unserer Bretter und Böden erfolgt vollständig in Galicien, Spanien, und zeichnet uns durch Qualität, Geschwindigkeit und Flexibilität aus.",,+34 981175689,,C/Enrique Marinas 36 4º 15009 La Coruna Spanien,,
Intco Recycling,"Halle 21, Stand A70","Intco Decor is proud to offer high-quality modern wall panels, acoustic panels, fluted wall panels, skirting boards, composite decking, composite cladding, crown mouldings, and other home decoration products, covering commercial, residential, and public spaces throughout the globe.",,,,"Barrington Ave 805 Ontario, CA 91764 Vereinigte Staaten (USA)",,
Izomak Yapi,"Halle 21, Stand C09","IZOMAK, 2013 gegründet, verfolgt technologische Innovationen und globale Markttrends in Echtzeit und hat es sich zum Ziel gesetzt, die Bedürfnisse seiner Kunden auf effektivste Weise zu erfüllen.<br/><br/>Heutzutage sind Leichtbauweise, Nachhaltigkeit und Designflexibilität keine Option mehr, sondern eine Notwendigkeit. In diesem Zusammenhang entwickeln wir exportorientierte Produkte, die den sich wandelnden Anforderungen gerecht werden. Über die Bereitstellung hochwertiger Produkte hinaus bemühen wir uns, das ökologische Gleichgewicht zu bewahren, indem wir Energie, Rohstoffe und natürliche Ressourcen effizient nutzen. Wir reduzieren Abfälle an der Quelle und fördern das Bewusstsein für Arbeitsgesundheit, Sicherheit und ökologische Verantwortung.<br/><br/>Mit jedem neuen Produkt und jeder aufkommenden Technologie verfolgen wir die Entwicklungen in der Keramikindustrie genau und arbeiten kontinuierlich daran, diese Innovationen in unser Fachgebiet zu integrieren.",,+90 312 3258282,,Ivedik Osb Mah. 1352. Cad. No: 21 06378 Yenimahalle Türkei,,
J.I. International,"Halle 23, Stand A60","J.I. International is a family run business involved in the preservation and promotion of traditional hand weaving techniques of skilled artisans and their art in the form of high end hand knotted carpets and rugs. We work with over 1000 artisans across 100 villages to take their work to the global market. Our family has has been in the business of carpet weaving for centuries with our ancestors having travelled from Iran and settling in Kashmir where they taught the local people the art of weaving fine silk carpets, started initially as a form of art patronage we have gone commercial in 1960 under the brand name of Wani and we entered the global market in 1990. Wani has been established around the core values of community translated through art, taking forward generations of craftsmanship, trust, quality and perfection.<br/><br/>J.I. International presently has three manufacturing centers along with a central warehouse located in New Delhi, India.",,+91 1129814018,,Lajpat Nagar Part 1 F 160 New Delhi 110024 Indien,,
"Jaeger, Paul","Halle 21, Stand D34, (5)","100 Prozent Qualität.<br/>100 Prozent Leidenschaft.<br/><br/>Sanierung, Renovierung, Modernisierung – hochwertige Bautenanstrichmittel sind unsere Spezialität. Und unsere Passion. An unserem Firmensitz im schwäbischen Möglingen vor den Toren Stuttgarts arbeiten wir als konzernunabhängiger Mittelständler mit rund 60 Mitarbeiterinnen und Mitarbeitern Tag für Tag an innovativen Spezialitäten. Unser Erfolgsrezept heißt Qualität. Und das bereits seit 1908. Die Basis dafür bilden qualifizierte und motivierte Kolleginnen und Kollegen, die ein familiäres und wertschätzendes Miteinander pflegen. Und unsere Kunden mit herausragenden Produkten und starkem Service immer wieder aufs Neue begeistern.",,+49 7141 2444-0,,Siemensstr. 6 71696 Möglingen Deutschland,,
Jason Carpets,"Halle 23, Stand B77/1",,,+86 31187058028,https://jasoncarpets.com.cn,"Xisanzhuang Street No. 111 Xinhua Dist. A-11, Haowei Bldg. 050071 Shijiazhuang China",,
Jen Yau Enterprise,"Halle 23, Stand A51",,,+886 47810058,,"Lu Kong North-6 Road, 12 Lu Kang Town 50529 Chang Hua Taiwan",,
Jesonwood Forest Products (ZJ),"Halle 22, Stand C35","Jesonwood Forest Products (ZJ) Co., Ltd ist ein führender chinesischer Hersteller, der auf Massiv- und Mehrschicht-Parkettböden spezialisiert ist. Unsere Hauptarten sind Weißeiche, Birke, Akazie, Ahorn, Manchurian Walnut und Golden Teak, aber wir produzieren auch eine Reihe anderer Bodenbelagsprodukte. Eine strenge Qualitätskontrolle des gesamten Prozesses vom Einkauf der Rohstoffe bis zur Fertigstellung des Bodenbelags sichert die hohe Qualität der Produkte von JESONWOOD. JESONWOOD besitzt mehrere fortschrittliche Produktionslinien für Bodenbeläge und automatische Beschichtungslinien. Hochwertige importierte Ausrüstung gewährleistet präzise Produkte. Da alle Maschinen hochpräzise arbeiten, ist jedes Stück JESONWOOD-Bodenbelag wertvoll und gleichzeitig bleibt das natürliche Aussehen des Holzes vollständig erhalten.",,+86 572 2118153,https://jesonwood.net,"Gaoxin Rd. No 598 Huanzhu Industry Zone, Wuxing District 313000 Huzhou China",,
Jiabao Import and Export,"Halle 23, Stand A48","Chiping Jiabao Decoration Materials Co., Ltd. ist ein chinesischer Hersteller von Bodenbelägen. In den 20 Jahren unserer Entwicklung haben wir eine Vielzahl von Partnern auf der ganzen Welt. Wir haben eine eigene Produktionslinie und ein professionelles Forschungs- und Entwicklungsteam, und wir haben Lagerbestände.",,,,"Dongchang East Road, Dongcheng Stre Rm601 Contemporary Finance & Wisdom Bldg 252000 Liaocheng China",,
Jiangsu Alife Decorative Industry,"Halle 22, Stand A58",,,+86 519 85185928,,"Changwu South Road No.588 Hi-Tech Industrial Develpoment Area, Wuj 701, Block A, Tian'an Digital Mall 213164 Changzhou China",,
Jiangsu BBL Home Technology,"Halle 22, Stand D35","Welcome to bblflooring, bblflooring is a professional manufacturer of Vinyl Flooring,Laminate Flooring as well as Engineered wood flooring. We have more than 31 years of experience in construction materials and have a good reputation in this field. Our products have been exported more than 128 countries worldwide.",,+86 51968867901,,"Changhong East Road No.10 Henglin Town, Wujin District 213101 Changzhou China",,
Jiangsu Berry Decorative Material,"Halle 22, Stand A56",,,+86 519 68882683,,"Yaoguan Industrial Park, Wujin 213000 Changzhou China",,
Jiangsu FloorPartner New Material,"Halle 22, Stand A04","Jiangsu All Molding New Material Co., Ltd ist ein Unternehmen, das sich mit der Entwicklung, Herstellung und dem Vertrieb verschiedener WPC- und SPC-Formteile befasst. Mit einem Team aus erfahrenen Technikern und modernsten Produktionsmaschinen entwickeln wir regelmäßig neue Modelle, um sicherzustellen, dass unsere Produkte dem aktuellen Trend entsprechen. Derzeit umfassen unsere Produkte Treppenstufen, SPC-Treppenkanten, T-Profile, Reduzierstücke, Bodenendkappen, Viertelstäbe, Sockelleisten und vieles mehr. <br/>Jiangsu All Molding New Material Co., Ltd ist ein Unternehmen, das sich mit der Entwicklung, Herstellung und dem Vertrieb verschiedener WPC- und SPC-Formteile befasst. Mit einem Team aus erfahrenen Technikern und modernsten Produktionsmaschinen entwickeln wir regelmäßig neue Modelle, um sicherzustellen, dass unsere Produkte dem aktuellen Trend entsprechen.",,+86 51985851798,,Hengshan Road No.29 High-tech industrial Park 223702 Suqian China,,
Jiangsu Guanheng New Material,"Halle 22, Stand D19",,,,,"No.58, Wutong Road, Zhonglou Economic Development Zone 213000 Changzhou China",,
Jiangsu Guyu International Trading,"Halle 21, Stand A38","Located in Siyang, home of China’s green plywood, Jiangsu ShengYu Flooring Co., Ltd, a branch of Jiangsu Shunyang Wood Group, specializes in eco-friendly series brand of Shunyang flooring, including solid wood fl ooring, engineered wood flooring, lamination flooring and so on.<br/><br/>The advantages of manufacturing base material, solid wood, engineered wood and lamination make it one of enterprises that have the most complete catalogue and the longest production line.",,+86 52785696666,,"Shenzhen Road, No. 2 Rm 208, Likou Town 223700 Siyang China",,
Jiangsu Guyu International Trading,"Halle 21, Stand A38","Located in Siyang, home of China’s green plywood, Jiangsu ShengYu Flooring Co., Ltd, a branch of Jiangsu Shunyang Wood Group, specializes in eco-friendly series brand of Shunyang flooring, including solid wood fl ooring, engineered wood flooring, lamination flooring and so on.<br/><br/>The advantages of manufacturing base material, solid wood, engineered wood and lamination make it one of enterprises that have the most complete catalogue and the longest production line.",,+86 52785696666,,"Shenzhen Road, No. 2 Rm 208, Likou Town 223700 Siyang China",,
Jiangsu Herewin Environmental Technology,"Halle 22, Stand D58","Nach jahrzehntelanger Weiterentwicklung und Erfahrung hat sich Jiangsu Herewin Environmental Technology Co., Ltd erfolgreich zu einem Unternehmen gewandelt, das sich der Forschung, Entwicklung, Produktion und dem Vertrieb des neuen Baumaterials widmet, mit dem Ziel, seinen Kunden komplette Lösungen für die Innenausstattung anzubieten. Das Unternehmen mit einer Fläche von 30.000 Quadratmetern befindet sich in Jiangyin, einem wichtigen Produktionsstandort in China. Es verfügt über eine hervorragende geografische Lage mit guter Verkehrsanbindung in der Nähe der Autobahnen Peking-Shanghai und Shanghai-Nanjing.<br/><br/>Übersetzt mit DeepL.com (kostenlose Version)",,+86 51086525168,,"North Huanzhen Road No.8 Mazhen, Xuxiake Town 214406 Jiangyin City China",,
Jiangsu Jiashijia New Material,"Halle 23, Stand B19/1","Jiangsu Jiashijia New Material Group Co., Ltd. is a national high-tech enterprise group integrating the design chain and supply chain of decorative new materials. The headquarter is located in the economic development zone of Changzhou City, Jiangsu. The center, with a national layout and a global perspective, has established more than a dozen manufacturing bases in domestic home furnishing manufacturing concentrated areas; it has passed ISO9001, IS014001, ISO18001 and other system certifications, and its production and sales are among the best.<br/> The main products of Jiashijia Group include printing decorative paper, impregnated adhesive film paper, PVC household film, plastic floor color printing film, HPL refractory sheet, decorative impregnated paper composite technology wood, 3D digital printing surface material, environmentally friendly water-based ink, etc.",,+86 51969650526,https://jiashijia.com.cn,"Nanmeng Road, No.26 Weixing, Henglin, Wujin 213103 Changzhou China",,
Jiangsu Kentier Wood,"Halle 22, Stand A22",,,+86 511 86220291,https://kentier.com,Development Road No. 88 Kentier Industrial Park 212300 Danyang China,,
Jiangsu Regal Grass,"Halle 23, Stand D36",,,+86 51480862396,,"Industrial Concentration Zone No.80 Xincheng Town 211401 Yizheng, Yangzhou China",,
Jiangsu SenHaoShi Cork,"Halle 22, Stand E30","Jiangsu Senhausi Cork Co., Ltd. ist seit mehr als 30 Jahren tief in der Korkindustrie tätig und entwickelt, produziert und vertreibt Korkwandpaneele, Korkrollen (Papier), speziell geformte Korkprodukte usw. mit ""Senhaus"" als Marke.",,+86 51387381222,,Yuanqu Road No.1 226576 Rugao China,,
Jiangsu Shengchang Innovative Household,"Halle 23, Stand A30","Jiangsu Shengchang Innovative Household Materials Co., Ltd,established in 2014, is a professional manufacturer engaged in the research, development, production, sale and service of S P C flooring and Laminated flooring.<br/>We are located in Wujin District, Changzhou City with convenient transportation access.<br/>Our factory covers an area of 20000 square meters including raw materials warehouse. We have 5 extrusion lines, 2 UV lines,5pressing lines,5cutting machines,3 painting lines and 5 packing lines. We have advanced profiling machine HOMAG which was imported from Germany.<br/>Advanced production equipment brings timely and steady supply ability. The monthly capacity is 1,600,000 square meters.<br/><br/>We have passed ISO9001 Quality Management System Certification, ISO14001 Environment Management System Certification and also obtained SGS test report and other product certificates.",,+86 51988723658,,"New Hengcui Road No.12 Honglian Village, Henglin Town 213103 Changzhou China",,
Jiangsu Shengmao Plastic Products,"Halle 22, Stand A47",,,+86 52780703707,,"Daxing Block 1 Wooden Industry Area, Siyang County 223723 Zhongxing Town China",,
Jiangsu Success Wood Products,"Halle 22, Stand A30","Jiangsu Success Wood Products Co.,Ltd, an enterprise of great capacity professionally specializing in manufacturing decorative materials. Established in 1997, it now has more than600 staff and building area of 120,000 square maters, professionally engages in the production of laminate flooring and Lvt/Spc flooring<br/><br/>Starting from 1997 producing laminate flooring, it now introduces many sets full-automatically ""HOMAG"" production lines from Germany; annually produces more than 20 million square meters flooring in high quality. The company had already passed the certifications like ISO9001: 2000 ,ISO14001,Floor Score ,CE ,TUV,A+.<br/><br/>Its products find a good sale in North America, the European Union, Australia, the Middle East, South Africa, South East Asia etc, which deeply favored by the customers at home and broad. <br/><br/>Sincerely welcome domestic & foreign friends to visit us, cooperate with us hand in hand to create glorious future!",,+86 51988505667,,Changhong East Raod No.97 Henglin Town 213103 Changzhou China,,
Jiangsu Th-Star Acoustic Material,"Halle 22, Stand D38","Von Anfang an war es unser Ziel, den Kunden ein Maß an prinzipieller Beteiligung an unseren Produktionen bei jedem Projekt zu bieten, mit dem unsere Konkurrenten nicht mithalten können.<br/> <br/>Jiangsu Th-Star Acoustic Material Co., Ltd. ist ein professioneller Hersteller und Lieferant von schallabsorbierenden Baustoffen in China. Es verfügt über langjährige Erfahrung. Es produziert hauptsächlich Akustikplatten, Akustikdecken, Akustikwandplatten, Deckenplatten, dekorative Paneele usw. Es hat eine gute Schallabsorptionsleistung und keinen Formaldehydgehalt. Antikollisionsisolierung, Brandschutz, einfache Installation und hochwertige Produkte. Es hat das Vertrauen und die Unterstützung vieler Partner durch hochwertige schalldichte Baustoffe gewonnen.",,+86 51086189888,,Huannan Road No.195 Huashi Town 1st & 2nd Floor South Workshop 214421 Wuxi China,,
Jiangsu Wanli Wooden,"Halle 22, Stand A46","The annual production capacity of three-layer solid wood flooring under Weite Luwei Flooring is over 1 million square meters, and its sales area covers more than 20 countries and regions such as Europe, North America, Asia-Pacific and Southeast Asia. Vitruwei adheres to the European floor selection standards, and now there are more than 30 kinds of valuable wood in the floor raw materials, mainly including American black walnut, American cherry, American Pennsylvania red oak, Canadian maple, French oak, Russian oak, Burmese teak, African green-handled mulberry, African rosewood, South American rosewood and African rosewood, etc.",,+86 512 63822771,,"Wuyue South Road, No.8 Qidu Town, Wujiang District 215234 Suzhou China",,
Jiangsu Winmai Floors Technology,"Halle 22, Stand D08",,,+86 51388756168,https://winmaifloors.com,"Anhai Road No.8 Dagong Town, Haian City 226623 Nantong China",,
Jiangsu Yiran Dejia Technology,"Halle 22, Stand C64",,,+86 519 86052008,,"Furong Ronghu Road No. 3 Hengshanqiao Town, Economic Development 213000 Changzhou China",,
Jiangsu YMK Floor,"Halle 22, Stand A76",,,+86 51982068888,https://huatianfloor.com,"Xinrong Road, Henglin 10 213103 Changzhou China",,
Jiangsu Zhengkang New Material Tech.,"Halle 22, Stand B20","Kingfisher decorative material Co., Ltd. wurde 1992 gegründet und ist ein professionelles PVC-Bodenbelagsunternehmen, das Design, Produktion und Vertrieb zusammenfasst. Mit Sitz in Changzhou, Jiangsu, China, genießen wir einen bequemen Zugang zu den wichtigsten Verkehrsnetzen. Um den steigenden globalen Anforderungen gerecht zu werden, haben wir 9 2012 Millionen Dollar in unsere neue Fabrik und Produktionslinie investiert und damit eine jährliche Produktionskapazität von 8 Millionen Quadratmetern erreicht. Unsere Fabrik erstreckt sich über eine Grundstücksfläche von 60000 m² und eine Gebäudefläche von 35000 m². Wir beschäftigen über 200 Mitarbeiter, die verschiedene Arten von Vinylböden herstellen, darunter Leimböden, lose verlegte Bodenbeläge und Bodenbeläge mit Klicksystem.",,+86 519 88506609,,"Cuixi Road, 135 Henglin Town 213000 Changzhou China",,
Jiangsu Zhongxinhe New Materrial Tech.,"Halle 22, Stand C40","Mit unserer eigenen Fabrik und unserem professionellen Serviceteam haben wir uns mit einem präzisen Branchenziel positioniert und sind bestrebt, ein nationales Qualitätsunternehmen aufzubauen. Unser Ziel ist es, der Underlay-Lieferant zu sein, dem alle Kunden vertrauen. Wir glauben, dass wir mit Ihrer Unterstützung besser abschneiden werden. Exzellente Qualität und perfekter Service sind unser unermüdliches Streben. Mit dem Grundsatz ""basierend auf Ehrlichkeit, Selbstverbesserung und Innovation"" bietet unser Unternehmen seinen Kunden eine vollständige Palette von Produkten mit hoher Qualität, Umweltschutz und angemessenem Preis. Wir heißen in- und ausländische Kunden herzlich willkommen, um eine Geschäftsbeziehung mit unserem Unternehmen auf der Grundlage der Gleichberechtigung und des gegenseitigen Nutzens aufzubauen. Lassen Sie uns gemeinsam für eine glänzende Zukunft arbeiten!",,+86 519 82559188,https://jszhongxinhe.com,"Xinchun Road No. 28 Shui Bei Collection, Yaotang Town,, Jint 213000 Changzhou China",,
Jiangyin Jiangdong Plastic,"Halle 22, Stand B63",,,+86 510 86902699,,Shashan Avenue No. 285 Zhouzhuang Town 214423 Jiangyin City China,,
Jiangyin Newway Plastics,"Halle 23, Stand C56",,,+86 510 86962288,,Changxiao Road 188 Zhouzhuang 214424 Jiangyin China,,
JiangZi Zangtan Culture Development,"Halle 23, Stand C34",,,,,"Industrial Planning Area, Jiangzi County 857400 Shigatse China",,
Jilin Xinyuan Wooden Industry,"Halle 22, Stand C04",,,+86 4336367528,,Jiang Nan Street 133700 Dun Hua China,,
Jin Yi Yuan (Jiangsu) New Material,"Halle 23, Stand A35",,,+86 51987896099,,"Songdaba Road, Guxian Street No. 8 213300 Liyang China",,
Jinhua JSM Household Products,"Halle 23, Stand D36",,,+86 57982667828,,"Dengyun Street 918 Tangxi Town, Wucheng District No. 6-3 321075 Jinhua China",,
Jinhua Yudan Decorative Material,"Halle 22, Stand D08",,,,,"West Huafeng Road, No. 1188 Xiaoshun Town, Jindong District 321000 Jinhua China",,
Jinka Construction Material Technology,"Halle 23, Stand B07","Shanghai Jinka Flooring Technology CO., Ltd. wurde 2003 gegründet und hat seinen Hauptsitz in Jiading, Shanghai. Wir sind einer der Top 3 OEM-Hersteller in der chinesischen Vinylfliesenindustrie, mit 3 Werken in China (Shanghai und Jiangsu), die nach ISO 9001 und ISO 14001 zertifiziert sind, und einem neuen Werk in Vietnam (Haiphong), das Ende 2020 die Massenproduktion aufnehmen soll.<br/><br/>JINKA ist in der Lage, alle Arten von LVT-Produkten auf dem Markt herzustellen, darunter: LVT, SVP, SRB (SPC), WPC, Wandfliesen, Looselay, Postile® und EZH (non-pvc), DRB, MGO, IMO etc. <br/><br/>Hohe Qualität, konsolidierte Dienstleistungen, wettbewerbsfähige Preise und pünktliche Lieferung sind die Schlüsselelemente, um die Anforderungen zu erfüllen und die Anerkennung unseres großen und vielfältigen weltweiten Kundenstamms zu gewinnen.",,+84 866092901,https://jinkaflooring.com,"Do Son Industrial Park Lot L8, Ngoc Xuyen Commune,, Do Son District 187100 Hai Phong City Vietnam",,
Jolly Enterprises,"Halle 23, Stand B67/2","We are ranked as one of the leading brands in manufacturing in natural floor covering carpets and mats which are made from eco-friendly botanical items such as sisal, water reed, palm, banana, abaca, hyacinth, rafiya, okra, sea grass, keshab jute etc. which comes in various designs from braided, basket weave, pop corn to herring bone & diamond etc.",,+91 3322656072,,Haramohan Ghosh Lane. 43 A Kundubagan Kolkota 700085 Indien,,
JONAS Farben,"Halle 21, Stand D34, (12)","JONAS steht seit über 85 Jahren für die Herstellung von Eigenmarken im Premium-Bereich. Unser Sortiment besteht aus Innen- und Fassadenfarben, Grundierungen, Wandbelagsklebern und Strukturbeschichtungen. Für uns ist der Austausch mit unseren Großhandelspartnern sowie eine langfristige und partnerschaftliche Zusammenarbeit sehr wichtig und gelebte Praxis.",,+49 205 8789-0,,Dieselstr. 42-44 42489 Wülfrath Deutschland,,
Jonhos Wood,"Halle 21, Stand B41","Was macht Jonhos Floors?<br/><br/>Fertigparkett für Formparkett / Quadratparkett / Fischgrätenparkett / Chevronparkett / Dielenparkett<br/><br/>Wo befindet sich Jonhos Floors?<br/><br/>Sabac, Serbien<br/><br/>Mit wie vielen Ländern arbeiten wir zusammen?<br/><br/>Über 50 Länder, wir freuen uns auf Ihre Mitarbeit",,,,Maršala Tita 29a 15216 Mišar Serbien,,
Kaiser edv-Konzept,"Halle 21, Stand F24, (05)","Seit 1990 bietet die Firma Kaiser edv-Konzept bewährte Branchenlösungen für Raumausstatter, Bodenleger<br/>und den Heimtextilhandel.",,+49 7452 9700402,,Leibnizstr. 2 72202 Nagold Deutschland,,
Kalso Fine Rugs,"Halle 23, Stand B92","Kalso Fine Rugs wurde vor kurzem gegründet, nicht nur mit dem Ziel, Teppiche und Teppichböden aus den Ausläufern des Himalaya in Nepal herzustellen und zu verkaufen, sondern auch mit dem festen Wunsch, echte Qualitäts-Teppiche und -Teppichböden herzustellen und zu vermarkten, die die wahre Arbeit tibetischer und nepalesischer Handwerksmeister und ihr Handwerk verkörpern. Wir sind der festen Überzeugung, dass gute Handwerkskunst von Generation zu Generation weitergegeben werden sollte, vom Vater zum Sohn zum Enkel, und nur wenige Kunstschulen können diese überlieferte Handwerkskunst nachahmen. Produkte machen Versprechungen, die in vielen Fällen nicht eingehalten werden. Wir versprechen nichts – SIE als Käufer können unser Produkt beurteilen.",,+977 9 841723058,,Tinchuli Boudha 6 44600 Kathmandu Nepal,,
Kangda Board,"Halle 22, Stand D19",,,+86 20 34881228,,"Dongsheng Road, Dalong Street No. 24, Panyu District 511450 Guangzhou China",,
Kaplan Floor Hali Tekstil,"Halle 20, Stand D32","Seit 2011 sind wir ein führender Hersteller von wand-zu-wand getufteten Teppichen und SPC-Bodenbelägen. Mit über zehn Jahren Erfahrung kombinieren wir modernste Technologie und handwerkliche Präzision, um hochwertige Lösungen für Wohn-, Gewerbe- und Objektprojekte zu schaffen.<br/>Unsere Produktion umfasst 11 Tuftingmaschinen und 4 SPC-Extrusionslinien, mit denen wir Cut Pile, Loop Pile sowie Cut & Loop Pile Teppiche in vielfältigen Designs, Farben und Strukturen herstellen.<br/>Wir stehen für Innovation, Qualität und Nachhaltigkeit – jedes Produkt vereint Stil, Langlebigkeit und Umweltbewusstsein.<br/>Wir freuen uns darauf, Sie auf der DOMOTEX zu treffen und neue Partnerschaften zu gestalten.",,+90 342 5030025,,Baspinar 4 O.S.B. 4. Bölge 83425 Nolu Cad. No:4 27620 Sehitkamil Türkei,,
Karl Wolpers,"Halle 21, Stand D34, (43)","Unsere langjährige Erfahrung als Produzent von hochwertigen Dichtstoffen und Klebstoffen hat uns zu einem verlässlichen Partner in der Bauchemie gemacht. Durch modernste Anlagen, strenge Qualitätskontrollen und ein erfahrenes Team gewährleisten wir Produkte, die den höchsten Standards entsprechen. Wir setzen auf kontinuierliche Weiterentwicklung und intensive Forschung, um maßgeschneiderte Lösungen für unsere Kunden anzubieten. Mit einem umfassenden Beratungs- und Logistikservice stehen wir unseren Kunden zur Seite, um die Bedürfnisse effizient zu erfüllen und eine reibungslose Versorgung sicherzustellen.",,+49 5121 7619-0,,Bavenstedter Str. 73 31135 Hildesheim Deutschland,,
Keimfarben,"Halle 21, Stand D34, (37)","KEIMFARBEN ist weltweit führender Spezialist für mineralischen Bautenschutz und bietet die haltbarsten Farben und Systemlösungen für Fassade und Innenraum auf rein mineralischer Basis. Die Marke steht für höchste Qualitätsansprüche, getragen von kontinuierlicher Innovation. KEIM’sche Mineralfarben stehen für Langlebigkeit, Wohngesundheit und Kreislauffähigkeit. 80 KEIM Produkte sind Cradle to Cradle Certified® Silber und tragen das C2C Material Health Certificate™ in Gold. Sie begeistern Architekten und Verarbeiter und werden überall eingesetzt, wo hohe ästhetische, gesundheitliche und bauphysikalische Anforderungen gelten. Die Produktpalette umfasst Fassaden- und Innenfarben, mineralische Putze, Holz- und Betonsysteme sowie WDVS. KEIMFARBEN wurde mit dem Deutschen Nachhaltigkeitspreis 2026 in der Kategorie Farben ausgezeichnet. Damit zählt KEIM zu den Besten, wenn es darum geht, wirtschaftlichen Erfolg mit Schonung der Umwelt und sozialer Verantwortung zu verbinden.",,+49 8214802 -0,,Keimstr. 16 86420 Diedorf Deutschland,,
"Kempf & Son, William F.","Halle 19, Stand D92",,,+1 6105322000,,"Ashland Avenue 900 Folcroft, PA 19032 Vereinigte Staaten (USA)",,
KGM Holzerzeugnisse,"Halle 21, Stand C27","Traditionell und innovationsfreudig, so präsentiert sich die KGM Holzerzeugnisse GmbH nach fast 50 Jahren Unternehmensgeschichte. Wir sind stolz darauf, das breiteste Sortiment an Sockelleisten und Zubehör für den Fachhandel in Deutschland lagermäßig anbieten zu können. Wir setzen auf klassische Werte wie Zuverlässigkeit und Qualität, während modernste Technologien und Service-Angebote längst bei uns Einzug gehalten haben. Auch der Umweltschutz bleibt stets im Blick, denn die Ressourcen sind begrenzt und wir pflegen sie sorgsam. Mit unseren Wurzeln in der Holzbranche sind wir dem Baum mit seinem wertvollen Rohstoff Holz sehr eng verbunden. Wir beziehen unser Holz aus kontrollierter, nachhaltiger Waldbewirtschaftung. Das PEFC-Zertifikat ""Chain of Custody"" (PEFC/04-31-0664) und das FSC®-Siegel (FSC® C021291) zeugen davon.",,+49 9082 9602-0,https://kgm-holzerzeugnisse.de,Munninger Str. 4 86732 Oettingen Deutschland,,
Khawachen Carpet & Wool Handicraft,"Halle 23, Stand C34","Seit mehr als 30 Jahren stellt InnerAsia Rugs einige der schönsten handgewebten tibetischen Teppiche in Erbstückqualität weltweit her.<br/>Gegründet von Kesang Tashi, einem gebürtigen Tibeter und führenden Experten für tibetische Teppiche, trug InnerAsia dazu bei, Tibets jahrhundertealtes Erbe der Teppichweberei wiederzubeleben und tibetische Teppiche bei Teppichliebhabern auf der ganzen Welt bekannt zu machen.<br/>InnerAsia Rugs setzt Tashis Vermächtnis fort und entwirft und webt handgewebte und maschinell gewebte tibetische Teppiche, die in einer Vielzahl von Stilen und Größen sowie in Sonderanfertigungen erhältlich sind.",,+86 8916865226,,"Jinzhu West Road, NO. 102 Chengguan District 850000 Lhasa China",,
Kip,"Halle 21, Stand D34, (34)","Die Kip® GmbH ist ein führender Hersteller im Bereich Klebebänder und seit über 50 Jahren erfolgreich am Markt. Der enge Schulterschluss mit der Shurtape® Technologies LLC im Jahr 2000, bei dem die Kip® GmbH eine hundertprozentige Tochterfirma wurde, war die logische Fortschreibung einer jahrzehntelangen Zusammenarbeit und Weiterentwicklung. Hierdurch sind unsere Kompetenzen und Möglichkeiten im Bereich Forschung, Entwicklung und Produktion maßgeblich gestärkt und noch weiter gewachsen.<br/><br/>Die Shurtape® Technologies LLC ist ein weltweit branchenführender Hersteller und Vermarkter von Klebebändern mit Niederlassungen in den USA, Kanada, Großbritannien, Deutschland, Südamerika und Asien. Zusammen bedienen die Tochtergesellschaften zahlreiche Märkte, darunter Industrie, Bauwesen, das Maler- & Lackierhandwerk, Verpackung, Elektrik, Stuck, HLK, Automobil, Schifffahrt, Luft- und Raumfahrt, Kunst und Unterhaltung, Grafik, Schallschutz, Medizin, Heimwerker, Haushalt und und Einzelhandel.",,+49 2871 23466-0,,Schlavenhorst 9 46395 Bocholt Deutschland,,
KLK Hardwood Flooring,"Halle 21, Stand A19","KLK Hardwood Flooring strebt danach, sich als Produktqualitätsrichtlinie und Leitbild zu etablieren: ""Ein Weltklasse-Anbieter von 3-Schicht-Parkettböden zu sein""",,+60 52911599,,"Lebuh Perusahaan Kelebang 5, 4 Igb International Industrial Park,, Jala 31200 Ipoh Malaysia",,
KNEHO-LACKE,"Halle 21, Stand C39","Der führende Spezialist für UV-Lacksysteme<br/> <br/>Kundenfreundlichkeit, Qualität und Innovation sind die drei Säulen der Unternehmensphilosophie der Firma KNEHO-LACKE GmbH, die die Weiterentwicklung <br/>der Firma seit der Gründung im Jahre 1936 gewährleistet haben. Von Beginn an ist KNEHO-LACKE spezialisiert auf die Herstellung von Materialien zur Veredelung von Oberflächen.<br/><br/>Der Urahn der Veredelungsstoffe von KNEHO war Knetbares Holz. Heute umfasst die Produktpalette mehr als 300 strahlenhärtende Produkt-Reihen<br/>mit einem Vielfachen an verschiedensten Varianten.",,+49 5234 8402-0,,Wilberger Str. 98 - 100 32805 Horn-Bad Meinberg Deutschland,,
"Kolckmann, A.","Halle 19, Stand D79",Sicherheit im Alltag - unter diesem Motto produzieren wir seit 1960 Antirutschprodukte wie Teppichunterlagen und Sicherheitsmatten für den Außenbereich.,,+49 7172 304-0,https://kolckmann.eu,Obere Schloßstr. 140 73553 Alfdorf Deutschland,,
Korpela Flooring,"Halle 20, Stand C76",,,+358 64378246,https://korpelaflooring.fi,Kauhajärventie 236 62295 Kauhajärvi Finnland,,
Kosche Holzwerkstoffe,"Halle 21, Stand E38","Tradition und Innovation schließen sich nicht aus<br/> <br/><br/>Als traditionsbewusstes und innovatives Unternehmen der deutschen Holzwerkstoffindustrie ist Kosche auf die Herstellung von profilummantelten Komponenten sowie WPC-Produkten spezialisiert.<br/><br/>Unsere Kernkompetenzen sind dabei die Produktbereiche „Leisten“, „Paneele“ und „WPC-Terrassendielen“ (Kovalex®). Mit unserer fast 50-jährigen Erfahrung sind wir ein zuverlässiger Partner der DIY-Branche, des Holzfachhandels, sowie der Industrie.",,+49 2245 66-0,,Bövingen 100 53804 Much Deutschland,,
Kronoplus,"Halle 20, Stand C20","Kronospan is one of the leading manufacturers of wood-based panels and value-added products for the furniture, flooring, interior design, and construction industries. Since 1897, the organization has grown from a single sawmill, founded in Austria, into a worldwide network with 40 production sites, 9 design centers, and 17 distribution centers. Operating across three continents with a workforce of over 15,000 people, it combines a global reach with a strong local presence, focusing on a single goal: meeting the needs and requirements of businesses and households. Kronospan’s unique industrial footprint offers broad geographic diversification and extensive coverage in 123 countries. The high-volume production capabilities and strategic reserve accommodate peak demand, supporting future growth opportunities and providing consistent, reliable, on-time-in-full service.",,,,Argali House 183 Triq il-Fortizza 1858 Mosta Malta,,
Kumar Handloom,"Halle 23, Stand A78/1",,,,,Gohana Road Aggarwal Market Panipat 132103 Indien,,
Kährs Group,"Halle 21, Stand D64","Innovativer Marktführer bei Premium-Fußböden - Parkettböden, LVT Böden, Hybrid- und Kunststoffböden<br/>Kährs bietet Premium-Bodenbeläge für Wohn- und Geschäftsgebäude.<br/><br/>Seit vielen Jahrzehnten prägen die innovativen Bodenbelagslösungen der Kährs Group den Bodenbelagsmarkt, und wir entwickeln unser Angebot ständig weiter, um einen Mehrwert für unsere Kunden zu schaffen – ob im privaten, gewerblichen oder öffentlichen Raum.",,+46 48146000,,Dunderbergsgatan 10 382 41 Nybro Schweden,,
Küberit Profile Systems,"Halle 21, Stand C04","Als weltweit erfolgreicher Hersteller von Fußboden- und Treppenkantenprofilen steht der Name Küberit seit über 163 Jahren für Qualität und Fortschritt. Kundenzufriedenheit, Perfektion, Innovation und die Bewahrung unserer Tradition sind wesentliche Bestandteile unserer Unternehmensphilosophie. Ständige Investitionen in neueste Technologien und Zertifizierungen sind Garanten für eine kontinuierlich hohe Qualität unserer Produkte und Leistungen.",,+49 2351 9507-0,https://kueberit.com,Römerweg 9 58513 Lüdenscheid Deutschland,,
Laiwu Shinny Nonwoven,"Halle 23, Stand B80",,,+86 53178568288,https://shinnycarpet.com,"Diligou Village Pengquan Sub-District, Laiwu High Tech D 271100 Laiwu China",,
Lamett Europe,"Halle 20, Stand B28","Lamett - Fußböden, auf denen es sich leben lässt.<br/><br/>Lamett ist Produzent und Vertreiber von Parkett und Parquetvinyl. In weniger als 15 Jahren hat sich das Unternehmen zu einem der wichtigsten Akteure im Bodenbelagssektor in Europa und weit darüber hinaus entwickelt. Qualität und Service sind zwei Säulen, die Lamett zu einem zuverlässigen Partner machen. Parkett ist ein sehr edles und langlebiges Produkt mit einem unübertroffenen Aussehen. Ein echter Atmosphärenschöpfer in Ihrem Interieur.<br/><br/>Ende 2017 brachte Lamett Parquetvinyl auf den Markt, einen Luxus-Vinylboden (SPC) auf Kalksteinbasis, der die Schönheit von Holz mit dem Komfort von Vinyl verbindet. In Bezug auf das Aussehen ist dieser Boden kaum von echtem Parkett zu unterscheiden, aber Parquetvinyl ist äußerst vielseitig. Dieser Boden ist wasserfest und daher für jeden Raum geeignet, einschließlich Küche und Bad. Darüber hinaus kann es dank des Klicksystems problemlos auf den meisten harten Altböden verlegt werden.",,+32 56774515,https://lamett.eu,Ter Donkt 2 8540 Deerlijk Belgien,,
LANXESS Deutschland,"Halle 21, Stand D21","LANXESS Anhydrit ist ein führender Anbieter von Bindemitteln zur Herstellung von Calciumsulfat-Estrichen und bietet eine Vielzahl von Zusatzmitteln zur Verbesserung der Verarbeitungs- und Fließeigenschaften bei Calciumsulfat- und Zementestrichen.<br/>LANXESS ist ein führender Spezialchemie-Konzern - ehemals Bayer Chemicals. Seit mehr als 60 Jahren wird im Chempark Leverkusen der LANXESS Anhydritbinder CAB 30, zur Anwendung für konventionellen Calciumsulfatestrich, synthetisch hergestellt. Qualität steht für LANXESS bei allem an erster Stelle – für hochwertige, nachhaltige Produkte, für mehr Lebensqualität im Alltag. Aus diesem Grund hat der Anhydrit Bereich diverse Emissionsprüfungen im eco-Institut in Auftrag gegeben. Die Einhaltung der gesetzl. Vorgaben AgBB sowie die belg. VOC-Verordnung und die französische VOC-und KMR-Verordnung wurden in Prüfbescheinigungen für den LANXESS Anhydritbinder CAB 30 und diverse Produkt-kombinationen mit Zusatzmitteln über den Anforderungen dokumentiert.",,+49 221 8885-0,,Kennedyplatz 1 50679 Köln Deutschland,,
Layo Seng Fong,"Halle 21, Stand A21/1",,,+62 8563541288,,Jl. Prof. Dr. Nurcholish Madjid No. 159 Tunggorono 61419 Jombang Indonesien,,
Le Louis Enterprise,"Halle 23, Stand B12",,,+886 2 26580108,,"Lane345 , Yangguang Street No.12 Neihu Dist. 2F. 114 Taipei Taiwan",,
Leadings,"Halle 21, Stand F69",,,+45 70 209707,,Revlingens Kvarter 7 7400 Herning Dänemark,,
Lechenwood Vietnam,"Halle 21, Stand A30","Als großes privates multinationales Produktionsunternehmen hat die LECHEN-Gruppe seit ihrer Gründung drei wichtige Geschäftsbereiche aufgebaut: die Herstellung von hochwertigen Möbeln und Sperrholz, Holzfurnier und Massivholzböden. Das Unternehmen hat drei Produktionsstätten im In- und Ausland errichtet und ist ein führendes Unternehmen in den nationalen „Top Ten“ der Branchen für hochwertige Holzmöbel, Holzfurnier, Sperrholz und Massivholzböden.<br/><br/>Bereits 2017 hatte die LECHEN-Gruppe strategische Partnerschaften mit mehreren führenden Importeuren von hochwertigem Weißbirken-Sperrholz in den Vereinigten Staaten geschlossen. Im Jahr 2017 gründete sie in Hanoi, Vietnam, ein Produktionsunternehmen für LECHEN-Sperrholz und Fertigparkett und erzielte damit eine Win-Win-Situation für Marke und Rentabilität.<br/><br/>Insbesondere in den letzten Jahren hat die LECHEN-Gruppe zunächst eine globale strategische Ausrichtung in wichtigen Märkten in den Vereinigten Staaten etabliert.",,+84 865369888,,"Thanh Binh Commune, 75200 Cho Moi District, Bac Kan Province Thanh Binh Industrial Park 75200 Thanh Thinh Vietnam",,
Leco-Werke Lechtreck,"Halle 21, Stand D34, (21)","Die LECO-Werke Lechtreck GmbH & Co. KG mit Sitz in Emsdetten ist ein traditionsreiches Familienunternehmen (gegründet 1900), das sich im Geschäftsbereich Wandbekleidung als innovativer Anbieter hochwertiger Vlies- und Glasgewebeprodukte etabliert hat. Das Sortiment umfasst glatte und strukturierte Vliese, Glasvliese, Glasgewebe, Funktionsbeläge wie Akustik- und Isolationsvliese sowie Designlösungen wie REVELATION® oder PERLVLIES. LECO-Produkte zeichnen sich durch hohe Verarbeitungsfreundlichkeit, Langlebigkeit und vielseitige Einsatzmöglichkeiten aus – vom privaten Wohnraum bis zu stark beanspruchten öffentlichen Bereichen. Nachhaltigkeit wird durch FSC®-Zertifizierung und OEKO-TEX® Standard 100 gewährleistet. Mit rund 150 Mitarbeitenden steht LECO für Qualität, Flexibilität und Kundennähe. Durch kontinuierliche Innovation und internationale Ausrichtung bietet das Unternehmen dekorative wie funktionale Wandbeläge für anspruchsvolle Innenraumlösungen.",,+49 2572 207-0,,Hollefeldstr. 41 48282 Emsdetten Deutschland,,
Lexware,"Halle 21, Stand F24, (04)","Lexware möchte Unternehmertum einfacher machen – für Selbstständige,<br/>Existenzgründungen, Kleinunternehmen und Startups. Als All-in-One-Lösung automatisiert<br/>das Unternehmen Geschäftsprozesse von der Buchhaltung bis zur Warenwirtschaft. Damit ist<br/>Lexware mit über einer halben Million Kund:innen Marktführer. Mit einem umfassenden<br/>Software-Angebot, Schulungen und Wissensplattformen unterstützt Lexware seit 1989<br/>Unternehmer:innen darin, ihre Ziele zu erreichen. Mit der Vision, als digitaler Berater<br/>Unternehmertum einfacher und zukunftsfähiger zu machen. Lexware ist Marktführer, hat<br/>seinen Sitz in Freiburg und erwirtschaftete im Geschäftsjahr 2023 mit den über 500<br/>Mitarbeitenden einen Umsatz von 200 Millionen Euro. Lexware ist ein Unternehmen der Haufe<br/>Group SE. Weitere Informationen unter www.lexware.de.",,+49 761 898-0,https://lexware.de,Munzinger Str. 9 79111 Freiburg Deutschland,,
Li & Co.,"Halle 20, Stand B36","Innovativ und flexibel<br/>Das Verständnis für die Natur, das Arbeiten in einer intakten, natürlichen Umgebung, das Bearbeiten eines natürlichen und nachwachsenden Rohstoffes wie Kork, Lino oder Holz, das Schaffen eines echten, natürlichen Ambiente mit verschiedenen Boden-Produktlinien gepaart mit innovativen und kundenorientierten Grundsätzen ... das ist LICO ... das ist das wahre Konzept für eine erfolgreiche Partnerschaft. Seit den Anfangsjahren 1989 ist es der Firma LICO gelungen, sich zu einem modernen, erfolgreichen, innovativen und weltweit tätigen Produktionsunternehmen zu entwickeln. LICO zählt mittlerweile zu den führenden Unternehmen in dieser Branche, vor allem in Bezug auf Qualität, Flexibilität, Innovation und Zuverlässigkeit. Durch ständige Weiterentwicklung der Produktionsanlagen ist es für LICO eine Selbstverständlichkeit im Preis-Leistungsverhältnis die globalen Anforderungen zu erfüllen.",,+41 818503838,,Palü Daint 12 7537 Müstair Schweiz,,
Ligo Cheng Desco Decoration Mat.,"Halle 22, Stand D30","Shandong Wanli Decoration Materials Co. ist der führende Hersteller von SPC-Bodenbelägen und Laminatböden in Shandong. Unsere Fabrik hat eine Fläche von 10.0000 Quadratmetern und bietet komplette Einrichtungen für die Produktion von SPC-Böden und Laminatböden, Forschung und Entwicklung, Lager und Büro. Mit unserer zuverlässigen Produktion, innovativer Technik und reaktionsschnellen Dienstleistungen hat Wanli Kunden in über 40 Ländern bedient und eine große Kundenzufriedenheit erreicht.<br/>Der Premium-SPC-Bodenbelag von Shandong Wanli ist ein harter Vinylboden, der dünner und stärker ist als herkömmliche LVT- oder WPC-Böden. Er ist außergewöhnlich langlebig, leicht zu verlegen und zu reinigen, wasser- und feuerbeständig. Von der Auswahl des Rohmaterials bis hin zur Auslieferung des Produkts wird höchste Qualität gewährleistet.<br/>Für weitere Informationen über luxuriöse PVC-Böden, PVC-Dielenböden, PVC-Vinylböden und PVC-Holzböden kontaktieren Sie uns bitte.",,+86 6355066397,https://descofloor.com,"Wu Guantun Village, Chiping County Zhenxing Street Office 252100 Liaocheng China",,
Linyi Yipro Flooring,"Halle 22, Stand D56",,,+86 539 8608719,,"Beijing East Road, Jiuqu Street No. 888 Hedong District Room 801, Building 1 276000 Linyi China",,
Local Pulse Marketing,"Halle 21, Stand A45","Wer sind wir?<br/>Willkommen bei der Autarky Energy GmbH, Ihrem Ansprechpartner für hochwertige Baumaterialien und Badarmaturen aus Fernost. Mit Sitz in Nordrhein-Westfalen bieten wir erstklassige Produkte, die speziell auf Händler zugeschnitten sind, die ihr Sortiment erweitern möchten. Dank moderner Lagerhaltung und Logistik gewährleisten wir eine pünktliche Lieferung an unsere Partner. Entdecken Sie unser Produktangebot, erfahren Sie mehr über unser Unternehmen und nehmen Sie Kontakt mit uns auf, um eine erfolgreiche Zusammenarbeit zu beginnen.",,,,Reinbeker Weg 56 21465 Wentorf Deutschland,,
Lovely Tibetan Carpet,"Halle 23, Stand B92","Lovely Tibetan Carpet Udhyog ist ein vertrauenswürdiger Hersteller und Exporteur typischer handgeknoteter Original-Tibet-Teppiche. Wir haben einige der talentiertesten, erfahrensten, ehrlichsten und fleißigsten Menschen der Teppichindustrie zusammengebracht, die fest an hochwertige Produkte glauben, mit dem einzigen Motto: ""Nur das Beste reicht"".",,+977 9851132951,,Bhaktapur 9 44800 Suryabinayak Nepal,,
Lu'An Detian Building Materials,"Halle 22, Stand E30",,,+86 5643618330,,Runnan Road and Gongye Road Interse Hightech Industrial Development District 237000 Lu'an China,,
Látex del Mediterráneo,"Halle 21, Stand B22","Latex del Mediterráneo wurde im Jahr 2002 gegründet und ist auf die Herstellung von hochwertigem Latexschaum spezialisiert. Mit über zwei Jahrzehnten Erfahrung und einem hochprofessionellen Team betreiben wir sechs Produktlinien (drei kontinuierliche Produktionslinien und drei Sekundär- bzw. Veredelungslinien).<br/>Latex del Mediterráneo ist nach ISO 9001 und ISO 14001 zertifiziert. Diese internationalen Normen stellen sicher, dass wir nach hohen Qualitäts- und Umweltstandards arbeiten und einen kontinuierlichen Verbesserungsprozess verfolgen.<br/>Darüber hinaus haben wir in unseren Anlagen Solarmodule installiert, um den Energieverbrauch aus nicht erneuerbaren Quellen zu reduzieren.<br/>Zusätzlich haben wir klare Ziele zur Reduzierung unseres CO₂-Fußabdrucks definiert, die im Einklang mit der B-Corp-Bewegung stehen.",,+34 965406628,,C/ Calpe 56 03330 Crevillente Spanien,,
Lüttmann Werkzeugmaschinen,"Halle 21, Stand C12","Ihr starker Partner für Industrie und Handwerk!<br/>Als modernes mittelständiges Unternehmen haben wir seit der Gründung 1985 das Ziel, unsere Kunden bestmöglich zu beraten und mit individuellen Lösungen weiterzuhelfen. Mit unserem Sitz im Industriegebiet Nord in Rheine sind wir nicht nur regional, sondern auch deutschland- und weltweit aktiv. Mit unserem breiten Angebot an innovativen Technologien, erstklassigen Produkten und verschiedensten Serviceleistungen bedienen wir die Bereiche Werkzeuge, Zerspanung-, Schweiß- und Drucklufttechnik sowie Arbeitsschutz und Ausgabe- und Verwaltungssysteme.",,+49 5971 9678-0,,Röntgenstr. 28 48432 Rheine Deutschland,,
M.A. Kügele,"Halle 21, Stand D34, (25)","Verlegesysteme für Laminat, Parkett, LVT und Designbeläge, Monoprofile, Renoprofile, Fliesenprofile, Bewegungsfugen, Treppenkanten, Holzdekor-Profile, Kunststoff Profile, Gleitschutz- und Einlagestreifen sowie Sockelleisten und Zubehör – wir bieten ein umfangreiches Sortiment an innovativen Profil-Lösungen für Bodenleger, Objekteure, Raumausstatter und Architekten.",,+49 89 3755999-4,,Baierbrunner Str. 25 81379 München Deutschland,,
Maa Lakshmi Udyog,"Halle 23, Stand A78/4",,,,,"Saini Colony, Between 2 Railway Lin Panipat 132103 Indien",,
Mac Lean Products,"Halle 21, Stand D31",,,+31 168359565,https://macleanproducts.nl,Logistic Boulevard 3 4791 VC Klundert Niederlande,,
Madeicentro,"Halle 21, Stand B72","Madeicentro is a Portugues Company specialized in import and Transformation of Exotic Wood Species, with more than 40 years of experience in the market. Since their genesis, and until the present, his unique attitude of respect to the partners and costumers, as well as the strict respect of the commitments made, make it a reference in the segments where it operates, whether in the Raw Wood Sector for the carpentry and furniture industries, or in the Finished Products Division. In this, the brand GOLDEN PARQUET®, created by Madeicentro in 2009, has since became national and international leader in the production, trading and installation of Exterior and Interior Flooring, Massive and Multilayer.",,+351 234730700,,Avelãs de Caminho Avelas de Caminho 3781-901 Anadia Portugal,,
Magic Floors,"Halle 20, Stand C49","R U READY 4 MAGIC FLOORS, your International Wholesale & Trading partner for retailers, distributors and residential/commercial projects.<br/><br/>Magic Floors parquet, laminate, design vinyl, decking, indoor & outdoor wallpanels and take advantage of our fantastic promotions. <br/> <br/>Magic Floors, Magic since 2005<br/>Your Magic Team",,+32 484083100,,Paul Vekemanslaan 63 2660 Antwerpen Belgien,,
"Mayer, Robert (Hongkong)","Halle 20, Stand A36",,,+852 39068506,,"Tai Yau Street 35 Flat A, 12/f, RM 1202, Efficiency House SAR Hongkong Hongkong",,
Meffert,"Halle 21, Stand D34, (11)",,,+49 671 870-0,https://meffert.com,Sandweg 15 55543 Bad Kreuznach Deutschland,,
MEGA,"Halle 21, Stand D34, (30)","Die MEGA eG ist eine Genossenschaft mit über 130 Standorten deutschlandweit und Onlineshop. Sie wurde 1901 in Hamburg-Altona von Handwerkern zunächst als Einkaufsverbund gegründet. Gestartet mit 45 Mitgliedern ist die MEGA eG heute mit über 6.000 Mitgliedern der größte handwerkseigene Sortimentsgroßhändler für das Maler-, Bodenleger- und Stuckateurhandwerk. Das Vollsortiment umfasst Produkte aus den Bereichen Farben, Lacke und Lasuren, Dämmsysteme und Putze, Bauchemie und Bautenschutz, Bodenbeläge, Wandbekleidungen, Maschinen und Werkzeuge. Darunter die wichtigsten Industriemarken der Branche sowie eigens für das Profihandwerk entwickelte Produkte der Marke MEGA.",,+49 40 54004-0,https://mega.de,Fangdieckstr. 45 22547 Hamburg Deutschland,,
Merit Green,"Halle 22, Stand A63","Wir sind ein international ausgerichteter Hersteller von Verbundwerkstoffen mit über 15 Jahren Branchenerfahrung in der Entwicklung und Produktion von WPC/BPC-Außenbelägen, Verkleidungsplatten, Zäunen, Gartenprodukten usw. Mit seiner zuverlässigen Qualität und seiner innovationsorientierten Ideologie hat sich das Unternehmen zu einem der führenden Unternehmen in Asien entwickelt.",,,,"Chatham Road South 17-19 Tsim Sha Tsui Rm. 1,16/F Empress Plaza SAR Hongkong Hongkong",,
Minhua Plastics,"Halle 23, Stand C67",,,+86 512 58926883,,"Kechunag Road No.1 Miaoqiao Hengjing Village ,Tangqiao Town 215611 Zhangjiagang China",,
Mittelstand-Digitalzentrum Handwerk,"Halle 21, Stand C12","So klappt der digitale Wandel auch bei Ihnen.<br/>Wir unterstützen Handwerksbetriebe und -organisationen seit 2016 dabei, die Chancen der Digitalisierung zu nutzen – kostenfrei, anbieterneutral & deutschlandweit. Seit 2024 liegt ein besonderer Fokus auf Künstlicher Intelligenz.",,+49 2151 5155-10,,Bökendonk 15-17 47809 Krefeld Deutschland,,
Mulantan,"Halle 20, Stand B39","Wir sind das wichtigste Bindeglied in einer fragmentierten Wertschöpfungskette für Bauprodukte. Über unseren Business-to-Business-Vertriebskanal helfen wir Tausenden von Kunden, die richtigen Produkte in unserem umfangreichen Angebot zu finden, und ermöglichen es Lieferanten, die Bedürfnisse der Kunden zu erfüllen.<br/><br/>Wir bieten mehr als Tausende von Produkten in verschiedenen Segmenten an und bieten eine One-Stop-Shop-Lösung für kleine und mittlere Unternehmen (KMU), die hauptsächlich in den Endmärkten Wohnen und Renovierung tätig sind.<br/><br/>Unsere engagierten und professionellen Mitarbeiter verfügen über fundierte Produktkenntnisse, starke Kundenbeziehungen und eine „Can-do“-Einstellung und tragen dazu bei, die Projekte unserer Kunden auf einfache, bessere, zeitnahe und nachhaltige Weise zu realisieren.",,,,Ul. Sienna 93/5 00-815 Warsaw Polen,,
Nangong City Huihai Fur & Leather,"Halle 23, Stand B34","Nangong Stadt Huihai Pelz und Leder Co., Ltd ist spezialisiert auf natürliche Schaffelle und Kunstpelz-Produkte seit Jahren, die von Bereich Teppiche, Teppiche und Sitzpolster zu Decken, Kissen Kissen etc. Als professioneller Hersteller und Exporteur sind die Pelzprodukte von Huihai in der EU, den USA, Kanada, Großbritannien und dem Nahen Osten immer beliebter und erreichen eine jährliche Produktion von 2.600.000 m2 mit bsci-Zertifizierung.<br/>Wir haben gute Erfahrungen mit der Kontrolle von Rohstoffen, Produktqualität und Lieferzeiten. In der Zwischenzeit, mit reicher Erfahrung in der Markttrend, können wir Sie unterstützen reifen Vorschläge, um Ihnen zu helfen, Ihr Geschäft zu erweitern. Wir bieten jedem Kunden immer den höchsten Standard an Kundenservice.<br/>Das Managementteam hat die Firma zu einem modernen Unternehmen entwickelt, das technische Stärke, fortschrittliches Prozessdesign und moderne Managementpraktiken kombiniert.",,+86 319 5265610,https://huihaifur.com,Putong Street No. 9 Nangong City 055750 Nangong China,,
Nangong Hengxin Fur Production,"Halle 23, Stand B33","Der Vorgänger von Nangong Hengxin Fur Production Co., Ltd. war die 1989 gegründete ""Nangong Yinchen Tannery"", deren Hauptprodukte geschorene Schafsfelle und verwandte Produkte waren.<br/> Die Nangong Hengxin Fur Production Co. Ltd. ist ein 1999 gegründetes chinesisch-australisches Joint Venture-Unternehmen. Es baute auf der Produktionserfahrung der Nangong Yinchen Tannery auf und wurde sowohl Hersteller als auch Exporteur. In den letzten Jahren hat das Unternehmen Technologie und Ausrüstung aus Australien und Neuseeland importiert. Es hat Beziehungen zu einer Reihe ausländischer Technologieexperten aufgebaut und ist in der Lage, mit den neuesten Entwicklungen in der Gerbtechnologie für Wollfelle Schritt zu halten.<br/> Alle Rohmaterialien werden unter den hochwertigsten australischen Lammfellen ausgewählt. Sie werden mit importierten Chemikalien gegerbt, die keine Materialien von gefährdeten Arten enthalten.",,+86 3195306686,https://hengxinfur.com,Xidige Village No.29 Zizhong Town 055753 Nangong China,,
Nangong Sensheng,"Halle 23, Stand A34",,,+86 3195399778,https://senshengfur.com,Zizhong Town 055753 Nangong China,,
Nanjing MGM New Materials,"Halle 22, Stand B38",,,+86 2556616568,,"Zhaoyang Road No. 19 Dongping Town, Lishui District 211212 Nanjing China",,
Nanyang Huasi Carpet,"Halle 23, Stand B33",,,+86 377 66081601,https://nanyanghuasiditan.com,West of Zhongzhou Road No.1399 473000 Nanyang China,,
Nature Green,"Halle 22, Stand A31","Nature Green ist ein OEM-Hersteller, der auf die Herstellung von SPC-Bodenbelägen und Wandpaneelen in China spezialisiert ist. Das Unternehmen ist bestrebt, unseren geschätzten Kunden weltweit Produkte von höchster Qualität zu liefern, mit professionellen Dienstleistungen, auf die Sie sich verlassen können.<br/><br/>✔ Geprüfte Fabrik, um die Anforderungen von verschiedenen Märkten zu erfüllen<br/><br/>✔ Zertifizierter SPC-Bodenbelag, keine Beschränkung, die Mehrheit der Länder zu betreten<br/>✔ Qualifizierter SPC-Bodenbelag, erfüllt die Anforderungen des Kunden und internationale Standards<br/>✔ Wettbewerbsfähige Preise mit herausragender Qualität<br/>✔ Hohe Leistung der Organisation und des Managements, um die Lieferzeit sicherzustellen<br/>✔ Praktische Verpackungslösungen<br/>✔ Professionelle Fähigkeiten und Operationen, um den Kunden zu bedienen<br/>✔ Hervorragender Papierkram zur Unterstützung der Abläufe des Kunden<br/>✔ Positive verantwortungsvolle Einstellung, um das Problem zu lösen",,+852 252118360,https://nature-green.cn,"Fleming Road No. 7 12/F, Goodfit Commercial Building SAR Kowloon Hongkong",,
Nederlands Chinese Handelskamer,"Halle 22, Stand D08",,,+31 88 0666888,,"Europalaan 202 Zone A, Bld. A3 7559 SC Hengelo Niederlande",,
Nederlands Chinese Handelskamer,"Halle 22, Stand D58",,,+31 88 0666888,,"Europalaan 202 Zone A, Bld. A3 7559 SC Hengelo Niederlande",,
Nederlands Chinese Handelskamer,"Halle 22, Stand D57",,,+31 88 0666888,,"Europalaan 202 Zone A, Bld. A3 7559 SC Hengelo Niederlande",,
Nederlands Chinese Handelskamer,"Halle 22, Stand B63",,,+31 88 0666888,,"Europalaan 202 Zone A, Bld. A3 7559 SC Hengelo Niederlande",,
Nederlands Chinese Handelskamer,"Halle 22, Stand C58",,,+31 88 0666888,,"Europalaan 202 Zone A, Bld. A3 7559 SC Hengelo Niederlande",,
Nederlands Chinese Handelskamer,"Halle 22, Stand D46",,,+31 88 0666888,,"Europalaan 202 Zone A, Bld. A3 7559 SC Hengelo Niederlande",,
Nederlands Chinese Handelskamer,"Halle 22, Stand C64",,,+31 88 0666888,,"Europalaan 202 Zone A, Bld. A3 7559 SC Hengelo Niederlande",,
Nederlands Chinese Handelskamer,"Halle 22, Stand D56",,,+31 88 0666888,,"Europalaan 202 Zone A, Bld. A3 7559 SC Hengelo Niederlande",,
Nederlands Chinese Handelskamer,"Halle 22, Stand A76",,,+31 88 0666888,,"Europalaan 202 Zone A, Bld. A3 7559 SC Hengelo Niederlande",,
neomatt,"Halle 21, Stand C12","Der einfachste Weg zu einem personalisierten Verkaufsprozess mit mehr Umsatz<br/>​Eine gute Produktvisualisierung, die der Kunde an seine Wünsche und seinen Bedarf anpassen kann, hat eine mehrfach positive Auswirkung auf Ihr Geschäft, Ihren Umsatz und Ihr Image.​<br/><br/>Hier stellen wir die Möglichkeiten mit ihrem Mehrwert für Sie vor. Mit unseren zusätzlichen Leistungen bieten wir auf Wunsch eine persönliche Betreuung als Partner für Ihr Wachstum.",,+49 201 81581160,,Martin-Kremmer-Str. 12 45327 Essen Deutschland,,
Neriah Industria,"Halle 23, Stand B67/1","Wir stellen Gummiprodukte für alle Ihre Bedürfnisse her.<br/><br/>Bei Neriah Industria sind wir auf die Herstellung hochwertiger Türmatten und Gummimatten spezialisiert, die auf Langlebigkeit, Funktionalität und Stil ausgelegt sind. Als Branchenführer verbinden wir Innovation mit überlegener Handwerkskunst, um Matten herzustellen, die die Sicherheit, Sauberkeit und Ästhetik in Wohn-, Gewerbe- und Industriebereichen verbessern.",,,,Kurichy 17/630A Neriathara Building Kottayam 686532 Indien,,
Net Zemin Kaplamalari,"Halle 20, Stand B08","Net Floor Coverings ist ein Boutique-Hersteller von thermoplastischen Bodenbelägen, der 1992 gegründet wurde. Wir sind auf die Bau-, Hardware- und Automobilbranche spezialisiert und nutzen Extrusions- und Kalandriertechnologien, um hochwertige Bodenbeläge auf PVC-Basis mit optischer und dimensionaler Variabilität herzustellen.<br/><br/>Compliance ist in unserem Betrieb von größter Bedeutung, da wir uns sowohl für unsere Produktionsprozesse als auch für unsere Produkte an gültige nationale und internationale Normen halten. Über die Industriestandards hinaus zeigt sich unser Streben nach Exzellenz in unserer Fähigkeit, maßgeschneiderte Produkte zu entwerfen und herzustellen, die auf die individuellen Kundenbedürfnisse zugeschnitten sind.<br/><br/>Umweltverantwortung ist ein zentraler Wert bei Net Floor Coverings. Wir sind stolz darauf, zu 100 % recycelbare Produkte herzustellen und verfügen über eine Recyclingkapazität von 3.200 Tonnen pro Jahr im mikronisierten Thermoplast-Recycling.",,+90 2128865335,,Veliköy Mah. San Bulv. No19/1 59520 Cerkezköy Türkei,,
Neuhofer Holz,"Halle 20, Stand D20","FN Neuhofer ist ein international führendes Familienunternehmen in der Holzverarbeitung, mit einer 375-jährigen Erfolgsgeschichte. Seit der Gründung im Jahr 1650 hat sich das Unternehmen von einer kleinen regionalen Sägemühle zu einem globalen Anbieter für Leistensysteme und Zubehör für Boden, Wand und Decke, Akustikplatten sowie Wandverkleidungen entwickelt - mit einer Exportrate von 96 % und Kunden in rund 70 Ländern. Die Marke Neuhofer verbindet innovative Lösungen und modernste Technologien mit Qualität, Zuverlässigkeit und bestem Service. Alles aus einer Hand.",,+43 6234 8500-0,,Haslau 56 4893 Zell am Moos Österreich,,
New Garden Smart Home Technology,"Halle 22, Stand C58",,,,,"Changhong Str. No .417 Moganshan High-Tech Zone, Deqing County 313205 Huzhou China",,
New Long Ching Industrial,"Halle 23, Stand D55",,,+886 2 29080886,,Zhongzheng Rd. No.649-1 Xinzhuang Dist. 3F 24257 New Taipei City Taiwan,,
New Richtimber International,"Halle 22, Stand D08",,,+852 21231695,,"Des Voeux Road Central 308 Rm 1701-02, 17/f, FWD Financial Centre SAR Hong Kong Hongkong",,
Nhuan Phat New Material,"Halle 23, Stand C11","JC FUSION GROUP CO.,LTD<br/>Die JC Fusion Group wurde 2016 gegründet und ist einer der am schnellsten wachsenden Hersteller von hochwertigen Fertigparkettböden, SPC-, WPC-, Laminat- und LVP-Wasserdichtböden in Vietnam. Wir verbinden unsere Qualitätsprodukte mit außergewöhnlichem Kundenservice und Kundenzufriedenheit. Wir produzieren klassische und stilvolle Bodenbeläge, die für ihre Erschwinglichkeit und überragende Qualität bekannt sind. Wir sind bestrebt, unseren Kunden hochwertige Produkte und einen erstklassigen Kundenservice zu bieten, und möchten die Erwartungen derjenigen übertreffen, die JC Fusion für ihre Bodenbelagsanforderungen nutzen.",,+84 2216554885,,"A2‐A4 Street 1 Area A, Pho Noi A Industrial Park, Lac H 160000 Hung Yen Vietnam",,
Ningbo Heiligs Import and Export,"Halle 23, Stand C17",,,+86 574 87594009,,"Cigu E-Commercial Park, No.313 Cicheng 315031 Ningbo China",,
"Noel, Denis","Halle 21, Stand A25",,,+1 4509653245,,"Place Audun 10 Lorraine, QC J6Z 4L4 Kanada",,
NOSTRA,"Halle 21, Stand A22","NOSTRA ist ein weltweit agierendes, aufstrebendes Handelsunternehmen und ist spezialisiert auf hochwertige Raumschalldämmungen. Ob aus Nauturkautschuk, Rohrkolben, Latex, Kork oder PE-Schaum hergestellt, NOSTRA liefert Dämmunterlagen höchster Qualität und in vielfältigen Spezifikationen und Ausführungen. Flexibilität und Termintreue stehen bei NOSTRA an oberster Stelle. NOSTRA geht besonders auf die individuellen Kundenwünsche ein:<br/>- Lieferung lose<br/>- Lieferung auf Euro-Paletten<br/>- Lieferung in Kartons<br/>- NEU: Lieferung in Display-Kartons mit individuellem Aufdruck",,+43 4762 61614,https://nostra-gmbh.at,10. Oktoberstraße 78 9800 Spittal Österreich,,
"Novalam Innovacion, Kerlux","Halle 20, Stand C46","Kerlux ist der führende Hersteller von SPC-Böden (Stone Polymer Composite) in Spanien und das erste Unternehmen, das diese innovative Bodenlösung national produziert. Als Teil von Novalam Innovación S.A. vereint Kerlux modernste Technologie, nachhaltige Praktiken und elegantes Design, um leistungsstarke SPC-Böden anzubieten, die den Anforderungen moderner Architektur und Innenraumgestaltung gerecht werden.",,+34 964344411,https://kerlux.eu,"CV 16 Km 2,2 (Ed Grespan) Carretera Alcora, Castello De La Plana 12006 Castellon Spanien",,
NOX,"Halle 20, Stand A76",,,+82 252076 -00,,"Hyoryeong-Ro 355 KD Center 06643 Seocho-gu Korea, Republik",,
OHLA Plast & Färgteknik,"Halle 20, Stand B19",,,+46 30317222,,Motorgatan 6 442 40 Kungälv Schweden,,
Oriental Art Covers,"Halle 23, Stand A85",,,+91 9335679936,https://orientalartcovers.com,Daropur Kashipur Bhadohi 221401 Indien,,
"Otto, Hermann","Halle 21, Stand D34, (4)","Erfolg & Kompetenz im Dichten & Kleben<br/><br/>Seit mehr als 140 Jahren stehen wir bei OTTO für kompromisslose Qualität, höchste Kompetenz und innovative Lösungen für besondere Aufgabenstellungen in Industrie, Handel und Handwerk – sei es zum Dichten, Kleben, Vergießen oder Beschichten. <br/><br/>Als führender Hersteller von Dichtstoffen und Klebstoffen genießen wir dabei weltweit einen exzellenten Ruf quer durch alle Branchen. Eine Wertschätzung, die wir uns nicht nur aufgrund unseres umfangreichen Sortiments an qualitativ hochwertigen Produkten erarbeitet haben. In erster Linie sind es die optimal auf die individuellen Wünsche unserer Kunden zugeschnittenen Beratungs- und Serviceleistungen, die uns zu einem verlässlichen Partner auf Augenhöhe machen. So verlieren wir nie das Wesentliche aus dem Blick und wissen immer genau, worauf es wirklich ankommt: flexibel anpassbare Vertriebs-, Logistik- und Entwicklungsprozesse sowie zu 100% zufriedenstellende Produkte „made in Germany“.",,+49 8684 908-0,,Krankenhausstr. 14 83413 Fridolfing Deutschland,,
PAALER,"Halle 19, Stand D91","PAALER ist ein globaler Führer in kommerziellen Matte-Lösungen und hilft Einrichtungen weltweit, Sauberkeit, Sicherheit und Markendarstellung zu verbessern. Mit drei Produktionsstandorten und fortschrittlichen Produktionskapazitäten liefern wir Hochleistungs-Lösungen für Eingänge, stark frequentierte Gehwege und spezialisierte Umgebungen in den Branchen Gastgewerbe, Einzelhandel, Verkehr und Industrie.<br/>Unser Mehrmarken-Portfolio umfasst Premium-Eingangssysteme, Ermüdungsreduzierende Bodenbeläge, ESD-Schutzmatten, PVC-Modultiles und vollständig maßgeschneidertes Logo-Matten – entwickelt für hohe Anforderungen, 同时 senkend Wartungskosten und minimierend das Risiko von Rutschunfällen.<br/>Von globalen Marken wie Starbucks, Tesla, Disney, KFC, Burger King, Universal Studios und führenden Hotelgruppen vertraut, kombiniert PAALER konsistente Qualität, innovative Design und zuverlässige Lieferung, um die Anforderungen von Weltklasse-Einrichtungen zu erfüllen.",,+1 818 52483890,,"Freedom Drive 4327 Suite 5 Calabasas, CA 91302 Vereinigte Staaten (USA)",,
Pan Parket,"Halle 21, Stand C42","Das Unternehmen PAN PARKET d.o.o. wurde im Jahr 1996 gegründet und das Hauptgeschäft war die Parkettherstellung in der Holzindustrie. Im Laufe der Jahre bestand das Hauptziel darin, den Umsatz schrittweise zu steigern und die Geschäftsbasis zu stärken. Das Unternehmen stützt seine Entwicklung auf Personalpotenzial, kam aus der Tradition in der Holzindustrie in der Region und Umgebung. Personal ist sehr wichtig, und das Unternehmen ist sehr vorsichtig bei der Auswahl. Auch Studenten erhalten Stipendien, und sie bereiten sich vor und trainieren, um ein wichtiger Teil des Unternehmens in der Zukunft zu werden.<br/><br/>Wir basieren uns auf einheimische Rohstoffen, so Hauptquelle sind einheimische Lieferanten. Das Unternehmen kauft Baumstämme von der staatlichen Waldgesellschaft „Hrvatske šume“ und von lokalen Sägewerken.",,+385 33400982,https://pan-parket.hr,Glavna 72 33515 Cacinci Kroatien,,
Parketfabriek Lieverdink,"Halle 20, Stand D50",Unser Unternehmen Lieverdink ist ein niederländischer Hersteller von Holzfußböden. Neben traditionellen Lösungen bieten wir eine breite Palette an zweischichtigen Bodenbelägen an. Neu in unserem Sortiment ist eine Holzalternative zu PVC-Bodenbelägen. Diese lässt sich schnell verlegen und ist in sieben modernen Farben erhältlich. Ein brandneues und einzigartiges Produkt auf dem Markt.,,+31 314340563,,Logistiekweg 3 7007 CJ Doetinchem Niederlande,,
Parkett Hinterseer,"Halle 21, Stand D34, (15)","Das Unternehmen Parkett Hinterseer besteht bereits seit über 100 Jahren. Die erste Filiale entstand 1904 noch unter dem Namen Parkett Hübner. Seit 1966 sind wir als Parkett Hinterseer bekannt.<br/><br/>Ende der 80iger Jahre begannen wir zu expandieren und eröffneten unsere erste Filiale in Berlin/ Kreuzberg. Bis zum heutigen Tag wurden 28 Filialen eröffnet, sodass wir unsere Kunden in ganz Deutschland mit fachlicher Kompetenz beraten und alles rund ums Parkett, Laminat und Zubehör anbieten können.",,+49 34954689 -0,,Max-Planck-Str. 4 06796 Brehna Deutschland,,
Parkett Oster,"Halle 21, Stand C38","Parkett Oster ist ein familiengeführtes Unternehmen mit über 30 Jahren Erfahrung im Import und Vertrieb hochwertiger Bodenbeläge. Mit einem monatlichen Importvolumen von über 100.000 m² und einem Lagerbestand von mehr als 200.000 m² Parkett am Standort Fürth (Bayern) beliefern wir zahlreiche namhafte Handelsgesellschaften für Bodenbeläge in der DACH-Region.<br/>Als exklusiver Vertriebspartner eines ukrainischen Herstellers bieten wir Landhausdielen mit hochwertigem Kiefer-Aufbau, moderner 5G-Verbindung, QNG-Ready und EUDR-Konformität – Made in Europe zu attraktiven Preisen.<br/>Dank kurzer Lieferzeiten von nur wenigen Wochen können wir im Gegensatz zur asiatischen Konkurrenz auch kurzfristige Kundenprojekte flexibel und zuverlässig realisieren.",,+49 911 374961-0,,Kronacher Str. 133 90765 Fürth Deutschland,,
Pavit Ceramics,"Halle 23, Stand B50","Pavit Ceramics Pvt. Ltd. (PCPL), ein Mitglied der VPJ Group, ist seit 2000 ein Pionier in der Feinsteinzeugindustrie. Mit modernster importierter Technologie und einer jährlichen Produktionskapazität von 2,78 Millionen m² gehörte Pavit zu den ersten Unternehmen in Indien, die vitrifizierte Pflasterfliesen einführten und langlebige, leistungsstarke Lösungen für Innen- und Außenbereiche anboten. Pavit ist das einzige Unternehmen in Indien, das kleinformatige Vollkörperfliesen in 100x100 mm und 200x200 mm herstellt, zusätzlich zu größeren Formaten wie 400x400 mm, 600x600 mm und 600x1200 mm.<br/><br/>Als nach ISO 9001:2015 zertifiziertes Unternehmen entsprechen unsere Produkte den Normen ISO 10545, ISO 13006 und BIS. Mit einer Präsenz in Europa, den USA, Lateinamerika, dem Nahen Osten und Asien hat Pavit sich als zuverlässiger globaler Partner für hochwertige Fliesenlösungen etabliert, der Ästhetik, Langlebigkeit und Innovation für moderne Architektur und Infrastruktur vereint.",,+91 79 40266000,https://pavits.com,"Camps Corner-II 303 Nr. Prahladnagar Garden, Satellite Ahmedabad 380015 Indien",,
Plancraft,"Halle 21, Stand F24, (02)","Handwerker Software – einfach, leistungsstark, unverzichtbar<br/>Befreie dich von Bürokratie – mit unserer Handwerkersoftware digitalisierst du deine Abläufe von der Angebotserstellung bis zur Zeiterfassung. Moderne Funktionen sorgen dafür, dass du in allen Gewerken effizienter arbeitest und mehr Zeit für das gewinnst, was du wirklich liebst.",,+49 40 328902430,https://plancraft.com,Admiralitätstr. 60 20459 Hamburg Deutschland,,
Power Dekor,"Halle 20, Stand A60","Power Dekor ist ein globaler professioneller Hersteller von Lösungen für Bodenbeläge und Wandpaneele. Unser Portfolio an Bodenbelägen und Wandpaneelen umfasst Quarzkern, Vinyl, Laminat, Holz und Zubehör.<br/><br/>Das Team von Power Dekor umfasst Dutzende von Muster- und Farbdesignern, Hunderte von F&E-Ingenieuren, Tausende von Fertigungsmitarbeitern und Qualitätskontrolleuren an vorderster Front sowie fast 10.000 After-Sales-Installationsingenieure.<br/><br/>In den letzten 25 Jahren konzentrierte sich Power Dekor darauf, qualitativ hochwertige und zukunftsweisende Produkte zu liefern, um einen lebendigen menschlichen Lebensraum zu schaffen. Wir achten sehr auf grünes Management mit einer „Gut genug ist gut genug“-Einstellung, um eine nachhaltige und harmonische Umgebung zu erreichen.",,+86 18629614698,https://powerdekorgroup.com,"Lane 727, Wuxing Rd. Bldg. 5, Fusion Mansion 201204 Shanghai China",,
PowerLay,"Halle 20, Stand A18",,,+49 619658655 -917,,Rathausgasse 14 97877 Wertheim Deutschland,,
PPG Coatings Deutschland,"Halle 21, Stand D34, (33)","Als weltweit führendes Beschichtungsunternehmen bietet PPG technologisch fortschrittliche Lösungen, um auch die schwierigsten Herausforderungen zu bewältigen. Weltweit arbeiten unsere 47.000 Mitarbeiter täglich daran, die Welt zu schützen und zu verschönern, indem sie Farben, Beschichtungen und Spezialmaterialien entwickeln und produzieren, auf die unsere Kunden seit mehr als 130 Jahren vertrauen. Mit den Farben, Lacken und Lasuren unserer Profi-Marken Sigma und GORI bieten wir dem Malerhandwerk für jede Anwendung die richtige Lösung.",,+49 234869 -0,,Feldstr. 5A 44867 Bochum Deutschland,,
PPS Galekovic,"Halle 21, Stand C42","Obwohl heute die Herstellung von Parkett und Fußböden unser Kerngeschäft ist, entwickelte sich das Unternehmen PPS-Galeković allmählich aus einem kleinen Geschäft für die Herstellung von Möbeln, Tischlerei und Gehäusen für Radios, das 1956 gegründet wurde. Ausschließlich mit seiner Arbeit und seinem Wissen ist das kleine Geschäft allmählich gewachsen zu einem Unternehmen, das heute über 260 Mitarbeiter in zwei Produktionsstätten beschäftigt. Der Hauptsitz und die Produktionslinien des Unternehmens für Massiv- und Mehrschichtparkett, Pellets und Briketts befinden sich in Mraclin, während sich das zweite Werk in Majur in der Nähe von Hrvatska Kostajnica befindet.",,+385 155908 -40,https://pps-galekovic.hr,Brace Radica 199a 10410 Mraclin Kroatien,,
Premium Floors,"Halle 21, Stand A18",,,+381 605466066,,Prva Industrijska 41 22314 Krnjesevci Serbien,,
Prestige Enterprise International,"Halle 20, Stand B11","• Prestige Sports Systems fertigt und exportiert seit 1977 seine FIBA-zertifizierten Sportbodensysteme in über 56 Länder.<br/>• Biomechanische Sportbodensysteme, die langlebig sind und Sicherheit, Komfort, Stoßdämpfung und Haltbarkeit bieten, um den Schutz der Sportler zu maximieren und Verletzungen zu minimieren.<br/>• Robuste, fest installierte und mobile Sportbodensysteme aus amerikanischem/kanadischem Ahornholz für alle Leistungsstufen.<br/>• Ausrüster von FIBA-Spielen, Olympischen Spielen, Asienspielen, Südostasienspielen, Commonwealth Games, Südamerikaspielen, AfroBasket-Spielen, Basketball-Europameisterschaften, nationalen Spielen und internationalen Wettbewerben.<br/>• Komplette WSF-zertifizierte Squash-/Racquetball-Anlagen.<br/>• Alle Systeme sind für internationale Wettkämpfe akkreditiert, darunter FIBA, BWF und WSF. Die Systeme werden außerdem nach DIN, EN, ASTM, JIS, CE, MFMA, NWFA usw. geprüft.<br/>• Komplettpaket für Sporthallen: Vom Bodenbelag bis zur Sportausrüstung.",,+1 513 4696044,,"Grooms Road 11343 Cincinnati, OH 45242 Vereinigte Staaten (USA)",,
"Prinz, Carl","Halle 21, Stand C20",,,+49 2823 9703-0,https://carlprinz.de,Von-Monschaw-Str. 5 47574 Goch Deutschland,,
PROJECT FLOORS,"Halle 21, Stand D34, (20)","Seit 1999 für Sie da!<br/>Ansässig in Frechen bei Köln, stehen wir seit 1999 für hochwertige Produkte. Sowohl im Hinblick auf die Qualität als auch auf Designs, Oberflächen und Farben genießen die Bodenbeläge der Firma PROJECT FLOORS einen erstklassigen Ruf am Markt. Als Unternehmen zeichnen wir uns durch Innovation, Qualität und Service aus. Unser kompetentes Mitarbeiterteam identifiziert sich mit dem Unternehmen und will in einem guten Klima mit Begeisterung und Verantwortung den Markt aktiv mitgestalten. Dies ist das Fundament für ein solides Wachstum mit Kontinuität und die Sicherung und Schaffung von Arbeitsplätzen. Dabei streben wir nach Perfektion in allen Bereichen des Unternehmens und hinterfragen unser Handeln immer wieder kritisch. Denn nichts ist so gut, dass es nicht verbessert werden könnte. In diesem Bewusstsein arbeiten wir jeden Tag an uns selbst und sehen die PROJECT FLOORS Unternehmensgrundsätze als Maßstab für unser Agieren im Unternehmen und im Markt.",,+49 22339687 -0,,Von-Klespe-Str. 1 50226 Frechen Deutschland,,
Qingdao Hezhongtuo New Material,"Halle 23, Stand B34","Warum EVODEK®<br/>EVODEK liefert hochwertige Verbunddielen, Verbundverkleidungen und Verbundzäune in großen Mengen zu vernünftigen Preisen. Verbundwerkstoffe verdanken sich vor allem ihrer Langlebigkeit und Pflegeleichtigkeit. Aus diesem Grund wird es in allen möglichen Anwendungen in alten und neuen Haushalten auf der ganzen Welt eingesetzt.",,,,"Liuting Street, Chengyang District Bldg.3, Shouchuang Airport Int. Center 266031 Qingdao China",,
Qingdao Huanju New Material,"Halle 22, Stand A50",,,,,"Binhai Avenue, No.2789 Huangdao District Room 1612 266000 Qingdao China",,
Qingdao Nafute Carpet,"Halle 23, Stand C79",,,,,Jiaozhouwan Industrial Park Jiaozhou 266300 Qingdao China,,
Qingdao Readygo Industry & Trade,"Halle 23, Stand A35",,,,,Jilin Road No.109 Beiguan Industrial Park 266300 Jiaozhou Qingdao China,,
Qingdao Ruijun Science & Technology,"Halle 23, Stand C67",,,+86 53281793111,,"Changsheng East Road No.1 Qingbei Intelligent Manufacturing, Indus 266300 Qingdao China",,
Qingdao Sanyi Plastic Machinery,"Halle 22, Stand D27","Wir sind ein erfahrener, professioneller Hersteller von PVC-Kunststoffplattenmaschinen mit gutem Ruf. Mit langjähriger Erfahrung in Forschung und Entwicklung hat sich das Unternehmen auf die neueste Generation weiterentwickelt und die Leistung und Leistung erheblich verbessert. Die Entwicklung der PVC-WPC-Plattenextrusion Die Produktionslinie zeugt vom Wachstum und der Stärke unseres Unternehmens. Sie ist auch unser größter und stärkster Glanzpunkt in diesem Bereich",,+86 53282298197,https://sanyisj.com,"North Of Min'An Road No.8 Jiaoxi Industrial Park, Jiaozhou 266300 Qingdao China",,
Qinghai Futan Carpet,"Halle 23, Stand A52",,,,,"Chuangye Road, No.178 Chengzhong District 8th Floor 810021 Xining China",,
Qinghai Kare Carpet,"Halle 23, Stand A52",,,,,"Chuangye Road, No.178 Chengzhong District No.3, Workshop 810000 Xining China",,
Qinghai Qiyuan Textile,"Halle 23, Stand A52",,,+86 9712213339,,"Jinchuan Road, No.10 Chengzhong District 810021 Xining China",,
Qinghai Tibtan Carpet Valley,"Halle 23, Stand A52",,,,,"Nanjing Road, No.10, Chengzhong Zone 810021 Xining China",,
Quebec Wood Export Bureau,"Halle 21, Stand C45","Das Quebec Wood Export Bureau (QWEB) ist eine gemeinnützige Organisation, die Holzprodukte aus Québec auf Exportmärkten präsentiert. Wir vertreten mehr als 125 Hersteller in verschiedenen Branchen. Das QWEB bietet Ihnen direkten Zugriff auf die große Auswahl an Holzprodukten in Quebec: Nadelholz, Mehrwert-Nadelholz, Laubholz, Mehrwert-Harthölzer, Hartholzböden, fabrikgefertigte Holzrahmenhäuser, Holzpellets.<br/>Wählen Sie langlebige und komfortable Böden<br/>Der Ruf und die große Farbvielfalt von Böden aus Quebecer Harthölzern sind unübertroffen. Fachleute aus der ganzen Welt suchen in Quebec nach Fachwissen, wenn es um Hartholzböden geht. Was auch immer Ihre Bedürfnisse sind, Sie finden bei uns eine Vielzahl an Holzarten und -breiten, die Ihren Gebäuden eine warme und repräsentative Note verleihen.",,+1 418 6506385,https://quebecwoodexport.com,"Avenue de Bourgogne 979 Office 540 Quebec, QC G1W 2L4 Kanada",,
Recoll International,"Halle 21, Stand B30","Im Jahr 1987 gegründet, hat Recoll als Ziel, die Produktion von hochtechnologischen und hoch qualitativen Klebstoffen und Lackfarben, die in erster Linie im Bereich der Parkettverlegung verwendet werden.<br/>In den letzten zehn Jahren ist unser Unternehmen zu einem der führenden Unternehmen in der Branche geworden: ständig steigende Produktionsmengen und kommerzielle Präsenz auf lokaler und nationaler Ebene, mit neuen Produkten und neuen Anwendungsbereichen.<br/>Recoll International kann heute als führendes Unternehmen betrachtet werden, im Bereich der Hersteller von Klebstoffen und Lacken, mit seinem operativen Tätigkeit hauptsächlich in Italien, Südosteuropa, Russland und im Nahen Osten.<br/>Unser Erfolg ist dank des Vertrauens unserer Kunden entstanden, sowie durch die Qualität unserer Produkte und Dienstleistungen, die wir ständig verbessern.",,+39 0424471189,https://recoll.it,Via T.A. Edison 23 Zona Ind. Anconetta 36063 Marostica Italien,,
REGUPOL Germany,"Halle 20, Stand D75","REGUPOL zählt zu den weltweit führenden Verarbeitern von wiedergewonnenen Elastomeren. Daraus entstehen hochwertige Produkte: Sport- und Fallschutzböden, Trittschalldämmungen, Schwingungsisolierungen, Antirutschmatten, Schutzlagen für Bauanwendungen und kommerzielle Bodenbeläge für öffentliche Gebäude, Büros oder Verkaufsflächen. Mit rund 750 Mitarbeitenden recycelte REGUPOL im letzten Jahr über 90.000 Tonnen Elastomere. Tochtergesellschaften bestehen in Deutschland, den USA, Australien und der Schweiz. REGUPOL wurde u. a. mit dem Umweltwirtschaftspreis NRW ausgezeichnet, mehrere Produkte sind Cradle to Cradle Certified® Bronze zertifiziert.",,+49 2751 803-0,,Am Hilgenacker 24 57319 Bad Berleburg Deutschland,,
Repac Montagetechnik,"Halle 21, Stand D34, (32)","Repac Montagetechnik GmbH & Co. KG hat sich seit 1973 vom Zubehör-Lieferant für Handwerk und Fachhandel zu einem Systemanbieter entwickelt. Mit einzigartigen Markenkonzepten, die Boden und Zubehör schöner und erlebbar machen, ist Repac heute Premium-Partner marktbekannter Fachhandelsketten als auch der Raumausstatter und Handwerker.",,+49 5108 9291-0,https://repac.de,Ronnenberger Str. 15 30989 Gehrden Deutschland,,
Republic Floor,"Halle 20, Stand C56","Revolutionärer wasserdichter Bodenbelag<br/>Republic ist mit seinen bahnbrechenden wasserfesten Bodenbelagsprodukten führend in der Revolution der wasserfesten Bodenbeläge. Wir sind Pioniere in der Entwicklung von elastischen Vinyl Pure SPC™-Böden, verwenden die fortschrittlichsten Fertigungstechniken und bieten unseren Kunden die aufregendsten Bodendesigns. Als Unternehmen setzt Republic Floor neue Maßstäbe im Bereich Gesundheit und Sicherheit und hat die Messlatte für Qualität und Umweltverträglichkeit höher gelegt.<br/>Wir haben den Holzanteil aus den WPC-Fußböden entfernt, um ein umweltfreundlicheres Produkt namens Pure SPC herzustellen.<br/> <br/><br/>Republic Floor stellt die größte Auswahl an stilvollen und robusten wasserfesten Laminat- und SPC-Böden im Land her.<br/>Unser Team von gut ausgebildeten Bodenbelagsexperten kann Sie beraten und Ihnen die besten Bodenbeläge anbieten, die es gibt.",,+49 2921660067 -0,https://republicflooreu.com,Lise-Meitner-Str. 1 82152 Krailling Deutschland,,
Revesperfil - Perfis e Revestimentos,"Halle 21, Stand C72","Revesperfil wurde 2006 gegründet und verfügt über umfangreiche Erfahrung auf dem Markt (17 Jahre). Derzeit ist Revesperfil ein renommiertes Unternehmen in ständiger Expansion, das auf nationaler Ebene ausgezeichnet und anerkannt wird. Revesperfil- Perfis e Revestimentos, Lda präsentiert eine breite Palette von Produkten, die Ihren Bedürfnissen und Anforderungen entsprechen. Wir sind ein Team, das sich der Entwicklung von Lösungen widmet, damit Sie sich in Ihren Räumen wohlfühlen, wobei Komfort und Qualität die Leitprinzipien unserer Arbeit sind. Als ökologisch verantwortungsbewusstes Unternehmen entwickeln wir Mechanismen, Prozesse und Methoden ständig weiter, die es uns ermöglichen, sowohl qualitativ als auch quantitativ voranzukommen, sodass wir immer näher bei Ihnen sind. Seien Sie dabei und lernen Sie uns anhand unserer Produkte kennen!",,+351 244491668,https://revesperfil.pt,Rua 25 De Novembro 762 2480-168 Porto De Mós Portugal,,
Rheingold,"Halle 21, Stand D34, (27)",Ihre Treppenrenovierungsfirma für maßgeschneiderte Lösungen – Partner für hochwertige Treppensanierung<br/>Unser Versprechen: Qualität an der Sie sich lange erfreuen werden!,,+49 6251 861571-0,,Lilienthalstr. 51 64625 Bensheim Deutschland,,
Richard Pieris Exports,"Halle 23, Stand C60",,,+94 114834150,,"Raja Mawatha, Ekala No. 10 11350 Ja-Ela Sri Lanka",,
Riga Parket,"Halle 21, Stand F50","RIGA PARKET stellt natürliche und ökologische Massiv- und Mehrschichtholzböden und Innenelemente her, die wirtschaftliche, individuelle und exquisite Lösungen bieten. Durch die erfolgreiche Kombination der besten Traditionen und der Möglichkeiten modernster Technologien fertigt und verlegt das Unternehmen seit mehr als 20 Jahren Holzböden.",,+371 23990992,https://rigaparket.lv,Vizbulu 12 LV-4025 Mandegas Lettland,,
Rinos,"Halle 19, Stand C80","Eine Sauberlaufzone hat eine wichtige Funktion in Gebäuden - sie sorgt für einen guten ersten Eindruck, schützt Fußböden vor Abnutzung und reduziert die Reinigungskosten. Rinos ist ein White-Label und Privat label Hersteller von Schmutzfangmatten und Kokosmatten in Projektqualität. Wir unterscheiden uns durch ein hohes Serviceniveau. Und das schon seit 1925.<br/><br/>Das macht uns zum Fachmann mit der meisten Erfahrung im Bereich hochwertiger Schmutzfangmatten. Unsere pure Ausrichtung verleiht uns große Flexibilität. Außerdem bieten wir auch verkaufstechnische Unterstützung, um Lieferanten dabei zu helfen, unser Produkt besser zu verkaufen.",,+31 383853500,https://rinos.com,Klaas Fuitestraat 12 8281 BZ Genemuiden Niederlande,,
RMG Polyvinyl India,"Halle 23, Stand A47","RMG Polyvinyl is India's leading producer & exporter in India since 2004 for PVC Floorings in rolls & tiles, PVC Geomembranes, PVC Leather and PVC Sheeting. Resilient floorings, Homogeneous & heterogeneous, both compact & cushioned types are produced for use in Healthcare, Transport, Sports, Schools, Residential & Semi Commercial applications. PVC Geomembranes are produced for waterproofing of civil structures <br/><br/>The company's markets its PVC Flooring products under the brands « Wonderfloor» and «Durofloor» and has a well-established marketing network all over India and in several countries around the globe. Major export markets are Middle East, Europe, South East Asia, Australia, South America, East Africa etc. India has Free Trade Agreements with several countries thereby ensuring competitive costing for the export goods. <br/>RMG is an ISO: 9001:2015 and produce all products as per international quality standards EN, ISI & ISO requirements and meet Fire & Smoke requirements.",,+91 1204284802,,"Sector 1, Vaishali UGSR 4, Ansal Plaza New Delhi NCR Ghaziabad 201010 Indien",,
ROKKO DECO,"Halle 21, Stand A28","SUNKO ist ein spezialisiertes Hightech-Unternehmen, das sich dem weichen Steinwandpaneel mit Forschung und Entwicklung, Produktion, Vertrieb und internationalem Handel widmet. <br/>Die Merkmale unserer weichen Steinwandplatte sind weiche Leichtigkeit, starke Flexibilität, bequeme Konstruktion und ausgezeichnete physikalische und chemische Eigenschaften. Es wird weit verbreitet in der Innen- und Außendekoration von Wohngebäuden, Hotels, Restaurants, Einkaufsgeschäften, Bürogebäuden, Schulen und Gewerbegebäuden.<br/>Unsere Fabrik ist 20000 Quadratmeter mit über 50 Mitarbeitern und 10000 Quadratmeter Produktion jeden Monat. Unsere weiche Steinwandplatte wurde von CE und internationalen Prüforganisationen anerkannt. Das zuverlässige Mess- und Kontrollzentrum gewährleistet die ausgezeichnete Qualität der Produkte, die in ganz China verkauft und auf den internationalen Markt exportiert werden, einschließlich der Europäischen Union, des Nahen Ostens, Südostasien, Afrika, Südamerika, Australien.",,,,Thesdorfer Weg 129 25421 Pinneberg Deutschland,,
RS Office Products,"Halle 19, Stand C96","Optimieren statt erneuern: Matten von RS Office Products schützen Tisch, Boden und die Umwelt.<br/><br/>RS Office Products GmbH ist Europas führende Unternehmen von PC-, PET-Boden- und Tischmatten. Neben einer optimalen Funktionalität punkten die Boden- und Tischmatten mit einem verlässlichen Oberflächenschutz.<br/><br/>Das RS-Portfolio umfasst transparenten Boden- und Tischmatten als auch Produkte unserer neuen Purosens®-Reihe: Purosens® Stijl mit trendigen und stilvollen Farbtönen, Purosens® Silk mit einer angenehm glatten Oberfläche, auf der Schreiben besonders einfach ist. <br/><br/>Unsere Matten haben eine einzigartige thermisch-verschweißte VAB®-Haftschicht, die auf harten Boden- und Tischbelägen sicher haftet, ohne zu verrutschen und zu verkleben. Auf Teppichböden sorgen stumpfe Ankernoppen für zusätzlichen Halt.<br/><br/>Eine wichtige Rolle für RS Office Products spielt Umweltschutz und Nachhaltigkeit bei den Produkten. So sind die hochwertigen Boden- und Tischmatten sehr langlebig und recycelbar.",,+49 6204 71001,https://rs-office.com,Werner-Heisenberg-Str. 18a 68519 Viernheim Deutschland,,
Rubber World,"Halle 23, Stand B68/3","Rubber World ist einer der führenden Experten im Bereich Bodenbeläge. Wir stellen Gummimatten, Kokosmatten und Polypropylenmatten her. Wir haben unsere Produktionsstätten im Jahr 1999 in Kerala, Indien, gegründet. Zunächst stellten wir Gummimatten her, bevor wir 2002 zwei weitere Produktionsstätten für Kokosmatten und Polypropylenmatten hinzufügten. Mittlerweile verfügen wir über fünf gut ausgestattete Produktionsstätten, in denen wir alle Arten von Bodenmatten herstellen.<br/><br/>Übersetzt mit DeepL.com (kostenlose Version)",,,,"Perumpanachy Kottayam, First Fl.,19/649, Madappally Scb Bldg. Thengana 686536 Indien",,
S.H. Carpet Industry,"Halle 23, Stand B92","SH Carpet ist ein Familienunternehmen. TN Lama, der Präsident des Unternehmens, überwacht alle Färbeprozesse und die Auftragsabwicklung. Doma Rota, meine Frau, kümmert sich um die Finanzen. Ohne diese beiden wertvollen Menschen wäre es mir nicht gelungen, diese Fabrik mit 300 Webern dahin zu bringen, wo sie heute steht. Die Fabrik befindet sich in Kapan, einer sehr ruhigen und sauberen Gegend mit guter Anbindung an die städtischen Einrichtungen. Ich habe Weber, die mich von Anfang an nicht verlassen haben, was unsere Freundlichkeit und Großzügigkeit ihnen gegenüber verdeutlicht.",,,,Aakase Dhara Kapan 44600 Kathmandu Nepal,,
SAINT GOBAIN ECOPHON,"Halle 19, Stand D80, (1)","Ecophon ist der führende Anbieter von Raumakustiklösungen, die die Arbeitsleistung und Lebensqualität verbessern. Wir sind überzeugt davon, dass Akustik einen großen Einfluss auf unser tägliches Leben hat, und setzen uns leidenschaftlich für die Bedeutung der Raumakustik und damit für das Wohlbefinden der Menschen ein.<br/>Die Wirkung des Raumklangs auf den Menschen ist das Leitprinzip unseres Handelns. Wir sind stolz auf unsere schwedische Herkunft und die menschliche Herangehensweise, auf die sich dieses Engagement gründet. Das beinhaltet ein kompromissloses Engagement für eine transparente Nachhaltigkeit. Und – als Teil der Saint-Gobain Gruppe leisten wir unseren Beitrag zu: Making the world a better home.",,+49 451 8995201,https://ecophon.de,Taschenmacherstraße 8 23556 Lübeck Deutschland,,
SAINT-GOBAIN WEBER,"Halle 21, Stand D34, (13)","Saint-Gobain Weber bietet als führender deutscher Bauchemie-Hersteller Lösungen für die Bereiche Bautenschutz, Boden- und Fliesensysteme sowie Betonsanierung. Die große Bandbreite und die hohen Qualitätsstandards der Produkte, Systeme und Services machen das Unternehmen zum kompetenten Partner für modernes und nachhaltiges besseres Bauen. <br/>Saint-Gobain Weber ist geprägt sowohl durch seine historische Tradition wie durch eine hohe Innovationskraft: Der Fokus der vielfach ausgezeichneten Marke liegt auf einfach zu verarbeitenden, hochwertigen, wohngesunden und umweltschonenden Baustoffen. Weber ist Teil der Saint-Gobain-Gruppe, dem weltweit führenden Anbieter auf den Märkten des Wohnens und Arbeitens.<br/>Als Teil der renommierten Saint-Gobain-Gruppe bringt das Unternehmen über ein Jahrhundert Erfahrung und Expertise in die Entwicklung und Herstellung hochwertiger Baustoffe ein.",,+49 211 91369-0,,Willstätter Str. 60 40549 Düsseldorf Deutschland,,
Sava Wood,"Halle 21, Stand B27","Verwurzelt in Generationen der Holzbearbeitungstradition, trägt SAVA über ein Jahrhundert an handwerklicher und ästhetischer Tradition. Indem wir bewährte Techniken mit modernen Produktionssystemen verbinden, schaffen wir hochwertigen Holzboden, der natürliche Textur mit zeitgemäßem Design in Einklang bringt.<br/>Unsere Produktionsbasis befindet sich in Serbien, wo wir mehrere Großbetriebe mit einer Gesamtfläche von etwa 100.000 Quadratmetern betreiben. Ausgestattet mit fortschrittlichen automatisierten Leitungen und strengen Qualitätskontrollsystemen erzielt SAVA eine jährliche Produktion von über 1 Million Quadratmetern dreilagiger Holzkonstruktionsböden.",,+381 628279149,,Vojvode Stepe 17 22427 Hrtkovci Serbien,,
Scan Underlay Production,"Halle 21, Stand D33","Scan Underlay gegründet 2015 in Dänemark, ist ein Vorreiter für nachhaltige Fußbodenlösungen. Das Unternehmen produziert patentierte Akustikunterlagen aus recycelten Altreifen und verbindet ökologische Verantwortung mit technischer Exzellenz. Durch die Wiederverwertung von Reifen reduziert Scan Underlay CO₂‑Emissionen, verhindert Deponieabfälle und vermeidet schädliche Verbrennung. Die Produkte bieten hervorragende Schalldämmung, hohe Belastbarkeit und zertifiziert niedrige Emissionen – ideal für moderne Wohn- und Gewerbebauten. Zusätzlich betreibt Scan Underlay ein Rücknahmesystem, das gebrauchte Materialien erneut sammelt und recycelt – und so die Lücke in der Kreislaufwirtschaft schließt. Die Produktion erfolgt teilweise mit erneuerbarer Energie und unterstreicht das Engagement für Nachhaltigkeit. Mit Innovation, wettbewerbsfähigen Preisen und Kundennähe hat sich Scan Underlay europaweit und international etabliert und gestaltet die Zukunft umweltfreundlicher Baumaterialien.",,+45 81772786,https://scanunderlay.com,Bizonvej 2 8464 Galten Dänemark,,
SebaLux,"Halle 21, Stand B31",,,,,Riedbergallee 41 60438 Frankfurt Am Main Deutschland,,
SELIT Dämmtechnik,"Halle 20, Stand B56",,,+49 6731 9670-0,https://selit.de,Selitstr. 2 55234 Erbes-Büdesheim Deutschland,,
Senia International,"Halle 23, Stand C33","Über SENIA<br/>Wir sind ein professionelles SPC-Bodenbelagsunternehmen mit Sitz in Thailand und befinden sich in einer modernen Produktionsstätte von 50.000 Quadratmetern. Unsere Anlage ist mit 8 effizienten Extrusionslinien ausgestattet, darunter 2 speziell für die LVT-Produktion (Luxury Vinyl Tile) und 6 speziell für SPC (Stone Plastic Composite) Böden. Wir setzen uns dafür ein, hochwertige Produkte zu liefern, die den Bedürfnissen und Branchenstandards unserer Kunden entsprechen.",,,,"Shenchang Road No. 519 Minhang District Rm 809-1, Bldg. 4, R&f Global Center 201100 Shanghai China",,
Sentai Europe,"Halle 20, Stand D40",,,+32 471193402,,Kanonstraat 24 8500 Kortrijk Belgien,,
SGH Parkettfreund,"Halle 21, Stand C04","Seit der Gründung der SGH Metall- und Kunststoff-Technologie GmbH vor über 30 Jahren stehen wir ganz im Dienste unserer Kunden des Fachhandels für Bodenbelege. Unsere eingehende Kenntnis des Marktes, ein hoher Qualitätsanspruch an uns selbst und an unsere Produkte, aber auch kontinuierliche Verbesserungsprozesse, machen uns zu einem zuverlässigen Partner.",,+49 2351 67090-0,,Römerweg 9 58513 Lüdenscheid Deutschland,,
Shandong Dewei New Materials Technology,"Halle 23, Stand B92/1","Unsere Reise begann 1999 mit der Herstellung von nadelgestanzten Vlies­teppichen und -stoffen. Mit der Erweiterung der Marktchancen dehnten wir unser Geschäftsfeld auf Fahrzeuginnenausstattungen, Wohnraumdekoration und gewerbliche Bodenbeläge aus. Diese Entwicklung führte zur Gründung von Dewei und markierte einen strategischen Wandel von der reinen Rohmaterialproduktion hin zu vollständigen, markenorientierten Produktlösungen.",,+49 1741547283,,Zhujiang Street No.11 Laiwu District Pengquan Subdistrict Office 271100 Jinan China,,
Shandong Dongwo Environmental,"Halle 23, Stand C54",,,+86 5317655 4998,https://dongwocarpet.com.cn,Laicheng Industrial Area 1 271100 Jian City China,,
Shandong Fokia New Decorative Products,"Halle 23, Stand B34",,,,,"Huajian Block 1, North of Changzhuj Road and West of Yanshan Road,, Jiuzhou 5th Floor, Bldg 8, Rm 8-050 252000 Liaocheng China",,
Shandong Front Carpet,"Halle 23, Stand A94",,,,,"Jinggangshan Road No. 79-12 Pengquan Street, Laiwu High Tech Zone 271100 Jinan China",,
Shandong Huamai Carpets,"Halle 23, Stand B80","Spezialisiert auf die Herstellung und den Vertrieb von Teppichen, Fußmatten und Teppichen. Fokus auf Innovation und Qualität<br/><br/>Wir stützen uns auf internationale fortschrittliche Produktionsanlagen und -technologien und produzieren qualitativ hochwertige Produkte nach internationalen Standards.",,+86 53176045678,,"Kunyu Mountain Road, Pengquan Stree No.1 Laiwu High-Tech Industrial Development 271100 Jinan China",,
Shandong Taifeng Commercial Group,"Halle 23, Stand B56",,,+86 53176261809,https://taifeng.group,"Taiping Village North, Kouzhen Town, Laiwu District 271100 Jinan China",,
Shandong Taifeng Commercial Group,"Halle 22, Stand D30",,,+86 53176261809,https://taifeng.group,"Taiping Village North, Kouzhen Town, Laiwu District 271100 Jinan China",,
Shandong Topshine New Material,"Halle 22, Stand D08",,,,,Huiguxingan 7 Hedong District 2-402 276000 Linyi City China,,
Shanghai Allife Industry,"Halle 23, Stand C79","ALLIFEMATS ist eine Marke der Allife Group, die sich der Forschung und Entwicklung, Produktion und dem Verkauf aller Arten von Fußmatten verpflichtet hat. Es gibt mehr als 100 Mitarbeiter, darunter das professionelle Design- und F&E-Team, das technische Team, das Vertriebsteam und so weiter. Das Produktionszentrum befindet sich in Ningbo, Zhejiang, das F&E-Zentrum sowie das Marketingzentrum befinden sich in Shanghai.<br/><br/>Derzeit konzentriert sich das Unternehmen hauptsächlich auf Stuhlmatten, Parkettboden-/Teppichschutz, Anti-Ermüdungs-Stehtischmatten, Anti-Fatigue-Balancebrett, Küchenmatten, Anti-Rutschmatten, E-Gaming-Stuhlmatten, Vinyl-Bodenläufer, Fitnessgerätematten, Untergrillmatten, Schreibtischmatten, Regalfolien, Toilettenmatten und weitere Mattenprodukte. Wir bieten außerdem OEM/ODM-Dienstleistungen an.",,+86 21 58109067,,"Lianhang Road No.1505 Minhang District No.806-808, Bldg 3 201112 Shanghai China",,
Shanghai Minde Industrial,"Halle 22, Stand B36","ÜBER UNS / SHANGHAI MINDE<br/>Changsheng wurde 2015 in der Provinz Jiangsu gegründet und hat sich zu einem führenden Fachunternehmen in China im Bereich Polystyrol- und WPC-Dekorleisten, Fußleisten, Formteile und Wandpaneele entwickelt. Wir verfügen über 18 Produktionslinien mit 60 Fachkräften.<br/>Wir beliefern Kunden weltweit kontinuierlich mit hochwertigen, innovativen und umweltfreundlichen PS- und WPC-Produkten und können diese auch nach Kundenwunsch und -design anbieten.",,,,"Hutai Road, No.2999 Baoshan Dist. 200444 Shanghai China",,
Shanghai Shansong International,"Halle 22, Stand C04",,,+86 21 69132990,,Baoyuan 7th Rd No.375 Jiading District 201812 Shanghai China,,
Shantou Wallong Technology,"Halle 22, Stand B37",,,+86 75486283999,https://wallong-wpc.com,"Ancheng Road Qiangou Industrial Park, Longdu, Chengha 515825 Shantou China",,
"Sharife, Randa - Hareer Carpets","Halle 23, Stand C49",,,,,"Sharhabeel, 1 Bqosta 201 1600 Saida Libanon",,
Shengyuan Carpet Group,"Halle 23, Stand A52",,,+86 9712212061,https://sy-carpet.com.cn,"Tongan Road, No.111, New Southern District 810000 Xining China",,
Shenzhen Homenice Home Technology,"Halle 22, Stand D57",,,+86 4007720988,,"Nanshan Avenue No.1001 Nanshan District Bldg. T1, 9F, Hualian City Center 518000 Shenzhen China",,
Shijiazhuang Luquan Kubo Rugs,"Halle 23, Stand B34",,,+86 311 82108063,https://co-oprugs.com,"Longquan Road No. 16 Huolu Town, Luquan District 050200 Shijiazhuang China",,
Shijiazhuang Sunrise Carpet,"Halle 23, Stand A34",,,+86 311 87828308,https://chinasunrisecarpet.com.cn,Youyi North Street No. 368 050061 Shijiazhuang China,,
Shijiazhuang Yitong Carpet,"Halle 23, Stand B33",,,+86 311 66687702,,Yuhua Road No.108 Yuhua District 050011 Shijiazhuang China,,
Shivam Handicrafts,"Halle 23, Stand A78/2",,,,,Kacha Camp Purewal Colony Panipat 132103 Indien,,
Sika Deutschland,"Halle 21, Stand D34, (39)","Wir sind ein global tätiger Konzern und zählen zu den weltweit führenden Anbietern von bauchemischen Produktsystemen und industriellen Dicht- und Klebstoffen. Das Sortiment umfasst Betonzusatzmittel, Spezialmörtel, Dicht- und Klebstoffe, Materialien zur Dämmung und Verstärkung, Bodenbeschichtungen, Dachabdichtungsbahnen sowie Lösungen zur Verklebung von Keramik und Bodenbelägen. Sika unterstützt Kunden dabei, Herausforderungen wie Fachkräftemangel, steigende Kosten und Nachhaltigkeitsanforderungen erfolgreich zu meistern. <br/><br/>Die Marke THOMSIT steht dabei für Know-how, Verlässlichkeit und Innovationskraft. Als Teil von Sika profitiert THOMSIT von einer starken Basis und entwickelt kontinuierlich neue Lösungen und Services, um Handwerker auf jeder Baustelle zu unterstützen. Der Claim „make it!“ motiviert dazu, Aufgaben selbstbewusst anzugehen und erfolgreich umzusetzen. Mit THOMSIT schafft man die täglichen Herausforderungen im Baualltag.",,+49 711 8009-0,https://sika.de,Kornwestheimer Str. 103-107 70439 Stuttgart Deutschland,,
Slavonija Di,"Halle 21, Stand C42",,,+385 35213100,,Svetog Lovre 75 35000 Slavonski Brod Kroatien,,
Soest Ingenieursbureau,"Halle 21, Stand C11","Wir bieten eine komplette Palette von Soest Parkettveredelungsmaschinen für die weltweite Parkett-Industrie.<br/><br/>Wir laden Sie ein, uns in Halle 22 Stand C32 zu besuchen und zeigen Ihnen, wie wir die industrielle Parkettveredelung einfach machen. Soest Parkettveredelungsmaschinen, die einfach zu bedienen sind und Plug-and-Play sind.<br/><br/>Unsere Maschinen arbeiten mit allen Marken von UV-und oxidativen Öl, Laugen, Wachs und Lack.<br/><br/>Starke und schwer gebaute Industriemaschinen wie: Alterungsmaschinen, Strukturbürstmaschinen, Einzel- und Rückwalzen Maschinen, Automatische Spritzmaschinen, Polier- und vertreib Maschinen sowie UV / IR-Trocknungstunnel.<br/> <br/>Kommen Sie und erleben Sie Soest Maschinen.",,+31 756211780,https://soestbv.com,Kikkertweg 1 1521 RE Wormerveer Niederlande,,
SOLAFLEX,"Halle 21, Stand C12","Wir bei Solaflex haben uns zum Ziel gesetzt, ein digitales Aufmaß-System für die gesamte Handwerksbranche zu entwickeln, das günstig in der Anschaffung und einfach in der Anwendung ist. Unsere Arbeit wird getrieben durch die zunehmende Digitalisierung, den steigenden Fachkräftemangel und fehlende Standards, wenn es um das Thema Aufmaß geht.",,+43 5523 57707,,Unteres Tobel 25 6840 Götzis Österreich,,
SOLIDOR,"Halle 21, Stand C33","Seit 1978 ist SOLIDOR Pionier für Stelzlager und Nivelliersysteme. Unsere Lösungen ermöglichen Terrassen, Böden, Holzfassaden und Decken – einfach, flexibel und langlebig. Kreislauforientiert: Stelzlager aus recyceltem Kunststoff, ohne Produktionsabfall; gebrauchte Stelzlager werden in eigener Produktion wiederverwendet bzw. weiterverarbeitet. Auch unsere Aluminiumprofile überzeugen durch sehr niedrige CO²-Emissionen. Umfassendes Sortiment: feste und verstellbare Stelzlager, das Nivelliersystem CRIX sowie LINUP für die Verkleidung von Holzfassaden, Decken und Terrassen ohne sichtbare Schrauben. Getestet und bewährt: Seit Jahrzehnten im Outdoor-Einsatz, kontinuierlich geprüft, stabil, windbeständig und wasserdurchlässig – vollständig in Eigenproduktion und unter extremen Witterungsbedingungen getestet. Kunststoff sorgt zudem für gute Schalldämmung; feuerfeste Ausführungen sind ebenfalls erhältlich.",,+32 56 41 35 70,https://solidor.be,Kouterstraat 11 B 8560 Wevelgem Belgien,,
SOSENAP,"Halle 23, Stand D59","SOSENAP – Kunststoffmatten und Derivate<br/><br/>Gegründet 1982, ist SOSENAP das führende Industrieunternehmen Senegals in der Kunststoffverarbeitung und Referenz für Kunststoffmatten. Seit über vier Jahrzehnten werden unsere Matten in Senegal, Westafrika, Europa, den USA und Lateinamerika geschätzt. Aus Polypropylen gefertigt, sind sie langlebig, flexibel, leicht und pflegeleicht, in vielen Designs, Farben und Größen erhältlich. Ob zu Hause, bei Versammlungen, zur Dekoration oder als Firmenpräsent – SOSENAP-Matten sind ein fester Teil des Alltags, mit Mustern, die ihnen Eleganz und Ausstrahlung teppichähnlicher Produkte verleihen.<br/><br/>SOSENAP fertigt zudem Elektroinstallationsrohre sowie Polypropylen-Seile und -Schnüre, alle ISO 9001:2015 zertifiziert von Bureau Veritas.<br/><br/>Angetrieben von Kreativität, Technologie und hohen Standards steht SOSENAP für Exzellenz und Lösungen nach Maß. Stolz Made in Senegal, verkörpern unsere Produkte eine Qualitätsreferenz, der Generationen vertrauen.",,+221 338986135,https://sosenap.com,Site de l’Aprosi Domaine Industrielle de Diamniadio 10200 Dakar Senegal,,
SS Floor,"Halle 22, Stand C48",,,+86 519 88709899,https://ss-floor.com,"Changhong East Rd. No.307 Tangqiao, Yaoguan, Wujin 213102 Changzhou China",,
Star Rugs,"Halle 23, Stand B92",,,+977 9851057768,,Kageshwori 44600 Kathmandu Nepal,,
Stars Union Equipment Technology,"Halle 22, Stand D22","Starplas has been concentrating on SPC factory turnkey projects for recent years. As an authorized system integrator of Rockwell in the US, and a partner of KUKA robotic systems in Germany, Starsplas has serviced lots of projects in America and Europe from 2018 to 2022, each of which was worth more than $3 million in transactions.<br/>Starsplas has expanded the business scope to regions in Southeast Asia, sharing valuable experience to our customers and providing more customized service to solve and meet various issues and requirements from our customers’ projects.",,+86 512 56303759,https://starsplas.com,"Renmin East Rd. No 20 Yangshe Town Rm. 1301, Block A, Huijin Center 215600 Zhangjiagang China",,
Stile Societa Cooperativa,"Halle 21, Stand D62","Stile wurde 1965 aus Leidenschaft und Hingabe für Holz gegründet.<br/>Tatsächlich arbeiten die Familien Onofri und Colcelli seit Jahren in den grünen Hügeln der umbrisch-toskanischen Berge. Diese beiden Familien, die Gründer von Stile, sind seit jeher im Holzbereich tätig.<br/><br/>Sie begannen Ende des 19. Jahrhunderts mit der Lieferung von Brennholz und wurden dann bis Mitte des 20. Jahrhunderts zu Herstellern von Eisenbahnschwellen. Mitte der sechziger Jahre kam es zu einem Wendepunkt: Dies war der Beginn eines Unternehmens, das Mosaikholzböden herstellt: die S.Ti.Le Società Tiberina Legnami, heute Stile Pavimenti Legno Spa.<br/><br/>Heute ist Stile eine bekannte Marke in Italien und weltweit ein Synonym für Qualität und Eleganz.",,+39 075 854706,,Via Dei Laghi 18 Trestina 06018 Citta Di Castello Italien,,
Sumec International Technology,"Halle 22, Stand D38","SUMEC International Technology Co. Ltd. (SUMEC-ITC) ist ein staatliches Unternehmen mit Hauptsitz in Nanjing, im Osten Chinas. SUMEC-ITC wurde 1999 gegründet und hat heute über 20 hundertprozentige oder mehrheitliche Tochtergesellschaften in China sowie in Dubai, Singapur, Hongkong und Vietnam. Die Muttergesellschaft, die SUMEC Group Corporation, wurde 1978 gegründet und ist heute an der Börse in Shanghai notiert (Aktiencode: 600710). Die SUMEC Group Corporation ist Mitglied der ""Global Fortune 500"" und ein staatliches Unternehmen, das unter der Leitung des chinesischen Staatsrats steht.",,+86 25 84531128,https://sumecflooring.com,"Changjiang Road, 198 Xuanwu District 7F, SUMEC Bldg. 210018 Nanjing China",,
Sureness Timber,"Halle 22, Stand D47",,,+852 41186101735,,"Fa Yuen St Mongkok 2-16 Rm. 1005, 10/f, Ho King Comm Ctr SAR Hongkong Hongkong",,
Suzhou Bituo Engineering Material,"Halle 23, Stand A48",,,+86 51252355906,,"Xingde Road, No.6 Changkun Industrial Park 215542 Changshu China",,
Suzhou Forest Automobile New Materials,"Halle 22, Stand B64","In der traditionellen Gebäudedekorationsbranche verlässt sich das Unternehmen auf sein professionelles Team und fortschrittliche Produkttechnologie, und seine Produkte werden in Kinos, Auditorien, Tagungsräumen, Turnhallen, audiovisuellen Räumen und anderen Orten weit verbreitet eingesetzt. Im Bereich der Büromöbel ist der Suzhou-Wald ein Durchbruch in der Verwendung traditioneller Paneele und hat Kooperationen mit vielen inländischen Büromöbelunternehmen erreicht. Die Sorge um Umweltschutz und Umweltschutz hat eine neue Welle in der Büromöbelbranche ausgelöst.<br/><br/>Das Unternehmen verpflichtet sich zur Entwicklung und Anwendung neuer Produkte, die der Gemeinschaft gewidmet sind, um mehr Wert für die Öffentlichkeit zu schaffen!",,,,"Guangyuan Road, No.8 Zhitang Industrial Park 215500 Changshu China",,
Suzhou King Decoration Material,"Halle 22, Stand D22",,,+86 51256915877,https://js-king.com.cn,Changjiang Rd. No.8 Feng Huang 215613 Zhangjiagang China,,
Suzhou Lianying Wood,"Halle 22, Stand C04",,,+86 51263878777,,"Badu Development Zone No.3888 Zhenze Town, Wujiang District 215200 Suzhou China",,
SWISS KRONO,"Halle 20, Stand B40","SWISS KRONO gehört zu den weltweit führenden Herstellern von Holzwerkstoffen. Unser vielfältiges Portfolio umfasst Lösungen in den Bereichen Interiors, Flooring und Building Materials.<br/><br/>Als Familienunternehmen stehen wir seit über 50 Jahren für höchste Qualität und ein ausgezeichnetes Preis-Leistungs-Verhältnis. Wir setzen Maßstäbe in Design, Komfort und Wertigkeit – und gestalten Wohnwelten für unsere Kunden in über 120 Ländern weltweit.<br/><br/>Wir stellen sicher, dass unsere Holzwerkstoffe jederzeit und überall in erstklassiger Qualität verfügbar sind. Dafür engagieren sich rund 5.000 Mitarbeitende an zwölf Standorten weltweit.<br/><br/>Besuchen Sie uns auf unserem Messestand: Halle 20, Stand B40 oder online unter swisskrono.com.",,+41 41 41903-20,https://swisskrono.com,Museggstrasse 14 6004 Luzern Schweiz,,
Sörnsen Wood,"Halle 21, Stand C19","Unser Familienunternehmen produziert seit drei Generationen exzellente Massivholzleisten. Am Standort Süderbrarup in Norddeutschland verfügen wir über modernste Holzbearbeitungsmaschinen, die von motivierten Mitarbeiterinnen und Mitarbeitern bedient werden. <br/><br/>Wir bieten Ihnen Qualitätsware in einer großen Auswahl. In unserer Produktion stellen wir Leisten in nahezu jeder beliebigen Holzart und einer Vielzahl von Profilen her. Wir verarbeiten FSC- und PEFV-zertifizierte Holzarten, Holzwerkstoffe (MDF/HDF) sowie Laub- und Nadelholz. <br/><br/>Unsere hauseigene Werkzeugfertigung ermöglicht uns die Herstellung von Sonderanfertigungen. Wir haben im Laufe der Jahre für nahezu jedes europäische Land weit über 5000 regionaltypische Profile hergestellt. <br/><br/>Unsere Logistik umfasst weltweiten Service. Produkte können in kurzer Zeit zu Ihnen befördert werden. Egal, wo Sie sich befinden, wir liefern pünktlich und zuverlässig an Ihren Standort. <br/><br/>Wir freuen uns auf Sie! <br/>Ihr Sörnsen Wood Team",,+49 4641 9210-0,https://soernsen.de,Flensburger Damm 14 24392 Süderbrarup Deutschland,,
"Südbrock, Albert","Halle 21, Stand D34, (14)","Leisten Südbrock hat sich in den letzten 75 Jahren als zuverlässiger Partner des Fachhandels und Fachgroßhandels etabliert. Am Standort im ostwestfälischen Rheda-Wiedenbrück produziert und vertreibt das Familienunternehmen ein großes Sortiment an Sockelleisten aus Holz.<br/>Diese werden präsentiert in der Sockelleisten-Musterkollektion welche die individuelle Beratung und den Auswahlprozess bei den Kunden erleichtert. Die zehn thematisch aufgebauten Musterkarten im praktischen Schuber beinhalten alle ab Lager lieferbaren Sockelleisten als original Leistenmuster. Dadurch werden Oberflächen-, Farb- und Größenbeschaffenheit der Sockelleisten veranschaulicht und die Auswahlentscheidung erleichtert.",,+49 5242 93116-0,https://suedbrock.de,Ringstr. 155 33378 Rheda-Wiedenbrück Deutschland,,
Südwest Lacke und Farben,"Halle 21, Stand D34, (35)",,,+49 6324 709-0,https://suedwest.de,Iggelheimer Str. 13 67459 Böhl-Iggelheim Deutschland,,
Taizhou Dedao Industry,"Halle 23, Stand C79","Taizhou Dedao Industry Co., Ltd. ist ein weltweit anerkannter Hersteller von hochwertigen Stuhlmatten mit <br/>Hauptsitz in Taizhou, Zhejiang, China.<br/><br/>Unser professionelles Team verfügt über mehr als ein Jahrzehnt Erfahrung in der Mattenherstellung. Wir kombinieren <br/>fortschrittliche Technologie mit strengen Qualitätskontrollen, um langlebige, umweltfreundliche Matten herzustellen ,<br/> die internationale Standards übertreffen. Unser Engagement für Nachhaltigkeit spiegelt sich in der <br/>Verwendung von 100 % neuen Materialien wider, die ungiftig und geruchsneutral sind. Ausgestattet mit vollautomatischen <br/>Produktionslinien arbeitet unsere Fabrik 24 Stunden am Tag, 7 Tage die Woche, um Großaufträge zu erfüllen <br/>und dabei in jeder Phase, von der Auswahl der Rohstoffe bis zur Endkontrolle, eine gleichbleibende Qualität zu gewährleisten.",,,,"Bingang Road, Hairun Street No.17 317199 Taizhou China",,
Tangshan Fengrun Mile Light,"Halle 22, Stand D30","Mile Light-sensitive New Material Limited Company,set up in the year of 2002,with registered capital of ten million yuan,is located in heavy industry city of Tangshan with more than one-hundred-years history. It is a comprehensive coating company including researching, production,selling,technology and service.The products include five fields of UV coating,building coating,anticorrosive coating,PVC flooring coating,damping coating,and other coating,more than eighty kinds of products.",,+86 315 8737111,https://milegg.com,"Zndvstrial Park Crh Town , Fengrun Distrct 063000 Tangshan China",,
Tarimatec,"Halle 21, Stand A39",,,+34 961340217,,C/Oller 30 Parque Empresarial 46980 Paterna Spanien,,
Teba,"Halle 21, Stand D34, (22)","Teba® ist die Manufaktur für Sicht- und Sonnenschutz.<br/><br/>Mit viel Sorgfalt und Liebe zum Produkt stellen wir in Duisburg, im Herzen des Ruhrgebiets, unsere Sicht- und Sonnenschutzanlagen her. Unsere Rollos, Jalousien, Plissees, Wabenplissees, Lamellen- und Flächenvorhänge werden maßgenau konfektioniert und mit modernster Fertigungstechnik, aber auch viel Handarbeit produziert. Nicht umsonst zählt Teba® zu den größten deutschen Anbietern in diesem Bereich.",,+49 20662005 -0,https://teba.de,Eisenbahnstr. 70 47198 Duisburg Deutschland,,
Tejas Textiles,"Halle 23, Stand B67/3",,,,,"Telu Singh Colony, 15 Panipat 132103 Indien",,
ter Hürne,"Halle 21, Stand F53","ter Hürne zählt zu den führenden europäischen Parkett- und Bodenproduzenten mit Sitz in Südlohn (NRW). Seit 1959 fertigt das Unternehmen Qualitätsprodukte „Made in Germany“ und beschäftigt rund 300 Mitarbeiter. Das Markenversprechen: Wohngesundheit, nachhaltiges Design und smarte Funktionalität. Als Holzverarbeitungsspezialist bietet ter Hürne innovative Bodenlösungen – von Parkett und Echtholzböden über Holzwerkstoff- bis zu Designböden. Produktlinien wie Naturholz Parkett, Hywood, Dureco, Soya und Avatara setzen Maßstäbe in ihren Kategorien. Ergänzt wird das Sortiment durch SilentDesign Akustikpaneele, UniqueDesign Paneele und Divisio Raumteiler für Boden, Wand und Decke im System.",,+49 2862 701-0,,Ramsdorfer Str. 5 46354 Südlohn Deutschland,,
TFC Carpet,"Halle 23, Stand A27","TFC Carpet ist ein chinesisch-ausländisches Joint Venture mit zwei großen Fabriken, Enping Sisal Fibre Products Co., Ltd und TFC Carpet Co., Ltd.<br/><br/>Mit einer Fläche von mehr als 300.000 Quadratmetern bietet TFC sowohl Produkte aus natürlichen nachwachsenden Fasern als auch aus synthetischen Fasern, Produktforschung und -entwicklung, Design, Garnherstellung, Bodenbelagsproduktion und Support. Das Unternehmen verfügt über eine vollständige vor- und nachgelagerte Industriekette und vertreibt seine Produkte weltweit.<br/><br/>Mit hochwertigen Produktionsanlagen aus aller Welt, darunter technologisch fortschrittliche Wollmaschinen, Zwirn- und Thermofixieranlagen, Flachteppich-Produktionslinien sowie Tufting- und Webteppichmaschinen.<br/><br/>Enping Sisal Fibre Products Co., Ltd ist in der Produktion und dem Vertrieb von natürlichen, umweltfreundlichen Teppichen (Sisalteppiche, Wollteppiche, Wassergras-Teppiche), Sisalgarn und anderen Sisalprodukten tätig.",,+852 23594890,,Ferry Street 28 Unit 1609-10 Boss Comm. Centre SAR Hongkong Hongkong,,
TFI Aachen,"Halle 20, Stand D60","Als modernes Dienstleistungsunternehmen ist die TFI Aachen GmbH vornehmlich mit der Prüfung, Überwachung und Zertifizierung von Bauprodukten sowie dem Technologietransfer befasst. Den Schwerpunkt bildet dabei der Innenausbau. Die Prüfung und Zertifizierung umfasst Sicherheits-, Gesundheits- und Qualitätsaspekte. Die TFI Aachen GmbH ist 100%tige Tochter des TFI e.V. Wesentliche Arbeitsschwerpunkte bilden dabei:<br/>-Brandprüfungen<br/>-Emissionsprüfungen<br/>-Schadstoffanalysen<br/>-Schallprüfungen<br/>-Wärmeprüfungen<br/>-Funktionsprüfungen",,+49 241 9679-00,https://tfi-aachen.de,Charlottenburger Allee 41 52068 Aachen Deutschland,,
The Green Collection,"Halle 20, Stand D60","Die Green Collection kehrt 2026 zum dritten Mal auf die DOMOTEX zurück und zeigt, wie Nachhaltigkeit, Kreislaufwirtschaft und verantwortungsbewusste Materialwahl im modernen Interior Finishing umgesetzt werden können.",,+49 511 89-0,,Messegelände 30521 Hannover Deutschland,,
The Green Collection - Service,"Halle 20, Stand E70","Die Green Collection kehrt 2026 zum dritten Mal auf die DOMOTEX zurück und zeigt, wie Nachhaltigkeit, Kreislaufwirtschaft und verantwortungsbewusste Materialwahl im modernen Interior Finishing umgesetzt werden können.",,+49 511 89-0,,Messegelände 30521 Hannover Deutschland,,
The Rug Art Nepal,"Halle 23, Stand B92",,,+977 9843932582,,Chabahil 07 Bulbule 44600 Kathmandu Nepal,,
The Stage,"Halle 20, Stand D70","The Stage @ DOMOTEX 2026 – Wo die Zukunft der Branche Gestalt annimmt<br/>Das Konferenzprogramm der DOMOTEX 2026 beleuchtet die zentralen Trends, Herausforderungen und Zukunftsthemen der internationalen Bodenbelags- und Einrichtungsbranche. An vier Tagen erwartet die Besucher ein vielseitiger Mix aus Keynotes, Fachvorträgen, Panels und Award-Verleihungen – mit hochkarätigen Sprecherinnen und Sprechern aus Trendforschung, Handel, Industrie, Nachhaltigkeit, Digitalisierung und Architektur.",,+49 511 89-0,,Messegelände 30521 Hannover Deutschland,,
THE Trading,"Halle 21, Stand D34, (23)",Die allgemeine Wettbewerbssituation im Handel verändert sich ständig. Kostendruck zwingt zur Effizienz und dazu neue Wege zu gehen - auch in der Distribution.<br/><br/>Die THE Trading GmbH hat sich zur Aufgabe gemacht die Branche mit hochwertigen und innovativen Qualitätswerkzeugen zu versorgen und dabei durch einen schlanken Unternehmensapparat hoch flexibel und wettbewerbsfähig zu bleiben.<br/><br/>Aktiv im Markt seit 2020 hat sich das Unternehmen bereits zu einem anerkannten Player in der Branche entwickelt. Mit einem breiten Produktsortiment für Maler- und Bodenlegerwerkzeuge und Zubehör beliefern wir die namhaften Unternehmen im Markt und verzeichnen ein stetiges Wachstum.<br/><br/>Werden Sie Teil unserer Erfolgsgeschichte und sprechen Sie uns an!,,+49 201 27105094,,Holunderweg 29 45133 Essen Deutschland,,
THE WORK SHOP,"Halle 21, Stand D06","Auf der Fläche The Work Shop in der Halle 21 treffen sich alle interessierten Fachbesucher, die mehr über die neusten Trends, Lösungen und Anwendungen für den Einsatzbereich Boden, Wand und Decke wissen möchten. Hier wird aktiv gespachtelt, gehämmert und gestrichen. Der zentrale Treffpunkt für das Handwerk & die gesamte Branche.",,+49 511 89-0,,Messegelände 30521 Hannover Deutschland,,
THE WORK SHOP,"Halle 21, Stand F06","Auf der Fläche The Work Shop in der Halle 21 treffen sich alle interessierten Fachbesucher, die mehr über die neusten Trends, Lösungen und Anwendungen für den Einsatzbereich Boden, Wand und Decke wissen möchten. Hier wird aktiv gespachtelt, gehämmert und gestrichen. Der zentrale Treffpunkt für das Handwerk & die gesamte Branche.",,+49 511 89-0,,Messegelände 30521 Hannover Deutschland,,
Tianjin Attraction Carpet,"Halle 23, Stand B34","Tianjin Attraction Carpet Co., Ltd. was founded in 2011, the registered capital is 5 million yuan, the annual sales of 60 million yuan, the enterprise has more than 150 employees. The company specializes in processing, manufacturing and sales of carpet and textile products, wholesale and retail of carpet raw materials and accessories, import and export of goods (except those prohibited by national laws and regulations). It is one of the carpet production enterprises with the most complete types and the best quality in China. The company covers an area of 15 mu and has a workshop of 10,000 square meters. Office area of 2000 square meters, large carpet manufacturing base. And in the continuous purchase of new equipment, the introduction of all kinds of talents, to form a carpet production, sales as the core of the comprehensive development of diversified enterprises.",,+86 2229578388,https://attractioncarpets.com,Yijie Village Cuihuangkou Town (East) 301702 Tianjin China,,
Tianjin Hengheshun New Material,"Halle 23, Stand C33",,,,,"3rd Street, Cuihuangkou Town, Wuqing District Sijie Village 301702 Tianjin China",,
Tianjin Hengrui International,"Halle 23, Stand C17","Das Unternehmen ist ein professionelles Unternehmen, das Teppiche herstellt und betreibt, nach mehr als zehn Jahren harter Arbeit hat es sich nun zu einem modernen Muster mittelständischer Unternehmen entwickelt. Das Unternehmen mit moderner fortschrittlicher Produktionstechnologie, einem neuen Managementmechanismus für modernes Unternehmensmanagement, mit fortschrittlichem Büro, Design, Fertigung, technischer Transformation und technischer Prüfung eines vollständigen Satzes von Geräten. Das Unternehmen verfügt über sieben Niederlassungen, darunter die Managementabteilung, die Exportabteilung, die Produktionsabteilung, die technische Abteilung, die Einkaufsabteilung, die Finanzabteilung und die Logistikabteilung, und in jeder Abteilung arbeiten verschiedene Fachleute.",,+86 22 59673369,,"Fuyuan Road North, No. 57 Wuqing Development Zone Bldg.C05, 3rdFl. Entrepreneurial HQ Base 301700 Tianjin China",,
Tianjin Home Art Carpet,"Halle 23, Stand C33","Tianjin Home Art Carpet Co. Ltd wurde 2009 gegründet und ist auf die Herstellung und den Verkauf von Teppichen, Matten und Vorlegern spezialisiert.<br/><br/>Unser Werk kann eine breite Palette von Teppichqualitäten anbieten und hat in zehn Jahren eine gewisse Erfahrung gesammelt. Jetzt haben unsere Technologie Tischtuft, Druck, Prägung, 4x25m Kaninchenfell, handgemacht usw. Wir sind in der Lage, neue Produktdesigns zu entwickeln und alle speziellen Anforderungen unserer Kunden zu erfüllen. 2.000.000 Quadratmeter können jährlich produziert werden. Wir exportieren mehr als 1.200.000 Quadratmeter pro Jahr.<br/><br/>Wir geben unser Bestes, um attraktive Produkte in Preis und Qualität anzubieten. So verkaufen sich unsere Produkte sehr gut in der ganzen Welt, wie Südamerika, den Vereinigten Staaten, Kanada, Brasilien, dem Nahen Osten, Afrika, Europa, etc.",,+86 22 85706757,https://homeartcarpet.com,"Xiawuqi Wuqing District, Yangcun Town 301700 Tianjin China",,
Tianjin Legend Carpet,"Halle 23, Stand C33",,,+86 2282248008,,Dahuangpu Town Wuqing District 301702 Tianjin China,,
Tianjin Maysun,"Halle 23, Stand B33",,,+86 2286673398,,"Wenguang Road, No.1 Cuihuangkou Town, Wuqing District Gate 105 301702 Tianjin China",,
Tianjin Redsea Textile,"Halle 23, Stand B33",,,+86 2229575867,https://redseatextile.com,Cuihuangkou Town Wuqing District 301702 Tianjin China,,
Tianjin Tianrui Carpet,"Halle 23, Stand C17","Tianrui Carpet ist ein professionelles Unternehmen, das sich auf die Herstellung und den Verkauf von Teppichen spezialisiert hat. Nach zehnjährigen Bemühungen ist es zu einem modernisierten Unternehmen geworden, das 18 Tausend Quadratmeter einnimmt, von denen 10 Tausend Quadratmeter für Gebäude bestimmt sind. <br/><br/>Tianrui Carpet verfügt über einen fortschrittlichen Herstellungsprozess, ein neues und modernes Management und ist mit fortschrittlichen Einrichtungen ausgestattet. In der Organisation gibt es 7 Abteilungen, darunter die Verwaltungsabteilung, die Exportabteilung, die Produktabteilung, die technische Abteilung, die Marketingabteilung, die Finanzabteilung und die Logistikabteilung. Tianrui hat jetzt gewebte Teppiche, handgefertigte Teppiche, getuftete Teppiche und so weiter hergestellt und kann jedes Jahr etwa 2 Millionen Quadratmeter Teppich produzieren.",,+86 22 82205566,,"Yangbao Road North No.1 Cuihuangkou Town, Wuqing District 301702 Tianjin China",,
Tibet Juchang Supply Chain Management,"Halle 23, Stand C34",,,,,"Zhufeng West Road No. 9 Chengdong Sub - District, Samzhubzê Dist 857000 Shigatse China",,
Tischlerei Dein Freund,"Halle 21, Stand C12","Tischlerei Dein Freund: Visionär. Zeitlos. Vollendet.<br/><br/>Ihr Partner für exklusive Möbel, Innenausbau & Bad-Design aus der Wedemark / Hannover.",,+49 5130 373839,,Werner-von-Negenborn-Str. 3 30900 Wedemark Deutschland,,
Toflor Plastics Nantong,"Halle 22, Stand B07","Topflor ist ein führender Hersteller von Vinylböden in China, bekannt für seine vielfältige Palette hochwertiger Produkte. Unser Angebot umfasst Sportböden, homogene Böden, heterogene Böden, Luxus-Vinylfliesen, Fitnessbodenlösungen und eine umfangreiche Auswahl an Zubehör. Mit einem umfangreichen Zertifizierungsportfolio, darunter ISO9001, ISO14001, CE, SGS, LABOSPORT, BWF, ITTF, INTERTEK, unterstreicht Topflor sein Engagement für überlegene Qualität und Leistung. Unsere Vinylböden haben weltweite Anerkennung gefunden und sind in über 80 Länder exportiert worden, während unsere Sportböden bei renommierten internationalen Veranstaltungen wie den Olympischen Spielen, Weltmeisterschaften und den Asienspielen einen bleibenden Eindruck hinterlassen haben.",,+86 51381583326,,Tao Yuan Road No.10 226000 Nantong China,,
Tongxiang Huaqiang Textile,"Halle 23, Stand C79",,,+86 573 88499516,,"Jihai Rd. No.433 Dama Town, Tongxiang 314500 Jiaxing China",,
Trade & Export Promotion Centre,"Halle 23, Stand B92","Die nepalesische Regierung hat im November 2006 das ""Trade and Export Promotion Centre"" (Zentrum für Handels- und Exportförderung), eine nationale Handelsförderungsorganisation des Landes, als zentrale Anlaufstelle eingerichtet, indem sie drei Organisationen, nämlich das Trade Promotion Centre, das Export Promotion Board und das Carpet & Wool Development Board, mit dem Ziel der Förderung des Außenhandels im Allgemeinen und des Exporthandels im Besonderen des Landes zusammenlegte.",,+977 15525898,,"Na Tole, Pulchowk Np77 44600 Lalitpur Nepal",,
Transferstelle Cybersicherheit,"Halle 21, Stand C12",,,+49 30 533206-0,,Potsdamer Str. 7 10785 Berlin Deutschland,,
Trapa,"Halle 21, Stand F60","TRAPA wurde 2001 von Hermann und Claudia Hörndler in Traunkirchen am Traunsee (OÖ) gegründet. Bis heute sind wir ein eigentümergeführtes Familienunternehmen.<br/><br/>Unser Leitgedanke ist, qualitativ und ästhetisch anspruchsvollen Kunden hochwertige und technisch innovative Holzböden zu bieten – durch und durch aus Massivholz, naturgeölt, in Österreich nachhaltig gefertigt.",,+43 76173227 -0,,Blintendorfer Str. 20 9300 St. Veit An Der Glan Österreich,,
Trend Parke,"Halle 21, Stand A41","Mit vier Generationen Erfahrung in der Parkettbranche verbindet Trend Parke traditionelle Handwerkskunst mit einem modernen Produktionsverständnis und bietet hochwertige Mehrschichtparkettlösungen. Das über viele Jahre gewonnene Know-how hat sich heute unter der Marke Trend Parke zu einer zuverlässigen und nachhaltigen Unternehmensphilosophie entwickelt.<br/>Trend Parke ist spezialisiert auf Marketerie-, Chevron-, Fischgrät- und Landhausdielenparkett und bietet ästhetische Lösungen für klassische wie moderne Räume. Als einer der Pioniere im Bereich Marketerieparkett in der Türkei vereint das Unternehmen handwerkliche Tradition mit zeitgemäßem Design. Neben den Kollektionen bietet Trend Parke auch projektbezogene und maßgeschneiderte Lösungen für Architekten und Planer.",,+90 5326428383,,"Ücköprü Köyü, Yenidogan Mah. 126. S 5/A 81902 Kaynasli Türkei",,
Tri Oak Wood,"Halle 22, Stand D19","Im Bereich des Einkaufs aus China plagt Käufer seit Jahren ein häufiges Dilemma. Auf der einen Seite gibt es diejenigen, die sich von der Verlockung günstiger Produkte angezogen fühlen, nur um dann nach Erhalt ihrer Bestellungen bitter enttäuscht zu sein. Die Qualität erweist sich als unterdurchschnittlich, was ihnen ein Gefühl des Bedauerns und der verschwendeten Ressourcen hinterlässt. Auf der anderen Seite gibt es Personen, die auf der Suche nach höchster Qualität bereit sind, einen höheren Preis zu zahlen. Doch selbst bei hohen Investitionen sind sie oft von der durchschnittlichen Qualität der gelieferten Produkte enttäuscht.<br/><br/>Angesichts dieser anhaltenden Problematik treten wir als vertrauenswürdiger Drittanbieter auf den Plan. Unsere Mission ist klar: Wir wollen die Kluft zwischen Erwartung und Realität überbrücken und sicherstellen, dass jeder Kauf eine lohnende Investition ist.",,,,Yuanda Street and Yumin Road No.14 Rm 2608 Hengda Metropolitan Plaza 130000 Changchun China,,
Trident Industries,"Halle 20, Stand E55",,,+1 8059108778,,"E. Hillcrest Dr. 275 E Suite 160-118 Thousand Oaks, CA 91360 Vereinigte Staaten (USA)",,
Trivec,"Halle 21, Stand B21","Eine Oberflächenbehandlung kann aus einem oder mehreren Arbeitsschritten bestehen, z.B. Ausfasern, Strukturieren (mit Bürsten), künstliche |Alterung sowie der Bearbeitung einer Holzoberfläche mit Öl, Wachs, Beize oder Lack. Neben der Entwicklung von Gesamtkonzepten ist die Firma Vec auf die Lieferung individueller Module für die Integration in bestehende Produktionslinien spezialisiert, z.B. Infrarot-Vorerwärmung, separate Putzmodule und UV-Trocknungstechnieken. Auch für Transportlösungen - wie anbetriebene Transportbänder, Rollenbahnen und Lacktrockenswagen - sind Sie bei Trivec an der richtigen Adresse.",,+31 512 510035,https://trivec.eu,Solcamastraat 25 9262 ND Sumar Niederlande,,
Trusa Mermer,"Halle 20, Stand B45",,,+90 5524498663,,Turanköy Mah. Eser Sk. No: 2A 16450 Kestel Türkei,,
Unifloor,"Halle 21, Stand D34, (18)","Unifloor Underlay Systems BV sind die weltweit führenden Spezialisten für Unterböden im Trockenbau und schwimmender Verlegung, Lärmreduzierung und Akustikverbesserung, einfacher und modularer Aufbau für die schnelle Verlegung.<br/>Das niederländische Deventer ist die Heimat von Unifloor, weltweit tätig seit über 30 Jahren und der Begriff für schnelle und kostengünstige Unterböden.<br/>Eine breites Sortiment deckt alle Anforderungen für jede Art von Boden und Bodenbelag ab, angefangen bei einfachen Holzfaserplatten bis zu ausgeklügelten Materialkombinationen für Böden mit Fußbodenheizungen.<br/><br/>Jedes Produkt wird gezielt entwickelt, abgestimmt auf die Eigenarten des Raums, um langlebige Wohn- und Lebensräume mit Ambiente zu schaffen.<br/><br/>Unsere UNIFLOOR-Prinzipien - wir halten fest an traditionellen Werten wie Ehrlichkeit, Service und Zuverlässigkeit. Sie helfen uns täglich, die Zufriedenheit unserer Kunden zur gewährleisten.",,,https://unifloor.nl,Madrider Str. 2 41069 Mönchengladbach Deutschland,,
Unilin,"Halle 20, Stand C40","At Unilin Technologies, we develop and license groundbreaking technologies that push boundaries and shape the future of the home improvement industry, including advancements in flooring, panels, ceramics and furniture. From pioneering click systems to sustainable solutions, our innovations empower manufacturers worldwide to deliver smarter, stronger, and more beautiful products.<br/><br/>With close to 4500 patents spanning over 550 patent families and a global network of partners, we provide more than access to the newest technologies. We deliver expertise, support throughout the supply chain, and commit to continuous innovation. Whether it’s easier installation, enhanced durability, or eco-friendly solutions, our technologies make better spaces, one product at a time.",,+32 56 675148,https://unilintechnologies.com,Textielstraat 24 8790 Waregem Belgien,,
Urban Novelties,"Halle 23, Stand B67/4","Mit einer Leidenschaft für zeitlose Eleganz und funktionale Innovation ist unser Team darauf spezialisiert, Innenräume in personalisierte Rückzugsorte zu verwandeln, die Ihren einzigartigen Lebensstil und Ihre Wünsche widerspiegeln. Vom Konzept bis zur Fertigstellung arbeiten wir eng mit unseren Kunden zusammen und bieten maßgeschneiderte Lösungen, die Kreativität, Komfort und Handwerkskunst vereinen. Ganz gleich, ob Sie einen einzelnen Raum neu gestalten oder eine komplette Renovierung Ihres Zuhauses planen, wir sind hier, um Ihre Vision mit Sorgfalt, Klarheit und inspiriertem Design zum Leben zu erwecken.<br/><br/>Innenarchitektur muss nicht teuer oder kompliziert sein! Sie sollte intelligent und benutzerfreundlich sein.<br/><br/>Übersetzt mit DeepL.com (kostenlose Version)",,,,"Ananda Palit Road, 34B Entally Kolkata 700014 Indien",,
V.E.P.87,"Halle 20, Stand A06","Italienische Handwerkskunst und Ingenieurskunst finden ihren Ausdruck in unseren Displays: Produkte, die sich mit Innovation, Stil und Zweckmäßigkeit an die Anforderungen Ihres Unternehmens anpassen.",,,,Via San Pio Decimo 172 41042 Sassuolo Italien,,
Valencia Floors Distribution,"Halle 21, Stand A61",,,+1 7783185766,,"3260 Viking Way Unit 3 Richmond, BC V6V 1N6 Kanada",,
Veekay Polycoats,"Halle 23, Stand A55",,,,,"Riico Industrial Area , Tapukara SP 1 Bhiwadi 301707 Indien",,
Veeuze,"Halle 21, Stand F24, (01)","Wir sind VEEUZE – europäischer Marktführer für virtuelle Raumgestaltung und digitale Produktvisualisierung.<br/>Mit langjähriger Interior-Expertise entwickeln wir Technologien, die Produkte realistisch, interaktiv und überzeugend präsentieren - online und vor Ort.<br/><br/>Unsere High-End-Scan- und Visualisierungstechnologie ermöglicht die naturgetreue Darstellung von Bodenbelägen, Tapeten, Farben, Stoffen und Sonnenschutz – ohne Fotoshooting oder 3D-Modelling.<br/><br/>Über unsere integrierte Plattform bieten wir Cloud-Services, PIM/DAM, Shop-Lösungen und eine leistungsstarke KI-Engine. So entsteht ein durchgängiger digitaler Vermarktungsprozess für Hersteller, Marken und Händler.",,+49 511 85 61 43 40,https://veeuze.com,Warmbüchenstr. 17 30159 Hannover Deutschland,,
Vietnam Hengxin New Material Technology,"Halle 23, Stand B30",,,,,Yen Binh Industrial Park CN18 Dong Tien Ward 250000 Pho Yen City Vietnam,,
Vietnam Navigatec New Materials,"Halle 23, Stand B18","Vietnam Navigatec New Materials Co.,Ltd STARTING FROM OCTOBER 2005 AN ENTERPRISE OF GREAT CAPACITY PROFESSIONALLY SPECIALIZED IN LUXURY VINYL TILE AND RESILIENT SHEET FLOORING.",,,,"Lot CN5,6D Dinh Vu lndustrial Park A1A2, Dinh Vu - CatHai Economic Zone Dong Hai 2 Ward, Hai An District 180000 Hai Phong Vietnam",,
Vietnam Oakoncept Wood,"Halle 20, Stand B39",,,+84 979303297,,"Van Phu Ward, Lao Cai Province Southern Industrial Park 323501 Van Phu Vietnam",,
Välinge Innovation,"Halle 20, Stand B60","Välinge Innovation is a global leader in pioneering technologies for the flooring and furniture industry. Since its founding in 1993, the company has been at the forefront of innovation, starting with the invention of the world's first mechanical floor locking system - a breakthrough that revolutionised floor installation worldwide.<br/><br/>With over 3,300 patents granted and approximately 300 licensees globally, Välinge continues to drive industry standards forward, offering groundbreaking solutions that enhance the customer experience and contribute to a more sustainable future. All technologies and concepts are developed at the company's headquarters in Viken, Sweden, home to one of the world's most advanced R&D centres for flooring and furniture. As a global organisation, Välinge has offices in Sweden, Asia and the US, ensuring proximity to partners and continuous delivery of exceptional service and innovative solutions worldwide.",,+46 422378 -15,https://valinge.com,Prästavägen 513 263 65 Viken Schweden,,
wallPen,"Halle 21, Stand C12",,,+49 2742 96680-0,,Werkstr. 15 57537 Wissen Deutschland,,
Weitzer Parkett,"Halle 21, Stand F63",,,+43 31722372 -0,https://weitzer-parkett.com,Klammstr. 24 8160 Weiz Österreich,,
WEST&EAST,"Halle 19, Stand D96",West & East GmbH bietet:<br/><br/>- Unternehmensberatung für chinesische und europäische Unternehmen.<br/>- Einblick in rechtliche Rahmenbedingungen und Unterstützung bei der Geschäftsentwicklung.<br/>- Vernetzungsmöglichkeiten in Europa und Asien.<br/>- Marketingstrategien und E-Commerce-Lösungen.<br/>- Fachwissen in chinesisch-deutschen Geschäftsbeziehungen.<br/>- Unterstützung bei Markteintrittsstrategien.<br/><br/>Für eine detaillierte Übersicht besuchen Sie bitte die Webseite von West & East GmbH (https://west8east.com/).,,+49 511 51514030,https://west8east.com,Vahrenwalder Str. 213 30165 Hannover Deutschland,,
Wistoba Pinselfabrik Wilhelm Stollberg,"Halle 21, Stand D34, (42)","Echte Menschen, echte Qualität<br/><br/>Qualität wurde schon immer von Menschen gemacht. Daran wird sich auch in Zukunft nichts ändern. Denn trotz künstlicher Intelligenz und Steuerung durch Computer ist es letzten Endes der erfahrene Mitarbeiter, der mit seinem Können und den passenden Maschinen überdurchschnittliche Produkte entstehen lässt.<br/><br/>Aus diesem Grunde dreht sich in diesem Katalog vieles um die Menschen bei uns hier in Bad Lauterberg am Harz, die dafür sorgen, dass wir Sie mit Pinseln, Bürsten und Farbrollern in bewährter Wistoba Qualität ausstatten können.<br/><br/>Gutes Werk braucht immer gutes Zeug. Und genau das geben wir Malern und Lackierern bereits seit 1917 an die Hand. Wir freuen uns, wenn Sie auch künftig bei uns zugreifen.",,+49 5524 8609-0,,Karl-Schmidt-Str. 4 37431 Bad Lauterberg Deutschland,,
Wuhu Kaijinhua New Material,"Halle 23, Stand D67",,,+86 5538137755,,"Xinwu Avenue No.202 Anhui Xinwu Economic Development Zone, W 241100 Wuhu China",,
Wuhu Sunday Carpet,"Halle 23, Stand A34",,,+86 553 8353006,,Wanda Plaza Phase 2 1403 Jinghu District. No.1 Office Bldg 241000 Wuhu China,,
Wulff,"Halle 21, Stand D34, (24)","WULFF – Freunde des Handwerks. Seit 1890.<br/>Seit über 135 Jahren steht der Name WULFF für Qualität, Verlässlichkeit und Nähe zum Handwerk. Als Familienunternehmen in fünfter Generation leben wir echte Partnerschaft – im Team genauso wie mit unseren Kunden. Unser Herz schlägt für das Profihandwerk – für Maler, Lackierer, Tischler sowie Boden- und Parkettleger bieten wir an 11 Standorten passgenaue Lösungen: vom breiten Handelssortiment mit über 70.000 Artikeln bis hin zu innovativen Eigenentwicklungen von Verlegewerkstoffen aus unserer Produktion.<br/><br/>Was uns auszeichnet? Teamgeist, flache Hierarchien und ein respektvolles, vertrauensvolles Miteinander. Jeder Einzelne trägt dazu bei, dass wir bei WULFF gemeinsam erfolgreich sind – mit Engagement und Begeisterung fürs Handwerk.<br/><br/>WULFF – Freunde des Handwerks.",,+49 5404 881-0,https://wulff-gmbh.de,Wersener Str. 3 49504 Lotte Deutschland,,
Wuxi Boyu Plastic Machinery,"Halle 22, Stand C55","Boyu is a professional plastic extrusion equipment supplier in China with 25 years of experience, recognized globally as an innovator committed to developing, manufacturing and customizing all kinds of plastic extrusion equipment especially resilient flooring equipment for SPC, LVT, WPC, PP, PET etc.",,+86 51088271797-,https://boyuextruder.com,Xiqun Road No.50 Xinwu District 214111 Wuxi China,,
Wuxi Haofu Intelligent Equipment,"Halle 23, Stand C34","WuXi HaoFu Automated Equipment Co., Ltd. hat seinen Sitz im Industriegebiet Qian Zhou in der Stadt WuXi, nur eine Stunde mit dem Zug von Shanghai entfernt. Wir sind ein professioneller Hersteller von Maschinen für Dekorationsmaterialien. Die Maschinen können nach den Anforderungen der Kunden konstruiert werden. Seit unserer Gründung genießen unsere Maschinen aufgrund ihrer hervorragenden Qualität und unseres Kundendienstes einen guten Ruf bei Kunden im In- und Ausland. Wir exportieren unsere Maschinen in viele Länder, darunter Südkorea, Russland, Iran, Saudi-Arabien, Türkei, Afghanistan ... Unser Ziel ist es, hochwertige Maschinen zu einem angemessenen Preis anzubieten, auf die Anforderungen der Kunden einzugehen und ihnen zum Erfolg zu verhelfen.",,+86 510 83380989,,"Zhangshe Road, NO.8 Southern Sector, Hudai Industrial Park,, 214000 Wuxi China",,
Wuxi Nuoerte Machinery,"Halle 22, Stand D22","WUXI NUOERTE MACHINERY CO.,LTD<br/>Die firma wurde 2014 gegründet und registriert zwei millionen yuan.<br/>Eine sammlung, die sich selbstständig entwickelt, gestaltet,<br/>Die produktion eines ganzen professionellen sektors betreibt<br/>Hersteller automatisierter ausrüstung. Widme dich<br/>Die produktionsausrüstung und die ganze kantine zur verfügung stellen<br/>Die bekannteste SPC/LVT/WPC lösung<br/>Die sehen hungrig aus. Automatische verpackung.<br/>Wir stellen maschinen her, die Von maschinen hergestellt werden<br/>Zur gebrauchsausgabe gehört. Eine geschichte konstruiert.<br/>Um die produktion zu steigern und den künstlichen abbau zu verringern.<br/>Die standardisierung der verpackung durchzuführen.",,+86 51585250850,https://nuoerte.com,"Nankai Road, No. 90-1, Shuofang Town, Xinwu District 214000 Wuxi China",,
Wuxi Zhongde New Decoration,"Halle 23, Stand B29","Wir sind aus WUXI PLASTIC hervorgegangen, das im Jahr 2000 gegründet wurde. Die 2013 gegründete Wuxi Zhongde New Decoration Material Co., Ltd. ist ein professioneller Hersteller von WPC-Kernen, LVT-WPC-Bodenbelägen, HPL-WPC-Bodenbelägen, WPC-Dekorplatten, MGO-Wandpaneelen, PVC-Profilen, PVC-Fensterbankplatten, Polycarbonatplatten usw. Wir verfügen über fortschrittliche und zuverlässige Produktionsanlagen und umfassende Mess- und Qualitätssicherungskapazitäten. Darüber hinaus verfügt das Unternehmen über eine starke Forschungs- und Entwicklungskapazität, entwickelt ständig neue Produkte und hat mehrere nationale Patente erhalten. Wir haben einige relevante Fach- und Technikkräfte sowie Führungskräfte eingestellt und damit eine solide Grundlage für die Qualität und Produktivität des Unternehmens geschaffen.",,+86 51083079900,,"Wandong Road No.100 Qianqiao Town, Huishan District 214151 Wuxi China",,
XiZang Dropen Linfan Ling Culture,"Halle 23, Stand C34",,,,,"Qicaigang Road, No. 11 Chengguan District 850000 Lhasa China",,
Xizang Thokmay Trade Exhibition,"Halle 23, Stand C34",,,+86 8937666669,,"Donghada Xingfu Garden NO.402 Naidong District Unit 2, Block 6 859000 Shannan China",,
XPFoam,"Halle 20, Stand B29",,,+49 756746298 -0,https://xpfoam.com,Alte Bahnlinie 19 88299 Leutkirch im Allgäu Deutschland,,
Y.T.D.,"Halle 21, Stand A42",,,+44 203887 6927,,Hanworth Lane Business Park YTD House Chertsey KT16 9JX Vereinigtes Königreich,,
Yancheng Senfu Decorative Carpet,"Halle 23, Stand C79",,,+86 2585331486,https://senfucarpets.com,"Weisi Road, No.8 Gangzhong Sub-District, Yandu District 224042 Yancheng China",,
Yangzhou Canyoo Grass Carpet,"Halle 23, Stand C67","Yangzhou CANYOO Grass Carpet Co. ,Ltd is a set of professional design, production, sales and service in one of the grass flooring, sports facilities, artificial turf industry specialization. Our company specializes in undertaking the design and construction of artificial turf, business floors, epoxy floor, epoxy flooring(EPOXY)anti-static flooring, clean room floors, industrial floor, etc., over the years has been working for all kinds of sports facilities, roof garden, leisure venues provide design, manufacture and construction of the full range of services.<br/> Yangzhou CANYOO Grass Carpet Co., Ltd has always been adhering to the ""customer-oriented, sustainable service"" concept, and strive to provide customers with the most perfect venue for the project solution. Chang excellent sports turf is more suitable for soccer, track, tennis courts, basketball courts, multi-sports stadium and other venues; Chang excellent leisure lawn is widely used in hotels......",,+86 51483640988,https://cygrass.com.cn,"Baqiao Industrial Zone No. 18 Xinji, Yizheng 211403 Yangzhou China",,
Yangzhou Haizhong Fiber,"Halle 23, Stand C67",,,+86 514 85718555,https://yzhaizhong.com,Zhongxin Road No.90 Automobile Industrial Park 211400 Yizheng China,,
Yangzhou Yarun Fabric,"Halle 23, Stand B80","YangZhou Yarun is the ISO certificated fabric manufacturer of primary backing,secondary backing for artificial turf and tufting carpets. Our products are widely used in carpets ,rugs ,artificial grass ;the backings process high strength, Low shrinkage, quality stable and strong weatherability,is also with good aging resistance and UV resisting.Employing imported production lines and advanced technology,Yangzhou Yarun delivers both top quality backing fabric products and service to all our good customers.",,+86 514 83290656,https://yzyarunfabric.com,Hanhai Road No. 1 Yangzhou Chemical Ind. Park 211400 Yizheng China,,
Yixing Hengchi Rubber and Plastic,"Halle 22, Stand D38","Yixing Hengchi Rubber and Plastic Co.,Ltd is located Yixing, Jiangsu Province.China. Hengchi is less than three hours’drive far from Shanghai Pudong Internal Airport and Shanghai deepwater port. We have 15-year profession in WPC production.",,+86 510 87052757,,Jieke Road No.16 214200 Wuxi China,,
Yixing Hualong New Material Lumber,"Halle 22, Stand D45","Die Yixing Hualong New Material Lumber Co. Ltd. befindet sich in der Stadt Xinjian in Yixing am Ufer des wunderschönen Taihu-Sees. Das Unternehmen liegt verkehrsgünstig an der Provinzstraße 240 und den vorbeiführenden Schnellstraßen Wuxi-Yixing, Shanghai-Nanjing, Yangtze Riverbank und Nanjing-Hangzhou. Das Unternehmen widmet sich der Forschung, Entwicklung und Herstellung neuer umweltfreundlicher Holz-Kunststoff-Materialien. Die Anfangsinvestitionen belaufen sich auf 50 Millionen RMB, darunter vier Produktionslinien für Holz-Kunststoff-Verbundwerkstoffe mit einer Jahresproduktion von über 10.000 Tonnen,",,+86 51087287888,https://hualong-wpc.com,The South Develop Area No.1 Xinjian Town 214253 Yixing China,,
Yousung C&F,"Halle 23, Stand A24","Seit wir 1979 die ersten Vinyl-Verbundplatten auf den Markt gebracht haben, haben wir Qualität in jedes von uns hergestellte Bodenbelagsprodukt eingebaut. Diese Tradition setzen wir heute mit unserer revolutionären Produktinnovation fort. Unser talentiertes Team ist bestrebt, einen hervorragenden Service zu bieten.<br/><br/>Wir sind nicht nur ein Hersteller von Fliesenprodukten. Wir sind Designer, die Ihren gesamten Raum definieren.",,+82 0221892000,,"Yeoksam-Ro 121 Gangnam-gu 06243 Seoul Korea, Republik",,
Yuncheng Plate-Making (Thailand),"Halle 20, Stand E36",,,,,30/76 Moo 1 Tumbol Khok Kham Amphur Mueng 74000 Samut Sakhon Thailand,,
Yunjia Decor,"Halle 19, Stand B76","YUNJIA DECOR GMBH spezialisiert sich auf hochwertigen Dekordruck mit Produktionsstätten in China und Vietnam und gewährleistet eine großflächige Fertigung für den globalen Bedarf. Mit 26 Tiefdrucklinien für PVC-, PP- und PETG-Folien und 6 für Melaminpapier produziert YUNJIA jährlich über 500 Millionen Quadratmeter.<br/><br/>Dank über 35.000 Designs, Top-Partnerschaften und modernster Technik bietet YUNJIA weltweit innovative, kundenspezifische Lösungen.",,+49 15170281410,https://yunjiadecor.com,Kurt-Blaum-Platz 8 63450 Hanau Deutschland,,
ZARGAR,"Halle 23, Stand A67","Kelimshop ist im Besitz von ZARGAR, einem Teppich-Groß- und Einzelhandelsunternehmen, das 2010 in den Niederlanden gegründet wurde. Es ist ein Familienunternehmen und wir bieten eine Vielzahl feinster handgefertigter afghanischer Teppiche und Teppiche mit traditionellen und modernen Designs zu einem erschwinglichen Preis.<br/><br/>Jedes unserer Teppich- und Teppichdesigns wurde sorgfältig und kreativ handgewebt und handgeknüpft nach der alten Technik der afghanischen Teppichweberei und Handknüpfung, die bereits seit Jahrhunderten Teil unserer Familientradition ist.<br/><br/>Wir managen persönlich den gesamten Teppich- und Teppichherstellungsprozess, was zu einem Produkt führt, das Generationen überdauern kann. Unsere handgefertigten Teppiche und Teppiche werden aus bester Ghazni-Wolle hergestellt und mit natürlichen Farbstoffen wie Baumrinde, Obst, Gemüse und anderen pflanzlichen Quellen natürlich gefärbt.",,+31 614545999,,Ambachtsweg 27 2222 AJ Katwijk Aan Zee Niederlande,,
Zhangjiagang K&C Tech,"Halle 22, Stand A25","Zhangjiagang K&C Tech Co., LTD., founded in 2015, is located in Jiangsu,China.<br/><br/>The company specializes in the production and sales of PVC flooring, the factory covers an area of 45000M2, equipped with the industry's advanced production line and related supporting equipment, mainly including: 2 backing material production line; 6 sets110 SPC extrusion lines; 2 sets WPC extrusion lines; 10 sets of semi-automatic hot and cold separate press; 2 sets UV coating lines; 4 sets profiling lines, imported from Germany and Japan; 3 sets IXPE coating lines, 1 set painting line; 1 set glue backing machine; 2 set automatic package machine;<br/><br/>The company can produce 300 containers per month. The existing products are 100% exported, mainly distributed in the European and American markets. In 2020, the company's sales will reach 40 million US dollars.The company has passed ISO9001 quality management system certification, CE certification, Green Guard Golden (Green Guard certification).",,+86 512 58690567,,"Shangcheng Road, Miaoqiao Town No.225 215600 Zhangjiagang China",,
Zhangjiagang Yihua Rundong,"Halle 22, Stand C10","Zhangjiagang Yihua Rundong New Material Co. Ltd. ist eines der ersten Unternehmen in China, das die international fortschrittliche Stromlinie zur Herstellung von PVC-Bodenbelägen eingeführt hat. Yi Hua Vinyl-Bodenfliesen haben sich mit ihrer hervorragenden Qualität und Innovation erfolgreich auf dem internationalen Markt etabliert. Yihua produziert jedes Jahr über 21.600 Schiffscontainer oder sortierte Fliesen. Yihua bietet verschiedene Muster an und exportiert derzeit 95% seiner Produktion. Yihua wurde als einer der ""Top 3 PVC-Bodenbelagshersteller in China"" gelistet.<br/><br/>Um die Kapazität der Marktentwicklung zu verbessern, hat Yihua seine Verkaufsstrategie von passivem Verkauf zu initiativem Verkauf geändert. Wir haben Geschäftsbeziehungen mit vielen Fliesenhändlern und Franchisenehmern in der ganzen Welt aufgebaut...",,+86 512 80158200,https://yihuaplastic.com,Yangshe Town Industry Development A 215600 Zhangjiagang China,,
Zhejiang Anji Double Tiger Bamboo&Wood,"Halle 22, Stand E02",,,+86 5725500668,,Dazhugan Village No.1 Xiaofeng Town 313001 Anji China,,
Zhejiang Dadongwu Greenhome Wood,"Halle 22, Stand D58","GREENHOME, FÜHRENDER HERSTELLER UND DESIGNER VON MASSIV- UND PARKETTBÖDEN.<br/>Unsere Geschichte begann im Jahr 1996, als wir Massivholzböden herstellten und 2008 zum führenden chinesischen Hersteller von Weißeiche wurden. Jahrelange Konzentration und Beharrlichkeit haben sich ausgezahlt, dass wir nicht nur Partnerschaft, sondern vor allem das einhellige Vertrauen der Kunden in unsere Produkte und Dienstleistungen gewonnen haben. Später haben wir uns vorgestellt, dass Engineered Flooring eine Rolle spielen wird eine wichtige Rolle in der Zukunftsbranche. Wir haben diese Gelegenheit ergriffen und eine Vielseitigkeit von technischen Bodenbelagslinien entwickelt, die sich auf Design und Innovation konzentrieren. Seit unserer Gründung haben wir nie nachgelassen, nach Veränderungen zu suchen, und werden die Philosophie beibehalten, mit der wir begonnen haben.",,+86 572 2075000,,Huzhi Road No.2599 313000 Huzhou China,,
Zhejiang ECO New Material,"Halle 22, Stand B22","Zhejiang Eco New material Co;ltd is located in Puyuan Town ,a famous woolen sweater town in China ,with a superior geographical position of the triangle area of Shanghai .",,+86 57388796666,,Zijin Road No.38 Puyuan High-Tech Zone 314502 Tongxiang China,,
Zhejiang Guolian Floor,"Halle 23, Stand C34","ZHEJIANG GUOLIAN FLOOR CO., LTD wurde 2010 in Deqing, China, gegründet.<br/><br/>Wir stellen Parkettböden und Parkettböden für Kunden in Übersee her, bei denen es sich um Großhändler, Bauherren und Vertreiber von Holzfußböden handelt.",,+86 5728377162,,Beihu West Str No. 238 313299 Huzhou China,,
Zhejiang Hoy Technology,"Halle 22, Stand B56","Zhejiang HOYTECH ist einer der professionellen Hersteller von SPC-Bodenbelägen und LVT-Bodenbelägen in China. Wir sind in Jiaxing mit bequemem Transportzugang, nur eine Stunde entfernt von Shanghai, Hangzhou und Ningbo. Es deckt eine Fläche von über 66000 Quadratmetern ab, die Produktionskapazität wird zehn Millionen Quadratmetern in einem Jahr sein. Und unsere Produkte sind in verschiedenen Innenszenen, wie Hotel, Ausstellungshalle, Keller, Bürogebäude, Haushalt, Speicher und etc. weit verbreitet.",,+86 57389050111,,"Yanshan Road No.777 Liuli Industrial Park, Ganpu Town, Haiya 314300 Jiaxing China",,
Zhejiang Jiaye Flooring,"Halle 22, Stand D38","Zhejiang Jiaye Flooring Co., Ltd wurde 1997 gegründet und ist ein professioneller Hersteller im Export von Massivböden und Parkettböden mit mehr als 10 Jahren Erfahrung. Unser Unternehmen befindet sich in Chinas Heimat für Holzböden - Nanxun in der Provinz Zhejiang (nur 1 Autostunde von Shanghai entfernt).<br/>Wir haben stabile Rohstofflieferanten in Übersee, wir importieren hochwertige Hickory-Stämme aus Indiana, New York und Pennsylvania; Südamerikanische Arten kommen aus Brasilien, wir kaufen Stämme und ermächtigen lokale Unternehmen, mit unserer spezialisierten Qualitätskontrolle auf Schnittholz zu schneiden, um die Qualität zu kontrollieren, einschließlich Jatoba, Ipe, Tigerwood und Cumaru usw.",,+86 572 3919388,,"Xunzhi Road, No.986 Nanxun 313009 Huzhou China",,
Zhejiang Kingdom New Material,"Halle 20, Stand D18","Bester Lieferant<br/>Kingdomfloor bietet sowohl normale Serien für den Wohnbereich als auch Luxusserien für den gewerblichen Bereich mit authentischem Aussehen von Holzdielen und Steinfliesen. Kingdomfloor macht jede einzelne Fliese und jede einzelne Diele zu einem Kunstwerk mit einem Gefühl des Lebens. Bis jetzt hat Kingdomfloor in mehr als 50 Länder exportiert, wie z.B. Deutschland, Frankreich, die Niederlande, die Schweiz, Großbritannien, Österreich, die USA, Kanada, Australien, Südamerika usw. und hat einen guten Ruf.",,+86 57386500133,https://kingdomflooring.com.cn,Desheng Road NO.38 Heshan Town 314512 Tongxiang China,,
Zhejiang New Insight Wood,"Halle 22, Stand E02","Zhejiang New Insight Material Technology Co., Ltd. konzentriert sich auf die Herstellung und den Verkauf von Wood Plastic Composite. Im Jahr 2004 wurde Zhejiang New insight industrial Co., Ltd. in Yongping North Rd, Deqing Economic development zone gegründet. Es wurde 29.000.000 USD investiert und hat eine Fläche von 177156 Quadratmetern.<br/><br/>Holz-Kunststoff-Verbundprodukte werden aus Pflanzenfasern oder recyceltem Holz und Kunststoff (HDPE) hergestellt. Durch wissenschaftliche Formel, fortschrittliche und spezielle Prozess-Methode, die Holz-Kunststoff-Verbundwerkstoff-Produkte haben die Vorteile der hohen Festigkeit und Härte, resistent gegen Säure und Lauge, keine Fäulnis und Verzerrung, leicht zu recyceln, die die echte grüne und umweltfreundliche Material sind. Die Holz-Kunststoff-Verbundwerkstoff-Produkte können weithin in Decking, Wandverkleidung, Pergola, Zäune, Automobil-Zubehör und so weiter verwendet werden.",,+86 572 28823821,https://newinsight.com.cn,"North Yongping Road No.72 Fuxi Subdistrict, Deqing 313200 Huzhou China",,
Zhejiang Ounaili New Material,"Halle 22, Stand E30",,,+86 57387786699,,Guangdian Rd. No. 8 Huangwan Industrial Area 314415 Haining China,,
Zhejiang Ousikai New Material,"Halle 23, Stand D36","Zhejiang Ousikai New Material Co. Ltd ist seit 2011 in der Herstellung und dem Export von LVT-/WPC-/SPC-Bodenbelägen tätig. Mit seinen technisch fortschrittlichen Produktionsanlagen, professionellen technischen Mitarbeitern und einem erfahrenen Vertriebsteam produziert OSK Produkte mit hoher Wertschöpfung zu attraktiven Preisen, um Kunden weltweit einen einzigartigen Mehrwert zu bieten.",,,,Xianghong Road No.1829 Jianshan New District 314400 Haining China,,
Zhejiang Sanmen Viair Industry,"Halle 23, Stand D67","Eine professionelle Forschung und Entwicklung, Design, Herstellung, Vertrieb als eines der Unternehmen zur Herstellung von Fußmatten<br/><br/>ZHEJIANG SANMEN VIAIR INDUSTRY CO., LTD ist spezialisiert auf die Entwicklung, Herstellung, den Vertrieb und den Service von Fußmatten und Haushaltsmatten. VIAIR verfügt über professionelle Produktionslinien für Rollmatten, Teppichmatten und Injektions-PVC-Matten mit einer Jahresproduktion von mehr als 25 Millionen Stück. Wir haben einen guten Ruf auf dem internationalen Markt und unsere Produkte werden in die wichtigsten Länder der Welt exportiert, insbesondere in Nordamerika beliefern wir die renommierte Massenkette wie Wal-Mart und Autokette wie Auto Zone. VIAIR ist bestrebt, fortschrittliche Ausrüstungen einzuführen und ein komplettes Produktionsmanagementsystem aufzubauen, um eine schnelle Reaktion und eine nahtlose Verbindung zu den Kundenbedürfnissen zu erreichen.",,+86 576 83100318,,Linkou Sanmen 317101 Taizhou China,,
Zhejiang Sanyi Flooring,"Halle 22, Stand A41","Zhejiang Sanyi Flooring Co.,Ltd is a professional manufacturer who focus on development, production and sale of SPC and LVT flooring, SPC wall panel, company location is in Zhejiang Prov., China. With many years' experiences, we exported to many countries with our quality products.<br/><br/>Goods loaded in each container will be strictly checked and tested by our professional QC team and laboratory staff, we care about each shipment, as we value our reputation and looking for long team business relationship with our customers. <br/><br/>Our advantages:<br/>1, Our lab equipped with full test machines for mass production goods; <br/>2, Our flooring certified with CE, REACH, A+, Intertek and other test reports;<br/>3, Professional technicians and QC with rich experiences; <br/>4, Passionate sales team ensuring pre-sale consultation and after sales service in time. <br/><br/>we are aslo able to customize colors and sizes, we believe we can help our customers expand the market share with our support and efficient communication.",,+86 572 5661898,https://sanyiflooring.com,"Touba Road No. 177 Tangpu Industrial Area, Anji County 313300 Huzhou China",,
Zhejiang Shenglong Decoration,"Halle 22, Stand C08",,,+86 571 63805085,,"Shangyang Road No.55 Jinnan Sub-District, Lin'an 310000 Hangzhou China",,
Zhejiang Tianzhen Technology,"Halle 20, Stand E45",,,+86 572 5042411,,"Yangguang Road 398 Wellness Industry Park, Anji Economic De 313300 Anji China",,
Zhejiang Timber Biology New Material,"Halle 22, Stand D07",,,+86 572 8225688,https://utimber.cn,"North Huanchen Road No.190 Wukang, Deqing 313200 Huzhou China",,
Zhejiang Waton Home Furnishings,"Halle 23, Stand C67",,,+86 5704020867,,"Shuangta Street NO.50-2 Aoli Village, Jugongdi 324100 Jiangshan City China",,
Zhejiang Xiaodan New Material Technology,"Halle 22, Stand B29","ZheJiang Xiaodan New Material Technology Co., Ltd wurde 1999 gegründet und ist ein privates Familienunternehmen, das sich zu einem der erfolgreichsten unabhängigen Unternehmen zur Herstellung von PVC-Schaumplatten in China entwickelt hat. Aufgrund unserer guten Qualität und unseres wettbewerbsfähigen Preises haben wir Märkte in ganz Asien, Europa, Amerika, Afrika, Australien und dem Nahen Osten bedient. Heute ist Xiaodan ein Global Player, der weltweit Spezialprodukte aus Kunststoff für das Bauwesen und die Werbung liefert.",,+86 571 82119958,,"Aihua Road, No.8 Xiaoshan 311221 Hangzhou China",,
Zhejiang Xingyue Carpet Industry,"Halle 23, Stand D67",,,+86 2164872386,,Gushan Avenue No.48 Gushan Town 321307 Yongkang China,,
Zhejiang Xinhengtai Advenced Material,"Halle 22, Stand D38",,,+86 573 83853267,,"Xinda Rd, No. 919 Xinfeng Town, Nanhu Distr. 314000 Jiaxing China",,
Zhejiang Yuante New Material,"Halle 22, Stand D58",,,+86 5722557998,https://hzyuante.com,"Donglin Town, Wuxing District 313021 Huzhou China",,
Zhejiang Yuhua Timber,"Halle 22, Stand B07",,,+86 57389109777,,"Hengxing Road, No.38 Jiashan County 314100 Jiaxing China",,
Zhenjiang Four Corners New Deco.,"Halle 23, Stand A35",,,+86 51188899619,,Huayuan Road No.88 Dantu District 221000 Zhenjiang China,,
Zhong Shan GreenBuild Wood Industry,"Halle 22, Stand E30",,,+86 760 85213400,,"Boai Road, No. 28 Eastern District Room 1407, Block 1, Ocean Plaza 528400 Zhongshan China",,
Zhoushan Demaji Industrial,"Halle 23, Stand A35","Zhejiang Demaji Machinery Co., Ltd. ist auf die Herstellung von Doppelschnecken und -zylindern spezialisiert. Mit seiner riesigen Produktionskapazität und Ausrüstung, seiner Technologie, Wissenschaft, guten Verarbeitung und starken technischen Kompetenz liefert das Unternehmen nicht nur Maschinenkomponenten an ausländische und nationale Maschinenfabriken, sondern übernimmt auch die Bearbeitung nach Mustern. Das Unternehmen vertreibt seine Produkte weltweit, beispielsweise in Russland, Indien, Korea, der Türkei, dem Nahen Osten und anderen Ländern. Im Einklang mit der Politik „Ressourcen für das Land sparen, Gewinne für Kunden steigern, Nutzen und harmonische Entwicklung für den sozialen Wohlstand schaffen“ haben die Mitarbeiter von DAMAGE nach kontinuierlichen Bemühungen und in Zusammenarbeit mit schwedischen Ingenieuren die ursprüngliche PTA-Nickellegierung-Spritzschweißtechnologie verbessert und zwei hochwertige Schraubenserien mit hoher Verschleißfestigkeit und hoher Korrosionsbeständigkeit entwickelt. In einem fremden Land, mit hoher Korrosion, hohem Füllstoffanteil, PVC, Blech, Rohren, Plattenmaterial, Profilen, Holz und Kunststoff, Wandverkleidungen usw., hat die Qualität unserer exklusiven Markenschrauben mit extrem langer Lebensdauer den Markt erobert. Das Unternehmen unterliegt streng dem Qualitätsmanagementsystem ISO 9001:2000. Das Produkt ist seit langem im In- und Ausland bekannt und wird vom nationalen Prüfzentrum für Kunststoffunternehmen und von Prüfexperten schrittweise auf seine technischen Indizes hin bewertet, um den internationalen Standard zu erreichen.",,+86 5808058999,,"Dafeng Road Xihou Industrial Zone No.4 Xihou Industrial Zone, Jintang Town, Din 316032 Zhoushan China",,
Zibo Zhixing Plastic,"Halle 22, Stand D30","Zibo Zhixing Plastic Co., Ltd. is a vital modern enterprise, which specializes in manufacturing and exporting PVC Floor Tiles. <br/>The company has advanced equipments, strict quality control methods, and abundant funds, technology, manufacturing experience, meanwhile with the advantages of reliable quality, wide varieties, complete specifications, the production capacity of the PVC Floor Tiles reach more than 2 million square meters separately per year, moreover the products quality and performance is both ahead in their respective fields.<br/>Zibo Zhixing Plastic Co., Ltd. is a very famous industrial base in north China. It close to Jinan international airport and Qingdao seaport, the traffic is very convenient. Ever since it established in 2004, the company has passed the the Authentication Certificate of Quality Management System (ISO9001:2008) , the Authentication Certificate of Environment Management System (ISO14001:2004) ,and CE Certificate.",,+86 533 6126579,https://zhixingfloor.com,"Xinhua Road, No.10092 Zhoucun 255300 Zibo China",,
ZIPSE,"Halle 19, Stand D80, (3)","Wir sind Ziro.<br/>Wir schaffen die Grundlage für Ihre Lebenswelt. Wir sind immer da – für Sie, Ihre Pläne und Wünsche. Wir geben Ihnen Sicherheit und Orientierung und verlieren nie den Kontakt zu Ihnen. Wir sind das gute Gefühl, wenn Sie den Raum betreten. Aus Erfahrung wissen wir: Für alles im Leben gibt es einen guten Grund. Uns treibt an, Ihrer zu sein.",,+49 7644 9119-0,,Tullastr. 26 79341 Kenzingen Deutschland,,
Zoya Home,"Halle 23, Stand B68/2","Zoya Home verfügt über eine Erfahrung von über 10 Jahren. Inspiriert von Indiens reicher Tradition in Textildesign und Weberei, ist Zoya Home stolz auf seine treibende Kraft durch ein dynamisches, gut qualifiziertes und hochqualifiziertes Management mit tiefem Wissen in allen Aspekten des Textilexportgeschäfts.",,,https://zoyahome.in,"Barsat Road, Near Victor Village Barsat Karnal 132114 Indien",,
