company_name,booth,description,email,mobile_primary,domain,full_address,city,linkedin_url
"AA Portable Power Corp.,dba batteryspace.com",1211,"AA Portable Power Corp. (dba: Batteryspace.com) was found in 2000 and became a reputable battery manufacturer in the USA We specialized in all kinds of custom rechargeable batteries, from NiCd to most advanced Semi Solid State Li-ion batteries. From medical, military to aerospace batteries. we provide high quality made in USA batteries.",,,https://www.batteryspace.com,"RICHMOND, CA, 94804-3808, United States",RICHMOND,
Accipiter Radar,2624,"Accipiter is a global leader in providing affordable, smart surveillance networks to deliver live airspace situational awareness and situational understanding to safety and security practitioners, who require user-friendly, tactical and strategic decision support to ensure aviation safety, protect the public and reduce security risks. Accipiter®",,,https://www.accipiterradar.com,"FENWICK, ON, L0S1C0, Canada",FENWICK,https://www.linkedin.com/company/accipiter-radar/
ACSL Inc.,2629,Manufacturer of small UAS,,,https://www.acsl-usa.com,"Sunnyvale, CA, 94085, United States",Sunnyvale,
Acutronic Group,1307,"Acutronic Aerospace Components was established by the Acutronic Group to support the needs of the ever growing use of unmanned systems for defense and aerospace. The division consists of our Power Systems (Formerly Sullivan UV), Turbines, and Actuation companies. Acutronic provides its customers with a high performance, reliable, customizable and affordable eco-system of components that support unmanned systems. Our UAV Power Systems group is an established market leader. Acutronic Turbines also provides micro turbine jet engines for higher speed platforms and turbo generators for hybrid powered aerial vehicles. Acutronic also has a line of standard or customizable electro-mechanical rotary and linear actuators for UAS and UAM systems",,,https://www.acutronic.com,"Austin, TX, 78721, United States",Austin,
ADVANCED Motion Controls,903,"ADVANCED Motion Controls® (AMC) designs and manufactures high-performance servo drives and motor controllers in Camarillo, CA. Ideal for robotics, AGVs, and unmanned systems, our drives deliver reliable motion control for critical applications. Our FlexPro® family, powered by IMPACT™ architecture, offers industry-leading power density (up to 200A peak) in micro-sized form factors—perfect for space and weight-constrained designs. While we offer hundreds of standard models, we specialize in custom solutions to meet your specific integration needs. From surgical robots to battlefield AGVs, we provide the power and flexibility to make your system move. Experience why ""Everything's Possible.""",,,https://www.a-m-c.com,"Camarillo, CA, 93012, United States",Camarillo,https://www.linkedin.com/company/advanced-motion-controls/
"Advanced Powerplant Solutions, LLC",2201,"Advanced Powerplant Solutions is the Central U.S.A. ROTAX independent Service Centre providing lightweight aircraft engines, parts, service and technician education.",,+1 (800) 532-3462,https://www.advancedpowerplant.com,"Burlington, WI, 53105, United States",Burlington,https://www.linkedin.com/company/rotax-isc-aps/?viewAsMember=true/
Advanced Scientific Concepts LLC.,2315,"Advanced Scientific Concepts (ASC) provides both standard and customized global shutter flash LIDAR (GSFL) cameras, along with advanced 3D vision sensor solutions. GSFL cameras offer long-range performance, motion distortion-free functionality, high depth resolution, and real-time 3D full-motion video capabilities.",,,https://www.asc3D.com,"Goleta, CA, 93117, United States",Goleta,
"Aeronix, Inc.",3307,"Aeronix, Inc., a system engineering and custom electronics development company, specializing in communications and data acquisition technologies for commercial, aerospace, government, U.S. Department of Defense and consumer electronics applications. Our products include software defined datalinks, high assurance encryption, payloads, high speed networking, and ELINT/SIGINT systems.",,,https://www.aeronix.com,"Melbourne, FL, 32901-2627, United States",Melbourne,
Aeroprobe Corporation,1118,"Aeroprobe is a leading producer of air data and flow measurement systems for the aerospace and turbomachinery industries. Our Micro Air Data Systems for uncrewed aircraft provide real-time airspeed, angle-of-attack, and angle-of-sideslip. For over 30 years, we've pushed size, weight, and power limits without compromising performance.",,,https://www.aeroprobe.com,"Christiansburg, VA, 24073, United States",Christiansburg,https://www.linkedin.com/company/Aeroprobe Corporation/
Aerora,3636,"Aerora™ accelerates UAV & Robotics innovation, offering fully integrated, NDAA-compliant Propulsion, Ground-Sea-Air Smart Controllers, and Precision AI Payload Systems. As your ODM supply chain partner we manage the design and manufacturing to empower YOU to effortlessly scale, streamline operations, and come to market FASTER.",,,https://www.aeroratech.com,"Portland, OR, 97203, United States",Portland,https://www.linkedin.com/company/aeroratech/
Aevex Aerospace,1619,"AEVEX is a defense technology company delivering next-generation navigation and autonomy, uncrewed systems, and adaptable mission solutions—engineered to need, delivered at speed, and built for the modern battlespace.",,,https://www.aevex.com,"Solana Beach, CA, 92075, United States",Solana Beach,
AgEagle Aerial Systems Inc,705,"About EagleNXT EagleNXT is a leading developer of high-performance fixed wing drones, advanced sensors and CUAS that deliver critical aerial intelligence to customers around the world. Based in Allen, Texas, EagleNXT's platforms are trusted across defense, agriculture, and commercial applications. Drones listed on the Blue UAS Cleared list.",,,https://www.eaglenxt.com,"Allen, TX, 75013, United States",Allen,https://www.linkedin.com/company/eagle-nxt/
Ainstein,1622,"Ainstein creates advanced radar sensors that enable intelligent driving, flying, working, and living. We provide innovative, high-performance, and autonomous radar sensors in the Aerospace, Specialty Vehicle, Sports, and IoT industries, helping customers accelerate their GTM strategy with our radar expertise. Based out of Lawrence, KS.",,,https://ainstein.ai/,"Lawrence, KS, 66049, United States",Lawrence,https://www.linkedin.com/company/ainstein/
"AlarisPro, Inc.",907,"Designed by military aviators and civilian UAS experts, the AlarisPro SaaS platform equips UAS operators, maintenance professionals, and manufacturers with the critical safety and reliability data needed to manage and optimize their systems and subsystems. Headquartered in Maryland, AlarisPro is proud to serve UAS manufacturers and operators across",,,https://alarispro.com,"Solomans, MD, 20688, United States",Solomans,https://www.linkedin.com/company/alarispro/
"Allied Vision Technologies, Inc.",1820,"For more than 30 years, Allied Vision has been developing industrial machine vision cameras for customers by focusing on what counts.",,,https://www.alliedvision.com/,"Exton, PA, 19341, United States",Exton,https://www.linkedin.com/company/allied-vision-technologies/
Allocortech inc.,3536,"Allocortech provides services & products to electric and hybrid-electric vehicle OEMs that demand commercial quality but cannot tolerate the lead times, lack of flexibility, and recurring costs of legacy solutions. Allocortech has quickly gained a reputation for delivering high-quality, fault-tolerant solutions while meeting challenging deadlines.",,,https://www.allocor.tech,"Waynesboro, VA, 22980, United States",Waynesboro,https://www.linkedin.com/company/allocortech/
Amazon Prime Air,2802,"Amazon Prime Air is Amazon's drone delivery service, delivering packages to customers as fast as 30 minutes. As an FAA Part 135 certificated air carrier with beyond-visual-line-of-sight (BVLOS) authorization, Prime Air operates across multiple sites in the United States and United Kingdom. Our purpose-built MK30 drone features industry-leading Detect and Avoid technology, enabling safe operations in shared airspace alongside other aircraft and emergency responders. Prime Air is reliable, built for scale, and delivering at the speed of life.",,,https://prime.amazon,"Seattle, WA, 98109, United States",Seattle,
Amphenol Aerospace,1612,"Amphenol Military & Aerospace Operations designs and manufactures rugged, high-performance interconnect solutions for autonomous systems and military ground vehicles. With 80+ years of expertise, we produce components that withstand any extreme harsh environment, ensuring uninterrupted power and data for next generation military systems.",,,https://amphenolmao.com,"Sidney, NY, 13838-1304, United States",Sidney,
Amphenol All Sensors,1715,"Amphenol All Sensors Corporation is a leading manufacturer of MEMS piezoresistive ultra-low pressure sensors, with a strong focus on aerospace and unmanned systems (AUS). Our solutions enable precise Angle of Attack, Altitude, and Airspeed sensing, with a commitment to quality, safety, and sustainability.",,,https://www.allsensors.com,"Morgan Hill, CA, 95037, United States",Morgan Hill,
Amprius Technologies,809,"Amprius Technologies leads the next era of energy storage with high-energy, high-power silicon-anode lithium-ion batteries. Delivering up to 450 Wh/kg and 1,150 Wh/L, our solutions enable longer ranges, heavier payloads, and faster charging for aviation, mobility, and advanced transportation.",,,https://amprius.com/,"FREMONT, CA, 94538-7342, United States",FREMONT,https://www.linkedin.com/company/www.ampriustechnologies/
"Analog Devices, Inc.",601,"Analog Devices, Inc. (NASDAQ: ADI) is a global semiconductor leader that bridges the physical and digital worlds to enable breakthroughs at the Intelligent Edge. ADI combines analog, digital, AI, and software technologies into solutions that combat climate change, reliably connect humans and the world, and help drive advancements.",,,https://www.analog.com,"Wilmington, MA, 01887, United States",Wilmington,
"Analog Modules, Inc.",1821,OEM Electronics for the detection and generation of Laser light. Including laser rangefinder and laser spot tracking receivers.,,,https://www.analogmodules.com,"Longwood, FL, 32750, United States",Longwood,
Andover Corporation,803,"Andover Corporation is a leader in the design and manufacture of optical filters and coatings, excelling in first-surface hard coat, assembled coatings, and hybrid solutions, with superior quality and short lead times.",,,https://andovercorp.com,"Salem, NH, 03079, United States",Salem,https://www.linkedin.com/company/Andover Corporation/
ANELLO Photonics,503,"ANELLO Photonics is creating navigation solutions for autonomy in GPS-Denied environments. ANELLO's Silicon Photonics Optical Gyroscope (SiPhOG) is a low-noise, low-drift optical gyroscope used for Inertial Navigation Systems to enable autonomy in Commercial and Defense applications across land, air and sea. ANELLO provides solutions for GPS-Denied Navigation. Tested. Proven. Deployed.",,,http://anellophotonics.com,"Santa Clara, CA, 95054-1806, United States",Santa Clara,https://www.linkedin.com/company/anellophotonics/
Apex Mobile Power,3611,"Apex Mobile Power (AMP) is a U.S.-based supplier in high-performance Li-ion battery packs and chargers. We specialize in custom packs in 1-20S that go beyond the basics - think waterproof, i-safe and drop-resistant. Our cutting edge-design and uncompromising quality set us apart - making AMP the go-to for devices that demand reliable, tough power.",,,https://apexmobilepower.com,"Atlanta, GA, 30328, United States",Atlanta,https://www.linkedin.com/company/apexmobilepower/
Applied Navigation LLC,1416,"Applied Navigation is a Washington-state company founded in 2016 by veterans of the UAS industry. We provide the Quattro Flight Management System (autopilot) that includes our proprietary guidance, navigation, and control software stack with support for fixed-wing, hybrid VTOL, helicopter and multirotor platforms.",,,https://www.appliednav.com,"Bothell, WA, 98021, United States",Bothell,https://www.linkedin.com/company/applied-navigation-llc/
Arete,1207,"Areté is an advanced science and engineering company that provides innovative solutions — from scientific discovery through production. Areté’s smart systems include active and passive sensors, real-time processing, software, and complex algorithms that operate from seafloor to space.",,,https://arete.com,"Falls Church, VA, 22042, United States",Falls Church,
"ASA (Aviation Supplies & Academics, Inc.)",2422,"Aviation Supplies & Academics, Inc. (ASA) has provided trusted aviation training products for more than 85 years to pilots, flight instructors, aviation mechanics, students, career aviators, and drone operators. ASA’s digital training solutions, and print and ebook publications are supported with integrity, consistency, a worldwide distribution.",,,https://asa2fly.com,"Kalamazoo, MI, 49007, United States",Kalamazoo,https://www.linkedin.com/company/asa2fly/
ASSURE,723,,amw1419@msstate.edu,,https://www.assureuas.org/,"Starkville, MS, 39759, United States",Starkville,
Athule,716,"Athule Aero is an aerospace engineering company focused on developing advanced propeller solutions. Their patented ""Double Break™"" propeller technology significantly reduces induced drag and propeller tip vortices, resulting in quieter and more efficient flight for various platforms. Headquartered in Waco, TX, Athule Aero offers customized propeller designs for optimal performance.",,,https://www.athule.com,"Waco, TX, 76708, United States",Waco,https://www.linkedin.com/company/athule-aero/
AV,416,"AV develops integrated defense technologies across air, land, sea, space, and cyber. With a national manufacturing footprint, deep innovation pipeline, and AI-enabled systems, AV delivers proven and future-defining capabilities at speed and scale. Trusted by U.S. forces and 55+ allied nations, AV has delivered over 42,000 uncrewed aircraft.",,,https://www.avinc.com,"Arlington, VA, 22202, United States",Arlington,https://www.linkedin.com/company/aerovironment/
AxEnd Inc,2537,"AxEnd, Inc. is a radar company based in Los Angeles. We are showcasing our drone detection radar for detection up to 3 miles. We are also showcasing our ultra light weight/ultra low power On Board Altimeter Radar for flight management and height detection, with accuracy down to the centimeter.",,,https://www.ax-end.com,"Redondo Beach, CA, 90278, United States",Redondo Beach,
Axiom Optics,403,"Axiom Optics has been a North American distributor of high-end optical instrumentation since 2010. We are a dedicated team of engineers from various backgrounds providing technical expertise, sales and support for customers. Our mission is to support researchers and engineers seeking solutions to the most important challenges of the 21st century.",,,https://www.axiomoptics.com,"Cambridge, MA, 02141, United States",Cambridge,https://www.linkedin.com/company/axiom-optics/
Barfield Inc.,2328,"Barfield, a US Subsidiary of Air France KLM Engineering & Maintenance (AFIKLM E&M), brings European advanced drone solutions to North America. The company is building, together with its partners and customers, a world to roll out proven, robust, cutting edge and competitive UAS solutions in a safe environment. Barfield markets and supports products",,,https://www.barfieldinc.com,"MIAMI, FL, 33142, United States",MIAMI,https://www.linkedin.com/company/375454/
Botlink,2202,"Packet Digital is an engineering and manufacturing company focused on UAS battery development and production. Packet Digital’s team has experience developing reliable, high-performance batteries and power systems for the world’s most demanding UAS applications. Also, Packet Digital is building a UAS battery cell manufacturing plant currently in ND.",,,https://www.packetdigital.com,"Fargo, ND, 58104, United States",Fargo,https://www.linkedin.com/company/packet-digital/
Bots Unlimited,3340,"Bots Unlimited exists to reduce the barrier of entry for tech startups and developers across a range of industries. We specialize in providing high-quality and innovative robotics solutions, automation technology, advanced image sensing modules, and connectivity modules - all at an affordable price point.",,,https://www.botsunlimited.com/,"San Antonio, TX, 78204, United States",San Antonio,https://www.linkedin.com/company/bots-unlimited/
Calian,1107,"Calian® is a developer, manufacturer, and provider of GNSS, Iridium antennas and accessories in support of our customers who are engaged in a broad range of satellite-based positioning, navigation, and data applications. Focused on high function, high performance technology and solutions, our core competencies include digital wireless networks, RF",,,https://www.calian.com/advanced-technologies/gnss/,"Ottawa, ON, K2M 1W8, Canada",Ottawa,
Canadian UAVs,2217,"Canadian UAVs is a full service RPAS provider focused on BVLOS operations in commercial, civil and military contexts. We produce the Sparrowhawk Radar which is a ground based airspace interrogation radar for BVLOS and Counter UAS. We also produce Tasker Fleet which is a Safety Management System for the conduct of RPAS activities.",,,https://www.canadianuavs.ca,"Calgary, AB, T2E 8M4, Canada",Calgary,https://www.linkedin.com/company/canadianuavs/
Carahsoft Technology Corporation,1021,"Carahsoft is The Trusted Government IT Solutions Provider®, supporting Federal, State and Local Government and Education and Healthcare organizations with IT products, services and training through our partners and contracts.",,,https://www.carahsoft.com,"Reston, VA, 20190, United States",Reston,
Castle Creations,921,"Castle Creations is a premier engineering and manufacturing company specializing in high-performance electronic speed controllers (ESCs) and brushless motors. Since 1997, the company has developed robust, innovative power systems for hobby, commercial, and industrial applications worldwide.",,,https://www.castlecreations.com,"Olathe, KS, 66062, United States",Olathe,
"Cervoz Technology Co., Ltd.",2233,"Cervoz is a Taiwan-based manufacturer of industrial-grade SSDs, DRAM and expansion cards for embedded systems. We offer data storage, memory, CAN, Ethernet, Wi-Fi and I/O solutions for uncrewed systems, including UAV, UGV and USV platforms, as well as robotics, industrial and defense applications.",,,https://www.cervoz.com/,"New Taipei City, --Please Select--, 23145, Taiwan",New Taipei City,
Cincinnati Sub-Zero,1111,"Cincinnati Sub-Zero has been a trusted environmental test chamber brand for over 80 years. These chambers include temperature, humidity, altitude, thermal shock, HALT/HASS, and vibration. Our product range spans from compact benchtop chambers to expansive walk-in and drive-in chambers, enabling from component analysis, assemblies and full vehichles",,,https://www.cszproducts.com,"Cincinnati, OH, 45241, United States",Cincinnati,https://www.linkedin.com/company/cincinnati-sub-zero/
Cofactr,2228,"Full-Service Electronics Procurement Cofactr is an AI-powered procurement and logistics service. We find parts and cut POs, with warehouses that store and kit your builds. You get full visibility, zero headaches.",,,https://www.cofactr.com,"Brooklyn, NY, 11206, United States",Brooklyn,https://www.linkedin.com/company/cofactr/
Commonlands Optics,3306,"Commonlands is a US based optics company providing M12 lenses, C Mount lenses, and camera modules. The company has domestic design and assembly of custom optics.",,,https://Www.commonlands.com,"San Diego, CA, 92111, United States",San Diego,
CompoundEye,902,"Compound Eye enables autonomous systems to navigate using only passive sensors. Our core technology provides 3D sensing & perception allowing machines to understand their surroundings in 3D & in real time. A complete multi-domain positioning and navigation solution with no LiDAR, no Radar, and no GPS. Zero signature. Zero infrastructure.",,,https://www.compoundeye.com,"REDWOOD CITY, CA, 94063, United States",REDWOOD CITY,
Connect Tech Inc.,2234,"Connect Tech is a global leader in embedded computing solutions for a wide range of industries, including aerospace, defense, automation, robotics, transportation, etc. Connect Tech supports today’s modern autonomous applications with leading-edge AI solutions used for augmented reality, identity management, correction of atmospheric turbulence, and more. As an NVIDIA® Jetson™ Elite Partner, Connect Tech products include small, low-power, ruggedized solutions for crewed and uncrewed applications. These compact and powerful edge devices can be deployed onto a range of vehicles providing real-time decision making at the tactical edge, designed to MIL-STD-810H, DO-160G for shock and vibration, and ingress protection up to IP68.",,,https://connecttech.com,"Guelph, ON, N1L 0H7, Canada",Guelph,https://www.linkedin.com/company/connect-tech-inc/
"Contromax Co., Ltd.",2101,"Contromax is a South Korea-based aerospace company specializing in electromechanical servo actuators for UAV, UAM, and defense applications. We provide reliable, high-performance actuation solutions through in-house design, manufacturing, testing, and quality assurance, supporting demanding aerospace and mission-critical systems.",,,https://www.contromax.com,"Daejeon, 34087, Korea, Republic of",Daejeon,https://www.linkedin.com/company/contromax/
CP Cases Inc.,1007,"CP Cases designs and manufactures high-performance, protective cases and racks used for transport, operation and storage of essential equipment in military and commercial applications.",,,https://www.cpcasesusa.com,"Frankford, DE, 19945, United States",Frankford,
CR Systems,401,"CR Systems develops and manufactures a wide range of electro-magnetics and motors designed in the US. The company builds custom propulsion solutions for uncrewed and autonomous systems in addition to production from a current catalog of over 20 different motor sizes perfect for groups 1 - 3, FPV, OWA, and heavy lift applications.",,,https://www.cr.systems,"Gold River, CA, 94062, United States",Gold River,https://www.linkedin.com/company/crsystems-usa/
Creopack,2326,Custom cases manufacturer,,,https://creopack.com,"Mont-Royal, QC, H4T1M4, Canada",Mont-Royal,
Custom Power,912,"Custom Power is a premier, custom battery pack and battery management designer and manufacturer, specializing in complex aerospace, defense, medical and industrial applications. We work with both primary and secondary chemistries and offer designs that meet regulatory requirements for UL, IEC, CE, CSA, and others, bringing our clients the broadest range of battery solutions. Our team is focused on BMS circuitry and enclosure design as well as cell qualification, and our processes consistently meet and exceed the most stringent requirements. Custom Power has ISO9001 & AS9100 certifications, and we are ITAR registered. Please see more information at www.custompower.com.",,,https://www.custompower.com,"Fountain Valley, CA, 92708, United States",Fountain Valley,https://www.linkedin.com/company/custompowerbattery/
Darley Defense,116,"You serve others. We serve you. Darley Defense provides the U.S. Federal Defense community with the highest quality technology and equipment solutions. For over 100 years and with the world’s most coveted supply partners, Darley has provided a complete line of unmanned systems, technology, equipment, and pumps.",,,https://www.darley.com/who-we-serve/defense/,"Itasca, IL, 60143, United States",Itasca,https://www.linkedin.com/company/wsdarley/posts/
DeTect Inc,1615,DeTect specializes in advanced 2D and True3D™ radar and remote sensing technologies. DeTect’s Beyond Visual Line of Sight (BVLOS) system is based on DeTect’s HARRIER Airspace Surveillance Radar technology and provides proven long-range airspace monitoring to extend UAS operations beyond visual line-of-sight (BVLOS).,,,https://www.detect-inc.com,"Panama City, FL, 32405, United States",Panama City,
Dewesoft,2416,"DEWESoft, offers a full suite of hardware for in-vehicle & lab applications. Scalable from 1-1000’s of channels our instruments are small USB & EtherCat devices, stand-alone battery-powered systems, rack-mounted configurations, & ruggedized field-ready solutions. Powered by DEWESoft X software.",,,https://www.dewesoft.com,"Whitehouse, OH, 43571-9697, United States",Whitehouse,https://www.linkedin.com/company/13051513/admfeed/posts/
DMR Technologies Inc,3009,"DMR Technologies is a U.S.-based industrial drone manufacturer headquartered in The Woodlands, Texas, with a regional office in Detroit and a manufacturing facility in Lafayette, Louisiana. Every system is built end-to-end in Lafayette — NDAA-compliant, deployed across America. DMR builds autonomous platforms for precision agriculture, industrial inspection, defense, and mobility, and STEM education.",,,https://www.dmrdrones.com,"Lafayette, LA, 70501, United States",Lafayette,https://www.linkedin.com/company/dmrdrones/
Domo Tactical Communications (DTC),1717,"DTC, a Codan company, delivers advanced mission-critical communications solutions to Military, Broadcast, Public Safety, Unmanned (UxV), Commercial, and NGO markets worldwide. Operating in over 150 countries, DTC provides regionally tailored systems backed by dependable local support to ensure operational success.",,,https://dtccodan.com,"Ashburn, VA, 20147, United States",Ashburn,https://www.linkedin.com/company/dtc-a-codan-company/
Doodle Labs,1410,"Doodle Labs is the #1 drone radio company. We specialize in designing the highest performance, industrial-grade wireless networking solutions for unmanned systems priced to scale with our customers. Our high throughput, long-range Mesh Rider® Radio solutions have been integrated by leading drone manufacturers across Commercial and Defense sectors",,,https://doodlelabs.com/,"los angeles, CA, 90292, United States",los angeles,https://www.linkedin.com/company/doodle-labs/
Echodyne,1407,"Echodyne, the radar platform company, is a U.S. designer and manufacturer of advanced radar solutions for defense, government, and commercial market applications. The company’s proprietary metamaterials electronically scanned array (MESA®) architecture is a rare breakthrough in advanced radar engineering. Echodyne’s innovative MESA radars use standard materials and manufacturing processes to shatter unit cost barriers for high performance radar. The result is a solid-state, low-SWaP, exportable, commercial radar with advanced software capabilities that delivers superior performance, unparalleled data integrity, and exceptional situational awareness. For more information, please visit: Echodyne.com.",,,https://www.echodyne.com/,"Kirkland, WA, 98034, United States",Kirkland,https://www.linkedin.com/company/echodyne/
Edge Vision Systems,717,Edge Vision Systems - Advanced low-light imaging sensors and camera modules used in aerospace and defense applications.,,,https://edgevisionsystems.com,"Santa Clara, CA, 95054, United States",Santa Clara,
EGI Battery,616,"EGI Battery designs advanced lithium-ion cells for UAVs, eVTOL, defense, and robotics. Our U.S.-based Atlasion™ silicon-anode NMC pouch cells deliver mission-critical performance with an NDAA-compliant supply chain. Authorized Americas distributor for Enpower Greentech.",,,https://www.egibattery.com,"Ann Arbor, MI, 48103, United States",Ann Arbor,https://www.linkedin.com/company/egi-battery/
Elsight,823,"Elsight's Halo is the mission-enabling layer for uncrewed systems across air, land, and sea - bonding cellular, satellite, and RF simultaneously into one resilient, intelligent link. Vendor-agnostic, 93g, and combat-proven across 500,000+ operational hours in the world's most demanding environments.",,,https://www.elsight.com/,"Ramat-Gan, 5252101, Israel",Ramat-Gan,https://www.linkedin.com/company/elsight/
EMBENTION SISTEMAS INTELIGENTES S.A.,1907,"Embention has been a pioneer in autopilots and safety-critical avionics for autonomous vehicles since 2007. The company leads the autopilot and component market for UAS and eVTOL, developing high-performance avionics for UAM in compliance with DO-178C, DO-254, and DO-160 standards for aircraft certification.",,,https://www.embention.com,"Alicante, Spain, 03114, Spain",Alicante,https://www.linkedin.com/company/embention/
Embry-Riddle Aeronautical University,3316,"Embry Riddle Aeronautical University is the world leader in aviation and aerospace higher education and provides a transformative educational experience through collaboration and teamwork; ethical and responsible behavior; and a culture of research and discovery. With campuses in Daytona Beach, Florida and Prescott, Arizona, and Worldwide online.",,,https://www.erau.edu,"DAYTONA BEACH, FL, 32114, United States",DAYTONA BEACH,https://www.linkedin.com/company/Embry-Riddle Aeronautical University/
"EnPower, Inc.",2436,"EnPower is one of the only end-to-end Li-ion cell manufacturers based in Indianapolis, with completely FEOC-free and NDAA-compliant supply chains and already in production. EnPower has over 60 MWh/y of pouch cell manufacturing capacity specifically for drones and other uncrewed systems.",,,https://www.enpowerinc.com,"Indianapolis, IN, 46256, United States",Indianapolis,
EOS of North America,3924,"EOS provides responsible manufacturing solutions via industrial 3D printing technologies to organizations around the world. Since 1989, EOS has shaped the future of manufacturing by enabling its customers to innovate and differentiate through expert guidance, technology and services, leveraging its end-to-end additive manufacturing (AM) industry partnerships. From strategy to education to production, EOS is the leading global partner for both metal and polymer AM solutions, accelerating time-to-market for its customers through high-quality production efficiencies and sustainable solutions.",,,https://eos.info,"Novi, MI, 48377-2978, United States",Novi,https://www.linkedin.com/company/eos/
"Epson America, Inc.",602,"Epson designs and manufactures compact, lightweight and high-accuracy Quartz-based MEMS inertial sensors and systems. Epson's IMUs are widely used in demanding applications ranging from precision agriculture auto-steering to spacecraft guidance and orientation, consistently besting the leading MEMS solutions with superior performance and value.",,,https://www.epson.com,"Los Alamitos, CA, 90720, United States",Los Alamitos,
ESRI,2722,,ademassimo@esri.com,,,"Redlands, CA, 92373, United States",Redlands,https://www.linkedin.com/company/groups/15886063/
Estone Technology,2325,"Estone Technology is a global ODM/OEM partner specializing in rugged computing and custom control systems for uncrewed, robotics, industrial, and medical applications. We design and manufacture rugged tablets, laptops, ground control stations, embedded computers, and intelligent HMIs, delivering complete engineering and production solutions.",,,https://www.estonetech.com/,"Holland, OH, 43528, United States",Holland,https://www.linkedin.com/company/estone-technology/
Evology Manufacturing,3729,The premiere Additive Manufacturing partner,,,https://www.evologymfg.com,"Waukesha, WI, 53186, United States",Waukesha,
Exel Composites,3427,"Exel Composites is a leading manufacturer of advanced composite solutions made with continuous manufacturing technologies, including pultrusion and pull-winding. With over 65 years of composites expertise, extensive R&D experience and factories around the world, including our U.S. site in Erlanger, Kentucky, we help customers replace traditional materials with lightweight, strong, durable and tailor-made composite solutions. Our products serve demanding applications across defense, aerospace, unmanned systems, energy, transportation and infrastructure. At XPONENTIAL, we are highlighting how composites can support the next generation of defense, unmanned, autonomous and advanced mobility systems.",,,https://exelcomposites.com/,"Vantaa, 01510, Finland",Vantaa,https://www.linkedin.com/company/exel-composites/
Exosens Imaging Belgium NV,708,"Exosens is a global high-tech company with 85+ years of expertise in electro-optical technologies. It develops and manufactures advanced imaging and detection solutions, including cameras, detectors and sensors. With 1,800+ employees, Exosens operates 11 R&D and production sites across Europe and North America.",,,https://exosens.com,"Leuven, 3001, Belgium",Leuven,
Exyn Technologies,1013,"Range is the defense-focused subsidiary of Exyn Technologies, a global leader in autonomous systems for GPS- and comms-denied environments. Powered by the ExynAI Level 4B autonomy stack and its proven LiDAR-based SLAM, the Range Autonomy SDK delivers secure, mission-ready autonomy across air, ground, and maritime platforms. Proven in 300+ high-stakes deployments, Range equips sUAS and UGV platforms in active DoD and UK MOD programs with next-generation autonomy—empowering uncrewed systems to operate with greater independence, precision, and resilience across all domains.",,,https://flyrange.com,"Philadelphia, PA, 19146-2842, United States",Philadelphia,https://www.linkedin.com/company/flyrange/
FIBERPRO INC,1008,"Since 1995, FIBERPRO, Inc., located in South Korea, has pioneered fiber optic-based gyroscope solutions, evolving from a single-axis gyroscope to a full-fledge inertial navigation system. Our cutting-edge technology guarantees 0.1º/h of high-precision bias instability products at affordable prices, delivered quickly.",,,https://www.fiberpro.com,"Daejeon, 34113, Korea, Republic of",Daejeon,https://www.linkedin.com/company/fiberpro-inc-/
"Foshan Top Technology Co.,Ltd",722,"Foshan Top Technology Co., Ltd. is an innovative enterprise specializing in the research, development, manufacturing, and application of high-performance lithium battery cells. We are committed to providing global customers with customized lithium battery solutions featuring high energy density, high safety, and reliable performance.",,,https://www.tuopu-top.com,"Foshan, 528300, China",Foshan,
Fotokite,2635,"Fotokite provides fully autonomous, tethered drone systems that deliver persistent, real-time aerial awareness for public safety, defense, and enterprise teams. Designed for rapid deployment with no piloting required with 1000+ systems deployed globally, Fotokite is proven in real-world operations and continues to drive innovation in the space.",,,https://www.fotokite.com,"Boulder, CO, 80301, United States",Boulder,https://www.linkedin.com/company/fotokite/
Frontier Precision,2209,"Frontier Precision Unmanned delivers a full range of uncrewed systems and services for professionals across industries. Our portfolio includes aircraft, sensors, ROVs, and other platforms, plus flight services, data capture and processing, program consulting, and nationwide training.",,800-359-3703,https://frontierprecision.com/,"Bismarck, ND, 58504, United States",Bismarck,https://www.linkedin.com/company/83918319/
FT Technologies,2314,"Proven for 25 years, FT Technologies manufactures the world's toughest wind sensors in the UK. Powered by exclusive Acu-Res® Technology, FT's compact, IP67-rated solid-state sensors deliver precise wind speed, direction, temperature, inclination, and pressure data with unmatched resistance to vibration, noise, EMI, and extreme environments.",,,https://fttechnologies.com/,"Sunbury-on-Thames, Surrey, TW16 7DX, United Kingdom",Sunbury-on-Thames,
Fuel Safe Systems,504,"For 35+ years, Fuel Safe Systems has been designing life saving high-performance safety fuel systems for a wide range of industries. Used for motorsports, aerospace, and defense applications, our products ensure highly volatile fuels and chemicals are protected in the event of a crash protecting personnel and mission critical equipment.",,,https://www.fuelsafe.com,"Redmond, OR, 97756, United States",Redmond,
"Gemfan Hobby Co.,Ltd",3313,"Professional drone propeller manufacturer, The business covers toy drone propellers, FPV drone propellers, film and television drone propellers, industrial drone propellers, and fixed-wing drone propellers. supporting OEM/ODM.",,,https://www.gemfanhobby.com,"Ningbo, 315000, China",Ningbo,
Ghost Robotics,2006,"Ghost Robotics designs and manufactures rugged, all-weather, and agile legged robots for defense, public safety, and industrial applications. Its flagship Vision 60 Q-UGV delivers autonomous or remote-controlled mobility in challenging environments, enhancing safety, security, and operational efficiency.",,,https://www.ghostrobotics.io,"Philadelphia, PA, 19112, United States",Philadelphia,https://www.linkedin.com/company/ghostrobotics/
"Glenair, Inc.",409,"Glenair is a leading manufacturer of cutting-edge connector technologies including both Mil-Spec qualified as well as commercial circular and rectangular connectors. All interconnect designs are available in environmental, filter, hermetic, and fiber optic configurations. Interconnect technologies may be supplied as either discrete components or integrated into turnkey assemblies. In addition to electrical and fiber optic interconnects, Glenair produces and supplies backshells, dummy stowage receptacles, protective covers, and shield termination designs in brass, aluminum, stainless steel, titanium, and composite thermoplastic. Glenair is also a market leader in flexible conduit / cabling systems and lightweight EMI/RFI braid for the milita",,,https://www.glenair.com,"Glendale, CA, 91201-2405, United States",Glendale,https://www.linkedin.com/company/glenair/
Global Aerospace,3428,"Global Aerospace has over a century of experience and powerful passion for providing aviation insurance solutions that protect industry stakeholders and empower the industry to thrive. We provide products and services for all areas of the drone industry, including operators, manufacturers and other companies in the risk chain.",,,https://www.global-aero.com,"Morris Plains, NJ, 07950, United States",Morris Plains,https://www.linkedin.com/company/global-aerospace/
GoEngineer,603,"GoEngineer is a leading value-added reseller and provider of engineering solutions, specializing in software, hardware, and services that support product design and manufacturing. With over 40 years of experience, collaboration and partnership remain at the heart of everything we do.",,,https://www.goengineer.com/,"Midvale, UT, 84047, United States",Midvale,https://www.linkedin.com/company/goengineer/
Goksal Aeronautics,916,,tolga@goksal.com.tr,,,"Istanbul, 34235, Turkiye",Istanbul,
Greene Rubber Company,3206,"Manufacturer of custom engineered fabricated & molded rubber components with a standard line of lightweight shock & vibration isolators specifically designed for UAV's. Other capabilities include thermal management solutions for camera sensors. Material suppliers include 3M, Rogers Corp, Parker EMG, Chomerics, St. Gobain and Panasonic PGS. ISO 9001",,,https://www.greenerubber.com,"Woburn, MA, 01801, United States",Woburn,https://www.linkedin.com/company/greene-rubber-companygreene-rubber-company/
Grepow Inc. DBA TATTU,2738,"Grepow Inc. is a leading manufacturer specializing in high-performance batteries and charging solutions for drones. Our Tattu brand offers customizable battery options across various chemistries for different applications, including agricultural spraying, aerial photography, delivery, and inspection drones.",,,https://genstattu.com,"Livermore, CA, 94551, United States",Livermore,https://www.linkedin.com/company/tattu-uav/posts/?feedView=alltattu-uav/posts/?feedView=allhttps://www.l/
Hargrave Technologies,2102,"Hargrave Technologies is a leading developer of UAS power electronics solutions, specialising in electronic speed controllers (ESCs) for driving brushless electric motors and power supply systems in the most demanding applications. Designed and manufactured in Australia, they offer NDAA-compliant options for all products.",,,https://hargravetechnologies.com/,"Bella Vista, NSW, 2153, Australia",Bella Vista,https://www.linkedin.com/company/hargravetechnologies/
Harwin,2214,"Harwin is a world-class original manufacturer of high-reliability connectors and board-level EMC shielding solutions. Flagship products such as the Datamate and Gecko high density connector ranges are suitable for harsh environments and able to withstand extreme vibration, shock and temperature.",,,https://www.harwin.com,"Salem, NH, 03079, United States",Salem,
Hascall-Denke,1216,"With over 40 years of experience, Hascall-Denke designs and manufactures reliable, field-tested, durable antennas that survive the harshest environments and conditions. We are the professional antenna provider for high-quality radio and communications equipment including marine, vehicular, base station, manpack, and tactical transportable radios.",,1-800-473-2139,https://www.hascall-denke.com,"Palametto, FL, 34221, United States",Palametto,https://www.linkedin.com/company/hascall-denke/
HBK,2517,"MicroStrain by HBK manufactures precision inertial sensing systems for control and navigation of autonomous systems. We get users up and running faster and with fewer headaches by providing easy-to-use sensing systems, software, and ROS drivers designed for quick setup and seamless integration into new and existing platforms. By prioritizing user-f",,,https://www.hbkworld.com,"Marlborough, MA, 01752, United States",Marlborough,
Hirth Engines GmbH,1009,"For over 100 years, Hirth Engines delivers high-performance two-stroke engines for UAVs and advanced mobility systems. Known for reliability, low weight, EFI, and modular design. Based in Germany and supported globally through Hirth Global Sales from Vienna Austria in the heart of Europe.",,,https://www.hirthengines.com,"Vienna, 1300, Austria",Vienna,
Hitec Commercial Solutions,917,"Hitec is the world leader in servo actuator manufacturing with in-house engineering and factory-owned operations that allow us to provide premium servos for a myriad of industries, while delivering unbeatable precision, strength and durability. Engineered and designed for the needs of Europe and the Americas, our non-Chinese manufacturing and revolutionary servo technologies have been providing customers with premium quality products, ultimate excellence in precision motion control solutions and unwavering support since1973. Whether you require off-the-shelf or purpose-built custom servos, Hitec is your solution.",,,https://www.hiteccs.com,"San Diego, CA, 92123, United States",San Diego,https://www.linkedin.com/company/Hitec Commercial Solutions/
Hollyway Group Pte.Ltd.,2025,next generation Drone Autonomy,,,https://hollywaytec.com,"Singapore, 409051, Singapore",Singapore,
Honeywell,2407,"Products and services from Honeywell Aerospace Technologies are found on virtually every commercial, defense and space aircraft, and in many terrestrial systems. The Aerospace Technologies business unit builds aircraft engines, cockpit and cabin electronics, wireless connectivity systems, mechanical components, power systems, and more.",,,https://aerospace.honeywell.com/,"Phoenix, AZ, 85034, United States",Phoenix,https://www.linkedin.com/company/honeywell-aerospace-technologies/
Hoodman Corporation,2928,"Hoodman Corporation makes tools that help drone pilots perform better in the field. Every pilot knows Hoodman orange drone landing pads keep the sand on the beach, off your lens and out of your UAV motors so you can fly another day. We also developed and supplied the US Army Toga Project with controller hoods to keep pilots stealthy on night OPS",,,https://www.HoodmanUSA.com,"Torrance, CA, 90501, United States",Torrance,
Hoverfly Technologies Inc.,619,"Hoverfly Technologies, Inc. is a U.S.-based defense technology company specializing in tethered unmanned aerial systems (TeUAS) that deliver persistent Intelligence, Surveillance, and Reconnaissance (ISR), network range extension, and counter-UAS capabilities.",,,https://hoverflytech.com,"Sanford, FL, 32771, United States",Sanford,https://www.linkedin.com/company/hoverfly/
HP Additive Manufacturing Solutions,3016,"HP Additive Manufacturing Solutions helps UAV teams design, iterate, and scale advanced aerial systems using industrial 3D printing. At XPONENTIAL, HP showcases how digital manufacturing enables lightweight, high-performance structures, consolidated assemblies, and production-ready parts built for demanding missions. Explore real-world UAV applications that demonstrate faster development cycles, scalable production, and reliable performance across uncrewed systems.",,,https://hp.com/go/3dprint,"Palo Alto, CA, 94304, United States",Palo Alto,https://www.linkedin.com/company/showcase/hpamsolutions-hp3dprinting/
HYFIX Spatial Intelligence,1016,"HYFIX is a U.S. based Semiconductor Company that develops Autonomous Systems Chips for the Unmanned Systems Market. HYFIX drone-on-a-chip platform integrates precise positioning, secure communications, flight control, and vision AI.",,,https://hyfix.ai,"Santa Clara, CA, 95054, United States",Santa Clara,
I-PEX USA LLC,2601,"I-PEX® is a global leader in high-performance connectors and precision-engineered solutions, backed by more than 60 years of expertise in ultra-precision manufacturing. As a partner in innovation, I-PEX is dedicated to delivering unmatched quality, reliability, and collaboration—striving to be the first choice for customers worldwide.",,,https://www.i-pex.com,"Austin, TX, 78759, United States",Austin,
IAI,622,"IAI’s TAMAM division is a global leader in advanced sensing and navigation, delivering mission-critical solutions across air, land and maritime domains. Combining EO/IR payloads and INS technologies, TAMAM provides precise, reliable performance, enabling superior situational awareness and operation in GPS-denied and challenging environments.",,,https://www.iai.co.il/,"HERNDON, VA, 20171, United States",HERNDON,
Ideal Aerosmith,2011,"Ideal Aerosmith supports the aviation, defense, space, automotive, energy and other industries with advanced inertial test systems, critical systems testing, modeling & simulation, and complex build-to-print projects. We ensure precise testing of systems, delivering cost-effective, high-quality solutions that enhance functionality and reliability.",,,https://www.ideal-aerosmith.com/,"Grand Forks, ND, 58201-6716, United States",Grand Forks,https://www.linkedin.com/company/ideal-aerosmith-inc./
Impac Systems Engineering,3213,"Impac Systems Engineering (ISE) is a Texas-based engineering services firm with over 41 years of experience delivering innovative solutions. Specializing in the specification, installation, and maintenance of top-tier additive manufacturing systems. Offering both metals and plastics, as well as post-processing equipment.",,,https://IMPACSYSTEMS.COM,"Temple, TX, 76504, United States",Temple,https://www.linkedin.com/company/impac-systems-engineering/
Impact Electronic Solutions,1618,"Impact ES is a vertically integrated EMS solution comprised of five companies located in the USA to support our worldwide customer base. We specialize in Design Engineering Services for software/firmware and electronics, Printed Circuit Board Assemblies, Fiber Optic Cables, custom Cable and Wire Harnessing and full box build enclosures.",,,https://impactelectronics.com,"Vancouver, WA, 98661, United States",Vancouver,
"IMSAR, LLC.",2217,"IMSAR is democratizing radar by making high-performance, multi-mode systems affordable and accessible. Our all-weather SAR technology is easy to integrate on manned and unmanned aircraft (Groups 1-5), complementing EO/IR and EW systems. With advanced software and integration on 100+ platforms, we make powerful radar simple to use and deploy.",,,https://www.imsar.com,"Springville, UT, 84663, United States",Springville,https://www.linkedin.com/company/imsar/
Inertial Labs Inc.,1212,"Leveraging over 25 years of industry experience, Inertial Labs is a leading designer and manufacturer of cutting-edge Inertial Measurement Units (IMUs), GPS-Aided Inertial Navigation Systems (INSs), and Attitude & Heading Reference Systems (AHRSs), and Navigation Solutions in GPS-Denied environments.",,,https://inertiallabs.com/,"Paeonian Springs, VA, 20129, United States",Paeonian Springs,https://www.linkedin.com/company/inertial-labs-inc/
Infinite Electronics,613,"Infinite Electronics is an American company that helps drone & UAV manufacturers accelerate prototyping, ensure mission-readiness, and build at scale with reliable, spec-compliant electronic components.",,,https://www.infiniteelectronics.com,"Irvine, CA, 92614, United States",Irvine,https://www.linkedin.com/company/infinite-electronics-inc./
Inside Unmanned Systems,919,"Inside Unmanned Systems provides actionable business intelligence to decision-makers and influencers operating within the dynamic global unmanned and autonomous vehicle community. Free subscriptions available to qualified readers who work in unmanned and autonomy-related organizations, research institutes, government agencies and the military.",,,https://insideunmannedsystems.com/,"Red Bank, NJ, 07701-2013, United States",Red Bank,https://www.linkedin.com/company/inside-unmanned-systems/
Intelligent Energy,702,"Intelligent Energy is a leader in hydrogen fuel cell technology, delivering zero-emission power for UAV and aerospace applications from 800W to 300kW. Our lightweight fuel cells enable fixed- and rotary-wing drones to fly for hours, not minutes, unlocking longer-range missions, greater productivity and industry-leading endurance.",,,https://www.intelligent-energy.com,"Loughborough, LE11 3GB, United Kingdom",Loughborough,https://www.linkedin.com/company/intelligent-energy/
ITT Cannon,1807,"Since 1915, ITT Cannon’s highly engineered interconnect solutions have been synonymous with innovation, reliability, and quality. From the invention of D-Sub and Micro connectors to our robust miniature high-density and high-speed connectors, our portfolio provides interconnect solutions for unmanned defense, aerospace, and space applications.",,,https://ittcannon.com,"Irvine, CA, 92618, United States",Irvine,https://www.linkedin.com/company/itt-cannon/
JDK Fly World Private Limited,2014,"JDK Drones is an advanced aerospace and autonomous systems company focused on designing, manufacturing, and deploying next-generation drone technologies. With a presence across North America, Europe, Asia, and emerging markets, JDK Drones delivers intelligent aerial solutions that empower industries worldwide—including defense, energy, infrastructure, agriculture, and smart cities.We combine innovation, precision engineering, and AI-driven intelligence to build scalable drone ecosystems—from manufacturing to real-world deployment. Military Grade: Built to withstand extreme conditions with military-grade components and reliability. Global Reach: Worldwide shipping and support with local service centers in major markets. 24/7 support Centers",,,https://jdkdrones.com,"Abhilene, TX, 79603, United States",Abhilene,
"Jenoptik Optical Systems, LLC",906,"Jenoptik designs and builds high-performance lenses, thermal cameras, imaging systems, microoptics, LEDs, and rangefinders for security, surveillance, and defense applications. Our products are used globally in UAV payloads, consumer electronics, security systems, and projection systems. ISO 9001:2015 and 13485:2016 Certified. ITAR registered.",,,https://www.jenoptik.us,"Jupiter, FL, 33478, United States",Jupiter,
KULR,801,"KULR creates innovative and safe batteries build on smart energy systems that turn great ambitions into action. Our core engineering technology domains across space, defense, and aerospace. We offer an extensive product and service portfolio designed to support all aspects of these core engineering technology domains.",,,https://kulr.ai,"Webster, TX, 77598, United States",Webster,
"Kutta Technologies, Inc.",914,"We are a trusted leader in providing safety-critical uncrewed systems software and products. We develop innovative and reliable Command, Control, and Communications (C3) software, components, and subsystems with autonomous applications for defense and national security customers.",,,https://www.kuttatech.com,"Phoenix, AZ, 85027, United States",Phoenix,
L&L Products,3621,"L&L Products combines expertise in materials science, engineering, and manufacturing process optimization to create unique, high-performance solutions. For nearly 70 years, our chemists, scientists, and engineers have helped make products lighter, stronger, and quieter.",,,https://llprodcts.com,"Romeo, MI, 48065, United States",Romeo,https://www.linkedin.com/company/l&l-products/
Lantronix,1122,"Lantronix (Nasdaq: LTRX) is a global leader in Edge AI and advanced computing solutions for defense and unmanned systems. The company develops high-performance embedded AI platforms that power next-generation drones, ISR applications and autonomous systems operating at the tactical edge. Its technologies enable real-time video processing, AI-driven target detection, autonomous navigation and secure mission-critical communications for aerospace and defense applications. With expertise in ruggedized, low-power edge AI computing, Lantronix helps customers accelerate development and deployment of NDAA-compliant autonomous drone platforms for defense, public safety and industrial missions.",,,https://www.lantronix.com,"Irvine, CA, 92618, United States",Irvine,
Leica Geosystems,3736,"With more than 200 years of history, Leica Geosystems, part of Hexagon, is the trusted supplier of premium sensors, software and services. Delivering value every day to professionals in surveying, construction, infrastructure, mining, mapping and other geospatial content-dependent industries.",,,https://shop.leica-geosystems.com/reality-capture/laser-scanners,"Alpharetta, GA, 30022, United States",Alpharetta,
"LEMO USA, Inc.",2702,"LEMO is a global leader in high-performance Push-Pull interconnect solutions, trusted across aerospace, defense, unmanned systems, robotics, and UxV applications. With over 75 years of innovation, LEMO connectors are engineered to perform in the harshest environments, from rugged avionics and autonomous vehicles to spaceflight systems and tactical communications. Their solutions provide superior EMI shielding, environmental sealing, and compact modular designs to meet strict SWaP-C requirements. LEMO offers custom solutions for data, power, signal, fiber optics, and hybrid systems. With over 90,000 connector combinations, LEMO delivers tailored interconnect solutions through a global network, over 100,000 customers in more than 80 countries",,,https://www.lemo.com,"Rohnert Park, CA, 94928, United States",Rohnert Park,https://www.linkedin.com/company/LEMO GROUP/
Lidwave Ltd.,621,"Lidwave's Odem is the first and only FMCW 4D LiDAR based on silicon photonics chip that measures range and instantaneous per-pixel velocity across any environmental conditions, without frame-to-frame motion inference. Odem is inherently immune to ambient light and sensor cross-talk, and keeps clean depth and velocity data through rain, fog and dust",,,https://www.lidwave.com,"Jerusalem, 9777019, Israel",Jerusalem,
LightWare LiDAR LLC,1707,"LightWare pioneers ultralight, high-performance LiDAR sensors for UAVs, UGVs, and IoT. Our microLiDAR® enables autonomous flight, SLAM, BVLOS, and obstacle detection. With 50,000+ sensors in 57 countries, we innovate in sensor fusion and GRF-series gimbal-integrated rangefinders.",,,https://www.lightwarelidar.cm,"Denver, CO, 80202-5428, South Africa",Denver,https://www.linkedin.com/company/lightwarelidar/
LightWare LiDAR LLC,1707,,simonnemogale@lightwarelidar.com,,,"Denver, CO, 80202, United States",Denver,https://www.linkedin.com/company/lightwarelidar/
"Linden Photonics, Inc.",1910,"Linden Photonics manufacturers a broad range of fiber optic, hybrid and copper tethers for drones, aerostats, underwater vehicles and other aerospace or land applications. Our tethers have been optimized for use in harsh applications requiring a rugged, durable cable. We also produce fiber optic packs for jam-proof drone communication.",,,https://www.lindencables.com,"Westford, MA, 01886, United States",Westford,https://www.linkedin.com/company/linden-photonics/
"LiquidPiston, Inc.",812,,kescribano@liquidpiston.com,,,"Bloomfield, CT, 06002, United States",Bloomfield,
Lockwood Aviation Supply,3239,Lockwood Aviation Supply is the number one Rotax Service Center in the USA. We can handle all of your Rotax Aircraft Engine needs from new engines and parts to all levels of service. Lockwood Aviation Supply has the largest inventory of genuine Rotax Aircraft Engine parts in stock and offers fast same day shipments.,,,https://lockwood.aero,"Sebring, FL, 33870, United States",Sebring,
M4 Engineering,1805,"Inventors, startups, companies, and government agencies work with M4 to solve their “unsolvable” problems and move their ideas from concepts to prototypes. M4 complements your in-house engineering resources with specialized knowledge & resources. M4 Phoenix Technology Works (M4 PTW) is AS9100 certified for composite parts and tooling manufacturing.",,,https://m4-engineering.com,"Long Beach, CA, 90807, United States",Long Beach,
Manufacturo,2036,Manufacturo www.manufacturo.com Silkline www.silkline.ai,,,https://www.manufacturo.com,"Brea, CA, 92821, United States",Brea,https://www.linkedin.com/company/manufacturo-com/
Materion Balzers Optics,2423,"Materion Balzers Optics delivers advanced optical coatings and precision optics tailored for defense, aerospace, medical, and industrial markets. Our cutting-edge solutions enhance performance, durability, and reliability in mission-critical environments. Discover how we support defense innovation at Xponential.",,,https://www.materion.com,"Westford, MA, 01886, United States",Westford,
MatterHackers,3323,"MatterHackers.com offers the largest selection of desktop and industrial 3D printers from all major brands, over 2,000 material varieties, and personalized virtual and in-person training, support, and security solutions to ensure you are safe and successful with your investment from your very first print.",,,https://www.matterhackers.com,"Lake Forest, CA, 92630, United States",Lake Forest,
"Maxon Precision Motors, Inc.",3317,,debora.setters@maxongroup.com,,,"Taunton, MA, 02780-7910, United States",Taunton,https://www.linkedin.com/company/maxongroupus/
"Micantis, Inc",2333,Micantis provides systems and support for battery quality control.,,,https://micantis.io,"Boulder, CO, 80304, United States",Boulder,
"Microhard Systems, Inc.",2417,"Microhard Systems specializes in the design and manufacture of long range robust wireless data solutions associated with all types of unmanned platforms (UAV, UGV and USV) for video, telemetry and real-time mission critical communication systems.",,,https://www.microhardcorp.com,"Calgary, AB, T3K 5P3, Canada",Calgary,https://www.linkedin.com/company/microhard-corporation/
MicroPilot,3216,"MicroPilot serves UAV manufacturers who maintain high standards for both the hardware they integrate into their systems and the software that drives them. Our customers require products that are reliable, scalable and customizable. We offer a family of lightweight UAV autopilots that fly fixed-wing, transitional, helicopter, and multi-rotor UAVs.",,,https://www.micropilot.com,"Stony Mountain, MB, R0C 3A0, Canada",Stony Mountain,https://www.linkedin.com/company/micropilot-inc/
MKS Servos,1708,"We have a line-up of over 100 in-house engineered and manufactured servo actuators, ranging from 5.5mm thick to 450 Kg/cm in rated Stall Torque. Our two product lines, • MKS servos are our high end servos that have been proven to be extremely reliable and a cost effective option in a large number of Unmanned Systems.",,,https://www.MKSservosUSA.com,"Houston, TX, 77027, United States",Houston,
ModalAI,3629,"ModalAI® accelerates autonomy by providing innovators with robot and drone perception and communications systems that are manufactured in the U.S.A. Our highly-integrated VOXL autopilots empower aerial and ground autonomous systems that digitally communicate, with low-latency, FPV and 5G cellular networks.",,,https://www.modalai.com,"San Diego, CA, 92121, United States",San Diego,
Motor-G LLC,1413,"Motor-G designs and manufactures high-performance brushless UAV motors for defense. Our locally produced, battle-tested motors reduce supply chain risks, ensure reliable and secure sourcing, and deliver consistent performance. We help defense manufacturers build dependable UAV systems with faster lead times and trusted propulsion solutions.",,,https://motor-g.com/en/,"Kyiv, 03056, Ukraine",Kyiv,https://www.linkedin.com/company/motor-g/
MP Antenna,107,MP Antenna is an antenna solutions manufacturer that specializes in the design and manufacturing of multi-polarized antennas. This type of antenna features a three-dimensional element design that incorporates built in Spatial and Polarization Diversity and improves wireless communications in any application. Our patented antennas outperform all oth,,,https://www.mpantenna.com,"Elyria, OH, 44035, United States",Elyria,
MyCaseBuilder,617,"MyCaseBuilder is the premier destination for custom foam inserts and case solutions, providing mission-critical protection for drones, robotics, autonomous systems, defense technology, and field equipment. We specialize in crafting tailored solutions that secure your valuable assets. Contact our team, or go to MyCaseBuilder.com to begin designing.",,,https://mycasebuilder.com/,"Paterson, NJ, 07504, United States",Paterson,https://www.linkedin.com/company/mycasebuilder/
NanoFlowX Inc.,1002,"NanoFlowX nanocoatings protect drones and robotics from rain, snow, dust, humidity, and corrosive environments with IP68-rated protection. Our non-masking, 5 sec dip 5 minute 80C heat cure process, replaces outdated conformal and Parylene coatings. Supporting all electronics to meet waterproofing requirements by commercial and defense agencies.",,,https://www.nanoflowx.com,"Carrollton, TX, 75006, United States",Carrollton,https://www.linkedin.com/company/nanoflowx/
"Nanomotion, Inc.",1312,"Nanomotion's Velox, gyro stabilized EOIR sensing payload is the most advanced small payload for flight and ground applications. The Velox is a 2 axis payload for day and night surveillance, providing exceptionally high dynamics (acceleration and velocity) for stabilized image acquisition to 80uradians and rapid panoramic image capture",,,https://www.velox-gimbals.com,"Ronkonkoma, NY, 11779, United States",Ronkonkoma,
Nanuk Gear Protection inc,2619,TBD,,,https://WWW.NANUK.COM,"Terrebonne, QC, J6Y1V2, Canada",Terrebonne,
NavtechGPS,2518,"NavtechGPS is a technology-driven small business with over 40 years of experience in GPS/GNSS and precise positioning technology. As a reseller of hundreds of GPS/GNSS-related products, NavtechGPS delivers innovative solutions for military, commercial and research COTS (commercial-off-the-shelf) integration projects.",,,https://www.NavtechGPS.com,"Seneca, SC, 29678, United States",Seneca,https://www.linkedin.com/company/NavtechGPS/
Near Earth Autonomy,3609,"Near Earth’s technology enables aircraft to autonomously take off, fly, and land safely, even without GPS. Their complete systems bridge the gap between aerospace and robotics, enhancing efficiency, performance, and safety for a wide range of aircraft, from small drones to large helicopters, in both the commercial and defense sectors.",,,https://www.nearearth.aero/,"Pittsburgh, PA, 15208-2517, United States",Pittsburgh,https://www.linkedin.com/company/near-earth-autonomy/
Neousys Technology,1516,"Established in 2010, Neousys Technology designs, manufactures, and markets innovative edge AI computing platforms and rugged embedded computers. We specialize in the thermal management and integration of high-computation-power CPUs and GPUs. Our proficiency in specialized I/O connectivity allows us to utilize various cameras and sensors to meet div",,,https://www.neousys-tech.com,"Wheeling, IL, 60090, United States",Wheeling,https://www.linkedin.com/company/Neousys Technology/
Nicomatic,2823,"Nicomatic, a leading manufacturer, excels in crafting standard and custom connectors, FFC cables, and snap domes designed for challenging environments. Our expertise lies in delivering innovative interconnect solutions, prioritizing design and manufacturing excellence. Committed to enhancing the customer experience, we consistently provide high-quality products to ensure maximum customer satisfaction.",,,https://www.nicomatic.com,"Horsham, PA, 19044, United States",Horsham,https://www.linkedin.com/company/nicomatic-americas/
North Dakota Department of Commerce,2211,"The North Dakota Department of Commerce leads efforts to attract, retain and expand wealth and talent. North Dakota Commerce is the state’s lead economic development agency, focused on attracting investment, supporting business growth, and advancing innovation. North Dakota is a recognized leader in UAS and autonomous technologies, offering a collaborative ecosystem that brings together industry, academia, government, and military partners. Home to the Northern Plains UAS Test Site, advanced beyond visual line of sight (BVLOS) capabilities, leading research institutions, and a business-friendly environment, ND provides the infrastructure, workforce, and partnerships needed to develop, test, manufacture, and scale autonomous systems.",,,https://www.commerce.nd.gov/,"Bismarck, ND, 58503, United States",Bismarck,https://www.linkedin.com/company/commercend/
Northern Plains UAS Test Site (NPUASTS),2111,"The Northern Plains UAS Test Site, an FAA- designated UAS Test Site, is a national leader in autonomous solutions and cutting-edge technology development. Our mission is to advance innovations that deliver tangible benefits to communities while ensuring the safe integration of unmanned aircraft systems (UAS) into the NAS with our Vantis system.",,,https://npuasts.com,"Grand Forks, ND, 58201, United States",Grand Forks,https://www.linkedin.com/company/NPUASTS/
Northwest UAV,3207,"Northwest UAV, the trusted leader in American-made UAV propulsion systems, has been engineering and innovating the future of unmanned power solutions for 20 years. Our reliable, cost-effective propulsion systems deliver unmatched capabilities, empowering our customers to tackle modern challenges, operate in demanding environments, and enhance mission flexibility with common fuel usage. We provide a unique ecosystem of UAV products, services, and partner solutions tailored to your project needs. Certified to AS9100-D and ISO 9001:2015 standards and DCAA compliant, NWUAV delivers unmatched performance to drive the future of unmanned systems. When you need to get in the air and stay there, you need NWUAV.",,,https://nwuav.com,"McMinnville, OR, 97128-8608, United States",McMinnville,https://www.linkedin.com/company/northwest-uav-propulsion-systems/
"NovAtel, Inc.",1517,"Hexagon | NovAtel is a global technology leader pioneering end-to-end solutions for assured autonomy and positioning on land, sea, and air. Our technologies focus on GNSS and INS (Inertial Navigation Systems), including global correction services, anti-jam and anti-spoofing technologies, and advanced algorithms for specialised applications.",,,https://novatel.com/,"Calgary, AB, T3K 2L5, Canada",Calgary,https://www.linkedin.com/company/novatel/
Octane Wireless,1210,,info@octanewireless.com,,,"Hanover, MD, 21076-3117, United States",Hanover,https://www.linkedin.com/company/pharad-llc/
Oklahoma State University,2409,"Oklahoma’s central location & outstanding flying weather are ideal for Aerospace/Unmanned activities. Our mix of terrain & testing capacity, premier university system & innovative companies is perfect for UAS R&D & manufacturing. The low cost of doing business, skilled workforce & incentives make it the perfect place to grow your business!",,,https://www.okcommerce.gov/,"Stillwater, OK, 74078-5014, United States",Stillwater,
Omnetics Connector Corporation,1109,"Omnetics manufactures and designs Micro, Nano, Hybrid connectors, back shells, wire harness and cable assembly solutions. These Mil-Spec based Micro-D (83513), Nano-D (32139), Circular, strip connector solutions aid the interconnect design requirements for communications, computing, high performance devices, increasing the number of contacts",,,https://www.omnetics.com,"Minneapolis, MN, 55433, United States",Minneapolis,https://www.linkedin.com/company/https://bit.ly/465aG74/
Orkid Tech,806,,aescobar@orkid.tech,,,"Doral, FL, 33178, United States",Doral,https://www.linkedin.com/company/lgp-aero/
OSI Electronics,901,"For over 35 years, OSI Electronics has provided Manufacturing Solutions of the highest quality, reliability, and customer support. We specialize in customized Manufacturing Solutions with the portfolio of services, capabilities, and factory locations needed to provide our customers with a competitive advantage in the global marketplace.",,,https://www.osielectronics.com,"Hawthorne, CA, 90250, United States",Hawthorne,
Overwatch Imaging,1018,Overwatch Imaging is an imagery intelligence technology company working to bring sensor autonomy to time-critical missions. Our Automated Sensor Operator (ASO) software and purpose-built Smart Sensors bring Superhuman Vision and Workload Reduction to users of real-time imagery intelligence systems.,,,https://overwatchimaging.com,"Hood River, OR, 97031, United States",Hood River,https://www.linkedin.com/company/overwatch-imaging/
"P-Duke Technology, Inc.",1314,"P-DUKE Technology is specialized in designing and manufacturing DC/DC converters (1W to 300W) and AC/DC power supplies (6W to 500W) with safety certification for ITE UL 62368-1 standards. With more than 30 years experience, our manufacturing facilities are also certified to the ISO 9001, ISO 13485 quality and ISO 14971 Risk Management System.",,,https://www.pduke.com/,"Diamond Bar, CA, 91765, United States",Diamond Bar,https://www.linkedin.com/company/P-DUKE POWER/
Panasonic Connect,711,"Panasonic Connect’s TOUGHBOOK rugged devices and mobile solutions empower workers everywhere. With unmatched durability, long battery life, reliable connectivity, and low failure rates, they deliver industry-leading service, support, and lower TCO—keeping teams productive no matter where work takes them.",,,https://connect.panasonic.com/en/,"Newark, NJ, 07102, United States",Newark,https://www.linkedin.com/company/https://www.showcase/5313310/admnotifications/shares/
Pelican Products Inc,713,"Pelican Products, Inc. is a global leader in designing and manufacturing high performance protective cases, coolers and lighting products.",,,https://www.pelican.com,"Torrance, CA, 90505, United States",Torrance,https://www.linkedin.com/company/pelican-products-inc-/
Pergam Technical Services,3737,Pergam flies Methane Detection Surveys. And reatil sales of hand held methant detection units.,,,https://pergamusa.com,"Renton, WA, 98057, United States",Renton,
"Phoenix Flight Industries, Inc.",2524,"Phoenix Flight Industries is pioneering the future of flight with hydrogen as clean, energy-dense fuel source that creates longevity and endurance in flight. Our drones have 3 flight configurations which give them the ability to fly between 1.5-5 hours depending on your needs. Whether your operations require surveillance, inspections, surveying, search & rescue, or security, our platform was built to be modular to suit any possibility as baseline. Come to the booth to learn more!",,,https://www.phoenixflightindustries.com,"Long Beach, CA, 90802, United States",Long Beach,https://www.linkedin.com/company/phoenix-flight-industries/
Plettenberg Elektromotoren GmbH & Co.KG,2001,"Plettenberg is the leading developer and manufacturer of tailored electric propulsion systems for the uncrewed systems market. We provide the best power-to-weight-to-robustness ratio and customize our motors to ideally match the mission profile of our customers. Our product portfolio comprises electric motors, ESC and starters/generators.",,,https://www.plettenbergmotors.com,"Baunatal, 34225, Germany",Baunatal,
PRECI-DIP SA,2027,"PRECI-DIP SA is a leading, global designer and manufacturer of precision machined electrical and electronic contacts, connectors, and interconnects, specializing in custom, high durability solutions for military, aerospace, and specialty industrial and medical applications, where performance is paramount.",,,https://www.precidip.com,"Delemont, Jura, 2800, Switzerland",Delemont,
ProximaVision Aerospace,413,"Founded in the year 2000, ProximaVision Aerospace™ specializes in the development and manufacturing robust, NDAA USA made tethered drones for mission critical defense, ISR and security applications. Our AIR READY™ platform offers persistent surveillance at an altitude up to 700 feet AGL, providing enhanced 30 mile line of sight situational awarenes",,,https://www.proximavision.com,"Clifton, NJ, 07014, United States",Clifton,https://www.linkedin.com/company/search/results/all/?keywords=proximavision%20aerospace&origin=RICH_QUERY_TYPEAHEAD_HISTORY&heroEntityKey=urn%3Al/
Qualcomm Inc.,720,"Qualcomm is a global computing leader at the center of the AI era, enabling intelligence to scale from the most personal devices to large scale infrastructure. We develop platforms and solutions that bring together advanced AI, high performance low-power computing, and industry leading connectivity. At Qualcomm, we are engineering human progress.",,,https://www.qualcomm.com,"San Diego, CA, 92121-1714, United States",San Diego,
"QUICKSET DEFENSE TECHNOLOGIES, LLC",1106,"Quickset Defense Technologies delivers rugged motion control and sensor integration solutions for defense and security operations. With 90+ years of experience, we provide precision pan-tilt positioners, military-grade tripods, camera surveillance systems, and tactical tracking solutions built to perform in the world’s harshest environments.",,,https://www.quickset.com,"Northbrook, IL, 60062, United States",Northbrook,https://www.linkedin.com/company/quickset-defense-technologies-llc/?viewAsMember=true/
Raise3D Technologies,3319,"Raise3D is a global provider of professional and industrial 3D printing solutions. Its portfolio includes FFF, DLP, and SLS technologies, covering from rapid prototyping to end-use production for reliable, scalable workflow. Key industries include manufacturing, automotive, aerospace, healthcare/medical, education, and consumer products.",,,https://www.raise3d.com/,"Houston, TX, 77477, United States",Houston,https://www.linkedin.com/company/raise3d-inc./
RAMPF Composite Solutions,3619,"RAMPF is your partner for reactive resin systems, advanced polymers, tooling solutions, metering and mixing systems and lightweight construction with composites. RAMPF Composite Solutions is a leading expert in the design, engineering, and manufacture of composites parts for the aerospace, autonomous systems, unmanned aerial vehicle, urban air.",,,https://www.rampf-group.com,"Burlington, ON, L7L 6A8, Canada",Burlington,https://www.linkedin.com/company/rampf-composite-solutions/
Rayfast USA,2419,"Rayfast USA is a global supplier of electrical interconnect solutions. we provide high quality components from industry leading supplier including TE connectivity, Carlisle, HellermannTyton, Eaton Souriau, and many other.",,,https://www.Rayfastus.com,"Indianapolis, IN, 46222, United States",Indianapolis,https://www.linkedin.com/company/rayfast/
RBC Bearings,1112,"Founded in 1919, RBC Bearings Incorporated is an international manufacturer and marketer of highly engineered precision bearings and products, which are integral to the manufacture and operation of most machines, aircraft, and mechanical systems, in order to reduce wear on moving parts, facilitate proper power transmission, reduce damage.",,,https://www.rbcbearings.com/,"Oxford, CT, 06478, United States",Oxford,https://www.linkedin.com/company/rbc-bearings/posts/?feedView=all/
"Real-Time Innovations, Inc.",1808,"RTI is the real-time data streaming company for intelligent distributed systems. RTI Connext® software is the critical nervous system for over 2,000 designs across Aerospace and Defense, MedTech, Automotive, and Robotics.",,,https://rti.com,"Sunnyvale, CA, 94089, United States",Sunnyvale,https://www.linkedin.com/company/rti/
"Real-time Robotics, Inc.",3236,"Real-time Robotics (RtR) is an NDAA-compliant UAV manufacturer delivering breakthrough productivity. Hera is the world’s only 1-4-30 drone (one backpack, four payloads, 30 lb lift). OmniSight gimbal works like a chameleon’s eyes, doubling FOV and data capture. RtR designs everything in-house and delivers all listed specs in real-world condition.",,,https://rtrobotics.com,"Castro Valley, CA, 94546, United States",Castro Valley,
RFHIC US,1012,"RFHIC US delivers Gallium Nitride (GaN) power amplifiers that drive radar, communications, aerospace, and autonomous systems. Our solid-state solutions offer high efficiency, reliability, and longevity, powering mission-critical applications from defense and electronic warfare to weather monitoring and satellite links worldwide.",,,https://www.rfhicusa.com/,"Morrisville, NC, 27560, United States",Morrisville,
Robin Radar Systems,213,"Our drone detection radars tackle elusive threats in an unpredictable world. With powerful classification and tracking technologies, they're made to provide the earliest possible warning of threats. Our 3D system, IRIS, combines powerful tracking and classification with easy deployment, seamless integration, and 360° coverage, even on the move.",,,https://www.robinradar.com,"Sterling, VA, 20166, United States",Sterling,https://www.linkedin.com/company/robin-radar-systems-b-v-/
Rock West Composites,3419,"Rock West Composites is an employee-owned enterprise that designs, develops, manufactures, and tests high-performance composite structures and assemblies for defense applications, uncrewed systems, and more. Solutions-focused, easy-to-buy, rapid development, globally competitive production. DCAA-approved rates, QMS AS9100D/ISO9001 certified.",,,https://www.rockwestcomposites.com/,"San Diego, CA, 92154, United States",San Diego,https://www.linkedin.com/company/rock-west-composites/
RPX Tech,115,"RPX Technologies, Inc. is a leading U.S.-based designer and manufacturer of cutting-edge sensor systems tailored for defense, government, and commercial applications. With a commitment to innovation and affordability, RPX revolutionizes the industry with its line of EmbIR long-wave infrared cameras for small UAVs.",,,https://www.rpxtech.com/uav-thermal-cameras.html,"Stillwater, OK, 74075-8528, United States",Stillwater,
Safran Electronics & Defense,2515,NA,,,https://safran-navigation-timing.com/,"WEST HENRIETTA, NY, 14586, United States",WEST HENRIETTA,
Saronic Technologies,1704,"Saronic builds autonomous maritime platforms designed to go where people shouldn't have to, protecting peace, securing free trade, and preserving freedom of movement across the world's most vital waters. By pairing advanced autonomy software with fast, scalable domestic manufacturing, we deliver highly configurable platforms that extend the reach,",,,https://www.saronic.com,"Austin, TX, 78742, United States",Austin,
SBG Systems North America,609,"SBG Systems is a leading supplier of miniature, high performance and innovative motion sensing solutions. SBG Systems offers a complete line of inertial sensors such as IMU, AHRS, and Inertial Navigation Systems with embedded GNSS (INS/GNSS). Our sensors are ideal for unmanned vehicle control, payload stabilization, and data georeferencing.",,,https://www.sbg-systems.com/,"Santa Ana, CA, 92704, United States",Santa Ana,https://www.linkedin.com/company/sbgsystems/
Scopito,2536,"Scopito revolutionizes visual inspections with its cutting-edge cloud-based platform, turning complex drone-captured data into actionable insights. Born from the power line industry, Scopito combines AI-driven analysis, seamless image processing, and customizable tools to empower clients worldwide.",,,https://www.scopito.com,"Arrhus, 8200, Denmark",Arrhus,https://www.linkedin.com/company/10834364/admdashboard/
Second Front,1023,"Fast-track your FedRAMP certifications, DoW and GovRAMP authorizations. FedRAMP Class A-Class D | DoW IL2-6+ | GovRAMP Low-High | UK MoD | NATO",,,https://secondfront.com,"Arlington, VA, 22203, United States",Arlington,https://www.linkedin.com/company/secondfront/
SECURE TEXAS ENTERPRISE PARTNERS (STEP),406,"STEP sits at the intersection of defense, dual-use technology, and U.S. industrial capacity at a time when all three are converging with unprecedented urgency and capital. We partner with companies developing critical technologies and work alongside them to solve the hardest phase of their lifecycle: scaling from prototype to production.",,,https://www.securetexas.com,"Houston, TX, 77056, United States",Houston,
Seek Thermal,2433,"Seek Thermal is advancing thermal imaging from the sensor level up. As one of the few companies worldwide capable of creating thermal sensors, we design, manufacture, and productize thermal technology in the USA, delivering reliable imaging solutions across a wide range of applications.",,,https://www.thermal.com,"Goleta, CA, 93117, United States",Goleta,
SEPAC,1120,"SEPAC designs and manufactures electromagnetic clutches and brakes for integration into applications across aerospace, defense, robotics, and space. With custom engineering support, fast turnaround, and a 98% on-time ship rate, SEPAC helps autonomous and uncrewed systems developers solve precision motion control and fail-safe braking challenges.",,,https://sepac.com,"Elmira, NY, 14901, United States",Elmira,https://www.linkedin.com/company/sepac-inc-/
Septentrio NV,1417,"Septentrio - part of Hexagon, designs and manufactures multi-frequency multi-constellation GPS/GNSS positioning technology for demanding applications. At the core of our receivers is the latest GNSS technology delivering reliable centimeter-level positioning. Our receivers are known for their outstanding performance, high level of security and resilience in challenging environments. That is why our products serve in safety-critical applications and are part of critical infrastructure around the world. Septentrio provides positioning solutions for industrial applications such as robotics, construction, survey and mapping, scientific, reference networks, maritime, logistics and unmanned aerial vehicles (UAVs) among others.",,,https://www.septentrio.com,"Leuven, Vlaams Brabrant, 3001, Belgium",Leuven,https://www.linkedin.com/company/37977/admfeed/posts/
SIC Marking USA,3728,"Manufacturing of laser, dot peen and scribe system for part identification",,,https://www.sicmarking.com,"Pittsburgh, PA, 15238, United States",Pittsburgh,
Sierra-Olympia Technologies Inc.,923,"Sierra-Olympia was founded in 1995 and is a leading developer of infrared thermal imaging camera modules. Our cameras are integrated into crewed and uncrewed ground or aerial vehicles, handheld portable and fixed mounted continuous monitoring systems. Our standard and high-definition thermal cameras are engineered with SWaP (size, weight and power)",,,https://sierraolympia.com/,"Hood River, OR, 97031, United States",Hood River,https://www.linkedin.com/company/sierraolympiatechnologiesinc/
Sightec,1906,"Sightec delivers combat-proven visual autonomy and navigation for UAVs operating in GPS-denied environments. Our technology enables reliable day-and-night navigation without reliance on GPS. Proven in thousands of operational deployments, Sightec brings scalable visual autonomy to unmanned platforms worldwide.",,,https://sightec.com/,"Ramat Gan, 5250606, Israel",Ramat Gan,
"SiLC Technologies, Inc.",1103,"SiLC Technologies Inc. designs and manufactures AI Eyeonic Vision Systems for perimeter security, industrial automation, robotics and mobility. For Perimeter Security applications, the company’s breakthrough Eyeonic Vista™ Vision System can identify and track people and objects at distances of more than one km. For robotics and factory automation applications, the SiLC Eyeonic Trace™ Line Scanner provides mm resolution at distances up to 10 meters. The Eyeonic Trace Scanner recently won the prestigious Automate Innovation award. Both products leverage SiLC’s unique FMCW LiDAR technology and provide high-resolution distance, velocity, and polarization intensity with every pixel. To learn more, visit www.silc.com.",,,https://www.silc.com,"Monrovia, CA, 91016, United States",Monrovia,
Silicon Sensing Systems Ltd,611,"Silicon Sensing Systems Ltd delivers high-performance MEMS inertial sensors and navigation solutions trusted in aerospace, defense, industrial automation, robotics, and autonomous systems. Visit us at XPONENTIAL 2027 to discover precision sensing technologies that enhance accuracy, reliability, and performance in demanding applications.",,,https://siliconsensing.com,"Plymouth, Devon, PL6 6DE, United Kingdom",Plymouth,
"Silvus Technologies, Inc.",2819,"Silvus is reshaping mesh networking for mission-critical unmanned systems across air, land & maritime. Blue UAS certified, StreamCaster MANET radios deliver resilient C2 and high-bandwidth video, voice & data with unmatched power, range, throughput, scalability & EW resilience. Powered by MN-MIMO waveform networks self-form & scale to 550+ nodes.",,,https://silvustechnologies.com/,"Los Angeles, CA, 90024, United States",Los Angeles,https://www.linkedin.com/company/silvus-technologies-inc./
"Simlat, Inc.",2017,"Simlat is a premier provider of cutting-edge training simulation solutions for Unmanned Aerial Systems (UAS) and drones sector. Our next-generation systems support training for any platform, payload, or mission, delivering an immersive and effective experience.",,,https://www.simlat.com,"Wilmington, DE, 19808, United States",Wilmington,https://www.linkedin.com/company/simlat_uas_training_simulation/
SINTRONES Technology Corp.,2534,"SINTRONES Technology Corp. provides rugged embedded computers and edge AI platforms for mission-critical applications. Our reliable, high-performance solutions support transportation, industrial automation, and other demanding environments.",,,https://www.sintrones.com/,"Zhonghe Dist., ???, 235024, Taiwan",Zhonghe Dist.,
SKYFALL INDUSTRIES,2806,"SkyFall is one of the biggest miltech manufacturer in Ukraine. The company's most well-known projects include the strike UAV Vampire, also known as ""Baba Yaga,"" which has been used in over 500,000 missions on the front line, and Shrike FPV drones, which have become the most widespread FPV drones in the russo-Ukrainian War.",,,https://skyfall.ua,"Kyiv, Ukraine, 04209, Ukraine",Kyiv,
SkyPower GmbH,1609,SKYPOWER stands for quality | reliability | delivery capacity | Leading manufacturer of 2-stroke combustion and wankel engines for unmanned aerial systems (UAS)| Made in Germany,,,https://skypower.online,"D-61350 Bad Homburg, Hessen, 61350, Germany",D-61350 Bad Homburg,https://www.linkedin.com/company/skypower-international-gmbh/
Smalley,1102,"Smalley is a renowned provider of high-quality retaining rings and wave springs. For over 100 years, Smalley has offered innovative solutions for various industries, including aerospace, medical, and automotive. Used in over 25,000 applications, Smalley’s parts are manufactured from our facility in Lake Zurich, Illinois.",,,https://www.smalley.com,"Lake Zurich, IL, 60047, United States",Lake Zurich,https://www.linkedin.com/company/smalley-steel-ring-co/
Sonetics,2926,"For more than 43 years, Sonetics has continuously innovated hands-free wireless headsets for clear, natural team communication. Our headsets improve drone operations by making communication between pilots and ground crews seamless to ensure each mission is successful.",,,https://Sonetics.com,"Lake Oswego, OR, 97035-5229, United States",Lake Oswego,https://www.linkedin.com/company/Sonetics/
Specialty Coating Systems,2203,"SCS is a world leader in Parylene, liquid, plasma, ALD and multilayer conformal coating services and technologies with 21 worldwide locations and 50+ years of experience. SCS coatings offer excellent moisture, chemical and dielectric barrier protection to components in the aerospace, defense, electronics automotive, and medical device industries.",,,https://scscoatings.com/,"Indianapolis, IN, 46278, United States",Indianapolis,https://www.linkedin.com/company/specialty-coating-systems-inc./
"Starling, Inc.",1802,"Pathfinder is a group one (13 lb.) Fixed-Wing Electric Vertical Take Off and Landing (FX-eVTOL) small Unmanned Aerial System (sUAS) with a 2.5-hour flight time and a maximum speed of over 100 mph that takes-off and land precisely back to a small ground station (less than 3 ft x 3ft) where its battery is automatically swapped in less than 40 seconds, before the Pathfinder can take-off again to another mission.",,,https://www.starling-systems.com,"Temecula, CA, 92590, United States",Temecula,
StellaTEST-NM,1845,,mgreifenberg@mdna.com,,,United States,,
"Stratasys, Inc.",202,"Stratasys: Advanced 3D Printing & Manufacturing for Aerospace and Defense Stratasys is a trusted manufacturing partner for leading aerospace, defense, and UAV companies. With over 30 years of experience, we provide cutting-edge additive and traditional manufacturing solutions to meet the industry's most demanding requirements. Our extensive capabilities include seven additive manufacturing technologies—FDM, PolyJet, SLA, SLS, SAF, P3, and MJF—powered by a fleet of over 200 industrial-grade 3D printers. From rapid prototyping to flight-ready production parts, we deliver high-performance components with precision, repeatability, and speed. ITAR-registered and AS9100- and ISO 9001-certified manufacturing",,,https://stratasys.com/,"Minnetonka, MN, 55343, United States",Minnetonka,https://www.linkedin.com/company/stratasys/
Sunhillo Corporation,3314,"Sunhillo's UAS Situational Awareness Solution Fuses multiple surveillance sources (Radar, ADS-B, UAS Tracking) to display the tracks on a single map or provide the data in various formats for distribution to a command center, ATC, or to integrate into other systems. ADS-B Receivers, Radar data acquisition, fusion, distribution, conversion, display",,,https://www.sunhillo.com,"West Berlin, NJ, 08091, United States",West Berlin,https://www.linkedin.com/company/sunhillo-corporation/
Suter Industries AG,816,"Suter Industries AG designs/produce UAV propulsion solutions in Switzerland. Current solutions include 2-stroke opposed cylinder air and water cooled engines that can operate on gasoline or heavy fuel (Jet A1, JP5, JP8). Gasoline engines include TOA288 17.6kW (23.9hp), TOW288 20.0kW (27.2hp), TOA330 21.5kW (29.2hp) and heavy fuel engine HF-TOA288-SDI 16.5kW (22.5hp).",,,https://www.uavpropulsion.aero,"Turbenthal, 8488, Switzerland",Turbenthal,
"Taizhou Daqian Zhijie Tech Co., Ltd",2733,"Taizhou Daqian Zhijie Tech Co., Ltd., Dianjing Mould’s wholly-owned subsidiary, develops propulsion systems for UAVs, eVTOLs, USVs and robots, manufacturing motors, ESCs and propellers. DK-P³ brand,24 experts,6 years R&D,300+ products for mapping,farming,logistics. Global standard/custom solutions boost low-altitude economy.",,,https://www.dawkin.com.cn//en/,"ZHEJIANG,TAIZHOU, 318020, China","ZHEJIANG,TAIZHOU",
"Taizhou Daqian Zhijie Tech Co., Ltd.",1223; 1323,"Taizhou Daqian Zhijie Tech Co., Ltd., Dianjing Mould’s wholly-owned subsidiary, develops propulsion systems for UAVs, eVTOLs, USVs and robots, manufacturing motors, ESCs and propellers. DK-P³ brand,24 experts,6 years R&D,300+ products for mapping,farming,logistics. Global standard/custom solutions boost low-altitude economy.",,,https://www.dawkin.com.cn//en/,"Zhejiang,Taizhou, 318020, China","Zhejiang,Taizhou",
"Taizhou Daqian Zhijie Tech Co., Ltd.",1223; 1323,"Taizhou Daqian Zhijie Tech Co., Ltd., Dianjing Mould’s wholly-owned subsidiary, develops propulsion systems for UAVs, eVTOLs, USVs and robots, manufacturing motors, ESCs and propellers. DK-P³ brand,24 experts,6 years R&D,300+ products for mapping,farming,logistics. Global standard/custom solutions boost low-altitude economy.",,,https://www.dawkin.com.cn//en/,"Zhejiang,Taizhou, 318020, China","Zhejiang,Taizhou",
Tausync Technology Inc.,2522,"A new paradigm for wireless data transmission technology. We believe most wireless link solutions today are using antiquated technology, and will be replaced by next-generation tech that will resemble the shift from dial-up to broadband. Tausync has created custom algorithms optimized for video/data transmission and a software defined radio (SDR) architecture built on our proprietary protocol. With this advanced technology combined with 50+ years in the wireless data transmission space at companies like AMD, Broadcom, ATI, etc. Tausync confidently outperforms current market leaders in link distance, reliability and bandwidth.",yan.li@taisync.com,,https://www.tausync.com,"San Jose, CA, 95131, United States",San Jose,
Technology Service Corporation (TSC),607,"TSC is an employee-owned, high-technology company engaged in providing its customers sensors, effectors, and solutions for the precision engagement, surveillance, and intelligence missions. For over 50 years, TSC has developed and manufactured technologies and products that detect, defend, and defeat threats to personnel and strategic resources.",,,https://tsc.com/,"Arlington, VA, 22202, United States",Arlington,https://www.linkedin.com/company/Technology Service Corporation (TSC)/
Tekdense Systems & Solutions Inc,1617,"Tekdense delivers low-SWaP, modular platforms that integrate high-performance compute and communications into deployment-ready systems for defense, aerospace, and autonomous applications.",,,https://Tekdense.com,"Pinecrest, FL, 33156-3733, United States",Pinecrest,
ThinkOrbital,2633,"ThinkOrbital's ThinkXT is a patented drone-to-drone X-ray imaging and material characterization system that significantly increases remote response options and capabilities for public safety and defense missions, as well as providing non-destructive testing and inspection capabilities for industrial and infrastructure applications.",,,https://thinkorbital.com,"Boulder, CO, 80303, United States",Boulder,https://www.linkedin.com/company/thinkorbital/posts/?feedView=all/
Titan Batteries,117,"Titan Batteries engineers NDAA-compliant battery packs for defense-grade drone programs. Custom development from the cell up — BMS, pack architecture, and full UN38.3 certification — built to AS9100 standards with complete serialization and traceability. COTS and fully custom solutions available.",,,https://Titanbatteries.com,"Pocatello, ID, 83201, United States",Pocatello,
tracetronic inc,701,"tracetronic inc delivers a modular framework with streamlined solutions for software test automation, execution, orchestration, and analysis for end-to-end software development. our solutions leverage AI for test development and the mass evaluation of results for highly complex software products.",,,https://www.tracetronic.com/,"TROY, MI, 48083, United States",TROY,
TrellisWare Technologies Inc,807,"TrellisWare Technologies is the trusted leader in resilient waveforms and interoperable tactical radios. We specialize in tactical communications technology and products for the U.S. Military and allied nations worldwide, providing everything from small form-factor radio products to fully integrated solutions, serving as a dedicated partner to warfighters and first responders.",,,https://www.trellisware.com/,"San Diego, CA, 92131, United States",San Diego,https://www.linkedin.com/company/trellisware-technologies/
Trimble Applanix,2636,"Trimble Applanix builds, delivers, and supports products and solutions designed specifically for the uncrewed aerial survey industry. Applanix Direct Georeferencing technology works with UAV mapping sensors – including cameras, Light Detection and Ranging (LiDAR), and hyperspectral sensors, to perform highly efficient and accurate mapping and surveying from a UAV. Direct Georeferencing drastically reduces or even entirely eliminates the use of Ground Control Points (GCPs), thus shortening both the flight and processing time required to generate final map products. To learn more about Trimble Applanix and our technology for UAVs visit our website at www.applanix.com",,,https://applanix.trimble.com/en,"Richmond Hill, ON, L4B3B3, Canada",Richmond Hill,
Tsang Yow Industrial Co Ltd,2003,Our People and Commitment to Quality Drive the Powertrain Component Industry We specializes in manufacturing transmission system components and assemblies for world-renowned companies. Our expertise and endeavor will make us your best strategic partner!,,,https://www.tsangyow.com.tw/,"Chiayi County, 621, Taiwan",Chiayi County,
TUALCOM,1209,,emre.yabaneri@tualcom.com.tr,,,"ANKARA, Turkiye",ANKARA,https://www.linkedin.com/company/tualcom/
Tulip Tech,2622,"Tulip Tech develops high-energy-density battery systems that keep uncrewed platforms in the air longer. Producing and delivering 100,000 battery packs per month consistently, we pair European engineering rigor with mission-proven reliability—helping drone makers push the limits of endurance, safety, and performance.",,,https://www.tulip.tech,"'s-Hertogenbosch, Noord Brabant, 5222 AM, Netherlands",'s-Hertogenbosch,https://www.linkedin.com/company/tulip-tech/
Tycho.AI,606,"Tycho.AI builds mission-critical autonomy software and mission-optimized compute hardware for unmanned systems in GPS-denied and comms-contested environments. Our edge-executable AI enables intelligent navigation and operation without remote control or persistent connectivity, allowing for fully autonomous high-speed and low-altitude operations.",,,https://www.tycho.ai,"Cambridge, MA, 02142, United States",Cambridge,https://www.linkedin.com/company/tycho.ai/
Tyto Robotics,2940,"Tyto Robotics offers advanced test equipment for UAVs and their components, including brushless motors, gas engines, and propellers. We provide thrust stands for propulsion testing, hardware and software for propeller balancing, and wind tunnels for complete drone characterization. Our tools help drones fly longer, farther, and more efficiently.",,,https://www.tytorobotics.com/,"Gatineau, QC, J8Y 3S2, Canada",Gatineau,https://www.linkedin.com/company/https://ca.tytorobotics/
u-blox AG,1116,"Bringing industry unrivalled precision. Where advanced GNSS modules meet next-level correction services. u-blox Locate u-blox is a global leader in automotive, industrial, and consumer markets, driving innovation through our cutting-edge positioning and short-range communication technologies.",,,https://u-blox.com,"Thawil, England, 8800, Switzerland",Thawil,https://www.linkedin.com/company/u-blox/
UAV Navigation-Grupo Oesía,1113,"UAV Navigation-Grupo Oesía is a private company specialized in the design of guidance, navigation and control solutions (GNC) for Unmanned Aerial Vehicles (UAVs) since 2004.",,,https://uavnavigation.com,"Madrid, 28703, Spain",Madrid,https://www.linkedin.com/company/uav-navigation/
UAV Propulsion Tech,817,"UAV Propulsion Tech is a US company located in Tampa, FL that markets advanced UAV technology from Germany, Switzerland, India, United Kingdom, USA, France, Spain, Estonia and the Netherlands into the global UAV market. These solutions include commercial off the shelf (COTs) and custom hardware solutions that are flying on several high-end global UAV platforms. UAV Propulsion Tech provides engines, servos, gyro-stabilized gimbals, pneumatic launchers, rescue/recovery parachutes, capacitive fuel/oil level & ultrasonic fuel flow sensors, MEMS-INS-GPS, Fuel Cells, DC motors/generator, micro turbines and autopilotss.",,,https://www.uavpropulsiontech.com,"Tampa, FL, 33606-2109, United States",Tampa,https://www.linkedin.com/company/schmidtproducts/
uAvionix Corporation,2827,"uAvionix develops, manufactures & delivers the world’s smallest/lightest/most-innovative avionics & connectivity solutions for safe, mission-critical crewed & uncrewed flight operations. Servicing customers globally, uAvionix is shaping the future of aviation communication, awareness, navigation & display for commercial, civil & defense customers.",,8448272372,https://www.uavionix.com,"Bigfork, MT, 59911, United States",Bigfork,https://www.linkedin.com/company/uavionix-corporation/
Uncrewed Systems Technology Magazine,2415,"Uncrewed Systems Technology magazine focuses entirely on the innovative engineering that's successfully pushing boundaries on land, at sea, in flight and even through the universe. Uncrewed Systems Technology is the first ever publication to focus entirely on providing independent coverage of the engineering at the heart of uncrewed vehicles.",,,https://www.uncrewed-systems.com,"Wedmore, Somerset, BS28 4EJ, United Kingdom",Wedmore,https://www.linkedin.com/company/uncrewed-systems-technology/
University of North Dakota,2009,UND is the Leader in National Security Research.,,,https://und.edu,"Grand Forks, ND, 58201, United States",Grand Forks,
"Unusual Machines, Inc.",2609,"Unusual Machines primarily serves the American drone industry by building and selling drone components. We expect demand for drones to continue to grow across all industries, including public safety, enterprise inspection, defense, and eventually drone delivery. While these industries are expanding, legislative changes like the American Securities Drone Act and conflicts like the one in Ukraine are creating significant changes in the manufacturing and supply chains for drones. Recently, the supply chains have been dominated by Chinese companies. We believe the shift toward American manufacturing will create significant demand for a non Chinese based supplier of drone components and represents an opportunity for us to rapidly grow.",tammy.weiss@unusualmachines.com,,https://www.unusualmachines.com,"Orlando, FL, 32811, United States",Orlando,https://www.linkedin.com/company/Unusual Machines/
UXV Technologies,1003,"UXV Technologies specializes in designing, developing, and manufacturing ground control stations (GCS), multi-sensor payloads featuring advanced edge-computing capabilities, and other innovative technologies tailored for defense robotics and unmanned systems.",,,https://www.uxvtechnologies.com/,"Ishoej, 2635, Denmark",Ishoej,
"VECOW CO., LTD.",3222,"Vecow is a team of embedded computing professionals delivering rugged Edge AI platforms. We offer high-performance solutions tailored for AMRs, UGVs/UAVs, Smart Logistics, and Defense applications. Powered by advanced AI accelerators and fanless designs, Vecow delivers extreme reliability in harsh environments to empower next-gen autonomy.",,,https://www.vecow.com,"New Taipei City, 235045, Taiwan",New Taipei City,
Vectoflow GmbH,822,"Vectoflow designs and manufactures innovative flow measurement solutions for UAVs & aerospace. Our product portfolio includes air data probes, ADCs, smart ADPs with integrated electronics and turn-key solutions for aerodynamic and thermal testing — all developed using precision additive manufacturing.",,,https://vectoflow.com,"Gilching, 82205, Germany",Gilching,https://www.linkedin.com/company/vectoflow/
VectorNav Technologies,1607,"At VectorNav Technologies, we’re solving the world’s most daring inertial navigation challenges across military, aerospace, marine, and robotics. We design and develop industry-leading inertial sensors coupled with advanced navigation algorithms to deliver unmatched performance at an unheard-of low Size, Weight, Power, and Cost (SWaP-C).",,,https://www.vectornav.com,"Dallas, TX, 75238, United States",Dallas,
VersaLogic Corp.,709,"VersaLogic delivers state-of-the-art embedded computers built to meet industry standard specifications. Featuring long-term availability, -40° to +85°C operation, MIL-STD-202 shock & vibe testing – ideal for critical applications that value ruggedness, reliability, and long life. US Made, Designed, and Supported. ISO 9001:2015 / AS9100D certif",,,https://www.versalogic.com,"Tualatin, OR, 97062, United States",Tualatin,https://www.linkedin.com/company/versalogic-corporation/
Videology Industrial-Grade Cameras,2303,"Videology designs and manufactures industrial-grade cameras and embedded imaging solutions for autonomous and uncrewed systems. Our portfolio supports AI at the Edge, real-time video streaming, and rugged deployment across defense, robotics, inspection, and mobility applications.",,,https://www.videologyinc.com/,"Mansfield,, MA, 02048, United States","Mansfield,",https://www.linkedin.com/company/videology-industrial-grade-cameras/
Videosoft Global Ltd.,813,"Videosoft Global’s encoding and transmission software provides mission-critical, real-time video streaming over wireless networks including Mesh, Cellular and low-bandwidth satcom. Designed for drones, USVs, remote sites, vehicles, and personnel, our dynamic compression software ensures dependable, low-latency video is transmitted in real time, even when connectivity is limited or variable. From standalone software components to full end-to-end solutions, Videosoft can be deployed across multiple use cases and integrated with industry-recognized leading hardware solutions, offering a range of applications. Trusted by global agencies, security forces, and industry partners, Videosoft delivers real-time video when you need it most.",,,https://www.videosoftglobal.com,"London, N1 7GU, United Kingdom",London,https://www.linkedin.com/company/videosoftglobal/
VISIONAIRtronics GmbH,1011,,tschida@vat.aero,,,"Illmitz, 7142, Austria",Illmitz,https://www.linkedin.com/company/visionairtronics/
Volarious,404,"Volarious.com offers cutting-edge drone tether systems that enable extended flight time, stable power delivery, and enhanced safety for professional drone operations in surveillance, inspection, and events.",,,https://volarious.com,"Singapore, 575625, Singapore",Singapore,https://www.linkedin.com/company/volarious-tethered-drone-systems/
Volz Servos GmbH,1809,"Volz Servos has more than 40 years of experience in the development, manufacture and supply of standard, redundant and submersible actuators for a wide range of applications - from medical technology and robotics to AAM and UAV - and has made a name for itself that customers around the world rely on today. Volz Servos offers solutions that meet the highest standards of functional safety and reliability and are perfectly tailored to the needs of aviation big players such as BETA, Zipline or Thales. Since the incorporation of AEE Aircraft Electronic Engineering GmbH, an EASA-approved production (Part 21G), maintenance (Part 145) and alternative development organization (Part 21O), the know-how of the medium-sized company has been expanded to",,,https://www.volz-servos.com/,"Offenbach, Hessen, 63073, Germany",Offenbach,https://www.linkedin.com/company/phillipp-volz/
Whelen Aerospace Technologies,2136,"Whelen Aerospace Technologies designs and manufactures advanced lighting solutions for crewed and unmanned aircraft. We also provide contract manufacturing services, delivering precision engineering and high-quality manufacturing for aerospace and defense customers.",,,https://flywat.com/,"Sebastian, FL, 32958, United States",Sebastian,
"WindShape, Inc.",2334,"Founded in 2016, WindShape develops cutting-edge wind and weather simulation technology. We now provide advanced drone testing services in controlled and repeatable environments. Trusted by research labs, drone manufacturers, certification bodies, and public agencies worldwide for performance, endurance, and qualification testing.",,,https://www.windshape.com,"Tulsa, OK, 74127, United States",Tulsa,https://www.linkedin.com/company/windshape/
Winmate US,1920,"For more than 28 years, Winmate Inc. has been the global leader in developing advanced rugged, mobile technologies for industries operating in the most challenging environments. These include warehouse/ logistics, Infrastructure, Healthcare,Automotive Industry, Marine, Defence, Food & Chemical Industry and industry Automation.",,,https://www.winmate.com,"Smyrna, GA, 30080, United States",Smyrna,
wolfSSL,1006,"wolfSSL is the leader in FIPS 140-3, post quantum encryption for CNSA 2.0, secure boot, TLS, SSH. We also support full DO-178 DAL A for safety critical unmanned systems. Our products are engineered to mitigate both internal and external cyber threats to keep your systems operational and under your control.",,,https://https:wolfSSL.com,"Edmonds, WA, 98020, United States",Edmonds,https://www.linkedin.com/company/wolfssl/
Wus Printed Circuit Co. Ltd.,2128,"Wus Printed Circuit Co. Ltd. (Wus Taiwan), established in 1972 in Taiwan by the late Mr. L.K. Wu, proudly bears his surname (Wu), symbolizing his unwavering commitment to excellence and dedication to his employees. Since its founding, the company has been manufacturing printed circuit boards (PCBs) and was listed on the Taipei stock market in 1991.",,,https://www.wus.com.tw,"Irvine, CA, 90603, United States",Irvine,
XTEND Reality Inc.,1019,"XTEND CREATES AI ROBOTIC FORCES GUIDED BY REMOTE HUMAN OPERATORS. We specialize in advanced robotics and AI-driven systems that empower operators to carry out complex missions from a safe distance — with precision, efficiency, and minimal risk to personnel.",,,https://www.xtend.me/,"Tampa, FL, 33610, United States",Tampa,https://www.linkedin.com/company/xtend-xr/posts/?feedView=all/
"Zarges, Inc.",501,"ZARGES, an 90 year-old company manufactures UN-certified, IATA, 49CFR, and IMDG-compliant shipping and storage cases which can be used for Li Ion batteries in all stages of battery life. Design methods allow for OEM custom case sizing to protect UAVs, AUVs etc. as well as customized inner packaging configurations for one or more batteries.",,800-357-6285,https://www.zargesusa.com,"Charlotte, NC, 28217, United States",Charlotte,https://www.linkedin.com/company/zarges/
"Zephyrs Ai, Inc",2724,"RF communication based relative positioning system that guides drones to ½ inch positional and 0.1° angular accuracy in terminal airspace—independent of GNSS and vision. It transforms UAV from standalone autonomous units into coordinated, networked systems with seamless performance and control, in the meanwhile eases public concerns about privacy.",,,https://www.zephyrsai.com,"San Marino, CA, 91108, United States",San Marino,
