exhibitor_name,domain,contact_number,mail,location,country,company_name,booth,description,city,linkedin_url
"""IEMME S.R.L."" PIU'",,+390248926382,,"Via Germania 2, 20083, Gaggiano MI, Italy",Italy,"""IEMME S.R.L."" PIU'",F22,"A Global Leader in Professional Haircare Established in 1987, Intercosmetics Milano (IEMME srl) is an indipendent family...",Gaggiano MI,
"""SIVOP"" Parfums Et Cosmetiques",sterlingparfums.com,+22523515300,anabela.morgado@sppcparfums.com,"01 BP 2085 Abidjan Yopougon, 01, Abidjan, Côte d'Ivoire",Côte d'Ivoire,"""SIVOP"" Parfums Et Cosmetiques",A28,"With 39 years of experience, SIVOP has firmly established itself as an indispensable player in the cosmetics and perfumes...",Abidjan,
"""Syren"" Limited Liability Company",syrenaroma.com,+971556764240,info@syrenaroma.store,"Tynistanova Str 189A, 720040, Bishkek, Kyrgyzstan",Kyrgyzstan,"""Syren"" Limited Liability Company",G31,"SYREN (syrenaroma.com) is an international fragrance manufacturer and wholesale supplier, officially registered in Kyrgyzstan...",Bishkek,
2H Trading & Supplies,,+2022741053,hosamshalaby@2hcompany.com,"AB. Al Hamed Shoman St., Nasr City 5, 11511, Cairo, Egypt",Egypt,2H Trading & Supplies,H20,"Ever Pure Egypt is a trusted name in beauty and personal care, offering high-quality haircare, skincare, and bodycare products...",Cairo,
4CS Distribution,,+3333610254054,ronald@4cs-distribution.com,"De 26 Rue, 75009, Paris, France",France,4CS Distribution,D11,,Paris,
A A S A Plastic Industries L.L.C,aasaplastic.com,+97142610786,,"97711, United Arab Emirates",United Arab Emirates,A A S A Plastic Industries L.L.C,G26,,,
A R ATTARWALA,wa.me,+919022786777,ibrahim@almasperfume.com,"Shaikh Memom Street, 325, 400002, Mumbai, India",India,A R ATTARWALA,C28,"AR Attarwala, established in 1925, is a fourth-generation Indian manufacturer and exporter specializing in fragrance oils...",Mumbai,
A to Z Beauty LLC,beautyandperfumeintl.com,+1650-781-5815,danit@cliganic.com,"N Barranca Ave 440, 91723, Covina, United States",United States,A to Z Beauty LLC,H25,,Covina,
A Zure Biotech Inc,azure-biotech.com,+1917-929-6997,arzurebio@126.com,"Congress Avenue, 78701, Austin, United States",United States,A Zure Biotech Inc,H26,,Austin,
A.R.K Perfumes and Cosmetics Trading,khadlaj-perfumes.com,+971506874844,khalid@rayhaanperfumes.com,"Al Fahidi, 16878, Dubai, United Arab Emirates",United Arab Emirates,A.R.K Perfumes and Cosmetics Trading,"A10, B32","A.R.K. Pefumes and Cosmetic Trading are the brand owners of Rayhaan perfumes, one of the fastest growing perfume brand globally...",Dubai,
AAL JAAFAR TRADING LLC/STARMAXX/SERENITE,,,mani@starmaxxgroup.com,"Street, Oudh Mehta Road 2nd, 2985, Dubai, United Arab Emirates",United Arab Emirates,AAL JAAFAR TRADING LLC/STARMAXX/SERENITE,F19,AAL JAAFAR TRADING LLC Is the Master Distributor for SERENITE Professional and STARMAXX Products in UAE.The company currently...,Dubai,
AALAM AL ZAAFRAN PERFUMERY L.L.C,asperfumery.com,+97142727722,casiosaadat@gmail.com,"3428, United Arab Emirates",United Arab Emirates,AALAM AL ZAAFRAN PERFUMERY L.L.C,A26,,,
AARAV Fragrances & Flavors Private Limited,aarav.co,+912241130200,khushnuma.shaikh@aarav.co,"A152/A153, Rd. No 25 Wagle Ind Area, Thane, 400604, Mumbai, India",India,AARAV Fragrances & Flavors Private Limited,C12,Great Place to Work® Certified 2026 & 2025 | India’s Best Workplaces™ in Chemicals 2026 | EcoVadis 2026 & 2025 |The Great...,Mumbai,
Abacosm Ltd,,+302109765002,info@abacosm.gr,"21 Sardeon STR, 172 37, Athens, Greece",Greece,Abacosm Ltd,B12,,Athens,
ABC Fragrances,abcfragrances.com,+97142264639,info@abcfragrances.com,"Al Garhoud, Dubai, United Arab Emirates",United Arab Emirates,ABC Fragrances,,ABC Fragrances Crafting Fragrances Since 1964 WHO WE ARE The ABC Group of Companies was established in 1964 with a vision...,Dubai,
Abdos Lamitubes Manufacturing LLC,abdolamitubes.com,+971552850082,raj.kamal@abdoslamitubes.com,"Al Ethihad Road, Umm Al Quwain, United Arab Emirates",United Arab Emirates,Abdos Lamitubes Manufacturing LLC,B11,We are UAE based manufacturer of tubes making Plastic Barrier Laminated (PBL) and Aluminium Barrier Laminated (ABL) tubes...,Umm Al Quwain,
Abdul Mateen Dhamma Perfumes Industry LLC,khadlaj-perfumes.com,+97143477557,,"12943, United Arab Emirates",United Arab Emirates,Abdul Mateen Dhamma Perfumes Industry LLC,C24,"We offer a complete solution, from developing the Fragrance to designing, manufacturing, and the required logistics support...",,
"Abely Cosmetics Co., Limited",abelypackaging.com,+8613751817576,abelyperfumes@gmail.com,"Fayuen St 2- 16, Hong Kong, China",China,"Abely Cosmetics Co., Limited",D36,Our Heritage: A Foundation Built on Excellence Founded on the principle that exceptional fragrance deserves exceptional presentation...,Hong Kong,
Abhinav Perfumers,abhinavperfumers.com,+919727870918,abhinav@abhinavperfumers.com,"G-106, Lodhika, GIDC, Kalawad Road 106, 360021, Rakjot, India",India,Abhinav Perfumers,C09,"We craft the most distinct and recognizable fragrances that can be extensively used in Fine Fragrance, Personal Care & Beauty...",Rakjot,
ACO Perfumes and Cosmetics LLP,khadlaj-perfumes.com,,abunasar@ffperfumes.com,"Bellasis Road, Opp Cipla Pharmaceutical, 400008, Mumbai, India",India,ACO Perfumes and Cosmetics LLP,H25,"Aco Perfumes & Cosmetics LLP, the Indian arm of The Attarwala Group, is a privately held conglomerate with diversified operations...",Mumbai,
Activilong Paris,pariscorner.ae,+33607524823,ocheffre@labomai.com,", Ave. du Montboulon 2, 77165, Saint Soupplets, France",France,Activilong Paris,D11,"Activilong is a family brand expert in textured hair, created in 1983 by Professional Hair Stylist Yannick Cheffre. All of...",Saint Soupplets,
Addoony Cosmetics Trading,addoony.com,,addoony@addoony.com,"Al Markhiya St., Doha, Qatar",Qatar,Addoony Cosmetics Trading,B09,"Addoony Beauty is a Qatari beauty brand established in 2018, creating high-quality makeup designed to combine modern luxury...",Doha,
Adene Perfumes & Cosmetics Trading L.L.C.,khadlaj-perfumes.com,+971552266112,admin@adenetrading.com,"B2B Tower Business Bay, 390350, Dubai, United Arab Emirates",United Arab Emirates,Adene Perfumes & Cosmetics Trading L.L.C.,G27,,Dubai,
Adhespack Ind. Com. Imp. e Exp. Ltda,,+551196184-5593,sergio.picciarelli@adhespack.com.br,"Rua dos Inocentes, 292 Socorro, 04764-050, São Paulo, Brazil",Brazil,Adhespack Ind. Com. Imp. e Exp. Ltda,M12,,São Paulo,
"Aekyung Industrial Co., Ltd.",aekyung.co.kr,+822-768-2188,huikyung.kim@aekyung.kr,"Yanghwa-ro, Mapo-gu, 04051, Seoul, Korea, the Republic of (South)","Korea, the Republic of (South)","Aekyung Industrial Co., Ltd.",C20,"[Company Introduction]Aekyung Industrial began as Aekyung Oil and Fat Industry Co., Ltd. in 1954 based on the corporate philosophy...",Seoul,
Aff Aromatics PVT LTD,affarom.com,+913322834642,info@blueglobalfze.com,"Shakespeare Sarani 45, 700017, Kolkata, India",India,Aff Aromatics PVT LTD,C11,AFF Aromatics Pvt. Ltd. is a family owned creative Fragrance House with a history nearing 80 years. The company is committed...,Kolkata,
Afnan Perfumes LLC,afnanperfumes.com,+97167474441,marketing@afnan.com,"7771, United Arab Emirates",United Arab Emirates,Afnan Perfumes LLC,L11,"Afnan Perfumes, founded in 2007 by Imran Fazlani, is a UAE-based international fragrance brand celebrated for its premium...",,
Afrolatam Wax Trading LLC,wa.me,+971522107592,nooshin@nnc-chem.com,"79188, United Arab Emirates",United Arab Emirates,Afrolatam Wax Trading LLC,F09,,,
AFURO TECH LTD.,,+8618565830919,davidhuang2021@outlook.com,"3A902,Hengyi Tech Zone, 528200, FOSHAN, China",China,AFURO TECH LTD.,D43,,FOSHAN,
AG Poly Packs,agpolypacks.com,+919891832327,aditya@polypacks.com,"245304, India",India,AG Poly Packs,G10,"AG Poly Packs: Packaging Possibilities, Made for Beauty With 3+ decades of packaging expertise, 4,500+ brands served and...",,
Agarwal Herbal Products,wa.me,+918433992045,exportsales@agarwalherbalproducts.com,"Plot No 4&6 Opp CIDCO Exhibition Center 1404, 14Th, 400703, Navi Mumbai, India",India,Agarwal Herbal Products,D41,Since 1997 Agarwal Herbal Products has earned a reputation for excellence in the international market. We are proud to be...,Navi Mumbai,
AGI Greenpac Limited,agigreenpac.com,+917093790101,shailendra.tiwari@agi-glaspac.com,"Survey No 474 and 476 Montighanpur Village, 509202, Hyderabad, India",India,AGI Greenpac Limited,F12,AGI Greenpac Limited is a sustainable packaging solutions company that manufactures and markets various packaging products...,Hyderabad,
Agilise Cosméticos Indústria e Comércio Eireli,agilisecosmeticos.com.br,+55198491085,juliana.lopes@agilisecosmeticos.com.br,"Vila Pagano, 13277-240, Valinhos, Brazil",Brazil,Agilise Cosméticos Indústria e Comércio Eireli,C25,,Valinhos,
Aglow Medical Devices LLC,aglowmedical.com,+1202-751-2477,info@aglowmedical.com,"SE 8th Street #325 11400, 98004, Bellevue, United States",United States,Aglow Medical Devices LLC,G37,Welcome to AGLOW MEDICAL，Where patient safety is our number one priority. Innovation is key in our product line. You will...,Bellevue,
Agroline,,+216021699761972,info@dermafig.com,"Rue Industrielle, 8000, Nabeul, Tunisia",Tunisia,Agroline,G05,"DERMAFIG Laboratoire is a Tunisian cosmetics brand specializing in natural skincare, haircare and wellness products inspired...",Nabeul,
AHMED PERFUME MANUFACTURING (S.P.S - L.L.C),khadlaj-perfumes.com,+97167420602,syed.naim@ahmedalmaghribi.com,"3850, United Arab Emirates",United Arab Emirates,AHMED PERFUME MANUFACTURING (S.P.S - L.L.C),H26,"Founded in 2000 by Mr. Kafeel Ahmed, Ahmed Al Maghribi Perfumes stands as a symbol of Arabic elegance and olfactory artistry...",,
Aiklik Global LLC,,+1713-851-5178,info@aiklik.com,"Hulton Park 10114, 77494, Kaly, United States",United States,Aiklik Global LLC,H28,"Aiklik Global LLC offers a curated portfolio of beauty essentials and advanced formulations, empowering beauty lovers to...",Kaly,
Ailusi Machinery Limited,,+8613268337069,ava@gzailusi.com,"Chatham Road South 61-65, Hong Kong",Hong Kong,Ailusi Machinery Limited,D32,"Ailusi Machinery is a professional enterprise which work on chemical machinery research, manufacturing, selling and offer...",,
"AIRAPHA Co., Ltd.",airapha.com,+8242-622-1500,,"3F, 632, Daejeoncheondong-ro, Dong-gu, 34624, Daejeon, Korea, the Republic of (South)","Korea, the Republic of (South)","AIRAPHA Co., Ltd.",C15,Airapha is a South Korean professional salon equipment company dedicated to advancing salon technology and elevating the...,Daejeon,
"Aisiyun International Group (HK) Co., Ltd",,+85218033079850,travis@asyantiforgery.com,"No. 8 Wang Kwong Road Flat/RM F, Hong Kong, Hong Kong",Hong Kong,"Aisiyun International Group (HK) Co., Ltd",L24,ASY Group is a leading security printing enterprise that combines digital technology innovation with banknote-level anti...,Hong Kong,
Ajmal Group L.L.C,,+97197145474111,priyanka.h@ajmal.net,"Malak Fabsen Import & Export 201, Dubai, United Arab Emirates",United Arab Emirates,Ajmal Group L.L.C,B02,,Dubai,
Ajwa Almoda Trading LLC,wa.me,+97142575698,sales4@sanheglass.com,"Deira, 252097, Dubai, United Arab Emirates",United Arab Emirates,Ajwa Almoda Trading LLC,C36,"SANHE GLASS was founded in 2006, a professional cosmetic and perfume container manufacturer, locating in Xinyi city, Jiangsu...",Dubai,
Al Absar- ABC PERFUMES,khadlaj-perfumes.com,0529993344,faizan@coolandcool.com,"30229, United Arab Emirates",United Arab Emirates,Al Absar- ABC PERFUMES,C32,"ABC Perfumes is part of ABC Group, headquartered in Dubai, U.A.E., and operating since 1964. Today, the group stands among...",,
Al Anfar Perfumes Trading L.L.C.,khadlaj-perfumes.com,+971508743354,admin@alanfarperfumes.com,"Al Muteena B 178, Dubai, United Arab Emirates",United Arab Emirates,Al Anfar Perfumes Trading L.L.C.,F12,"Founded and led by Almas Anfar Kathuria, Founder, Owner and Third-Generation Perfumer, Al Anfar Perfumes is a UAE-based fragrance...",Dubai,
Al Asrar Perfumes IND LLC SP,khadlaj-perfumes.com,+971529256686,,"4863, United Arab Emirates",United Arab Emirates,Al Asrar Perfumes IND LLC SP,E12,,,
Al Basel Cosmetics Tr L.L.C.,albaselco.com,+97165599577,info@albaselco.com,"71101, United Arab Emirates",United Arab Emirates,Al Basel Cosmetics Tr L.L.C.,A37,,,
Al Haramain Perfumes Mfg. & Oudh Processing Industry LLC,khadlaj-perfumes.com,+97167480555,support@alharamainperfumes.com,"Al Salam Street, 1885, Ajman, United Arab Emirates",United Arab Emirates,Al Haramain Perfumes Mfg. & Oudh Processing Industry LLC,E16,Al Haramain Perfumes has been a front-runner in perfumery since 1970. We do what we love and so we always explore the changing...,Ajman,
Al Jothan Perfumes,khadlaj-perfumes.com,+97165222782,info@aljothan.com,"Sharjah Industrial Area, Sharjah, United Arab Emirates",United Arab Emirates,Al Jothan Perfumes,E12,"At Al Jothan Perfumes, we pride ourselves on offering complete perfume packaging solutions that enhance the allure and elegance...",Sharjah,
Al Khadlaj Perfumes IND LLC,khadlaj-perfumes.com,+97165340753,asif@khadlaj-perfumes.com,"Industrial Area 11, Sharjah, United Arab Emirates",United Arab Emirates,Al Khadlaj Perfumes IND LLC,E16,"Established in 1997, Khadlaj Perfumes started out as an extraordinary brand with one clear purpose of creating fragrances...",Sharjah,
Al Majed Oud,almajed4oud.com,+97142578909,m.mokhtar@almajed4oud.com,"85995, 2nd Industrial Area, Riyadh - 13321 - KSA, Saudi Arabia",Saudi Arabia,Al Majed Oud,L22,"Al Majed for Oud is one of the Middle East’s leading fragrance houses, with over 70 years of expertise in crafting premium...","2nd Industrial Area, Riyadh - 13321 - KSA",
Al Masmoum for Perfumes and Cosmetics LLC,khadlaj-perfumes.com,+201205029434,info@masmoumfragrances.com,"Northern Extension Industrial Zone, 12004, 11828, Obour City, Egypt",Egypt,Al Masmoum for Perfumes and Cosmetics LLC,D20,"Al Masmoum for Perfumes & Cosmetics is an established manufacturer of perfumes, personal care, hair care, and home fragrance...",Obour City,
Al Sahab Company for Packing and Filling LLC,gulforchid.com,,hamzakalla@alsahabjo.com,"Office 212, Floor 2, Sameh Mall. Khalda, 11953, Amman, Jordan",Jordan,Al Sahab Company for Packing and Filling LLC,B39,,Amman,
Al Wara Perfumes Industry LLC,wa.me,+97165386310,procurement@alwagroup.com,"Plot No: 6284, Al Sajaa Emirates industrial City, Sharjah, United Arab Emirates",United Arab Emirates,Al Wara Perfumes Industry LLC,C19,"Al Wara Group, comprised of Al Wara Perfumes Industry & Al Wara Printing Press, has been established in the UAE from 2004...",Sharjah,
AL WATAN PERFUMES IND.LLC.,houseofwatan.com,+97165351870,admin@houseofwatan.com,"95480, United Arab Emirates",United Arab Emirates,AL WATAN PERFUMES IND.LLC.,A12,,,
Al Zaitoun Trading LLC,,+971509460181,rajabasharat44@gmail.com,"Sabka Road, Dubai, United Arab Emirates",United Arab Emirates,Al Zaitoun Trading LLC,F44,,Dubai,
Al-Masmoum Company Ltd,,+20226920475,info@masmoum.com,"Industrial Zone, 11841, Obour City, Egypt",Egypt,Al-Masmoum Company Ltd,C28,"Established in 1987, Al-Masmoum Company has grown into a trusted name in the cosmetics and beauty industry. With more than...",Obour City,
Alaanpay Technology FZCO,,+971585457105,niamh@alaanpay.com,"Unit No: 4505-001-D6, Dubai, United Arab Emirates",United Arab Emirates,Alaanpay Technology FZCO,C40,,Dubai,
Alcan International (L.L.C),alcan.com,+97142671101,rajendra@alcaninternational.com,"Bagdad Street, Dubai, United Arab Emirates",United Arab Emirates,Alcan International (L.L.C),B10,"Al-Can Exports Pvt. Ltd. started its operation in Mumbai, in the year 1991. Al-Can is Asia's leading manufacturer and exporter...",Dubai,
ALE International LLC,,+97142279283,,"17251, United Arab Emirates",United Arab Emirates,ALE International LLC,E10,"ATCOPACK-ALE International LLC is a renowned brand in the field of Packaging, Weighing, Coding & Intralogistics, Material...",,
Alezz Oud Establishment,alezz-oud.com,+966506936981,eissa@alezz-oud.com,"Ahmed Ibn Barakah Al Kawthar Dist., 23743, Jeddah, Saudi Arabia",Saudi Arabia,Alezz Oud Establishment,G46,ALezz Oud (العز للعود) is a Saudi Arabian fragrance house dedicated to the art of traditional Middle Eastern perfumery. Each...,Jeddah,
Algabo S.A.,,+549115907-5829,hfernandez@algabo.com,"Estados Unidos Tortuguitas 5125/5133, 1667, Buenas Aires, Argentina",Argentina,Algabo S.A.,D09,Algabo has more than 35 years of experience in the Personal Care market as a result of an on-going growth and complete commitment...,Buenas Aires,
ALGORITHM CODING EXPERT ARTIFICIAL INTELLIGENCE L.L.C,,+971564614873,acescreativeadmin@gmail.com,"Al Khawaneej 2 Al Shressh St. Villa 06, Dubai, United Arab Emirates",United Arab Emirates,ALGORITHM CODING EXPERT ARTIFICIAL INTELLIGENCE L.L.C,G10,"ACES Creative is a Dubai-based creative growth partner helping ambitious brands build stronger identities, connect with their...",Dubai,
Alkahlaa Perfumes,khadlaj-perfumes.com,+97197563035241,info@alkahlaa.com,"Sharjah Industrial Area, Sharjah, United Arab Emirates",United Arab Emirates,Alkahlaa Perfumes,G42,,Sharjah,
ALLBEAUTY FZC,albeauty-fzc.com,+97165244023,,"Saif Zone Zone, 123396, Sharjah, United Arab Emirates",United Arab Emirates,ALLBEAUTY FZC,D11,"ALLBEAUTY FZC ALLBEAUTY FZC, is a UAE-based perfumery company...",Sharjah,
Allure Perfumes Manufacturing LLC,khadlaj-perfumes.com,+97172219351,vedanta@allureintl.com,"AL GHAIL INDUSTRIAL PARK, 51031, Ras Al Khaimah, United Arab Emirates",United Arab Emirates,Allure Perfumes Manufacturing LLC,A23,Allure Perfumes Manufacturing is one of the oldest and is a leading manufacturer of aerosol & perfumery products. Since commencing...,Ras Al Khaimah,
Alma K. S.R.L.,,+447575866230,laura@alma-k.com,"VIALE GIUSEPPE MAZZINI 10, 50132, FIRENZE, Italy",Italy,Alma K. S.R.L.,D10,"Meet Miss Kay, Your Perfume Obsession. Miss Kay is a playful, expressive fragrance brand built around one simple idea: perfume...",FIRENZE,
Almas National Company,,+966126478780,info@mnpperfumes.com,"Al Madina St., 23442, Jeddah, Saudi Arabia",Saudi Arabia,Almas National Company,M26,"Al Mas National Company for Perfumes was established in 2012 inJeddah, Saudi Arabia, with a clear vision to offer the finest...",Jeddah,
Almas Perfume and Cosmetics Trading L.L.C,khadlaj-perfumes.com,+97143238322,dxb@almasperfume.com,"Badri Building 12, Dubai, United Arab Emirates",United Arab Emirates,Almas Perfume and Cosmetics Trading L.L.C,C28,Almas Perfume and Cosmetics Trading L.L.C is a UAE-based fragrance and cosmetics company specializing in the manufacturing...,Dubai,
Alobon (Hong Kong) Co Ltd,,+8618316862882,83420593@qq.com,"Wydham Street 46-48, -, Hong Kong",Hong Kong,Alobon (Hong Kong) Co Ltd,A28,Our company is a professional cosmetics production and services of cosmetic products in one.And insists the production mode...,-,
"Alovea Healthcare Co., Ltd.",,+8617302273176,wuxuan@ka-care.com,"No.188 Fu Chun Jiang Rd New District, 215163, Suzhou, China",China,"Alovea Healthcare Co., Ltd.",J35,,Suzhou,
Alpla Werke Alwin Lehner GmbH & Co KG,alpla.com,+4366488798313,andre.niederacher@alpla.com,"Allmendstraße, 6971, Hard, Austria",Austria,Alpla Werke Alwin Lehner GmbH & Co KG,E27,Discover the innovative ALPLAinject pump solutions for beauty and personal care applications. Combining exceptional quality...,Hard,
ALREHAB PERFUMES,khadlaj-perfumes.com,+966551187722,sales@alrehab.com,"Al Khatafi 6565, 22233, Jeddah, Saudi Arabia",Saudi Arabia,ALREHAB PERFUMES,E26,"From the heart of the vibrant city of Jeddah, nestled along the coast of the Red Sea, ALREHAB PERFUMES was born in 1975—with...",Jeddah,
Alta Oils Ltd.,,+359886418461,tanya.markova@altaoils.com,"Iskra 26 str, 6100, Kazanlak, Bulgaria",Bulgaria,Alta Oils Ltd.,F20,Alta Oils Ltd is a family owned Bulgarian producer of essential oils and floral waters. We are based in the heart of the...,Kazanlak,
Altona Cosmetics Technology Sanayi Ve Tic. A.S.,skcosmetics.ae,+902123251115,trademarketing@notecosmetics.com,"Karamehmet Mahallesi, Avrupa, Serbest Bölgesi 13.Sokak No:8 Ergene Tekirdag, Istanbul, Türkiye",Türkiye,Altona Cosmetics Technology Sanayi Ve Tic. A.S.,B10,"Launched with the vision of blending European quality with global inclusivity, Note has become a favourite in more than 80...",Istanbul,
Amaral Marques Indústria de Cosméticos LTDA,skcosmetics.ae,+553198833-5588,export@clorofitum.com.br,"Zona Rural, 36570-000, Viçosa, Brazil",Brazil,Amaral Marques Indústria de Cosméticos LTDA,B16,,Viçosa,
AMAXXON COSMETICS LTDA,skcosmetics.ae,+551899117-0210,opmi4@dcbeautycosmetics.com,"Av Rui Barbosa, 3101 - Jd Paulista, 19815-000, Assis - SP, Brazil",Brazil,AMAXXON COSMETICS LTDA,C17,АMAXХON COSMETICS is a premium brand of hair and personal care products that combines the power of Amazonian natural ingredients...,Assis - SP,
AMBER + BLACK LIMITED,amberandblack.co.nz,+64419202023,nick@amberandblack.co.nz,"196 Clyde Road, 8053, Christchurch, New Zealand",New Zealand,AMBER + BLACK LIMITED,G22B,"In the untouched alpine landscapes of New Zealand’s South Island, dense forests of black beech trees produce ‘honeydew’: a...",Christchurch,
Ambisyn Global Limited,,+1888-868-8188,ambisynvip001@foxmail.com,"625 Nathan Road 1508, Hong Kong, Hong Kong",Hong Kong,Ambisyn Global Limited,A38,,Hong Kong,
AMDIE Moroccan Agency for Investment and Export Development,gulforchid.com,+2125372-26400,info@amdie.gov.ma,"Avenue Attin, 10100, Rabat, Morocco",Morocco,AMDIE Moroccan Agency for Investment and Export Development,H26,The Moroccan Investment and Export Development Agency plays driving role in the sectorial promotion of the Moroccan offer...,Rabat,
America Golden Wave LLC,wa.me,+1847-677-8277,fiona.golden.wave@gmail.com,"Castleton Street 17800, 91748, City Of Industry, United States",United States,America Golden Wave LLC,H30,"Ariel Biotech is a trusted skincare manufacturer specializing in high-quality, competitively priced formulations with flexible...",City Of Industry,
American Crew,,,,"Buhairah Corniche, Sharjah, United Arab Emirates",United Arab Emirates,American Crew,,,Sharjah,
"Amica Co., Ltd",amica-lab.com,+8210-7695-4268,jme@amica-lab.com,"Hakdong-ro 313, 06061, Seoul, Korea, the Republic of (South)","Korea, the Republic of (South)","Amica Co., Ltd",C13,AMICA COSMETICS TRADING L.L.C. is a Korean professional skincare and aesthetic solutions company built from real skin experience...,Seoul,
Amilal Ramkishan Dass,,+911294045517,ar.faridabad@gmail.com,"Plot No. 674, Street No.02, Khatri Wara, 121002, Faridabad, India",India,Amilal Ramkishan Dass,C25,"Welcome to Amilal RamKishan Dass – where tradition meets innovation in hair and skincare. Founded in 1966 in Faridabad, India...",Faridabad,
Amka Products (Pty) Ltd.,amka.co.za,+27126740620,moosa@amka.co.za,"Sunderland Ridge, 0157, Pretoria, South Africa",South Africa,Amka Products (Pty) Ltd.,H12,,Pretoria,
Amrit Soap Company,amritsoap.com,+919417001410,info@amritsoap.com,"753/4, G.T. Road Near Jalandhar Bye Pass Chowk B-XXXII, 141008, Ludhiana, India",India,Amrit Soap Company,G10,"Founded in 1952, Amrit Soap Company began with a clear commitment to quality and dependable everyday products. Over the decades...",Ludhiana,
"An Fu County Rich Crystal Arts Co., Ltd.",,+1796-738-8188,arzurebio@126.com,"Industrial Zone, An Fu, 343200, Jian, United States",United States,"An Fu County Rich Crystal Arts Co., Ltd.",I27,,Jian,
Anant Fragrance Private Limited,anantfragrance.in,+91792273050,harsh@anantfragrance.com,"Nagarvel Hanuman Rd, 380023, Ahmedabad, India",India,Anant Fragrance Private Limited,D27,Anant Fragrance Pvt Ltd. We are Manufacturer of Fragrances Since Past 3 Decades...,Ahmedabad,
"Ancient To Today Co., Ltd. (OHMIA)",oh-mia.com,+82821023223632,jay.park@attdayseoul.com,"Convensia-daero, Yeonsu-gu 165, Incheon, Korea, the Republic of (South)","Korea, the Republic of (South)","Ancient To Today Co., Ltd. (OHMIA)",E35,,Incheon,
Ancorotti Perfumes S.R.L,khadlaj-perfumes.com,+39373876811,aimperatori@ancorotticosmetics.com,"Via dell'Industria, 26013, Crema, Italy",Italy,Ancorotti Perfumes S.R.L,B04,"At Ancorotti Group, beauty makes up our soul. We are contract manufacturing leaders that believe in the worldwide value of...",Crema,
Anesi Lab,anesilab.com,,emendez@drv.es,"C/ Oro 10, 28770, Colmenar Viejo, Spain",Spain,Anesi Lab,H23,ANESI LAB: Cosmeceutical Science-Led Skincare. Modern formulas with unique blends of concentrated proven actives forexceptional...,Colmenar Viejo,
"Anhui Primechem Co., Ltd.",,+8613956080778,henry@primekem.com,"Huaining Avenue 288, 230071, Hefei, China",China,"Anhui Primechem Co., Ltd.",F32,"For over 3 decades, Primechem Co., Ltd., has proven to be a professional and outstanding supplier, offering a diverse range...",Hefei,
Anjac Health & Beauty,anjac.com,+33153459449,contact@anjac.fr,"Rue de la Banque, 75002, Paris, France",France,Anjac Health & Beauty,D37,"ANJAC Health & Beauty is a French family-owned industrial group and the partner of health laboratories, beauty and wellness...",Paris,
Annie Monoprosopi Ike,,+302102431540,export@annie.com.gr,"Roumelis, 136 72, Athens, Greece",Greece,Annie Monoprosopi Ike,C38,Annie is an export cosmetic company,Athens,
Antidot Pro,,,logistic@nazih.com,"Buhairah Corniche 0, Sharjah, United Arab Emirates",United Arab Emirates,Antidot Pro,,"At Antidotpro, wellness is not an afterthought, it is the foundation of everything we do. From research and development to...",Sharjah,
APTAR BEAUTY,aptar.com,+33130871980,salome.merabet@aptar.com,"12 - 14 Rue Louis Bleriot, 92500, Rueil Malmaison, France",France,APTAR BEAUTY,H26,"Aptar Beauty is part of AptarGroup, a global leader in drug and consumer product dosing, dispensing and protection technologies...",Rueil Malmaison,
ARA BEAUTY LLC,ardalzaafaranshop.com,+1626-316-2268,jessevpeskila@yeah.net,"Donna Road 23, 02459, Massachusetts, United States",United States,ARA BEAUTY LLC,"G39, G39","ARA BEAUTY, LLC is a rapidly growing salon equipment service brand and committed to providing professional, durable products...",Massachusetts,
"Araesen Aromatique, S.L.U",araesen.com,+34937812062,scarrion@araesen.es,"Llinar del Valles 20, 08450, Llinar del Valles, Spain",Spain,"Araesen Aromatique, S.L.U",A35,GLOBAL SAPHIR GROUP & ARAESEN AROMATIQUEFrom Fragrance to Finished Product WHO WE ARE Behind every great perfume lies a story...,Llinar del Valles,
ARC Perfumes and Cosmetics L.L.C,khadlaj-perfumes.com,+971522186786,hashim.batliwala@gmail.com,"92760, United Arab Emirates",United Arab Emirates,ARC Perfumes and Cosmetics L.L.C,M12,,,
ARCADIA DIS TICARET VE PAZARLAMA ANONIM SIRKETI,arcadiaff.com,+902124721732,info@arcadiaff.com,"Ikttelli OSB Neighborhood Corapcılar G Blk. St.No.3, 34490, Istanbul, Türkiye",Türkiye,ARCADIA DIS TICARET VE PAZARLAMA ANONIM SIRKETI,D28,,Istanbul,
Ard Al Zaafaran Trading LLC,ardalzaafaranshop.com,+971561319784,obaid@ardalzafaaranshop.com,"Deira Gold Souk, 28068, Dubai, United Arab Emirates",United Arab Emirates,Ard Al Zaafaran Trading LLC,D32,"Like the sacred Saffron it is named after, Ard Al Zaafaran carries more than a fragrance — it carries emotion, grace, and...",Dubai,
ARD PERFUMES FACTORY L L C,khadlaj-perfumes.com,+97165697935,info@ardperfumes.com,"Umm Al Thoub, New Industrial Area, Umm Al Quwain, United Arab Emirates",United Arab Emirates,ARD PERFUMES FACTORY L L C,D10,ARD Perfumes Factory LLC is a UAE-based perfume manufacturer and retailer specializing in Arabic and French-inspired fragrances...,Umm Al Quwain,
Ardell,,+97165739392,info@xyz.ae,"Buhairah Corniche, Sharjah, United Arab Emirates",United Arab Emirates,Ardell,,,Sharjah,
Areej le Dore,areejledore.com,+62858-1049-0101,admin@areejledore.com,"Dubai Silicon Oasis A1, Dubai, United Arab Emirates",United Arab Emirates,Areej le Dore,G26,How is Areej le Doré different from other niche exclusive perfume houses? Areej le Doré is the producer of artisanal oud...,Dubai,
Argeville SAS,argeville.com,+33492924343,,"Domaine D Argeville Cedex BP 1202, 06254, Mougins, France",France,Argeville SAS,H26,"Founded in 1921, Argeville is a French composition house specializing in the creation of ingredients, fragrances, and flavours...",Mougins,
Aria Cosmetics Holdings Pte. Ltd.,aria-cosmetics.com,+65355699488,mir@aria-cosmetics.com,"#05 - 03 15 Scotts Road, 220208, Singapore, Singapore",Singapore,Aria Cosmetics Holdings Pte. Ltd.,G20,,Singapore,
Arkevital Kozmetik Sanayi Ve Ticaret Limited Sirketi,,+905423713321,beauteattendue@gmail.com,"Sedir Sk., 34330, Istanbul, Türkiye",Türkiye,Arkevital Kozmetik Sanayi Ve Ticaret Limited Sirketi,C26,Beauté Attendue is a brand that believes in the power of skincare and aims to help individuals achieve their expected beauty...,Istanbul,
Aroma Concepts LLC,aromaconcepts.com,+1407-436-4949,sheraz@aromaconcepts.com,"4111 34th St., 32811, Orlando, United States",United States,Aroma Concepts LLC,H32,,Orlando,
Aroma Cosmetics AD,aroma.bg,+35929350191,olga.toncheva@aroma.bg,"Kiril Blagoev Str. 12, 1271, Sofia, Bulgaria",Bulgaria,Aroma Cosmetics AD,G28,,Sofia,
AROMATICA,,+8210-8724-1710,iris.yang@aromatica.co.kr,"41-4, Gangnam-daero 162-gil, Gangnam-gu, Seoul, Korea, the Republic of (South)","Korea, the Republic of (South)",AROMATICA,E28,,Seoul,
AROMCA S.A.,,+30302102835001,e.kafetzi@aromca.gr,"Papadiamanti Street No 6, 144 52, Metamorfosi, Greece",Greece,AROMCA S.A.,G26,"ERRE DUE The brand where high quality meets pioneer compositions and textures. Since 1983, ERRE DUE has been redefining beauty...",Metamorfosi,
ARTEK INT. IND.,artek.ae,+97165343407,info@artek.ae,"109, Sharjah, United Arab Emirates",United Arab Emirates,ARTEK INT. IND.,L28,ARTEK is a UAE-based luxury perfume manufacturer offering complete fragrance and manufacturing solutions. We specialize in...,Sharjah,
Artes da Parfumaria,,+554599960-1904,shibi@coralperfumes.com,"Al Qouz Industrial area, Dubai, United Arab Emirates",United Arab Emirates,Artes da Parfumaria,,,Dubai,
Artface Co Ltd,,+822-2263-1140,artface@artfacekorea.com,"Magokjungang 8-ro 5 gil 19, Seoul, Korea, the Republic of (South)","Korea, the Republic of (South)",Artface Co Ltd,D26,,Seoul,
Arube Group Limited,,,noemail@noemail.com,"45 Hoi Yuen Road, Hong Kong, Hong Kong",Hong Kong,Arube Group Limited,E40,,Hong Kong,
Aryum Metal Tup Imalat Ve Sanayi Dis Ticaret Anonim Sirketi,aryum.com.tr,+902163942273,ersan.sabaz@aryum.com.tr,"Tuzla Aydinli SB Mah. 9 No. 4, 34957, Istanbul, Türkiye",Türkiye,Aryum Metal Tup Imalat Ve Sanayi Dis Ticaret Anonim Sirketi,A26,"ARYUM is the leading aluminium aerosol can manufacturer, headquartered in Istanbul, Turkey. The facility is located in Tuzla...",Istanbul,
AS MADARA Cosmetics,skcosmetics.ae,+37122020795,elina.jonate@madaracosmetics.com,"Zeltiņu iela 131, Mārupes nov., 2167, Mārupe, Latvia",Latvia,AS MADARA Cosmetics,D09,,Mārupe,
"Ascend Excellence Daily Products Jiangsu Co., Ltd.",,+868617772262496,sales@dentalcarechina.com,"No. 29 Guozhan Rd, 225009, Yangzhou, China",China,"Ascend Excellence Daily Products Jiangsu Co., Ltd.",C37,"As a professional manufacturer specializing in toothbrushes, dental floss, flosspicks, interdental brushes with over 15 years...",Yangzhou,
"Asia BNC Co., Ltd.",asiabnc.co.kr,+8210-4811-5332,srlee@asiabnc.co.kr,"-905, 60, Haan-ro, Gwangmyeong-si 904, Gyeonggi-Do, Korea, the Republic of (South)","Korea, the Republic of (South)","Asia BNC Co., Ltd.",D18,"K-Beauty in the world, ASIABNC in the World As a Global Cosmetics Leading Company, not only we can make humanity more beautiful...",Gyeonggi-Do,
Asl alttatawwur For Trading Company,gulforchid.com,+966542839990,moh@roxashop.com,"Al Siddiq, 12477, Riyadh, Saudi Arabia",Saudi Arabia,Asl alttatawwur For Trading Company,F34,,Riyadh,
Assaf Trading Establishment,assaf.com,+966562226269,yazeed@laverne.com,"Othaman Bin Affan Street 8566, 13317, Riyadh, Saudi Arabia",Saudi Arabia,Assaf Trading Establishment,C14,,Riyadh,
Astana Millano Perfumes and Cosmetics Trading LLC,khadlaj-perfumes.com,+971507251961,info@attardeestana.com,"Al Buteen, Dubai, United Arab Emirates",United Arab Emirates,Astana Millano Perfumes and Cosmetics Trading LLC,E10,"Philosophy At Attar De Astana — also known as Attarastana or simply Astana — every fragrance is born from authenticity, craftsmanship...",Dubai,
Atelier Du Savon,maitresavonitto.fr,+33668556064,frederic@atelierdusavon.fr,"320 Allée des Esclapières, 83440, SEILLANS, France",France,Atelier Du Savon,D20,"For 25 years, we are a French manufacturer of natural cosmetics and soaps with Grasse fragrances, laundry and home care products...",SEILLANS,
Atelier Fragranze Milano SRL,atelierfragranze.it,+39024231909,amministrazione@atelierfragranzemilano.com,"Via Lucilio Gaio 10, 20151, MILANO, Italy",Italy,Atelier Fragranze Milano SRL,A40,"Atelier Fragranze Milano is a Fragrance House founnded in 2011, created from the hunch of Marco Maffei, reference figure...",MILANO,
ATIKA PERFUMES TRADING LLC,khadlaj-perfumes.com,+919920070777,adnan@aaaromas.com,"FIKREE MARKET SHOP NO-36, Dubai, United Arab Emirates",United Arab Emirates,ATIKA PERFUMES TRADING LLC,G32,,Dubai,
Attractive Scent SAS,attractive-scent.fr,+33422480048,marketing@attractive-scent.fr,"Parc D'Activites Les Hauts de Grasse, 06530, Saint-Cezaire sur Siagne, France",France,Attractive Scent SAS,C38,"Welcome to the refined world of ATTRACTIVE SCENT, where the harmony between art and science gives rise to exceptional olfactory...",Saint-Cezaire sur Siagne,
Atyab Al Marshoud Perfumes Trading LLC,atyabalmarshoud.com,+97143966697,farzana@atyabalmarshoud.com,"Al Qusais 1, Industrial Area 1, Dubai, United Arab Emirates",United Arab Emirates,Atyab Al Marshoud Perfumes Trading LLC,A23,Atyab Al Marshoud is a Kuwaiti fregrance company founded in 1925 by Sulaiman Al Marshoud with a century long heritage and...,Dubai,
"Auber Packaging Co., Limited",,+8613552025008,fushion2501@gmail.com,"No. 2, Jianpeng Road, 510000, Guangzhou, China",China,"Auber Packaging Co., Limited",L38,"As an ISO 14001, ISO 45001, ISO 9001, and FDA certified manufacturer since 2004, Auber Packaging is specialized in producing...",Guangzhou,
AURA FRAGRANCES L.L.C S.O.C,abcfragrances.com,+971544541100,duraid@aurafragrance.ae,"9th STREET, NAD AL HAMAR, Dubai, United Arab Emirates",United Arab Emirates,AURA FRAGRANCES L.L.C S.O.C,G23,"Aura Fragrances is a Perfume Manufacturing & Distribution Co. with our base in Dubai, UAE as well as in Canada. We are supplying...",Dubai,
Aussie Pharmabio PTY LTD,,+61438669988,stella@aussiepharmabio.com,"South Windsor 20, 2756, Sydney, Australia",Australia,Aussie Pharmabio PTY LTD,B09,,Sydney,
AUTHENTEQUE GENERAL TRADING LLC,authenteque.com,+97145524593,fiza@authentequegroup.com,"Sheikh Zayad Road 1501-1502, 00000, Dubai, United Arab Emirates",United Arab Emirates,AUTHENTEQUE GENERAL TRADING LLC,A12,,Dubai,
AZH,,+8210-2681-4819,jy.baek@interohrigin.com,"5, Seolleung-ro 121-gil, SEOUL, Korea, the Republic of (South)","Korea, the Republic of (South)",AZH,B23,AZH is a salon-grade home care brand that offers complete hair solutions from A to Z — from scalp to hair ends. By bringing...,SEOUL,
B Ocean Trading Company,,+966554883927,al.bawazir@bocean.com.sa,"Al faroor dist 8834, 12863, Riyadh, Saudi Arabia",Saudi Arabia,B Ocean Trading Company,B26,,Riyadh,
"B&B Korea Co., Ltd.",bnbkorea.co.kr,+8210-8520-3145,mbt04@bnbkorea.com,"176-4, Dodam-ro Geomdan-gu, Incheon, Korea, the Republic of (South)","Korea, the Republic of (South)","B&B Korea Co., Ltd.",H28,"(English) B&B Korea is a leading cosmetics ODM company, driven by innovative technology and extensive expertise in the global...",Incheon,
B. Kolormakeup & Skincare S.p.a. SB,bkolormakeup-skincare.com,+39363590011,elenagalbiati@bkolormakeup.com,"Via Canonica, 24047, Treviglio, Italy",Italy,B. Kolormakeup & Skincare S.p.a. SB,F27,"B.kolor Makeup&Skincare as a creative icon, BKolor Makeup&Skincare as a creative instrument to get creativity and innovation...",Treviglio,
Baihua Group China Limited,baihuawipes.com,+8613660660656,wilson@baihuawipes.com,"Queen's Road Central 15, Hong Kong",Hong Kong,Baihua Group China Limited,B33,Our company is professional with producing different types of wipes.,,
Balaji Agarbatti Company,balajiincense.com,+918553016132,sales@balajllncense.com,"No. 48/D - 156/2, sth Main, Prakashnagar, 560010, Bangalore, India",India,Balaji Agarbatti Company,F10,"Balaji Agarbatti Company -we are one of the largest and oldest Incense manufacturing brands, based in Bangalore, India. We...",Bangalore,
Balev Corporation EOOD,,,r.myankov@areon.com,"Vladislav Varnenchik 260 Blvd., 9009, Varna, Bulgaria",Bulgaria,Balev Corporation EOOD,E10,,Varna,
Baltline Globe (Labrains),labrains.eu,+37128010107,liga@labrains.lv,"A Latgales iela 127, LV-1003, Riga, Latvia",Latvia,Baltline Globe (Labrains),C07,,Riga,
Bambiboo Spolka Z Ograniczona Odpowiedzialnoscia,bambiboo.eu,+486119003,m.kublelski@sinco.pl,"Bastlonowa, 94-274, Lodz, Poland",Poland,Bambiboo Spolka Z Ograniczona Odpowiedzialnoscia,G26,Bambiboo is a Polish family-focused company creating care and hygiene products for life’s most sensitive moments. We believe...,Lodz,
Banat Firca Ve Plastik San A.S.,banat.com,+902122890150,eabalioglu@banat.com,"Sok No. 10 4 Levent, 34418, Istanbul, Türkiye",Türkiye,Banat Firca Ve Plastik San A.S.,A12,"Fresh-clean ideas embracing life, Banat, the first toothbrush producer in Turkey, makes World-class production in oral care...",Istanbul,
BANDIDO COSMETICS IÇ VE DIS TIC.LTD.STI,bandidocosmetics.com,+902128555502,sales@bandido.com.tr,"Sk. 652, 34590, Istanbul, Türkiye",Türkiye,BANDIDO COSMETICS IÇ VE DIS TIC.LTD.STI,B28,,Istanbul,
BaridX Company,,+966966557974722,naif@baridx.com,"Al Madinah 2379 7715, 23442, Jeddah, Saudi Arabia",Saudi Arabia,BaridX Company,C09,KinArabia is a B2B digital platform connecting Korean brands with distributors and retailers across Arabian marketsThe platform...,Jeddah,
Barle,,+8270-8808-5454,barleglobal@plie.co.kr,"Baekjegobun-ro 45-gil Songpa-Gu 18, Seoul, Korea, the Republic of (South)","Korea, the Republic of (South)",Barle,E31,,Seoul,
Baroody Bros SAL,,+9611486395,ebaroody@baroodygroup.com,"Mkalles Industrial Area, 1101, Beirut, Lebanon",Lebanon,Baroody Bros SAL,C27,,Beirut,
BASEA / BTTR / HARUNA / ROSE PROJECT,basea.co.kr,+8210-6625-1632,je.kwon@end-game.co.kr,"21, Bongeunsa-ro 59-gi Gangnam-gu, Seoul, Korea, the Republic of (South)","Korea, the Republic of (South)",BASEA / BTTR / HARUNA / ROSE PROJECT,A33,BASEA BASEA is a 'Texture Architect' brand that prioritizes the skin’s natural texture above all else. Under our main slogan...,Seoul,
Bastide Fragrances,abcfragrances.com,+33609688401,adrien@bastide-fragrances.com,"92 IMPASSE DU TILLEUL, 61300, Grasse, France",France,Bastide Fragrances,D22,"We are experts in the creation and production of scented products for a wide range of applications. Based in Grasse, city...",Grasse,
"BAYSON Industrial (HK) CO., Limited",,+8618925791446,box@customluxpack.com,"Chatham Road South 61-65, Hong Kong",Hong Kong,"BAYSON Industrial (HK) CO., Limited",G37,"BAYSON PACKAGING is a professional luxury packaging manufacturer specializing in custom packaging solutions for perfume, beauty...",,
BBC Group Inc.,,+1323-510-4660,tiffany@bbcgroup.cn,"Spring Mountain Rd Ste 104 3305, 89102, Las Vegas, United States",United States,BBC Group Inc.,C10,"Our product range: Bath & Body Care - Body Wash, Bubble Bath, Shower Gel, Body Mist, Body Lotion, Body Butter, Body Scrub...",Las Vegas,
Beauadd,beauadd.com,+8210-2268-2502,white@beauadd.com,"6-6 Seochojungang-ro 33-gil Seocho-gu, Seoul, Korea, the Republic of (South)","Korea, the Republic of (South)",Beauadd,H31,"Founded 25 years ago, we are a South Korea-based cosmetics manufacturer specializing in skincare and sheet masks. With our...",Seoul,
Beautiful Sky Limited,,+4915168010211,tom.faust65@gmail.com,"Mdina Road Central Business District Zone 1, CAD 1010, Birkirkara, Malta",Malta,Beautiful Sky Limited,A37,,Birkirkara,
Beauty & Perfume International Factory LLC,beautyandperfumintl.com,+97148525925,mohddiab@beautyandprefumintl.com,"41209, United Arab Emirates",United Arab Emirates,Beauty & Perfume International Factory LLC,E42,,,
Beauty Choice Gorup Pty. Ltd.,beautyandperfumeintl.com,+61865456228,ehevome409@gmail.com,"174 Hampden Rd., 6009, Nedlands, Australia",Australia,Beauty Choice Gorup Pty. Ltd.,H28,"Beauty Choice Group Pty Ltd, founded in 2024 and headquartered in Australia, is a comprehensive enterprise for cosmetics...",Nedlands,
Beauty Community Public Company Limited,beautyandperfumeintl.com,+66294607006,shariful.sum@beautycommunity.co.th,"50/1-3 Nuan Chan 34 Alley, Nuan Chan, 10230, Bangkok, Thailand",Thailand,Beauty Community Public Company Limited,G15,"COMPANY PROFILE Established in 2000, Beauty Community Public Company Limited is a Thai cosmetics and skincare company listed...",Bangkok,
"Beauty Farmers Co.,Ltd.",beautyandperfumeintl.com,316030820,jade@beautyfarmers.com,"12, Seohyeon-ro 257beon-gil, Bundang-gu, 13209, Seongnam-si, Korea, the Republic of (South)","Korea, the Republic of (South)","Beauty Farmers Co.,Ltd.",C17,"Founded in Korea in 2009, BEAUTY FARMERS is a global B2B OEM/ODM manufacturing company specializing in eyelash extensions...",Seongnam-si,
Beauty Icon International,beautyandperfumeintl.com,+923219471414,shahzadbubak@hotmail.com,"Bastami Road, 54000, Lahore, Pakistan",Pakistan,Beauty Icon International,A27,,Lahore,
Beauty Oasis General Trading LLC,beautyandperfumeintl.com,+97142352242,info@lorientalefragrances.com,"Dhagaya Street, 99016, Dubai, United Arab Emirates",United Arab Emirates,Beauty Oasis General Trading LLC,E23,"Established in 1984 in the heart of the United Arab Emirates, L’OrientaleFragrances has spent decades mastering the delicate...",Dubai,
Beauty Promotions Inc.,beautypr.net,+8232-549-6060,,"Gyulhyeon B/D, 5 Gyulhyeon-gil, Gyeyang-gu, 21016, Incheon, Korea, the Republic of (South)","Korea, the Republic of (South)",Beauty Promotions Inc.,A41,,Incheon,
Beauty Queen Cosmetics Trading LLC,beautyandperfumeintl.com,+97142250026,,"BANI YAS, 39933, DUBAI, United Arab Emirates",United Arab Emirates,Beauty Queen Cosmetics Trading LLC,D20,,DUBAI,
Beauty Secret International LLC,beautyandperfumeintl.com,+97143869404,jameslloyd855@yahoo.com,"Sheikh Zayed Road, 66084, Dubai, United Arab Emirates",United Arab Emirates,Beauty Secret International LLC,G10,Beauty Secret International LLC is a leading Beauty Academy and beauty supplies in MENA. Some of Our Brands is: Brunson:High...,Dubai,
Beauty Solutions Trading FZCO,beautyandperfumeintl.com,+97143211087,info@beautysolutions-me.com,"488235, United Arab Emirates",United Arab Emirates,Beauty Solutions Trading FZCO,B09,"Welcome to Beauty Solutions! In 2009, I identified a gap in our beauty market here in the Middle East. There was a need to...",,
Beauty Story Limited,beautyandperfumeintl.com,+447410632999,luna__luna@sina.cn,"Minerva Road Park Royal 7-11, NW10 6HJ, London, Great Britain and Northern Ireland",Great Britain and Northern Ireland,Beauty Story Limited,D36,"About Us Beauty Story Limited is an international company specializing in perfume research & development, design, production...",London,
Beauty Vision Cosmetics Manufacturing LLC,beautyandperfumeintl.com,+97148523272,george@bvgroup.com,"171899, United Arab Emirates",United Arab Emirates,Beauty Vision Cosmetics Manufacturing LLC,E28,,,
Beaver Cosmetic Group Sp z o.o.,skcosmetics.ae,+48510568514,kzalewski@beaverprofessional.pl,"Ul Jarzebinowa 92, 11-034, Stawiguda, Poland",Poland,Beaver Cosmetic Group Sp z o.o.,F20,"Brand meaning Diligent attention to the spirit of beaver. Beaver means beaver, distributed in the northern boreal Eurasia...",Stawiguda,
"Believe International Group Co., Limited",,+85222794740,1340156063@qq.com,"Kwun Tong Rd., Hong Kong, Hong Kong",Hong Kong,"Believe International Group Co., Limited",D11,"BELIEVE is a professional makeup manufacturer, the factory go through ISO 22716 for 12 consecutive years, rich product line...",Hong Kong,
BELISSE MOZHDE WIG MAKING LLC,,+971545905759,mozhdereception@gmail.com,"JUMERAH 1 AL WASL ROAD, Dubai, United Arab Emirates",United Arab Emirates,BELISSE MOZHDE WIG MAKING LLC,E20,,Dubai,
Bell Flavors & Fragrances DMCC,bell-europe.com,+491757487800,s.balani@bellff-mea.com,"Cluster I Jumeirah Lakes Towers, 125107, Dubai, United Arab Emirates",United Arab Emirates,Bell Flavors & Fragrances DMCC,H12,"Bell Flavors & Fragrances is a global leader in fragrance creation and botanical extracts for the fine fragrance, personal...",Dubai,
Bellavita Perfume FZCO,khadlaj-perfumes.com,+97143439432,info@bellavitauae.com,"7WA Dubai Airport Freezone,, Dubai, United Arab Emirates",United Arab Emirates,Bellavita Perfume FZCO,G16,"At BELLAVITA LUXURY, we believe great fragrance shouldn't come with compromises. In just a few years, we've grown into one...",Dubai,
Ben Suhail Distribution LLC,,+97142571213,imelda@creativebeautysource.com,"Al Barsha South Third, 120526, Dubai, United Arab Emirates",United Arab Emirates,Ben Suhail Distribution LLC,,,Dubai,
"Berlin Kozmetik San. ve Tic, Ltd, Sts",skcosmetics.ae,+905384673260,burak@berlinkozmetik.com,"BLOK :E1, NO: 3, 34490, İstanbul (European), Türkiye",Türkiye,"Berlin Kozmetik San. ve Tic, Ltd, Sts",C12,"We have MAINLY PERFUMES items. We are producer and exporter... We inform you about our products... WE ARE LOOKING FOR ""IMPORTERS...",İstanbul (European),
"Beyaqi Cosmetics (Hangzhou) Co., Ltd.",skcosmetics.ae,+8657182266375,bd1@shatail.com,"Yingfeng St, 311100, Hangzhou, China",China,"Beyaqi Cosmetics (Hangzhou) Co., Ltd.",F10,,Hangzhou,
"Bezoe Packaging co.,LTD",,+10236338375,comercializadora@yeah.net,"Broadway St. 314C, 80302, Boulder, United States",United States,"Bezoe Packaging co.,LTD",G22,"A strong and creative design team to provide fancy,creative and unique designs to satisfy our customers.A passionate and...",Boulder,
BIDAYA PARFUMS,bidayaparfums.com,,contact@bidayaparfums.com,"Dubai, United Arab Emirates",United Arab Emirates,BIDAYA PARFUMS,H10,"Bidaya Parfums is a Dubai-based fragrance brand founded in 2025, created to redefine modern luxury. Created in Dubai with...",Dubai,
BIELENDA GROUP SPOLKA AKCYJNA,bielenda.pl,+48503586810,d.wlerzbicka@bielenda.pl,"Fabryczna 20, 31-553, Krakov, Poland",Poland,BIELENDA GROUP SPOLKA AKCYJNA,B11,We have been manufacturing the best quality natural cosmetics for face and body care for over 30 years. We are a modern company...,Krakov,
Bilesim Kimya AS,bilesimkimya.com,+902128866464,ahmet.nuri@bilesimkimya.com,"ATATURK MAH 2244. SOK NO 9 KIRAC, 34522, Istanbul, Türkiye",Türkiye,Bilesim Kimya AS,A26,,Istanbul,
Biocos Trading Co. L.L.C.,biocos.pk.com,+971923234751449,ghanigroup@yahoo.com,"Deira F02, Dubai, United Arab Emirates",United Arab Emirates,Biocos Trading Co. L.L.C.,D43,,Dubai,
"BIOCOSONE CO.,LTD.",,+8231-378-4230,,"#321, 1, Daehak-ro, Jeongmi-myeon, 31801, Dangjin-si, Korea, the Republic of (South)","Korea, the Republic of (South)","BIOCOSONE CO.,LTD.",C31,"We make HIGH-PERFORMANCE SKINCARE Accessible, Convenient, and Affordable.Inspired by dermatological care, we use our Patented...",Dangjin-si,
Biolandes,biolandes.com,+33558510736,a.fievez@biocosmethic.com,"Route de Belis BP 2, 40420, Le Sen, France",France,Biolandes,K40,The Biolandes Group is a global reference in the production of natural ingredients and a preferred partner to companies in...,Le Sen,
"Biopt Co., Ltd.",,+822-6180-9000,joon@biopt.co.kr,"Ste 203, 8 Beobwon-ro 8-gil, Songpa-gu, 05855, Seoul, Korea, the Republic of (South)","Korea, the Republic of (South)","Biopt Co., Ltd.",G32,"Biopt Co., Ltd. is a Korean derma-cosmetic and beauty device company dedicated to combining cutting-edge bio science with...",Seoul,
"Biowellspharm co., Ltd",biowellspharm.co.kr,+822-272-2267,steven@biowp.co.kr,"499 Gangseo-ro, Gangseo-gu,, 07523, Seoul, Korea, the Republic of (South)","Korea, the Republic of (South)","Biowellspharm co., Ltd",C13,"BioWellsPharm Co., Ltd. is a South Korea-based pharmaceutical and dermocosmetic company with over 20 years of experience...",Seoul,
BLF Corporation,,+8210-5423-1440,ko@blfcorporation.com,"Bongnaesen-ro 11, 00000, Gangwon-do, Korea, the Republic of (South)","Korea, the Republic of (South)",BLF Corporation,B10,,Gangwon-do,
Blossom Care & Glow,blossomcare.com.br,+551699124-1713,rachel.melo@blossomcare.com.br,"Avenida Professora Maria de Cresci Leopoldino 755 C380, 13563-623, Sao Carlos, Brazil",Brazil,Blossom Care & Glow,H16,🌸 Introducing Blossom Care & Glow™ Blossom is a Brazilian skincare brand born from the harmony between science and nature...,Sao Carlos,
"BMPort Co., Ltd.",bmport.com,+8210-7543-8700,bmportceo@gmail.com,"7-12 Daehak-ro 179beon-gil,, Daejeon, Korea, the Republic of (South)","Korea, the Republic of (South)","BMPort Co., Ltd.",F22,We have our own Factory. We make our own Calcium Hydroxyapatite. We make our own Products. BMPort is a Korean biomaterials...,Daejeon,
BMV Fragrances Pvt. Ltd.,bmvfragrances.com,+918800337846,prapti@bmvfragrances.com,"Surajphur Industrial Area, Site V Kasna, 201308, Greater Noida, India",India,BMV Fragrances Pvt. Ltd.,C40,"Manufacturer of World Class 100% Pure & Natural Essential Oils, Resins, Perfume Oils and Fragrance Oils. Since our inception...",Greater Noida,
BNB Global (Private) Limited,,+92310005990,info@bodynbody.com,"Faiz Road, Muslim Town, 54000, Lahore, Pakistan",Pakistan,BNB Global (Private) Limited,F42,BNB Global is a Pakistan-based company proudly expanding its presence in the UAE. We specialize in organic and natural skincare...,Lahore,
BONTOUX SAS,bontoux.com,+33475286579,maketing@bontoux.com,"route du Col de Peyruergue 583, 26170, SAINT AUBAN SUR L’OUVEZE, France",France,BONTOUX SAS,I39,"Established in Haute Provence, France, since 1898, Bontoux is a global family business with historical expertise in natural...",SAINT AUBAN SUR L’OUVEZE,
Bormioli Luigi,bormioliluigi.com,+3905217931,gabriella.minari@bormioliluigi.com,"Viale Europa 72/A, 43122, Parma, Italy",Italy,Bormioli Luigi,L10,Bormioli Luigi is a leading Italian glass packaging manufacturer with a long tradition of excellence in the beauty industry...,Parma,
Born to Bronze LLC,,+905384647884,atacan@yildizdukkani.com.tr,"112 Capitol Trail Ste. A1225, 19711, Newark, United States",United States,Born to Bronze LLC,B15,Eda Taşpınar's story began at age six — when she peeled the labels off tanning oil bottles and replaced them with her own...,Newark,
Boshara,,+971503025600,walidaboushara@gmail.com,"Deira, 00000, Dubai, United Arab Emirates",United Arab Emirates,Boshara,A46,,Dubai,
"Boshing Mould & Plastic (Zhu Hai) C., Ltd",,+8615294807535,lyla@zhbaoli.com,"Qingnian Road, Hongqi Town No 13, 519090, Zhu Hai, China",China,"Boshing Mould & Plastic (Zhu Hai) C., Ltd",A15,,Zhu Hai,
Bosing Packing Global Trade Limited,,+8613826072920,bs@bosingpackage.com,"Wang Kwong Road 8, Kowloon, Hong Kong",Hong Kong,Bosing Packing Global Trade Limited,A36,"Bosing Packaging is an integrated packaging technology company specializing in R&D, design, production, sales, and customer...",Kowloon,
BOTANIKA MARRAKECH,,,morelli.f@ircoslaboratoires.com,"LOT AL MASSAR 126, 40000, MARRAKECH, Morocco",Morocco,BOTANIKA MARRAKECH,A12,,MARRAKECH,
Bougies La Francaise,bougies-la-francaise.com,+33251421534,contact-privatelabel@bougies-la-francaise.com,"Rue du President Auguste Durand 40, 85610, Cugand, France",France,Bougies La Francaise,C18,"Candle-maker since 1902, BOUGIES LA FRANCAISE, a French family-run business is now part of the EMOSIA Group. Actual leading...",Cugand,
"Boundless Light Hongkong Technology Co., Limited",,+8613570648421,olivia@otarapack.com,"San On Street 9, Hong Kong",Hong Kong,"Boundless Light Hongkong Technology Co., Limited",H20,"Green Valley Group is a sustainable luxury packaging soluations provider. It comprises two subsidiary brands: KALI, specializing...",,
"Boxian Industrial (Guangdong) Co., Ltd.",,+8613968994728,345910935@qq.com,"No. 35 Fuzhong RD. Fuhe Sanjing Village, 510000, Guangzhou, China",China,"Boxian Industrial (Guangdong) Co., Ltd.",J21,,Guangzhou,
BRAND501 Corp,brand501.com,+8210-7441-9405,global_b2b@brand501.com,", Achasan-ro 9-gil, Seongdong-gu 20, Seoul, Korea, the Republic of (South)","Korea, the Republic of (South)",BRAND501 Corp,D28,"Brand501 is an innovative company that creates exceptional products tailored to customer needs. Our flagship brand, Dr. Melaxin...",Seoul,
Braserv Comercio De Cosmeticos E Perfumaria Ltda,,+551999805-6546,milena@sarahk.com.br,"Sao Miguel, 203 - Pinheirinho, 13289-330, Vinhedo, Brazil",Brazil,Braserv Comercio De Cosmeticos E Perfumaria Ltda,D28,Sarah K Professional is a Brazilian Hair Cosmetics company with a presence in over 50 countries. Our journey is propelled...,Vinhedo,
"Breathe B International Co.,Ltd",,+8210-9303-4448,cjh@grunamu.com,"10-9, Dalgubeol-daero 174-gil Dasa-eup, Dalseong-gun, Daegu, Korea, the Republic of (South)","Korea, the Republic of (South)","Breathe B International Co.,Ltd",C25,"Breathe B InternationalOne of Korea’s Largest Beauty Powerhouses with All-Encompassing Categories and 1,000+ SKUs.Corporate...",Daegu,
Brite Henna Products (AKASA EXPORTS),,+919537080069,akshay.brite@gmail.com,"Heerani Niwas, 306104, Sojat City, India",India,Brite Henna Products (AKASA EXPORTS),B20,Brite Henna Products — Since 1986 Brite Henna Products is a trusted Indian manufacturer and exporter of 100% pure and natural...,Sojat City,
BROSH,brosh.jp,+813-6455-0319,ramos@fireworks-japan.jp,"SENDAGAYA, 151-0051, SHIBUYA KU, Japan",Japan,BROSH,D10,The idea of a Japan-made hair pomade was first conceived in 2015 after the opening of the Japanese barbershop chain Mr. Brother...,SHIBUYA KU,
BSH,,,purchase9dubai@nazih.com,"Corniche, Sharjah, United Arab Emirates",United Arab Emirates,BSH,,"FROM RIO, TO THE WORLD – Recognized by the Brazilian excellence in hair straightening, our work has been recognized worldwide...",Sharjah,
Buddha Supply Chain Limited,,,,"2C Argyle Street, Hong Kong, Hong Kong",Hong Kong,Buddha Supply Chain Limited,G37,,Hong Kong,
Bujairami Perfumes (S.P.S - L.L.C),bujairami.ae,+97165276560,uae@bujairami.com.au,"Al Jurf Industrial 2 Plot 0869, Ajman, United Arab Emirates",United Arab Emirates,Bujairami Perfumes (S.P.S - L.L.C),B11,,Ajman,
Burgan Al Khaleej General Trading LLC,burganalkhaleej.ae,+971552812007,b.zamanian@burganalkhaleej.ae,"181249, United Arab Emirates",United Arab Emirates,Burgan Al Khaleej General Trading LLC,D17,,,
Business France,,+33140733000,catherine.dufour@businessfrance.fr,"77 Boulevard Saint Jacques, 75014, Paris, France",France,Business France,C40,About Business France Business France is the national agency serving the international development of the French economy...,Paris,
BUY 2B TRADING L.L.C.,,+971559027545,ehab@buy2b.com,"Al Mankhol St, Dubai, United Arab Emirates",United Arab Emirates,BUY 2B TRADING L.L.C.,G12B,,Dubai,
BYF Resources (M) SDN. BHD.,byfrma.com,+603-87233757,byfrmsb@gmail.com,"Mega Industrial Park, Selangor No. 25, 43500, Semenyih, Malaysia",Malaysia,BYF Resources (M) SDN. BHD.,I20,,Semenyih,
Byjin Evergreen Cosmetics Trading L.L.C,skcosmetics.ae,,kimleykim2015@gmail.com,"Office 1303 Al Sabkha, Deira 13th Floor, Dubai, United Arab Emirates",United Arab Emirates,Byjin Evergreen Cosmetics Trading L.L.C,"G20, A16",Founded in 2015 BYJIN Evergreen Cosmetics Dubai is a trusted distributor of authentic beauty and skincare brands from Korea...,Dubai,
BYOGO INC.,,+1905-962-2039,sophia.byogo@outlook.com,"Finch Avenue East 5230, M1S 4Z9, Scarborough, Canada",Canada,BYOGO INC.,F36,"Established in 2014, professional perfume packaging manufacturer. We mainly produce perfume caps in plastic(Surlyn, ABS), Resin...",Scarborough,
Byron Inc,,+1602-317-4977,info@bachmanns-deco.com,"N Griffin ST STE R 2442, 85003, Phoenix, United States",United States,Byron Inc,F27,Byron Packaging is a premier manufacturer specializing in high-end perfume packaging solutions. As a fully integrated manufacturer...,Phoenix,
C.H. Packaging Technology (HK) Limited,,+85290470496,cathy@chp-packtech.com,"Shan Mei Street 19-25, Shatin, Hong Kong",Hong Kong,C.H. Packaging Technology (HK) Limited,I27,"We are a professional manufacturer of perfume packaging with over 20 years of experience, specialized in glass perfume bottles...",Shatin,
Caneza Perfumes LLC,caneza.com,+971509605686,kunal@calantiperfumes.com,"86993, United Arab Emirates",United Arab Emirates,Caneza Perfumes LLC,C12,,,
Capua 1880 SRL,capua1880.com,+3909657939239,luca.boccaozino@capua1880.com,"ZONA INDUSTRIALE SNC, 89052, CAMPO CALABRO, Italy",Italy,Capua 1880 SRL,E24,"Capua 1880, a family-owned Italian business, is a leading producer of citrus essential oils and juices. Located in Southern...",CAMPO CALABRO,
Carbonnel S.A.,carbonnel.com,+34936569355,cmr@carbonnel.com,"C/E No 4, 08620, St. Vincent Horts, Spain",Spain,Carbonnel S.A.,C16,We are specialised in French & Oriental fragrances. We develop tailor-made fragrances. Parfums sur mesure & New Brands Consultancy...,St. Vincent Horts,
Caregen Co. Ltd.,caregen.co.kr,+8231-420-9200,sales@caregen.com,"4638, 14119, Korea, the Republic of (South)","Korea, the Republic of (South)",Caregen Co. Ltd.,F12,"Caregen, a global leader in peptide research and development, is a global biotechnology company that has commercialized its...",,
Carsibasi Kozmetik Tekstil Ltd. Sti,,+902165260909,emirhan@carsibasi.com,"Kule Sokak, 34775, Istanbul, Türkiye",Türkiye,Carsibasi Kozmetik Tekstil Ltd. Sti,A28,"Since the day it was founded, Pierre Cardin Cosmetic managed to be one of the pioneer organizations of the sector, exhibiting...",Istanbul,
Cartacor Italia SRL,cartacor-italia.com,+39236630962,dbiondi@cartacor-italia.com,"Via Libero Biagi 65-B 10, 20099, SESTO SAN GIOVANNI, Italy",Italy,Cartacor Italia SRL,E40,Cartacor Italia specializes in the design andproduction of color charts for the trichologyand cosmetic markets. Cartacor...,SESTO SAN GIOVANNI,
Carvansons Middle East DMCC,carvansons.co.uk,+97145521030,dubaioffice@carvansons.co.uk,"251033, 251033, United Arab Emirates",United Arab Emirates,Carvansons Middle East DMCC,A11,"Carvansons is an established and trusted UK Fragrance Manufacturer. We innovate, develop and manufacture high quality fragrance...",,
Casmara,,+97165739392,projectdept@nazih.com,"Buhairah Corniche, Sharjah, United Arab Emirates",United Arab Emirates,Casmara,,"Founded in 1974 in Valencia, Spain, CASMARA Laboratory specializes in innovative dermo-cosmetic formulas, combining timeless...",Sharjah,
Catwalk Trading LLC,wa.me,+97142266053,,"65429, United Arab Emirates",United Arab Emirates,Catwalk Trading LLC,G45,Company Profile Over 23 years in FMCG Distribution. CATWALK TRADING LLC was established in 2001 with the aim of supplying...,,
CC Kozmetik Kimya Insaat Taahhut Ithalat Ihracat San.Ve Tic.Ltd. Sti,skcosmetics.ae,+905017417911,export@bargello.com.tr,"Yunus Emre Mah. No.4, 16300, Bursa, Türkiye",Türkiye,CC Kozmetik Kimya Insaat Taahhut Ithalat Ihracat San.Ve Tic.Ltd. Sti,C12,Bargello started the business with cologne manufacturing in 1950. The company grew over time and became one of the most preferred...,Bursa,
CCAM BBAK,,+8210-7586-5278,zahra@normmund.com,"61, Seongsu-iro 22-giL, Seoul, Korea, the Republic of (South)","Korea, the Republic of (South)",CCAM BBAK,B39,"CCAM BBAK is a leading Korean eye-beauty brand born in Cheongdam, the heart of K-beauty. Developed through extensive research...",Seoul,
Ce.way Regulatory Consultants L.L.C-FZ,wa.me,+971503700277,info@ceway.eu,"Meydan Road, Nad Al Sheba, Dubai, United Arab Emirates",United Arab Emirates,Ce.way Regulatory Consultants L.L.C-FZ,F30,CE.way Regulatory Consultants is a global cosmetics regulatory and testing consultancy helping brands bring their products...,Dubai,
"Celim Biotech Co., Ltd.",,+8270-4603-1739,haohan71@naver.com,"8, Yusangongdan 9-gil,, Yang san, Korea, the Republic of (South)","Korea, the Republic of (South)","Celim Biotech Co., Ltd.",H38,"CELIM BioTech is a skincare research and development company established in 2015, developing products based on naturally...",Yang san,
"Celldraw co., Ltd.",celldraw.com,+8253-852-2578,celldraw@naver.com,"Samseonghyeon-ro 738, 42026, Gyeongsan-si, Korea, the Republic of (South)","Korea, the Republic of (South)","Celldraw co., Ltd.",E21,"Celldraw offers a high-performance medical cosmetic line exclusively for hospitals and aesthetic clinics, including skin...",Gyeongsan-si,
Cellicon Lab. Inc.,celliconlab.com,+8210-4620-1977,sandra@celliconlab.com,"760 Gyeryong-Ro,, 34872, Daejeon, Korea, the Republic of (South)","Korea, the Republic of (South)",Cellicon Lab. Inc.,E17,CelliconLab Inc. is a biotech venture founded on experience in peptide drug research established in 2012.With over 200 new...,Daejeon,
Centdegrés,centdegres.com,+971144725900,g.dore@centdegres.fr,"5004018, Dubai, United Arab Emirates",United Arab Emirates,Centdegrés,G12,IBG & centdegrés We are brand builders and brand boosters. The all-in-one brand development ecosystem dedicated to Beauty...,Dubai,
CENTRE 7,centre7.com,+33633667219,siegfried.prive@centre7.com,"chemin de la Chatte, 87290, SAINT SORNIN LEULAC, France",France,CENTRE 7,D24,,SAINT SORNIN LEULAC,
Cevera Kozmetik Limited Sirketi,cevera.com,+905382272599,ceveracosmetic@hotmail.com,"Kapi No. 03 Sisli, 34630, Istanbul, Türkiye",Türkiye,Cevera Kozmetik Limited Sirketi,B17,"At Cevera , our mission is to provide access to premium quality makeup that celebrates diversity and inclusion. Our extensive...",Istanbul,
CHAMYLINEX,chamylinex.com,+33628554443,elie.houri@chamylinex.com,"Rue Gay Lussac 28, 77290, Mitry-Mory, France",France,CHAMYLINEX,G43,"Chamylinex is a French B2B distributor specializing in FMCG (Fast-Moving Consumer Goods), with a strong expertise in personal...",Mitry-Mory,
"Changzhou Jasmine Packaging Co., Ltd.",jasminepackaging.com,+8613776834539,ashly@jasminepackaging.com,"Majiaxiang Community, 213000, Changzhou, China",China,"Changzhou Jasmine Packaging Co., Ltd.",H31,"Established in Changzhou in 2004, Jascopack Group is a leading cosmetic packaging manufacturer with over 20 years of expertise...",Changzhou,
Chantal Sp z o.o.,chantal.com.pl,+48503940747,export1@chantal.com.pl,"Wispolna Str. 1, Duchnow, 05-462, Wiazowna, Poland",Poland,Chantal Sp z o.o.,C19,"Chantal is a Polish company that has been specializing in the production of professional cosmetics for the care, colorization...",Wiazowna,
CHEMAROME,chemarome.com,+34934976116,laura@chemarome.com,"Pintor Roig I Soler 20 P.I, 08916, Badalona-Barcelona, Spain",Spain,CHEMAROME,A01,Chemarome is a dynamic and modern international company originated in Barcelona with European heritage. We specialize in...,Badalona-Barcelona,
Chemical Link Trading LLC,chemicallinkme.com,+97142674902,arun@chemicallinkme.com,"18897, 500001, United Arab Emirates",United Arab Emirates,Chemical Link Trading LLC,D08,"Chemical link Trading is a trusted supplier and distributor of high quality raw materials and speciality chemicals, Serving...",,
Cheri Up Cosmetics IKE,skcosmetics.ae,+306945979786,yiotab@cheriup.gr,"Doukisis Plakentias 62 & 11 Pentelis Ave. Melissia, 151 27, Athens, Greece",Greece,Cheri Up Cosmetics IKE,B37,CHERI UP Cosmetics is an innovative Greek beauty brand that has rapidly established a strong presence in the cosmetics industry...,Athens,
"Chiang Pao Industrial Co., Ltd.",chiangpao.com.tw,+88662541988,grace@chiangpao.com.tw,"Zhongzheng 5th St 85, 71066, Tainan, Taiwan",Taiwan,"Chiang Pao Industrial Co., Ltd.",C18,"Chiang Pao Industrial Co., Ltd. was established in 1991 with over 30 years history. We specialize in manufacturing cosmetic...",Tainan,
"China AiQi Packaging Co., Ltd",aiqiglass.com,+8618666012273,rock@aiqiglass.com,"Building G12, 513000, QingYuan, China",China,"China AiQi Packaging Co., Ltd",F26,"Welcome to China AiQi, a premier manufacturer of exquisite perfume bottles dedicated to the art of fragrance presentation...",QingYuan,
Christine Trading Company (One Partner),dkhoonemirates.com,+966533685551,walaalasbahi791@gmail.com,"Al Andalus Tower, Al Andalus Rd,, Al Ruwais, 23213, Jeddah, Saudi Arabia",Saudi Arabia,Christine Trading Company (One Partner),B12,Christine is a premium cosmetics brand inspired by the Arab woman’s heritage and elegance. We create products that combine...,Jeddah,
"ChromaX Co., Ltd",chromax.co.kr,+8210-6243-5495,dashu.jungjoo@gmail.com,"Geomdan-ro 326beon-gil Geomdan-gu, 22661, Incheon, Korea, the Republic of (South)","Korea, the Republic of (South)","ChromaX Co., Ltd",B31,"[DASHU] http://www.hairwax.co.kr Becoming the standard for men’s styling. Dashu, a specialized men’s grooming brand launched...",Incheon,
Chuang Xing Technology Trade (HK) Limited,xing.com,+8613713689087,qianyibeautysales003@outlook.com,"78 Bonham Strand, Sheung Wan, Hong Kong",Hong Kong,Chuang Xing Technology Trade (HK) Limited,D17,"We are a integrated enterprise specialized in R&D, manufacturing and marketing of hairdressing equipment, health & medical...",Sheung Wan,
Classic Signature Events Organizing L.L.C.,classic-events.com,+97335160030,marry@classic-events.com,"Al Muraqqabat, Dubai, United Arab Emirates",United Arab Emirates,Classic Signature Events Organizing L.L.C.,F18,,Dubai,
Clik Plus Garments Trading LLC S.O.C,,+971552373365,mikiyasgetachew08@gmail.com,"18268, United Arab Emirates",United Arab Emirates,Clik Plus Garments Trading LLC S.O.C,F09,,,
"CNF Co., Ltd.",cnfcos.com,+8270-4420-6487,globalsales@cnfcos.com,"140beonan-gil, 15845, Gunpo-si, Korea, the Republic of (South)","Korea, the Republic of (South)","CNF Co., Ltd.",B11,cnf PhilosophyWe always do best attention to give you happy and healthy skin from nature.We carefully selected safe and natural...,Gunpo-si,
"COCODOR Co., Ltd",,,cocodorintl@cocodor.com,"Mohyeon-eup, Wangdam-ro, 145-17, Cheoin-gu, Yongin-si, Korea, the Republic of (South)","Korea, the Republic of (South)","COCODOR Co., Ltd",A42,"COCODOR CO., Ltd.is a diffuser manufacturer specializing in room fragrance products and advancing towards its goal of being...",Yongin-si,
COCOHAIR COSMETICS L.L.C,skcosmetics.ae,+971564411190,cocohair24k@gmail.com,"00000, United Arab Emirates",United Arab Emirates,COCOHAIR COSMETICS L.L.C,E31,,,
Colornow Canada Limited,,+1647-885-5602,colornow01@colornow.net,"Prairie Rose Dr. 154, L4S 0M9, Richmond Hill, Canada",Canada,Colornow Canada Limited,C27,HAIR CARE TO PROVIDE YOU WITH PERFORMANCE DRIVEN PROFESSIONAL HAIR CARE SOLUTIONS,Richmond Hill,
Colourtech Coating India Private Limited,,+918082888884,het@colortek.in,"121869, 400080, MUMBAI, India",India,Colourtech Coating India Private Limited,C28,"India's first, since 2000. Serving as the backbone of the packaging industry, our advanced coatings deliver unmatched durability...",MUMBAI,
Comaroild Sarl,,+21261243469,info.comaroild@gmail.com,"Douar Ouled Lguern commune SAADA, 40000, Marrakech, Morocco",Morocco,Comaroild Sarl,A25,,Marrakech,
Comercializadora Pack S.A. DE C.V. LLC,,+1523-331-8878,alleset_may@126.com,"Mountain Road PL NE STE R Albuquerque 1209, 87110, New Mexico, United States",United States,Comercializadora Pack S.A. DE C.V. LLC,"G22, G22","Comercializadora Pack based USA. introduced international advanced professional pre-press, digital printing and post-press...",New Mexico,
Comfortable Packaging Company Limited,,+85230623063,angiepackaging1968@gmail.com,"Hoi Yuen Road 45, Hong Kong",Hong Kong,Comfortable Packaging Company Limited,H36,"Comfortable Packaging is a company in the perfume, cosmetics, and beauty industry, combining simplicity, luxury, and youthfulness...",,
COMISION DE PROMOCION DEL PERU PARA LA EXPORTACION Y EL TURISMO PROMPERU,,+516167300,elava@promperu.gob.pe,"Calle Uno Oeste N° 050, 15036, Lima, Peru",Peru,COMISION DE PROMOCION DEL PERU PARA LA EXPORTACION Y EL TURISMO PROMPERU,H16,,Lima,
Comprof Milano SRL,comprofmilano.it,+398115108064,export@comprofmilano.it,"P.zza S. Maria degli Angeli a Pizzofalcone 1, 80132, Naples, Italy",Italy,Comprof Milano SRL,F12,Comprof Milano is an Italian multi-brand company operating across the cosmetic industry to meet the needs of beauty experts...,Naples,
CONCEPT AROMATIQUE,concept-aromatique.fr,+33494857771,,"Impasse des Parfums 40, 83440, MONTAUROUX, France",France,CONCEPT AROMATIQUE,D26,,MONTAUROUX,
"Conpros Co., Ltd.",,+8180-9478-6813,dianalea199@outlook.com,"Lions Plaza, No. B110, 116-0001, Arakawa, Japan",Japan,"Conpros Co., Ltd.",F28,"Our packaging solutions encompass a full range of professional services, including creative design, R&D of environmentally...",Arakawa,
Cool & Cool,coolandcool.ae,+971529993344,faizan@coolandcool.com,"Al Ghail Industrial Area, Ras Al Khaima, United Arab Emirates",United Arab Emirates,Cool & Cool,"C28, C32","Cool & Cool a leading international FMCG brand, is known for its exceptional reputation followed by delivering trustworthy...",Ras Al Khaima,
Coral Perfumes Industry LLC,khadlaj-perfumes.com,+97143217112,shibi@coralperfumes.com,"186887, United Arab Emirates",United Arab Emirates,Coral Perfumes Industry LLC,B30,"Welcome to CORAL PERFUMES LLC, a place where artistry and perfection blends. As a top perfume company, we're dedicated to...",,
Coscentra B.V.,coscentra.com,+31455420277,b.vandyck@coscentra.nl,"Wenckebachstraat 12, 6466 NC, Kerkrade, Netherlands",Netherlands,Coscentra B.V.,A09,,Kerkrade,
Cosmaline s.a.l,cosmaline.com,+9611900100,,"90201, 1200, Lebanon",Lebanon,Cosmaline s.a.l,C26,"We are 38 years young, and our entrepreneurial drive for personal care and beauty is blooming launch after launch.We have...",,
Cosmelab,cosmelab.ma,+212678-089361,cosmelabmaroc@gmail.com,"KM 25 ROUTE DE AIN AOUDA, 10100, RABAT, Morocco",Morocco,Cosmelab,H24,MoroccanTree is a luxury skincare brand dedicated to professional SPA and HAMMAM rituals for the face and body. Inspired...,RABAT,
Cosmetec Innovating Cosmetic Products S.R.L.,skcosmetics.ae,+390250067282,gabriellaoggionni@cosmetec.it,"Via Strada Provinciale 235 km 46, 26010, Chieve, Italy",Italy,Cosmetec Innovating Cosmetic Products S.R.L.,"E36, F15","Cosmetec is a manufacturing company specialized in creation, development and production of cosmetic makeup products. Located...",Chieve,
Cosmetic Pack LLC,cosmeticpack.ae,+97142233974,prasad@cosmeticpack.ae,"Office 2215 Business Bay, 171868, Dubai, United Arab Emirates",United Arab Emirates,Cosmetic Pack LLC,I11,,Dubai,
Cosmetic Service SRL,cosmeticservice.it,+39414567050,,"Via Delle Industrie 124, 30020, Marcon Venezia TV, Italy",Italy,Cosmetic Service SRL,G15,"Cosmetic Service srl is a private label manufacturer specialized in color make-up and nail polish products, made in Italy...",Marcon Venezia TV,
Cosmo International Fragrances,cosmo-fragrances.com,+971544049054,samira.boumediene@cosmo-fragrances.com,"Unit 215, Dubai, United Arab Emirates",United Arab Emirates,Cosmo International Fragrances,A12,,Dubai,
COSPLAN.Inc,,+8210-3003-7010,global@cosplan.net,"111, Digital-ro 26-gil Guro-gu, Seoul, Korea, the Republic of (South)","Korea, the Republic of (South)",COSPLAN.Inc,D19,"Based in Seoul, COSPLAN Inc. creates and globally operates the professional skincare brand DERMATHOD. Guided by the philosophy...",Seoul,
COVEN EGIDIO S.R.L,covenegidio.com,+390382466390,,"Via Mario Chiri, 27100, Pavia, Italy",Italy,COVEN EGIDIO S.R.L,D12,"Coven Egidio Srl is a family-run business, specialized in the production of crimping and filling machines for perfumes. Thanks...",Pavia,
COVERPLA,coverpla.com,+33493767810,,"301 boulevard de L'observatoire, 06300, NICE, France",France,COVERPLA,E35,,NICE,
CPL Aromas FZE,cplaromas.com,+9711279718573,elsa.rahal@cplaromas.com,"CPL Aromas FZE. S31202, Jebel Ali Freezone, Dubai, United Arab Emirates",United Arab Emirates,CPL Aromas FZE,,"CPL Aromas is the world's leading international, fragrance-only fragrance house with over 50 years of experience. CPL Aromas...",Dubai,
CRAVER CORPORATION,cravercorp.com,+8210-7756-3539,sjhan@skin1004korea.com,"129 Teheran-ro Gangnam-gu, 06133, Seoul, Korea, the Republic of (South)","Korea, the Republic of (South)",CRAVER CORPORATION,E26,,Seoul,
Creaciones Iguazu SA De CV,,+52528332184336,raul.ponce@iguazu.com.mx,"Calle C2 Fraccionamiento Fimex Altamira, 89603, Mexico city, Mexico",Mexico,Creaciones Iguazu SA De CV,,,Mexico city,
Cream Team S.A.,,+306986677904,expm@creamteam.gr,"Aigaiou 4, 564 30, Thessaloniki, Greece",Greece,Cream Team S.A.,A11,"CREAMTEAM S.A. – DUST+CREAM CREAMTEAM S.A., owner of the DUST+CREAM brand, is a purely Greek company with headquarters...",Thessaloniki,
Creasens S.P.A.,creasens.it,+39322831681,marketing@creasens.it,"Via Maggiate 22, 28013, Gattico, Italy",Italy,Creasens S.P.A.,K16,"Creasens Group is an international Fragrance House with Italian roots, specialized in joining the perfumery Art with Tradition...",Gattico,
Creation Parfum Paris 26,sterlingparfums.com,+33642284884,virginie@cpp26.com,"rue Jouffroy d'Abbans, 75017, Paris, France",France,Creation Parfum Paris 26,C20,"With 26 years of experience in the cosmetics , and now 10 years in the perfume industry , Creation Parfum Paris 26 make part...",Paris,
CREATIVE CHANNELS FRAGRANCES LLC,abcfragrances.com,+97143379475,accounts01@creative-channel.com,"Sheikh Zayed Road, 73310, Dubai, United Arab Emirates",United Arab Emirates,CREATIVE CHANNELS FRAGRANCES LLC,G24,"About Us: Creative Channel Fragrances is a distinguished name in the fragrance industry, specializing in the distribution...",Dubai,
Credo (Amuse),credotr.com,+8210-2744-2060,jyoo@credotr.com,"767, Sinsu-ro, Suji-gu, 16827, Yongin-si, Korea, the Republic of (South)","Korea, the Republic of (South)",Credo (Amuse),B17,Credo is a specialized distribution company creating global value for Korea's beauty industry. From brand curation to global...,Yongin-si,
Crevil Cosmetics GmbH,skcosmetics.ae,+49892006297,info@crevil.de,"Isabella St. 13, 80798, Muenchen, Germany",Germany,Crevil Cosmetics GmbH,G43,,Muenchen,
"CTK Co., Ltd.",ctkclip.com,+82820262837200,chlee@ctkclip.com,"Hyoryeong-ro, Seocho-gu 234, Seoul, Korea, the Republic of (South)","Korea, the Republic of (South)","CTK Co., Ltd.",E15,CTK is a global cosmetics ODM company and digital development platform with over 25 years of expertise in the beauty industry...,Seoul,
Cubist Inc.,,+8210-2898-5097,global@cubist.co.kr,"25Yeonmujang5ga gil, 25, 04782, Seoul, Korea, the Republic of (South)","Korea, the Republic of (South)",Cubist Inc.,C26,Face Factory is a Korean beauty brand specializing in innovative home beauty devices and skincare solutions. We develop and...,Seoul,
Czech Blades s.r.o.,czechblades.cz,+420602523453,milan.masa@czechblades.cz,"Brnenska, 569 43, Jevicko, Czech Republic",Czech Republic,Czech Blades s.r.o.,A14,"Czech Blades company and its factory has been producing high-quality blades, razors and industrial knives for more than 75...",Jevicko,
"Daeil Beauty Collection Co., Ltd",beautyandperfumeintl.com,+8232-577-1711,salesteam1@magicare.co.kr,"Yeomjeon-ro201beon-gil, 41, 22137, Incheon, Korea, the Republic of (South)","Korea, the Republic of (South)","Daeil Beauty Collection Co., Ltd",C11,We have been exporting our goods under O.E.M. system over almost 30 years through other exporters and directly. We are the...,Incheon,
DAHRUM INTERNATIONAL,,+8210-8689-7047,real@dahrum.com,"#207, 2nd, Industry Research Center 40, Cheomdan-ro 8-gil, Jeju-si, Korea, the Republic of (South)","Korea, the Republic of (South)",DAHRUM INTERNATIONAL,C22,"Founded in 2014, DAHRUM International Co., Ltd., operates two skincare brands, EPONA(Premium Skincare) and VERTTY(for Sensitive...",Jeju-si,
DALAN KIMYA ENDUSTRI A.S.,dalan.com.tr,+905325651597,,"Umit mah. Kemalpasa cad.no:325, 35060, İzmir, Türkiye",Türkiye,DALAN KIMYA ENDUSTRI A.S.,B27,,İzmir,
"Dalian Zhongmeng Fashion Cosmetics Co., LTD",skcosmetics.ae,+8618698689837,grace@cnzhongmeng.com,"No. 36, Xingxian Street, Qixianling,, 116085, Dalian, China",China,"Dalian Zhongmeng Fashion Cosmetics Co., LTD",G21,ZM Beauty Supply is a premier international manufacturer specializing in bespoke cosmetic product development and full-spectrum...,Dalian,
Dalton Cosmetics GmbH,skcosmetics.ae,+4915141416296,export@dalton-cosmetics.com,"Hauptstraße 6, 94571, Schaufling, Germany",Germany,Dalton Cosmetics GmbH,G35,"Dalton Marine Cosmetics NATURAL, GENTLE AND EFFECTIVE The name DALTON stands for 50 years of experience in the field of marine...",Schaufling,
Dance Rose Cosmetics Trading LLC,skcosmetics.ae,+971543303567,camelliac@sohu.com,"Baniyas Sqaure, Deira, Dubai, United Arab Emirates",United Arab Emirates,Dance Rose Cosmetics Trading LLC,B38,Dance Rose Cosmetics Trading L.L.C is a dynamic company dedicated to providing premium beauty products worldwide. With a...,Dubai,
Dar Al Marjan Glass Coating LLC,,+97165352636,dmgcoating@gmail.com,"Industrial Area, Sharjah, United Arab Emirates",United Arab Emirates,Dar Al Marjan Glass Coating LLC,D28,,Sharjah,
Darong Beauty HK Limited,beautyandperfumeintl.com,,noemail@noemail.com,"290-296 Un Chau Street, Hong Kong, Hong Kong",Hong Kong,Darong Beauty HK Limited,B33,,Hong Kong,
Dauper S.A,,+34938470066,info@dauper.com,"c/Torrent de Terrades 9, 08474, Gualba, Spain",Spain,Dauper S.A,A09,Dauper S.A. is a family-owned company founded in Barcelona in 1988.They create and manufacture fragrances and flavors that...,Gualba,
Dehnee Perfume Factory LLC,khadlaj-perfumes.com,+97142859283,asdhamma@dehnee.com,"St. 18 B, Umm Ramool, 37886, Dubai, United Arab Emirates",United Arab Emirates,Dehnee Perfume Factory LLC,C11,"Dehnee, a luxury perfume brand founded in the UAE in 1990, redefines 21st-century luxury with its exquisite fragrances crafted...",Dubai,
"Department of Foreign Trade (DFT), Ministry of Commerce, Thailand",dft.co.th,+6625474744,apiinspire@gmail.com,"Nonthaburi Rd., Bangkrasor, Muang District 563, 11000, Nonthaburi Province, Thailand",Thailand,"Department of Foreign Trade (DFT), Ministry of Commerce, Thailand",D34,,Nonthaburi Province,
DEPILEVE,depileve.com,,fbouhenna@drv.es,"C/ Oro 10, 28770, Colmenar Viejo, Spain",Spain,DEPILEVE,H21,"DRV-PHYTOLAB, a leader in professional beauty for over 50 years, is renowned for quality, expertise, and trust. With ISO...",Colmenar Viejo,
Dermhub Laboratories Pte Ltd,,+65124122389,support@krxaesthetics.com,"Circular Road #02-01 68, 049422, Singapore, Singapore",Singapore,Dermhub Laboratories Pte Ltd,E29,Dermhub Laboratories Pte Ltd is a Singaporean group of companies that manufactures Cosmeceutical and professional products...,Singapore,
"DERMSTORY co., Ltd",,+82821025513643,moniquemian135@gmail.com,"Gunpo-si, 15850, Gyeonggi-do, Korea, the Republic of (South)","Korea, the Republic of (South)","DERMSTORY co., Ltd",H09,"Experience your skin changing every day! We do our best to lead cosmetic market by researching, developing and distributing...",Gyeonggi-do,
Desert Gate Trading L.L.C-FZ,desertgatetrading.com,+97145498231,info@desertgatetrading.com,"Meydan Road, Nad Al Sheba, Dubai, United Arab Emirates",United Arab Emirates,Desert Gate Trading L.L.C-FZ,C36,Desert Gate Trading LLC FZ is a Dubai-based trading and distribution company with a diverse portfolio spanning premium fragrances...,Dubai,
DESERT ROSE PACKAGING & PACKING MAT.TR. SOLE PROPRIETORSHIP L.L.C,,+971557527445,desertroseppmt@gmail.com,"Industrial Area 17, Sharjah, United Arab Emirates",United Arab Emirates,DESERT ROSE PACKAGING & PACKING MAT.TR. SOLE PROPRIETORSHIP L.L.C,D25,Desert Rose Packaging Solutions is one of the pioneers in perfumery packing solutions based in Sharjah. We are the stockists...,Sharjah,
Devi GmbH,,+4917650007275,marketing@sapcotegec.com,"Tulpenstrasse, 47057, Duisburg, Germany",Germany,Devi GmbH,K28,,Duisburg,
DGF Trading LLC,,,daniel@dgftrading.com,"Al Qusais, 500001, Dubai, United Arab Emirates",United Arab Emirates,DGF Trading LLC,A17,"At S Group S.A.R.L., we are a leading cosmetics manufacturer based in Lebanon, dedicated to producing high-quality, safe...",Dubai,
"DH COSMETIC Co., Ltd.",skcosmetics.ae,+8231-606-3301,ana@pestlo.com,"13595 7F, 37, Hwangsaeul-ro 258 beon-gil, Bundang-gu, 13595, Seongnam-si, Korea, the Republic of (South)","Korea, the Republic of (South)","DH COSMETIC Co., Ltd.",B38,"For centuries, apothecaries in both the East and the West have devoted themselves to healing people through the power of...",Seongnam-si,
Dhalumal International Trading (L.L.C.),dhalumal.com,+97142267772,info@skycolorsfmcg.com,"New Diera, Dubai, United Arab Emirates",United Arab Emirates,Dhalumal International Trading (L.L.C.),E38,"A Legacy of Excellence Since 1976, Dhalumal Group has been a beacon of quality and innovation in Dubai. Founded by the visionary...",Dubai,
DINTO,dinto.co.kr,+8210-3058-0326,overseas@trendmaker.kr,"186Gasan digital 1-ro Geumcheon-gu, Seoul, Korea, the Republic of (South)","Korea, the Republic of (South)",DINTO,D23,Dinto is a contemporary beauty brand that transforms personal stories and emotions into a unique language of beauty. Inspired...,Seoul,
Direct Beauty LTDA,beautyandperfumeintl.com,+554599902-0501,hussein@directb.com.br,"2748, Brazil",Brazil,Direct Beauty LTDA,D25,"Mawwal Arabia is a modern fragrance house rooted in Middle Eastern heritage, dedicated to crafting scents that tell stories...",,
Disaar Trading (LLC),,+8617137866654,corazhang@livepro-beauty.com,"Al Salam Bldg Shop No 2, 186594, Dubai, United Arab Emirates",United Arab Emirates,Disaar Trading (LLC),B10,"LIVEPRO is a professional skincare and personal care manufacturer established in 2003, specializing in OEM, ODM and private...",Dubai,
Dison Tec LLC,,+97165349919,phoenixv@eim.ae,"Industrial Area, Emirates Road, 29170, Sharjah, United Arab Emirates",United Arab Emirates,Dison Tec LLC,"B12, B12","With 26 years of experience in the manufacturing and production industry, our journey reflects a legacy of growth, innovation...",Sharjah,
Distimex Group,distimex.com,+33321072529,distimex059@orange.fr,"Champs Elysees 34, 75008, Paris, France",France,Distimex Group,C12,,Paris,
DKHOON AL EMIRATIA,dkhoonemirates.com,+966565900294,export@dkhoonemirates.com,"6105, Saudi Arabia",Saudi Arabia,DKHOON AL EMIRATIA,"B32, H12","With 10+ years in the fragrance industry, DKHONI offers a diverse portfolio of perfumes, oud, bakhoor, body mists, diffusers...",,
DKHOUN NATIONAL TRADING COMPANY,dkhoun.com,+966112440224,info@dkhoun.com,"King Fahd Road, Ar Rhmanyah District,, 12341, Riyadh, Saudi Arabia",Saudi Arabia,DKHOUN NATIONAL TRADING COMPANY,C23,"DKHOUN is one of Saudi Arabia's leading fragrance brands, recognized for its premium positioning, strong market presence...",Riyadh,
DLCosmetics OE,cosmetics.ge,+302109939939,drevanis@cosmetics.gr,"Soulion STR 30, 173 42, Athens, Greece",Greece,DLCosmetics OE,B25,"Manufacturers and wholesalers of Ecstasy Perfumes, consists of fragance mists, lotions and eau de toilettes.",Athens,
DOGRU KALIP PLASTIK VE İNSAAT LTD. STİ.,,+905076036630,satis@dogruplastikkalip.com,"Mehmet Akif Ersoy Mah. Gurbetciler Sok. No:4B, Arnavutkoy, Istanbul, Türkiye",Türkiye,DOGRU KALIP PLASTIK VE İNSAAT LTD. STİ.,A14,,Istanbul,
Dogus Kozmetik Gida Insaat Turizm Ticaret A.S.,,+903122780535,export@doguskozmetik.com,"Saray Mah. 226.Sokak. No:3/1-2-3, Saraykoy, Kazan, 06980, Ankara, Türkiye",Türkiye,Dogus Kozmetik Gida Insaat Turizm Ticaret A.S.,D38,Dogus Cosmetic was founded in 1960 as a family business. Nowadays: 190 experienced staff 15.000 m2 and 7550 euro pallet...,Ankara,
Domaine Irzane & Victoria Esperance,,+212625-538188,hdenert31@sfr.fr,"Douar Ait Ali, BP 45, Serghina, 33000, Boulemane, Morocco",Morocco,Domaine Irzane & Victoria Esperance,A13,,Boulemane,
"Dongdonggurimoo Co., Ltd",,+828225423292,sales@lebelage.co.kr,"6F, 85, DEUNGYONG-RO,, Seoul, Korea, the Republic of (South)","Korea, the Republic of (South)","Dongdonggurimoo Co., Ltd",C27,"Dongdonggurimu Co., Ltd. is a South Korean cosmetics company best known for its skincare brand LEBELAGE. The company, located...",Seoul,
DONGGUAN AM PACKAGING COMPANY LIMITED,,+8683304688,benny@ampackaging.com.cn,"5Th Building No, Dongguan, China",China,DONGGUAN AM PACKAGING COMPANY LIMITED,F17,,Dongguan,
"Dongguan Bidisco Electric Co., Ltd",bidisco.com,+8676988939913,,"No.297, Jiangnan Road, Qishi Town, 523500, Dongguan, China",China,"Dongguan Bidisco Electric Co., Ltd",H12,,Dongguan,
"DONGGUAN CHOEBE PLASTIC PRODUCTS CO., LTD.",,+8613802450292,fanny-lin@choebe.com,"Shipai Town, 523000, Dongguan, China",China,"DONGGUAN CHOEBE PLASTIC PRODUCTS CO., LTD.",H09,,Dongguan,
Dongguan City Dizhong Hardware Products co. Ltd.,wa.me,+86769853074085,damon@junbohardware.com,"Humen Town, 523000, Dongguan, China",China,Dongguan City Dizhong Hardware Products co. Ltd.,A26,,Dongguan,
"DONGGUAN HUAGON AUTOMATION CO.,LTD.",,+8613537808697,charlie@huagon.net,"NO.5 SHANGSHA INDUSTRIAL RD., 511700, DONGGUAN, China",China,"DONGGUAN HUAGON AUTOMATION CO.,LTD.",H41,,DONGGUAN,
"Dongguan Jinfeng Paper Products Co.,Ltd.",,+8613827261890,shirley@gdjinfeng.com.cn,"No.30,Wusha Xingsi Rd. Changan Town, 523858, Dongguan, China",China,"Dongguan Jinfeng Paper Products Co.,Ltd.",E43,,Dongguan,
"DONGGUAN KABO PACKAGING PRODUCTS CO.,LIMITED",,+8613923885250,carlie@kabo-pack.com,"Nanwu St. 2nd Rd. Houjie Town, 523960, DONGGUAN, China",China,"DONGGUAN KABO PACKAGING PRODUCTS CO.,LIMITED",D42,,DONGGUAN,
"Dongguan LIVO Electrical Co., Ltd",,+8613632983972,evan@livo-tech.com,"No. 18 Wanghe St. Xiegang Town, 523590, Dongguan City, China",China,"Dongguan LIVO Electrical Co., Ltd",I32,,Dongguan City,
"Dongguan Meinuo Electric Appliance Co.,Ltd",,+8613066967663,rebecca@minoo-elec.com,"Room 202, Building 1, No.33,, Dongguan city, China",China,"Dongguan Meinuo Electric Appliance Co.,Ltd",C36,,Dongguan city,
Dongguan Mingfeng Packaging Corporation Limited,mingfengdg.com,,597454166@qq.com,"Mingfeng Lnd. Park, 523049, Dongguan, China",China,Dongguan Mingfeng Packaging Corporation Limited,H28,,Dongguan,
"Dongguan Pengcheng JES Packaging Product Co., Ltd.",,+8686076982300842,support@jesindustrial.com,"Hudie 1st Road ,Tianxin , 16, Dongguan City, China",China,"Dongguan Pengcheng JES Packaging Product Co., Ltd.",I20,,Dongguan City,
"Dongguan Wangsheng Packaigng Products Co.,limited",wa.me,+8613416862047,172895694@qq.com,"Block 1 , No 17 Guangming Road, Dongguan, China",China,"Dongguan Wangsheng Packaigng Products Co.,limited",I23,,Dongguan,
"DONGGUAN XINGZE DAILY NECESSITIES CO., LTD.",xing.com,+8613929200248,andyli@fortunehk.cn,"Chang hong 4th Road Zhangkeng Industrial Park, 523000, DONGGUAN, China",China,"DONGGUAN XINGZE DAILY NECESSITIES CO., LTD.",F29,,DONGGUAN,
"DongGuan YueHong Industrial Investment Co.,ltd",,+8688999588,info@toppak.cn,"xingsi, Beihuan Road, Hengli Town, 139, 523000, Dongguan, China",China,"DongGuan YueHong Industrial Investment Co.,ltd",G40,,Dongguan,
"Dongguan Zhimi Electrical Technology Co., LTD",,+8615727894813,ceo@myvanebeauty.com,"No. 168, Ful East Road Building 6, Dongguan, China",China,"Dongguan Zhimi Electrical Technology Co., LTD",G37,"Dongguan Zhimi Electrical Technology Co., LTD is a national high-tech enterprise. The company specializes in research and...",Dongguan,
"Donghai Pianchuang Trading Co., Ltd",,+8618061348568,1170939843@qq.com,"No. 150, Donghai North RD. Niushan Town, 222399, LIANYUNGANG, China",China,"Donghai Pianchuang Trading Co., Ltd",F42,,LIANYUNGANG,
Dr. Glowed,drglowed.com,+971585592970,info@drglowed.com,"Dubai, United Arab Emirates",United Arab Emirates,Dr. Glowed,G26B,"Dr. Glowed is a newly launched, female-founded skincare brand born in the UAE, with products developed and manufactured in...",Dubai,
Dr. Renaud,,+97165739392,inventory@nazih.com,"Buhairah Corniche, Sharjah, United Arab Emirates",United Arab Emirates,Dr. Renaud,,,Sharjah,
DRAGONPACK LIMITED,,+8613486592496,julia@jintepackaging.com,"Cao'e 1001, Hong Kong",Hong Kong,DRAGONPACK LIMITED,J14,"We are a professional packaging supplier specializing in various bottles.jars, lids and other components for over l5 years...",,
Dreams ElHaboba,dreams-cosmetics.com,+201019666895,aliaa.elhajry@bbi.com.eg,"Industrial Zone Helwan Spot (146), 11731, Cairo, Egypt",Egypt,Dreams ElHaboba,C33,Dream Your Own Brand. From Your Vision to Your Beauty Brand. Transform your ideas into exceptional beauty products with...,Cairo,
Dremar Parfum International S.r.l.,sterlingparfums.com,+390817590289,info@dremarparfume.com,"Via F.S Correra, 11, 80135, NAPOLI, Italy",Italy,Dremar Parfum International S.r.l.,B44,"Founded in 2012, Dremar Parfum International, anItalian company, has established itself on theglobal stage with brands and...",NAPOLI,
Dress Cosmeetics Srl,dresscosmeetics.it,+393331922929,jessica.beretti@dresscosmeetics.it,"Via Ruggero Da Parma 7, 43126, Parma, Italy",Italy,Dress Cosmeetics Srl,F20,,Parma,
DSF Ingredients,,+971561118267,n.poinsignon@dsf-ingredients.com,"Concord Tower Office 2714, Dubai, United Arab Emirates",United Arab Emirates,DSF Ingredients,E38,"DSF Ingredients is a distribution company dedicated to promoting and marketing dsm-firmenich’s natural, synthetic, and renewable...",Dubai,
Dubai Municipality,dubaidet.gov.ae,+97142215555,nmdemerdash@dm.gov.ae,"5113, United Arab Emirates",United Arab Emirates,Dubai Municipality,E12,,,
Dubey Perfumers,dubeyperfumers.com,+914024474350,contact@dubeyperfumers.com,"Chandulal Baradari Colony, 500064, Hyderabad, India",India,Dubey Perfumers,A26,"Dubey Perfumers Dubey Perfume started its operations out of a 3,500 sq ft facility catering the local market of Kannauj...",Hyderabad,
Dullberg Konzentra Middle East DMCC,duellberg-konzentra.de,+97140507114260,n.arenja@duellberg-konzentra.de,"Jumeirah Lakes Towers, Dubai, United Arab Emirates",United Arab Emirates,Dullberg Konzentra Middle East DMCC,A02,"We create the perfect fragrance through creativity, experience, expertise and raw materials of the highest purity and quality...",Dubai,
Dumont Perfumes Factory LLC,khadlaj-perfumes.com,+97142981741,ktc-dubai@hotmail.com,"Dubai Investment Park 2, Dubai, United Arab Emirates",United Arab Emirates,Dumont Perfumes Factory LLC,"D09, C32","Committed to professionalism in the perfumes trade, DUMONT have evolved to become one of the most respected traders in the...",Dubai,
"DZD Hair & Beauty Technology Co., Ltd",beautyandperfumeintl.com,+867633986763,info@chinadzd.com,"GQ Zhong Da Fashion Technology Shijiao Town,, 511545, Qiangyuan, China",China,"DZD Hair & Beauty Technology Co., Ltd",A20,,Qiangyuan,
E.S.T. Eyup Sabri Tuncer Kozmetik Sanayi Anonim Sirketi,eyupsabrituncer.com,+905362714698,export@eyupsabrituncer.com,"İç Kapı No: Azerbaycan Cad. 1B Blok No:3B Kat 45 -47, 34485, Istanbul, Türkiye",Türkiye,E.S.T. Eyup Sabri Tuncer Kozmetik Sanayi Anonim Sirketi,E28,"As E.S.T. EYÜP SABRİ TUNCER KOZMETİK SANAYİ A.Ş., Türkiye. I would like to introduce our company and make you interest in...",Istanbul,
"e3 Co., Ltd.",,+8180-4366-1357,daisy_xyy@sina.com,"F1-9-13 NishiShinsaibashi 3, 542-0086, Osaka, Japan",Japan,"e3 Co., Ltd.",B27,"It is a cosmetics enterprise mainly engaged in the development, production and sales of eye makeup products such as mascara...",Osaka,
Easycare Intelligence Tech.Inc.,easycaregroup.cn,+863958138,liangxue@easycare.com.cn,"No.198 Dexiang Rd. Pingsha Town, 519000, ZHUHAI, China",China,Easycare Intelligence Tech.Inc.,E25,,ZHUHAI,
EC Pack Industrial Limited,ec-packing.com,+85229578208,annot@ec-packing.com,"No. 22-24 Prat Avenue, Tsim Sha Tsui, Kowloon, Hong Kong",Hong Kong,EC Pack Industrial Limited,H09,"EC Pack is a manufacturer of spray and dispensing packaging components in Hong Kong - China, with own production units in...",Kowloon,
"ECIS COSMETIC Co., Ltd",skcosmetics.ae,+8231-498-2021,kimsg1224@eciscosmetic.co.kr,"179, Gongdan 1-daero Gyeonggi-do, 15083, Siheung-si, Korea, the Republic of (South)","Korea, the Republic of (South)","ECIS COSMETIC Co., Ltd",H34,"Founded in 2015, E.CIS COSMETIC is a leading Korean OEM/ODM beauty manufacturer offering end-to-end turn-key solutions from...",Siheung-si,
Egalle Cosmetics,skcosmetics.ae,+34976505500,export@egalle.com,"Calle E, Plot 69, 50016, Aragon - Zaragoza, Spain",Spain,Egalle Cosmetics,G18,"Egalle Cosmetics, experts in hair color and treatments. Since we developed our first product in 1983, we have believed that...",Aragon - Zaragoza,
EgyCotton,egycotton-eg.com,+20238642271,aly.olama@egycotton-eg.com,"CPC Industrial Parks 175b, 12573, Giza, Egypt",Egypt,EgyCotton,A33,"EgyCotton is an Egyptian manufacturer and exporter of high-quality cosmetic cotton products, specializing in cotton swabs...",Giza,
Elchim,elchim.it,+97165739392,graphic9@xyz.ae,"Buhairah Corniche, Sharjah, United Arab Emirates",United Arab Emirates,Elchim,,"ELCHIM – Hairstyling science to get healthy hair. Since 1945, we have been developing and manufacturing in Milan professional...",Sharjah,
"Elcos Co., Ltd.",elcosgroup.com,+822-3281-2700,info@e-elcos.com,"278 Beotkkot-ro, Geumcheon-gu, 08511, Seoul, Korea, the Republic of (South)","Korea, the Republic of (South)","Elcos Co., Ltd.",A12,"Founded in 1984, ELCOS GROUP is a global company driven by research and innovation. With our historical anchorage, our products...",Seoul,
"Elegant Craft Co., Limited",dgelegant.com,,sunny.cao@dgelegant.com,"Hing Yip Street 19-21, Hong Kong",Hong Kong,"Elegant Craft Co., Limited",F28,"Established in 2005, ELEGANT CRAFT CO.,LTD Solutions is a Hong Kong-based global trading specialist dedicated to premium...",,
Eleonora Essentials,,+31611340519,eleonoraessentials@outlook.com,"Lucillegang 23, 2719 CC, Zoetermeer, Netherlands",Netherlands,Eleonora Essentials,G16,Eleonora Essentials is a beauty innovation brand focused on practical solutions for everyday beauty challenges. Our hero...,Zoetermeer,
Elit Industry FZC,,+971547935024,ragfst@gmail.com,"53419, United Arab Emirates",United Arab Emirates,Elit Industry FZC,H33,"Elit Industry FZC is a UAE-based manufacturer specializing in fine fragrances, personal care, cosmetics, and home hygiene...",,
Embelleze,embelleze.com,+552198481-0148,fmenjoulou@embelleze.com,"Rua Maria de Andrade, 79 - Marco 2, 26260-200, Nova Iguacu - RJ, Brazil",Brazil,Embelleze,B26,"Embelleze is a 100% Brazilian beauty company, founded in Rio de Janeiro in 1969, with a passion for transforming lives through...",Nova Iguacu - RJ,
Emmanouela Cosmetics A.E,skcosmetics.ae,+302114240938,info@emmanouelacosmetics.com,"Thivon 500 Idomeneos St. 118, 131 21, Ilion, Greece",Greece,Emmanouela Cosmetics A.E,A26,,Ilion,
Emper Perfumes & Cosmetics Factory LLC,khadlaj-perfumes.com,+97148867010,marketing@emperperfumes.com,"National Industries Park, Jebel Ali TP 010106, 27651, Dubai, United Arab Emirates",United Arab Emirates,Emper Perfumes & Cosmetics Factory LLC,C16,"Emper Perfumes – Perfumes Inspired by You Founded in Dubai in 2006, Emper Perfumes has grown from an ambitious entrepreneurial...",Dubai,
Empire Hill Development Limited,,+85297817308,exp12@bingo-haircare.com,"15 Wag Hoi Road, Hong Kong, Hong Kong",Hong Kong,Empire Hill Development Limited,C38,,Hong Kong,
Enercos SSBB,,+97165739392,marketing9@nazih.com,"Buhairah Corniche, Sharjah, United Arab Emirates",United Arab Emirates,Enercos SSBB,,Smart System BondBuilder by Enercos Pro is a revolutionary product developed from Enercos technology. Originating from Italy...,Sharjah,
ENGAM ATARI FOR TRADING,gulforchid.com,+966557594302,abduljawad.basmahji@reef.sa,"Anas Ibn Malik 7635, 13322, Riyadh, Saudi Arabia",Saudi Arabia,ENGAM ATARI FOR TRADING,C24,,Riyadh,
"ENPING JIAXIN DAILY NECESSITIES CO., LTD.",,+86867823022,sales6@epjiaxin-cn.com,"No.2, Xinye St. Encheng, 529400, Enping, China",China,"ENPING JIAXIN DAILY NECESSITIES CO., LTD.",D18,"ENPING JIAXIN DAILY NECESSITIES CO., LTD. located in Enping city, Guangdong province in China, is a factory specialized in...",Enping,
"Enveco Cosmetic Co., Ltd.",skcosmetics.ae,+8232-822-7688,arum2724@naver.com,"Hwanggeum-ro 35, 10049, Gimpo, Korea, the Republic of (South)","Korea, the Republic of (South)","Enveco Cosmetic Co., Ltd.",B12,"ENVECO COSMETIC CO., LTD. is a Korea-based beauty company with expertise in OEM/ODM manufacturing and its own K-Beauty brand...",Gimpo,
"ENZO ELECTRONIC CO. , LIMITED",enzoitaly.com,+8615067912266,sale4@enzoitaly.com,"Tongfu No.1 District, Futain Street, 322000, Yiwu, China",China,"ENZO ELECTRONIC CO. , LIMITED",B28,"Established in 2010, Enzo Electronic CO., Ltd always devotes to providing high-performance and affordable hair tools for...",Yiwu,
"Eourise technology co., LTD",,+447425729883,sales02grace@sina.com,"Brighton Road South Croydon, CR2 6EQ, Croydon, Great Britain and Northern Ireland",Great Britain and Northern Ireland,"Eourise technology co., LTD",D27,"Mission: With a naturally gentle formula, it gives every user healthy scalp and confident hairService philosophy: Focus on...",Croydon,
ERBATUR GIDA CAM ELEK. INS. TEKS. PLAS. SAN. VE PAZ. ITH. IHR. LTD.,erbaturglass.com,+902268253519,anilergul@erbaturglass.com,"Kirazli Gida Toptancilar Street, 77100, Yalova, Türkiye",Türkiye,ERBATUR GIDA CAM ELEK. INS. TEKS. PLAS. SAN. VE PAZ. ITH. IHR. LTD.,G26,"Erbatur Company is a Turkish multinational company that specializes in cosmetic packing was founded in 2008. Since then, Erbatur...",Yalova,
Erdogmus Parfum Dis Ticaret Ve Sanay Anonim Sirketi,erdogmusparfum.com,+902123603030,sales@epsfragrances.com,"Eyupsultan, 34075, Istanbul, Türkiye",Türkiye,Erdogmus Parfum Dis Ticaret Ve Sanay Anonim Sirketi,F26,"Established in 1981, Eps Fragrances is dedicated to create haute-couture fragrances in all industries for customers worldwide...",Istanbul,
ErlenWelt GmbH,,+4917670157904,dlt@erlenwelt.com,"Im Dunkeltälchen, 67663, Kaiserslautern, Germany",Germany,ErlenWelt GmbH,G47,ErlenWelt is a company with more than 50 years heritage of knowledge in supplying and production of raw materials for Personal...,Kaiserslautern,
Ernesto Ventós S.A.,,+34680462267,jvsanchez@ventos.com,"Carretera Reial, 08960, Sant Just Desvern,, Spain",Spain,Ernesto Ventós S.A.,J12,Ventós is a distributor of aroma chemicals and essential oils for fragrance and flavours industries all over the world. With...,"Sant Just Desvern,",
Esbee Trading L.L.C.,,+971585547388,henry@esbeetrading.com,"Plot 184 Port Saeed, Dubai, United Arab Emirates",United Arab Emirates,Esbee Trading L.L.C.,G22,ESBEE TRADING LLC. Delivering Quality. Building Trust. Esbee Trading LLC is a forward-thinking and innovative trading company...,Dubai,
ESENCIAS MOLES SA,esencias.com,+34936602151,dfargas@esencias.com,"Avda. Catalunya 11, 08758, Barcelona, Spain",Spain,ESENCIAS MOLES SA,H24,"EMSA -ESENCIAS MOLES SA is a family company dedicated to the design, production and commercialisation of fragrances. Totally...",Barcelona,
Essences Et Parfums SAS,essencesetparfums.tv,+33493091558,s.desprets@essencesetparfums.com,"Parc d'Activites de la Sarree - Route de Gourdon, 06620, Le Bar Sur Loup, France",France,Essences Et Parfums SAS,E24,"ESSENCES & PARFUMS was founded in 1993 in Grasse, FRANCE, the world cradle of perfumery, by the perfumer Robert ROMANI. Essences...",Le Bar Sur Loup,
Essential Compositions S. L.,essentialcompositions.com,+34961117001,jose.p@essentialcompositions.com,"P. L. C/ Brosquil 2, 46701, Gandia, Spain",Spain,Essential Compositions S. L.,F11,"Essential Compositions is a Spanish fragrance house dedicated to the design, production and commercialisation of essences...",Gandia,
Establishment Laverne For Trading,laverne.com,+966566422676,khalid@laverne.com,"8566 Othaman Bin Affan Road, 13317, Riyadh, Saudi Arabia",Saudi Arabia,Establishment Laverne For Trading,"G09, B32","Laverne Perfumes was founded in 2016 by five brothers from the AI-Mufaddal family, united by a shared passion for the art...",Riyadh,
Estetica,estetica.it,+391183921263,gabriele.pissimiglia@estetica.it,"Via Cour, 10123, Torino, Italy",Italy,Estetica,A21,,Torino,
Eurofragance FZ LLC,eurofragance.com,+97142772311,eurofragance@eurofragance.com,"Laboratory Complex 301-306, 54708, United Arab Emirates",United Arab Emirates,Eurofragance FZ LLC,D26,About Eurofragance Eurofragance manufactures and markets the highest quality fragrances for worldwide brands in fine perfumery...,,
EVAFLOR,evaflor.com,+33153819500,,"68 rue Bayen, 75017, PARIS, France",France,EVAFLOR,E21,,PARIS,
eve kayli do Brazil limitada,,+551196065-9441,engm_abdelghani@yahoo.com,"Conj 216-Bairro Centro diademes, 09920-650, Sao Paolo, Brazil",Brazil,eve kayli do Brazil limitada,A10,"We are a Brazilian company specializing in manufacturing and exporting beauty products, established in 2009. We rely on the...",Sao Paolo,
"Evie Korea co., Ltd",evie.kr,+821899-6774,stayve_3866@evie.kr,"Achasan-ro 17-gil Seongdong-gu, 06112, Seoul, Korea, the Republic of (South)","Korea, the Republic of (South)","Evie Korea co., Ltd",E38,"""Beautiful Life with EVIE KOREA Co., Ltd.""Embracing Natural, Healthy Beauty Products For Your Life's Most Beautiful Moments...",Seoul,
Expressions Parfumées,epparfums.com,+97143707593,m.bouge@epparfums.com,"Baniyas Road, 28751, Dubai, United Arab Emirates",United Arab Emirates,Expressions Parfumées,K26,We are a French Fragrance House with its headquarter in Grasse and operating Worldwide. We have a major subsidiary in Dubaï...,Dubai,
Eye Focus Lenses Trading L.L.C.,,+8613710153313,info@eyefocusuae.com,"Abraj Center Naif 802, Dubai, United Arab Emirates",United Arab Emirates,Eye Focus Lenses Trading L.L.C.,G34,"Freshlady as the largest contact lens factory in China, specializing in OEM and ODM cosmetic lenses, medical lenses and lens...",Dubai,
Eyfel Kozmetik A.S.,eyfelparfum.com,+905426951491,gokceryucel@eyfelparfum.com.tr,"Orta MAH. 30 Agustos CAD. NO:53/ 1, 34956, Istanbul, Türkiye",Türkiye,Eyfel Kozmetik A.S.,C44,EYFEL KOZMETİK was established in 2009. We operate more than 2000 sales stores in +40 countries Eyfel Perfume has firmly...,Istanbul,
Faan Al Ibdaa perfumes & Cosmetic Ind. L.L.C - Sole Proprietorship,khadlaj-perfumes.com,+97165773828,,"82951, United Arab Emirates",United Arab Emirates,Faan Al Ibdaa perfumes & Cosmetic Ind. L.L.C - Sole Proprietorship,D32,"FAAN AL IBDAA PERFUMES & COSMETIC IND LLC, where the essence of creativity meets the world of perfumes and cosmetics. With...",,
"Fabala Co., Ltd",,+813-3510-1661,manayamada@fabala.jp,"Nihonbashi Muromachi 1-8-3, 103-0022, Chuo-ku Tokyo, Japan",Japan,"Fabala Co., Ltd",A09,"FABALA Co., Ltd. is a Japanese company developing innovative products through its proprietary technology derived from sprouted...",Chuo-ku Tokyo,
Fabcos International,,+923133866348,mohammadfaisal1979@yahoo.com,"Block E, 71000, Hyderabad, Pakistan",Pakistan,Fabcos International,A27,,Hyderabad,
"Faca Emballage, S.L.",faca.eco,+34933779812,contac@facasa.com,"Ctra. del Mlg, 08940, Cornella del Llobrega, Spain",Spain,"Faca Emballage, S.L.",L25,,Cornella del Llobrega,
Fairdale (Shenzhen) Import & Export Co. Ltd.,,+8675520367867,admin@fairdaleglass.com.cn,"F Building,Galaxy World,Bantian Street, 518000, Shenzhen, China",China,Fairdale (Shenzhen) Import & Export Co. Ltd.,B28,Fairdale has offices in Shenzhen and our own pro-duction facilities in Jiangsu provinceFairdale business is based around...,Shenzhen,
"FAIRYBEAUTY TECHNOLOGY(ZHEJIANG) CO.,LTD",,+8619883128001,anna@fairy-beauty.com,"No.4 Baiye Rd. Baizhang Town, 311118, Hangzhou, China",China,"FAIRYBEAUTY TECHNOLOGY(ZHEJIANG) CO.,LTD",E44,,Hangzhou,
Famille Grasse Parfums,sterlingparfums.com,,office@grasseparfum.com,"rue Amiral de Grasse 29, 06130, GRASSE, France",France,Famille Grasse Parfums,C28,"Famille Grasse Parfums is a family-owned fragrance house based in Grasse, France, the historic heart of French perfumery...",GRASSE,
Fan Mania General Trading LLC,fanmania.ae,+97148895301,kartik@fanmania.ae,"JAFZA South, Jebel Ali, United Arab Emirates",United Arab Emirates,Fan Mania General Trading LLC,F12,"Founded in 2018, Fan Mania is the go-to supplier for licensed products in the beauty and fragrance category. We are the exclusive...",Jebel Ali,
Fareva,fareva.com,+33658386139,jferraris.corporate@fareva.com,"chemin de la Digue du Rhône 1041, 07300, Tournon-Sur-Rhône, France",France,Fareva,C26,"Bring your dream cosmetics to life!Come meet Fareva, a French, world leader in industrial subcontracting.Leverage Fareva's...",Tournon-Sur-Rhône,
Farmona Natural Cosmetics Laboratory,skcosmetics.ae,+4812122527075,export@farmona.org,"Jugowicka, 30-443, Krakow, Poland",Poland,Farmona Natural Cosmetics Laboratory,B28,"Farmona Natural Cosmetics Laboratory was founded in 1997 in Krakow, the Company’s philosophy combines the latest achievements...",Krakow,
Farmskin Inc,,+822-458-5253,abbie@fromom.net,"Osongsaengmyeong 1-ro, 28160, Cheongju-si, Korea, the Republic of (South)","Korea, the Republic of (South)",Farmskin Inc,H37,Farmskin Inc is actualizing FARM DOES A SKIN GOOD by using FARM ingredientsto make our skin better. For this to come true...,Cheongju-si,
FEBXU S.R.L.,,+393803445575,liuekiana718@gmail.com,"VIA DAL LUZZO 3/A, 40125, BOLOGNA, Italy",Italy,FEBXU S.R.L.,B34,ANTIPERSPIRANT FACE SKIN CARE PERSONAL CARE BODY SKIN CARE BABY CARE MAKEUP COLLECTION,BOLOGNA,
Feel Wellness Food Supplements Trading Co. L.L.C,,+971447817004771,giedre.gabrenaite@wearefeel.com,"Opera Grand Downtown Dubai, Dubai, United Arab Emirates",United Arab Emirates,Feel Wellness Food Supplements Trading Co. L.L.C,B25,"Feel is a London/Dubai-based wellness brand reimagining ""beauty-from-within"" since 2019 — the UK's leading female supplements...",Dubai,
"FEEMIO GROUP CO.,LIMITED",,+861982271705,frank@feemio.com,"No. 28, Lane 341 Jiuxin Highway, 201615, Shanghai, China",China,"FEEMIO GROUP CO.,LIMITED",G35,,Shanghai,
Fendy Cosmetics Limited,skcosmetics.ae,+8613428707836,hanna@fendycosmetics.com,"59 King Yip Street, Hong Kong",Hong Kong,Fendy Cosmetics Limited,B18,"Fendy Cosmetics Ltd. have been in focusing on researching and developing best eyeshadow, highlighter, lipsticks, concealer...",,
FERANCHESCO FOR BEAUTY AND PERSONAL CARE REQUISITES TRADING CO. L.L.C,gulforchid.com,+97142978789,haider@feranchesco.com,"Garhoud, Dubai, United Arab Emirates",United Arab Emirates,FERANCHESCO FOR BEAUTY AND PERSONAL CARE REQUISITES TRADING CO. L.L.C,C22,"FERANCHESCO, a cosmetics industry leader with over 15 years of global experience, hails from Brazil and has become a major...",Dubai,
FFC KIMYA SANAYI TICARET ANONIM SIRKETI,ffcompound.com,+902129550002,mudasser.abbasi@ffcompound.com,"Osmangazi Mahallesi Genc Osman Caddesi No:10, 34518, Istanbul, Türkiye",Türkiye,FFC KIMYA SANAYI TICARET ANONIM SIRKETI,E28,"As FFC, we blend pure science with creative intuition to engineer the foundations of modern perfumery. By bridging internal...",Istanbul,
FHA System,fhasystem.com,+212642-117175,fha.system@hotmail.com,"Azouzia, 1407, 40000, Marrakesh, Morocco",Morocco,FHA System,A15,,Marrakesh,
FIFTH CHAPTER S.R.L.,fifth-chapter.com,+3933042716,federica@fifth-chapter.com,"VIA BORROMEI No.2, 20123, Milano, Italy",Italy,FIFTH CHAPTER S.R.L.,I45,,Milano,
"FINDIVE Co., Ltd.",,+8210-9348-3651,findive@findivebeauty.com,"9-1 Sadang-ro 30-gil, SeouL, Korea, the Republic of (South)","Korea, the Republic of (South)","FINDIVE Co., Ltd.",C24,FINDIVE is a Korean Recovery Skincare brand focused on restoring skin stressed by daily life and environmental challenges...,SeouL,
Fine & Shine Cosmetics Private Limited,skcosmetics.ae,+919999990067,exim@fineandshine.com,"Plot 334, Kundli Ind. Area, F & S, 131028, Sonipat,, India",India,Fine & Shine Cosmetics Private Limited,D38,"We, Fine & Shine Cosmetics Pvt. Ltd., based in Delhi, India, is a leading manufacturer of cosmetics and personal care products...","Sonipat,",
Fine Daily Mena General Trading Co LLC,finedaily.com,+971501043667,kamran.rahman@finedaily.com,"Diera, Dubai, United Arab Emirates",United Arab Emirates,Fine Daily Mena General Trading Co LLC,H25,"Established in 1984, Fine Daily is one of the largest aerosol manufacturers in South Asia, operating two state-of-the-art...",Dubai,
FINE FRAGRANCES PVT LTD,finefrag.com,+912261454000,finefrag@finefrag.com,"119 JOLLY MAKER CHAMBERS NO.2,, 400021, MUMBAI, India",India,FINE FRAGRANCES PVT LTD,C39,"Fine Fragrance Pvt. Ltd. is a trusted supplier and distributor of premium aroma chemicals, fragrance ingredients, essential...",MUMBAI,
Finemed International LLC,finemed-pack.com,+1619-695-0606,info@finemed-pack.com,"St Ste 320, 80202, Denver, United States",United States,Finemed International LLC,L35,"Finemed International LLC, based in Colorado, United States, is dedicated to the development and manufacture of a wide range...",Denver,
Firmenich FZ-LLC,firmenich.com,+97143636950,audrey.mongin@dsm-firmenich.com,"Dubai Science Park, 502548, Dubai, United Arab Emirates",United Arab Emirates,Firmenich FZ-LLC,D20,"About dsm-firmenich As innovators in nutrition, health, and beauty, dsm-firmenich reinvents, manufactures, and combines vital...",Dubai,
First Cosmetics,skcosmetics.ae,+201200691219,communications@first-cosmetics.com,"El Obour City 1st Industrial Zone Area 4&5, 11828, Cairo, Egypt",Egypt,First Cosmetics,D27,- First Cosmetics was established in 1998 with an objective of importing hair care products and beauty salons equipment...,Cairo,
"Firstmarket Co., Ltd.",,+8210-2887-1820,park@kocostar.com,"Yulgok-ro, Jongno-gu,, Seoul, Korea, the Republic of (South)","Korea, the Republic of (South)","Firstmarket Co., Ltd.",F19,"[ Global leader in K-beauty ] Founded in 2007, Firstmarket Co., Ltd. is a global beauty brand house and distributor with...",Seoul,
"FLC Perfume packing Co.,Ltd",khadlaj-perfumes.com,+8676986341909,wzf99@vip.163.com,"No. 3 Jingshan Industrial Area, Dongguan, China",China,"FLC Perfume packing Co.,Ltd",G12,"Since its establishment in 2003, FLC Perfume Packing Co., Ltd. has been dedicated to designing and manufacturing medium and...",Dongguan,
FLORA FRAGRANCES,abcfragrances.com,+905326301093,info@floraucanyaglar.com,"IKITELLIOSB MAH. MARMARA BLOK NO: 14 KUCUKCEKMECE, 34307, Istanbul, Türkiye",Türkiye,FLORA FRAGRANCES,A42,Welcome to the enchanting world of Flora Fragrances where the artistry of scent meets the precision of science. Located at...,Istanbul,
FLORACTIVE COMERCIO DE COSMETICOS LTDA,floractive.com.br,+55114408-6582,export1@floractive.com.br,"Rua Josue Lemes de Lima, 412 - Polvilho, 07792-340, Cajamar, Brazil",Brazil,FLORACTIVE COMERCIO DE COSMETICOS LTDA,E12,"Floractive was born from the vision of its founders, Jane Sarrasi and Wilson de Oliveira, to create a cosmetics brand that...",Cajamar,
Fon Kozmetik Sanayi Ticaret Ltd. Sirketi,fonkozmetik.com,+902126511986,info@fonkozmetik.com,"Ortakoy Mah Yeldegirmani, 34592, Istanbul, Türkiye",Türkiye,Fon Kozmetik Sanayi Ticaret Ltd. Sirketi,C12,"We are local biggest and fast growing perfume, home fragrance and make-up manufacturer company. Fon Cosmetics based in...",Istanbul,
Fontana FZCO,,+962798388033,omaima@fontana-int.com,"6645, United Arab Emirates",United Arab Emirates,Fontana FZCO,F17,,,
Forever Makeup Trading LLC,dailyforever52.com,+97145895552,hussain@fmt52.com,"Business Bay, 123244, Dubai, United Arab Emirates",United Arab Emirates,Forever Makeup Trading LLC,A12,"Dailylife Forever52 A brand born in Dubai, Dailylife Forever52 is one of the most trusted names among professional makeup...",Dubai,
"Fortress Industry Co., Limited",szfortress.com,+8613537887395,admin@szfortress.com,"16 San On Street, Hong Kong",Hong Kong,"Fortress Industry Co., Limited",I32,"Fortress Industry Co.,LTD. founded in 2008,the leading PAPER TUBE packaging supplier.Products are widely used in All industries...",,
Foshan Anran Import and Export Co. Ltd.,anranglass.com,+8675766812265,cici@anran-glass.com,"Industrial area, Lianhe Rd, Dali Town, 515071, Foshan, China",China,Foshan Anran Import and Export Co. Ltd.,E26,"ANRAN is a professional perfume packaging solution company since 2012, from an idea - design - 3D drawing - mock up - mold...",Foshan,
"FOSHAN ANTLU FURNITURE CO.,LTD",,+8617727690295,sale@camellu.cn,"NO.30 Zhenxing RD. Mailang Xisha IndustriaL, 528318, Foshan, China",China,"FOSHAN ANTLU FURNITURE CO.,LTD",D42,,Foshan,
"Foshan Brianna Biotechnology Co.,Ltd.",,+8616603010657,xiahaoxuan2020@163.com,"1st Road, Yongxing Industrial Park, Guangdong, Foshan, China",China,"Foshan Brianna Biotechnology Co.,Ltd.",D33,,Foshan,
"FOSHAN DEKAI WANCHENG IMPORT AND EXPORT CO.,LTD.",wa.me,+8613570499905,,"Room 912, Block 29, Yingxin Plaza. No.492, Gaoming Avenue East, Hecheng Street, 528500, Foshan City, China",China,"FOSHAN DEKAI WANCHENG IMPORT AND EXPORT CO.,LTD.",J25,,Foshan City,
"Foshan Haoran Technology Co., Ltd.",haoranglass.com,+8613929192240,linda@haoranglass.com,"Building B, Manufacturing Industrial Park 301, Foshan, China",China,"Foshan Haoran Technology Co., Ltd.",I20,,Foshan,
"Foshan Reyi Crystal Glass Products Co., Ltd",reyiglass.com,+86757589306,robert@reyiglass.com,"WANDA Plaza,Jinshazhou, 528000, Fo Shan, China",China,"Foshan Reyi Crystal Glass Products Co., Ltd",A20,"FOSHAN REYI CRYSTAL GLASS PRODUCTS CO.,LTD is established in 2007 which is a professional manufacturer of perfume glass bottles...",Fo Shan,
FOSHAN SHUNDE QUANYE PLASTICS CO.LTD,,+8613697726831,iris@sdquanye.com,"No.120 Waihuan RD. Ronggui Shunde, 528305, FOSHAN, China",China,FOSHAN SHUNDE QUANYE PLASTICS CO.LTD,H34,,FOSHAN,
"FOSHAN UV TECHNOLOGY CO., LTD.",,+8615014643121,lindinghui@uv168.cn,"No. 3, Songxia Industrial Avenue West Shishan Town, 528225, FOSHAN, China",China,"FOSHAN UV TECHNOLOGY CO., LTD.",E21,,FOSHAN,
"Foshan Yazhipin beauty and salon furniture Co.,Ltd",beautyandperfumeintl.com,+8675785205406,yazhipin22@yzpsalon.com,"Wanshi Industric Zone Songgang Town Nnahai Distric F, 528234, Guangzhou, China",China,"Foshan Yazhipin beauty and salon furniture Co.,Ltd",E36,"Evermore radiant,evermore fit.Remarkable Master Yazhipin Beauty and Salon Furniture works for both the satisfaction of customersand...",Guangzhou,
"Foshan Yimeijia Furniture Co., Ltd.",,+868613726669088,leon.kong@ymjsalon.com,"Yingming Village, Shatou,, Foshan City, China",China,"Foshan Yimeijia Furniture Co., Ltd.",E26,,Foshan City,
Fourcompany,,+8210-8291-2787,yana@fourco.co.kr,"538, Eonju-ro, Gangnam-gu, Seoul, Korea, the Republic of (South)","Korea, the Republic of (South)",Fourcompany,B28,,Seoul,
Fourplus Advertising Pvt Ltd,fourplusmedia.com,+912228899662,marketing@fourplusmedia.com,"Marve road Vishal Nagar 3rd Floor, 400064, Mumbai, India",India,Fourplus Advertising Pvt Ltd,D39,,Mumbai,
FP Aromatics Singapore,fparomatics.com,+6582097235,rithika@fparomatics.com,"Shenton Way 3, 068805, Singaopre, Singapore",Singapore,FP Aromatics Singapore,F24,,Singaopre,
Fragomatrix Perfumes Trading L.L.C,khadlaj-perfumes.com,+971503975729,uae@fragromatrix.net,"Deira, Dubai, United Arab Emirates",United Arab Emirates,Fragomatrix Perfumes Trading L.L.C,F12,1. Group rising over 65 years.2. Dedicated team of around 150 - 175 Employees.3. Our Group having Manufacturing Units in...,Dubai,
FRAGORIUM L.L.C.S.O.C,fragorium.com,+97145938052,tanya.sainani@fragorium.com,"Deira, Umm Ramool, 35090, Dubai, United Arab Emirates",United Arab Emirates,FRAGORIUM L.L.C.S.O.C,E12,,Dubai,
Fragrance Network Factory,fragranceworld.ae,+97143442448,yassine.driouiche@emiratespride.ae,"Toufaik A 2, 77037, Dubai, United Arab Emirates",United Arab Emirates,Fragrance Network Factory,C24,"Established in 2018, Fragrance Network factory is a premier fragrance house specializing in private labeling, scent manufacturing...",Dubai,
Fragrance Oils Middle East Branch,fragranceworld.ae,,abid.abbas@fragrance-oils.com,"Barsha South, Dubai, United Arab Emirates",United Arab Emirates,Fragrance Oils Middle East Branch,A38,We use our vast knowledge and experience to create evocative fragrances for consumer products people use and love. At Fragrance...,Dubai,
Fragrance Science SL,fragrancescience.com,+34937757206,marketing@fragrancescience.com,"Av. de la Tecnología 7, 08719, Castellolí, Spain",Spain,Fragrance Science SL,D16,"Fragrance Science is a Spanish company, specialized in the creation, development, and production of fragrance solutions for...",Castellolí,
Fragrance World Trading LLC,fragranceworld.ae,+97142268568,alghuroob@ghuroobnet.com,"1806 64 Al Sabkha Street, 6629, Dubai, United Arab Emirates",United Arab Emirates,Fragrance World Trading LLC,H11,"With an astounding portfolio of 500+ products across 3 brands, Fragrance World is a leading manufacturer and distributor...",Dubai,
Fragrances Concerto,abcfragrances.com,+33603186299,contact@fragrances-concerto.com,"rue d'artois 2, 83440, MONTAUROUX, France",France,Fragrances Concerto,E23,FRAGRANCES CONCERTO is a fragrance house founded in 2000 and member of GRASSE EXPERTISE group. We are located in Pays de...,MONTAUROUX,
France Jotim International Group Limited,jotimcosmetic.com,+8618069846229,jotimcosmetics@outlook.com,"Cheung Lee Street 29-31, Hong Kong",Hong Kong,France Jotim International Group Limited,C31,"We are mainly engaged in researching, developing, and manufacturing makeup cosmetics, skincare, personal care, and household...",,
"France Xinyi (Hong Kong) Int'l Co., Limited",beautyandperfumeintl.com,+8618820007754,vika@muriellive.com,"Ng Fong Street 26, Kowloon, Hong Kong",Hong Kong,"France Xinyi (Hong Kong) Int'l Co., Limited",B32,"TATITS SCENTS provides fragrance OEM/ODM and private-label solutions for brands, importers, distributors and retailers. Products...",Kowloon,
Frey + Lau GmbH,,+4941939953,jcnendel@freylau.de,"Immenhacken 12, 24558, Henstedt-Ulzburg, Germany",Germany,Frey + Lau GmbH,D12,"FREY & LAU - Explore your senses! At FREY&LAU, our distinct fragrance compositions evoke powerful emotions, vivid experiences...",Henstedt-Ulzburg,
Fridal,fridalegypt.com,+2023833085657,nadine.medhat@fridalegypt.com,"2nd Industrial Zone, 12573, Giza Governate, Egypt",Egypt,Fridal,A13,"In 1957, Fridal was established as an Egyptian company specializing in fragrances, flavors, herbs, spices, essential oils...",Giza Governate,
"FRMADCOS Co.,Ltd.",,+8210-3120-6184,jmkim@frmadcos.com,"157, World Cup-ro, 03962, Seoul, Korea, the Republic of (South)","Korea, the Republic of (South)","FRMADCOS Co.,Ltd.",B32,"Since its establishment in July 2019, the company has achieved strong and consistent annual growth, earning the $1 Million...",Seoul,
FROMA FRAGRANCES & FLAVORS,froma.com,+902126230290,ilkem@froma.com.tr,"5 ORHAN GAZI MAH. Yol Sk, 34538, Istanbul, Türkiye",Türkiye,FROMA FRAGRANCES & FLAVORS,B12,Froma F&F celebrates 30 years of fragrance expertise! Discover one of the leading fragrance oil manufacturers of Türkiye...,Istanbul,
Fushion Germany Business GmbH,fushion-business.de,+4982148699612,xin.germanybusiness@gmail.com,"Röemerweg, 86420, Diedorf, Germany",Germany,Fushion Germany Business GmbH,M36,"Fushion was founded in Germany in 2016 and focuses on custom Mid‑to‑High‑end perfume glass bottles, caps , boxes and other...",Diedorf,
"G&S Perfume Packaging Co., Limited",khadlaj-perfumes.com,+8615876518791,info@gsperfume.com,"Congyun Road, 510420, Guangzhou, China",China,"G&S Perfume Packaging Co., Limited",N28,,Guangzhou,
G-Cosmetic & Parfüm Exclusiv Products Vertriebs GmbH,sterlingparfums.com,+4963038004,gruen@g-cosmetics.de,"Mehlingen 67678, 67678, Mehlingen, Germany",Germany,G-Cosmetic & Parfüm Exclusiv Products Vertriebs GmbH,F44,,Mehlingen,
"G-Med Co., Ltd.",gmedbio.co,+8210-5078-9055,info@gmedbio.com,"Miguntechno World - 1 305, 504, 34025, Daejeon, Korea, the Republic of (South)","Korea, the Republic of (South)","G-Med Co., Ltd.",D36,"G-Med Co., Ltd. is a leading medical aesthetics company based in Korea, specializing in innovative skin boosters, premium...",Daejeon,
G2Global Korea Co. Ltd.,,+8210-3768-0468,daseul.k@g2global.io,"33 Samseong-ro 85-gil, 06196, Seoul, Korea, the Republic of (South)","Korea, the Republic of (South)",G2Global Korea Co. Ltd.,G38,G2Global is a global beauty brand builder established in 2025. We create and own the brands we bring to market. Our flagship...,Seoul,
Gabas Flavors and Fragrances Factory Co,gabas.com,+9665222000,info@gabas.com,"6560, 24211, Makkah, Saudi Arabia",Saudi Arabia,Gabas Flavors and Fragrances Factory Co,B16,,Makkah,
Gaddaha Trading Company,,+966543929595,info.gaddaha@nskest.com,"Al-Shatea Prince Mohamed Bin, 32236, Dammam, Saudi Arabia",Saudi Arabia,Gaddaha Trading Company,D10,Gaddaha Trading Company is a Saudi business redefining beauty and personal care in the region through its own brands and...,Dammam,
Gaoyou International (China) Holdings Group Limited,,+8615973723199,19068511820@163.com,"Tung Chau Street 111, -, Hong Kong",Hong Kong,Gaoyou International (China) Holdings Group Limited,C18,"We have been focusing on the hairdressing, hair dyeing, and perm industry for over 20 years.We sincerely welcome outstanding...",-,
Garbela Spolka Z Ograniczona Odpowiedzialnoscia,garbela.pl,+48228557500,info@garbela.pl,"ul. K. Jewskiego, 02-796, Warsaw, Poland",Poland,Garbela Spolka Z Ograniczona Odpowiedzialnoscia,M35,"Our products include packaging accessories such as perfume caps, travel atomizers, zamac bottle stoppers, candle lids, metal...",Warsaw,
Garden Beauty Products S.A.,beautyandperfumeintl.com,+302394020795,export@gardenofficial.com,"16km Thessaloniki - Melissochou, 570 18, Melissochori, Greece",Greece,Garden Beauty Products S.A.,A25,GARDEN is a Greek skincare brand inspired by the harmony of nature and childhood memories of care. Νature-powered cosmetics...,Melissochori,
Garden Perfume,gardenperfume.ae,+971557777436,info@gardenperfume.ae,"6023, United Arab Emirates",United Arab Emirates,Garden Perfume,N24,,,
Gavrilis Group S.A.,gavrilisgroup.eu,+302104225641,gavrilisb@gavrilisgroup.eu,"Pavlou Mela Str 48, 182 33, Agios Ionnis Rentis, Greece",Greece,Gavrilis Group S.A.,B12,GAVRILIS Group S.A. is one of the biggest Greek companies in the field of cosmetics. Tommy G” is a full series of make up...,Agios Ionnis Rentis,
"GCS CO., LTD.",gcsbio.com,+822-555-1536,bestgcs@gcsgroup.co.kr,"3F, 33, Sagimakgol-ro 62beon-gil, Jungwon-gu, 13211, Seongnam-si, Korea, the Republic of (South)","Korea, the Republic of (South)","GCS CO., LTD.",D18,,Seongnam-si,
GEA PROFUMI S.R.L.,geaprofumi.eu,+390114344391,a.zanotti@geaprofumi.eu,"Strada Signagatta, 23, 10044, Pianezza, Italy",Italy,GEA PROFUMI S.R.L.,A15,,Pianezza,
GEDIYA FRAGRANCE WORLD PVT. LTD.,gediyaperfume.com,+919898435570,dhurmesgediya@gmail.com,"PLOT NO-196/A-B Puna Bombay, 395010, SURAT, India",India,GEDIYA FRAGRANCE WORLD PVT. LTD.,C09,,SURAT,
Genesis Packaging Industrial (HK) Co.,genesis-hk.net,+8525229946678,sales4@genesis-hk.net,"Hing Yip Street Kwun Tong, Kowloon, Hong Kong",Hong Kong,Genesis Packaging Industrial (HK) Co.,F10,"Genesis Packaging has been devoting designing, renewing producing and selling package products for cosmetic and perfume whichare...",Kowloon,
Genie Perfumes & Cosmetics Factory Co,khadlaj-perfumes.com,+966599851369,e-marketing@geniecollection.com,"Tabriya St. 7116, 14315, Riyadh, Saudi Arabia",Saudi Arabia,Genie Perfumes & Cosmetics Factory Co,N34,,Riyadh,
"Genoss Co.,Ltd.",genoss.com,+8270-7098-7592,shjang@genoss.com,"76, Changnyong-daero 256beon-gi Yeongtong-gu, 16229, Suwon-si, Korea, the Republic of (South)","Korea, the Republic of (South)","Genoss Co.,Ltd.",D22,"Since established in 2004, Genoss have expanded the products category to Vascular Intervention, Aesthetic, Cosmetic, Dental...",Suwon-si,
"Georgia Pack Co., Limited",,+8613556606204,georgiayu@georgiapack.com,"Hing Yip St Kwun Tong 19-21, 999077, Hong Kong, Hong Kong",Hong Kong,"Georgia Pack Co., Limited",O36,"Establish the year of 2018 professional in the perfume package of the glass Luxury /caps /box,offering one stop service from...",Hong Kong,
Germaplast,germaplast.com,+33474769770,catherine.mouy@germaplast.com,"320 ROUTE DE BUSSY, 15800, IZERNORE, France",France,Germaplast,D34,"GERMAPLAST : From design to manufacturing For over 40 years, Germaplast helps you in your creative process, listening to...",IZERNORE,
Gharieni Middle East FZ LLC,,+971555706012,k.husseini@gharieni.com,"Al Maydan Rd., Dubai, United Arab Emirates",United Arab Emirates,Gharieni Middle East FZ LLC,A28,"GHARIENI GROUP For 35 years, the Gharieni Group has redefined wellness, spa and medical equipment, setting global benchmarks...",Dubai,
GHD,ghd.com,+97165739392,purchase10dubai@nazih.com,"Buhairah Corniche, Sharjah, United Arab Emirates",United Arab Emirates,GHD,,,Sharjah,
"Gibest Co., Ltd",,+822-575-4355,,"B1, 109, Seochojungang-ro 8-gil, Seocho-gu, 06642, Seoul, Korea, the Republic of (South)","Korea, the Republic of (South)","Gibest Co., Ltd",D28,NINE TAILS is a premium Korean skincare brand specializing in advanced wrinkle care and lifting solutions. Known for its...,Seoul,
Giorgio Janeke SRL,janeke.it,+39362911010,marketing@janeke.it,"Via Verdi 9, 20837, Veduggio Con Colzano, Italy",Italy,Giorgio Janeke SRL,E20,"manufacturer of Italian high quality brushes, combs and hair accessories",Veduggio Con Colzano,
GISSAH PERFUMES TUBE OUDS DUBAI BRANCH,dubaidet.gov.ae,+971509208902,z.alhmaidy@gissah.com,"Dubai Hills Off 305, Dubai, United Arab Emirates",United Arab Emirates,GISSAH PERFUMES TUBE OUDS DUBAI BRANCH,G24,,Dubai,
Givaudan MEA FZE,givaudan.com,+97144342363,sarah.boulkhemair@givaudan.com,"502, Dubai, United Arab Emirates",United Arab Emirates,Givaudan MEA FZE,A20,"Givaudan is shaping the future of fragrances and beauty, by becoming the innovation and co-creation partner of choice to...",Dubai,
Giz Cosmetics,gizcosmetics.com.tr,+902127866060,irem.ozkaya@gizcosmetics.com,"Efendi Cad. Selvi Sok. Blok. E4 Kat: 2, 34540, Istanbul, Türkiye",Türkiye,Giz Cosmetics,C25,,Istanbul,
GL Factory FZC,gel-polish-factory.com,+971582471962,factorygelpolish@gmail.com,"Umm Al Quwain Free Trade, Umm Al Quwain, United Arab Emirates",United Arab Emirates,GL Factory FZC,A11,"Professional Gel Polish Factory in the UAE,Dubai Over 10,000 Colors Available Retail|Wholesale|Private Labelling|Distribution...",Umm Al Quwain,
Glam Corner,pariscorner.ae,+212212777007294,ilhame.znagui@glamcornermaroc.com,"15, Rue Ghafsa, 00000, RAbat, Morocco",Morocco,Glam Corner,A11,,RAbat,
Glamour Company Limited,,,,"8 Finance Street, Hong Kong, Hong Kong",Hong Kong,Glamour Company Limited,B28,,Hong Kong,
Global Frankincense Products LLC,,+96899855014,r.awadallah@lubanoman.com,"Road #8, Way# 7749, 122, Muscat, Maabilah, Oman",Oman,Global Frankincense Products LLC,D40,,"Muscat, Maabilah",
Global Packaging FZE,globalpackaging.com,+97165572143,amit@globalpackaging.ae,"Sharjah Airport Free Zon (Saif Zone), 8656, Sharjah, United Arab Emirates",United Arab Emirates,Global Packaging FZE,C12,"Incepted in 2002, Global Packaging has been conceived to meet the varying and dynamic requirements of the perfume and cosmetic...",Sharjah,
Gloria Kozmetik Ins ve Turizm San Tic Ltd Sti,social-plugins.line.me,+902129854657,burhan@gloriaperfume.com,"Cad. No:48, Arnavutkoy, 34480, Istanbul, Türkiye",Türkiye,Gloria Kozmetik Ins ve Turizm San Tic Ltd Sti,A18,,Istanbul,
Glow Era IKE,glowera.eu,+302312314244,info@glowera.eu,"Former Ypsilanti O, Thermi Dam, 570 01, Thermi, Greece",Greece,Glow Era IKE,A27,"Glow Era Natural Cosmetics is a Greek company specializing in natural cosmetics, cosmetic product development and manufacturing...",Thermi,
GNEGLOBAL,,+8210-5687-1961,wonji@gneglobal.com,"C-dong, 12 Wonseok-ro 90beon-gil, Incheon, Korea, the Republic of (South)","Korea, the Republic of (South)",GNEGLOBAL,C19,,Incheon,
Gold Cosmetic,skcosmetics.ae,+212661-214148,contact2@goldcosmetic.ma,"Lot I3 N°33 Z.I Ouled Saleh Bouskoura, 27182, Casablanca, Morocco",Morocco,Gold Cosmetic,"D25, A17","Since 2009, the vision of GOLD COSMETIC has been simple: to develop formulas with the finest natural ingredients, vitamins...",Casablanca,
Golden Trading Company,goldengtc.com,+919867309912,kirangwtc@gmail.com,"Dr. R P Road Phase 1, 400080, Mumbai, India",India,Golden Trading Company,H08,"Golden Trading Company (GTC) is a Leading Exporter, Importer, and Distributor specializing in Branded Fast Moving Consumer...",Mumbai,
Golden Wings Packaging (FZC),,+971557618026,goldenwingspackaging@gmail.com,"513446, United Arab Emirates",United Arab Emirates,Golden Wings Packaging (FZC),A09,,,
GOLONYA KOZMETIK SAN. VE TICARET AS,,+903642340033,a.tosun@golonya.com,"Pınarcay OSB Mah. Organize Sanayi 5. Cad. No:19/1, Corum, Türkiye",Türkiye,GOLONYA KOZMETIK SAN. VE TICARET AS,B19,,Corum,
Gomimall General Trading LLC,gomimal.ae,+971576022935,max@gomimall.ae,"1385, 3, G Jurf 3 Northern Sector, Ajman, United Arab Emirates",United Arab Emirates,Gomimall General Trading LLC,G12,,Ajman,
GOONGBE,,+822-740-3144,aem0129@goongbe.com,"Hakdong-ro 107, 06044, Seoul, Korea, the Republic of (South)","Korea, the Republic of (South)",GOONGBE,D27,GOONGBE is a Korean premium skincare brand that offers a solution to baby skin and sensitive skin. GOONGBE was founded based...,Seoul,
Goree Cosmetics (Private) Limited,skcosmetics.ae,+923334207592,moeen_25@hotmail.com,"123/5 Quaid E Azam, 54000, Lahore, Pakistan",Pakistan,Goree Cosmetics (Private) Limited,E12,"In the beginning (2007), we have registered our company as H-Pharmacy but there are a lot of people who have tried to use...",Lahore,
GRACE,,+8210-9322-2301,exp@graceint.com,"11, Nonhyeon-ro 81-gil, Gangnam-gu, Seou, Korea, the Republic of (South)","Korea, the Republic of (South)",GRACE,E12,,Seou,
Grace Perfumes - L.L.C,khadlaj-perfumes.com,+971502145590,ayaan@graceperfumes.ae,"AL JURF - industrial Area 1 - Ajman 4, Ajman, United Arab Emirates",United Arab Emirates,Grace Perfumes - L.L.C,B09,"Grace Perfumes is a Dubai-based company offering a diverse range of high-quality fragrance products, including perfumes, body...",Ajman,
"GRACECLUB CO., LTD.",,+822-2082-1242,gc_global_b2b@graceclub.com,"Digital - ro 306 No 418, Seoul, Korea, the Republic of (South)","Korea, the Republic of (South)","GRACECLUB CO., LTD.",D32,"Discover K-Beauty innovation with COSNORI. Explore our innovative skincare formulas featuring Retinal, PDRN, and active ingredient...",Seoul,
Grand Nur Trading L.L.C,,+971559858532,rauf.vasikov@gmail.com,"Sabkha street 24 # 103, 000000, Dubai, United Arab Emirates",United Arab Emirates,Grand Nur Trading L.L.C,H15,"Grand Nur Trading L.L.C, headquartered in Dubai, United Arab Emirates, is a trusted wholesale distributor specializing in...",Dubai,
Grand Scent World Perfumes Trading L.L.C.,fragranceworld.ae,+971567790300,yousef@scentworld.my,"Al Qouz Industrial Area Near Time Onyx Hotel 5, Dubai, United Arab Emirates",United Arab Emirates,Grand Scent World Perfumes Trading L.L.C.,D10,,Dubai,
GRANIONS Laboratoire,,+33674044493,parche@ea-pharma.com,"Avenue Dr Maurice Donat 1198, 62500, MOUGINS, France",France,GRANIONS Laboratoire,E19,,MOUGINS,
Grasse Expertise,grasse-expertise.com,+33661215855,marithe.bechu@club-entrepreneurs-grasse.com,"avenue Pierre Sémard 57, 06130, Grasse, France",France,Grasse Expertise,D41,GRASSE EXPERTISE: A Cluster of Excellence Supporting a Dynamic Ecosystem Promoting and Continuously Enhancing Expertise Grasse...,Grasse,
Green Packaging Sp. Zo.o,,+48887343652,contact@sanitarica.com,"ul. Batorego Stefana 142, 26-610, Radom, Poland",Poland,Green Packaging Sp. Zo.o,O26,,Radom,
"Greencos Co., Ltd.",green-cos.com,+822-6959-5767,leah0212@green-cos.com,"Hagunsnadan 1-ro 64-30, Gyeonggi-do, Korea, the Republic of (South)","Korea, the Republic of (South)","Greencos Co., Ltd.",A38,"Main type of business OEM·ODM manufacture of Cosmetics Main Products Skin Care, Make up, Hair Care, Body Care, Perfume",Gyeonggi-do,
Grespi Brazilian Private Label Manufacturer,grespiindustria.com.br,+551699181-6940,comercial@grespiindustria.com.br,"Avenida Dr. Severino Tostes Meirelles,, 14406-004, Franca - SP, Brazil",Brazil,Grespi Brazilian Private Label Manufacturer,B14,We are a Brazilian private label manufacturer with more than 18 years of experience. We develop customized formulations and...,Franca - SP,
Grupo B2E Ind e Com do Cosmeticos Ltda,,+551195270-9990,gm@brazil2export.com,"1400, 06711-250, Cotia, Brazil",Brazil,Grupo B2E Ind e Com do Cosmeticos Ltda,B12,,Cotia,
Grupo Boniquet,,+34935606011,info@boniquet.com,"OSONA 10, 08130, SANTA PERPETUA DE LA MOGODA, Spain",Spain,Grupo Boniquet,H27,The cosmetic partner for your brand,SANTA PERPETUA DE LA MOGODA,
GS Service Group,gsgroup.ltd,+97439997211,contact@gsgroup.ltd,"Marina 50 Lusail City, Doha, Qatar",Qatar,GS Service Group,H20,,Doha,
"Guangdong Aiyun Cosmetics Co., Ltd.",skcosmetics.ae,+8613924085881,782814086@qq.com,"South of Hengsi Road,East of Industrial Ave. Donghua Town, 513000, QingYuan, China",China,"Guangdong Aiyun Cosmetics Co., Ltd.",C34,,QingYuan,
"GUANGDONG AODAI COSMETICS CO., LTD.",skcosmetics.ae,+863341913,jessia@odoem.com,"No.6 Guangrui Street, Guangqing Industrial Park Guangqing Special Economic Coop. Zone, 511547, Guangdong, China",China,"GUANGDONG AODAI COSMETICS CO., LTD.",D37,,Guangdong,
"Guangdong Authentic Daily Chemical Technology Co., Ltd",,+868618122707930,lifeilong333@gmail.com,"Hengjiang Road 339 -10, Guangzhou, China",China,"Guangdong Authentic Daily Chemical Technology Co., Ltd",A20,"Guangdong Authentic Daily Chemical Technology Co., Ltd. is a professional daily chemical manufacturer based in Guangzhou...",Guangzhou,
GUANGDONG BAWEI BIOTECHNOLOGY CORPORATION,,+862032756088,yn@gzbawei.com,"No.5 Xinbei Road,Baiyun District 5, 510450, Guangzhou, China",China,GUANGDONG BAWEI BIOTECHNOLOGY CORPORATION,H12,,Guangzhou,
"Guangdong Boda Cosmetic Co.,Ltd",skcosmetics.ae,+862031234360,yiyi@bolesi2014.com,"Zhongnan Area, Guangdong Shunde Qingyuan (Yingde) Economic Coop. Zone, 513000, Yingde, China",China,"Guangdong Boda Cosmetic Co.,Ltd",E14,,Yingde,
Guangdong Crearoma Scent Tech Limited,,+8618589054980,sales02@crearoma.com,"Room 601, Building 13, No.1 Jingdong, Dongguan, China",China,Guangdong Crearoma Scent Tech Limited,F10,"Crearoma Scent Tech Limited located in Dongguan ,China, is a professional scent diffuser and fragrance oil manufactuer integrating...",Dongguan,
"Guangdong Dexin New Material Technology Co., Ltd.",dexinwax.com,+8613825150600,2374360636@qq.com,"No. 1 Building, 4 Lixin 7th Road, GuangZhou, China",China,"Guangdong Dexin New Material Technology Co., Ltd.",D14,"As a professional manufacturer and developer of wax products,Guangdong Dexin New Material Technology Company Limited has...",GuangZhou,
"Guangdong Essence Daily Chemical Co., Ltd",,+8615102077554,stella@esene.com.cn,"No.63 Guoya Rd.Shenshan,Jianggao, 523000, Guangzhou, China",China,"Guangdong Essence Daily Chemical Co., Ltd",D28,"Guangdong Essence Daily Chemical Co., Ltd was founded in 1998,it has six huge factories with super comprehensive strength...",Guangzhou,
"Guangdong Fanghao Glue Biotechnology Co., Ltd.",,+8613928080344,785981881@qq.com,"No. 5,Longtang 2nd Tanzhou Town, 528400, Zhongshan, China",China,"Guangdong Fanghao Glue Biotechnology Co., Ltd.",J15,,Zhongshan,
"Guangdong Gouallty Biotechnology Co.,Ltd",gouallty.com,+862031210447,,"Room.306, Building 5th, No.5 Area, International Greenland, 510800, Guangzhou, China",China,"Guangdong Gouallty Biotechnology Co.,Ltd",A31,,Guangzhou,
"Guangdong Jingcos Co., Ltd",jingcos.com,+8676982680065,,"No 9, Fujiang 2nd Road, Hengjiang, Chashan Town, 523000, Dongguan, China",China,"Guangdong Jingcos Co., Ltd",K13,,Dongguan,
"Guangdong Mingdun Environmental Technology Co., Ltd.",,+8613535006735,2853317565@qq.com,"Wanyang Zhongchuang City No. 41 Dawang Ave., 526239, ZHAOQING, China",China,"Guangdong Mingdun Environmental Technology Co., Ltd.",E41,,ZHAOQING,
Guangdong Qiaoneng New Materials Co Ltd,,+8618027374825,sale01@qcplastic.com,"No. 430 Xinxing RD. Taiping Town, 510900, Guangzhou, China",China,Guangdong Qiaoneng New Materials Co Ltd,I26,,Guangzhou,
"Guangdong Wincom Flavors&Fragrances Co., Ltd.",abcfragrances.com,+8632011288,rainie@wincomff.com.cn,"National Freeway NO.324, Chaozhou City,, Changzhou, China",China,"Guangdong Wincom Flavors&Fragrances Co., Ltd.",G16,"Aroma Art Creator Guangdong WINCOM Flavors&Fragrances Co.,Ltd., founded in 1998, has been committed to the development and...",Changzhou,
"Guangdong Yuanjia Creative Packaging Co., Ltd",,+8618002838575,sandy@yuanjiagroup.com,"No.98 XinXing Road, Huangnitang,, 523582, Dongguan, China",China,"Guangdong Yuanjia Creative Packaging Co., Ltd",J26,,Dongguan,
"Guangdong Zefu Medical Technology Co., Ltd.",zefumedical.en.alibaba.com,+8618820017373,zefumedical03@outlook.com,"No. 38-2, Lishui Dongbu Industrial Park Road, Shengli Town, 528244, Foshan City, China",China,"Guangdong Zefu Medical Technology Co., Ltd.",E38,,Foshan City,
Guangzhou Aboland Cosmetics Co. Ltd.,skcosmetics.ae,+85227237052,siri@gz-aboland.com,"Kin Tai Street 6, Tuen Mun, Hong Kong",Hong Kong,Guangzhou Aboland Cosmetics Co. Ltd.,I28,"Guangzhou Aboland Cosmetics Co., Ltd.We focus on Customer's brands and ideas，we can provide various types of packaging according...",Tuen Mun,
"Guangzhou Aliq Biotechnology Co., Ltd.",aliq.en.alibaba.com,+862086825579,elaine@bio-mingyan.com,"st,2nd and 3rd Floor, No.1, Bangsheng Road, Xinya Street, Huadu District, 1, Guangzhou, China",China,"Guangzhou Aliq Biotechnology Co., Ltd.",D38,,Guangzhou,
"Guangzhou Ariel Biotech Co., Ltd.",arielcosmetic.com,+862031604051,nicole.liu@arielcosmetic.com,"Building 60, No. 1,79 Ruihe Road, 60, 510000, Guangzhou, China",China,"Guangzhou Ariel Biotech Co., Ltd.",G27,"Guangzhou Ariel Biotech Co., Ltd. is a trusted skincare manufacturer specializing in high-quality, competitively priced formulations...",Guangzhou,
"Guangzhou Bawang Trading Co., Limited",bawang.com.cn,+864008303779,chenguang.tan@bawang.com.cn,"No. 468, Guanghua Third Rd.,, 510000, Guangzhou, China",China,"Guangzhou Bawang Trading Co., Limited",G11,,Guangzhou,
"Guangzhou Better Commerce Co.,Ltd.",,+862031215250,displays@sodecoration.com,"Hongfeng Road Jiangxia, Huangshi Street Room 101, 510000, Guangzhou, China",China,"Guangzhou Better Commerce Co.,Ltd.",H27,,Guangzhou,
"GUANGZHOU BIOSPHERE COSMETICS CO., LTD.",skcosmetics.ae,+8618178085169,biospherecosmetics@gzbohui.com,"No. 15 Longxing East Road, 510540, GUANGZHOU, China",China,"GUANGZHOU BIOSPHERE COSMETICS CO., LTD.",C44,,GUANGZHOU,
"Guangzhou Boyan Meet Package Co., Ltd",,+868618902322119,gm@boyanchina.com,"Street 7 Huadu District No 4, 510800, Guangzhou, China",China,"Guangzhou Boyan Meet Package Co., Ltd",F32,"BOYAN was founded in 2005 and is currently the top one color chart manufacturer in Asia. In addition to color chart, we also...",Guangzhou,
"Guangzhou Chemicals Import and Export Co., Ltd",,+862081043159,18073510291@163.com,"Renmin Road North,, 510170, Guangzhou, China",China,"Guangzhou Chemicals Import and Export Co., Ltd",D37,,Guangzhou,
Guangzhou City Caili Cosmetics Co. Ltd.,cailigel.com,+8613719115666,caili19491001@gmail.com,"339-12th, hengjiang street Chengjiao Rd., GUANGZHOU, China",China,Guangzhou City Caili Cosmetics Co. Ltd.,J33,"Guangzhou city Caili Cosmetics Co., Ltd. has 30 years of production experience and innovative technology in nail products...",GUANGZHOU,
"GUANGZHOU COSORAN COSMETICS CO.,LTD",skcosmetics.ae,+868613802774325,2885520840@qq.com,"Dabu Rd,Xiuquan Street, 17, Guangzhou, China",China,"GUANGZHOU COSORAN COSMETICS CO.,LTD",E28,"We have 2 cosmetics factories, respectively located in baiyun and huadu district, with a total area of 60,000 square meters...",Guangzhou,
"Guangzhou Dainaiqi Cosmetic Co.,Ltd.",skcosmetics.ae,+862036791841,klassy@klassyperfume.com,"Xinya St., 510800, Guangzhou, China",China,"Guangzhou Dainaiqi Cosmetic Co.,Ltd.",F16,"Klassy is a professional manufacturer in perfume industry who has rich experience of customizing. In the past 5 years, we...",Guangzhou,
"Guangzhou Devi Co., Ltd",deviglass.com,+8618927576932,info@deviglass.com,"Building 1, Yun Jing Hui, No. 565 Yun Cheng East Road,, 510000, Guangdong, China",China,"Guangzhou Devi Co., Ltd",K28,"Founded in 2011, DEVI is an R&D and design-driven fragrance packaging supplier centered on production and supply chains. Beyond...",Guangdong,
"GUANGZHOU FANFEI BIOTECHNOLOGY CO., LTD.",,+8613538889768,felix@fanfeioem.com,"No. 32, Helong 1st Road, 510425, Guangzhou City, China",China,"GUANGZHOU FANFEI BIOTECHNOLOGY CO., LTD.",H10,,Guangzhou City,
"GUANGZHOU FANYU DAILY COSMETICS CO., LTD.",fanyucosmetics.com,+8618588629269,sales@fanyucosmetics.com,"Xialiang Road, Longgui, Baiyun District No. 187, Guangzhou, China",China,"GUANGZHOU FANYU DAILY COSMETICS CO., LTD.",F33,,Guangzhou,
"Guangzhou Fasina Bio Tec Co., Ltd.",,+8613642736731,teresa@fasinaaroma.com,"Yiyun Phase III, No. 156 Jitai 1st Rd/, 510440, Guangzhou, China",China,"Guangzhou Fasina Bio Tec Co., Ltd.",E17,,Guangzhou,
"Guangzhou Fenhao Fragrance Co., Ltd.",fragranceworld.ae,+862036781409,perfumetechnology0081@gzfenhao.com,"Yingbin Avenue, 510000, Guangzhou City, China",China,"Guangzhou Fenhao Fragrance Co., Ltd.",E10,"Guangzhou Fenhao Fragrance Co., Ltd. is a professional manufacturer of fragrance and flavor in Guangzhou, China. Our mission...",Guangzhou City,
"GUANGZHOU FLASH COSMETICS CO.,LTD",skcosmetics.ae,+8615099973918,919978816@qq.com,"138 AIRPORT ROAD, GUANGZHOU, China",China,"GUANGZHOU FLASH COSMETICS CO.,LTD",A44,"Founded in 2009, GUANGZHOU FLASH COSMETICS CO.,LTD has been a leader in hair care and beauty in Guangzhou now,as professional...",GUANGZHOU,
"GUANGZHOU FLOWER FLAVOURS & FRAGRANCES CO., LTD",8flower.com.cn,+8613918735188,jin@8flowerflavor.com,"No. 111, Fourth Lane Wulonggang, Zhongluotan Town, 545200, GUANGZHOU, China",China,"GUANGZHOU FLOWER FLAVOURS & FRAGRANCES CO., LTD",F30,"Guangzhou Flower Flavors & Fragrances Co., Ltd., since its establishment in 2003, has always taken professionalism and innovation...",GUANGZHOU,
"Guangzhou Fuxing Trademark Products Co.,Ltd",xing.com,+862061193253,sales3@hkfuhing.com,"Independent No.18 Hetai Road Hebian Village Xinshi Town, 510440, Guangzhu, China",China,"Guangzhou Fuxing Trademark Products Co.,Ltd",K36,,Guangzhu,
"GUANGZHOU GAOCHUANG PACKAGING TECHNOLOGY PRODUCTS CO., LTD",,+8613710831890,zhangjiahao20190@163.com,"Pingsha International Plaza,, Guangzhou, China",China,"GUANGZHOU GAOCHUANG PACKAGING TECHNOLOGY PRODUCTS CO., LTD",B43,"Guangzhou Gaochuang Packaging Technology Products Co., Ltd. is a modern enterprise with over 20 years of expertise in cosmetic...",Guangzhou,
"Guangzhou Gozone Packaging Co., Ltd.",gozonepack.com,+862031957949,535547999@qq.com,"XINJI SHAXI HOSPITALITY SUPPLIES EXPO CENTER,XIAJIAO VILLAGE,LUOPU, 510220, Guangzhou, China",China,"Guangzhou Gozone Packaging Co., Ltd.",B21,"Guangzhou Gozone Packaging Co., Ltd. is a professional perfume packagingdesign company with a strong reputation, We were...",Guangzhou,
"GUANGZHOU HENGYU IRON-PRINTING AND CAN-MAKING CO., LTD.",,+8613928931293,info@hengyucan.com,"NO.66 Zhucun West Avenue, 511370, GUANGZHOU, China",China,"GUANGZHOU HENGYU IRON-PRINTING AND CAN-MAKING CO., LTD.",J17,,GUANGZHOU,
"Guangzhou Higher Decoration Co.,Ltd.",,+862031215250,chuck@sodecoration.com,"No2, Hongfeng Road Room 101, 510000, Guangzhou, China",China,"Guangzhou Higher Decoration Co.,Ltd.",G28,,Guangzhou,
"Guangzhou Huajie Intelligent Technology Co., Ltd",,+8618102756887,micole@huajiemachine.com,"No. 2 Xicun Rd. Pingxi Village, 510800, Guangzhou City, China",China,"Guangzhou Huajie Intelligent Technology Co., Ltd",F09,,Guangzhou City,
"GUANGZHOU JIAAN COSMETICS CO., LTD.",skcosmetics.ae,+8613824479914,yanbooliu@homesafecn.com,"No. 12, New Industrial ZonE Xiamao 11th Community, 510400, GUANGZHOU, China",China,"GUANGZHOU JIAAN COSMETICS CO., LTD.",H33,,GUANGZHOU,
"GUANGZHOU JINGHONGDA FINE CHEMICAL CO., LTD.",,+8618144843583,evewang12@163.com,"NO. 15, YONGJUN ROAD, XIUQUAN STREET,, GUANGZHOU, China",China,"GUANGZHOU JINGHONGDA FINE CHEMICAL CO., LTD.",E15,"Guangzhou Jinghongda Fine Chemical Co.,Ltd, a professional manufacturer of more than 22 years for producing the cosmetics...",GUANGZHOU,
"Guangzhou Jinghua Crystal Glass Co., Ltd",,+8613632433599,jessica@jhglasspack.com,"No. 360, Guanghua Third Road, 510000, Guangzhou, China",China,"Guangzhou Jinghua Crystal Glass Co., Ltd",D35,,Guangzhou,
"Guangzhou KeLi Cosmetic Tools Co., Ltd",skcosmetics.ae,+868613202053535,guisenzhou8@gmail.com,"HeTai Road, HeBian, 105, Guangzhou, China",China,"Guangzhou KeLi Cosmetic Tools Co., Ltd",F28,"Guangzhou Keli Cosmetic Tools Co., Ltd. is a professional company engagedin the research and development, production, and...",Guangzhou,
"Guangzhou Kooswalla Cosmetics Co., Ltd.",wa.me,+8613189042226,info@kooswallacosmetics.com,"No. 7, Sangeng Road 709-713, 510000, Guangzhou, China",China,"Guangzhou Kooswalla Cosmetics Co., Ltd.",G09,,Guangzhou,
"GUANGZHOU KRENN DAILY CHEMICALS TECHNOLOGY CO., LTD.",,+8613545863225,martin@zaomibeauty.com,"No. 283 Shatai North RD., 518000, Guangzhou, China",China,"GUANGZHOU KRENN DAILY CHEMICALS TECHNOLOGY CO., LTD.",G17,,Guangzhou,
"Guangzhou Leezon Cosmetics Co., Ltd.",skcosmetics.ae,+8615920154892,info@leezoncosmetics.com,"No. 18 Ruixiang RD. Xinhua Industrial Zone, 610008, Guangzhou, China",China,"Guangzhou Leezon Cosmetics Co., Ltd.",G42,,Guangzhou,
"Guangzhou Lisheng Biotechnology Co., Ltd.",,+8613826472040,sophiachen@gzvastcosmetic.com,"Xinhua Road No.21, 510800, Guangzhou, China",China,"Guangzhou Lisheng Biotechnology Co., Ltd.",A26,,Guangzhou,
"Guangzhou Napoly Cosmetics Co., Ltd",skcosmetics.ae,+868613610300949,sales@gznapoly.com,"Jin Zhong Heng Road, 238, 510405, Guangzhou, China",China,"Guangzhou Napoly Cosmetics Co., Ltd",F12,"Guangzhou Napoly Cosmetics Co., Ltd. is the wholly-owned subsidiary of Napoly Group Co. Ltd. from London, United Kingdom...",Guangzhou,
"Guangzhou Natural Cosmetics Co., Ltd.",skcosmetics.ae,+8613533633932,ivan.ho@qq.com,"Fuyuan 3rd Rd. Jinghu Ave. No. 16, 510800, Guangzhou, China",China,"Guangzhou Natural Cosmetics Co., Ltd.",C38,,Guangzhou,
"GUANGZHOU OPSEVE COSMETICS CO.,LTD.",skcosmetics.ae,+8628606666,397837159@qq.com,"No.88,Yongli Road, Xinhua Street,, 510000, GUANGZHOU, China",China,"GUANGZHOU OPSEVE COSMETICS CO.,LTD.",C38,,GUANGZHOU,
"Guangzhou Packaging Hub Co.,Ltd.",,+8613560353641,lijiao@packaginghub.sg,"No. 55, Magangling St. Shima, Junhe St., Guangzhou, China",China,"Guangzhou Packaging Hub Co.,Ltd.",F11,,Guangzhou,
"Guangzhou Piercity Biotechnology Co., Ltd.",,+8613076159297,junchen001@kertainequeen.com,"Huangshi Street, 510000, Guangzhou, China",China,"Guangzhou Piercity Biotechnology Co., Ltd.",B36,"Your Beauty, Our Duty. Guangzhou Piercity Biotechnology Co., Ltd., belong to Junchen Group. We are a professional and experienced...",Guangzhou,
GUANGZHOU QIRUI PLASTIC PACKAGING CO LTD,,+8618902201888,349761392@qq.com,"No.168 Longkou North 1 St. Longkou Village, 510880, Guangzhou, China",China,GUANGZHOU QIRUI PLASTIC PACKAGING CO LTD,G33,,Guangzhou,
"GUANGZHOU RHEINMEI DAILY COSMETICS CO.,LTD",skcosmetics.ae,+8613802924052,2081428948@qq.com,"5 Shiziling Road, Luogang,, Guangzhou, China",China,"GUANGZHOU RHEINMEI DAILY COSMETICS CO.,LTD",H27,,Guangzhou,
"Guangzhou Shangye Cosmetic Tools Co., Ltd",sycosmetictools.com,+862037400770,sales01@shangyyecosmetitools.com,"No.70 Hongqi Road, Zhongluotan Town, 510000, Guangzhou, China",China,"Guangzhou Shangye Cosmetic Tools Co., Ltd",F10,"Shangye group is a comprehensive enterprise integrating research and development, design, production, OEM and sales of Cotton...",Guangzhou,
"Guangzhou Sheng Zhu Daily Pigments Co., Ltd.",,+8613828487760,sales10@gzshengzhu.com,"No.129 Huang Yuan RD., 510000, Guangzhou, China",China,"Guangzhou Sheng Zhu Daily Pigments Co., Ltd.",I34,,Guangzhou,
"Guangzhou Shishi Daily Chemical Products Co., Ltd",,+8618718410247,shishi@bls-cosmetic.com,"197# Jiashi Rd. Junhe St., 510440, Guangzhou, China",China,"Guangzhou Shishi Daily Chemical Products Co., Ltd",D41,,Guangzhou,
"Guangzhou Sipuxin Light Industry Machinery Co., Ltd.",,+8613926269719,shirley@gzspx.com,"No.380 Guangcong 9th Road,Zhongluotan, 510545, Guangzhou, China",China,"Guangzhou Sipuxin Light Industry Machinery Co., Ltd.",C35,,Guangzhou,
"Guangzhou Sulin Salon Display Design Co., Ltd",,+8613578576693,64640931@qq.com,"No.71 Jiuxu Street Shilong Jianggao Town, 510450, Guangzhou, China",China,"Guangzhou Sulin Salon Display Design Co., Ltd",F19,,Guangzhou,
"GUANGZHOU TOYOLY BIOTECHNOLOGY CO., LTD.",,+8613544010350,sales@toyoly-cosmetics.com,"12 FUCONG ROAD, 510990, GUANGZHOU, China",China,"GUANGZHOU TOYOLY BIOTECHNOLOGY CO., LTD.",D36,,GUANGZHOU,
"GUANGZHOU WEIDI TECHNOLOGY CO., LTD.",,+8613450284197,sale03@bailishaver.com,"No.2, Jisheng Road, Nansha District,, 511455, Guangzhou, China",China,"GUANGZHOU WEIDI TECHNOLOGY CO., LTD.",G21,,Guangzhou,
"GUANGZHOU WUSU PLASTIC PRODUCTS CO.,LTD.",,+8613925408685,1005573430@qq.com,"Baiyun District, Guangzhou, China",China,"GUANGZHOU WUSU PLASTIC PRODUCTS CO.,LTD.",I17,,Guangzhou,
"GUANGZHOU XIHENG PHARMACEUTICAL PEPTIDE BIOTECHNOLOGY CO., LTD.",,+8618318887180,119001402@qq.com,"Jinhe Avenue East 306, Guangdong, China",China,"GUANGZHOU XIHENG PHARMACEUTICAL PEPTIDE BIOTECHNOLOGY CO., LTD.",D44,,Guangdong,
"GUANGZHOU ZHUANGZE BIOTECHNOLOGY CO., LTD.",,+8619849845205,980607520w@gmail.com,"Fuyuan 2 Road Jinghu Industrial Park, 510806, GuangDong, China",China,"GUANGZHOU ZHUANGZE BIOTECHNOLOGY CO., LTD.",G25,,GuangDong,
Guinot,,+97165739392,purchase8dubai@nazih.com,"Buhairah Corniche, Sharjah, United Arab Emirates",United Arab Emirates,Guinot,,"Guinot, a leading brand in the beauty and skincare industry, has a captivating story that traces back to its founding in...",Sharjah,
Gulf Cans Industries - Canco LLC - OPC,gulforchid.com,+97125552833,sales@gulfcans.com,"12844, United Arab Emirates",United Arab Emirates,Gulf Cans Industries - Canco LLC - OPC,G12,Gulf Cans Industries is a leading UAE-based manufacturer of high-quality monobloc aluminium aerosol cans and aluminium bottles...,,
Gulf Orchid Perfume Manufacturing L.L.C.,khadlaj-perfumes.com,,,"7485, United Arab Emirates",United Arab Emirates,Gulf Orchid Perfume Manufacturing L.L.C.,G32,"Established in 2016, Gulf Orchid is a family owned business and a member of A1 Masmoum Group founded in 1987, that has grown...",,
"GZ KOOSWALLA COSMETICS CO., LTD.",wa.me,,,"No. 159 Helong East Road, Guangzhou, China",China,"GZ KOOSWALLA COSMETICS CO., LTD.",G09,"KooSwalla Cosmetics Co.,Ltd,an Australian company with global presence, specialize in premium beauty solutions using organic...",Guangzhou,
H&G Corporation,,+822-830-2943,info5@coswelkorea.com,"F, 42-18, Banpo-daero 24-gil, Seocho-gu, 6F,, 06649, Seoul, Korea, the Republic of (South)","Korea, the Republic of (South)",H&G Corporation,F37,"YOUR 1st Best, OEM/ODM PARTNER YOUR BESPOKE NAVIGATOR Since 2006, we have provided full-service all around the world, working...",Seoul,
H.S.A. Hair Styling Applications S.P.A,,+39332474654,luisa.bertolatti@gmail.com,"Via Privata Fratelli Gabba Nr. 5, 20121, Milan, Italy",Italy,H.S.A. Hair Styling Applications S.P.A,E18,HSA - WHERE BEAUTY MEETS INNOVATION We aim to be the most valuable partner in the hair cosmetics industry through our ability...,Milan,
Haany Cosmetic,skcosmetics.ae,+8210-5360-4568,glocalmarketing@dhu.ac.kr,"285-10, Eobongji-gil, Gyeongsan-si, Korea, the Republic of (South)","Korea, the Republic of (South)",Haany Cosmetic,E19,,Gyeongsan-si,
"Hainan Kunyuan Life Technology Co., Ltd.",,+8613560021578,emma.wang@liby.com.cn,"Hainan Ecological Software Park High-tech Industry Demonstration Zone, 571924, Chengmai, China",China,"Hainan Kunyuan Life Technology Co., Ltd.",J11,,Chengmai,
Hair and Beauty Network FZE,beautyandperfumeintl.com,+971503347106,nellie.makondi@hairbeautynetwork.com,"Sheikh Zayed Road Shop 11G, Dubai, United Arab Emirates",United Arab Emirates,Hair and Beauty Network FZE,,,Dubai,
Halk Hijyenik Urunler Deterjan San. Tic. Anonim Si.,halkhijyenik.com.tr,+903223944980,denis@halkhijyenik.com.tr,"Acidere Organize San. Bolgesi OSB, Baklali No., 01410, Adana, Türkiye",Türkiye,Halk Hijyenik Urunler Deterjan San. Tic. Anonim Si.,B25,,Adana,
Hamilton Sciences Pvt. Ltd.,,+911147464444,sgupta@hspl.in,"Rajender Nagaer plot 45 Khasra no - 890871, Pusa Road, 110005, New Delhi, India",India,Hamilton Sciences Pvt. Ltd.,"B44, B21",Hamilton Sciences is a renowned name in the personal care and home care industry in India and abroad. It is the progenitor...,New Delhi,
"Hands Industrial Co., Limited",,+8613048229527,lzc1945205339@163.com,"Hing Yip Street 19-21, Hong Kong",Hong Kong,"Hands Industrial Co., Limited",M28,"HANDS INDUSTRIAL CO., LIMITED is a main business scope includes cosmetics, skin care products, packaging products, electronic...",,
"Hangzhou Cofna Co., Ltd",,+8613588276576,,"No.8-2Jiaqi Road,Xianlin Industrial District, 310000, Hangzhou, China",China,"Hangzhou Cofna Co., Ltd",G29,,Hangzhou,
"Hangzhou Eury Perfumery Packaging Co., Ltd.",,+8657113588159470,jemma@eury-packaging.com,"Building A1-3,xi-xi center, 310000, Hangzhou, China",China,"Hangzhou Eury Perfumery Packaging Co., Ltd.",G22,,Hangzhou,
"HANGZHOU GAIA ESSENCES TECHNOLOGY CO.,LTD",,+8619858116886,jelany@gala-essences.com,"RD.OINGSHAN LAKE STREET BABAILI, 311305, HANGZHOU, China",China,"HANGZHOU GAIA ESSENCES TECHNOLOGY CO.,LTD",C10,,HANGZHOU,
"Hangzhou Jun An Technology Co., Ltd",,+865712486411812,gorden@th-packing.com,"NO.213 XIWEN ST., 310000, Hangzhou, China",China,"Hangzhou Jun An Technology Co., Ltd",I10,"Hangzhou JunAn Technology Co.,Ltd. is a professional perfume packaging manufacturer, which products including perfume...",Hangzhou,
"HANGZHOU MAIFEI PLASTIC PRODUCTS CO.,LTD",maifei-pack.com,+868615158117139,jay@maifei-pack.com,"NO.28 LIANYI ROAD, HANGZHOU CITY, China",China,"HANGZHOU MAIFEI PLASTIC PRODUCTS CO.,LTD",K10,"Maifei Plastic is a source manufacturer specializing in plastic packaging for beauty and personal care products, deeply engaged...",HANGZHOU CITY,
"HANGZHOU ROCK PACKTECH CO.,LTD",,+868618058765910,gztcrk@163.com,"AI INDUSTRIAL PARK, 360, HANGZHOU, China",China,"HANGZHOU ROCK PACKTECH CO.,LTD",J19,"Hangzhou Rock Packtech Co., Ltd. specializes in the design and production of high-quality packaging solutions for perfumes...",HANGZHOU,
"Hangzhou Ruijing Packaging Co., Ltd.",,,caftsix@ruipack.com,"Gushan Avenue 351, 311700, Zhejiang, China",China,"Hangzhou Ruijing Packaging Co., Ltd.",O26,"RUIPACK founded in 2008, we are majors in designing, developing, and producing packaging products for personal care, cosmetics...",Zhejiang,
"Hangzhou Sun Sun Packaging Co.,Ltd",,+8615958019731,ivy@jiamei-packaging.com,"Golden Block Zhongfu Future Star Wuchang Street, 311100, Hangzhou, China",China,"Hangzhou Sun Sun Packaging Co.,Ltd",E42,,Hangzhou,
"Hangzhou Sweeter Import and Export Co., Ltd",,+8615601809186,lucinda@sweeterup.com,"Qingliu Business Mansion Yipeng Subdistrict, 311225, Hangzhou, China",China,"Hangzhou Sweeter Import and Export Co., Ltd",B37,,Hangzhou,
"Hangzhou Yanxi Network Technology Co,.Ltd",,+8615355035030,337421499@qq.com,"6 Longzhu Rd. Changpan, 311100, Hangzhou, China",China,"Hangzhou Yanxi Network Technology Co,.Ltd",K33,,Hangzhou,
"Hangzhou Yiyi Packaging Co., Ltd",,+8657113735559345,kevin@yiyipackaging.com,"ROOM 1203,BUILDING 2,NO.380,FENGXIN, 310000, HANGZHOU, China",China,"Hangzhou Yiyi Packaging Co., Ltd",C29,"We are specialized in PERFUME PACKAGING, and focus on quality,efficiency and good service. The range of products includes...",HANGZHOU,
Hangzhou Zhenhua Daily Chemicals Glass Co. Ltd.,zhenhuaglassgroup.com,+8615558139318,sales@zhenhuaglassgroup.com,"Hangsheng Road, 311115, Hangzhou, China",China,Hangzhou Zhenhua Daily Chemicals Glass Co. Ltd.,B36,,Hangzhou,
"Hangzhou Zilai Fragrance Technology Co., Ltd.",fragranceworld.ae,+8618942904553,sheanxiao87@gmail.com,"Binjiang District, Hangzhou, China",China,"Hangzhou Zilai Fragrance Technology Co., Ltd.",K35,,Hangzhou,
HAO HAN GENERAL TRADING LLC,,+971505671279,mulliner16689@gmail.com,"Al Buteen, 98928, Dubai, United Arab Emirates",United Arab Emirates,HAO HAN GENERAL TRADING LLC,F40,,Dubai,
"HaoXiang (Yancheng) Daily Necessities Co., Ltd.",,+8613485286602,16626729861@163.com,"No.51 South Xiwang RD. Economic Development Zone, 224000, Yancheng, China",China,"HaoXiang (Yancheng) Daily Necessities Co., Ltd.",F25,,Yancheng,
"Happy L&B Co., Ltd",,+82821049488847,raeyoung_kim@happylnb.com,"Hwangmu-ro Incheon-si 41, 05839, Gyeonggi-do, Korea, the Republic of (South)","Korea, the Republic of (South)","Happy L&B Co., Ltd","D32, D32",HAPPY L&B is a Korea-based cosmetics OEM/ODM manufacturer dedicated to making the world healthier and more beautiful. We...,Gyeonggi-do,
"Harbin Hongju Biotech Co., Ltd.",,+8613581799685,narisong@vhonmed.com,"Science and Technology Innovation Enterprise Accelerato, 150028, Harbin, China",China,"Harbin Hongju Biotech Co., Ltd.",C40,,Harbin,
HCP Wellness Private Limited,hcpwellness.in,+919012097478,ram@hcpwellness.in,"Opposite Global Hospital Sindhubhav Road 403, 380059, Ahmedabad, India",India,HCP Wellness Private Limited,H09,,Ahmedabad,
"Health&Beyond International (HK) Co., Limited",healthandbeyond.com,+8613706198449,sales-support@healthandbeyond.cn,"26 Ng Fong Street, Hong Kong",Hong Kong,"Health&Beyond International (HK) Co., Limited",C31,Health&beyond is always customer-oriented and is committed to providing high-quality products and services to families and...,,
"Hebei Houde Hanfang Medical Devices Group Co., Ltd",,+8613832152559,mandy@hodaf.com,"Beisun Houde Hanfang Industrial Park No. 1 Zhengxing Highway, 050800, Zhengding County,, China",China,"Hebei Houde Hanfang Medical Devices Group Co., Ltd",J36,,"Zhengding County,",
HEMANI AROMATICS PRIVATE LIMITED,hemaniaromatics.com,+9136987018,marketing@hemaniaromatics.com,"CT-5-1404 & 1405, Plot-8 (PT) Wadala Truck Terminal Road, Antop Hill 14th Floor, 400037, Mumbai, India",India,HEMANI AROMATICS PRIVATE LIMITED,,"Hemani Aromatics Private Limited is a fragrance manufacturing company crafting olfactive solutions for Fine Fragrances, Personal...",Mumbai,
Hemani General Trading LLC,hemaniff.com,+97142947430,info@hemanitrading.ae,"64415, United Arab Emirates",United Arab Emirates,Hemani General Trading LLC,M35,"Company Brief Hemani Herbal, established in 1949, is now one of the largest Manufacturer & Trader of Natural and Herbal...",,
Hemani Herbals FZCO,hemaniherbals.com,+97142947430,mohsin@hemanitrading.ae,"Office 412, 64415, Dubai, United Arab Emirates",United Arab Emirates,Hemani Herbals FZCO,H11,"HEMANI GROUPS COMPANY PROFILE Hemani, established since 1949, has a vast experience in the field of herbal trade. This...",Dubai,
Henan Virgin Remy Hair Co. Ltd.,newmoonhair.com,+8613193923115,3853977139@qq.com,"S300M INTERSECTION OF HUANGHE ROAD AND, 462000, Luohe, China",China,Henan Virgin Remy Hair Co. Ltd.,I24,"HENAN VIRGIN REMY HAIR CO., LTD -Leading Hair Extensions Manufacturer In The World We were established in 2008, located in...",Luohe,
Henlics Cosmetics International Limited,skcosmetics.ae,,noemail@noemail.com,"135 Connaught Road West, Hong Kong, Hong Kong",Hong Kong,Henlics Cosmetics International Limited,C20,,Hong Kong,
"Her Beauty Solution Co., Limited",beautyandperfumeintl.com,+8615394385189,director@hzmcolor.com,"253-261 Hennessy Road, Hong Kong, Hong Kong",Hong Kong,"Her Beauty Solution Co., Limited",C16,We are a professional manufacturer specializing in fragrance products. With in-house R&D capabilities and an experienced...,Hong Kong,
Herbal Hispania,herbal.es,+34935750911,export@herbal.es,"Calle Segre, 32, 08110, Montcada I Reixac, Spain",Spain,Herbal Hispania,G28,HERBAL HISPANIA is a company in Barcelona with more than 35 years´ experience investing in the R + D of attractive and efficient...,Montcada I Reixac,
HERTZ PERFUMES AND COSMETICS PRIVATE LIMITED,khadlaj-perfumes.com,,,"AIRPORT ROAD BHIMPORE, 396215, DABHEL, India",India,HERTZ PERFUMES AND COSMETICS PRIVATE LIMITED,C11,,DABHEL,
"HEZE HENGSHANG PREMIUM HAIR PRODUCTS CO., LTD.",,+8618661944718,aleen-h@shengjinhair.com,"The second human hair industrial zone Juancheng, 274600, Heze, China",China,"HEZE HENGSHANG PREMIUM HAIR PRODUCTS CO., LTD.",D34,,Heze,
"HIGHTEMPOWALTZ CO., LTD.",wa.me,+8274017765,biz@htwaltz.com,"31, Eonnam-gil Seocho-gu, 06778, SeouL, Korea, the Republic of (South)","Korea, the Republic of (South)","HIGHTEMPOWALTZ CO., LTD.",C10,"English:Motomont is a Korean skincare brand specializing in ""Cream Mist"" — a moment-care cosmetics category designed for...",SeouL,
Hindustan Unilever Limited,,,mukesh.nathwani@unilever.com,"Chakala, Andheri (E), 400099, Mumbai, India",India,Hindustan Unilever Limited,F12,,Mumbai,
HK Hoyu Limited,,+8613676843980,rsbottle@foxmail.com,"Lei Yue Mun Road 2, Hong Kong",Hong Kong,HK Hoyu Limited,I19,"HK HOYU LIMITED is manufacture for glass perfume bottle, crystal perfume bottle, metal perfume bottle, gift packing boxes...",,
"HK Janou Technology Co., Limited",janoutex.com,+8657488460687,sales2@janoutex.com,"130-132 Des Voeux Road, Hong Kong, Hong Kong",Hong Kong,"HK Janou Technology Co., Limited",I36,"A packaging factory that ranges from design and supply to full customization,We have a professional team of designers who...",Hong Kong,
"HK Jianchao Intelligent Technology Co., Limited",jianchao-smart.com,,noemail@noemail.com,"34 Ashley Road, Hong Kong, Hong Kong",Hong Kong,"HK Jianchao Intelligent Technology Co., Limited",G29,,Hong Kong,
HK Maange Cosmetic Limited,skcosmetics.ae,,noemail@noemail.com,"1-3 Wong Chuk Yeung Street, Hong Kong, Hong Kong",Hong Kong,HK Maange Cosmetic Limited,A32,,Hong Kong,
"HK Timmi International Co., Limited",,,,"2&4 Chatham Court, Hong Kong, Hong Kong",Hong Kong,"HK Timmi International Co., Limited",D19,,Hong Kong,
"HLB Co., Ltd. Healthcare",,+82821097475749,sh11@hlbbio.co.kr,"Myeonghaksandanseo-ro 10-5, Sejong-si, Korea, the Republic of (South)","Korea, the Republic of (South)","HLB Co., Ltd. Healthcare","B18, B18","HLB Healthcare is a South Korean company with expertise in healthcare, personal hygiene, cosmetics, and diagnostic products...",Sejong-si,
Hoang Giang Agarwood Co. Ltd,hgagarwood.com,+84973770639,sale1@hgagarwood.com,"Hiep Cuong Hamlet, Tan Tien Village, 770000, Lagi Town, Vietnam",Vietnam,Hoang Giang Agarwood Co. Ltd,A26,"HAGA Oud is a company with a closed activity field in manufacturing and trading Oud, from Aquilaria Crassna planting to producing...",Lagi Town,
Homer Color Printing Co. Ltd.,homerprint.com,+88635985679,info@homeprint.com,"Shih Chen Road, Hsinchu Industrial Park, 30352, Hsinchu, Taiwan",Taiwan,Homer Color Printing Co. Ltd.,K25,Homer Color Printing has been dedicated to delivering exceptional high-end packaging experiences for over half a century...,Hsinchu,
"Hong Kong Biying Cosmetics Co., Limited",skcosmetics.ae,+8613650868240,736842415@qq.com,"Hennessy Road 253-261, Hong Kong",Hong Kong,"Hong Kong Biying Cosmetics Co., Limited",A19,"Hong Kong Biying Cosmetic Co.,Ltd. is a dynamic, vertically integrated beauty enterprise specializing in the development...",,
"Hong Kong Insco Trading Co., Limited",inscohk.com,+8675785611319,insco@inscohk.com,"14 Science Museum Road, Hong Kong, Hong Kong",Hong Kong,"Hong Kong Insco Trading Co., Limited",I18,"Our company specialized in trading of perfume glass bottle ,crystal bottle, essential oil bottle and varies Jars. Have 15...",Hong Kong,
Hong Kong Juhai Industrial Limited,,+8613922218775,eline0104@163.com,"Chatham Road South 87-105, Hong Kong",Hong Kong,Hong Kong Juhai Industrial Limited,A31,We focused on Skincare & Cosmetics products for 31 years. 1. Ranked Top 3 Skincare Manufacturer in our area; 2. With GMPC...,,
"Hong Kong Lisson Packaging Co., Limited",lissonpackaging.com,+8613928995636,kitty-tube@hklisson.com,"125-126 Connaught Road Central, Hong Kong",Hong Kong,"Hong Kong Lisson Packaging Co., Limited",B35,LISSON PACKAGING is a leading one-stop custom cosmetic packaging manufacturer and integrated solution provider with over...,,
"Hong Kong Sinbottle Packing Co., Limited",sinbottle-packaging.com,+8613711596708,hebejiang@sinbottle.com,"253-261 Hennessy Road, Hong Kong",Hong Kong,"Hong Kong Sinbottle Packing Co., Limited",H16,"Sinbottle founded in 2015, It’s a professional supplier of skincare and cosmetics packaging and finishing process modern...",,
"Hong Kong Yaxin International Group Co., Limited",,+8617329949627,2864576220@qq.com,"Hoi Yuen Road 45, Hong Kong",Hong Kong,"Hong Kong Yaxin International Group Co., Limited",A37,We’re a professional cosmetics and skincare manufacturer with GMP&ISO 22716 certificates since 2012. Our formulation principles...,,
Hongkong Creative Packing Limited,creativepacking.net,+8613537198388,vinny@creativepacking.net,"287-289 Reclamation Street, Hong Kong, Hong Kong",Hong Kong,Hongkong Creative Packing Limited,B28,"Creative Packing is a full-service custom packing provider specializing in high-end boxes(wooden, leather, watches, cosmetics...",Hong Kong,
Hongsu IOT Development INC,hongsuinc.com,+1311-591-7687,david@hongsuinc.com,"Grant Street No. 1500, 80203, Denver, United States",United States,Hongsu IOT Development INC,F34,We are a professional supply chain service provider. We could provide all kinds of plastic packing material. The products...,Denver,
Hongxin Cosmetics Limited,skcosmetics.ae,+8613760449956,xiaji212@163.com,"14 Science Museum Road, Hong Kong, Hong Kong",Hong Kong,Hongxin Cosmetics Limited,C37,"Hongxin Cosmetics Limited,which is a professional factory that produces cosmetics. We specialized in eyeshadow, blush, highlighter...",Hong Kong,
"Hongyi Packaging Co., Limited",hongyigd.com,+8615118335928,bella@hongyigd.com,"Jervois Street 91-97, Sheung Wan, Hong Kong",Hong Kong,"Hongyi Packaging Co., Limited",D28,"Hongyi Packaging Co., Ltd. is a comprehensive packaging company that integrates manufacturing and trading. We are characterised...",Sheung Wan,
Hongyu Aluminum & Plastic PKG Co. Ltd.,,+11236910997,fresone1@yeah.net,"Grant ST STE R 1600, 80203, Denver, United States",United States,Hongyu Aluminum & Plastic PKG Co. Ltd.,O32,"Hongyu Aluminium Plastic Pkg Co., Ltd. produce Aluminium bottles and Plastic bottles.",Denver,
Honnes Saglik Ve Endustriyel Urunleri A.S.,honnes.com,+902626588959,mustafa.erdogan@honnes.com,"Cumhuriyet Mah. Karayel Sok. No.14,, Kocaeli, Türkiye",Türkiye,Honnes Saglik Ve Endustriyel Urunleri A.S.,A20,,Kocaeli,
House of Perfumes,khadlaj-perfumes.com,+97143307357,info@houseofperfumes.com,"Port Saeed, 113634, Dubai, United Arab Emirates",United Arab Emirates,House of Perfumes,A10,"House of Perfumes, is a perfume house from the UAE specializing in French, Arabic and Oriental fragrances over the last 25...",Dubai,
HS INTERNATIONAL INC.,,+8231-871-2267,eyelashmaker@hsinternational.kr,"39, Sandan-ro 68 beon-gil,, 11781, Uijeongbu-si, Korea, the Republic of (South)","Korea, the Republic of (South)",HS INTERNATIONAL INC.,F27,We are a leading Korean beauty company representing the excellence of K-beauty. We are currently seeking distributors who...,Uijeongbu-si,
"HTO International Co., Ltd.",,+8210-7482-9882,silee@lcinternational.co.kr,"5F, Unit 504-S81 26 Byeollaejungang-ro, 12113, Namyangjusi, Korea, the Republic of (South)","Korea, the Republic of (South)","HTO International Co., Ltd.",G20,,Namyangjusi,
"HUAIAN WEIMING INTERNATIONAL TRADING CO., LTD",,+8615851730999,weimingtrading@hotmail.com,"4-85, Shuian Mingzai,, 223001, Huaian City, China",China,"HUAIAN WEIMING INTERNATIONAL TRADING CO., LTD","K21, K23",,Huaian City,
"Huayue Foreign Trade Co., Limited",,+8618689446250,8ackmak1r@gmail.com,"Fa Yuen Street 2-16, -, Hong Kong",Hong Kong,"Huayue Foreign Trade Co., Limited",C37,"The original factory was established in 1998. We specialize in professional hair salon products,including shampoos,conditioners...",-,
"Hubei Jrpacking Technology Co.,Ltd",jrpacking.com,+862787568208,sales1@jrpacking.com,"The core of optics valley, Hi-tech development zone,, Wuhan, China",China,"Hubei Jrpacking Technology Co.,Ltd",J29,"Founded in 1998 in Wuhan, Jrppacking is a national high-tech enterprise specializing in the research, development, production...",Wuhan,
HUBISLAB,hubislab.com,+8250-5600-8880,info@hubislab.com,"5F 501, 63-12, Dongtancheomdansaneop 1-ro, 18469, Hwaseong-si, Korea, the Republic of (South)","Korea, the Republic of (South)",HUBISLAB,E18,,Hwaseong-si,
"Huihao Medical Technology (Zhejiang) Co.,Ltd.",,+8613819991691,info@beautyfactory.com.cn,"No.39, Suxin RD. Suxi Town, 322000, Yiwu, China",China,"Huihao Medical Technology (Zhejiang) Co.,Ltd.",H17,,Yiwu,
"Huizhou Cailang Printing Products Co., Ltd.",,+863739610,willa@cailang.com.cn,"Dalubei Zhenlong Town, Huizhou, China",China,"Huizhou Cailang Printing Products Co., Ltd.",J09,"Huizhou Cailang Printing Products Co., Ltd. was established in 2003. With regrouping and development, it has been one of...",Huizhou,
"HUIZHOU DANYI COSMETICS KITS CO., LTD.",skcosmetics.ae,+8613530180180,yi.huang@danyibrush.com,"No. 30, Luocun Avenue South Luocun Industrial Zone, 516035, Huizhou City, China",China,"HUIZHOU DANYI COSMETICS KITS CO., LTD.",E35,,Huizhou City,
"Hunan Province Jie Ya Non-woven Products Co.,Ltd.",yingjieya.en.alibaba.com,+867392722555,2338426071@qq.com,"No 168,Husheng Road ,Ecological 168Husheng, 422800, Shaoyang City, China",China,"Hunan Province Jie Ya Non-woven Products Co.,Ltd.",F15,"Hunan Jieya Nonwoven Products Co., Ltd. was established in 2014, located in 168Husheng Road, Ecological Industrial Park, Dahetang...",Shaoyang City,
Hunca Kozmetik Sanayi A.S.,hunca.com,+902827262510,export@hunca.com.tr,"OSB Mah 15 Sk No: 5A, Cerkezkoy, 59500, Tekirdag, Türkiye",Türkiye,Hunca Kozmetik Sanayi A.S.,B11,Hunca Cosmetics was established in 1957 in Istanbul. The company's founding father is Adnan Hunca. It was created as a family...,Tekirdag,
Husna Flavours & Fragrances PVT LTD,husnaff.com,+918041506117,info@hffhusna.com,"H. Siddhiah Rd.,, 560027, Bangalore, India",India,Husna Flavours & Fragrances PVT LTD,H39,"In the world of perfumes, HFF is a brand with a great name recall. Simply because, at Husna, what we strive to do is to create...",Bangalore,
"Huzhou Meilun Crafts Co, Ltd.",,+8657213587252108,eileen@diwol.net,"Donglin Town Industry Zone, 313000, Zhejiang, China",China,"Huzhou Meilun Crafts Co, Ltd.",C37,,Zhejiang,
"Huzhou Mino Daily Chemicals Co., Ltd.",,+865722556999,info@meinuo.com,"Yingjin Road 2, 313021, Huzhou, China",China,"Huzhou Mino Daily Chemicals Co., Ltd.",A16,"Since 1994, Huzhou Mino Daily Chemical Co., Ltd. has built a strong reputation as a leader in the hair dye export industry...",Huzhou,
HY Sp Zo.o,,+48511809563,info@denmood.com,"ul. Poniatowskiego 2, 59-902, Zgorzelec, Poland",Poland,HY Sp Zo.o,D21,"We are a well‑established manufacturer with strong comprehensive strength. Covering over 30,000 square meters, our factory...",Zgorzelec,
Hyde Technology Company Limited,hydenameplate.com,+85239625160,5453797@qq.com,"Tong Choi Street 1A-1L, Mongkok, Hong Kong",Hong Kong,Hyde Technology Company Limited,A32,"Hyde Technology Company Limited, established in 2013. Our company is a manufacturer focusing on the development, production...",Mongkok,
Hysqia Cosmetics Middle East F.Z.E,skcosmetics.ae,+971543669994,info@hysqia.ae,"Dubai, United Arab Emirates",United Arab Emirates,Hysqia Cosmetics Middle East F.Z.E,G17,"HYSQIA is a Swiss feminine care brand redefining intimate and body care through expertise, efficacy and elegance. Developed...",Dubai,
I T D A General Trading LLC,,+971564097814,info@lamisebeauty.com,"Sheikh Zayed Bin Hamdan Al Nahyan Street No.11, 00000, Dubai, United Arab Emirates",United Arab Emirates,I T D A General Trading LLC,A28,السلام عليكم안녕하세요 Welcome to Lamise K-Beauty! ✨ Your journey to K-Beauty from Seoul to Dubai Lamise K-Beauty is a UAE-based...,Dubai,
I&K Enterprices,,+923211455120,rashad78600@gmail.com,"New Muslim Town, 54000, Lahore, Pakistan",Pakistan,I&K Enterprices,C42,"🌍 I&K Enterprises — Excellence in Beauty & Personal Care Since 1999 Founded in 1999, I&K Enterprises has grown from a modest...",Lahore,
"I-ne co.,Ltd.",,+816-6443-0881,international@i-ne.co.jp,"Minamikyuhojimachi Chuo-ko, Osaka-shi 4-1-2, 541-0058, Osaka, Japan",Japan,"I-ne co.,Ltd.",D09,"I-ne Co., Ltd.,is a leading J-Beauty innovator behind Japan’s top-selling brands like BOTANIST, YOLU, and SALONIA. Backed...",Osaka,
IBECOSMETICA SRL,ibecosmetica.com,+3905041426,info@ibecosmetica.com,"VIA PONTE A PIGLIERI 8, 56122, PISA, Italy",Italy,IBECOSMETICA SRL,"E22, F21",Ibecosmetica was founded in Italy with a clear vision: to create value in the professional haircare industry through quality...,PISA,
Iberchem SAU,iberchem.com,+34968893002,iberchem@iberchem.com,"P.I. Oeste, P 9/ 9, 30820, Murcia, Spain",Spain,Iberchem SAU,B26,"Iberchem is a leading fragrance manufacturer specialised in the creation of fragrances for personal care, home care and fine...",Murcia,
Ibrahem Al Qurashi Perfumes L.L.C,khadlaj-perfumes.com,+97142556091,adel.alamoudi@ibraqperfumes.com,"116794, United Arab Emirates",United Arab Emirates,Ibrahem Al Qurashi Perfumes L.L.C,A32,Our story began in the heart of Makkah in 1929.A business born from a quiet devotion to scent.What began as a tradition became...,,
ICC,,,,"Corniche Buhairah, Sharjah, United Arab Emirates",United Arab Emirates,ICC,D10,,Sharjah,
ICC & CPC,,+97165739392,salesupport2@nazih.com,"Buhairah Corniche, Sharjah, United Arab Emirates",United Arab Emirates,ICC & CPC,D10,"As leading Private Cosmetics label Manufacturer in MENA Region, we are offering a unique level of services to our customers...",Sharjah,
ICC SRL,icc-italy.com,+39371779400,f.bellavita@icc-italy.com,"Via Beethoven, 20, 26817, San Martino In Strada, Italy",Italy,ICC SRL,F20,,San Martino In Strada,
ICE Cosmetic Group Limited,icenovagel.com,,noemail@noemail.com,"162-170 Tai Lin Pai Road, Hong Kong, Hong Kong",Hong Kong,ICE Cosmetic Group Limited,G39,,Hong Kong,
ICONICOS S.p.A.,,+393321845082,s.quirino@iconicos.com,"Corso Venezia 54, 20121, MILANO, Italy",Italy,ICONICOS S.p.A.,C17,"A new strategic visionICONICOS is evolving toward a model oriented around continuous innovation, the developmentof new cosmetic...",MILANO,
ID Cosmetics SIA,skcosmetics.ae,+37125708328,info@iluris.com,"Kukas 2, LV5222, Kukas ,Jēkabpils nov., Latvia",Latvia,ID Cosmetics SIA,G24A,"iLURIS LAB, proudly crafted in Latvia, European Union, represents the pinnacle of modern European cosmetic engineering, where...","Kukas ,Jēkabpils nov.",
Identiscents FZC,identiscents.com,+97165575455,clementine@identiscents.com,"P6 - 080 SAIF Zone, P.O Box 120150, Sharjah, United Arab Emirates",United Arab Emirates,Identiscents FZC,,"Founded in 1997 | Dubai, UAE Identiscents is a Dubai-based fragrance and packaging partner for the beauty and perfumery industry...",Sharjah,
IES Ingredients S A,ies-ingredients.com,+33491077088,c.sangnier@ies-ingredients.com,"Parc d'activités de Fontvieille, 13190, Allauch, France",France,IES Ingredients S A,E38,IES INGREDIENTS is the first European distributor for the F&F industry to open in the UAE. We are distributor for the prestigious...,Allauch,
IGOP PERFUMES INDUSTRY L.L.C,khadlaj-perfumes.com,+971566352661,nour@igop.ae,"22267, United Arab Emirates",United Arab Emirates,IGOP PERFUMES INDUSTRY L.L.C,E10,,,
IH Manufacturing,ihmanufacturing.com,+1305-582-6332,info@ihmanufacturing.com,"W 20th Ave 8075, 33014, Miami, United States",United States,IH Manufacturing,C19,Company Description – English IH Manufacturing is a U.S.-based private label manufacturing and product development company...,Miami,
Ikistar Tekstil Dizayn Ltd. Sti.,,+905327211750,hello@2winsdh.com,"Levent Mah Zambakli Sok No. 29, 34330, Istanbul, Türkiye",Türkiye,Ikistar Tekstil Dizayn Ltd. Sti.,F09,,Istanbul,
IL COSMETICS GROUP,ilcosmetics.com,+352519466307,a.ignaccolo@ilcosmetics.com,"Rue de Turi, 3378, Livange, Luxembourg",Luxembourg,IL COSMETICS GROUP,"A12, D12","Established in 1984 and headquartered in Luxembourg, IL COSMETICS GROUP is a leading B2B manufacturer in the NAIL POLISH...",Livange,
im Rasasi perfumes trading L.L.C - S.O.C,imrasasi.com,+97143211666,accounts@imrasasi.com,"26902, United Arab Emirates",United Arab Emirates,im Rasasi perfumes trading L.L.C - S.O.C,D44,,,
IMALTEC GROUP SRL,,+390309718736,export@imaltecgroup.com,"Via Maddalena, 25075, NAVE, Italy",Italy,IMALTEC GROUP SRL,"E20, F15","IMALTEC GROUP is an Italian manufacturing company, highly technological with state-of-the-art research and development laboratory...",NAVE,
Imperial Fragrances & Flavours PVT. LTD,imperialfragrances.com,+919831720006,mrinal@imperialfragrances.com,"31 Dr Sisir Kumar Bose Sarani, 700020, Kolkata, West Bengal, India",India,Imperial Fragrances & Flavours PVT. LTD,F36,,"Kolkata, West Bengal",
Imtell Import Export Limited,,+8618127813033,cathy@rainhanhk.com,"610 Nathan Road, Mongkok, Hong Kong",Hong Kong,Imtell Import Export Limited,H42,"Chuyu was founded in 2016. Our factory is a professional cosmetics manufacturer integrating R & D, design, manufacturing...",Mongkok,
InCase Handelsgesellschaft,,+4917672053939,giulia.poplutsch@pfeilring.de,"Nordsternstr. 25, 45329, Essen, Germany",Germany,InCase Handelsgesellschaft,F34,"Founded in 2003, InCase is an international supplier of beauty and personal care products, with 99 employees and a portfolio...",Essen,
"INCORE CO.,LTD.",incoremedi.com,+8270-4247-8595,,"11, Hyeoksin-daero 78-gil, Dong-gu, 41072, Daegu, Korea, the Republic of (South)","Korea, the Republic of (South)","INCORE CO.,LTD.","E23, E23",,Daegu,
Indigenous Product Development Solutions,,+919899970110,sales@thesecretessence.com,"Baghpat Industrial Area D-24, 250609, Baghpat, India",India,Indigenous Product Development Solutions,B18,"Secret Essence is an India-based wellness brand offering two ranges: our AYUSH-licensed, GMP-certified Ayurvedic healing...",Baghpat,
Indo GSP Chemicals Private Limited,indogsp.com,+917278365146,anushree@indogsp.com,"New Marine Lines 18, 400020, Mumbai, India",India,Indo GSP Chemicals Private Limited,C39,"We are the leading supplier of Di Ethyl Phthalate (DEP), Tri Ethyl Citrate (TEC), Di Octyl Adipate (DOA), etc., having highest...",Mumbai,
Indonesian Trade Promotion Centre,,+97145471100,itpc.dubai@kemendag.go.id,"382 Shop 5, Dubai, United Arab Emirates",United Arab Emirates,Indonesian Trade Promotion Centre,,"Established in 1985, the Indonesian Trade Promotion Center (ITPC) in Dubai represents the Ministry of Trade of the Republic...",Dubai,
Industrie Pagoda SRL,industriepagoda.it,+39501116,vittoria.condemi@industriepagoda.it,"Via Spallanzani 24/ 26, 24061, Albano Sant Alessandro, Italy",Italy,Industrie Pagoda SRL,"E44, F24",Since 1980 Industrie Pagoda has been producing hair care and skin care products in private label. Specialized in bleaching...,Albano Sant Alessandro,
Inessens Services Societe a responsabilite Limitee (Societe a associe unique),inessens.fr,+33468763737,c.dubois@innessens.fr,"11290, Montreal De L'Aude, France",France,Inessens Services Societe a responsabilite Limitee (Societe a associe unique),K13,"Inessens gathers 10 printing houses specialised in labels, gift boxes and olfactory tools dedicated to cosmetics and perfumes...",Montreal De L'Aude,
"Inkoa Co., Ltd.",,,inkoacos2@naver.com,", Gyeonggi-daero, Jinwi-myeon, 1791, Gyeonggi, Korea, the Republic of (South)","Korea, the Republic of (South)","Inkoa Co., Ltd.",H37,"Established in 2006, INKOA Co., Ltd. is a Korean cosmetics exporter and global B2B distribution partner, connecting Korean...",Gyeonggi,
"Innovation Packaging Co., Limited",,+8657462816188,iiiiouy0619@outlook.com,"250 King's Road, North Point, Hong Kong",Hong Kong,"Innovation Packaging Co., Limited",C30,"Innovation Packaging is a leading manufacturer specializing in developing and producing package for skin care, cosmetic, household...",North Point,
"Innovation Packaging USA Co., Limited",,+1626-388-6609,stellagel@foxmail.com,"E Guasti Rd. Ste 701, 7th Floor 3281, 91761, Ontario, United States",United States,"Innovation Packaging USA Co., Limited",O11,,Ontario,
Innovative Group Plastic Manufacturing LLC,,+971551062096,gurmeet@innovative-group.net,"Plot no. 550 Emirates Industrial Area, Umm Al Quwain, United Arab Emirates",United Arab Emirates,Innovative Group Plastic Manufacturing LLC,C26,,Umm Al Quwain,
International Flavors & Fragrances (Middle East) FZ-LLC,abcfragrances.com,+97144544547,aram.boyadjian@iff.com,"485030, Dubai, United Arab Emirates",United Arab Emirates,International Flavors & Fragrances (Middle East) FZ-LLC,E26,"At IFF, we make joy through science, creativity and heart. As the global leader in flavors, fragrances, food ingredients...",Dubai,
International Fragrance Corporation,fragranceworld.ae,+922132564214,ahmed@metromilan.com.pk,"Export Processing Zone, 75150, Karachi, Pakistan",Pakistan,International Fragrance Corporation,E39,"Metromilan is the largest company in Pakistan producing incense sticks since 1970, Metro Agarbatti Companycommands over five...",Karachi,
International Laboratories Corporation Limited,,+66988245993,p_napaswan@ilc-cosmetic.com,"BANGPHLI DISTRICT,, 10540, SAMUT PRAKAN PROVINCE, Thailand",Thailand,International Laboratories Corporation Limited,D27,,SAMUT PRAKAN PROVINCE,
Investment and Development Agency of Latvia,,,baiba.berzina@liaa.gov.lv,"Perses Street 2, LV-1011, Riga, Latvia",Latvia,Investment and Development Agency of Latvia,,"Investment and Development Agency of Latvia (LIAA) works to increase export and competitiveness of Latvian companies, facilitate...",Riga,
Ippa SRL,ippa.it,+39495993177,export@ippa.it,"Via Barison 15, 35019, Tombolo, Italy",Italy,Ippa SRL,F26,"A story that originates from Italian excellence Founded in 1952 by the Zecchin brothers, Ippa is now considered a market...",Tombolo,
IPRA Fragrances SAS,iprafragrances.com,+33492921004,marketing@iprafrance.com,"voie c lot no 39, 06370, Mouans Sartoux, France",France,IPRA Fragrances SAS,I21,"Founded with a passion for olfactory artistry, IPRA Fragrances is a company specialized in the creation of innovative and...",Mouans Sartoux,
Iris Cosmetologie,,+212670-395138,debbagh.m@ircoslaboratoires.com,"Almassar Qi 126, 4000, Marrakech, Morocco",Morocco,Iris Cosmetologie,A21,Le Botaniste draws inspiration from the vibrant and diverse terroirs of Morocco to create exceptional natural treatments...,Marrakech,
IRONCLAD MEDICAL TRADING LLC,,,alsu.kmiz@gmail.com,"Rasis Building, of 438, Dubai, United Arab Emirates",United Arab Emirates,IRONCLAD MEDICAL TRADING LLC,A11,,Dubai,
ISEM EGISA Middle East,isempackaginggroup.com,+971508502963,hello@isemgroup.com,"Convention Tower, Level 9 Office 08, Dubai, United Arab Emirates",United Arab Emirates,ISEM EGISA Middle East,SR-K10,"ISEM EGISA Middle East is the regional platform of ISEM Packaging Group in the Middle East, dedicated to supporting beauty...",Dubai,
It's a 10,,+97165739392,purchase1dubai@nazih.com,"Buhairah Corniche, Sharjah, United Arab Emirates",United Arab Emirates,It's a 10,,"IT'S A 10 haircare began with the idea that feeling good about your hair should be easy. Over the years, hair care has gotten...",Sharjah,
Italian Beauty Labs SRL,beautyandperfumeintl.com,+39335296782,stefania.caporaso@iblabs.it,"Viale Delle Industrie 25, 20040, CAMBIAGO, Italy",Italy,Italian Beauty Labs SRL,F17,Italian Beauty Labs is an innovative manufacturing company founded with a vision to enrich the vibrant landscape of global...,CAMBIAGO,
"Iunik Co., Ltd.",iunik.com,+8210-2590-2175,jay@iunikcos.com,"Eonju-ro Gangnam-gu, Seoul, Korea, the Republic of (South)","Korea, the Republic of (South)","Iunik Co., Ltd.",C27,"At IUNIK, we prioritize the study of sensitive skin and rely on science as the foundation of our innovation. For individuals...",Seoul,
J B Fragrances & Flavours Private Limited,abcfragrances.com,+919870000734,arjun@jbff.co.in,"SUR NO 391,SUB PLT 3&4 Paldi Kankaj, 382425, Ahmedabad, India",India,J B Fragrances & Flavours Private Limited,I12,"J B Fragrances & Flavours Pvt. Ltd. Established in 1950, J B Fragrances & Flavours Pvt. Ltd. (JBFF) is a family-owned Indian...",Ahmedabad,
"J&K Internatural Co., Ltd.",,+66648295145,tipnarin@jandkinternatural.com,"88/92, 94, 95 Moo12 Bang pla, 10540, Samutprakan, Thailand",Thailand,"J&K Internatural Co., Ltd.",A17,"J&K INTERNATURAL.CO.,LTD is a Thai manufacturer specializing in herbal and natural-inspired soaps and personal...",Samutprakan,
Jacklon sas di Giacalone A.&C.,jacklon.it,+390396040445,annalisa.giacalone@jacklon.it,"Via Del Commercio 3, 20863, CONCOREZZO, Italy",Italy,Jacklon sas di Giacalone A.&C.,E28,Since 1930 Jacklon has been producing cosmetic near Milan. The Family has always been at the head of the Company. All products...,CONCOREZZO,
Jan & Bros (L.L.C.),janbros.com,+97142251188,janbros@eim.ae,"One Deira Office Block - above Gold Souq - Al Corniche - Dubai Deira Souq, Dubai, United Arab Emirates",United Arab Emirates,Jan & Bros (L.L.C.),C41,"Founded in 1967, Jan Bros LLC is a trusted, family-owned enterprise based in Dubai, United ArabEmirates — built on a legacy...",Dubai,
Jarsking Global Packing & Packaging Materials Trading Co. L.L.C,,+971567975151,jarskingsales@163.com,"Sheik Zayed Road, Dubai, United Arab Emirates",United Arab Emirates,Jarsking Global Packing & Packaging Materials Trading Co. L.L.C,A11,Jarsking Packaging is a leading full-service designer and manufacturer of customized perfume and cosmetics packaging solutions...,Dubai,
Jasmine Concrete Exports Private Limited,jasmine.in,+914428202439,jasminecni@jasmine.in,", Josier Street 39, 600034, Chennai, India",India,Jasmine Concrete Exports Private Limited,E20,"Jasmine is India’s largest manufacturer of floral extracts and one of the most trusted partners to the global fragrance, flavour...",Chennai,
"JDBIO Co.,Ltd.",jdbio.com,+8210-9531-7003,pje@jdbio.com,"Bundang-gu, Seongnam-si, 13494, Seongnam-si, Korea, the Republic of (South)","Korea, the Republic of (South)","JDBIO Co.,Ltd.",,JDBIO's mission is to manufacture and to supply high-quality aesthetic products created by using the latest and advanced...,Seongnam-si,
Jean Niel Sas,jeanniel.fr,+33493700152,contact@jeanniel.fr,"Boulevard Emmanuel Rouquier 179, 06130, Grasse, France",France,Jean Niel Sas,J24,"A house of excellence since 1779, Jean Niel embodies centuries-old expertise. The company has cultivated this heritage to...",Grasse,
Jell Pharmaceuticals Pvt. Ltd.,jellpharma.com,+919820138987,chirag@jellpharma.com,"Survey No. Athal Industrial Estate, Athal Village 142/2, 396230, Mumbai, India",India,Jell Pharmaceuticals Pvt. Ltd.,H38,"Jell Pharmaceuticals Pvt. Ltd is a private label manufacturing company, known for it’s an exceptionalapproach to every consumer...",Mumbai,
Jerusalem Roses Company,,+970508081059,sales@reskincare.com,"Al Quds University Street, Jerusalem, Palestine",Palestine,Jerusalem Roses Company,B11,"Welcome to Re, a brand dedicated to creating natural and effective skincare products using local ingredients. Our mission...",Jerusalem,
JFF Parfum,sterlingparfums.com,+39329529918,info@jffparfum.com,"VIA VINCENZO BELLINI 17, 95027, S. GREGORIO DI CT, Italy",Italy,JFF Parfum,C40,"JFF PARFUM is a modern and efficient company which is responsible to plan, design and produce fragrances and flavours food...",S. GREGORIO DI CT,
"Jiangmen Xinwei Cosmetics Co., Ltd.",skcosmetics.ae,+867506664477,sales01@xinweipaper.com,"Yexing 1st Road, No 17, Jiangmen City,, China",China,"Jiangmen Xinwei Cosmetics Co., Ltd.",K15,"XINWEI COSMETICS CO.,LTD is a professional depilatory wax products company.We manufacture,develop and process various hair...","Jiangmen City,",
"JIANGMEN YUESONG ELECTRIC APPLIANCE CO.,LTD",,+8613680436505,zhangclolq_163@163.com,"No.85, Xinxing Rd., 529000, Jiangmen, China",China,"JIANGMEN YUESONG ELECTRIC APPLIANCE CO.,LTD",C42,,Jiangmen,
"JIANGSU AIDELI SPRAY TECHNOLOGY CO., LTD.",adl-sprayer.en.made-in-china.com,+8617768174878,,"No.4 Yiwu Road, Economic And Technological Development zone, Shuyang County, 223600, Suqian City, China",China,"JIANGSU AIDELI SPRAY TECHNOLOGY CO., LTD.",E18,,Suqian City,
"JIANGSU BAODELI SPRAY TECHNOLOGY CO., LTD.",,+8618606246774,531226357@qq.com,"NO.9 JIANGYIN RD. SHUYANG COUNTY, 223600, SUQIAN, China",China,"JIANGSU BAODELI SPRAY TECHNOLOGY CO., LTD.",G19,,SUQIAN,
"JiangSu Costol Commodity Co.,Ltd",costol.en.alibaba.com,+868618657979775,133100711@qq.com,"No. 31 Tongzhou Road, Yangzhou, China",China,"JiangSu Costol Commodity Co.,Ltd",J18,"JiangSu Costol Commodity Co.,Ltd, located in the renowned city of Yangzhou where ancient culture and modern civilization...",Yangzhou,
"JIANGSU DEVON PRINTING CONSUMABLE CO.,LTD",,+86511 86910233,kevin@devonconsumable.com,"CHUANGYE ROAD NO.1, 212300, DANYANG, China",China,"JIANGSU DEVON PRINTING CONSUMABLE CO.,LTD",F38,,DANYANG,
"JIANGSU GUKA PACKAGING TECHNOLOGY CO.,LTD",gukapackaging.com,+8613401564599,support@gukapackaging.com,"No.8, Rongan Rd., Cui Qiao, Henglin Town, 213000, Changzhou, China",China,"JIANGSU GUKA PACKAGING TECHNOLOGY CO.,LTD",E33,,Changzhou,
"Jiangsu Hanyao Medical Devices Co.,Ltd.",,+868688286658,kirk@hanyaomedica.com,"YongchangRoad, 901, Xuzhou,, China",China,"Jiangsu Hanyao Medical Devices Co.,Ltd.",F41,"Jiangsu Hanyao Medical Devices Co. Ltd is a research and development, manufacturing, sales and service in one of the high...","Xuzhou,",
"Jiangsu Miko Biotechnology Co., Ltd.,",,+8618012307697,xixi9907@dingtalk.com,"Phase 2, Sui Valley Suihe Subdistric, 221200, Xuzhou, China",China,"Jiangsu Miko Biotechnology Co., Ltd.,",F37,,Xuzhou,
"Jiangxi Jindieli Packaging Co., Ltd.",jindieli.com,+8637314220,946046787@qq.com,"Leigongjian Industrial Park, Jingan County, Yichun City, Jiangxi Province,, 336000, Jiangxi, China",China,"Jiangxi Jindieli Packaging Co., Ltd.",E18,"Jindieli Packaging, founded in 2001, has more than 22years of production experience.In Jiangxi Province and Guangdong Province...",Jiangxi,
Jiangxi Xirui Manufacturing Co. Ltd.,,+8613097079838,nicoleyang@xiruiblade.com,"Xirui Road 888, 341000, Ganzhou, China",China,Jiangxi Xirui Manufacturing Co. Ltd.,F35,,Ganzhou,
"JIANGYIN SURFORE INTERNATIONAL TRADE CO.,LTD",,+8618961680993,sherry@surforepack.com,"106shixin Road, 214432, Jiangyin, China",China,"JIANGYIN SURFORE INTERNATIONAL TRADE CO.,LTD",E19,,Jiangyin,
"Jianmei (Guangdong) Plastic Manufacturing Co., Ltd.",,+8613925051960,1076051230@qq.com,"No. 136, Yongjun Road Dalingshan Town, 523000, Dongguan, China",China,"Jianmei (Guangdong) Plastic Manufacturing Co., Ltd.",H30,,Dongguan,
JINCOSTECH,,+8231-599-7108,pdh@jincostech.com,"15083, Korea, the Republic of (South)","Korea, the Republic of (South)",JINCOSTECH,D17,,,
"Jinhua Allies Import and Export Co.,Ltd.",alliestrade.com,+868613085660387,maggie@alliestrade.com,"NO 1313 Liyu Road, Jinhua, China",China,"Jinhua Allies Import and Export Co.,Ltd.",A42,Jinhua Allies Import and Export Co.Ltd. is a company integrates manufacturing and trading. As a one-stop service company...,Jinhua,
"Jinhua Mingdan Cosmetics Co., Ltd.",skcosmetics.ae,+8618967956369,33387551@qq.com,"No. 51, Zhenpu RD. Zhengjiawu Town, 322206, Jin hua, China",China,"Jinhua Mingdan Cosmetics Co., Ltd.",I13,,Jin hua,
"JINHUA QIAODUPACKAGING CO.,LTD",,+8615825766285,cathy@qiaodupack.com,"NO.8 LINYUAN ST. CAOZHAI INDUSTRIAL PARK, 321031, JINHUA, China",China,"JINHUA QIAODUPACKAGING CO.,LTD",K19,,JINHUA,
JL International Co. Ltd.,,+822-2679-9902,sandy@dluxpro.com,"Seonyu-ro 49-gil 23, 07208, Seoul, Korea, the Republic of (South)","Korea, the Republic of (South)",JL International Co. Ltd.,E22,"Founded in South Korea in 1994, JL International Co., Ltd. is a professional beauty company specializing in eyelash extensions...",Seoul,
JO MILANO PARIS INC,jomilanoparis.com,+1646-238-7743,sales@jomilanoparis.com,"28 Street, 10016, New York, United States",United States,JO MILANO PARIS INC,B25,,New York,
Josco International Co. Ltd.,joscowx.cn,+8651082751135,gabbyh0704@gmail.com,"B-2407 Huijin Plaza, 198 Zhongshan Rd, 214002, Wuxi, China",China,Josco International Co. Ltd.,E27,Josco International Corp.ltd is the professional manufacturer of all kinds of perfume and cosmetic glass bottles with moderate...,Wuxi,
"Joshine New Materials Solution Co., Limited",,+8613912337992,josjoyce@163.com,"610 Nathan Road, Hong Kong, Hong Kong",Hong Kong,"Joshine New Materials Solution Co., Limited",B36,"Founded in 2000, we specialize in making all kinds of Packaging for perfume,cosmetics, skin care items, bakhoor, candle and...",Hong Kong,
Joyan Biological Sp.zo.o,,+48669568844,info@alyoubi-design.com,"ul. Osowska 26, 04-351, Warszawa, Poland",Poland,Joyan Biological Sp.zo.o,B35,"Joyan Biological, a professional cosmetics manufacturer in addition to ODM/OEM production services, we provide customized...",Warszawa,
JRL,,+97165739392,marketing2@nazih.com,"Buhairah Corniche, Sharjah, United Arab Emirates",United Arab Emirates,JRL,,"JRL PROFESSIONAL is dedicated to the professional beauty & barber industry. Since the launch of our first dryer, we have...",Sharjah,
"JUANCHENG COUNTY MENGYANG HANDICRAFTS CO., LTD.",,+8618753068312,my.hair.factory@outlook.com,"North of Lilou Village, East Leize Avenue Juancheng Economic Development Zone, Heze, China",China,"JUANCHENG COUNTY MENGYANG HANDICRAFTS CO., LTD.",F32,,Heze,
"Juancheng Simirui Hair Products Co., Ltd",,+8613573010111,1931522179@qq.com,"North, 50 meters east of Yongding Rd. Yicheng St., 274600, Heze, China",China,"Juancheng Simirui Hair Products Co., Ltd",I15,,Heze,
Junaid Jamshed Pvt. Ltd.,junaidjamshed.com,+922132138797470,rayyan.alam@uigmts.com,"Plot 40, Sector 19 Korangi Industrial Area, Karachi, Sindh Plot 40, 75900, Karachi, Pakistan",Pakistan,Junaid Jamshed Pvt. Ltd.,E24,"J. Fragrances is a manufacturer, exporter and has retail footprint across the World with 40+ international outlets across...",Karachi,
Junfeng Glass,,+8658439303,markjunfeng@163.com,"South tangqiaotown, Zhangjiagang, China",China,Junfeng Glass,D12,,Zhangjiagang,
JYX GmbH,jyxpackaging.com,+4962519749090,marketing@jyxpackaging.com,"Lindberghstr, 64625, Bensheim, Germany",Germany,JYX GmbH,N12,,Bensheim,
K-Headspa,,5622316139,jin@k-headspa.com,"Painter Ave. 9905, 90605, Whittier, United States",United States,K-Headspa,C11,"K-Headspa is a scalp wellness brand built on a complete professional system of head spa equipment, specialized products, and...",Whittier,
K-secret,,+8210-2394-6695,joylee@aj-int.com,"16, Samseong-ro 76-gil, Gangnam-gu, Seoul, Korea, the Republic of (South)","Korea, the Republic of (South)",K-secret,A34,"AJA International, operating under the brand K-SECRET, is the leading K-Beauty distributor in the Middle East and Africa...",Seoul,
K-WON Beauty,beautyandperfumeintl.com,+8232-579-3605,kw3605@empas.com,"Janggogae-ro 117beon-gil 30, 22841, Incheon, Korea, the Republic of (South)","Korea, the Republic of (South)",K-WON Beauty,H42,We established in 2003. Our company goal is to provide beauty and health to whole world by producing high quality product...,Incheon,
KAIROS INDUSTRIA E COMERCIO LTDA,,+553199572-6280,goldesignbossa@gmail.com,"Rua Desembargador Edesio Fernandes 148, 30494-450, Belo Horizonte, Brazil",Brazil,KAIROS INDUSTRIA E COMERCIO LTDA,G16,,Belo Horizonte,
Kalugahair Trading LLC,kalugahair.ae,+971581091323,kalugahair.valentina@mail.ru,"Beach Park Plaza Jumeirah 2, Dubai, United Arab Emirates",United Arab Emirates,Kalugahair Trading LLC,C28,Kalugahair is a full-cycle hair factory that starts with the purchase of “donor hair” and ends with sales of ready-made hair...,Dubai,
Kandil Glass,kandilglass.com,+201279930401,caroline.ibrahim@kandilglass.com,"Industrial Zone A-3 Area 91, 14166, Cairo, Egypt",Egypt,Kandil Glass,A21,,Cairo,
Kass Enterprises,,+92923219214998,asif_kass@yahoo.com,"Plot no. D-204/b, Office 01, mezzanine, 74000, Karachi, Pakistan",Pakistan,Kass Enterprises,"C13, C13",Kass Cosmetics is the company that was formed in the year 2005 as a cosmetic and toiletries manufacturing company. The core...,Karachi,
KBH Care,,,,"225, Gasan Digital 1-ro Geumcheon-gu #1322, Seoul, Korea, the Republic of (South)","Korea, the Republic of (South)",KBH Care,"F12, F12","KBH CARE is a Korean company established in 2019 that specializes in exporting medicines, medical devices and cosmetics to...",Seoul,
Keichunhung Pack Limited,,+8613790061270,wing@qjhpumps.com,"26 Ng Fong Street, Hong Kong",Hong Kong,Keichunhung Pack Limited,D15,KEICHUNHUNG PACK LIMITED is specializing in the production of daily chemical packaging of various styles and specifications...,,
Kema France Signature SAS,kemafrance.com,+335220331093,info@kemafrance.com,"Chemin De la Siagne 27, 06460, Saint-Vallier-de-Thiey, France",France,Kema France Signature SAS,,"Kema France is an international fragrance house based near Grasse, France. We operate our own R&D laboratory and production...",Saint-Vallier-de-Thiey,
Kenz Alrasasi Perfumes Trading LLC,kenzderasasi.com,+971509605686,kunal@calantiperfumes.com,"90051, United Arab Emirates",United Arab Emirates,Kenz Alrasasi Perfumes Trading LLC,A12,,,
KEROPY RAZOR,,+8618826659165,evan.shen@toyoly-cosmetics.com,"HUATENGXINCHENG, No. 57 XIJIAO ROAD , RONGGUI, 528300, Foshan, China",China,KEROPY RAZOR,F31,,Foshan,
Khalis Perfumes Trading LLC,khadlaj-perfumes.com,+97143396424,shoaib@khalisperfumes.com,"Baniyas Road, Dubai, United Arab Emirates",United Arab Emirates,Khalis Perfumes Trading LLC,E12,,Dubai,
Khinnah GCC Company for Retail of Perfume Cosmetics Decorative Soaps,khinnah-gcc.com,+96599896399,khinnah.q8@gmail.com,"Mubarak Alkabeer, 62311, Sharq, Kuwait",Kuwait,Khinnah GCC Company for Retail of Perfume Cosmetics Decorative Soaps,G10,,Sharq,
Ki.Sui Hair Beauty Care,beautyandperfumeintl.com,+34687802160,claudio.turola@yoycosmetics.com,"Manuel Nuñez 4, 36203, Vigo, Spain",Spain,Ki.Sui Hair Beauty Care,F27,"Ki.Sui is a premium professional haircare brand inspired by Japanese philosophy, where simplicity, performance and sustainability...",Vigo,
Kian Reef Trading CO. LLC,reefperfumes.com,+971557594302,,"451022, United Arab Emirates",United Arab Emirates,Kian Reef Trading CO. LLC,H32,Discover the Essence of Our Saudi Heritage through Reef and Osma Perfumes As a leading Saudi brand with a presence in over...,,
KIN Cosmetics,skin1004.com,+34972324000,jcolominas@kincosmetics.com,"Poligono Industrial Bujonis, 17220, Sant Feliu De Guixols, Spain",Spain,KIN Cosmetics,H25,"Founded in 1932 by Bosacoma family, KIN Cosmetics is one of the professional haircare companies with more history of the...",Sant Feliu De Guixols,
"King Source (Taiwan) Co., Ltd.",wa.me,+886222042020,yura-tien@kingsource.asia,"No. 130, Bo ai St 1F, 23845, New Taipei City, Taiwan",Taiwan,"King Source (Taiwan) Co., Ltd.",C09,"King Source Co., Ltd., which founded in 2000, manufactures our own products. We ensuring top quality from initial steps to...",New Taipei City,
King Style Industrial Corp,kingstyleinc.com,+1236-910-9972,freshone1@yeah.net,"Grant ST STE R 1600, 80203, Denver, United States",United States,King Style Industrial Corp,O32,KING STYLE is a professional packaging manufacturer which is mainly produce glass bottles and plastic bottles such as perfume...,Denver,
Kingdoo Packaging Sp. zo.o,,+48516688735,marketing@sindaltrade.com,"ul. Fredry Aleksandra 82, 00-097, Warszawa, Poland",Poland,Kingdoo Packaging Sp. zo.o,E28,"KINGDOO is a comprehensive, modern packaging enterprise integrating research and development, manufacturing, sales, and cross...",Warszawa,
"Kingsbox Luxe Pack Co., Limited",kingsbox.net,+85254612610,info@kingsbox.net,"Nathan Road 790, Kowloon, Hong Kong",Hong Kong,"Kingsbox Luxe Pack Co., Limited",H28,"Kingsbox Luxe Pack Co., Ltd., funded packaging printing factory, have been concentrated in producing perfume paper packaging...",Kowloon,
"KIOKOREA Co., Ltd",kiokorea.com,+8210-9124-3818,jane@kiokorea.com,"73 Samwon-ro Deogyang-gu 1023, 10550, Goyang-si, Korea, the Republic of (South)","Korea, the Republic of (South)","KIOKOREA Co., Ltd",C10,"KIO KOREA Co., Ltd. is a premium Korean beauty and healthcare company built on over 20 years of industry experience. We specialize...",Goyang-si,
Kirmizigul Kozmetik Ve Turizm San Tic Ltd Sti.,skcosmetics.ae,+902125520419,cuneyt@kirmizigulgroup.com,"No.55 Cerkezkoy Tekirdag, 59500, Istanbul, Türkiye",Türkiye,Kirmizigul Kozmetik Ve Turizm San Tic Ltd Sti.,A23,"Kırmızıgül Kozmetik is a leading Turkish cosmetics manufacturer with over 20 years of expertise in fragrance, personal care...",Istanbul,
"KISOCARE CO., LTD.",,+816-6536-2131,,"4-14-1 Kitahorie, Nishi-ku, 550-0014, Osaka, Japan",Japan,"KISOCARE CO., LTD.",E09,,Osaka,
KIWIGLOW,kiwiglow.co.kr,+8210-7108-1912,jhl1105@vanda.co.kr,"Mapo-gu, Seoul, Korea, the Republic of (South)","Korea, the Republic of (South)",KIWIGLOW,D11,KIWIGLOW is a Korean clean beauty brand that combines naturally derived ingredients with skin science to create effective...,Seoul,
KK Packaging Inc.,,+1714-787-8301,sales@kkpack.com,"S Randolph Ave 170 265, 92821-5754, Brea, United States",United States,KK Packaging Inc.,C27,"KK Packaging Inc. also named as QueensPack, are a cosmetic packaging manufacturer that has been in the industry for nearly...",Brea,
Klopex General Trading LLC,,+97182758253,ahmed.raza@santex.com.pk,"Deira, 252097, Dubai, United Arab Emirates",United Arab Emirates,Klopex General Trading LLC,E35,"Klopex is the global distributor for Santex Products' ""Butterfly"" brand in the UAE and beyond. With a commitment to excellence...",Dubai,
Kléral System S.r.l.,kleral.com,+39016479020,marketing@kleral.com,"Via Lurisia 6, 26010, Mocalieri, Italy",Italy,Kléral System S.r.l.,F09,"Founded in Turin in 1968 by the Marianella family, Kléral System is today a leading manufacturer of professional hair care...",Mocalieri,
KMA Chemicals Middle East Wholesale of Synthetic Chemical Trading (S.P.S - L.L.C),kmabiz.net,+97165644551,absham@kmabiz.net,"Al Jurf Industrial Zone 1, Ajman, United Arab Emirates",United Arab Emirates,KMA Chemicals Middle East Wholesale of Synthetic Chemical Trading (S.P.S - L.L.C),"G41, 1-D41","We are one of the Leading Multi National Company since 1960, specialized in importing of Cosmetic Raw Materials from reliable...",Ajman,
"Kobo Cosmetics Co.,Ltd.",skcosmetics.ae,+862036172031,info@kobohaircare.com,"Jichang Road 585, 510410, Guangzhou, China",China,"Kobo Cosmetics Co.,Ltd.",E16,"Established in Hong Kong and fortified by a modern facility in China, Kobo Cosmetics Co., Ltd. carves a niche in professional...",Guangzhou,
"KOECO Co., Ltd.",thekoeco.com,+822-577-5927,ysp0500@thekoeco.com,"92, Gwanmun-ro, 13807, Gwacheon-si, Korea, the Republic of (South)","Korea, the Republic of (South)","KOECO Co., Ltd.",B12,"Established in 2005, KOECO is committed to delivering business contacts that create value for each and every customer, providing...",Gwacheon-si,
"KONAD Co., Ltd.",konadcosmetic.com,+822-598-8400,konadkorea@konadnail.com,"92, Namdongseo-ro, 21697, Incheon, Korea, the Republic of (South)","Korea, the Republic of (South)","KONAD Co., Ltd.",A34,KONAD is a Korean cosmetics manufacturer providing integrated OEM/ODM services from product planning and R&D to manufacturing...,Incheon,
Korbaj Parfums (FZE),sterlingparfums.com,+971568024040,ritakorbaj@gmail.com,"SRTIP B18 - 158, Sharjah, United Arab Emirates",United Arab Emirates,Korbaj Parfums (FZE),A11,"At KORBAJ PARFUMS, we are more than a luxury fragrance brand – we are the embodiment of timeless beauty, elegance, and culture...",Sharjah,
Korea International Trade Association (KITA),,+97148747800,kitauae@kita.or.kr,"Central Park Offices OT 18-34, Dubai, United Arab Emirates",United Arab Emirates,Korea International Trade Association (KITA),D10,,Dubai,
Korea Trade Center (KOTRA DUBAI),kotra.or.kr,+97144504360,yzlee@kotra.or.kr,"Arenco Tower 202, Dubai, United Arab Emirates",United Arab Emirates,Korea Trade Center (KOTRA DUBAI),C11,"Korea Trade Center (KOTRA Dubai) is the UAE office of the Korea Trade-Investment Promotion Agency (KOTRA), the Republic of...",Dubai,
Kozmatin Kozmetik Urunleri San.Tic.AS.,skcosmetics.ae,+905342609999,marketing@kozmatin.com,"Serbest Bölgesi Hakki, Matras Cad.No: 13, 34953, Istanbul, Türkiye",Türkiye,Kozmatin Kozmetik Urunleri San.Tic.AS.,C11,"Kozmatin Kozmetik, founded in 2013 in Istanbul, Turkey, is a cosmetics and perfume manufacturer specializing in make-up, skincare...",Istanbul,
Kremoint Pharma Private Limited,,+919920191597,manisha.mudaliar@kremointpharma.com,"Nagar Ambernath East, 421506, Mumbai, India",India,Kremoint Pharma Private Limited,C12,"KREMOINT COMPANY PROFILE About Us KREMOINT/EIPII is dedicated to creating cosmeceutical, derma-cosmetic, herbal, and...",Mumbai,
KRIP PERFUMES,krip.com,+1305-775-0325,luis@krip.com,"7640 NW 25TH ST, 33122, MIAMI, United States",United States,KRIP PERFUMES,E12,KRIP Perfumes unites two distinct fragrance universes. Our creations draw from the opulence of Dubai and the refined artistry...,MIAMI,
Krisna Oud Ltd.,krisnaoud.com,+66632495629,marketing@krisnaoud.com,"15/2 Outer Ring Frontage Road,, 10140, Bangkok, Thailand",Thailand,Krisna Oud Ltd.,D10,,Bangkok,
Kristina Diakina,,+971502457669,info@parimr.ru,"00000, United Arab Emirates",United Arab Emirates,Kristina Diakina,B15,,,
KSECRET Inc,,+8210-6646-8051,eric@aj-int.com,"Samseong-ro 76-gil Gangdong-gu,, l, Korea, the Republic of (South)","Korea, the Republic of (South)",KSECRET Inc,B26,,l,
L'OFFICE DES PARFUMS,sterlingparfums.com,+33141060370,communication@officedesparfums.com,"RUE ARISTIDE BRIAND 133, 92300, LEVALLOIS-PERRET, France",France,L'OFFICE DES PARFUMS,D17,"L’Office des Parfums is an independent French fragrance house founded in 1926 and based in Paris. We create, develop and...",LEVALLOIS-PERRET,
L'Origine FZC,lorigine.ae,+97165575543,mdsecretary@nazih.com,"120372, United Arab Emirates",United Arab Emirates,L'Origine FZC,D10,"As leading OEM/ODM Manufacturer of Cosmetics, Aerosols, Perfumes, Home Care in the Middle East, we offer a unique level of...",,
L.C. BORGES EVANGELISTA COSMETICOS LTDA,,+556198624-8874,exportacao@lecharmes.com.br,"SD MC QD03 LOTE 8 s/n - Setor de Materiais, 72265-710, Brasilia -DF, Brazil",Brazil,L.C. BORGES EVANGELISTA COSMETICOS LTDA,C11,,Brasilia -DF,
LA PARFUM GALLERIA TRADING L.L.C,laparfumgalleria.com,+97142214422,laparfumgalleria@gmail.com,"172590, United Arab Emirates",United Arab Emirates,LA PARFUM GALLERIA TRADING L.L.C,C12,,,
La Reine Esans Ve Aroma Sanayi Ticaret A.S,lareineessence.com,+902128525079,a.mando@lareineessence.com,"Sokak No. 9M, 34522, Istanbul, Türkiye",Türkiye,La Reine Esans Ve Aroma Sanayi Ticaret A.S,E26,"La Reine Essence – Heritage Revived From Istanbul to Dubai, we invite you to an exclusive olfactory journey where luxury...",Istanbul,
LAB&Company Inc.,skinnlabglobal.com,+8270-5066-1629,a.nahyun@skinnlab.com,"157, Dosan-daero,, 06037, Seoul, Korea, the Republic of (South)","Korea, the Republic of (South)",LAB&Company Inc.,E25,"Lab & Company is the brand holder of SKIN&LAB and I’m From, two K-beauty brands that combine science and nature to deliver...",Seoul,
Labcit Industria e Comércio de Cosméticos LTDA,skcosmetics.ae,+556198288-0110,export@kamaleaocolor.com,"Rua A AD CJ 21, no. 26 Aguas Claras, 71089-600, DF, Brazil",Brazil,Labcit Industria e Comércio de Cosméticos LTDA,B24,,DF,
Labfon Biotech Equipment Inc.,,+1904-853-7868,info@labfonmed.com,"Mayland DR STE A, 23291, Henrico, United States",United States,Labfon Biotech Equipment Inc.,E36,Labfon Biotech Equipment Inc. is a leading American enterprise specializing in the production and distribution of a wide...,Henrico,
Labnic Equipment Ltd.,,+442081385955,,"-41 Chase Side 39, N14 5BP, London, Great Britain and Northern Ireland",Great Britain and Northern Ireland,Labnic Equipment Ltd.,G19,"Labnic Equipment Ltd Labnic Equipment Ltd is an innovative company based in the United Kingdom, specializing in the cosmetics...",London,
Laboratoire Aquatonale FZC,aquatonalefzc.com,+97165571415,deputygm@aquatonale.ae,"9135, United Arab Emirates",United Arab Emirates,Laboratoire Aquatonale FZC,B17,"Laboratoire Aquatonale is an ISO and GMP certified Private Label Manufacturer, we supply to the Perfume Industry, General...",,
LABORATOIRE ORESCIENCE,,+33140552626,,"4 Allé du Carre, 92230, GENEVILLIERS, France",France,LABORATOIRE ORESCIENCE,E11,,GENEVILLIERS,
LABORATOIRES BEA,laboratoiresbea.com,+33492753769,contact@laboratoiresbea.com,"65 Avenue des Chalus, 04300, FORCLAQUIER, France",France,LABORATOIRES BEA,D25,"Laboratoires BEA, French private label manufacturer since 1992. We provide full-service manufacturing solutions for cosmetics...",FORCLAQUIER,
Laboratoires GBC by Superga Beauty Group,globalbeautyconsulting.com,+33623136343,f.authieu@globalbeautyconsulting.com,"Impasse Pierre Curie 3, 29500, EGUE-GABERIC, France",France,Laboratoires GBC by Superga Beauty Group,E17,"GBC Laboratory – From Cosmetic Innovation to Industrial Scale-Up For over 10 years, GBC Laboratory has been supporting beauty...",EGUE-GABERIC,
Laboratoires Sicobel,,+33623273025,mickael.marino@sicobel.com,"Avenue Frederic 104, 38670, Mistral, France",France,Laboratoires Sicobel,D21,"Laboratoires Sicobel, french developer and manufacturer since 1959. We offer a wide range of clean, committed beauty brands...",Mistral,
Laboratorios Le Roy Limited,leroylimited.com,+1236-338-3757,leroy.packaing@gmail.com,"N Grant St Ster, Denver, 80001, Colorado, United States",United States,Laboratorios Le Roy Limited,I15,"Laboratorios Le Roy Limited engaged in the cosmetics package business, and now we have plastic tube production lines, about...",Colorado,
Laca Trade SRL,lacatrade.com,+3905721903694,andrea@lacatrade.com,"Piazza IV Novembre 4, 20124, Milan, Italy",Italy,Laca Trade SRL,F19,Laca Trade is an European trading company dedicated to import and export toiletries and detergents of the most popular international...,Milan,
Lacot General Trading LLC,,+97148847680,alok@vamcos.com,"Baniyas Road, Deira, 24350, Dubai, United Arab Emirates",United Arab Emirates,Lacot General Trading LLC,B28,,Dubai,
Lactomedi,lactomedi.com,+8210-8880-4867,globalsales@2359.co.kr,"18, Hakdong-ro 23-gi Gangnam-gu, Seoul, Korea, the Republic of (South)","Korea, the Republic of (South)",Lactomedi,B35,,Seoul,
Ladinia Cosmetics Trading LLC-FZ,skcosmetics.ae,+9719631534999,ivanov@ellanrussia.com,"Meydan Road Nad Al Sheba, Dubai, United Arab Emirates",United Arab Emirates,Ladinia Cosmetics Trading LLC-FZ,C19,,Dubai,
LANDKIM GIFT & PACKAGING (GUANGZHOU) CO. LTD.,,+8613189186867,298352620@qq.com,"Chuangfu Fashion Industry Park Jiangnan Industrial Zone, 511400, Guangzhou, China",China,LANDKIM GIFT & PACKAGING (GUANGZHOU) CO. LTD.,D40,,Guangzhou,
"Langfang Xingyou Processing Co., Ltd.",xing.com,+868617331896666,shaoys@sorl-lf.com,"High tech Industrial Park,, Langfang City, China",China,"Langfang Xingyou Processing Co., Ltd.",J34,"Our company mainly deals in: oil pumps for barber chairs, barber chairs, barber chair bases and other barber chair accessories...",Langfang City,
LANSHUO PACKAGING,,+8618813688402,wendy.shangguan@lanshuopackaging.com,"No.63 Zhijiang Road, Haining District, 314408, Jiaxing, China",China,LANSHUO PACKAGING,D20,,Jiaxing,
Larosh Dermocosmetic Laboratories Inc.,,+1416-285-5228,bita@oxygenbotanicals.ca,"Canadian Rd. 1-11, M1R 5G1, Scarborough, Canada",Canada,Larosh Dermocosmetic Laboratories Inc.,G25,A premium Canadian skincare brand rooted in over 25 years of research and innovation. Developed by a team of biomolecular...,Scarborough,
Lash Shop for Beauty and Personal Care Requisites Trading Co LLC,gulforchid.com,,lash_shop_dubai@mail.ru,"The Metropolis Tower, Marasi Dr, 20th Floor, Dubai, United Arab Emirates",United Arab Emirates,Lash Shop for Beauty and Personal Care Requisites Trading Co LLC,D12,"Lash Shop is the official exclusive representative of international lash and brow brands in the Middle East, including: LOVELY...",Dubai,
Lasuvi Comercio Import E Export De Cosmeticos E Eletrodomésticos Ltda,,+55113476-1650,joao.morais@beox.com.br,"Rua Petrobras 1000, Sao Paulo, Brazil",Brazil,Lasuvi Comercio Import E Export De Cosmeticos E Eletrodomésticos Ltda,B18,"Beox – Brazilian Beauty, Global Excellence Born in Brazil, Beox has been transforming the haircare industry for over 20 years...",Sao Paulo,
Lattafa Perfumes Industry LLC,lattafa.com,+97165352603,abdulrahim@lattafa.com,"4th Industrial Street, 69793, Sharjah, United Arab Emirates",United Arab Emirates,Lattafa Perfumes Industry LLC,E24,"Lattafa is a family-run business steeped in rich Emirati heritage, now proudly in its 3rd generation. We carry the torch...",Sharjah,
Laurenza Bio,laurenzabio.tn,+21692434242,laurenzabio.tn@gmail.com,"Rue Mouhamed Khefacha, Cité Ennozha, 2080, Ariana, Tunisia",Tunisia,Laurenza Bio,H05,LAURENZA BIO Tunisian Beauty • Scientific Innovation • Organic Care Laurenza Bio is a Tunisian organic cosmetics brand dedicated...,Ariana,
Le Falcone Perfumes,khadlaj-perfumes.com,+97148525925,mohddiab@beautyandperfumeintl.com,"National Industries Park, 27651, Dubai, United Arab Emirates",United Arab Emirates,Le Falcone Perfumes,E32,Every remarkable creation begins long before it reaches the world. A falcon does not achieve mastery through instinct alone...,Dubai,
Lechuo International Limited,,+8613610212718,vickyfeng@gz-lh.com,"246 Des Voeux Road West, Hong Kong, Hong Kong",Hong Kong,Lechuo International Limited,J22,"Lechuo lnternational Limited was founded in 1997, specialized in designing, producing, developing and marketing top grade...",Hong Kong,
"LEE SHIN BIO-TECH COSMETICS (SHANGHAI) CO., LTD.",skcosmetics.ae,+8613795454359,wendy.sun@thaiho.com,"No. 165, Minqiang Rd, 201612, Shanghai, China",China,"LEE SHIN BIO-TECH COSMETICS (SHANGHAI) CO., LTD.",F14,,Shanghai,
Leo Impex LLC,,+97142265618,leoimpexllc@gmail.com,"Al Daghaya Street, Gold Souk, Diera, 99487, Dubai, United Arab Emirates",United Arab Emirates,Leo Impex LLC,B42,Company involved in Manufacturing and Marketing GEMSOLID Glycerine range of products like Creams Soaps Hair Color Glycerine...,Dubai,
Lepique,lepique-beauty.com,+8210-7752-9066,kwshim@lepique-beauty.com,"23-3 Gangnam-daero 160-gil, 06028, Seoul, Korea, the Republic of (South)","Korea, the Republic of (South)",Lepique,B34,"Lepique is a Korean skincare brand based in Seoul, South Korea, built around one focused idea: High Performance Skincare...",Seoul,
Les Arômes du Maroc,khadlaj-perfumes.com,+212600-667967,,"Rabat, Morocco",Morocco,Les Arômes du Maroc,A19,"Tiyya is a brand of Les Arômes du Maroc. A longstanding supplier to the world of fine perfumery, Les Arômes du Maroc have...",Rabat,
les fabuleuses fragrances,abcfragrances.com,+3351830593,empreintedeffluves@gmail.com,"rue François 1er 60, 75008, Paris, France",France,les fabuleuses fragrances,D39,,Paris,
Level 3,,+97165739392,graphic4@xyz.ae,"Buhairah Corniche, Sharjah, United Arab Emirates",United Arab Emirates,Level 3,,L3VEL3™ is a brand built by the Artist for the Artist. Our mission is to provide professional grooming products that deliver...,Sharjah,
"LG Printing Technology Co., Ltd",,,pritechsales@126.com,"Grant ST STE R N1500, 068902, Singapore, United States",United States,"LG Printing Technology Co., Ltd",I15,"Anti-Counterfeiting Solution,High-end 3D Nano&Hologram Sticker",Singapore,
Lider Kozmetik Sanayi Ve Ticaret AS,liderkozmetik.com,+908502210506,info@liderkozmetik.com,"LIDER PLAZA 34742 KADiKÖY, Istanbul, Türkiye",Türkiye,Lider Kozmetik Sanayi Ve Ticaret AS,B26,"Since the establishment of Lider Cosmetics, which started its production life in aerosol field and whose roots go back to...",Istanbul,
Life Cosmetics (Private) Limited,skcosmetics.ae,+923334207592,moeen_25@hotmail.com,"29/30 Dilkusha Park, 5400, Lahore, Pakistan",Pakistan,Life Cosmetics (Private) Limited,B19,"Fresh & White Beauty Cream is a revolutionary skincare product designed to rejuvenate and illuminate your skin, providing...",Lahore,
"LIFEPACK PLASTIC CO.,LTD.",zjlifepack.com,+8613989541180,s3@zjlifepack.com,"Changxing 18, 312352, Hong Kong, Hong Kong",Hong Kong,"LIFEPACK PLASTIC CO.,LTD.",N19,we are a professional factory manufacturing high quality plastic cosmetic packaging with a plant of more than 80000 square...,Hong Kong,
Light of Sakina FZ-LLC,lightofsakina.com,+971553942115,dhana@lightofsakina.com,"Block F Unit 34, 0000, Dubai, United Arab Emirates",United Arab Emirates,Light of Sakina FZ-LLC,H09,,Dubai,
Linker Corporation,,+8210-3046-5145,frank@linkercorp.kr,"247, Yangji-ro, Sosa-gu 1023, 14786, Bucheon, Korea, the Republic of (South)","Korea, the Republic of (South)",Linker Corporation,B18,"Linker Corp. is a global K-beauty distribution company based in South Korea, connecting leading Korean beauty brands with...",Bucheon,
Lisap Laboratori Cosmetici SPA,lisapitalia.com,+3931937211,alessandro.milani@lisapitalia.com,"Plazza Emilia 1, 20129, MILANO, Italy",Italy,Lisap Laboratori Cosmetici SPA,E12,"LISAP. WE DO BEAUTIFUL HAIR. We are an Italian company with an international vision, founded in 1952.Our laboratories create...",MILANO,
"LK Cosmetics Co., Ltd.",skcosmetics.ae,+8270-4322-1311,lk@lkcos.com,"-1, Geumo-ro 118beon-gil 21, Siheung-si, Gyeonggi-do, Korea, the Republic of (South)","Korea, the Republic of (South)","LK Cosmetics Co., Ltd.","F21, F21","Overview Founded in 2006, our cosmetics company has established itself as a pioneer in the beauty industry by emphasizing...","Siheung-si, Gyeonggi-do",
Lluch Essence SL,lluche.com,+34933783849,jan.antunez@lluche.com,"Prat Llobregat El Prat del Llobregat 08820, 08820, Barcelona, Spain",Spain,Lluch Essence SL,F40,"Lluch Essence is a family-owned company founded in Barcelona in 1939, now led by the third generation, with the fourth generation...",Barcelona,
LOLA FROM RIO,,+551199398-5775,leonardo.francisco@skala-expert.com,"ESTRADA DOS BANDEIRANTES 2709, 22775133, RIO DE JANEIRO, Brazil",Brazil,LOLA FROM RIO,B22,"Lola from Rio is a Brazilian beauty brand born in Rio de Janeiro in 2011, created to transform hair care into a more joyful...",RIO DE JANEIRO,
"LONGTEN PACKAGE PRODUCTS CO., LTD.",,+8618819118243,randy.xiao@longtenpack.com,"No. 1, Guohai Road Changping Town, 523000, Dongguan, China",China,"LONGTEN PACKAGE PRODUCTS CO., LTD.",F34,,Dongguan,
Lothar Streeck GmbH & Co.KG,,,a.haddad@lothar-streeck.de,"Vierenkamp 2, 22453, Hamburg, Germany",Germany,Lothar Streeck GmbH & Co.KG,C38,Made in Germany and made to improve your market presence Our expertise in perfume oils allows your company to save time and...,Hamburg,
LOUZAN FASHION - SOLE PROPRIETORSHIP L.L.C.,louzanfashion.com,+97165745749,info@louzanfashion.com,"90553, United Arab Emirates",United Arab Emirates,LOUZAN FASHION - SOLE PROPRIETORSHIP L.L.C.,L10,,,
LSI SOFTWARE FRAGRANCE COSMETIC FLAVOR,so-lsi.com,+33490212360,i.nola@so-lsi.com,"1254 Avenue des Sorgues, 84740, Velleron, France",France,LSI SOFTWARE FRAGRANCE COSMETIC FLAVOR,D18,,Velleron,
Luniche Parfums USA LLC,luniche.com,+1954-325-4134,ajay@luniche.com,"Fairway Dr # 1002 10, 33441, Florida, United States",United States,Luniche Parfums USA LLC,A16,"Fragrance has always told a story. At LuNiche, we believe it's one of the most personal forms of expression, a way to carry...",Florida,
LUSH FRESH HANDMADE COSMETICS L.L.C,lush.com,+971565265878,abdullah.sakkal@lushmena.com,"62627, United Arab Emirates",United Arab Emirates,LUSH FRESH HANDMADE COSMETICS L.L.C,A46,"Since 1995, Dorset-based fresh, handmade cosmetics company Lush has been driven by innovation and ethics. As the original...",,
LUXE PERFUMES FZE,luxe-perfumes.com,+97165575946,info@luxe-perfumes.com,"SAIF ZONE, 121780, SHARJAH, United Arab Emirates",United Arab Emirates,LUXE PERFUMES FZE,C26,Luxe Perfumes began its journey in 2005. The company engages with potent raw materials to be developed into high-end and...,SHARJAH,
Luxeo (FZE),,+97165218859,shahnu.majeed@luxeolabs.com,"T5 - 94, 95 Sharjah Airport International Freezone, 513820, Sharjah, United Arab Emirates",United Arab Emirates,Luxeo (FZE),K38,"Luxeo is a fragrance house built for the next generation of scent creation. With a fully integrated facility in Sharjah, a...",Sharjah,
Luxodor Perfumes & Cosmetics Trading LLC,khadlaj-perfumes.com,+971588751493,socials@parfum.ae,"Al Qouz 3 #115, Dubai, United Arab Emirates",United Arab Emirates,Luxodor Perfumes & Cosmetics Trading LLC,B12,"Founded in 2012 as Luxodor Perfume Manufacturer, Luxodor Oils has become one of the most trusted distributors of Swiss fragrance...",Dubai,
Luzi AG,luzi.ch,+41448357676,miro.senjak@luzi.com,"Riedwiesenstrasse 5, 8305, Zurich, Switzerland",Switzerland,Luzi AG,C26,"We are a family-owned company in the third generation. Founded in 1926 by Hermann Luzi, our company startedwith the prime...",Zurich,
Lydenti Michael Ochman Einzelunternehmen,,+491732428808,m.ochman@lydenti.com,"Kirchhainer Damm 4, 12309, Berlin, Germany",Germany,Lydenti Michael Ochman Einzelunternehmen,F46,"Lydenti-Elements Cosmetics Germany Lydenti – Your Smile Your StyleFor more than 17 years, Lydenti from Berlin has stood for...",Berlin,
LYLYL,lylyl.us,+822-567-2210,lylylglobal@rewindlab.co.kr,"Hyeongpung-ro 47-gil 86-2, 42989, Daegu, Korea, the Republic of (South)","Korea, the Republic of (South)",LYLYL,A38,"REWIND LAB - the company behind LYLYL REWIND LAB is a Korean beauty company founded in 2022 and the creator of LYLYL, shorter...",Daegu,
M.D. Boso Comércio de Cosméticos Ltda,skcosmetics.ae,+55143436-1028,export5@prohall.com.br,"68, 18682-422, Lençóis Paulista, Brazil",Brazil,M.D. Boso Comércio de Cosméticos Ltda,"B12, C12",Prohall Professional is a Brazilian company consolidated in the market for offering high quality products made with the best...,Lençóis Paulista,
M.S. Beauty Line Co. Ltd.,beautyandperfumeintl.com,+6621582531,pairat@me-beauty.com,"Wangthonglang, 10310, Bangkok, Thailand",Thailand,M.S. Beauty Line Co. Ltd.,C32,"About us, we are professional Skin Care Company with ISO 9001 export to 35 countries in the world. We have house Brand under...",Bangkok,
M/s Herbion Pakistan (Private) Ltd,herbion.com,+922138679260,hafsa.saghir@herbion.org,"Plot No. H-3/A Korangi Industrial Area Sector, 75100, Karachi, Pakistan",Pakistan,M/s Herbion Pakistan (Private) Ltd,F25,,Karachi,
M/S Zymo Cosmetics,zymocosmetics.com,+919274431907,urshita.mishra@zymo.in,"Santej Kalol Opp Katlax Enter, 382721, Gandhinagar, India",India,M/S Zymo Cosmetics,B28,"Zymo Cosmetics is a trusted third-party cosmetic manufacturer, offering more than 1500 products across over 35 categories...",Gandhinagar,
M/s. Montis Pvt Ltd,,+923000662403,afsheen_wasim1974@yahoo.com,"KM Kattar Bund Road, 1, 54400, Thokar Niaz Beg, Lahore, Pakistan",Pakistan,M/s. Montis Pvt Ltd,B12,,"Thokar Niaz Beg, Lahore",
Macadamia,,+97165739392,purchase7dubai@nazih.com,"Buhairah Corniche, Sharjah, United Arab Emirates",United Arab Emirates,Macadamia,,MACADAMIA Beauty’s exclusive formulation is unlike any other Oil-Infused Hair Care. Macadamia understands the role that mechanical...,Sharjah,
MAD PARFUMEUR,madparfum.com,+90312,ozgur.ozbulut@madparfum.com,"Cd no. 5/A Kahramankazan, 06980, Ankara, Türkiye",Türkiye,MAD PARFUMEUR,F11,"Our passionate journey into this magical world of perfumes, which evoke different emotions in every nuance, is one of the...",Ankara,
MAGASALFA,,+34666347793,laia.palacin@lacabinegroup.com,"Arquitectura 4, Montcada i Reixac, 08110, BARCELONA, Spain",Spain,MAGASALFA,G26,"Established over fifteen years ago in Barcelona, laCabine Group has become a leader in innovative cosmetics. From the beginning...",BARCELONA,
MAGIC HAIR FOR BEAUTY AND PERSONAL CARE REQUISITES TRADING CO. L.L.C,gulforchid.com,+971505033474,magichair.ae@gmail.com,"Al Barsha Office 219, Dubai, United Arab Emirates",United Arab Emirates,MAGIC HAIR FOR BEAUTY AND PERSONAL CARE REQUISITES TRADING CO. L.L.C,A13,,Dubai,
"Magnolia Cosmetics Co., Limited",skcosmetics.ae,+85218620118664,2715247470@qq.com,"New Mandarin Plaza, Tsimshatsui, Hong Kong",Hong Kong,"Magnolia Cosmetics Co., Limited",B17,,Tsimshatsui,
MAISON BERLINER,maisonberliner.com,666875512,maison.berliner@gmail.com,"avenue des Champs Elysées 50, 75008, PARIS 8è, France",France,MAISON BERLINER,D31,"Maison Berliner is an independent French niche fragrance house, born in Paris with the ambition to offer a distinctive, creative...",PARIS 8è,
MAISON DE HAYA FOR PERFUMES & COSMETICS TRADING CO. L.L.C,lhayaperfumes.com,+971559999406,farhan@lhayaperfumes.com,"116823, United Arab Emirates",United Arab Emirates,MAISON DE HAYA FOR PERFUMES & COSMETICS TRADING CO. L.L.C,A10,,,
Maison De Maa Kozmetik San. ve Dis. Tic. Ltd. Sti.,skcosmetics.ae,+905494907024,info@maisondemaa.com,"Skyland B Huzur Mah. Azerbaycan Cad No. 4, 34396, Istranbul, Türkiye",Türkiye,Maison De Maa Kozmetik San. ve Dis. Tic. Ltd. Sti.,F26,"MAA ALTHAHAB is a fragrance house inspired by olfactive memories of Middle Eastern heritage, combined with modern Western...",Istranbul,
MAISON MIRWAD FOR PERFUMES,mirwad.com,+97477363039,kate@mirwad.com,"Marina Twin Tower B, 11560, Lusail, Qatar",Qatar,MAISON MIRWAD FOR PERFUMES,E45,"Maison Mirwad is guided by the belief that fragrance is an intimate language — shaped by memory, material, and presence rather...",Lusail,
Maja Health Care Division,,+91124478555,rashmi@vijohngroup.com,"Udyog Vihar, Phase - lll, 122016, Gurugram, India",India,Maja Health Care Division,A10,"SINCE 1960 VI-JOHN GROUP is one of the leading manufacturers of personal care, health care products & cosmetics. Our products...",Gurugram,
Majesty Packaging Global Limited,majestyglobal.com,+85223680977,kristen.cheng@majestyvalve.com,"Carpenter Road, Kowloon City 128, 999077, Hong KOng, Hong Kong",Hong Kong,Majesty Packaging Global Limited,A27,Majesty Packaging Systems Limited is a private enterprise dedicated to the packaging industry. Majesty is committed to research...,Hong KOng,
MAKEMAKE Inc.,,+8210-3571-3010,sokwon@makemake.it,"142-10, Saneop-ro 156beon-gi Gwonseon-gu, Suwon-si, Korea, the Republic of (South)","Korea, the Republic of (South)",MAKEMAKE Inc.,E25,"MAKEMAKE Inc. is a South Korean beauty technology company and the creator of SOOO, a premium brand for hair, scalp and body...",Suwon-si,
Maletti,malettigroup.com,+97165739392,purchase5dubai@nazih.com,"Buhairah Corniche, Sharjah, United Arab Emirates",United Arab Emirates,Maletti,,Maletti is a world leading Italian company in the design and supply of hair salon furniture. It is a recognized Made in Italy...,Sharjah,
MALMO EXPORTS PRIVATE LIMITED,maisonmalmo.com,+91919820057599,hello@maisonmalmo.com,"KULGOAN, MIDC, BADLAPUR W-1, 421503, THANE, India",India,MALMO EXPORTS PRIVATE LIMITED,J26,"Maison Malmo has been manufacturing organic cotton bags, textile packaging and accessories since 1990. From our manufacturing...",THANE,
Mamlakt Al Oud Perfumes Trading LLC,khadlaj-perfumes.com,+97142352040,mamlaktaloud@yahoo.com,"Gold Souq Gate No. 3, 98912, Dubai, United Arab Emirates",United Arab Emirates,Mamlakt Al Oud Perfumes Trading LLC,A12,,Dubai,
MANIA HOLIC,,+8210-2887-1820,park@maniaholic.com,"Jongno-gu, 03060, Seoul, Korea, the Republic of (South)","Korea, the Republic of (South)",MANIA HOLIC,D09,"Founded in 2007, FIRSTMARKET CO., LTD. is a South Korean beauty company with a strong international focus. Since entering...",Seoul,
"Marketworld Co., Ltd.",marketworldkorea.com,+822-6421-9017,bymarketworld@naver.com,"B-1228 247 Gonghang-daero, Gangseo-gu, 07803, Seoul, Korea, the Republic of (South)","Korea, the Republic of (South)","Marketworld Co., Ltd.",H21,"Turning Ideas Into Beauty, Beyond Borders.We believe great beauty products begin with a good idea and become meaningful through...",Seoul,
MARS COSMETICS PRIVATE LIMITED,marscosmetics.in,+919654254969,suramya.pasariya@marscosmetics.in,"Sector 2 45 & 90, 110039, New Delhi, India",India,MARS COSMETICS PRIVATE LIMITED,B11,"MARS Cosmetics is one of India’s fastest-growing premium beauty brands, redefining modern beauty through high-performance...",New Delhi,
MarsLabs,,+8210-8280-8203,carol.kim@tonextchapter.com,"111 Seongsuil-ro Seongdong-gu, Seoul, Korea, the Republic of (South)","Korea, the Republic of (South)",MarsLabs,G34,"BAREN is Korea's No.1 professional foot & body care brand, built around one simple idea: salon-grade results, made easy at...",Seoul,
Maruderm Guzellik ve Kozmetik Urunleri San. Tic. As,skcosmetics.ae,+905374740624,altug@maruderm.com,"Orhan Gazi Mah Sanati Cad. 1 Blok No. 9, 34000, Istanbul, Türkiye",Türkiye,Maruderm Guzellik ve Kozmetik Urunleri San. Tic. As,D12,About Us Maru.Derm is a science-driven dermocosmetics brand committed to delivering clinically effective skincare solutions...,Istanbul,
Mashi Exports India Private Limited,mashiexports.com,+919960014250,shivam@mashiexports.com,"Old Rajendra Nagar 31/7, 110060, New Ddelhi, India",India,Mashi Exports India Private Limited,1-H16,Mashi Exports India Private Limited is a leading manufacturer and exporter of high-quality henna products. We take pride...,New Ddelhi,
Maskatiya Industries Pvt. Ltd.,,+9235588052,saeeda.khan@olivia.com.pk,"GJ-03-A3, 75190, Karachi, Pakistan",Pakistan,Maskatiya Industries Pvt. Ltd.,C28,"Olivia Cosmetics have been established in 1982 under the dynamic leadership and guidance of our founder and chairman, Abdul...",Karachi,
Mattar Osais General Trading LLC,,,emad.othman@mattarosais.com,"Asoor Street, Diera, 96190, Dubai, United Arab Emirates",United Arab Emirates,Mattar Osais General Trading LLC,G12,Melano pharma Group A Pioneer in the middle east and africa specialized in the manufacture of medicnes and perfumes egyptian...,Dubai,
Max Industries,maxindustries.in,+919833868820,nikulpancholi@maxindustries.in,"Dewan & Shah Industrial Estate No. 4, Vasai, 401208, Mumbai, India",India,Max Industries,B26,"Established by Mr. Nilesh Pancholi in 2011, Max Industries has been a trusted name in manufacturing high-quality filling...",Mumbai,
Max Philip,,+33755815663,info@ghaliorparis.fr,"Avenue des champs Élysées 66, 75008, Paris, France",France,Max Philip,C38,"""Emotions are often intangible, so we strive to bring them to life through our ABSTRACT and EVOCATIVE creations"" We Believe...",Paris,
MAXIBRASIL INDUSTRIA DE COSMETICOS LTDA.,maxibrasil.com.br,+553199174-2074,wagner@maxibrasil.com.br,"de Oliveira, 798, 31230-532, Belo Horizonte, Brazil",Brazil,MAXIBRASIL INDUSTRIA DE COSMETICOS LTDA.,C37,Maxibrasil is a Brazilian manufacturer present in the brazilian market since the year of 2000 and abroad since 2016. The...,Belo Horizonte,
Maximus Industria e Comercio Importacao e Exportacao de Cosmeticos LTDA,,+553799938-8888,awad.mohd85@gmail.com,"Rua Sebastiao Severino da Paz,, 13170-001, Sumaré - SP, Brazil",Brazil,Maximus Industria e Comercio Importacao e Exportacao de Cosmeticos LTDA,C21,,Sumaré - SP,
"Maypharm Co., Ltd.",maypharm.co.kr,+8221057186086,erick.kim@maypharm.co.kr,"15F, 205-27, Gasan digital 1-ro 1515, 08503, Geumcheon-gu, Korea, the Republic of (South)","Korea, the Republic of (South)","Maypharm Co., Ltd.",D12,"Since its founding in 2009, Maypharm has been dedicated to advancing the dermaceutical and medical aesthetics industry. Our...",Geumcheon-gu,
"MBEAUTY COSMETICS CO.,LTD",mbeautycosmetic.com,+8210-7124-1408,mbeautycos@gmail.com,"508, Mega Valley 268 Hagui-ro, Dongan-Gu, Anyang-s, Korea, the Republic of (South)","Korea, the Republic of (South)","MBEAUTY COSMETICS CO.,LTD",A26,"MBeauty Cosmetics Co., Ltd is specialized in exporting cosmetic products in our brand and private label. We have variety...",Anyang-s,
MDCI PARIS,parfumsmdci.com,+33687831271,contact@parfumsmdci.com,"Allée es Lilas 3, 05019, Paris, France",France,MDCI PARIS,D29,"MDCI Parfums : Fine Fragrances, Unique Flacons www.parfumsmdci.com Brand Origin and History Created in 2000 and founded...",Paris,
"Mediquitous Co., Ltd.",,+822-2179-9112,global_sales@anillo.co.kr,"Jiyoung-bldg. Gangnam-gu 4F, Seoul, Korea, the Republic of (South)","Korea, the Republic of (South)","Mediquitous Co., Ltd.",C26,Anillo is a K-Beauty brand that combines Korean beauty principles with perfume-focused hair and body care rituals. The brand's...,Seoul,
Meditherapy,meditherapy.co.kr,+8210-2598-0228,yuri@meditherapy.co.kr,"06619, Seoul, Korea, the Republic of (South)","Korea, the Republic of (South)",Meditherapy,F16,[MEDITHERAPY]MEDITHERAPY is a beauty-tech home aesthetic brand with the slogan “Your Daily Skin Boost.” By connecting skincare...,Seoul,
"Meizhou Hechengyuan Technology Co., Ltd.",,+8615109770715,suti_perioform@163.com,"Industrial Park Fuxing Rd., 514768, Meizhou, China",China,"Meizhou Hechengyuan Technology Co., Ltd.",H09,"Located in the economic hinterland of the Pearl River Delta, China, Meizhou Hechengyuan Technology Co., Ltd. is a biotech...",Meizhou,
MEJD TRADING LLC,,+971586046626,nilover@amorylondon.com,"Dubai Investments Park 1 S1-50, Dubai, United Arab Emirates",United Arab Emirates,MEJD TRADING LLC,G23,,Dubai,
Meli Bliss Natural Cosmetics llc-fz,skcosmetics.ae,+97111944425834,marise@melibliss.com,"MEYDAN ROAD NAD AL SHEBA, Dubai, United Arab Emirates",United Arab Emirates,Meli Bliss Natural Cosmetics llc-fz,H18,,Dubai,
Mena Cosmetics Co. Ltd.,menacream.com,+6628742730,menacream@gmail.com,"Bangnamcheud, Muang, 74000, Samutsakorn, Thailand",Thailand,Mena Cosmetics Co. Ltd.,B16,beautiful within 7 days,Samutsakorn,
"Merico Co., Ltd.",,+822-6925-3560,ymro0314@herbloom.co.kr,"Gonghang-daero 2F, 518, Seoul, Korea, the Republic of (South)","Korea, the Republic of (South)","Merico Co., Ltd.",D16,"Mercico Co., Ltd. is a global vegan skincare company committed to delivering sustainable beauty. Under the slogan ""Everyday...",Seoul,
Messe Frankfurt Exhibition GmbH,,+496975755872,marcus.kehrein@messefrankfurt.com,"Ludwig-Erhard-Anlage 1, 60327, Frankfurt am Main, Germany",Germany,Messe Frankfurt Exhibition GmbH,,The Federal Republic of Germany supports German SMEs once again at Beautyworld Middle East through an official German Pavilion...,Frankfurt am Main,
METHODE ESPINASSE,methode-espinasse.com,+33603808378,valerie@methode-espinasse.com,"Rue de Washington 22, 75008, PARIS, France",France,METHODE ESPINASSE,C22,"BEAUTY IN A PILL. METHODE ESPINASSE is a French science-led beauty and longevity brand founded by Dr. Valérie Espinasse, Doctor...",PARIS,
"Metro Korea Co., Ltd.",,+8282234459975,metrokorea2000@naver.com,"Eonju-ro 85-gil, 25, Seoul, Korea, the Republic of (South)","Korea, the Republic of (South)","Metro Korea Co., Ltd.",A37,"Established in 2000, Metro Korea is a leading trading and manufacturing company for skin care cosmetics, aesthetic and medical...",Seoul,
MG International Fragrance Company,fragranceworld.ae,,alper.oztovi@dsm-firmenich.com,"CAD. No. 3306/ 1, 41400, Kocaeli, Türkiye",Türkiye,MG International Fragrance Company,B26,,Kocaeli,
Microcaps AG,microcaps.ch,+41447334550,info@microcaps.ch,"Wagistrasse 13, 8952, Schlieren, Switzerland",Switzerland,Microcaps AG,C12,Microcaps’ Perfume Pearls bring a new dimension to fine fragrance. Our patented microencapsulation technology transforms...,Schlieren,
Middle East Testing Services L.L.C.,,+971588913206,sales3@metslab.com,"123456, United Arab Emirates",United Arab Emirates,Middle East Testing Services L.L.C.,D21,,,
"Mijin Cosmetics Co., Ltd",skcosmetics.ae,+8254-461-8081,mijin_kor@mjcare.co.kr,"53-45, 1Gongdan-ro 6gil, 39155, Gumi-si, Korea, the Republic of (South)","Korea, the Republic of (South)","Mijin Cosmetics Co., Ltd",E11,,Gumi-si,
MILANO BEAUTY,beautyandperfumeintl.com,+971501009584,khalil-kh@hotmail.com,"ALKHALEGE STREET, Dubai, United Arab Emirates",United Arab Emirates,MILANO BEAUTY,F10,"Discover the Secret to the Perfect Look with Milano BeautyAt Milano Beauty, we believe that true beauty begins with the details...",Dubai,
Milia Cosmetics Mat. Tr. LLC,skcosmetics.ae,+97165595060,purchase@milliacosmetics.com,"114033, United Arab Emirates",United Arab Emirates,Milia Cosmetics Mat. Tr. LLC,A12,"Millia Cosmetics Factory has been established in United Arab Emirates since 1997 based on good facilities over of 150,000...",,
Milton-Lloyd Ltd.,milton-lloyd.co.uk,+442086704433,jonny.j@milton-lloyd.co.uk,"Norwood High St, SE27 9NR, London, Great Britain and Northern Ireland",Great Britain and Northern Ireland,Milton-Lloyd Ltd.,C44,,London,
"MIMO CO., LTD.",mimonail.com,+8210-2873-6306,kkb0717@mimonail.com,"124 Sagimakgol-ro Jungwon-gu, 13207, Seongnam-si, Korea, the Republic of (South)","Korea, the Republic of (South)","MIMO CO., LTD.",G38,"OUR VISION""Empowering Global Charm, One Nail at a Time""MIMO Co., Ltd. embodies the allure encapsulated in its name, ""미모"" (MIMO...",Seongnam-si,
MINALYS,,+3333616981511,ag@olfactis.fr,"avenue du Maréchal Juin 1, 54000, NANCY, France",France,MINALYS,C34,,NANCY,
Miraculum Spolka Akcyjna,miraculum.pl,+48222034885,export@miraculum.pl,"Wschodu Slonca 8, 02-226, Warsaw, Poland",Poland,Miraculum Spolka Akcyjna,B27,"MIRACULUM is a Polish cosmetics company with a rich history dating back to 1924, when it was founded by Dr Leon Luster. The...",Warsaw,
Mirtec International Company,mirtec-int.com,+20225734512,export1@mirtec-int.com,"Industrial Zone, 11511, Cairo, Egypt",Egypt,Mirtec International Company,B11,"One of the largest loofah manufacturers and exporters in Egypt and worldwide, we are based in Cairo, Egypt. We have a customer...",Cairo,
Missgel HK Limited,missgel.com,+852036689493,rebecca.cheng@hongkong.messefrankfurt.com,"Hoi, Yuen Road 45, Kowloon, Hong Kong",Hong Kong,Missgel HK Limited,F34,"MissGel, established in 2011, is a premier manufacturer specializing in professional UV/LED nail gel products and personal...",Kowloon,
MIWAVE FOR COSMETICS - L.L.C. - S.P.C.,wa.me,+971508038748,hello@miwave.cme,"Al Tatawwur St, 20028, Abu Dhabi, United Arab Emirates",United Arab Emirates,MIWAVE FOR COSMETICS - L.L.C. - S.P.C.,G40,"MIWAVE is a cosmetics company based in the UAE and Korea, dedicated to creating innovative skincare solutions that combine...",Abu Dhabi,
Mixsoon (Parket.inc),,,,"6, Dosan-daero 45-gil, #202, Seoul, Korea, the Republic of (South)","Korea, the Republic of (South)",Mixsoon (Parket.inc),F26,"MIXSOON is a premium Korean skincare brand dedicated to delivering healthy, radiant skin through simple, effective, and ingredient...",Seoul,
MIZCOSMETIC,,+8210-9599-4482,sy0956@naver.com,"A2802 ,43, Iljik-ro Gwangmyeong-si, Gyeonggi-do, Korea, the Republic of (South)","Korea, the Republic of (South)",MIZCOSMETIC,E22,,Gyeonggi-do,
Mlay International Limited,,,noemail@noemail.com,"148 Electric Road, Hong Kong, Hong Kong",Hong Kong,Mlay International Limited,F28,,Hong Kong,
MMC Cosmetics Private Limited,skcosmetics.ae,+923314494795,ali.yazdani@mmccosmetics.com,"Qadir Pur Rawan Bypass, 66000, Multan, Pakistan",Pakistan,MMC Cosmetics Private Limited,F18,"MMC Cosmetics® was born in the historic city of Multan, crafted with passion, purpose and love for beauty. Founded in 2010...",Multan,
Moellhausen ME FZE,,+971543566345,mktg@moellhausen.com,"Jafza One Tower A, Unit 608- 609, Dubai, United Arab Emirates",United Arab Emirates,Moellhausen ME FZE,D26,"Moellhausen is a distinguished Italian company and a global forerunner in the field of fragrance compounds, essential oils...",Dubai,
Mohammad Hashim Tajir Surma,hashmisurma.com,+9221111427464,hashmiusa@hotmail.com,"MA Jinnah Road, 74450, Karachi, Pakistan",Pakistan,Mohammad Hashim Tajir Surma,E26,Pakistani Exporter’s Company Profile Contact Information: Company Name: Mohammad Hashim Tajir Surma Contact Person...,Karachi,
"Moksha (Hong Kong) Biotechnology Co., Limited",moksha-bio.com,+8613364401300,carpo@moksha-bio.com,"2C Argyle Street, Hong Kong, Hong Kong",Hong Kong,"Moksha (Hong Kong) Biotechnology Co., Limited",C28,"Established in 2006, Moksha Group is a premier cosmetic contract manufacturer offering full-service solutions. We provide...",Hong Kong,
Montplet,alcoholesmontplet.com,,jburcet@alcoholesmontplet.com,"Vía Trajana, 53- 59, 08020, Barcelona, Spain",Spain,Montplet,H11,,Barcelona,
MORESURE,moresure0.cafe24.com,+8210-4660-0914,soojin@moreleon.com,"41, Gangnam-daero 162-gil,Gangnam-gu, Seoul, Korea, the Republic of (South)","Korea, the Republic of (South)",MORESURE,A31,"FOCUSED ON WHAT YOUR SKIN NEEDS MORESURE was born in a world saturated with countless brands and products, driven by a singular...",Seoul,
MOZAIKA,,+33781508553,hachemparfums@gmail.com,"rue Anselme Rondenay 54, 94400, VITRY SUR SINE, France",France,MOZAIKA,D35,,VITRY SUR SINE,
MPlus Cosmetics SRL,skcosmetics.ae,+39287196950,chiara.confalonier@mpluscosmetics.com,"Via Carlo Cattaneo, 20065, INZAGO, Italy",Italy,MPlus Cosmetics SRL,G11,"MPlus Cosmetics is a contract manufacturer based in Inzago (Milan), specialized in the creation, development and manufacturing...",INZAGO,
Msagara Trading SARLAU,msagarapackage.com,+2125246-17358,kwame19891@outlook.com,"Rue 28 9, 46000, Safi, Morocco",Morocco,Msagara Trading SARLAU,SM-G18,"Nestled in the dynamic landscape of Morocco’s packaging industry, Msagara Package Ltd stands as a trusted manufacturer and...",Safi,
Multi System Technology FZE,multisys.me,+97165579929,sales@multisys.me,"Sharjah Airport International Free Zone, 121710, Sharjah, United Arab Emirates",United Arab Emirates,Multi System Technology FZE,F12,Welcome to Labelgraff—your partner in unlocking the full potential of in-house labelling and packaging production. From entry...,Sharjah,
My Perfume Factory LLC,khadlaj-perfumes.com,+971561015043,nitinsiyal@myperfumes.com,"25984, United Arab Emirates",United Arab Emirates,My Perfume Factory LLC,A32,"MY PERFUMES My Perfumes, is a leading UAE-based fragrance house with footprint across perfume manufacturing, distribution...",,
MyFair Corp.,,+8231-942-0519,hayley@myfair.co,"85, 06180, Seoul, Korea, the Republic of (South)","Korea, the Republic of (South)",MyFair Corp.,G28,,Seoul,
Myosotis SRL,,+39045502641,orising@orising.it,"Via XX Settembre, 9, 37129, Verona, Italy",Italy,Myosotis SRL,C10,"Myosotis Srl is an Italian company with over 30 years of expertise in the trichological field, founded on the passion and...",Verona,
Mysore Deep Perfumery House,,+919009577736,mohit@zedblack.com,"9/8 SAD Annex, 452010, Indore, India",India,Mysore Deep Perfumery House,"H46, H46","It is with great pleasure that we introduce Mysore Deep Perfumery House (MDPH), one of India's top three manufacturers and...",Indore,
N&K Cosmetics Developments Ltd.,n-k-cosmetics.com,+359977784043,zornitsa@n-k-cosmetics.com,"Gradina Street, 2400, Radomir, Bulgaria",Bulgaria,N&K Cosmetics Developments Ltd.,C12,"N&K Cosmetics is a private label manufacturer of a full range color cosmetic products, based in Bulgaria. The company offers...",Radomir,
Nabeel Perfume Industries FZE,nabeel.com,+97165089999,info@nabeel.com,"Sharjah International Airport Free Zone, Sharjah, United Arab Emirates",United Arab Emirates,Nabeel Perfume Industries FZE,A24,"Nabeel- With more than 5 decades of expertise in crafting some of the most enchanting and enticing Oriental fragrances, Nabeel...",Sharjah,
Nai Golden Line For Cleaning Materials Trading & Cleaning Services Co,goldineline-nai.iq,+9647713436261,info@goldineline-nai.iq,"Al-Karadah Street 52 - Al-Qadir Complex, 10001, Baghdad, Iraq",Iraq,Nai Golden Line For Cleaning Materials Trading & Cleaning Services Co,E26,,Baghdad,
Namaste Laboratories,,+971585468576,koppillethu.madhu@dabur.com,"Near Roundabout 5 Gate No. 3, Dubai, United Arab Emirates",United Arab Emirates,Namaste Laboratories,A26,,Dubai,
Nano Professional,nanoprofessional.com,+971502813365,info@lightspeedme.com,"54 2B Street - Al Khabaisi - Deira - Dubai, United Arab Emirates",United Arab Emirates,Nano Professional,A27,"Nano® Professional is a professional nail care brand built around one clear purpose: to support nail artists, salons, educators...",,
"Nantong Liguo Glass Products Co., Ltd.",liguoglass.com,+8618962907968,sales01@liguoglass.com,"RUIJIANG RD, NO 6, 226100, HAIMEN, China",China,"Nantong Liguo Glass Products Co., Ltd.",K25,"NANTONG LIGUO GLASS PRODUCTS COMPANY LIMITED, supplies a great selection of perfume glass bottle, oil perfume bottle, cream...",HAIMEN,
Naseem Al Hadaeq Perfumes L.L.C,khadlaj-perfumes.com,+97142351953,info@naseemperfume.com,"Sikkat Al Khail Street, Near Gold Souq, 115042, Dubai, United Arab Emirates",United Arab Emirates,Naseem Al Hadaeq Perfumes L.L.C,G32,"Founded in the year 2000 by Mr. Ali Husain in Dubai, United Arab Emirates, Naseem Perfumes has established itself as a trailblazer...",Dubai,
Nationalpak Ltd.,,+8522462448,samho@natpak.com,"Kin Fat Street 11, Tuen Mun, Hong Kong",Hong Kong,Nationalpak Ltd.,M16,"Established in 1978, Natpak stands as a trailblazer in the realm of innovative packaging and display solutions, serving esteemed...",Tuen Mun,
"Natural (Int'l) Cosmetics Group Co., Limited",beautyandperfumeintl.com,+85213790814022,rebecca.cheng@hongkong.messefrankfurt.com,"Civic Commerical Building, Yau Ma Tei, Hong Kong",Hong Kong,"Natural (Int'l) Cosmetics Group Co., Limited",D27,"Natural Beauty, 20-year professional cosmetics manufacturer for high-and-mid-end cosmetics brands providing one-stop solution...",Yau Ma Tei,
Natural Bloom Corp,naturalbloom.com,+1626-877-8588,joanna@naturalbloom.com,"Vanguard Way 556, 92821, Brea, United States",United States,Natural Bloom Corp,D38,,Brea,
Natural Fragrances LLC,abcfragrances.com,+97165346834,,"26313, 0, United Arab Emirates",United Arab Emirates,Natural Fragrances LLC,E12,"Natural Fragrances LLC, founded in 1999 in the United Arab Emirates, is a trusted name in the perfume manufacturing industry...",,
Naytrual Beauty Ltd,beautyandperfumeintl.com,,hello@naytrualbeauty.com,"167 - 169 Great Portland Street, W1W 5PF, London, Great Britain and Northern Ireland",Great Britain and Northern Ireland,Naytrual Beauty Ltd,G14,"Naytrual Beauty is a British beauty brand creating intentional, innovative products designed to perform beyond expectation...",London,
Nazih Trading Co. LLC,nazih.com,+97165739392,mdsecretary@nazih.com,"18F, Sharjah, United Arab Emirates",United Arab Emirates,Nazih Trading Co. LLC,C12,"Established in 1975, Nazih Group has been in the beauty industry for over 48 years with over 200 retail stores across 21...",Sharjah,
NBDY,,+6017-6888351,pd@nbdy.world,"Jebel Ali Free Zone, Dubai, United Arab Emirates",United Arab Emirates,NBDY,B09,,Dubai,
ND END,,+8231-292-7050,overseassales@theskins.co.kr,"89 Seoho-ro Gyeonggi-do 1-307, Suwon-si, Korea, the Republic of (South)","Korea, the Republic of (South)",ND END,"C34, C34","NDEND is a Korean skincare brand created to deliver effective, sensorial, and modern skincare solutions for everyday needs...",Suwon-si,
Neo Parfums,sterlingparfums.com,+33493099929,marketing01@neoparfums.fr,"Route de Pegomas, 06130, GRASSE, France",France,Neo Parfums,D36,"Located in Grasse, France, the world's capital of perfumery, Néo Parfums creates and produces fragrance compositions for...",GRASSE,
"Neo-Medical Co., Ltd.",i-neomedical.com,+8231-8029-6601,neomedical89@gmail.com,", Jimunbuk-gil, Wongok-myeon, 89, Gyeonggi-do,, Korea, the Republic of (South)","Korea, the Republic of (South)","Neo-Medical Co., Ltd.",B14,,"Gyeonggi-do,",
Neu Cosmetics DMCC,skcosmetics.ae,+9714343446,,"48906, United Arab Emirates",United Arab Emirates,Neu Cosmetics DMCC,,"Established in 2013, Neu Cosmetics is a boutique distribution company based in the United Arab Emirates, driven by a passion...",,
New Cosmesy SRL,,+390290111844,marketing@newcosmesy.com,"21 Via Monte Rosa, 20149, Milan, Italy",Italy,New Cosmesy SRL,"C28, F28",New Cosmesy is a leading private label fragrance company. Was born in 1991 in Milan from an idea of Antonio Cinque. Character...,Milan,
New Gain Industrial Limited,,+8618420453976,clark.guo@newgain.cn,"1A-1L Tung Choi St., Hong Kong, Hong Kong",Hong Kong,New Gain Industrial Limited,"H39, A39","Since our founding, WMARK has grown into a premium one-stop supplier for full-spectrum barber and salon supplies. We offer...",Hong Kong,
New Power Packaging Co. Ltd,,+8613828478820,neo@np-pack.com,"No. 1 Guanghai Road, 510407, Guangzhou City,, China",China,New Power Packaging Co. Ltd,I09,"New Power Packaging Co., Ltd., established in 2019 and based in Guangzhou, China, is a specialist in designing and manufacturing...","Guangzhou City,",
"New Step International Co., Limited",newstep2000.com,+862138726417,info@newstep2000.com,"99 King Fuk Street, Hong Kong, Hong Kong",Hong Kong,"New Step International Co., Limited",C22,"Founded in 1997, Newstep is a leading manufacturer of custom cosmetic packaging solutions. With decades-long partnerships...",Hong Kong,
Nexxen Cosmetic,skcosmetics.ae,+822-2216-4501,gsales@leeblese.com,"Yeonmujang 5ga-gil E804 7, 04782, Seoul, Korea, the Republic of (South)","Korea, the Republic of (South)",Nexxen Cosmetic,C38,"Nexxen Cosmetic is a Korean cosmetics manufacturer based in Seoul, South Korea, with a long-standing history in the beauty...",Seoul,
NG Beauty World Fzco,fragranceworld.ae,+97148806223,finance@nggroup.com,"Plot No. EWTA 37, 38, Mina, Jebel Ali Free Zone, Dubai, United Arab Emirates",United Arab Emirates,NG Beauty World Fzco,B12,,Dubai,
Niche Notions LLC,,+971505762425,hello@officialkbeauty.com,"191591, United Arab Emirates",United Arab Emirates,Niche Notions LLC,A38,,,
Nikita Aleksandrovich Selyanin,,,,"23 Vagzhanova Street 23, 170100, Tver, Russia",Russia,Nikita Aleksandrovich Selyanin,B15,,Tver,
NILONICA,,+821053905861(what'sapp),nilonica.kbeauty@gmail.com,"Sowol-ro 44ga-gil 9-1, 04344, Seoul, Korea, the Republic of (South)","Korea, the Republic of (South)",NILONICA,D15,"NILONICA is a Korean skincare brand featuring rare Nilotica shea butter—representing just 1% of the world's shea, sourced...",Seoul,
Nine Stars Perfumes Trading LLC SP,khadlaj-perfumes.com,+971503829222,9stars@9stars.ae,"Corniche Street, Al Majaz 1, Al Majaz, Sharjah, United Arab Emirates",United Arab Emirates,Nine Stars Perfumes Trading LLC SP,G36,"9Stars is a UAE-based premium supplier specializing in high-quality empty perfume bottles for brands, retailers, and fragrance...",Sharjah,
Ningbo Aobang Sprayer Co. Ltd.,,+8657462477788,jinny@yundasprayer.com,"Laofangqiao Industry Area, 315455, Yuyao, China",China,Ningbo Aobang Sprayer Co. Ltd.,A10,"Ningbo Aobang Sprayer CO.,LTD(YUYAO YUNDA SPRAYER CO.,LTD) was founded in 2009, which is a professional engaged in all sorts...",Yuyao,
"NINGBO BLOOMSUN COSMETICS Co., Ltd",skcosmetics.ae,+8615258230974,bd@bloomsun.com,"JinNiu Middle Road,Moushan Town No.57-1, 315400, Yuyao, China",China,"NINGBO BLOOMSUN COSMETICS Co., Ltd",D37,,Yuyao,
"NINGBO CHENMING SPRAYER CO.,LTD.",,+8613566342121,qing@cm-sprayer.com,"NO.138 QISHAN VILLAGE, 315400, YUYAO, China",China,"NINGBO CHENMING SPRAYER CO.,LTD.",H37,,YUYAO,
"NINGBO E-YANG INTERNATIONAL TRADE CO.,LTD.",,+8681858912,evan@eyang-nb.com,"Yangfan Road, 1678, Zhejiang, China",China,"NINGBO E-YANG INTERNATIONAL TRADE CO.,LTD.",D31,,Zhejiang,
Ningbo Fechii Flavors & Fragrance Co. LTD,fragranceworld.ae,+8657483002070,zhangy@fechii.com,"Southern Business District of Yinzhou, 315199, Ningbo, China",China,Ningbo Fechii Flavors & Fragrance Co. LTD,Z3-D40,"Rooted in China, we focus on the R&D and innovation of natural Chinese aromatic ingredients. We bridge millennia of olfactory...",Ningbo,
"NINGBO HAWARD RAZOR CO., LTD.",wa.me,+8618966388617,kendrick@hawardcare.com,"Huigu Centre, Jiangbei District, 315033, NINGBO, China",China,"NINGBO HAWARD RAZOR CO., LTD.",D32,,NINGBO,
"Ningbo Jingyan Trading Co.,Ltd",jingyanperfume.com,+8657487565670,sales@nb-jingyan.cn,"Room 1505, Hengyi Plaza Office 315033, 315033, Zhejiang, China",China,"Ningbo Jingyan Trading Co.,Ltd",K15,,Zhejiang,
"Ningbo Kaili Holding Group Co., Ltd",kailirazor.com,+8613566526041,cathy@kailirazor.com,"Changyang Road 9, 315033, Ningbo, China",China,"Ningbo Kaili Holding Group Co., Ltd",H34,"We are the professional & large-scale razor factory in china.We are razor factory specializing in design, research and production.Have...",Ningbo,
"Ningbo Lao Plastic Technology Co., Ltd.",,+8616621337561,lucy.ran@insbeauty.com,"Beixing Road No 888, 315400, Zhejiang, China",China,"Ningbo Lao Plastic Technology Co., Ltd.",L36,"Established in 2017,Focusing on the research and production of cosmetics and pharmaceutical packaging.As one of the leading...",Zhejiang,
"Ningbo Pulisi Daily Chemical Products Co., Ltd.",pulisichina.com,+868618768128515,pulisi@pulisi1991.com,"Fangjia Road,, Yuyao City, China",China,"Ningbo Pulisi Daily Chemical Products Co., Ltd.",H25,,Yuyao City,
"Ningbo Seng Cze Marcrospray Co., Ltd",,+868613738805152,market@sengcze.com,"Jinhan Road No 110, 315480, Zhejiang, China",China,"Ningbo Seng Cze Marcrospray Co., Ltd",A18,"Ningbo Seng Cze Macrospray Co., Ltd was established in 1988 and is a company specialized in manufacturing trigger sprayer...",Zhejiang,
Ningbo Somewang Packaging Co. Ltd.,wa.me,+8657488251730,info@somewang.com,"South Kechuang Road, Haishu District, 315100, Ningbo, China",China,Ningbo Somewang Packaging Co. Ltd.,B10,"SOMEWANG focus on manufacturing and R&D solution in the packaging field specializing in Beauty & Cosmetics, Pharmaceuticals...",Ningbo,
Noorani & Co,nooraniperfumes.com,+9265682917,ozair1978@gmail.com,"BLOCK # 2, 74400, KARACHI, Pakistan",Pakistan,Noorani & Co,G43,,KARACHI,
Norex Flavours Private Limited,norex.in,+915924273095,vishal@norex.in,"Gajraula - Chandpur Rd, Dhanaura, 244231, Mandi Dhanaura, India",India,Norex Flavours Private Limited,E10,"Founded in 1994, a family-owned and professionally managed company. · Two state-of-the-art manufacturing facilities...",Mandi Dhanaura,
NORM BITKISEL URUNLER PAZARLAMA SAN. VE TIC. LTD. STI.,skcosmetics.ae,+905335767058,miray.kara@normbitkisel.com,"Mecidiye Mah. Selçuk Cad. Detay Blok No:85, İç Kapı No:1, Sultanbeyli, Istanbul, Türkiye",Türkiye,NORM BITKISEL URUNLER PAZARLAMA SAN. VE TIC. LTD. STI.,A16,,Istanbul,
Northern Aromatics Private Limited,,+911206951700,raghav.lall@northernaromatics.com,"S.S.G.T. Road NH 24, 201009, Ghaziabad, India",India,Northern Aromatics Private Limited,C06,"Established in 1979, Northern Aromatics Limited (NAL) has solidified its position as a leading manufacturer in the fragrance...",Ghaziabad,
Nouvelle Exports FZCO,nouvelleexports.ae,+971502965700,info@nouvelleexports.ae,"DUBAI SILICON OASIS (DSO), United Arab Emirates",United Arab Emirates,Nouvelle Exports FZCO,C16,Nouvelle Export FZCO is a UAE-based global trading and procurement company specializing in sourcing and supplying industrial...,,
Nouvelle Parfumerie Gandour,,+221338321854,c.smith@npgsenegal.com,"KM 7.5 Rote De Rufisque, 982, Dakar, Senegal",Senegal,Nouvelle Parfumerie Gandour,B26,"In 1961, the Gandour family set up their own cosmetology research center in West Africa, where they created a world of beauty...",Dakar,
Nova Beauty Eyes International Limited,beautyandperfumeintl.com,+8618932435573,laurayang12@outlook.com,"458-468 Hennessy Road, Hong Kong, Hong Kong",Hong Kong,Nova Beauty Eyes International Limited,H19,Nova Beauty Eyes International Limited was founded in September 2019 and embarked on its international trade journey in March...,Hong Kong,
Novanex Wholesale Ltd,novanex.co.uk,+442085457711,robert@novanex.co.uk,"Wadsworth Road 18, UB6 7JD, London, Great Britain and Northern Ireland",Great Britain and Northern Ireland,Novanex Wholesale Ltd,B09,"Novanex offers a comprehensive wholesale solution, featuring an extensive inventory of health and beauty goods. Regardless...",London,
NOVJIN SRL,,+393318389981,tsebella410@gmail.com,"Via Garibaldi 7/A, 40124, Bologna, Italy",Italy,NOVJIN SRL,A22,Our company focus on hair products.,Bologna,
"Noyain Biochemicals Co.,Ltd",,+8618011804008,bd@noyain-mfg.com,"No.13-19 Ketai 2nd Rd Baiyun Hi-tech Zone, 510540, Guangzhou, China",China,"Noyain Biochemicals Co.,Ltd",I25,,Guangzhou,
"NS Retail Co., Ltd.",,+8270-8789-7857,nsimport@petitfee.com,"Mapo-gu, 04163, Seoul, Korea, the Republic of (South)","Korea, the Republic of (South)","NS Retail Co., Ltd.",C08,,Seoul,
NUANCE PARFUMS,nuanceparfums.com,+3351261641,contact@nuanceparfums.com,"rue saint Honoré 320, 75001, Paris, France",France,NUANCE PARFUMS,D33,"The collection explores materials through light, texture and atmosphere. Vanilla becomes shadow and warmth, moving between...",Paris,
Nuance Professional Ltda Epp,nuanceprofessional.com.br,+556298258-0123,kelly@nuanceprofessional.com.br,"Avenida Bela Vista,, 74921-206, Aparecida de Goiânia, Brazil",Brazil,Nuance Professional Ltda Epp,D09,We are in over 23 countries around the world and we believe that through outer beauty we can change people's inner beauty...,Aparecida de Goiânia,
Nucalm,,+1353-587-2842,agamazurdublin@gmail.com,"Airmotive way 1325, 89502, Nevada, United States",United States,Nucalm,G12A,,Nevada,
Nurani Import Export S.L.U,nuraniimportexport.com,+34632532454,hasan@nuraniimportexport.com,"Nave Carrer Torrassa 94 17, 08930, Barcelona, Spain",Spain,Nurani Import Export S.L.U,C18,Nurani Import Export S.L.U is a premier European B2B distributor and wholesale exporter specializing in high-demand personal...,Barcelona,
Nutrione,,+8270-4077-0244,glt1@nutrione.co.kr,"42, Olympic-ro 35da-gil Songpa-gu, 05510, Seoul, Korea, the Republic of (South)","Korea, the Republic of (South)",Nutrione,C11,Nutrione is a leading South Korean health and wellness company specializing in innovative nutritional supplements and inner...,Seoul,
NV International (Asia) Limited,,+85228664154,fredakwong@nvibeauty-sg.com,"Wang Chiu Road 11, Hong Kong",Hong Kong,NV International (Asia) Limited,E32,"NVI design, engineer, source, and manufacture primary and secondary packaging and turnkey, leverage the latest manufacturing...",,
O B S General Trading LLC,,+97144004000,raqueeb.basari@obsgroup.com,"88001, Dubai, United Arab Emirates",United Arab Emirates,O B S General Trading LLC,F38,OBS Group (BinSulaiman Group – OBS) is a UAE-based diversified business group with a strong presence across the Middle East...,Dubai,
O'clearien,oclearien.com,+8210-8006-9114,sales@oclearien.com,"Yeongdeungpo-ro 377, 07318, Seoul, Korea, the Republic of (South)","Korea, the Republic of (South)",O'clearien,C14,"O’clearien is a Korean clean skincare brand dedicated to creating comfortable, balanced, and healthy-looking skin. With our...",Seoul,
Ofbase,ofbase.co.kr,+8210-5351-2979,aiden@eyesomekorea.co.kr,"1412ho, 127, Beobwon-ro,, Seoul, Korea, the Republic of (South)","Korea, the Republic of (South)",Ofbase,"C12, C12","""Build your Daily Layers, Awaken the True Essence of Skin."" OFBASE creates a High Performance Skin Base that delivers higher...",Seoul,
OKUYUCULAR PERAKENDE VE MAĞAZACILIK LİMİTED ŞİRKETİ,,+905494448345,fayiz.harbo@lorisparfum.com,"Gebze Dilovasi OSB Mah., 41455, Kocaeli, Türkiye",Türkiye,OKUYUCULAR PERAKENDE VE MAĞAZACILIK LİMİTED ŞİRKETİ,G12,,Kocaeli,
Olika,,+21651051126,arbiajebali679@gmail.com,"Rue Sanad Ras Tabia, Bardo 2, 2000, Tunis, Tunisia",Tunisia,Olika,A07,"Olika is a Tunisian natural skincare brand founded in 2021 by Arbia Jbeli. Rooted in the rich heritage of Tunisia, Olika...",Tunis,
"OLILA (GUANGZHOU) COSMETIC PACKAGE CO.,LTD",skcosmetics.ae,,olihak@vip.163.com,"RD, No.12 Bldg, 1, 510308, Guangzhou, China",China,"OLILA (GUANGZHOU) COSMETIC PACKAGE CO.,LTD",I28,,Guangzhou,
Omar Banafea Oud L.L.C.,banafaforoud.com,+966556645353,anas@banafaforoud.com,"Naif Street, Al Dhagaya Shop No.M, 86945, Dubai, United Arab Emirates",United Arab Emirates,Omar Banafea Oud L.L.C.,C32,"About Banafa for Oud Established in 1987, Banafa for Oud is a market leader in crafting unique, luxury aromatic scents. We...",Dubai,
Omniscent Fragrances Perfumes Trading L.L.C.,omniscent.ae,+97145876636,,"3929, United Arab Emirates",United Arab Emirates,Omniscent Fragrances Perfumes Trading L.L.C.,F32,"Azha, founded by third generation of Perfumers, was discovered during the worst times that the world has seen, where life...",,
"OMS International Co., Ltd",,+8270-4187-3540,sales@dr-f5.com,"105-18 Dasanjungang-ro, 12248, Namyangju-si, Gyeonggi-do, Korea, the Republic of (South)","Korea, the Republic of (South)","OMS International Co., Ltd",D38,"DR.F5 and MENOMOSO are K-Beauty brands developed by OMS International, each offering a distinctive approach to modern skincare...","Namyangju-si, Gyeonggi-do",
One World International Ltd.,fragranceworld.ae,+8618359452002,zhoufeng.kang@bayblue.hk,"228 Park Ave. S#79525, 10003, New York, United States",United States,One World International Ltd.,A18,"ONE WORLD is engaged in global trade and drop shipping, specializing in the international distribution of fragrances, skincare...",New York,
One World Trading LLC,fragranceworld.ae,+97145588567,nathalie@owtrading.com,"182150, United Arab Emirates",United Arab Emirates,One World Trading LLC,D09,"One World Trading LLC (OWT) is the exclusive distributor of revolutionary grooming products in the UAE: Footlogix, the...",,
Onest Limited,,,marketing@onestltd.com,"703 Mind Space, Link Road, Malad West, 400064, Mumbai, India",India,Onest Limited,"G18, A15","ONEST BEAUTYKRAFT LIMITED is an integral part of Onest Limited, working as a separate division with sheer focus on the business...",Mumbai,
OPL Innovation Group (Asia) Limited,opl-innovation.com,+8613706131110,xinyi.wu@opl-innovation.com,"Tianedang Rd. No.66, 215104, Suzhou, China",China,OPL Innovation Group (Asia) Limited,G35,OPL Innovation is a well-established company specializing in premium cosmetic packaging solutions. Headquartered in Hong...,Suzhou,
Orbit Trading LLC,orbittrd.us,,sales@orbittrd.us,"W RIVERSIDE AVE STE N 522, 99201-0580, Spokane, United States",United States,Orbit Trading LLC,B37,"Orbit Trading LLC is a company dedicated to the beauty device industry, established in 2015 and headquartered in the United...",Spokane,
Orientco Dis Ticaret Ve Insaat San. Ltd Sirketi,,+905447668840,export@orientco.com.tr,"Cad. Skyland B No: 4 B IÇ Kapi No: 360, Istanbul, Türkiye",Türkiye,Orientco Dis Ticaret Ve Insaat San. Ltd Sirketi,C12,"Hoppa is a modern skincare brand from Turkey that combines natural, clean, and effective formulations with stylish design...",Istanbul,
Orientica Perfumes Industry FZE,khadlaj-perfumes.com,+97197154995,marketing1@orienticaperfumes.com,"2305 Trade Centre 1, Shiekh Zayed Road, 0000, Dubai, United Arab Emirates",United Arab Emirates,Orientica Perfumes Industry FZE,A16,"Orientica Perfumes is a luxury fragrance house based in the UAE, specializing in the creation, production, and global distribution...",Dubai,
ORO VENTO PARFUM LLC,orovento.com,+97145774403,alwyn@orovento.com,"Saeed Tower O1 Building Unit 1506, Dubai, United Arab Emirates",United Arab Emirates,ORO VENTO PARFUM LLC,A21,,Dubai,
"OSEAN'S INT'L CO., LTD.",oceansint.com,+8210-8808-7743,frank@oseansint.com,"Mayu-ro Siheung-si 71, Gyeonggi-do, Korea, the Republic of (South)","Korea, the Republic of (South)","OSEAN'S INT'L CO., LTD.",A28,,Gyeonggi-do,
"OSSTEM PHARMA CO., LTD.",osstempharma.com,+8270-5118-0330,navy542@osstempharma.com,"123, Gasan digital 2-ro 12TH, Seoul, Korea, the Republic of (South)","Korea, the Republic of (South)","OSSTEM PHARMA CO., LTD.",D30,OSSTEM PHARMA is an oral care company dedicated to improving oral health through continuous research and technological innovation...,Seoul,
"OU International Co., Ltd",,+822-6952-4097,ouexport@oukorea.com,",5,6F, 346, Salgoji-gil, Seongdong-gu, 2, Seoul, Korea, the Republic of (South)","Korea, the Republic of (South)","OU International Co., Ltd",D13,One-day’s you is a skincare brand that includes only what is truly necessary to keep the skin feeling fresh. It proposes...,Seoul,
OUD AL SALAM PERFUMES AND COSMETICS IND L.L.C,khadlaj-perfumes.com,+97165246699,info@oudalsalam.com,"Al Jeddah Street, Ajman, United Arab Emirates",United Arab Emirates,OUD AL SALAM PERFUMES AND COSMETICS IND L.L.C,G12,"Oud Al Salam Perfumes is a trailblazer in the world of perfumery for nearly three decades,The artistry extends beyond the...",Ajman,
Oudh Al Anfar Manufacturing LLC,oudhalanfar.com,+97142257580,abdullahanfar@oudhalanfar.com,"Al Ghail Industrial Park P-81, 294181, Ras Al Khaimah, United Arab Emirates",United Arab Emirates,Oudh Al Anfar Manufacturing LLC,A16,"Oudh Al Anfar is a luxury perfume house from Dubai, renowned for crafting timeless oriental and western fragrances with a...",Ras Al Khaimah,
OUKELAI Biotechnology,,+1917-929-6997,qdcosmetic.sales@gmail.com,"S Oak Hill Street, 80018, Aurora, United States",United States,OUKELAI Biotechnology,B32,"QD Cosmetic LLC is a professional manufacture of cosmetics, integrated with R&D, manufacturing, and distribution. The company...",Aurora,
Ouxinmay Packaging Industries (HK) Co.,,+8613719386388,admin@oxmpackaging.com,"Kowloon, Hong Kong",Hong Kong,Ouxinmay Packaging Industries (HK) Co.,H38,"Ouxinmay Packaging Industries (HK) Co. was established in 2010,the reliable manufacturer of plastic tube for cosmetics,pharmaceuticals...",Kowloon,
OVMENT,,+8270-4278-9767,sales@ovment.com,"1006, 186 Gasan digital 1-ro, Geumcheon-gu, 08502, Seoul, Korea, the Republic of (South)","Korea, the Republic of (South)",OVMENT,G28,OVMENT focuses on women’s evolving health needs at every stage of life. From feminine care and brightening to emotional wellness...,Seoul,
Oyster Cosmetics S.p.A.,skcosmetics.ae,+390376636290,info@oystercosmetics.it,"Via Barzizza 37/A, 46043, Castigilione delle Stiviere, Italy",Italy,Oyster Cosmetics S.p.A.,F25,"Founded in 1983, Oyster Cosmetics is an Italian manufacturer specialized in professional haircare solutions. With a state...",Castigilione delle Stiviere,
OYSTER COSMETICS SPA,oystercosmetics.it,+390376636290,events@oystercosmetics.it,"VIA BARZIZZA 37/A, 46043, CASTIGLIONE DELLE STIVIERE, Italy",Italy,OYSTER COSMETICS SPA,E26,,CASTIGLIONE DELLE STIVIERE,
P. NIKOLOULIA AND SIA OE - SIMPLE USE BEAUTY,beautyandperfumeintl.com,+302102449614,info@simpleuse.eu,"Vardousion 82, 136 72, Athens, Greece",Greece,P. NIKOLOULIA AND SIA OE - SIMPLE USE BEAUTY,B09,"Simple Use Beauty is the premier Greek manufacturer of professional depilatory products, offering a complete ecosystem of...",Athens,
Pacific World General Trading LLC,fragranceworld.ae,+97142202003,mhzg.pacific@gmail.com,"Deira, 19805, Dubai, United Arab Emirates",United Arab Emirates,Pacific World General Trading LLC,C16,"Established in 1979, Aurora Scents is a prestigious perfume brand with a mission to source the world's most exquisite ingredients...",Dubai,
Pack Pro for Plastics,gulforchid.com,+201222416162,lima@packproplastics.com,"G southern zone - 6 182, 444629, Cairo, Egypt",Egypt,Pack Pro for Plastics,D27,,Cairo,
Padmini Aromatics PVT LTD,padminiaromatics.com,+91984519154,avemulkar@padminiaromatics.com,"K Kamaraj Road, 560042, Bangalore, India",India,Padmini Aromatics PVT LTD,G07,"Padmini Aromatics manufacture high performance ingredients for the fragrance industry. Based in Bangalore, we specialise...",Bangalore,
Pankaj Glass Works Ltd.,pankajglassworks.com,+919536048110,kushagra@pankajglassworks.com,"Raja Ka Tal, 283203, Firozabad, India",India,Pankaj Glass Works Ltd.,"I12, SM-I12",,Firozabad,
PAPER HOUSE PACKAGING,,+8613588818719,sales1@beyaqi-pack.com,"No.86 Zhujiadun Beizhuang village, 311108, Linping, China",China,PAPER HOUSE PACKAGING,E10,,Linping,
PAPIER D'ARMENIE,papierdarmenie.fr,,arnaud@papierdarmenie.fr,"Rue Morel 6, 92120, MONTROUGE, France",France,PAPIER D'ARMENIE,E33,"Papier d’Arménie®, founded in France in 1885, is a family-owned company whose savoir-faire has been transmitted through five...",MONTROUGE,
PARFESSENCE,,+33493360006,info@parfessence.com,"P.I des Bois de Grasse, 06130, Grasse, France",France,PARFESSENCE,B26,Parfessence is a French fragrance house based in Grasse. With its own high technology factory built under the ISO 9001 and...,Grasse,
Parfex,parfex.com,+33492424252,cynthia.capron@parfex.com,"Avenue Louison Bobet 70, 06130, Grasse, France",France,Parfex,A26,"Parfex is a French fragrance house established in Grasse, South of France, in 1985 and is part of the Croda fragrance division...",Grasse,
Parfum Atelier L.L.C-FZ,sterlingparfums.com,+971523366842,maisonsultanoff@gmail.com,"Meydan Road, Dubai, United Arab Emirates",United Arab Emirates,Parfum Atelier L.L.C-FZ,G17,Parfum Atelier is an independent fragrance house built on a passion for the art of perfumery and an obsession with detail...,Dubai,
Parfum Conditionnemet Design (PC Design),sterlingparfums.com,,hassan.amara@pcdesignperfumes.com,"Tanger Zones, 90000, Tanger, Morocco",Morocco,Parfum Conditionnemet Design (PC Design),,,Tanger,
Parfumania SAS,,+33145001906,parfumania@hotmail.com,"Ave. Foch 5, 75116, Paris, France",France,Parfumania SAS,G39,"Parfumania is a company based in the heart of Paris, with our senior perfumer, who has 40 years of experience. Our business...",Paris,
Parfums Corania SAS,sterlingparfums.com,+33491243464,mguieu@corania.com,"Avenue Lamartine 9, 13170, Les Pennes Mirabeau, France",France,Parfums Corania SAS,E23,"WE ARE FRAGRANCE CREATORS. At Corania, we believe fragrance has the power to make everyday life more beautiful. Since 1934...",Les Pennes Mirabeau,
Parfums Emmanuelle Jane,sterlingparfums.com,+33148816260,nassim@emmanuellejane.com,"rue Robespierre, Champigny 3, 94500, Marne, France",France,Parfums Emmanuelle Jane,A23,"Said Boudiada is the founder, spiritual father, and perfume designer of the fragrance collection EMMANUELLE JANE. He combines...",Marne,
Parfums Parour SARL,parfums-parour.com,+3343181421,fabienne.douelle@parfums-parour.com,"Avenue Matignon 6, 75008, Paris, France",France,Parfums Parour SARL,C46,Parfums Parour is a Parisian family company that has punctuated the history of modern perfumery with olfactory works as inventive...,Paris,
Parfums Plus France,parfumsplus.com,+33631559808,michelle@parfumsplus.com,"Le Bar sur Loup, 06620, Route de Gourdon, France",France,Parfums Plus France,G26,"At Parfums Plus we create emotions, applying our traditional knowhow and innovation to produce fragrances with a unique character...",Route de Gourdon,
Parimal Mandir,parimalmandir.in,+919886478926,swaraj@parimalgroup.com,"OFF KANAKAPURA ROAD 20-22, 560062, BANGALORE, India",India,Parimal Mandir,E46,"Parimal Mandir is one of India’s most established fragrance houses, with over 80 years of manufacturing excellence in incense...",BANGALORE,
Parisvally FZC,parisvally.com,+971507861878,marwan@parisvally.com,"9190, United Arab Emirates",United Arab Emirates,Parisvally FZC,E45,A Legacy Through Scent Parisvally is a fragrance house built on three generations of passion for perfumery. Founded in 2004...,,
Parkim Fragrance House,fragranceworld.ae,+903393800,merve@parkimgroup.com,"Levent, 34330, Istanbul, Türkiye",Türkiye,Parkim Fragrance House,"D12, D12","Affiliate of Parkim Group, Parkim Fragrance House is a leading fragrance manufacturing firm from Istanbul, Turkey. Established...",Istanbul,
Parley Cosmatics Trading LLC,parleycosmetics.com,+971526321686,tipu@parleycosmetic.com,"Al Daghaya, Alsoor, Dubai, United Arab Emirates",United Arab Emirates,Parley Cosmatics Trading LLC,G26,Parley Cosmetics provides easy access to exceptional products that inspire you to express your unique style with confidence...,Dubai,
Pasteur Cosmiatria Ltda.,pasteur.ind.br,+555199122-0700,becker@pasteur.ind.br,"Rua Monsenhor Veras, 678, Santana, 90610-010, RS, Brazil",Brazil,Pasteur Cosmiatria Ltda.,H12,"Established in 1981, Pasteur Cosmiatria is national Brazilian reference in the manufacturing of private label skin care products...",RS,
"PCARTOON CO., LTD.",,+8210-6787-8866,peres817251@gmail.com,"Seongsuil-ro 4-gil, Seongdong-gu, 06236, Seoul, Korea, the Republic of (South)","Korea, the Republic of (South)","PCARTOON CO., LTD.",C28,"Our company mainly produces perfume packaging(glass bottle, crimp pump, perfume cap), fine mist sprayer, treatment pump, lotion...",Seoul,
"Pengyu Packaging Co., Limited",,,noemail@noemail.com,"253-261 Hennessy Road, Hong Kong, Hong Kong",Hong Kong,"Pengyu Packaging Co., Limited",D19,,Hong Kong,
Penta Chem (ME) FZE,,+97148863033,ritesh@pentachem.com,"Street 300, 18025, Dubai, United Arab Emirates",United Arab Emirates,Penta Chem (ME) FZE,C20,,Dubai,
Perfum SAS,perfum.fr,+33493096122,emma@perfum.fr,"Boulevard Marcel Pagnol 45, 06130, Grasse, France",France,Perfum SAS,E12,"PERFUM,an independent fragrance house dedicated to the creation and production of fragrance compositions. Creativity, industrial...",Grasse,
Perfumery Paris Corner L.L.C,pariscorner.ae,+97142267877,faziltv@gmail.com,"Deira, 6629, Dubai, United Arab Emirates",United Arab Emirates,Perfumery Paris Corner L.L.C,L25,"Our Story At Paris Corner, we are passionate about the art of perfumery, and wetake great pride in creating luxurious scents...",Dubai,
Perfumes Smile Trading LLC,smileperfumes.com,+971555787748,smileperfumes.acc@gmail.com,"30914, United Arab Emirates",United Arab Emirates,Perfumes Smile Trading LLC,C46,,,
Petro White Alpha For Petrochemicals W.L.L.,petrowhite.com,+97444429226,meva@petrowhite.com,"The Pearl 121 Tower, Doha, Qatar",Qatar,Petro White Alpha For Petrochemicals W.L.L.,A15,,Doha,
PGP Glass Limited,pgpfirst.com,+912230466969,yogesh.shenoy@pgpfirst.com,"11th Floor Prabhadevi (West), Delisle Road 1102, 400013, Mumbai, India",India,PGP Glass Limited,G12,"PGP Glass Limited. Company Profile PGP Glass Pvt Limited is a global leader in the design, production and decoration of...",Mumbai,
Pharma & Beauty Group,p-b-group.com,+33614085106,kvetoshina@p-b-group.com,"Boulevard Pereire 55, 75017, PARIS, France",France,Pharma & Beauty Group,D28,,PARIS,
Pharma and Beauty Group,p-b-group.com,+33442467150,beauty@p-b-group.com,"75017, Paris, France",France,Pharma and Beauty Group,D28,"P&B Group is a French beauty and health CDMO specialized in the development and manufacturing of premium skincare, hybrid...",Paris,
Pheonix Afrique Distribution Suarl,,+971562332028,,"12, Bld Djily MBAYE Immeuble Azur 15, 50555, Dakar, Senegal",Senegal,Pheonix Afrique Distribution Suarl,A34,We are an FMCG trading company with our offices/associates spread across different locations around the world. Our success...,Dakar,
Phoenix Impex,,+917045359540,chirag@phoeniximpex.co,"No. 9, JVPD Scheme Gulmoha Cross Road, Vile Parle west, 400049, Mumbai, India",India,Phoenix Impex,G25,"We are Manufacturer & Exporter of Shaving Blades, Disposable Razors, Shaving Foam, After Shave Lotions, based in India, We...",Mumbai,
PHSHOP Srl,phshop.it,+3908119045028,m.passaro@phservice.srl,"Piazza della Repubblica, 20124, MILANO, Italy",Italy,PHSHOP Srl,C16,,MILANO,
Phu Luan Group Company Limited,phuluan.com,+84932285656,info@phuluan.com,"52806, Da Nang, Vietnam",Vietnam,Phu Luan Group Company Limited,G18A,Phu Luan Agarwood Website: https://phuluan.com/ Category: Fragrance / Essential Oils / Raw Materials Company Profile: Phu...,Da Nang,
PHYTO ATIVO INDUSTRIA DE COSMETICOS LTDA,,+55143324-5504,anapaula@phytoativo.com.br,"Rua Pedro Migliari, 19902-040, Ourinhos, Brazil",Brazil,PHYTO ATIVO INDUSTRIA DE COSMETICOS LTDA,B18,"We are a Brazilian brand of hair cosmetics, with the goal of taking our passion about natural actives, science, and biotechnology...",Ourinhos,
"Pia&Claudia Co., Ltd.",,+8210-8555-0874,hjclaudia@piaclaudia.com,"34 Sajik-ro 8-gil, Jongno-gu 1332, 03174, Seoul, Korea, the Republic of (South)","Korea, the Republic of (South)","Pia&Claudia Co., Ltd.",A10,,Seoul,
Piel Co LLC,piel.co.com,+1305-684-2122,info@piel-co.com,"NW 25th St, 12480, 33128, Miami, United States",United States,Piel Co LLC,B28,Piel Co is a USA based distributor of health and beauty products. We strive to provide you with outstanding products and...,Miami,
PINGDU EYELASH BEAUTY COSMETICS FACTORY,beautyandperfumeintl.com,+8617660977750,1291095737@qq.com,"No,15 Changjiangzhong RD. Pingdu, 266700, QINGDAO, China",China,PINGDU EYELASH BEAUTY COSMETICS FACTORY,D41,,QINGDAO,
Pink Frogs Cosmetics S.r.l. Società Benefit,pinkfrogs.it,+3928257820,storni@pinkfrogs.it,"Viale Toscana 46, 20089, Rozzano, Italy",Italy,Pink Frogs Cosmetics S.r.l. Società Benefit,B26,"Since 1979, Pink Frogs Cosmetics has been developing and producing cutting-edge and effective cosmetic products, paying particular...",Rozzano,
Pinton Smooth Industria E Comercio De Cosmeticos LTDA,,+55183324-4699,ahmad@jozianco.com,"Rua Luis Nobile 644, 19804-210, Assis, Brazil",Brazil,Pinton Smooth Industria E Comercio De Cosmeticos LTDA,H17,,Assis,
"PK Productgroup Co., Ltd.",pkproductgroup.co.th,+66889917855,pkproductgroup@gmail.com,"10520, 10520, Bangkok, Thailand",Thailand,"PK Productgroup Co., Ltd.","B33, C34","PK PRODUCTGROUP COMPANY LIMITED, THAILAND Owner of SORIKO • YURIKO • HERBLYCreate Your Own Brand | Full-Service OEM/ODM Cosmetic...",Bangkok,
PKB,pkb.fr,+33232286259,,"1 route d’Orléans, 27930, ANGERVILLE LA CAMPAGNE, France",France,PKB,E27,,ANGERVILLE LA CAMPAGNE,
"Pland Co, Ltd.",pland-pure.com,+8210-3381-4130,sun1590@hanmail.net,"16-4, 16beon-gil, 1-1813,, 17015, Gyeonggi-do, Korea, the Republic of (South)","Korea, the Republic of (South)","Pland Co, Ltd.",D20,We believe that our continuous innovation and challenges are the key to meeting your diverse and unique needs.We have continuously...,Gyeonggi-do,
POD Inc.,,+816-6152-8408,info@rapport-inc.jp,"4-1-45 Miyahara, 532-0003, Yodogawa-ku, Osaka-shi, Japan",Japan,POD Inc.,B10,,"Yodogawa-ku, Osaka-shi",
Pond Group,,,hkim@allgrace.co.kr,"4-5 Hakdong-ro 17-gil Gangnam-gu, Seoul, Korea, the Republic of (South)","Korea, the Republic of (South)",Pond Group,H27,,Seoul,
poonia brothers,,,,Pakistan,Pakistan,poonia brothers,H26,,,
PRAGATI AROMA GLOBAL PRIVATE LIMITED,,+912245804331,alokgoyal@gmail.com,"Andheri Kurla Road Ofc no 303, 400059, Mumbai, India",India,PRAGATI AROMA GLOBAL PRIVATE LIMITED,D42,,Mumbai,
Pragati Glass & Industries Private Limited,pragatiglass.com,+912241137000,ashishgupta@pggulf.com,"Opp. Fire Brigade, SV Road, 400058, Mumbai, India",India,Pragati Glass & Industries Private Limited,B12,Greetings from Pragati Glass & Industries Pvt Ltd.! We find utmost pleasure in introducing ourselves as one of the leading...,Mumbai,
Precision Valve (Thailand) LTD.,precisionglobal.com,+6638959440,daniel.gerson@precisionglobal.com,"/14 Moo 1 Tambal Tasit 300, 21140, Tayong, Thailand",Thailand,Precision Valve (Thailand) LTD.,I11,,Tayong,
Premier Cosmetic & Toiletories Industries (LLC),skcosmetics.ae,+97148855588,k.viral@sterling.ae,"40741, United Arab Emirates",United Arab Emirates,Premier Cosmetic & Toiletories Industries (LLC),D12,"At COSMO COSMETICS, care meets convenience. Since its inception in 2008, COSMO has carved a reputation in the world of Cosmetics...",,
"PRIMORIS INTERNATIONAL CO., LTD.",primorisintl.com,+822-2137-2275,,"752, Eonju-ro, 06050, Seoul, Korea, the Republic of (South)","Korea, the Republic of (South)","PRIMORIS INTERNATIONAL CO., LTD.",E31,,Seoul,
Prodigia,prodigia-cosmetics.com,+212664-216816,,"Lotissement Yassine N°32, Quartier Lissasfa, 20100, Casablanca, Morocco",Morocco,Prodigia,A23,,Casablanca,
"Promixer Technology Co., Limited",pmpromixer.cn,+862031235989,davidmixer@foxmail.com,"Des Voeux Road Central 130-132, Hong Kong",Hong Kong,"Promixer Technology Co., Limited",E38,"P&M Promixer is a professional machinery company specialized in producing vacuum emulisyifying mixer, liquid washing mixer...",,
PT Aroma Prima Livindo,livindo.com,+62859-4010-15986,export.livindo@gmail.com,"Kawasan Graha Balaraja Industrial Estate Kecamatan, Balaraja Blok B2, 15610, Jakarta, Indonesia",Indonesia,PT Aroma Prima Livindo,C32,"PT Aroma Prima Livindo is a fast-growing Indonesian consumer goods company specializing in perfumery, personal care, and...",Jakarta,
PT Bintang Mas Triyasa,,+62822-2038-9748,tri@eyelashesworld.com,"Mewek RT 02 RW 03, 53371, Jawa Tengah, Indonesia",Indonesia,PT Bintang Mas Triyasa,C30,"For over 17 years, EyelashesWorld has partnered with beauty brands worldwide to transform market trends into successful false...",Jawa Tengah,
PT DAMAI KARYA ABADI,,+6229382600,anil@dka.asia,"JL. Raya Boulevard Barat, 14240, Jakarta, Indonesia",Indonesia,PT DAMAI KARYA ABADI,A12,Damai Karya Abadi is a well-established and reputable international wholesaler and distributor of fast-moving consumer goods...,Jakarta,
PT FCL Internasional Indonesia,,+6221339502237,1179115311@qq.com,"Tanjung Duren Selatan, 11470, Jakarta, Indonesia",Indonesia,PT FCL Internasional Indonesia,D37,We are a professional beauty brand dedicated to developing trendy and user-friendly color cosmetics. Focusing on facial...,Jakarta,
PT Jiuli Cosmetic Indonesia,skcosmetics.ae,+62813-1661-4210,ptyessan@yeah.net,"Cengkareng Timur, 11730, JI City, Indonesia",Indonesia,PT Jiuli Cosmetic Indonesia,B35,Jiuli Cosmetics is a professional cosmetics manufacturer specializing in color cosmetics and skincare. The internal R&D...,JI City,
PT Mirael Global Mangala,mirael.co.id,+62811-8604-440,marketing@mirael.co.id,"Boulevard. Kel. Gondrong, Kec. No. 92, 15147, Banten, Indonesia",Indonesia,PT Mirael Global Mangala,C28A,"MIRAEL — INDONESIA’S NO. 1 SUGAR WAX BRAND From Indonesia to the World Trusted by millions across Indonesia, Mirael has...",Banten,
PT Priskila Prima Makmur,priskila.com,+62815-9632-300,evan.anthony@priskila.com,"Cengkareng Business City, JI Atang Sanjaya, 15125, Tangerang, Indonesia",Indonesia,PT Priskila Prima Makmur,C20,"Priskila Prima Makmur, PT. is one of Indonesia’s Leading Manufacturers and Distributors specializing in Perfumes & Fragrances...",Tangerang,
PT Sensatia Botanicals,sensatia.com,+62812-3613-3648,sales@sensatia.com,"Jalan Pantai Jasri No 720, 80813, Bali, Indonesia",Indonesia,PT Sensatia Botanicals,C36,"Founded in 2000 in Indonesia, Sensatia is a manufacturing company dedicated to Clean Botanical Skincare, offering a range...",Bali,
PT Sparindo Mustika,sparindo-mustika.com,+62812-1381-145,roviana@sparindo-mustika.com,"Puri Lingkar Dalam T 8 Selatan, Kec. Kembangan, Kota Adm 15Th Floor, 11610, Jakarta, Indonesia",Indonesia,PT Sparindo Mustika,F10,"Founded in 1988, PT Sparindo Mustika is a consumer product manufacturing company focusing on beauty care and skin care. Sparindo...",Jakarta,
PT Sumber Kosmetika Indah,,+62896-3320-0586,anastasia.jocelyn@ptski.co.id,"Jalan Jalur Sutera Barat No. Kavling 7 - 9, RT.003/RW.006, Alam Sutera 26, 15143, Tangerang, Indonesia",Indonesia,PT Sumber Kosmetika Indah,C34A,"PT Sumber Kosmetika Indah (SKI), established in 2018, is a fast-growing Indonesian personal care company and manufacturer...",Tangerang,
PT VAN AROMA,vanaroma.com,+62218677003,info@vanaroma.com,"RT.4/RW. 4, 16964, Bogor, Indonesia",Indonesia,PT VAN AROMA,F19,"Established in 2006, Van Aroma is an FSSC 22000 certified leader in the production of Indonesian Natural Flavor & Fragrance...",Bogor,
PT Yosephin Global Indonesia,,+62813-9933-2252,jerry@rocketindo.com,"Jalan M.H. Thamrin KAV 10 Desa/Kelurahan Kebon Melati Kec, 10230, Jakarta, Indonesia",Indonesia,PT Yosephin Global Indonesia,C34,"With 9 years of expertise, Rocketindo streamlines market entry for international and local brands in Indonesia. We leverage...",Jakarta,
PT. Sadewi Ardhi Natha,sadewiessential.com,+62821-8888-0399,info@sadewiessential.com,"RT.1/RW.1, Gandaria Utara, Kec. Kby Kota Jakarta Selatan No 14, 12140, Jakarta, Indonesia",Indonesia,PT. Sadewi Ardhi Natha,C34B,"Sadewi is a beauty and wellness brand inspired by the harmony of science, art, and humanity. We create thoughtfully crafted...",Jakarta,
PT. TIRTA KUMALA SARI,,+622169418826,3255363393@qq.com,"JL.Pluit Karang Karya Timur, 14450, Jakarta Utara, Indonesia",Indonesia,PT. TIRTA KUMALA SARI,"G26, A38","PT. TIRTA KUMALA SARI is a brand cosmetics manufacturer focusing on R&D, design, sales and marketing. We have our own factory...",Jakarta Utara,
Pur&Sens,,+21696150172,contact@puretsens.com,"Khafcha, 2091, Ariana, Tunisia",Tunisia,Pur&Sens,G09,"Pur & Sens is a laboratory specializing in the formulation and manufacture of cosmetic products, as well as in contract manufacturing...",Ariana,
PureBeauty,pure-beautyproducts.com,+966506923306,ahmadalou@bashirco.com.sa,"Falasteen, 23343, Jeddah, Saudi Arabia",Saudi Arabia,PureBeauty,G22,"PureBeauty – Natural Radiant Solutions PureBeauty is a Saudi Made brand dedicated to advanced skin and hair care, blending...",Jeddah,
Purex Health Care,,+201009453001,haidyomar@actimed-eg.com,"Moltqa Arabi - Sheraton 57, 00000, Egypt",Egypt,Purex Health Care,D29,,,
PVM PARFUMS DMCC,sterlingparfums.com,+971504925868,,"Jumeirah Bay Tower X2 4006, Dubai, United Arab Emirates",United Arab Emirates,PVM PARFUMS DMCC,A11,"About Us Founded in 1980, Royal Mirage Parfums has been crafting high-quality fragrances for 45 years. The brand was born...",Dubai,
"Pyunkang Korean Medicine Skin Laboratory Co., Ltd",skin1004.com,,cjh@grunamu.com,"-gil, Dasa-eup 174, 42918, Daegu, Korea, the Republic of (South)","Korea, the Republic of (South)","Pyunkang Korean Medicine Skin Laboratory Co., Ltd",B26,Pyunkang Yul is a Korean brand combining traditional medicine with modern dermatology. It believes in value-driven products...,Daegu,
QALAT ALFAKAHMA PERFUMES TRADING L.L.C,khadlaj-perfumes.com,,alnamer1000@hotmail.com,"Diera, 92398, Dubai, United Arab Emirates",United Arab Emirates,QALAT ALFAKAHMA PERFUMES TRADING L.L.C,F09,"QALAT AL FAKHAMH PERFUMES is a family-run business steeped in rich Emirati heritage, now proudly in its 3rd generation. We...",Dubai,
"Qingdao Dechuang Zhengshang E-business Co., Ltd.",,+8613969698590,sue@decreating.com,"Anshan 1st Road, 5-1, Qingdao City,, China",China,"Qingdao Dechuang Zhengshang E-business Co., Ltd.",B43,"With over 12 years of experience as an export-oriented eyelash factory, we have served more than 100 professional clients...","Qingdao City,",
"Qingdao Deeplove Eyelash Beauty Co.,Ltd.",beautyandperfumeintl.com,+8615092202205,amy@heartgirleyelash.com,"No. 61, Central Street, Houmalan Village,, 266700, Qingdao, China",China,"Qingdao Deeplove Eyelash Beauty Co.,Ltd.",D35,,Qingdao,
"Qingdao Huanxi Homeware Co., Ltd",wa.me,+8618153217520,rosanny@xintepack.com,"No.6, Changcheng South Road, 266109, Qingdao, China",China,"Qingdao Huanxi Homeware Co., Ltd",G38,"Huanxi Homeware has been established for 18 years, is a professional supplier of perfume and cosmetic and fragrance packages...",Qingdao,
"QingDao MeiXuan Arts&Crafts Co.,Ltd",,+868613780635329,13791937799@163.com,"No. 41, Xiying Village, Pingdu, China",China,"QingDao MeiXuan Arts&Crafts Co.,Ltd",F36,"Qingdao Meixuan Craftwork Co., Ltd. is located in JiudianTown, Pingdu City, Qingdao, which is the production base of...",Pingdu,
"Qingdao O Fly Hair Products Co., Ltd.",oflybeauty.en.alibaba.com,+8615588641938,info@oflyhair.com,"Zhonghai International 2207th, Qingdao, China",China,"Qingdao O Fly Hair Products Co., Ltd.",F27,"Qingdao Ofly Hair Products Co.ltd is a professional international hair products supplier based in Qingdao, Shandong Province...",Qingdao,
"Qingdao Praise Forever Trading Co.,Ltd",,+868615244298566,calebcui@praiseforever.com,"Tonghe Road, Qimgdao, China",China,"Qingdao Praise Forever Trading Co.,Ltd",I14,,Qimgdao,
"Qingdao Sevyn Hair Products Co.,ltd",softlonghair.com,+8618553394334,lvliangyanw@126.com,"Room 304, Unit 2, Building 5, Qingdao, China",China,"Qingdao Sevyn Hair Products Co.,ltd",J27,"Our factory is a professional hair supplier for more than 30 years experience, which is specialized in luxury human hair...",Qingdao,
QR Bio-Tech Inc,,+1305-825-5677,molly77793@outlook.com,"Ponderosa Way, 92886, Yorba Linda, United States",United States,QR Bio-Tech Inc,G30,"AOGU QR BIO is a comprehensive personal care enterprise engaged in R&D, manufacturing, sales, after-sales services and service...",Yorba Linda,
Quintessence Fragrances (FZE),abcfragrances.com,,shafi.ibrahim@quintessencegb.com,"SRTI, 2111, Sharjah, United Arab Emirates",United Arab Emirates,Quintessence Fragrances (FZE),F14,"Established in 1982, Quintessence has grown from one dedicated founder mixing fragrances by hand, to a global company with...",Sharjah,
R&D Color SRL,redcolor.it,+390363350963,robertabattarola@redcolor.it,"Via Pagazzano 54, 24047, TREVIGLIO, Italy",Italy,R&D Color SRL,F35,"R&D Color Srl was born in 2007 at the centre of the italian “Makeup Valley” and extends on a total surface of 16,000 mq of...",TREVIGLIO,
Rainbow Beauty M IKE,beautyandperfumeintl.com,+306980600606,panias.st@rainbowbeauty.gr,"PINIOU 4, 133 41, A. Liosia, Greece",Greece,Rainbow Beauty M IKE,B26,"KENZAIA professional brand dedicated to advanced nail care, technical excellence, education, and the continuous development...",A. Liosia,
Rakaa Bioscope Saglik Ticaret Limited Sirketi,rakaapack.com,+902123956382,baran@rakaatrading.com,"No: 6, Çiçek Street, Küçükbakkalköy Neighborhood,, 34758, Istanbul, Türkiye",Türkiye,Rakaa Bioscope Saglik Ticaret Limited Sirketi,B19,"As a dynamic player in Turkey’s thriving plastics manufacturing sector, Rakaa Sağlık ve İnovasyon Ltd. Şti. is dedicated...",Istanbul,
Rakesh Sandal Industries,rakeshin.com,+915122563930,info@rakeshin.com,", Azad Nagar 25, 208002, Kanpur, India",India,Rakesh Sandal Industries,B42,"We are Pioneer Manufacturer & Exporter of Natural Essential Oils, Spice Oils, Aromatherapy Oils, Carrier Oils, Indian Perfumes...",Kanpur,
Ramsons Perfumes Private Limited,khadlaj-perfumes.com,+919320201530,jpp@ramsonsperfumes.com,"Dombivli East A-178, 421506, Maharashtra, India",India,Ramsons Perfumes Private Limited,C17,"Ramsons is a leading brand in the Indian perfumery industry, renowned for its finely crafted fragrances that blend luxury...",Maharashtra,
Rapport Cosmetic,skcosmetics.ae,+8210-7171-3158,honeybang87@gmail.com,"A-743,202, Dasanjigeum-ro, Namyangju-si,, Gyeonggi-do, Korea, the Republic of (South)","Korea, the Republic of (South)",Rapport Cosmetic,E13,,Gyeonggi-do,
Rasasi Perfumes Manufacturing LLC,khadlaj-perfumes.com,+97148365900,maheshk@rasasiperfumes.ae,"16878, United Arab Emirates",United Arab Emirates,Rasasi Perfumes Manufacturing LLC,"C22, C16",Discover the Art of Perfumery with Rasasi Rasasi Perfumes was founded in 1979 and its perfumery journey spans over four...,,
Rava Royal Cosmeticts Trading L.L.C,,+971552297234,ravabeautyco@gmail.com,"231381, 231381, Dubai, United Arab Emirates",United Arab Emirates,Rava Royal Cosmeticts Trading L.L.C,,"Rava Royal cosmetics trading LLC, operating under the WINLASH trademark, began its journey in the beauty and personal care...",Dubai,
Ravetllat Aromatics S.L.,ravetllat.com,+34933450137,communications@ravetllat.com,"Avinguda Arraona, 08210, Barcelona, Spain",Spain,Ravetllat Aromatics S.L.,,"Founded in Barcelona in 1932, Ravetllat Aromatics is one of Europe’s oldest independent fragrance manufacturers, creating...",Barcelona,
RBB by Gimap SRL,gimap.com,+39341818000,chicco@gimap.com,"Viale Vittorio Veneto, 20124, Milan, Italy",Italy,RBB by Gimap SRL,F11,Rbb by GIMAP is a company manufacturer from Italy for all kind of scissors from Manicure to Barber scissors. Rbb by GIMAP...,Milan,
RD Surgical LTD,,+442037697381,info@rndsurgical.com,"Copperfield Road, CV2 4AQ, Coventry, West Midlands, Great Britain and Northern Ireland",Great Britain and Northern Ireland,RD Surgical LTD,F10,"RD SURGICAL LTD. is an innovative UK-based company dedicated to the design, manufacture, and distribution of high-quality...","Coventry, West Midlands",
Real Oud Factory LLC,,+971501009002,ahmadawad1@yahoo.com,"Warsan 1, Dubai, United Arab Emirates",United Arab Emirates,Real Oud Factory LLC,D35,,Dubai,
Red Bio Company,redbiocp.com,+822-6914-6680,info@redbiocp.com,"B-1002,1003,1004, 43, Iljik-ro,, Gyeonggi-do, Korea, the Republic of (South)","Korea, the Republic of (South)",Red Bio Company,H36,RED BIO COMPANY respects women's desire for beauty and specializes in the development and sale of cosmetic products for women...,Gyeonggi-do,
"Remay Technology Co., Limited",,,noemail@noemail.com,"300 Lockhart Road, Hong Kong, Hong Kong",Hong Kong,"Remay Technology Co., Limited",D13,,Hong Kong,
RETURNU,returnu.com,+82707607811,wfrom@wfrom.co.kr,"#402, 144, Gwangnaru-ro, Seongdong-gu,, Seoul, Korea, the Republic of (South)","Korea, the Republic of (South)",RETURNU,A20,"Where Your Skin's Potential Returns Inspired by Korean medicinal botanicals used for centuries, RETURNU creates skincare...",Seoul,
REVCELL,revcell.co.kr,+8210-3053-9330,mj.kim@cosmoreplus.com,"Songpa-gu, 05601, Seou, Korea, the Republic of (South)","Korea, the Republic of (South)",REVCELL,H44,"Revcell is a derma-cosmeceutical brand designed to improve skin condition, barrier strength, and healthy glow. With more...",Seou,
Reventus International FZE,reventusinternational.com,+97142953740,rupkaur_2005@yahoo.com,"Damascus Street, Dubai Airport Free Zone, Dubai, United Arab Emirates",United Arab Emirates,Reventus International FZE,D22,"We Reventus are Involved in Import and distribution of FMCG products through wholesales , supermarket and A class outlets...",Dubai,
Revlon,,+97165739392,accounts@xyz.ae,"Buhairah Corniche, Sharjah, United Arab Emirates",United Arab Emirates,Revlon,,"REVLON PROFESSIONAL® offers a broad and innovative portfolio of professional products to answer all hairdressers’ needs, developed...",Sharjah,
RFY Packaging (HK) Co. Ltd,dgrfy.com,+85295065427,rfy_sales802@dgrfy.com,"Hau Fook St 3, Tsim Sha Tsui, Hong Kong",Hong Kong,RFY Packaging (HK) Co. Ltd,E28,"RFY Packaging (H.K.) Co., Limited(RFY), established in 2004, is a leading packaging solution provider. As a professional...",Tsim Sha Tsui,
Rich Nails Lashes E.E.,richnailslashes.gr,+306980756050,nataly@richnailslashes.gr,"DIMITRAKOPOULOU 98, 176 76, Athens, Greece",Greece,Rich Nails Lashes E.E.,D28,,Athens,
RIIFFS PARFUMS (FZE),sterlingparfums.com,+918983724487,rakesh@ffperfumes.com,"SAIF Zone Airport International Free Zone, Sharjah, United Arab Emirates",United Arab Emirates,RIIFFS PARFUMS (FZE),,"RiiFFS & NUSUK — Proudly Owned by The Al Fakhar Group Founded in 1925, The Al Fakhar Group stands as a 100-year legacy of...",Sharjah,
Rising Sun Aromas and Spirituals Private Limited,,+919810288000,pooja@risingsun.in,"Noida, 201301, New Delhi, India",India,Rising Sun Aromas and Spirituals Private Limited,H10,Rising Sun ASPL Nature. Science. Innovation. Manufacturing Excellence. Rising Sun Aromas & Spirituals Pvt. Ltd. (Rising Sun...,New Delhi,
RLAP Inc.,,+8210-2120-0504,sunjoon.park@rovectin.co.kr,"Gangnam-gu, Seoul, Korea, the Republic of (South)","Korea, the Republic of (South)",RLAP Inc.,A39,"Reverti, Rovectin Rovectin comes from the Latin word “Reverti”, meaning “to go back to where it was.”We focus on restoring...",Seoul,
RMB INDUSTRIAL LIMITED,,+8613386633529,reena@rmbindustrial.com,"BLOCK 20 NO 818 QIMING RD., 315104, NINGBO, China",China,RMB INDUSTRIAL LIMITED,C42,,NINGBO,
Robertet Group,robertet.com,+97145639207,wanessa.abdellani@robertet.com,", Ave. Sidi-Brahim 37, 06130, Grasse, France",France,Robertet Group,C26,"With its 175-year history, the Robertet Group is a pillar in the world of flavors, fragrances and natural ingredients. Founded...",Grasse,
Rohe Waren NL B.V.,rohe-waren.com,+31628737441,amer@rohe-waren.com,"J. P. Coenstraat, 2592 WP, Gravenhage, Netherlands",Netherlands,Rohe Waren NL B.V.,D26,Global Manufacturer and Exporter of Premium Packaging Solutions. ROHE WAREN is a group of companies and factories located...,Gravenhage,
ROJUKISS,,+8282220887659,aiden@eyesomekorea.co.kr,"Beobwon-ro 1412, 127, Seoul, Korea, the Republic of (South)","Korea, the Republic of (South)",ROJUKISS,"D11, D11",,Seoul,
"ROK Co., Ltd.",,+8210-5619-2239,global_sales@rokcorp.co.kr,"Hanjeol-gil Jeollabuk-do 67-29, Jenjou, Korea, the Republic of (South)","Korea, the Republic of (South)","ROK Co., Ltd.","E37, E37","We are not merely a cosmetics company we strive to understand the skin, embrace emotions,and create products that make everyday...",Jenjou,
ROLANDA,rolanda.com,+33610191745,omarbarbarji@gmail.com,"Avenue des Frères lumières 928, 30100, ALES, France",France,ROLANDA,E15,,ALES,
Romessence,,+33660669503,marketing@romessence.com,"ZI Argile 5, 06370, Mouans-Sartoux, France",France,Romessence,D12,Romessence is a family company located on the famous French Riviera. We take pride in supporting your project from the beginning...,Mouans-Sartoux,
Ronak Exim Private Limited,,+919104829430,ibd@iconalondon.com,"B/HGandigate Police Station, 390001, Vadodara, India",India,Ronak Exim Private Limited,A42,"We are Ronak Group of Companies, Established in the year 1976, dealing with various Business Segments Such as Pharmaceutical...",Vadodara,
Rooj Perfumes And Cosmetics Manufacturing L.L.C.,roojfactory.com,+97165299625,adbullah@morooj-co.com,"Authority Industrial Umm Al Quwain Al Ittihad, Umm Dearaa Plot No 22, Umm Al Quwain, United Arab Emirates",United Arab Emirates,Rooj Perfumes And Cosmetics Manufacturing L.L.C.,G42,Rooj Perfumes and Cosmetics Manufacturing L.L.C. is a UAE-based manufacturer specializing in perfumes and cosmetics. We are...,Umm Al Quwain,
ROOSH PERFUMES INDUSTRY L.L.C,khadlaj-perfumes.com,+97142298002,s.qudmani@rooshperfumes.com,"Deira, Dubai, United Arab Emirates",United Arab Emirates,ROOSH PERFUMES INDUSTRY L.L.C,E11,The Art of Subtle Presence ROOSH is a premium fragrance house dedicated to the art of minimalist luxury. We create scents...,Dubai,
Royal Exports,,+919322229167,samitsheth74@gmail.com,"Tejpal Road Near Railway Crossing, Vile Parle (E) 701, 400057, Mumbai, India",India,Royal Exports,B13,Royal Exports is a Manufacturing and Exporting company in Personal Care and Cosmetics company since 2001 . We are a One Star...,Mumbai,
Royal Metals Industries,royalmetals.in,+918530000862,info@royalmetals.in,"Morbi Khijadiya Road, 363650, Tankara, India",India,Royal Metals Industries,H35,ROYAL METAL'S Certified Aluminium Bottles made from Virgin Aluminium Which make the Containers suitable for Packaging Essential...,Tankara,
Royal Orchid Perfumes Industry LLC,khadlaj-perfumes.com,+971971555570180,royalorchidperfumes@gmail.com,"Beruit No. 5, Ajman, United Arab Emirates",United Arab Emirates,Royal Orchid Perfumes Industry LLC,H35,Royal Orchid Perfumes Industry is a pioneering name in the world of fine fragrance creation and manufacturing. Guided by...,Ajman,
Royal Rose Cosmetics Trading LLC,skcosmetics.ae,+971526791323,halasawda@hotmail.com,"Wholesales Plaza, Dubai, United Arab Emirates",United Arab Emirates,Royal Rose Cosmetics Trading LLC,A20,WARDA BEAUTY is a dynamic and innovative company dedicated to redefining the standards of beauty and wellness. With a commitment...,Dubai,
RSH Global Pvt. Ltd.,rshglobal.com,+913340167300,shimul.mallick@rshglobal.com,"Park Street 119, 700016, Kolkata, India",India,RSH Global Pvt. Ltd.,G28,What makes you beautiful?We get to hear different definitions to the question from people belonging to varying ethnicities...,Kolkata,
Rut Hair,ruthair.co.kr,+8210-9137-9713,ntough@elwide.com,"16, Eulji-ro, Jung-gu, Seoul, Korea, the Republic of (South)","Korea, the Republic of (South)",Rut Hair,C16,"Founded in 2022, Rut Hair is a high-performance scalp hair care brand built on safe, science-backed formulations. The brand...",Seoul,
"RX Industrial Co., Limited",rx-industrial.com,+8613590425904,bill@rx-packaging.com,"253-261 Hennessy Road, Hong Kong, Hong Kong",Hong Kong,"RX Industrial Co., Limited",F38,"RX INDUSTRIAL CO.,LIMITED was found in 2006. We specialize in high quality various paper products, including: gift boxes...",Hong Kong,
"Ryan Beauty Co., Ltd",beautyandperfumeintl.com,+8270-5001-0684,bouchra@ryanbeauty.kr,"F, 34 nonhyeon-ro 159-gil, Gangnam-gu 2, 06029, Seoul, Korea, the Republic of (South)","Korea, the Republic of (South)","Ryan Beauty Co., Ltd",D26,"Ryan Beauty is a global distributor specializing in Korean cosmetics and beauty products, exporting more than 50 Korean brands...",Seoul,
S K FOR PERFUMES & COSMETICS TRADING CO. L.L.C,skcosmetics.me,+97143887334,saleemkobal@skcosmetics.me,"Aba Ave., 26th St. Al Quoz Industrial 2 WHouse 28, Dubai, United Arab Emirates",United Arab Emirates,S K FOR PERFUMES & COSMETICS TRADING CO. L.L.C,A25,,Dubai,
S.L.S FORTUNE PLASTIC WORKS LTD,,+8676087131989,ty1@fortuneplasticworks.com,Hong Kong,Hong Kong,S.L.S FORTUNE PLASTIC WORKS LTD,K21,"We are specializing in production of plastic packaging for cosmetics, We provide you with a full range of cosmetic packaging...",,
S9FT TECH SDN. BHD,,+6017-5565253,genevive302@gmail.com,"Tanjung Point LOT508-2-1, 10470, Pulau Pinang, Malaysia",Malaysia,S9FT TECH SDN. BHD,"G37, A20","Weiyesi Daily Chemical was founded in 2004. After years of joint efforts by all staff, we have grown into a large-scale perfume...",Pulau Pinang,
Sabai Secret Co. Ltd.,,+66652516446,info@tumnanthai.com,"Samaedam, 10150, Bangkok, Thailand",Thailand,Sabai Secret Co. Ltd.,B10,"SABAI SECRET CO., LTD. Established in 2008 by a professional herbalist, biotechnologist and healthcare specialists, SABAI...",Bangkok,
Sacheerome Ltd.,sacheerome.com,+911147311111,info@sacheerome.com,"F-89/4/2, Okhla Industrial Area Phase-1, 110020, New Delhi, India",India,Sacheerome Ltd.,,Sacheerome is a globally represented - Innovative Creative House in Fragrances and Flavours - with a strong & growing presence...,New Delhi,
Saeshin Precision Co. Ltd.,saeshin.com,+8253-580-0947,traus@saeshin.com,"Sechean - 1-0 1 Gil Dasa-oup 52, 42645, Daisoongun, Dae-Gu, Korea, the Republic of (South)","Korea, the Republic of (South)",Saeshin Precision Co. Ltd.,B16,Discover Saeshin’s Professional Nail Solutions Saeshin is a leading manufacturer of high-performance professional nail equipment...,"Daisoongun, Dae-Gu",
Saeyang Co. Ltd.,saeyang.com,+8253-582-9001,marathon@saeyang.com,", Seongseo-Ro 348, 42697, Daegu, Korea, the Republic of (South)","Korea, the Republic of (South)",Saeyang Co. Ltd.,B21,"Saeyang Co., Ltd. is a leading manufacturer of professional micromotor handpieces and nail drill systems with over 50 years...",Daegu,
Saleel Perfumes Trading LLC,khadlaj-perfumes.com,+97143588800,,"125732, United Arab Emirates",United Arab Emirates,Saleel Perfumes Trading LLC,E23,"Welcome to Saleel Perfumes, where exquisite fragrances meet unmatched sophistication. Established in 2006, Saleel Perfumes...",,
Salon Commodities Inc,,+1708-766-9022,mjones@avlon.com,"N. 15th Avenue 1999, 60160, Melrose Park, United States",United States,Salon Commodities Inc,C35,"As I Am is dedicated to the celebration and care of natural curly hair. Founded by Dr. Ali N. Syed, a chemist with over 40...",Melrose Park,
Sami - Sabinsa Group Limited,sami-sabinsagroup.com,+918068527777,shashidhara@sami-sabinsagroup.com,"Peenya Industrial Area, 560058, Bengaluru, India",India,Sami - Sabinsa Group Limited,G19,,Bengaluru,
Sandra Packaging Kft,,+3618869552,office@medcom-group.com,"Jaszberenyi, 1106, Budapest, Hungary",Hungary,Sandra Packaging Kft,L36,,Budapest,
"Sanjiang Packaging Manufacturer CO.,LTD",,+8613713230558,sales07@sanjiangcn.com,"No.52, Jinshi Road, Xiangxi Industrial, 523408, Dongguan, China",China,"Sanjiang Packaging Manufacturer CO.,LTD",H36,,Dongguan,
SANTIS,santis-co.com,+2125225-04955,santis@santis-co.com,"7, Rue Abou Ghaleb Chiani, 20100, Casablanca, Morocco",Morocco,SANTIS,,"SANTIS has been established since 1990 and is a well-known producer of Natural Essential Oils, Absolutes, Resinoids and...",Casablanca,
Sarathi International Inc.,sarathi.com,+918042544254,mail@sarathi.com,"3D Main Road, J P Nagar 1st Phase 13, 560078, Bangalore, India",India,Sarathi International Inc.,G10,"Incense for the Soul Sarathi Group is a manufacturer and exporter of premier quality incense sticks, cones, burners, and...",Bangalore,
SARL Only Fragrances,only-fragrances.com,+33671404625,p.gas@only-fragrances.com,"720 Ave. De La Quiera, Zone Industrielle de l'Argile Secteur 7, 06370, Mouans Sartoux, France",France,SARL Only Fragrances,J09,,Mouans Sartoux,
SAV LOGISTICK SARL,,+33646927183,nabil@maisonelnabil.com,"Place Du 11 Novembre 1918 7, 93000, Bobigny, France",France,SAV LOGISTICK SARL,E16,"Founded nearly 20 years ago in France, Maison El Nabil has become a symbol of affordable luxury, blending French expertise...",Bobigny,
Sawai Fragrances,sawaifragrances.com,+91559769146,admin@sawaifragrances.com,"Special Economic Zone, 394230, Surat, India",India,Sawai Fragrances,E19,,Surat,
Sawaya International LLC,wa.me,+97143799939,fsawaya@sawaya-intl.com,"121056, United Arab Emirates",United Arab Emirates,Sawaya International LLC,"A40, B40",Sawaya International LLC Sawaya International LLC invites you to join us for another year of beauty innovation at Hall 5...,,
SB Cosmetics,skcosmetics.ae,+8210-8936-3027,global@selfbeauty.com,"11 Beopwon-ro 11-giL Songpa-gu, Seoul, Korea, the Republic of (South)","Korea, the Republic of (South)",SB Cosmetics,C20,SB COSMETICS SB Cosmetics is a K-Beauty cosmetic house rapidly expanding into global markets based on proven product quality...,Seoul,
SB Impex Pvt Ltd,,+923006669180,babar_hussain71@yahoo.com,"Faisalabad, 38000, Faisalabad, Pakistan",Pakistan,SB Impex Pvt Ltd,H28,"We, SB Group of companies established 2008, are a manfacturer to produce not only SKINCARE products but also Color & Makeup...",Faisalabad,
Scentis Sarl,scentis.fr,+337892357048,jal@scentis.fr,"Allee des Parfums, 06530, Saint Cezaire sur Siagne, France",France,Scentis Sarl,,"Scentis is specialized printing company for perfumers and laboratories, producing customized supports with care for the most...",Saint Cezaire sur Siagne,
"Scentseum Co., Ltd.",scentseum.com,+8210-9249-1076,scentseum@gmail.com,"218 Hyangdong-ro Deogyang-gu, Gyang-si, 10545, Gyeonggi-do,, Korea, the Republic of (South)","Korea, the Republic of (South)","Scentseum Co., Ltd.",B46,"Scentseum, a portmanteau of “Scent” and “Museum” is a Korean perfume brand on thephilosophy of delivering “the ultimate sensory...","Gyeonggi-do,",
Scion International FZCO,scionintl.com,+97165352066,,"5551, United Arab Emirates",United Arab Emirates,Scion International FZCO,G23,"Scion International LLC has been well-known as one of the world’s largest manufacturers in the segment of Fragrance, Personal...",,
Sedra Group for Fragrance Co.,sedraperfumes.com,+96565901011,mjohar@sedraperfumes.com,"Free Trade Zone, Block 1, 13075, Kuwait, Kuwait",Kuwait,Sedra Group for Fragrance Co.,E15,"Sedra Perfumes is a Kuwait based luxury fragrance house that blends Middle Eastern richness with modern, international design...",Kuwait,
Selen Kozmetik Anonim Sirketi,selenkozmetik.com,+902128300906,arzukaraagac@selenkozmetik.com,"Sok No. 2 D:47 Maslak 42 Sariyer, 34398, Istanbul, Türkiye",Türkiye,Selen Kozmetik Anonim Sirketi,H26,Urban Care – Vegan Haircare for Modern Life Urban Care is a vegan and cruelty-free haircare brand created by Selen Kozmetik...,Istanbul,
Sellion Cosmetics Trading LLC,skcosmetics.ae,+971569296868,silvia_kim@sina.com,"40990, United Arab Emirates",United Arab Emirates,Sellion Cosmetics Trading LLC,B19,"As the UAE’s newest luxury perfume featuring authentic Arabic fragrances, Kenrio embodies harmony and kindness. It is undoubtedly...",,
Seluz Kimya Kozmetik Ticaret Ve Sanayi Anonim Sirketi,seluz.com,+902127343636,export@seluz.com,"Selimpasa Yeni San. Bol. 6043 Sk., 34570, Istanbul, Türkiye",Türkiye,Seluz Kimya Kozmetik Ticaret Ve Sanayi Anonim Sirketi,I26,"Bridging East and West both physically and culturally, we bring the most special fragrances & flavors to life, inspired by...",Istanbul,
SengCze Sp Zo.o,,+48889908731,office@mu-architec.com,"ul. Dzika 122 kod. poczta Radom, 26-610, Radom, Poland",Poland,SengCze Sp Zo.o,A18,,Radom,
Seoul Business Agency,,+8210-2067-6518,geewon@sba.seoul.kr,"29, Gonghang-daero 61-gil 301, 07563, Seoul, Korea, the Republic of (South)","Korea, the Republic of (South)",Seoul Business Agency,D17,"(SEOUL BUSINESS AGENCY) SBA is a public organization funded and invested by the Seoul Metropolitan Government, with the...",Seoul,
Seraphic Products,seraphicproducts.com,+919833990975,seraphicproducts1@gmail.com,"Meghwadi, 400060, Mumbai, India",India,Seraphic Products,G09,"Manufacturer & Supplier of Perfume Ethanol and Cosmetics Raw Material. We have different grades of Perfume Ethanol, Molasses...",Mumbai,
Serena Beauty Company,beautyandperfumeintl.com,+966558906700,kikoitalybeauty1@gmail.com,"Maan Ibn Zaedah 7637, 12692, Riyadh, Saudi Arabia",Saudi Arabia,Serena Beauty Company,A21,,Riyadh,
Sevich International Inc.,,+1213-682-7256,sevichofficialusa@gmail.com,"S Fiddlers Green Circle 6400, 80111, Greenwood Village, United States",United States,Sevich International Inc.,E28,"SEVICH has built a full-link international quality control systemcovering R&D,production, testing and shipment, strictly...",Greenwood Village,
SFA NEROLI SAS,,+33688871782,corinne.bouvard@sfa-romani.com,"Allee des Aromes 221, 06530, St Cezaire Sur Siagne, France",France,SFA NEROLI SAS,F20,"SFA NEROLI carries forward the rich heritage of French perfumery, rooted in the Pays de Grasse tradition and proudly bearing...",St Cezaire Sur Siagne,
Shaan Honq Int'l Cosmetics Corp.,beautyandperfumeintl.com,+88672240011,liliya@shaanhonq.com.tw,"Zhongzheng 3rd Road, 800307, Kaohsiung, Taiwan",Taiwan,Shaan Honq Int'l Cosmetics Corp.,D16,"SH-RD Beauty Corp. is located in the United State and belongs to the SHAAN HONQ Group, as theleading role in professional...",Kaohsiung,
Shaheen Cosmetics Pvt. Ltd.,skcosmetics.ae,+923355333046,abdulwahid8883@gmail.com,"St. 1, Model Town Hayat Abad, 39350, Chichawatni, Pakistan",Pakistan,Shaheen Cosmetics Pvt. Ltd.,D28,,Chichawatni,
Shaikh Mohd Saeed L.L.C,shaikhsaeedgroup.com,+97142264446,shankeresh@shaikhsaeed.com,"Deira, 0000, Dubai, United Arab Emirates",United Arab Emirates,Shaikh Mohd Saeed L.L.C,"A10, B31",Step into the world of Shaikh Mohd Saeed Group a distinguished name in the fragrance industry with a legacy dating back to...,Dubai,
"Shanghai Cosima Packaging Co.,LTD",,+8613901840970,fei.yao@cosimapackaging.com,"No.988 jingtang Road Nanxiang Town, 201802, Shanghai, China",China,"Shanghai Cosima Packaging Co.,LTD",H32,,Shanghai,
"SHANGHAI HUA YANG INDUSTRIAL CO., LTD.",,+8613681711297,david@hygifts.com,"Yunting Debi Yiyuan, 880 Huting Road, 201615, Shanghai, China",China,"SHANGHAI HUA YANG INDUSTRIAL CO., LTD.",B39,,Shanghai,
"Shanghai MIOCO Electrical Appliance Co., LTD.",,+868662255508,fiona@mioco-sh.com,"69 Lishang Road,, Shanghai, China",China,"Shanghai MIOCO Electrical Appliance Co., LTD.",I21,,Shanghai,
"Shanghai Zhize Printing Technology Co,.Ltd",,+8618665225947,linda@zhizepackaginggroup.com,"No.1-4,Lane 1280, ZhuanXing East Road,, 201601, Shanghai, China",China,"Shanghai Zhize Printing Technology Co,.Ltd",C28,"Shanghai Zhize Printing Technology Co., Ltd. is an enterprise integrating industry and trade. Zhize team focuses on customer...",Shanghai,
SHANGPREE,shangpree.com,+8210-3446-4612,sydo@urg.co.kr,"Heolleung-ro 569-gil 21-36, Seoul, Korea, the Republic of (South)","Korea, the Republic of (South)",SHANGPREE,A16,"""36 YEARS OF SPA HERITAGE"" SHANGPREE is a Korean skincare brand that began in 1990 from a single spa bed, growing through...",Seoul,
Shanns Cosmetics & Chemicals Pvt. Ltd.,goldengirlcosmetics.com,+924235778677,goldengirlbeautyshowroom.lhr@gmail.com,"10-Km, Raiwind Rd., 54660, Lahore, Pakistan",Pakistan,Shanns Cosmetics & Chemicals Pvt. Ltd.,B14,,Lahore,
"Shanxi Weiteng Technology Co., Ltd",weitengglass.com,+863597467201,vincentwxb@hotmail.com,"New Materials Industrial Park 4, Yuncheng, China",China,"Shanxi Weiteng Technology Co., Ltd",A12,,Yuncheng,
Shaoxing Jingchuan Packaging Co. Ltd.,xing.com,,nick_zhu@live.cn,"777 Yushun Avenue Cao'e Street, Shangyu Distric, 312300, Shaoxing, China",China,Shaoxing Jingchuan Packaging Co. Ltd.,I31,,Shaoxing,
"Shaoxing Shangyu Hongda Plastics Industry Co.,Ltd",xing.com,+8657582038686,zdj@hongdap.com,"Xiaoyue Street, 312367, Shaoxing, China",China,"Shaoxing Shangyu Hongda Plastics Industry Co.,Ltd",F17,"Hongda Plastics is established on 2003, is a professional roll on ball and deodorant bottle manufacturer for more than 20...",Shaoxing,
"Shaoxing Shangyu Weixiao Cosmetic Packaging Co., Ltd.",xing.com,,764666225@qq.com,"Lingnan Village, Xiaoyue Town Shangyu District, Shaoxing, China",China,"Shaoxing Shangyu Weixiao Cosmetic Packaging Co., Ltd.",K31,,Shaoxing,
Sharjah Airport International Free Zone Authority,saif-zone.com,+97165178116,info@saif-zone.com,"8000, United Arab Emirates",United Arab Emirates,Sharjah Airport International Free Zone Authority,B22,,,
Shea Miracles,,+97165739392,logistic1@nazih.com,"Buhairah Corniche, Sharjah, United Arab Emirates",United Arab Emirates,Shea Miracles,D10,SHEA MIRACLES was inspired by both beauty and benefits of the Shea Butter as well as the strength and dignity of the African...,Sharjah,
"SHENZHEN BAICHANG TECHNOLOGY CO., LTD.",baichangkeji.com,+8675529876366,,"Huifengjing Industrial Park, Beihuan Road, Shajing, 518104, Shenzhen, China",China,"SHENZHEN BAICHANG TECHNOLOGY CO., LTD.",E34,,Shenzhen,
"SHENZHEN BORRIA TECHNOLOGY CO.,LTD",iborria.com,+8619867703008,catherinewang@iborria.com,"Haishan Street, 518000, Shenzhen, China",China,"SHENZHEN BORRIA TECHNOLOGY CO.,LTD",F35,"SHENZHEN BORRIA TECHNOLOGY CO., LTD, is a high-tech enterprise specializing in the research, development, production, and...",Shenzhen,
"Shenzhen First Sail Packaging Design & Production Co., Ltd",,+8618927446479,pofaamy@163.com,"Gang North Road Bantian Street 00, 518129, Shenzhen, China",China,"Shenzhen First Sail Packaging Design & Production Co., Ltd",L35,"Shenzhen First Sail Packaging Design and Production Co., Ltd. is a full-service packaging enterprise. We provide one-stop...",Shenzhen,
"SHENZHEN HUARUIBO ELECTRIC APPLIANCES CO., LTD",,+8613600412127,hina@data-hero.cn,"Dalang Street, Huarong Community 3rd Floor, 518129, Shenzhen, China",China,"SHENZHEN HUARUIBO ELECTRIC APPLIANCES CO., LTD",G33,"Shenzhen Huaruibo Electric Appliances Co., Ltd. is a dedicated provider of beauty devices, specializing in the integration...",Shenzhen,
"Shenzhen XMT Nameplate & Label co., Ltd",xmt-craft.en.alibaba.com,+8675584827339,gary@xmt-craft.com,"Xihutang Street, Pingdi Street 24, Shenzhen, China",China,"Shenzhen XMT Nameplate & Label co., Ltd",J10,"Shenzhen X M T Nameplate & Label Co., Ltd. is a customized manufacturer specializing in producing printed metal labels and...",Shenzhen,
SHP Soap,,+3333787971059,amine.belmeslouhi@shp-soap.com,"Zai Les plaines du Logisson, 41800, Villeneuve, France",France,SHP Soap,"C24, C24",,Villeneuve,
Shuoyi Packaging INC,,+1917-929-6995,package_info@yeah.net,"Veterans Drive, 07647, Northvale, United States",United States,Shuoyi Packaging INC,N37,"Shuoyi Packaging INC, is a manufacturer specialized in the production of daily necessities and cosmetics packaging containers...",Northvale,
Shurfan Modern Factory,,+96626482820,contact@shurfan.com,"Ibn Amrou Nafil, 22766, Jeddah, Saudi Arabia",Saudi Arabia,Shurfan Modern Factory,,"At SHURFAN, we take immense pride in our heritage of more than 60 years in the perfume field. Our passion, creativity, and...",Jeddah,
Shâwelle Australia,shawelle.com,+61433023294,shaza@shawelle.com,"465 Victoria Ave., 2067, Chatswood, Australia",Australia,Shâwelle Australia,G28,"Shâwelle ® is Australia’s first pharmacist-formulated, peptide-driven cellular longevity brand. Three individual Australian...",Chatswood,
SIA GMT,,+37129356534,liga@labrains.lv,"Pulkveža Brieža iela 39,, 1045, Rīga,, Latvia",Latvia,SIA GMT,D05,,"Rīga,",
SIA Lami Cosmetics,skcosmetics.ae,+37122184590,karina@khayalprestige.com,"Rīga, Vīlandes iela 12, 0000, Riga, Latvia",Latvia,SIA Lami Cosmetics,C09,,Riga,
SIA Purenn Group,,+37129206689,export@purenn.com,"Jelgavas nov., Glūdas pag.,, 3040, Glūdas pag., Latvia",Latvia,SIA Purenn Group,D07,"Our mission is to reduce the negative impact on environment, people and animals. The range of PURENN products is - natural...",Glūdas pag.,
"Sici Technical Co., Limited",siciauto.com,+85285868879,sales@siciauto.com,"Harcourt Road 12, Central, Hong Kong",Hong Kong,"Sici Technical Co., Limited",D36,"Our company relying on advanced management, exquisite technology and perfect service has passed ISO9001 quality management...",Central,
"SIEHE Group Co.,Ltd",siehe.com,+8632551660,robin.sun@siehe.com,"No. 168 Taihong Rd. Hongqiao Business Dist., 201107, SHANGHAI, China",China,"SIEHE Group Co.,Ltd",H26,,SHANGHAI,
SIGNATURE LABEL INC.,,+8210-9098-4602,info@signaturelabel.kr,"4B, MARU 180 180, Yeoksam-ro, Seoul, Korea, the Republic of (South)","Korea, the Republic of (South)",SIGNATURE LABEL INC.,C12,"SIGNATURE LABEL INC. introduces ZIGTAG, an innovative Korean skincare brand engineered to deliver high-performance skin solutions...",Seoul,
Silver Pack Global Limited,,+85294515065,terry@violet-antelope.com,"288 Des Voeux Road Central Hong Kong Corp. Unit A, 92821, Hong Kong, Hong Kong",Hong Kong,Silver Pack Global Limited,D18,,Hong Kong,
Simple As One Trading Co. L.L.C,dkhoonemirates.com,+971521994812,mansabnb@gmail.com,"Gharhud Area, Dubai, United Arab Emirates",United Arab Emirates,Simple As One Trading Co. L.L.C,"A12, B22",,Dubai,
"SINA EKATO CHEMICAL MACHINERY CO., LTD(GAOYOU CITY)",,+8618036253605,023@chinasinaekato.com,"Baqiao Industrial Zone, Gaoyou City, Yangzhou City, Jiangsu province, China., 225600, Yangzhou, China",China,"SINA EKATO CHEMICAL MACHINERY CO., LTD(GAOYOU CITY)",C51,We SinaEkato Company is a cosmetic machinery manufacturer since 1990s. Our products can meet various demands of customers...,Yangzhou,
Sina-Ekato Chemical Machinery Co. Ltd.,sinaekato.com,+8618036253605,023@chinasinaekato.com,"she, Xiamao section, Shijing St 15, 510000, Guangzhou, China",China,Sina-Ekato Chemical Machinery Co. Ltd.,C51,"Founded in 1990, Guangzhou SINA EKATO Chemical Machinery Co.,Ltd is a professional cosmetics perfume machine manufacturer...",Guangzhou,
SIORE,,+8210-5422-5273,victoria@pharma-bros.com,"30, Nonhyeon-ro 94-gi Gangnam-gu, Seoul, Korea, the Republic of (South)","Korea, the Republic of (South)",SIORE,D25,"SIORÉ is a Korean skincare brand created by Pharmabros Co., Ltd., a Seoul-based company founded and led by licensed pharmacists...",Seoul,
SIYATE PERFUMES & COSMETICS TRADING L.L.C,khadlaj-perfumes.com,+971585828301,hello@mysiyate.com,"Barsha Heights, Dubai, United Arab Emirates",United Arab Emirates,SIYATE PERFUMES & COSMETICS TRADING L.L.C,L36,"SIYATE is a design-led fragrance house, crafting immersive scent experiences that celebrate memory, culture, art and storytelling...",Dubai,
SJ Nail,,+8282325064141,sales@sjnail.co.kr,"205-1, 206, 1428, Gyeongwon-daero,, 21381, Incheon, Korea, the Republic of (South)","Korea, the Republic of (South)",SJ Nail,C33,"SJ Nail Co., Ltd is one of the Top Nail & Beauty special company in Korea with its premium Nail brand ‘LUPINE’, Foot care...",Incheon,
Skin by Noor,skin1004.com,+1416-587-6668,salma@skinbynoor.com,"2967 Dundas Street West Unit 1008, M6P 1Z2, Toronto, Canada",Canada,Skin by Noor,G22A,"DPP Technologies Inc. is the Canadian company behind Skin by Noor, a luxury skincare brand pioneering the use of date palm...",Toronto,
Skin4Sin Ike,skin4.com,+302102512300,marketing@skin4sin.com,"47 Akropoleos, 121 31, Athens, Greece",Greece,Skin4Sin Ike,F10,"Aesthetic care promotes skin health and a healthy skin is and looks more beautiful! Skin4Sin are innovative, safe, dermatologically...",Athens,
"Skindaum Co., Ltd.",,+8231-967-0040,younggo@skindaum.com,"-25, NAEHYANG-RO, JEONGNAM-MYEON 240, 18523, HWASEONG-SI, Korea, the Republic of (South)","Korea, the Republic of (South)","Skindaum Co., Ltd.",A40,"Skindaum has been a leading manufacturer/private label in Korea for the past 15 years, specializing in Hydrogel patch & Heating...",HWASEONG-SI,
SKY COSMETICS FZC,skycosmetics.com,+971545389523,,"124866, United Arab Emirates",United Arab Emirates,SKY COSMETICS FZC,F12,,,
Skypack India Pvt. Ltd.,skypackindia.com,+919654291777,dm@skypackindia.com,"Sector 59, Ballabgarh, 121004, Faridabad, India",India,Skypack India Pvt. Ltd.,E10,"Skypack India Pvt. Ltd. Established in 1973, Skypack India Pvt. Ltd. is one of India’s early manufacturers of flexible packaging...",Faridabad,
SLAY'N PARIS (Galbee),pariscorner.ae,,business@galbee.com,"Ave des Champs Elysées 34, 05008, Paris, France",France,SLAY'N PARIS (Galbee),D27,,Paris,
"Small Lab Co., Ltd.",smalllab.co.kr,+8242-716-7390,smalllab.info@smalllab.co.kr,"243-15, 34027, Yuseong-gu, Korea, the Republic of (South)","Korea, the Republic of (South)","Small Lab Co., Ltd.",C28,"Company Overview Small Lab Co., Ltd. is an innovative leader specializing in premium dissolving microneedles designed for...",Yuseong-gu,
Smell & Smile Trading L.L.C,smell-and-smile.ae,+971507693353,smelldubai@gmail.com,"385301, Dubai, United Arab Emirates",United Arab Emirates,Smell & Smile Trading L.L.C,F42,"TRADING,IMPORT & EXPORT OF PERFUMES,PERFUME OILS,PERFUME COMPOUNDS,ESSENCES,TOURNAIRE ALUMINUM BOTTLES.",Dubai,
SMELL ATTRACTIVE PERFUMES L.L.C,smellattractiveperfumes.com,+97142350478,bhushan@smellattractiveperfumes.com,"251841, United Arab Emirates",United Arab Emirates,SMELL ATTRACTIVE PERFUMES L.L.C,N26,,,
SNT International LLC,,+97144365694,tarun@sntintlgroup.com,"Tower Business Bay Citadel, Dubai, United Arab Emirates",United Arab Emirates,SNT International LLC,E34,,Dubai,
So Farma Morra SPA,sofarmamorra.it,+393316774163,gverusio@sofarmamorra.it,"Lotti 8077 - 8078, 80035, NOLA, Italy",Italy,So Farma Morra SPA,D12,So Farma Morra is an international wholsale distributor for Beauty & Healthcare Products.,NOLA,
So Pack Societe par actions simplifiee,sterlingparfums.com,+33688126868,jmpontier@sopack.eu,"66 Avenue de Champs Elysees, 75008, Paris, France",France,So Pack Societe par actions simplifiee,K12,So Pack is a french perfume&cosmetics manufacturing company specialized in full-service project management and packaging...,Paris,
Sofis Srl,,+390289732253,nv@7daysmail.com,"Via Vicenzo Monti 8, 20123, MILANO, Italy",Italy,Sofis Srl,F37,"SOFIS is an international group of companies operating in 60 countries with 36,000 points of sale. The company's headquarters...",MILANO,
Solaria S.R.L.,solariaverona.it,+39045502641,solaria@solariaverona.it,"Via XX Settembre 9, 37129, Verona, Italy",Italy,Solaria S.R.L.,F26,"We are an Italian company founded in Verona in 1998, specializing in trichological care and the development of hair and scalp...",Verona,
Sollas Holland B.V.,sollas.com,+31756284751,gbuis@sollas.com,"Bruynvisweg, 1531 AX, Wormer, Netherlands",Netherlands,Sollas Holland B.V.,D11,"For over 75 years (since 1948), Sollas Holland B.V., is the leading Dutch designer, innovator and manufacturer of high quality...",Wormer,
SOLO TRADING EST,,+96655819678,gm@amorioud.com,"Al Olaya 2777 Al Woroud Dist., 12215, Riyadh, Saudi Arabia",Saudi Arabia,SOLO TRADING EST,B10,,Riyadh,
Solux Med Corp,,+17889076,grace.solux18@outlook.com,"S 6Th St STR Las Vegas 732, 89101, Las Vegas, United States",United States,Solux Med Corp,G31,Solux Med Corp is a US-based beauty technology company specialising in advanced LED light therapy devices for professional...,Las Vegas,
Solvex - Cosmetics Products Ltd.,skcosmetics.ae,+35932605460,mariana.trade@solvexcp.com,"Trakia Blvd, 4220, Krichim, Bulgaria",Bulgaria,Solvex - Cosmetics Products Ltd.,G41,"The company was founded in 1995 in the city of Plovdiv. From the very beginning, the focus of the company has been on the...",Krichim,
Som Extracts Ltd,somextracts.com,+91142141579,commercial@somextracts.com,"U.P.S.I.D.C. Indl. Area Sahibabad B6/ 2, 201010, Ghaziabad, India",India,Som Extracts Ltd,G21,,Ghaziabad,
SOOANTAURAL.CO.LTD.,,+822-6354-5148,kyle@sooanatural.com,"7 DONGGYORO 23GIL 2F, Seoul, Korea, the Republic of (South)","Korea, the Republic of (South)",SOOANTAURAL.CO.LTD.,C17,,Seoul,
SOONDING,soonding.com,+8210-6255-0266,soomin@soonding.com,"915, 156 Yanghwa-ro Mapo-gu, Seoul, Korea, the Republic of (South)","Korea, the Republic of (South)",SOONDING,D21,"Soonding is inspired by a playful term for someone gentle, sweet, and kind-hearted. The brand reflects this spirit by offering...",Seoul,
Sostar S.A.,sostar.gr,+302310550361,cosmetics@sostar.gr,"N Tompazi str. 30, 570 13, Thessaloniki, Greece",Greece,Sostar S.A.,A37,"Sostar S.A. is a cosmetic producer, located in Greece. The office and industrial facilities of the company spread within...",Thessaloniki,
SOUPLELISS COSMETICOS LTDA,soupleliss.com.br,+551499767-9233,aline.export@soupleliss.com.br,"Av. Espanha, 811, 18708-265, Avaré, Brazil",Brazil,SOUPLELISS COSMETICOS LTDA,"B27, B27",,Avaré,
Sozio,jesozio.com,+33181930060,l.junillon@je-sozio.com,"rue Barbes, 12, 92532, Levallois Perret, France",France,Sozio,,"Sozio is a fragrance creation firm that produces fragrant compounds for various industrial sectors: perfumery, cosmetics...",Levallois Perret,
Spartan Cleaner Sp. z o.o.,spartancleaner.com,+48791791001,kinga.sobczak@spartancleaner.com,"ul. WYPLERA, 40-860, Katowice, Poland",Poland,Spartan Cleaner Sp. z o.o.,H17,,Katowice,
"Specialx International Group Co., Limited",,+8613732420849,summer.xia@specialx.cn,"Hoi Yuen Road 72, Hong Kong",Hong Kong,"Specialx International Group Co., Limited",F20,"We are a professional perfume and perfume package supplier. With more than 20 years experience in this business, We can...",,
SPPC SAS,,+33618036940,anabela.morgado@sppcparfums.com,"Rue de courcelles 130, 75017, Paris, France",France,SPPC SAS,A28,"Founded in 1989 in Paris, SPPC is a renowned house of perfumery known for the exceptional quality of its olfactory creations...",Paris,
Spring Global Ltd,,+886934075653,mia-wu@artechpms.com,"2F, No. 447 Longgang Road Sec 2, 320056, Taoyuan, Taiwan",Taiwan,Spring Global Ltd,D31,Artech Beauty provides end-to-end custom packaging engineering and manufacturing with direct delivery to your warehouse. Our...,Taoyuan,
Spring Smile Importacao e Exportacao Ltda Epp,springsmilegroup.com,+55112091-2135,khaled.bachir.01@gmail.com,"CJ 307, 03315-000, São Paulo, Brazil",Brazil,Spring Smile Importacao e Exportacao Ltda Epp,C38,,São Paulo,
Sree Vani Perfumery Works,sreevaniperfumery.com,+918064551317,aravind.svpw@gmail.com,"LAGGERE RING Rd, Behd. KGL Bus Stop, 560058, Bangalore, India",India,Sree Vani Perfumery Works,B09,We at Sree Vani Perfumery Works are pioneers in Incense sticks manufacturing. Our hand crafted sticks have the traditional...,Bangalore,
Sri Vijayalakshmi Agarbathi Works,,+91918026666465,info@liberty1947.com,"Gulikamale Village Near Kagalipura, Bangal, 560082, Banglore, India",India,Sri Vijayalakshmi Agarbathi Works,H28,,Banglore,
"STANPA - Spanish Cosmetic, Toiletry and Perfumery Association",stanpa.com,+34915711640,stanpainternacional@stanpa.com,"Plaza Santa Barbara 3, 28004, Madrid, Spain",Spain,"STANPA - Spanish Cosmetic, Toiletry and Perfumery Association","G24, H17",,Madrid,
Star Marine General Trading L.L.C,,+971509997495,josie@kingtary.com,"63656, United Arab Emirates",United Arab Emirates,Star Marine General Trading L.L.C,G24B,"Henan Jinrunli Chemical Products Co., Ltd. is a high-tech manufacturer dedicated to the research, production and sales of...",,
"Starry Vision Co., Limited",,+8675526528480,evawumei@163.com,"99 King Fuk Street, Hong Kong, Hong Kong",Hong Kong,"Starry Vision Co., Limited",C38,"Starry Vision is committed to the corporate philosophy of ""Focus, Professionalism, Research, and Excellence"", and has deeply...",Hong Kong,
Start Industrial Limited,,+8657462493001,yuan.melody@gmail.com,"Nathan Road 610, Hong Kong",Hong Kong,Start Industrial Limited,E37,Start lndustrial Limited already have advanced mould design. manufacture. injection. automatie assemble For Cosmetic Packagings...,,
Steg Laboratories (PVT) LTD,steglab.com,+92300066240,afsheen_wasim1974@yahoo.com,"Sharakpur Road, 54810, Lahore, Pakistan",Pakistan,Steg Laboratories (PVT) LTD,C11,,Lahore,
Stellent General Trading LLC,stellentdxb.com,+97143259530,aditya@stellentdxb.com,"Kuwait Street, Al Raffa, 241974, Dubai, United Arab Emirates",United Arab Emirates,Stellent General Trading LLC,B16,"Dubai Based Import & Export Comany involved in trading of Branded Toiletries and Power Brands Like Rexona, Garnier, Simple...",Dubai,
Sterling Perfumes Industries LLC,sterlingparfums.com,+97148855588,s.namita@sterling.ae,"40741, United Arab Emirates",United Arab Emirates,Sterling Perfumes Industries LLC,"C26, B32, C32","Sterling Perfumes Industries is a diversified, multi-brand company that controls multiple stages of production and distribution...",,
Storm Time Trading LLC,,,zycmarket@gmail.com,"Dragon Market, Dubai, United Arab Emirates",United Arab Emirates,Storm Time Trading LLC,D39,We are a professional distributor of makeup tools in Middle East region. We are one of the representatives of JESSUP which...,Dubai,
Style and Scents Global General Trading LLC,stylenscent.com,+97143444108,benjamin@stylescent.com,"Marasi Drive 2702, Dubai, United Arab Emirates",United Arab Emirates,Style and Scents Global General Trading LLC,A46,Style & Scents Global has been in business for 18 years and the journey started with the launch of French fragrances in the...,Dubai,
STYLEKOREAN MIDDLE EAST TRADING FZE,,+971503657820,noah2@siliconii.net,"17310, United Arab Emirates",United Arab Emirates,STYLEKOREAN MIDDLE EAST TRADING FZE,F28,"StyleKorean MENA is the official Middle East & Africa regional hub of StyleKorean, operated by Silicon2, a global leader...",,
Styx Naturcosmetics,styx.at,+498124907371,office@styx.de,"Josef Neumeier St. 15, 85664, Hohenlinden, Germany",Germany,Styx Naturcosmetics,G33,,Hohenlinden,
"Sudai Biotechnology Co., Ltd",,+8270-7781-7771,sudeecosmetics@naver.com,"Apgujeong-ro 4-gil Gangnam-gu, Seoul, Korea, the Republic of (South)","Korea, the Republic of (South)","Sudai Biotechnology Co., Ltd",C18,"SUDEE – Korean Clinical Skincare SUDEE is a Korean skincare brand developed with a focus on skin science, advanced ingredients...",Seoul,
SUMMERSAVER GmbH,summersaver.de,+491752411535,business@summersaver.de,"Grosse Duewelstrasse 48b, 30171, Hanover, Germany",Germany,SUMMERSAVER GmbH,G26A,Summersaver is a German skincare brand specializing in effective anti-chafing solutions. As Germany’s No. 1 anti-chafing...,Hanover,
Sun Sara Cosmetics Trading Co. LLC,skcosmetics.ae,+971526538168,sue@sunsarabeauty.com,"B2B Tower Business Bay 2303, Dubai, United Arab Emirates",United Arab Emirates,Sun Sara Cosmetics Trading Co. LLC,D20,,Dubai,
"Sunday International Trade Co., Limited",,+8615017935753,lensgoo@lensgoo.com,"2G Hok Yuen Street, Hong Kong, Hong Kong",Hong Kong,"Sunday International Trade Co., Limited",G18,"Established in 2016,we have progressively positioned itself as a global frontrunner in the contact lens industry. With over...",Hong Kong,
SUNGBOON EDITOR x GLUVA GLOBAL,,+8210-8392-8319,gluvaglobal@gmail.com,"Magok-dong, Gangseo-gu 757, 07788, Seoul, Korea, the Republic of (South)","Korea, the Republic of (South)",SUNGBOON EDITOR x GLUVA GLOBAL,A32,GLUVA GLOBAL is a Korea-based K-Beauty distribution company specializing in the Middle East. As the exclusive distributor...,Seoul,
"Superior Cosme(GZ) Co.,LTD",skcosmetics.ae,+8613922739548,bianxinping@126.com,"No. 135 Huangyuan RD., 510080, GUANGZHOU, China",China,"Superior Cosme(GZ) Co.,LTD",I33,,GUANGZHOU,
Surin General Trading LLC,,+971585008514,sunnyvirdee@me.com,"The Greens, Dubai, United Arab Emirates",United Arab Emirates,Surin General Trading LLC,H12,A NEW HAND CARE CATEGORY IS HERE. NAD+OLOGY is bringing something to market that has never been done like this before: advanced...,Dubai,
Surrati Perfumes Company Limited,surratiperfumes.com,+966125203000,purchase@surratiperfumes.com,"5178 MAKKAH AL MUKARRAMAH 9394, 24227, Makkah, Saudi Arabia",Saudi Arabia,Surrati Perfumes Company Limited,L12,"Founded in 1929 in the holy city of Mecca, Surrati Perfumes is a pioneer in the world of fine fragrance. With nearly a century...",Makkah,
Sutsnax General Trading FZE,sutsnax.com,+971524285468,metlux@sutsnax.com,"Office No FZJOB709 Jebel Ali, 81429, Dubai, United Arab Emirates",United Arab Emirates,Sutsnax General Trading FZE,H17,"Metlux is a Next-Generation Technology for 3D Branding Solutions. Metlux is manufactured in a variety of colors, from Classic...",Dubai,
"Suzhou Hanas Cosmetics Packaging Co., Ltd",skcosmetics.ae,+8613918102794,info@hanascos.com,"Room 901, Zhongtian Building, Kunshan, China",China,"Suzhou Hanas Cosmetics Packaging Co., Ltd",E42,We pride ourselves on being a flexible and innovative packaging manufacturer.Hanas is a beauty packaging solutions provider...,Kunshan,
"SUZHOU JULUN SPRAY TECHNOLOGY CO., LTD.",,+8613962475300,3193259484@qq.com,"NO.21,CHANGFU RD. NANFENG TOWN, 215600, ZHANGJIAGANG, China",China,"SUZHOU JULUN SPRAY TECHNOLOGY CO., LTD.",K11,,ZHANGJIAGANG,
"SUZHOU KREATS IMPORT AND EXPORT CO., LTD",,+868613451585209,export@jskreat.com,"Jiyang East Road, 226, Zhangjiagang City,, China",China,"SUZHOU KREATS IMPORT AND EXPORT CO., LTD",G41,,"Zhangjiagang City,",
"SUZHOU SUNRISE COSMETICS CO.,LTD",skcosmetics.ae,+868618118165258,summer@yourperfumelabel.com,"XIANGCHENG RD, 1200, SUZHOU , China",China,"SUZHOU SUNRISE COSMETICS CO.,LTD",B44,,SUZHOU,
Swastik Technopack Private Limited,swastikengineering.net,+918451004191,jignesh.pancholi@swastiktechnopack.net,"Chandivali Andheri East, 400072, Mumbai, India",India,Swastik Technopack Private Limited,F26,"Swastik is 40+ year organization based in Mumbai, India. We provide exclusive solutions for the perfume industry starting...",Mumbai,
Sweet Rose Trading LLC,,+971559016887,judy2407@163.com,"New Dubai Wholesale Pl., 1946, Dubai, United Arab Emirates",United Arab Emirates,Sweet Rose Trading LLC,G16,SWEET ROSE TRADING LLC focus on make up products.,Dubai,
Swift Pack Company Limited,swiftglass.cn,+8619928337093,export3@swiftglass.cn,"Wang Kwon Road 1, Kowloon Bay, Hong Kong",Hong Kong,Swift Pack Company Limited,N11,"We are a high quality manufacturer of perfume and cosmetic packaging. We have 2 factories, one is a glass factory, and...",Kowloon Bay,
Swiss Arabian Perfumes IND. LLC,khadlaj-perfumes.com,+97165774451,sameer.adamali@sapguae.com,"101, 1615, Sharjah, United Arab Emirates",United Arab Emirates,Swiss Arabian Perfumes IND. LLC,G16,The history of Swiss Arabian Perfumes Group is an enchanting tale that spans over 40 years. This pioneer in Arabian perfumes...,Sharjah,
Swiswann Inc.,wa.me,+1718-797-3338,patriciawong.louis@outlook.com,"Lone Ranger Trl 17855, 91709, Chino Hills, United States",United States,Swiswann Inc.,B12,,Chino Hills,
Syed Junaid Alam W.L.L,junaidperfumes.com,+97317737007,arif@junaidperfumes.com,"Manama 212, 212, Manama, Bahrain",Bahrain,Syed Junaid Alam W.L.L,E24,"Junaid Perfumes – 1910 Heritage, Global Reach & Olfactory Innovation Founded in Bahrain in 1910, Junaid Perfumes is the oldest...",Manama,
Symrise Middle East FZ-LLC,symrise.com,+97144279300,,"345817, United Arab Emirates",United Arab Emirates,Symrise Middle East FZ-LLC,,,,
"SZ Confederation Import and Export Co., Ltd.",,+8613915719345,kwqjck@163.com,"Jiangong Road, Nanfeng Town, 215210, Zhangjiagang, China",China,"SZ Confederation Import and Export Co., Ltd.",M19,"Our company primarily focuses on perfume packaging.and its main products are:perfume bottles,essential oil bottles,cream...",Zhangjiagang,
T-Lord Packaging (Hong Kong) Limited,t-lordbeauty.com,,noemail@noemail.com,"8 - 10 Kwai Sau Road, Hong Kong, Hong Kong",Hong Kong,T-Lord Packaging (Hong Kong) Limited,C12,,Hong Kong,
TAENAM HOUSEHOLD & HEALTHCARE LTD.,,+82827051421582,jayjeong@taenam.co.kr,"Jamwon-ro 3-gil, Seocho-gu, 5F ,40, Seoul, Korea, the Republic of (South)","Korea, the Republic of (South)",TAENAM HOUSEHOLD & HEALTHCARE LTD.,E19,"TAENAM HOUSEHOLD & HEALTHCARE LTD. is a Korea-based beauty and personal care company specializing in the development, manufacturing...",Seoul,
"Taishan AGHG Aloe Products Co.,Ltd‌",,+867505477228,international@aghg.com.cn,"No. 368, Hailong District，, Taishan City,, China",China,"Taishan AGHG Aloe Products Co.,Ltd‌",B37,"American Global Health Group, LLC (AGHG) Founded in 1999 and headquartered in Seattle, USA, AGHG operates a complete Aloe...","Taishan City,",
Taixing Jili Glass Products Co. Ltd.,xing.com,+8652387988868,86293636@qq.com,"Xiangfu West Rd., Hongqiao Town 181, 225453, Taixing, China",China,Taixing Jili Glass Products Co. Ltd.,J12,,Taixing,
"Taiya (Guangdong) Biotechnology Co., Ltd",,+8619879080702,bellabeauty0902@gmail.com,"Guangqing Industrial Park, 511547, Guangzhou, China",China,"Taiya (Guangdong) Biotechnology Co., Ltd",F10,TAIYA (Guangdong) Biotechnology Co. Limited is a large-scale modern enterprise at the source of cosmetics and daily chemical...,Guangzhou,
Taizhou Huadi Electric Co. Ltd.,huadicn.com,+8657684833959,info@huadicn.com,"No. 158 Yuanqiao Industrial Zone, 318025, Taizhou, China",China,Taizhou Huadi Electric Co. Ltd.,D16,"Established in 1992, Taizhou Huadi Electric Co., Ltd is located in Taizhou City, Zhejiang Province, China, six kilometers...",Taizhou,
Takara Belmont,,+97165739392,reception@nazih.com,"Buhairah Corniche, Sharjah, United Arab Emirates",United Arab Emirates,Takara Belmont,,"For more than a century, Takara Belmont has been a world-leading manufacturer of equipment, technology and professional hair...",Sharjah,
Takasago Europe Perfumery Laboratory - TEPL Sarl,takasago.com,+3322684220420,sylvain_eyraud@takasago.com,"Rue Toricelli 12, 75017, Paris, France",France,Takasago Europe Perfumery Laboratory - TEPL Sarl,D26,,Paris,
Talents Packing International Ltd,talentsgroup.com.cn,+8675583982721,sales5@talentsgroup.com.cn,"-125 Wing lok Street 121, Sheung Wan, Hong Kong",Hong Kong,Talents Packing International Ltd,C35,"Talents packing (TPI) is covering more than 15,000 square meters area. TPI specializes in the production of foaming pumps...",Sheung Wan,
Tatricia Glass Group Co. Ltd.,tatricia.com,+862062922653,jack@tatricia.com,"th part of the Greenland Airport International center 5, 510400, Guangzhou, China",China,Tatricia Glass Group Co. Ltd.,H26,"Guangzhou Tatricia Glass Group Co., Ltd. was established in 2009, the factory is located in China Glass Manufacturing center...",Guangzhou,
Tatti Lashes Luxury Strip Eyelashes LTD,tattilashes.com,+447804515024,elliot@tattilashes.com,"14 Linacre Lane, L20 5AH, Liverpool, Great Britain and Northern Ireland",Great Britain and Northern Ireland,Tatti Lashes Luxury Strip Eyelashes LTD,"F26, F26",,Liverpool,
TECHNATURE,tech-nature.com,+33298071769,,"ZAC DE LANNUZEL, 29460, DIRINON, France",France,TECHNATURE,D15,,DIRINON,
Technico Flor SAS,technicoflor.fr,+33491077077,communication@technicoflor.fr,"ROUTE DES QUATRE SAISONS, 13190, Allauch, France",France,Technico Flor SAS,G24,TechnicoFlor Parfums has been supplying the biggest names in Perfumery and Cosmetics for over 40 years. It distributes its...,Allauch,
"TEEYOO METAL PACKAGING CO.LTD. CO.,LIMITED",,+8613760666476,service@teeyoocans.com,"NO3 Industrial RD. Nangang,zhucun, 511300, Guangzhou, China",China,"TEEYOO METAL PACKAGING CO.LTD. CO.,LIMITED",G38,,Guangzhou,
"TENZ TECHNOLOGY CO., LTD.",,+8618521241664,sales@tianzejd.com,"888 XINHUI RD NANXUN DISTRICT, 313013, HUZHOU, China",China,"TENZ TECHNOLOGY CO., LTD.",I29,,HUZHOU,
TGC.Co.Ltd.,tgc-korea.com,+8231-8067-8072,mkt@tgc-korea.com,"ACE Dongbaek Tower Giheung-gu, 2, Yongin-si, Korea, the Republic of (South)","Korea, the Republic of (South)",TGC.Co.Ltd.,F31,,Yongin-si,
Thames Steels Private Limited (KOXICAN),koxican.com,9837044631,kanishk@koxican.com,"Ecotech 1 Extension, 201308, Noida, India",India,Thames Steels Private Limited (KOXICAN),A12,"Dear Sir/Mam, We are pleased to introduce ourselves as one of the leading manufacture of “Aluminium Monobloc Aerosol Cans...",Noida,
The BeautyCo General Trading LLC,thebeautyco.net,+97113670008,deena@thebeautyco.net,"Al Mustaqbal Street, 215315, Dubai, United Arab Emirates",United Arab Emirates,The BeautyCo General Trading LLC,B09,The BeautyCo is a leading B2B beauty products distribution company in the GCC region. It serves the GCC market from offices...,Dubai,
The El Group,,+8270-7699-3949,blessingmina77@gmail.com,"5F, 26 Seolleung-ro 153-gil, Gangnam-gu, 06019, Seoul, Korea, the Republic of (South)","Korea, the Republic of (South)",The El Group,B37,,Seoul,
The French Fragrance House S.A.S,fragranceworld.ae,+33493096058,alexandre.levet@thefrenchfragrancehouse.com,"Route de Cannes, 06130, Grasse, France",France,The French Fragrance House S.A.S,J16,The French Fragrance House is a fragrance house based in Grasse founded by a team of professionals with a passion for the...,Grasse,
The Hair & Cosmetic Company Limited,thehairandcosmetic.co.uk,+44353872842847,bobby@thehairandcosmetic.co.uk,"60 Cox Lane Unit 1, KT9 1TW, Chessington, Great Britain and Northern Ireland",Great Britain and Northern Ireland,The Hair & Cosmetic Company Limited,G12A,"NuCalm is a patented neuroscience technology that helps your body reduce stress, improve sleep, and restore balance - naturally...",Chessington,
The Syndicate L.L.C-FZ,,+971563964611,taimoor.hasan@gzperfectlink.com,"Meydan Road Nad Al Sheba, Dubai, United Arab Emirates",United Arab Emirates,The Syndicate L.L.C-FZ,C26,,Dubai,
Thuya SLU,,+34661464154,lorenag@thuya.com,"Sant Gervasi de Cassoles No. 68, 08022, Barcelona, Spain",Spain,Thuya SLU,E11,"THUYA is a leading professional beauty brand based in Barcelona, with over 37 years of experience in the industry. We specialize...",Barcelona,
Tianshi (HK) Limited,,+8613588160779,info@chinatians.com,"Jaffe Road 211-213, Wan Chai, Hong Kong",Hong Kong,Tianshi (HK) Limited,I35,Tianshi（HK）Limited was established in 1992. It is a comprehensive enterprise that integrates printing and export packaging...,Wan Chai,
Titanium Group Dis. Tic. Ltd. Sti.,skcosmetics.ae,+905336995161,sakirr@titaniumgroup.com.tr,"TURGUT OZAL MILLET CAD. RENK NO: 77 IC KAPI NO: 12 FATIH, 34000, Istanbul, Türkiye",Türkiye,Titanium Group Dis. Tic. Ltd. Sti.,A09,,Istanbul,
"Tiya Packaging Co., Ltd",,+8618704975165,tiyaperfume@163.com,"Wanzai Industrial Park, 336100, Yichun, China",China,"Tiya Packaging Co., Ltd",E36,"Tiya Perfect Perfume Bottle Co., Ltd. was established in 2013. It is a company integrating R&D, design, production, and trade...",Yichun,
TJ Pack,,+8613802377176,tina@tjpack.com.cn,"No. 41, Humen Section, Taian Road,, Dongguan, China",China,TJ Pack,K12,,Dongguan,
"Top 1 Packaging & Accessories Co., Limited",top1pack.com,+8613669812878,charles.hu@top1pack.com,"89 Lockhart Road, Hong Kong, Hong Kong",Hong Kong,"Top 1 Packaging & Accessories Co., Limited",B38,"We are a modern, agile manufacturer dedicated to integrity and reliability. Our lean structure ensures quick responses and...",Hong Kong,
Top Lady Cosmetics LLC,skcosmetics.ae,+971588213412,353132987@qq.com,"Deira Shop No.1, Dubai, United Arab Emirates",United Arab Emirates,Top Lady Cosmetics LLC,C11,,Dubai,
"Top One Label Technology Co., Limited",dkhoonemirates.com,,,"2C Argyle Street, Hong Kong, Hong Kong",Hong Kong,"Top One Label Technology Co., Limited",I26,"Established in 2010, Top One Label has built a 16-year legacy as a professional metal sign manufacturer. Adhering to the...",Hong Kong,
"Top&Top Industrial Co., Ltd.",,+868613728647936,janeqiu@top-packaging.com,"Ping Xin Nan Road No 33,, 518111, Shenzhen, China",China,"Top&Top Industrial Co., Ltd.",G28,"We are committed to providing customized perfume packaging services. With 15 years of experience, we have an experienced...",Shenzhen,
Topkim International Limited,,,noemail@noemail.com,"1 Wang Kwong Road, Hong Kong, Hong Kong",Hong Kong,Topkim International Limited,C22,,Hong Kong,
"Topwell Packaging Co., Limited",,+8615338353953,topwellperfume@gmail.com,"Chatham Road South 17-19, Hong Kong",Hong Kong,"Topwell Packaging Co., Limited",G28,"Topwell Packaging Co., Limited is one of the professional manufacturers specializing in the design and manufacture of perfume...",,
Tournaire,,+33493093428,anuschka.redonet@tournaire.fr,"route de la Paoute 70, 06130, Grasse Cedex, France",France,Tournaire,E25,"Since 1833, based in the city of Perfumes, Tournaire aluminum packaging has protected fragrances and aromas. From 2024, we...",Grasse Cedex,
TOV Co. Ltd.,tovstyle.com,+8210-3817-4756,global00@tovstyle.com,"Samseonghyeon-ro 38, 38578, Gyeongsangbuk-do, Korea, the Republic of (South)","Korea, the Republic of (South)",TOV Co. Ltd.,E15,"TOV Co., Ltd. goes beyond products, aiming to play a meaningful role in creating better everyday lifestyles. The company...",Gyeongsangbuk-do,
"Treasure (China) Printing & Packaging Co., Ltd.",treasureptg.com.hk,+85291418229,thomas@treasureptg.com.hk,"Unit 355 9 Choi Yuen Road, Sheung Shui, Hong Kong",Hong Kong,"Treasure (China) Printing & Packaging Co., Ltd.",J16,"Founded in 1995, TREASURE has steadily grown into a trusted packaging solutions partner, underpinned by an unwavering commitment...",Sheung Shui,
Trends for Beauty & Personal Care Requisites Manufacturing LLC,gulforchid.com,+97167413738,ceo@trendscosmetics.com,"Jurf Industrial 2, 54154, Ajman, United Arab Emirates",United Arab Emirates,Trends for Beauty & Personal Care Requisites Manufacturing LLC,B12,"Trends for Beauty and Personal Requisites Manufacturing L.L.C. is a leading name in the cosmetics industry, dedicated to...",Ajman,
"Trendy Products Co., Ltd.",trendyproducts.co.kr,+822-833-5058,trendycom@naver.com,"335 Yeongdeungpo-gu, 07378, Seoul, Korea, the Republic of (South)","Korea, the Republic of (South)","Trendy Products Co., Ltd.",E19,"We have been established since 1996. We are a manufacturer and an exporter of beauty implements including eyelashes, glues...",Seoul,
Trendz Packaging Solutions FZE,trendzpack.com,+97165489449,sales@trendzpack.com,"Saif Zone, Sharjah, United Arab Emirates",United Arab Emirates,Trendz Packaging Solutions FZE,D12,,Sharjah,
TriMas Packaging,trimaspackaging.com,+441162331100,dispensing-marketing@trimas.com,"Scudamore Rd. 44, LE3 1UG, Leicester, Great Britain and Northern Ireland",Great Britain and Northern Ireland,TriMas Packaging,G27,"TriMas Packaging designs and manufactures a broad portfolio of dispensing, closure and flexible packaging solutions serving...",Leicester,
U & M Packaging Industry (HK) Co. Ltd.,,+85213925055355,doris@umpacking.com,"-167 DesVoeux Road Central 161, Hong Kong, Hong Kong",Hong Kong,U & M Packaging Industry (HK) Co. Ltd.,A28,"Our company U&M PACKAGING INDUSTRY （HK） CO.,LIMITED focus on exporting packaging boxes for many kinds of cosmetic, perfume...",Hong Kong,
U&B,,,beauty@unbb.net,", Yongso-ro 19 beon-gil, Nam-gu, Busan 10, Busan, Korea, the Republic of (South)","Korea, the Republic of (South)",U&B,D12,,Busan,
U-Box Gmbh,ubox-beauty.com,+4917634452504,info@ueboxgmbh.com,"Siemensstr 17a, 61267, Neu-Anspach, Germany",Germany,U-Box Gmbh,G21,"Ü-Box GmbH is an innovative company based in the Germany, specializing in the cosmetics industry. We are dedicated to providing...",Neu-Anspach,
UB Packaging,,+1647-671-4688,sales@ubpack.cn,"Carlton Road, L3P 7S5, Markham, Canada",Canada,UB Packaging,L16,,Markham,
ULIMA Société à responsabilité limitée,social-plugins.line.me,+1213-294-5091,zoe.zhang00@outlook.com,"Silk Road Paris 19 Rue du Sausset, 93290, Tremblay, France",France,ULIMA Société à responsabilité limitée,B25,"We are a professional packaging solution provider integrating product design, R&D, manufacturing and sales. Our fagship brand...",Tremblay,
Umbraphil,umbraphil.com,+8210-3724-9909,business@ph2cm.com,"136, Sejong-daero, Seoul, Korea, the Republic of (South)","Korea, the Republic of (South)",Umbraphil,B27,"P2Cm (Pharmaceuticals to Cosmetics) is a K-beauty company founded in 2025, building on extensive experience in the pharmaceutical...",Seoul,
Umendra Exports Pvt. Ltd.,umendra.com,+919310034512,sumitdrajanii@umendra.com,", Nehru Place 6, 110019, New Delhi, India",India,Umendra Exports Pvt. Ltd.,E37,"Umendra Exports is a ""premier supplier"" of Personal Care Products, OTC Creams and Ointments, and Medical Hygiene Products...",New Delhi,
"UNDER7 Co., Ltd",under7.jp,+971501842880,rika.dolly0312@gmail.com,"2-1-13 Nishishinnsaibashi, Chuo-ku Mitsu Building, 542-0086, Osaka, Japan",Japan,"UNDER7 Co., Ltd",F38,,Osaka,
Unicons Trading Limited,,+8619195563416,becky@gdyaoyong.com,"2-16 Fayuen St., Hong Kong, Hong Kong",Hong Kong,Unicons Trading Limited,A41,"With more than 200000 square meters of green ecological industrial park, More than 10 production lines, daily production...",Hong Kong,
Unitrade FZE,unitradefze.com,+97144317350,info@utfze.com,"Prism Tower, 26505, Dubai, United Arab Emirates",United Arab Emirates,Unitrade FZE,H12,"Unitrade is the leading provider of turnkey packaging solutions for fragrances, bath and body, and cosmetics. Several well...",Dubai,
Universal Distribution Center Pakistan,universaldc.com.pk,+923330232438,fareed.usman@universaldc.com,"D-234/A-1, Metroville, S.I.T.E, 75840, Karachi, Pakistan",Pakistan,Universal Distribution Center Pakistan,J36,"Universal-Pakistan is a trailblazing manufacturer of fragrance-related products, catering to diverse needs with a wide range...",Karachi,
Universal Reach General Trading LLC,,+9712982235,accounts@universaldmcc.com,"New Gold Souq, 43453, Dubai, United Arab Emirates",United Arab Emirates,Universal Reach General Trading LLC,G17,,Dubai,
Untold Love By Nature,,+97143549880,marketing@revotrd.com,"Al Barsha No. 801, 0000, Dubai, United Arab Emirates",United Arab Emirates,Untold Love By Nature,E21,Our journey began with a simple vision: to build a skincare routine rooted in the belief that nature provides everything...,Dubai,
V Mane Fils Flavour & Fragrance L.L.C,fragranceworld.ae,+97144473806,maryann.dalisay@mane.com,"14137, United Arab Emirates",United Arab Emirates,V Mane Fils Flavour & Fragrance L.L.C,A20,"From a family adventure, which began in 1871, when Victor MANE started producing fragrant materials from regional flowers...",,
Vantiscare Inc.,vantiscare.com,+1305-553-0216,vantiscare@126.com,"South Clinton Avenue, Clinton Square 75, 14604, New York, United States",United States,Vantiscare Inc.,B30,"VANTISCARE INC is a professional manufacture of color cosmetics, integrated with R&D, manufacturing, and distribution. The...",New York,
VARUZA,thevaruza.com,+8210-6608-2026,nsl@thevaruza.com,"15 Jeongbalsan-ro, 10402, Goyang, Korea, the Republic of (South)","Korea, the Republic of (South)",VARUZA,H32,"VARUZA is a Korean clean & vegan skincare brand created by NSL Co., Ltd., bringing together ingredient innovation, thoughtful...",Goyang,
Vasu Healthcare Pvt. Ltd.,vasuhealthcare.com,+912652644459,mv@vasuhealthcare.com,"/4, G.I.D.C Makarpura 967, 390010, Vadodara, India",India,Vasu Healthcare Pvt. Ltd.,D21,"Since 1980, Vasu Healthcare is continuously striving to take Ayurveda beyond the traditional frontiers and restore its pristine...",Vadodara,
Vedic Collection Private Limited,,+919811222245,divita@tatha.co.in,"Upper GF Khanpur Extension, 110080, New Delhi, India",India,Vedic Collection Private Limited,C19,TATHABorn in India. Created for Modern Skin. Designed for the World. Tatha is a contemporary Indian beauty brand pioneering...,New Delhi,
VELIXIR PARFUMS,velixirparfums.com,+62851-1991-9970,partnership@velixirparfums.com,"Jl. Tanjung Duren Raya No. 13 Tanjung Duren Selatan Subdistrict SC 3309, 11470, West Jakarta, Indonesia",Indonesia,VELIXIR PARFUMS,N12,"Founded in Indonesia in 2025, Velixir Parfums was born from a vision to redefine accessible luxury in modern perfumery. Rooted...",West Jakarta,
VELLA CNC,,+8210-3367-7138,sales@vellacosmetic.com,"15, Jahamunro 6-gil, Seoul, Korea, the Republic of (South)","Korea, the Republic of (South)",VELLA CNC,B27,"Founded in 2014, VELLA is a Korean skincare brand specializing in targeted beauty solutions that combine functional ingredients...",Seoul,
Venille Indústria de Cosméticos,skcosmetics.ae,+554699117-7433,natalia@gruponaju.com.br,"Rua Santos Dumont, 733 - Aterrado 733, 13801-337, Mogi Mirim, Brazil",Brazil,Venille Indústria de Cosméticos,C23,Excellence in Solutions for the Beauty Market Grupo Naju consolidates itself as an integrated ecosystem of high-value brands...,Mogi Mirim,
VERGER,vergersl.com,+94112301898,extracts@vergersl.com,"Level 5 1A, 00300, Colombo, Sri Lanka",Sri Lanka,VERGER,F23,"At VERGER, we transform the timeless essence of Sri Lankan spices into high-performing, sustainable natural ingredients for...",Colombo,
Veziropoulos Athanasios & Co.,veziropoulos.com,+302310303914,veziropo@vabeauty.gr,"Thessaloniki-Oraiokastrou, 564 30, Thessaloniki, Greece",Greece,Veziropoulos Athanasios & Co.,B25,"VEZIROPOULOS ATHANASIOS & CO is a modern cosmetics manufacturing unit based in Greece / Thessaloniki, which has been evolving...",Thessaloniki,
VICCO Products Bombay Private Limited,viccolabs.com,+918530008810,siddheshwar@viccolabs.com,"Jerbia Wadia Road Bhoiwada, Parel 25, 421203, Mumbai, India",India,VICCO Products Bombay Private Limited,F26,"Rooted in Ayurveda and trusted since 1952, Vicco has combined Ayurvedic heritage with science-led formulation to develop...",Mumbai,
Vico GmbH,,+4922337176229,d.s@luviacosmetics.com,"Röntgenstrasse 6, 21465, Reinbek, Germany",Germany,Vico GmbH,F38,"Luvia Cosmetics – The Future of Ethical Luxury Beauty Founded in Germany in 2012, Luvia Cosmetics represents a new era of...",Reinbek,
"Vietnam Cullinan Electric Co., LTD.",,+84902945413,dlnigar626@outlook.com,"Ward 4, 700099, Ho Chi Minh, Vietnam",Vietnam,"Vietnam Cullinan Electric Co., LTD.","B22, L31","Chumboon is a professional metal packaging company with over 34 years experience, with branch facilities located in USA,Mexico...",Ho Chi Minh,
Vimi D.O.O,,+385917623030,ivan@vimi.hr,"Kostanjevec 7, 10000, Zagreb, Croatia",Croatia,Vimi D.O.O,H10,"Vimi d.o.o Zagreb private owned company, was established in year 2002. There are several business activities in company...",Zagreb,
Vini International FZE,viniinternational.com,+97144508949,winnie@vinicosmetics.ae,"FZJOB Office 1411, 16904, Dubai, United Arab Emirates",United Arab Emirates,Vini International FZE,G46,VINI International Fze based in the United Arab Emirates (100% subsidiary of Vini Cosmetics Pvt. Ltd.) is an entrepreneurial...,Dubai,
Viocap Ambalaj Limted Sirketi,viocap.com,+904666900,ali.yildirim@viocap.com,"Esenkent Mahallesi Muhterem, 34776, Istanbul, Türkiye",Türkiye,Viocap Ambalaj Limted Sirketi,F09,"MEPLAST was founded in 1991 in Istanbul, Turkey as an injection molding contract manufacturing company providing service...",Istanbul,
Visage Technologies d.o.o.,,+38515390620,ante.plavcic@arbelle.al,"Ivana Lucica, 10000, Zagreb, Croatia",Croatia,Visage Technologies d.o.o.,E10,"Arbelle is a beauty tech brand helping beauty and color cosmetics brands deliver personalized, inclusive, and confidence...",Zagreb,
"Visionoid Co., Ltd.",,+813-6809-6404,taka.y@himawari-hldgs.com,"Shiba, Minato-ku 2-28-11, 105-0001, Tokyo, Japan",Japan,"Visionoid Co., Ltd.",C09,We are exclusive wholesaler and distributor for some Japanese companies mainly No.1 market share companies such as face wash...,Tokyo,
Vitalfarco Srl,vitalfarco.com,+39036526956,d.colleoni@vitalfarco.com,"Via Canova 8/ 10, 20094, Corsico, Italy",Italy,Vitalfarco Srl,"E26, F25","Made in Italy hair care excellence, since 1969. With over 55 years of experience in the hair care sector, Vitalfarco Hair...",Corsico,
Vittorio FZE,,+971501695332,info@vittorio-parfum.com,"Sharjah Saifzone A4-37, Sharjah, United Arab Emirates",United Arab Emirates,Vittorio FZE,G45,,Sharjah,
Vivace Shop for Perfumes & Cosmetics Trading Co. LLC,khadlaj-perfumes.com,+971526037381,contact.uae@vivace.shop,"6655, United Arab Emirates",United Arab Emirates,Vivace Shop for Perfumes & Cosmetics Trading Co. LLC,G24,"Vivace Perfumes is your luxury destination for handcrafted artisanal fragrances, made from the rarest and most precious natural...",,
Vivienne Cosmetics AG,skcosmetics.ae,+4179166410404,o.andreeva@viviennesabo.com,"Stansstaderstrasse 90, 6370, Stans, Switzerland",Switzerland,Vivienne Cosmetics AG,B25,VIVIENNE COSMETICS AG – SWISS HERITAGE. GLOBAL MANUFACTURING. STRATEGIC PARTNERSHIPS. Vivienne Cosmetics AG is a Swiss-based...,Stans,
W.SKIN LABORATORY,skin1004.com,+828207041239716,strategy@jnjcompany.co.kr,"307, Waryong-ro Seo-gu, Daegu Metropolitan, Korea, the Republic of (South)","Korea, the Republic of (South)",W.SKIN LABORATORY,"E17, E17","Since its incorporation in 2012, J&J COMPANY has been developing and selling products with a focus on basic skincare. In...",Daegu Metropolitan,
Wadi Siji Perfumes Ind LLC,wa.me,+97165344354,info@wadisij.com,"Warehouse #1 New Emirates Industrial City, -, Sharjah, United Arab Emirates",United Arab Emirates,Wadi Siji Perfumes Ind LLC,A24,"WADI SIJI Perfumes Industry LLC is a family owned business in SHARJAH UAE, by visionary NASEEM AHMAD, who is also the company...",Sharjah,
Wang Tat Cosmetic Packaging Limited,wa.me,+8613825701990,lucy@yaxuecaps.com,"Lee Chung Street 27, Hong Kong",Hong Kong,Wang Tat Cosmetic Packaging Limited,C38,"Our company specializes in high-end perfume bottle caps, bottle caps and other precision plastic and metal accessories. We...",,
We Beauty Company S.R.L.,beautyandperfumeintl.com,,wangzhanxin@topone-packing.com,"Via Francesco Crispi 36, 00187, Rome, Italy",Italy,We Beauty Company S.R.L.,A25,,Rome,
"Weiwang PLastic Industry Co., Ltd",wa.me,+11917929699,package_info@yeah.net,"Veterans Drive, 07647, Northvale, United States",United States,"Weiwang PLastic Industry Co., Ltd",N37,Weiwang Plastic Industry Co.，Ltd is a manufacturer specialized in the production of daily necessities and cosmetics packaging...,Northvale,
"WELCOS CO., LTD",,,globalsales05@welcos.com,"21-12, Toegyegongdan 1-gil, Gangwon-do, Korea, the Republic of (South)","Korea, the Republic of (South)","WELCOS CO., LTD",C37,,Gangwon-do,
WeLinkle Inc,,+813-6206-9149,toru.sakamoto@welinkle.com,"1-2-4 Shiba-Daimon, Minato-ku, 105-0012, Tokyo, Japan",Japan,WeLinkle Inc,E10,"ESTELIQUE 100% Made in Japan, Fully Localized: We combine authentic Japanese quality with country-tailored formulas, adapting...",Tokyo,
Well Able International Ltd,,+85224818302,caroline@chinaheshan.com,"93 Ta Chuen Ping Street, Hong Kong, Hong Kong",Hong Kong,Well Able International Ltd,A35,Our company is a modern enterprise specialized in production and sales of a variety of cosmetic packaging. 70%-80% of the...,Hong Kong,
"Well Color Plastic Co.,Ltd.",wellcolorpackaging.com,+8618902749600,bella@wellcolorpackaging.com,"804 Tianyuan Road,, 510650, China",China,"Well Color Plastic Co.,Ltd.",L15,"Well Color Plastic Co.,Ltd., is a cosmetic packaging manufacture and trader which integrates R&D, designing, manufacturing...",,
"Welong Technology Co., Limited",,,noemail@noemail.com,"91-97 Jervois Street, Hong Kong, Hong Kong",Hong Kong,"Welong Technology Co., Limited",D25,,Hong Kong,
Wenling Hongli Barber & Beauty Co. Ltd.,honglichair.com,+8657680686098,sales@honglichair.com,"NO。357 henglin rD. Chengdong Industrial Zone, 317500, Wen Ling, China",China,Wenling Hongli Barber & Beauty Co. Ltd.,E20,,Wen Ling,
Wet Brush,,+97165739392,marketing7@nazih.com,"Buhairah Corniche, Sharjah, United Arab Emirates",United Arab Emirates,Wet Brush,,,Sharjah,
"WINKUAN IHOME SOLUTIONS CO.,LTD",,+8618218033797,eva@winkuan.net,"No.3, Jizhi South Rd. Shuan Industrial Area, 523875, DONGGUAN, China",China,"WINKUAN IHOME SOLUTIONS CO.,LTD",H31,,DONGGUAN,
WK GROUP LTDA,,+551194446-8517,walid.khalafalla@wk-group.org,"Rua Raul Pompeia, 542 – Vila Pompeia, 05025-010, São Paulo - SP, Brazil",Brazil,WK GROUP LTDA,C19,,São Paulo - SP,
"WOOSIN COSMETICS CO.,LTD.",woosincos.co.kr,+822-675-2761,sales@woosincos.co.kr,", Sudo-ro 125beon-gil, Bucheon-si 33, Gyeonggi-do, Korea, the Republic of (South)","Korea, the Republic of (South)","WOOSIN COSMETICS CO.,LTD.",D26,,Gyeonggi-do,
Worldwide Distribution Center FZCO,,+97197148871272,commerce@glocapcorp.com,"Jebel Ali LOB4, Dubai, United Arab Emirates",United Arab Emirates,Worldwide Distribution Center FZCO,F28,,Dubai,
Wuba Industrial Limited,wubapack.com,+8618022121471,sale@wubapack.com,"Gloucester Road 151, Hong Kong",Hong Kong,Wuba Industrial Limited,A37,,,
"WUHAN ZONSEN MEDICAL PRODUCTS CO.,LTD",,+8615827047794,info@zonsenmed.com,"NO.8,JINCHAO ROAD ZHUCHENG ST., 430499, WUHAN, China",China,"WUHAN ZONSEN MEDICAL PRODUCTS CO.,LTD",I35,,WUHAN,
"Wuxi Bokas Imp & Exp Co., Ltd.",,+8651083588637,yjy@hgpkg.com,"214174, WUXI, China",China,"Wuxi Bokas Imp & Exp Co., Ltd.",C32,,WUXI,
"Wuxi Sunmart Science & Technology Co., Ltd",,+8651082733182,garyli33@vip.163.com,"Wuxi Huang Tang Industrial Park, 214002, Jiangsu, China",China,"Wuxi Sunmart Science & Technology Co., Ltd",I11,,Jiangsu,
WW Business & Consulting e.K.,,+4982129747071,service@ww-bc.com,"Stettenstrasse 24, 86150, Augsburg, Germany",Germany,WW Business & Consulting e.K.,N36,"WW‑BC is a German trading agent registered in Augsburg, Germany. We committed to the worldwide sales of beauty‑related products...",Augsburg,
"Xai Cosmetics Korea Co., Ltd.",skcosmetics.ae,+8210-2209-1477,xaicom@nate.com,", Gukhoe-daero, Gangseo-gu 151, Seoul, Korea, the Republic of (South)","Korea, the Republic of (South)","Xai Cosmetics Korea Co., Ltd.",B25,"Xai Cosmetics Korea .Co., Ltd. is a global cosmetics brand who creates a true and new value of healthy beauty with confidence...",Seoul,
"Xation Co., Ltd",,+8210-2964-5135,overseas@xation.co.kr,"7F, 16, Seongsui-ro 20-gil,, Seoul, Korea, the Republic of (South)","Korea, the Republic of (South)","Xation Co., Ltd",D07,"XATION CO., LTD. – Redefining K-Beauty Through Science and Scent Founded in Seoul, Xation Co., Ltd. is a leading Korean beauty...",Seoul,
"Xiamen Tiumsen Cosmetics Co., Ltd.",skcosmetics.ae,+865926536801,john@tiumsen.com,"Yilan Road, 361008, Xiamen, China",China,"Xiamen Tiumsen Cosmetics Co., Ltd.",M25,"Xiamen Tiumsen Cosmetics Co., Ltd. is a leading cosmetic packaging manufacturer (OEM/ODM) in China, engaged in the cosmetic...",Xiamen,
"Xingyuan Plastic Products Co., Limited",xing.com,+8613503074033,christina@ahpackaging.com,"36 Man Yue Street, Hong Kong, Hong Kong",Hong Kong,"Xingyuan Plastic Products Co., Limited",F31,"With over 20 years of expertise, we deliver end-to-end custom cosmetic packaging solutions for global beauty brands. Our...",Hong Kong,
"Xinjiang Fei'ai Love Trading Co., Ltd.",,+8618999199224,3890181624@qq.com,"Commercial Office BLDG. No. 379 Xinhua South RD., 830004, Urumqi, China",China,"Xinjiang Fei'ai Love Trading Co., Ltd.",J31,,Urumqi,
"XUCHANG SHUANGHE CRAFTS CO., LTD.",,+8613603747977,huamingrui@hotmail.com,"Intersection of Yinghao Rd. and Xingping Road, 461000, XuChang, China",China,"XUCHANG SHUANGHE CRAFTS CO., LTD.",E31,,XuChang,
"Xuzhou Changyuan Glass Technology Co.,Ltd",,+8618752018891,xuzhouchangyuanglass@outlook.com,"The Eighth section Vil. Mapo.Town, 221144, Xuzhou, China",China,"Xuzhou Changyuan Glass Technology Co.,Ltd",C43,,Xuzhou,
"Xuzhou Daxin Glass Products Co.,Ltd",,+8618651796366,alkaid@dashingglass.com,"Glass Industry Park, 221000, Xuzhou City, China",China,"Xuzhou Daxin Glass Products Co.,Ltd",B38,"Xuzhou Daxin Glass Products Co.,Ltd, which is a professional manufacturer and trader engaged in R&D, production, sales andservice...",Xuzhou City,
"Xuzhou Hongji Packaging Products Co., Ltd.",,+8615852002879,15852002879@163.com,"Suzhuang, Xinqiao Village Liuxin Town, 221000, XuZhou, China",China,"Xuzhou Hongji Packaging Products Co., Ltd.",E39,,XuZhou,
"Xuzhou Tengrace Glass Technology Co., Ltd.",,+8618751503759,glass@tengraceglass.com,"South of Wei 16th Road, 221000, Xuzhou City, China",China,"Xuzhou Tengrace Glass Technology Co., Ltd.",J22,,Xuzhou City,
YAC Industry (HK) Limited,yacgp.com,+85227806351,documentary2@latop.com.cn,"Science Museum Road 14, Mongkok, Hong Kong",Hong Kong,YAC Industry (HK) Limited,C14,"YAC INDUSTRY (HK) LIMITED is a modern manufacturing enterprise specializing in the R&D, production, and sales of aerosol...",Mongkok,
"Yancheng Landi Medical Technology Co., Ltd.",,+8651588833959,yclandi@163.com,"51, Hope Avenue South Road, Development Zone, Yancheng, China",China,"Yancheng Landi Medical Technology Co., Ltd.",E37,,Yancheng,
Yangyi Technology Limited,yangyilive.com,+8613554948807,yangyiceo@outlook.com,"35 Tai Yau Street, Hong Kong, Hong Kong",Hong Kong,Yangyi Technology Limited,F32,,Hong Kong,
Yanshan Jinxing Aerosol Valve Manufacturing,xing.com,,stephanie.ren@live.cn,"Zhenggang Development Zone, 061300, Yanshan, China",China,Yanshan Jinxing Aerosol Valve Manufacturing,E12,"In 1995, Hebei JINXING Aerosol Valve Manufacturing Co., Ltd. For over thirty years, we have been dedicated in producing high...",Yanshan,
Yarra Limited,,+8651086102908,micen@micentech.com,"Nathan Road 610, Hong Kong",Hong Kong,Yarra Limited,A33,Micen is an innovation-driven manufacturer specializing in glass packaging for beauty and cosmetic products. Our product...,,
Yas The Royal Name of Perfumes - LLC,yasperfumes.com,+97126671365,amrallam@yasperfumes.com,"36644, United Arab Emirates",United Arab Emirates,Yas The Royal Name of Perfumes - LLC,A10,,,
"Yeah Co., Limited",,+85263322258,yk7691@yeah.net,"Hoi Yuen Road 72, -, Hong Kong",Hong Kong,"Yeah Co., Limited",C26,"Yeah Co., Ltd. is a professional manufacturer of small capacity packaging in China for provide various packaging solutions...",-,
"Yeedaa (Hongkong) Co., Limited",yeedaapump.com,+8613266521466,beattyjiang@hotmail.com,"56 Hoi Yuen Road, Hong Kong, Hong Kong",Hong Kong,"Yeedaa (Hongkong) Co., Limited",D35,"YEEDAA (HONGKONG) CO.,LIMITED ,established in 2008, is a factory enterprise specializing in the research, development and...",Hong Kong,
Yime Cosmetic Company,skcosmetics.ae,+1929-391-8886,businessnora@sina.com,"Delancey Dr. No. 2 4500, 89103, Las Vegas, United States",United States,Yime Cosmetic Company,F11,"YIME Cosmetic specializes in premium‑quality hair‑care products. Blended with hydrolyzed protein, amino acids and natural...",Las Vegas,
"Yingchang Iron-Printing & Tin-Making Co., Ltd.",yccanmaking.com,+868613710027728,yc@yccanmaking.com,"511370, China",China,"Yingchang Iron-Printing & Tin-Making Co., Ltd.",G31,,,
"YIWU BEAUTY RESOURCE BIOTECH CO., LTD",beautyandperfumeintl.com,+8615805791672,gs03@gs1689.com,"No.139 Tongtai Road Houzhai Sub-disT., 322000, Yiwu, China",China,"YIWU BEAUTY RESOURCE BIOTECH CO., LTD",G16,,Yiwu,
"Yiwu Benxin Import & Export Co., Ltd.",,+8613486018816,info@itrisan.com,"No. 879 Chengbei RD. Futian Street, 315400, Yiwu, China",China,"Yiwu Benxin Import & Export Co., Ltd.",J32,,Yiwu,
"Yiwu Dingdian Cosmetics Co., Ltd.",skcosmetics.ae,+8613806790479,dingdian@feiran888.com,"No. 2 Xueyuan Road Jiangdong Subdistrict, 322000, Yiwu, China",China,"Yiwu Dingdian Cosmetics Co., Ltd.",B39,,Yiwu,
Yiwu DSP Electric Appliance Co.Ltd,,+8615067806632,info@dsplife.cn,"No. 509 Gongren North Road, 322000, Zhejiang, China",China,Yiwu DSP Electric Appliance Co.Ltd,J28,,Zhejiang,
"Yiwu Hongyuan Glass Co., Ltd.",,+8651687088111,ywhongyuanglass@126.com,"No. 61, The Second of Chengxin, 221135, Yiwu City, China",China,"Yiwu Hongyuan Glass Co., Ltd.",B30,,Yiwu City,
"YIWU JIALIN PACKAGING CO.,LTD.",,+8615669560722,agnes@jlinpkg.com,"Futian ST., 322000, Yiwu, China",China,"YIWU JIALIN PACKAGING CO.,LTD.",B42,,Yiwu,
"Yiwu Jinghang Import & Export Co., Ltd.",,+8617819576019,aoxue_saki@aoxueskincare.com,"No. 40 Gongren West Road Choucheng Subdistrict, 322000, Yiwu, China",China,"Yiwu Jinghang Import & Export Co., Ltd.",K29,,Yiwu,
"YIWU JUMAO IMPORT AND EXPORT CO.,LTD",,,jmpackage@yeah.net,"No. 121, Chunhua Rd., Beiyuan St., 322000, Yiwu, China",China,"YIWU JUMAO IMPORT AND EXPORT CO.,LTD",C41,,Yiwu,
"Yiwu Laurenza Trading Co., Ltd.",,+8615355391036,info@laurenza.beauty,"Financial Six Street Futian Street No 101, 322000, Yiwu, China",China,"Yiwu Laurenza Trading Co., Ltd.",F40,,Yiwu,
"Yiwu Shada Cosmetics Co., Ltd.",skcosmetics.ae,+8613600599288,harryzhucn@qq.com,"No. 1 Feifeng Rd. Chian Town, 322000, Yiwu, China",China,"Yiwu Shada Cosmetics Co., Ltd.",E37,,Yiwu,
"Yiwu Sloggi Cosmetics Co.,Ltd.",skcosmetics.ae,+8657985167315,781160471@qq.com,"Yixiang Street, 322000, Yiwu, China",China,"Yiwu Sloggi Cosmetics Co.,Ltd.",H11,,Yiwu,
"Yiwu Zhen Rong Cosmetics Co., Ltd",skcosmetics.ae,+8618069945000,849772310@qq.com,"N0.01 SU XIN ROAD SUXI TOWN, 322000, Yiwu, China",China,"Yiwu Zhen Rong Cosmetics Co., Ltd",K27,,Yiwu,
Yiwu Zhongjue Trading Company Limited,,+8657985206693,empirecoltd@hotmail.com,"JIANGDONG STREET,, YIWU CITY, China",China,Yiwu Zhongjue Trading Company Limited,G36,,YIWU CITY,
YMI Ghar Soaps PVT LTD,gharsoaps.shop,+918617703645,sunny@gharsoaps.in,"Dhayari, Near Karmveer College Prabhat Press, Narhe S No 25, 411041, Pune, India",India,YMI Ghar Soaps PVT LTD,H09,"Meet Ghar Soaps, India's Ayurveda-inspired, science-backed skincare brand, turning your daily bath into a moment of self...",Pune,
YouPackaging GmbH,,+4949491717468998,bennie_lee@sohu.com,"Uhlandstrase 20 - 25, 10625, Berlin, Germany",Germany,YouPackaging GmbH,H36,WHO WE ARE YouPackaging GmbH manufacture of cosmetics packaging in China. Our factory was founded in 2007. We are a one‑stop...,Berlin,
Yuncheng Company Limited,,+8619928480958,sales2.enchante@gmail.com,"Hung To Road 52, Hong Kong",Hong Kong,Yuncheng Company Limited,A25,"YUNCHENG COMPANY LIMITED specializes in perfume glass bottles, perfume spray heads, plastic foil products, and can customize...",,
YUSUF BHAI FRAGRANCES,yusufbhaifragrances.com,+971542471223,stephanie@yusufbhaifragrances.com,"Gold Souq, Deira, 57657, Dubai, United Arab Emirates",United Arab Emirates,YUSUF BHAI FRAGRANCES,C25,"I didn’t start with a brand, I started with a passion for scents that could speak without words. From the streets to the...",Dubai,
Yuyao Baocheng Sprayer Factory,,+8618273988435,baocheng22@qq.com,"Wanyang Maker City Huangjiabu Town, 315408, Ningbo City, China",China,Yuyao Baocheng Sprayer Factory,K17,,Ningbo City,
Yuyao Blooming Commodity Co. Ltd.,blooming-packaging.com,+8657462468805,sales16@blooming-packaging.com,"Zhubei East Road, 315400, Yuyao, China",China,Yuyao Blooming Commodity Co. Ltd.,B11,"Yuyao Blooming commodity co.,Ltd.,established in 2009, specializing in the production of nailpumps. lotion pumps. trigger...",Yuyao,
"YUYAO FRIEND PACKING CO., LTD.",,+868613805800275,info@sprayer.com.cn,"No. 26 Shiji Road,, Yuyao, China",China,"YUYAO FRIEND PACKING CO., LTD.",F23,,Yuyao,
"Yuyao Jinshun Plastic Industry Co., Ltd.",,+8613705845145,jason@goldstarjsd.com,"YANGMING STREET, LIANGYAN VILLAGE NO.128-8, 315400, Yuyao, China",China,"Yuyao Jinshun Plastic Industry Co., Ltd.",G36,"Welcome to Yuyao Jinshun Plastic Industry Co., LTD. The factory is located in Yangming Street, Yuyao City, covers an area...",Yuyao,
"Yuyao Junyi Commodity Co., Ltd",,,592888719@qq.com,"NO 29 Shiji Road,Doumen Mazhu, 315400, Ningbo City, China",China,"Yuyao Junyi Commodity Co., Ltd",G15,"Yuyao Junyi Commodity Co., LTD., located in the hometown of spray in Mazhu Yuyao.It has been focusing on the design, development...",Ningbo City,
"YUYAO LANGLI DAILY NECESSITIES CO.,LTD.",,+8615267841727,971509086@qq.com,"Fangqiao Industry Park, Lingqi Road 1,, 315400, Yuyao, China",China,"YUYAO LANGLI DAILY NECESSITIES CO.,LTD.",D38,,Yuyao,
Yuyao MG Packaging,,+86971552055162,innvovativepack@live.com,"Ningbo 11, Ningbo, China",China,Yuyao MG Packaging,C26,,Ningbo,
"YUYAO ZHONGXIANG SPRAYER CO., LTD.",,+8613777025339,talia@myaurapack.com,"NO.128, YuCai East R.D.,Yangming St., 315400, NINGBO, China",China,"YUYAO ZHONGXIANG SPRAYER CO., LTD.",E32,,NINGBO,
YVAN SERRAS BEAUTE,yserras.com,+33386748510,contact@yserras.com,"Chareau de la Jarry, 89220, BLENEAU, France",France,YVAN SERRAS BEAUTE,C30,,BLENEAU,
ZAK Perfume Industries LLC,khadlaj-perfumes.com,+97143205800,irfan@ffiparfums.ae,"No. 21 Street, Industrial Area No. 2, Dubai, United Arab Emirates",United Arab Emirates,ZAK Perfume Industries LLC,,"We are manufacturers of perfumes and perfumery products like Eau De Parfum, Eau De Toilette, Deodorants, Body Sprays, Colognes...",Dubai,
Zaza Company Limited,,,catherinetan@zazayou.com,"21-23 Jardine's Bazaar, Hong Kong, Hong Kong",Hong Kong,Zaza Company Limited,F09,,Hong Kong,
"Zelin International Co., Limited",,+85251307878,mikki001@126.com,"Fa Yuen Street 2-16, -, Hong Kong",Hong Kong,"Zelin International Co., Limited",D21,"Zelin International Co., Limited – your trusted professional manufacturer of hair dye products. We deliver premium quality...",-,
Zenith Packaging Sp. zo.o,,+48539738443,info@green-infuture.com,"ul. Beneszicia Julija 47, 03-127, Warszawa, Poland",Poland,Zenith Packaging Sp. zo.o,D27,We're Zenith --- a luxury packaging manufacturer who create packaging that speaks for brands before the product even comes...,Warszawa,
Zenith Parfums,sterlingparfums.com,+33689593355,gm@zenithparfums.com,", Avenue de Versailles 16, 75016, Paris, France",France,Zenith Parfums,C36,"Established in 2007, Zenith Parfums Paris is a globally recognized luxury French fragrance company, uniting top perfumers...",Paris,
Zens Trading FZE,,+971555623852,vipul@zendistributions.com,"Jebel Ali Freezone, Dubai, United Arab Emirates",United Arab Emirates,Zens Trading FZE,E18,"We are a Dubai-based international trading and distribution company specializing in FMCG, beauty, personal care, cosmetics...",Dubai,
Zero Frizz,,+97165739392,purchase14dubai@nazih.com,"Buhairah Corniche, Sharjah, United Arab Emirates",United Arab Emirates,Zero Frizz,D10,,Sharjah,
"ZHANGJIAGANG FENGYUE PACKING CO., LTD",fengyueglass.en.alibaba.com,+8613773288101,nicole@fengyueglass.com,"East Renmin Road, 215600, Zhangjiagang, China",China,"ZHANGJIAGANG FENGYUE PACKING CO., LTD",G32,"Zhangjiagang Fengyue Packing is established in 2016, Located in Zhangjiagang,Suzhou City. We are specialized in supplying...",Zhangjiagang,
"Zhangjiagang Guochao Glass Products Import And Export Co.,Ltd.",guochaoplastic.en.alibaba.com,+8651258101286,jennyzhu@vip.163.com,"Yangshe Town, 215611, Zhangjiagang, China",China,"Zhangjiagang Guochao Glass Products Import And Export Co.,Ltd.",A28,"Zhangjiagang GuoChao Glass is one of leading professional manufacturer for perfume glass bottle, plastic cap and pump, since...",Zhangjiagang,
Zhangjiagang Huayi Import & Export Co. Ltd.,,+8651258179721,cnhyts@vip.163.com,"No.11 of East Renmin Rd. 11, 215600, Zhangjiagang, China",China,Zhangjiagang Huayi Import & Export Co. Ltd.,B27,"Zhangjiagang Huayi Imp&Exp Co.,LTd. Group own TopPacking Packaging Solutions which mainly design and develop New Items for...",Zhangjiagang,
"Zhangjiagang O'Pack Imp&Exp Co.,Ltd",opack.net,+8651258986586,allenou@vip.163.com,"Renmin E.Road, 215600, Zhangjiang, China",China,"Zhangjiagang O'Pack Imp&Exp Co.,Ltd",B35,"ZhangJiagang O’pack Packing Co.,Ltd. is a professional research, design, manufactory company, our company has a technology...",Zhangjiang,
"ZHANGJIAGANG WEIHAO IMPORT & EXPORT CO.,LTD.",,+868613763318982,market02@haojiebottles.com,"Jinzhong Road 60-7, ZhangJiaGang City, China",China,"ZHANGJIAGANG WEIHAO IMPORT & EXPORT CO.,LTD.",H35,"Zhangjiagang Weihao Import & Export Co.,Ltd. is a professional manufacturer over 15 years in packaging for daily use,chemicals...",ZhangJiaGang City,
"Zhangjiagang Xinye Chemical Sprayer Co., Ltd",,+8651258962260,vernica@zjgxinye.com,"Lezhong Road, Leyu Town, Zhangjiagang, China",China,"Zhangjiagang Xinye Chemical Sprayer Co., Ltd",A36,"Zhang jia gang Xin Ye Chemical Sprayer, co.Ltd. was founded in the year of 2006. The company covers an area of 35,000 square...",Zhangjiagang,
Zhangjiagang Yunwu Industry Co. Ltd.,yunwu.com,+8651258526816,yunwujulie@yunwu.com,"Leyu Town, 215000, Zhangjiagang, China",China,Zhangjiagang Yunwu Industry Co. Ltd.,F26,,Zhangjiagang,
"ZHAOQING JINSHENG HUIHUANG NONWOVEN FABRIC CO.,LTD.",,+8613660800997,kelly@chinagzjs.com,"NO.2 XIANGHE ST. HIGH-TECH INDUSTRIAL DEVELOPMENT ZONE, 526238, ZHAOQING, China",China,"ZHAOQING JINSHENG HUIHUANG NONWOVEN FABRIC CO.,LTD.",B42,,ZHAOQING,
Zhaoqing Kaijoe Technology Co. Ltd.,kaijoecolor.com,+862036547291,149892426@qq.com,"-A, St. Fouth Wende, Yingbin Ave 1, 526238, Zhaoqing City, China",China,Zhaoqing Kaijoe Technology Co. Ltd.,D26,,Zhaoqing City,
"ZHEJIANG B.I. INDUSTRIAL Co., Ltd",,,gordon@bi-packaging.com,"310030, China",China,"ZHEJIANG B.I. INDUSTRIAL Co., Ltd",C12,,,
"Zhejiang B.M. Industrial Co., Ltd",,+8657189710168,yolanda@bi-ehealthcare.com,"Chuang Mei Cai Center, 310030, Hangzhou, China",China,"Zhejiang B.M. Industrial Co., Ltd","G12, G12","B.I. packaging mainly specializes in packaging for fragrance and cosmetics. With more than 20 years' experience, we have...",Hangzhou,
"Zhejiang Cheerflor Cosmetics Co., Ltd",cheerflor.com,+8613858978314,chg@cheerflor.com,"Wuhua Road, Heyetang Development, 322000, Yiwu, China",China,"Zhejiang Cheerflor Cosmetics Co., Ltd",I22,,Yiwu,
"Zhejiang Eaed Technology Development Co., Ltd",,+8657462530191,3005970812@qq.com,"No. 299 Shunyu West Road, Yangming, 315400, Ningbo, China",China,"Zhejiang Eaed Technology Development Co., Ltd",A38,"Zhejiang Eaed Technology Development Co., Ltd. formerly known as Yuyao Hongda Sprayer Co., LTD. Founded in 1996, is a collection...",Ningbo,
"Zhejiang Ganum Industry & Trade Co.,Ltd",,+8657985297600,ceo@ganumbeauty.com,"CHENGTOU QIDI INNOVATION TECHNOLOGY PARK TANGYA TOWN, JINHUA, China",China,"Zhejiang Ganum Industry & Trade Co.,Ltd",I12,,JINHUA,
Zhejiang JM Industry Co. Ltd.,,+8657462468838,karenzhao@nbjm-sprayer.com,"No. 3 Zhushan Rd, 315450, Yuyao, China",China,Zhejiang JM Industry Co. Ltd.,E12,"Founded in 1987, JM is a manufacturer specialized in microsprayers, oxidized aluminum articles, and plastic blown bottles...",Yuyao,
"Zhejiang Lele Packaging Co., Ltd",,+8657187717582,ryan@hzleting.com,"No.1750, Jianghong Rd., 310000, Hangzhou City, China",China,"Zhejiang Lele Packaging Co., Ltd",D27,,Hangzhou City,
"ZHEJIANG MAGNIFIQUE COSMETICS CO., LTD",skcosmetics.ae,+8615658000922,lulu@hzzuochen.com,"TIME PLAZA JINSHA AVENUE QIANTANG, 310000, Hangzhou, China",China,"ZHEJIANG MAGNIFIQUE COSMETICS CO., LTD",B40,,Hangzhou,
"Zhejiang Mila Plastic Industry Co., Ltd",,+8618858002300,18858002300@163.com,"No. 1 Panlong South RD., 324000, Quzhou, China",China,"Zhejiang Mila Plastic Industry Co., Ltd",H38,,Quzhou,
"ZHEJIANG NEWAIR ART CO.,LTD",newair-nail.com,+8657985018987,sun@newair-nail.com,"No.27, Longtan Road, Niansanli Town, 322000, Yiwu, China",China,"ZHEJIANG NEWAIR ART CO.,LTD",H15,,Yiwu,
"Zhejiang Nifei Cosmetics Co., Ltd",skcosmetics.ae,+868618248557685,sale@anycolor.net.cn,"No.333, Caihong Road, Linjiang Industrial Zone,, Jinhua, China",China,"Zhejiang Nifei Cosmetics Co., Ltd",F22,"Zhejiang Nifei Cosmetics Co., Ltd is founded in . As one of the professional color cosmetic manufacturers, we own varies...",Jinhua,
"ZHEJIANG RIFESHOW COSMETICS CO.,LTD",skcosmetics.ae,+8657985020192,,"NO.67 Dashi Road, FoTang Town, 322000, Yiwu, China",China,"ZHEJIANG RIFESHOW COSMETICS CO.,LTD",F09,"ZHEJIANG RIFESHOW COSMETICS CO., LTD. (formerly PUJIANG ONLYOU COSMETICS CO., LTD.) is a professional manufacturer of branded...",Yiwu,
"Zhejiang Starway Intelligent Electric Co., LTD",zjstarway.com,+8613736298890,sales6@zjstarway.com,"No. 229, Taojiang Road, Taizhou, China",China,"Zhejiang Starway Intelligent Electric Co., LTD",I36,"We, Zhejiang Starway Intelligent Electric Co., Ltd., are a professional factory located in Taizhou, Zhejiang which specializes...",Taizhou,
"Zhejiang Tepuwan Packaging Technology Co., Ltd.",wa.me,+868615325312619,wangzhanxin@topone-packing.com,"Yuzhicheng, 310000, Hangzhou, China",China,"Zhejiang Tepuwan Packaging Technology Co., Ltd.",A25,,Hangzhou,
"Zhiyan Biotechnology (HK) Co., Limited",,+8613710707368,admin@mayllinebe.com,"480 Nathan Road, Hong Kong, Hong Kong",Hong Kong,"Zhiyan Biotechnology (HK) Co., Limited",G42,"Zhiyan (formerly Mayllinebe), founded in 2001, brings 25 years of expertise in efficacy skincare. Guided by the principles...",Hong Kong,
Zhongshan Huangpu Guoyu Plastic Products Factory,,+8618925313339,jessie@guoyuu.com,"No. 7, Puling Road Dayan Industrial Zone,, 528429, Zhongshan, China",China,Zhongshan Huangpu Guoyu Plastic Products Factory,I19,,Zhongshan,
Zhongshan Jiali Cosmetics Manufacturer Ltd.,skcosmetics.ae,+86760231761558,info@jialihaircosmetic.com,"Nantou Town, 528400, Zhongshan City, China",China,Zhongshan Jiali Cosmetics Manufacturer Ltd.,A27,"Zhongshan Jiali Cosmetics Manufacturer Ltd. was established in 1993. Headquartered in Nantou Town, Zhongshan City. The factory...",Zhongshan City,
"Zhongshan Weichengwang Packaging Co., Ltd.",wa.me,+8613556887604,vve@szvve.com,"No. 2 Jiangling West RD. Huoju Development Zone, 528437, Zhongshan City, China",China,"Zhongshan Weichengwang Packaging Co., Ltd.",E41,,Zhongshan City,
"ZHUHAI COMAX TECHNOLOGY DEVELOPMENT CO., LTD.",,+8613825603597,charlesqi@comaxzh.com,"No.7,Pingxi 3th Road Nanping Technology Industrial Zone, 519060, ZHUHAI, China",China,"ZHUHAI COMAX TECHNOLOGY DEVELOPMENT CO., LTD.",F20,,ZHUHAI,
ZULLU BRASIL INDÚSTRIA E COMÉRCIO DE COSMETICOS LTDA,,+551298281-4420,junior@trisklecosmeticos.com.br,"Gedivaldo Calixto de Souza,, 03479-030, São Paulo - SP, Brazil",Brazil,ZULLU BRASIL INDÚSTRIA E COMÉRCIO DE COSMETICOS LTDA,C15,"Triskle Cosméticos is a consolidated Brazilian haircare brand with 15 years of experience, fully dedicated to the development...",São Paulo - SP,
Zuofun Cosmetics Trading Co. LLC,skcosmetics.ae,+97142266068,,"58646, United Arab Emirates",United Arab Emirates,Zuofun Cosmetics Trading Co. LLC,G11,ZUOFUN was created in 1997 to provide diverse ranges of perfumes and cosmetics.Being one of the leading cosmetics companies...,,
"ZZ Co., Limited",,+8615057480202,jessica@z-z.cn,"Mongkok Road 33, Kowloon, Hong Kong",Hong Kong,"ZZ Co., Limited",E36,"Z&Z was founded in 1992, specialized in the packaging for perfume, house cleaning,skin care ,color cosmetics and aliminum...",Kowloon,
