company_name,booth,description,email,mobile_primary,domain,full_address,city,linkedin_url
(株)TOWING,32-5,,,,https://towing.co.jp/,,,
(株)TOWING,,,,,,,,
(株)トクイテン,32-5,,info@tokuiten.jp,050-3697-7204,,,,
(株)トクイテン,,,,,,,,
(株)トクイテン,,,,,,,,
(株)トクイテン,,,,,,,,
(株)プランテックス,32-5,,info@plantx.co.jp,03-5579-4123,,,,
(株)プランテックス,,,,,,,,
(株)プランテックス,,,,,,,,
(株)マプリィ,32-5,,,,,,,
(株)豊橋バイオマスソリューションズ,32-5,,info@toyohashibs.com,050-3612-7796,,,,
(株)豊橋バイオマスソリューションズ,,,,,,,,
(株)豊橋バイオマスソリューションズ,,,,,,,,
(株)豊橋バイオマスソリューションズ,,,,,,,,
(株)豊橋バイオマスソリューションズ,,,,,,,,
A&T Concepts LTD.,8-10,,tiger@atconcepts.net,,https://www.atconcepts.net,,,
A&T Concepts LTD.,,,,,,,,
A&T Concepts LTD.,,,,,,,,
"A-MAX Co., Ltd.",29-53,,amax@hanmail.net,+82-43-882-5990,,,,
"ADBIOTECH Co., Ltd.",23-31,,hjkwon1@adbiotech.co.kr,+82 70-8855-8846,http://www.adbiotech.com/eng/Index,,,
"ADBIOTECH Co., Ltd.",,,,,,,,
"ADBIOTECH Co., Ltd.",,,,,,,,
"ADBIOTECH Co., Ltd.",,,,,,,,
"ADBIOTECH Co., Ltd.",,,,,,,,
"ADBIOTECH Co., Ltd.",,,,,,,,
"ADBIOTECH Co., Ltd.",,,,,,,,
"ADBIOTECH Co., Ltd.",,,,,,,,
"ADBIOTECH Co., Ltd.",,,,,,,,
"ADBIOTECH Co., Ltd.",,,,,,,,
"ADBIOTECH Co., Ltd.",,,,,,,,
"ADBIOTECH Co., Ltd.",,,,,,,,
"ADBIOTECH Co., Ltd.",,,,,,,,
AEROSOL 【大きな損失に、小さな投資で備える。】,24-39.,,info@aerosol-japan.jp,,https://aerosol-japan.jp/,,,
AEROSOL 【大きな損失に、小さな投資で備える。】,,,,,,,,
"Agri (Qingdao) Import&Export Co.,Ltd",6-12,,guan@agriqd.com,+8613853942998,,,,
"Agri (Qingdao) Import&Export Co.,Ltd",,,,,,,,
"Agri (Qingdao) Import&Export Co.,Ltd",,,,,,,,
"Agri (Qingdao) Import&Export Co.,Ltd",,,,,,,,
"Agri (Qingdao) Import&Export Co.,Ltd",,,,,,,,
"Agri (Qingdao) Import&Export Co.,Ltd",,,,,,,,
"Agri (Qingdao) Import&Export Co.,Ltd",,,,,,,,
"Agri (Qingdao) Import&Export Co.,Ltd",,,,,,,,
"Agri (Qingdao) Import&Export Co.,Ltd",,,,,,,,
"Agri (Qingdao) Import&Export Co.,Ltd",,,,,,,,
AGRICULTURAL RESEARCH INSTITUTE,"17-5, 18-8, 17-7, 18-10, 17-9, 18-12, 17-11, 18-14, 17-13",,rita@mail.atri.org.tw,+886-3-5185139,,,,
AGRICULTURAL RESEARCH INSTITUTE,,,,,,,,
Agro Ludens(株),32-5,,info@agroludens.com,03-5832-9453,https://www.agroludens.com/,,,
Agro Ludens(株),,,,,,,,
AI Nutritionによる未来型食品の開発,27-52,,atkshin@g.ecc.u-tokyo.ac.jp,03-6450-2188,,,,
AITOYA株式会社,30-35,,info@aitoya.com,,https://www.aitoya.com/,,,
AITOYA株式会社,,,,,,,,
"ALKO METAL CO.,LTD.",19-43,,alko2121@naver.com,+82-54-977-6367,,,,
All Leader International Co.,17-23,,info@all-leader.com,88677905553,https://www.all-leader.com/jp/home,,,
All Leader International Co.,,,,,,,,
"ALLIANCE INTERNATIONAL MEDICAL CO., LTD.",17-9,,miller.brenda@gmail.com,+886.2.86781007,,,,
AMBER HORTICULTURAL TECHNOLOGY LTD.,17-13,,,,,,,
AMBRO-SOL SPRAY,8-51,,info@ambro-sol.com,+39 030 9959674,https://ambro-sol.it/,,,
AMBRO-SOL SPRAY,,,,,,,,
AMBRO-SOL SPRAY,,,,,,,,
ANAERGIA JAPAN 株式会社,24-10,,ishizaka.koichi@anaergia.com,07094556422,https://www.anaergia.com/ja/,,,
ANAERGIA JAPAN 株式会社,,,,,,,,
"Anhui Sentai WPC Group Share Co., Ltd",3-38,,,,,,,
ANIMAL PROTECH アニマルプロテック,18-69,,support@animalprotech.jp,0357191970,https://animalprotech.jp/,,,
ANIMAL PROTECH アニマルプロテック,,,,,,,,
ANIMAL PROTECH アニマルプロテック,,,,,,,,
ANJI COUNTY JIEAN BAMBOO AND WOOD HANDCRAFTS MANUFACTORY,6-10.,,15757277622@163.com,15757277622,,,,
"ANPING COUNTY HUAXING WIRE MESH CO., LTD.",15-6.,,johnson.zhang@wirecloth.com.cn,+86-318-7524018,,,,
"ANPING COUNTY JINJUE HARDWARE WIRE MESH CO.,LTD",9-14,,admin@jinjuewiremesh.com,86158 3180 6566,,,,
"ANPING COUNTY JINJUE HARDWARE WIRE MESH CO.,LTD",,,,,,,,
"ANPING COUNTY JINJUE HARDWARE WIRE MESH CO.,LTD",,,,,,,,
"Anti-Microbial Savior BioteQ Co., Ltd.",18-31,,joelchen@amsbioteq.com,+886-7-223-7578,https://www.ams-bioteq.com/jp,,,
"Anti-Microbial Savior BioteQ Co., Ltd.",,,,,,,,
"APOCHIA Co., Ltd.",30-10,,info@apochia.com,03-5834-4845,http://www.apochia.com,,,
"AQUALEAN MANUFACTURING ASSOCIATES CO., LTD.",18-22,,amy@aqualean.com.tw,+886-2-25519626,http://www.aqualean.com.tw/jp/,,,
"AQUALEAN MANUFACTURING ASSOCIATES CO., LTD.",,,,,,,,
"AQUALEAN MANUFACTURING ASSOCIATES CO., LTD.",,,,,,,,
"AQUALEAN MANUFACTURING ASSOCIATES CO., LTD.",,,,,,,,
"AQUALEAN MANUFACTURING ASSOCIATES CO., LTD.",,,,,,,,
"AQUALEAN MANUFACTURING ASSOCIATES CO., LTD.",,,,,,,,
"AQUALEAN MANUFACTURING ASSOCIATES CO., LTD.",,,,,,,,
Aquponi Inc.,24-54,,info@aquponi.com,0466-21-7191,,,,
Arianetech Pte LTD.,29-5,,enquiries@arianetech-sg.com,(65) 6779 7245,https://www.arianetech-sg.com/jp/,,,
"artisanMORE, Inc.",17-17,,,,,,,
ASTI株式会社,29-54,,o-ayuka@asti.co.jp,053-444-5561,https://www.asti.co.jp/,,,
ASTI株式会社,,,,,,,,
Avanza International INC.,"9-6, 8-5, 8-9, 9-10, 8-11, 9-12, 17-6, 18-16, 17-15, 18-22, 18-24, 18-26, 17-25, 17-23, 17-21, 17-19",,,,,,,
"Axis Co.,LTD",6-40,,info@axis4.co.jp,0423578131,,,,
"Axis Co.,LTD",,,,,,,,
"Axis Co.,LTD",,,,,,,,
"Axis Co.,LTD",,,,,,,,
"Axis Co.,LTD",,,,,,,,
"Axis Co.,LTD",,,,,,,,
"Axis Co.,LTD",,,,,,,,
"Axis Co.,LTD",,,,,,,,
"Axis Co.,LTD",,,,,,,,
"Axis Co.,LTD",,,,,,,,
"Axis Co.,LTD",,,,,,,,
"Axis Co.,LTD",,,,,,,,
"Axis Co.,LTD",,,,,,,,
"Axis Co.,LTD",,,,,,,,
"Axis Co.,LTD",,,,,,,,
"Axis Co.,LTD",,,,,,,,
"Axis Co.,LTD",,,,,,,,
"Axis Co.,LTD",,,,,,,,
"Axis Co.,LTD",,,,,,,,
"Axis Co.,LTD",,,,,,,,
"Axis Co.,LTD",,,,,,,,
"Axis Co.,LTD",,,,,,,,
"Axis Co.,LTD",,,,,,,,
"Axis Co.,LTD",,,,,,,,
"Axis Co.,LTD",,,,,,,,
AZUL Energy 株式会社,19-35,,inquiry@azul-energy.co.jp,022-209-5333,https://www.azul-energy.co.jp,,,
AZUL Energy 株式会社,,,,,,,,
"Beijing Talent International Exhibition Co., Ltd.",13-20,,,,,,,
Benchmark Media International Corp.,8-55,,info@b2benchmark.com,+886 4 2436 8936,,,,
Benchmark Media International Corp.,,,,,,,,
Benchmark Media International Corp.,,,,,,,,
Benchmark Media International Corp.,,,,,,,,
Benchmark Media International Corp.,,,,,,,,
"BIGBOX Log House 40th ""LOG IS THE FUTURE""",3-69,,info@fin-bigbox.com,0120-117698,,,,
"BIGBOX Log House 40th ""LOG IS THE FUTURE""",,,,,,,,
"BIGBOX Log House 40th ""LOG IS THE FUTURE""",,,,,,,,
"BIGBOX Log House 40th ""LOG IS THE FUTURE""",,,,,,,,
"BIGBOX Log House 40th ""LOG IS THE FUTURE""",,,,,,,,
"BIGBOX Log House 40th ""LOG IS THE FUTURE""",,,,,,,,
"BIGBOX Log House 40th ""LOG IS THE FUTURE""",,,,,,,,
"BIGBOX Log House 40th ""LOG IS THE FUTURE""",,,,,,,,
"BIGBOX Log House 40th ""LOG IS THE FUTURE""",,,,,,,,
"BIGBOX Log House 40th ""LOG IS THE FUTURE""",,,,,,,,
"BIGBOX Log House 40th ""LOG IS THE FUTURE""",,,,,,,,
"BIGBOX Log House 40th ""LOG IS THE FUTURE""",,,,,,,,
Bio-oriented technology Research Advancement InstitusioN（BRAIN）,"27-52, 28-39",,brainki1@ml.affrc.go.jp,0442768610,,,,
Bio-oriented technology Research Advancement InstitusioN（BRAIN）/Smart Agri EXPO,28-39,,brainki1@ml.affrc.go.jp,044-276-8610,,,,
BIPROGY 株式会社,22-35,,tomoya.suzuki5@biprogy.com,05031324492,https://www.biprogy.com/,,,
BIPROGY 株式会社,,,,,,,,
"BLASEN CO., LTD.",31-31,,dhm1470@dhmt.co.kr,+8207043666737,https://blasen.co.kr/,,,
"BLASEN CO., LTD.",,,,,,,,
"BLASEN CO., LTD.",,,,,,,,
BNジャパン株式会社,18-11,,,,,,,
Borregaard AS - Japan Branch,20-17,,roberto.sakano@borregaard.com,,https://www.borregaard.com/markets/agriculture,,,
Borregaard AS - Japan Branch,,,,,,,,
Borregaard AS - Japan Branch,,,,,,,,
Borregaard AS - Japan Branch,,,,,,,,
Borregaard AS - Japan Branch,,,,,,,,
Borregaard AS - Japan Branch,,,,,,,,
Borregaard AS - Japan Branch,,,,,,,,
BOYA帆谷 株式会社,12-63,,boya@boyaboya.co.jp,03-6380-0763,,,,
BOYA帆谷 株式会社,,,,,,,,
BOYA帆谷 株式会社,,,,,,,,
BOYA帆谷 株式会社,,,,,,,,
BOYA帆谷 株式会社,,,,,,,,
BOYA帆谷 株式会社,,,,,,,,
BOYA帆谷 株式会社,,,,,,,,
BOYA帆谷 株式会社,,,,,,,,
BOYA帆谷 株式会社,,,,,,,,
BOYA帆谷 株式会社,,,,,,,,
BOYA帆谷 株式会社,,,,,,,,
BOYA帆谷 株式会社,,,,,,,,
BOYA帆谷 株式会社,,,,,,,,
BSAC Corp.,22-47,,support@bsac.kr,+82 10 5636 9301,,,,
BSAC Corp.,,,,,,,,
BUSSAN,15-43,,yamaguchi@bussanjp.com,09083543132,,,,
BUSSAN,,,,,,,,
BUSSAN,,,,,,,,
Buzznomics株式会社,27-13,,buzznomics@gmail.com,03‐6803‐0159,https://www.buzznomics.jp/,,,
Buzznomics株式会社,,,,,,,,
"BySTo Co., Ltd.",21-44,,bysto@naver.com,+82-2-525-7774,https://www.bysto.co.kr/,,,
"BySTo Co., Ltd.",,,,,,,,
"CANGZHOU BAOLIHENG PACKAGING PRODUCTS CO., LTD",22-54.,,liuhaitao721820@126.com,+86 13754080999,,,,
"CANGZHOU BAOLIHENG PACKAGING PRODUCTS CO., LTD",,,,,,,,
CarracK trading,8-54,,customersupport@carrack-trading.jp,070-3963-6389,https://www.carrack-trading.jp,,,
CarracK trading,,,,,,,,
CarracK trading,,,,,,,,
CarracK trading,,,,,,,,
CarracK trading,,,,,,,,
CarracK trading,,,,,,,,
CCPIT Sub-council of Chemical Industry,"19-5, 28-31, 19-9",,,,,,,
Cerati G Tie Solutions,5-19.,,mattia@ceratig.it,00393927047912,http://.www.ceratig.it,,,
Cerati G Tie Solutions,,,,,,,,
"Chance Chans CO., LTD.",8-11,,chancechans@chancechans.com,+88647387380,,,,
CHANGSHIN Agricultural Machinery,29-19,,qhr119@hanmail.net,+82-54-862-8740,,,,
CHANGSHIN Agricultural Machinery,,,,,,,,
CHANGSHIN Agricultural Machinery,,,,,,,,
"CHANGZHOU GOLDEN MOON FABRIC FACTORY CO.,LTD.",4-14,,sales05@czmoon.com,13685256406,,,,
"CHANGZHOU GOLDEN MOON FABRIC FACTORY CO.,LTD.",,,,,,,,
"Changzhou Heshunxing Safety and Industrial Supplies Manufactory Co., Ltd.",15-35,,sales@hsxcn.com,+86‑519‑85119913,,,,
"CHANGZHOU JIAHONG PACKING CO,.LTD",14-7,,jiahong@jiahongpacking.com,0519-86350778,http://www.jiahongpacking.com,,,
"CHANGZHOU RHYNET TURF .,LTD",3-10,,,,,,,
"CHANGZHOU RHYNET TURF .,LTD",,,,,,,,
"CHANGZHOU RHYNET TURF .,LTD",,,,,,,,
CHEMIPAZ 株式会社,19-37,,kenta-nomura@chemipaz.co.jp,08070731990,https://www.chemipaz.com/,,,
CHEMIPAZ 株式会社,,,,,,,,
CHEMIPAZ 株式会社,,,,,,,,
China Source Development Ltd,15-23,,info@dragonpacking.com,+852-69173515 +86-13924593515,,,,
China Source Development Ltd,,,,,,,,
"CHUNG CHENG SCISSORS CO., LTD.",17-19,,chuche@ms16.hinet.net,7223224,https://www.chungcheng .com.tw,,,
"CHUNG CHENG SCISSORS CO., LTD.",,,,,,,,
"CHUNG CHENG SCISSORS CO., LTD.",,,,,,,,
"CHUNG-OH ENGINEERING CO., LTD.",31-31,,chungoh-eng@hanmail.net,042-621-3800,https://www.chung-oh.co.kr,,,
"CHUNG-OH ENGINEERING CO., LTD.",,,,,,,,
"Cixi Huazhijie Plastic Product Co.,Ltd.",6-25,,allen@cixihzj.com,86-574-63862188,https://www.cixihuazhijie.cn,,,
"CIXI SHENYUAN TOOL CO.,LTD",5-21,,watersun@shenyuantool.com,18268669299,,,,
"CIXI YUYI TOOL CO. , LTD.",5-22.,,bruce@yuyitool.com,13586608288,https://www.yuyitool.com/,,,
"CIXI YUYI TOOL CO. , LTD.",,,,,,,,
"CIXI YUYI TOOL CO. , LTD.",,,,,,,,
"CIXI YUYI TOOL CO. , LTD.",,,,,,,,
"Coatgreen CO., LTD.",19-22,,email@coatgreen.com,+82222611188,https://www.coatgreen.com/,,,
"Coatgreen CO., LTD.",,,,,,,,
"Coatgreen CO., LTD.",,,,,,,,
"Coco Agriculture Co.,Ltd.",20-16,,cocopeatplus@gmail.com,+66 846662807,,,,
"Coco Agriculture Co.,Ltd.",,,,,,,,
"Coco Agriculture Co.,Ltd.",,,,,,,,
"CoCreation Grass Co., Ltd.",7-1.,,info@ccgrass.com,+862569811666,,,,
CoLeRe株式会社,20-11,,,,,,,
"CROPS CO,. Ltd",15-15,,crops-kobe@crops-sports.com,078-381-7494,https://www.crops-sports.com/,,,
"CROPS CO,. Ltd",,,,,,,,
"CROPS CO,. Ltd",,,,,,,,
CULTA Inc.,27-25,,info@culta.jp,05017225537,https://culta.jp/,,,
Daehan Steel Corp.,25-14,,dh4192@hanmail.net,0416336000,,,,
DAEYANG CORPORATION,22-47,,daeyang@dae-sung.com,+82 2 854 5500,,,,
DAEYANG CORPORATION,,,,,,,,
DAEYANG CORPORATION,,,,,,,,
DAEYANG CORPORATION,,,,,,,,
DAIN INC,22-47,,,,,,,
"DALIAN JUFENG RUISHENG INT’L TRADING CO., LTD.",19-15,,cindy_xing@china.com,86-139-4283-9598,http://www.jufengruisheng.com,,,
"DALIAN JUFENG RUISHENG INT’L TRADING CO., LTD.",,,,,,,,
"DALIAN JUFENG RUISHENG INT’L TRADING CO., LTD.",,,,,,,,
"DALIAN JUFENG RUISHENG INT’L TRADING CO., LTD.",,,,,,,,
"DALIAN JUFENG RUISHENG INT’L TRADING CO., LTD.",,,,,,,,
"DALIAN JUFENG RUISHENG INT’L TRADING CO., LTD.",,,,,,,,
"DALIAN JUFENG RUISHENG INT’L TRADING CO., LTD.",,,,,,,,
"DALIAN JUFENG RUISHENG INT’L TRADING CO., LTD.",,,,,,,,
"DALIAN JUFENG RUISHENG INT’L TRADING CO., LTD.",,,,,,,,
"DALIAN JUFENG RUISHENG INT’L TRADING CO., LTD.",,,,,,,,
"DALIAN JUFENG RUISHENG INT’L TRADING CO., LTD.",,,,,,,,
"DALIAN JUFENG RUISHENG INT’L TRADING CO., LTD.",,,,,,,,
"DALIAN JUFENG RUISHENG INT’L TRADING CO., LTD.",,,,,,,,
"DALIAN JUFENG RUISHENG INT’L TRADING CO., LTD.",,,,,,,,
"DALIAN JUFENG RUISHENG INT’L TRADING CO., LTD.",,,,,,,,
"DALIAN JUFENG RUISHENG INT’L TRADING CO., LTD.",,,,,,,,
"DANDONG XINYANG MINERAL CO., LTD.",19-17,,info@xymining.com.cn,+86 411 82530222,,,,
DAS株式会社,15-22,,das@discoas.co.jp,03-5461-7501,,,,
"DATO AGRICULTURE MACHINERY CO., LTD.",17-10,,,,,,,
"Dawnsens New Materials (Xiamen) Co., Ltd",20-52,,,,,,,
DC SHOES (ディーシーシューズ),"16-32, 16-31",,kazutoshi.antoku@boardriders.co.jp,0354696084,,,,
DEARISE 三共木工株式会社,"29-6A, 29-6B",,drone@dearise.com,049-265-8601,https://dearise.com/,,,
DEARISE 三共木工株式会社,,,,,,,,
DEARISE 三共木工株式会社,,,,,,,,
DEARISE 三共木工株式会社,,,,,,,,
DEARISE 三共木工株式会社,,,,,,,,
Delphy JAPAN,33-48,,dj.info@delphyj.co.jp,0285387290,https://delphyj.co.jp,,,
"Diamond Quantum Biotech CO., LTD.",17-7,,service@diacal.com.tw,+886-4-26932811,,,,
"Diamond Quantum Biotech CO., LTD.",,,,,,,,
"Diamond Quantum Biotech CO., LTD.",,,,,,,,
"Diamond Quantum Biotech CO., LTD.",,,,,,,,
"Diamond Quantum Biotech CO., LTD.",,,,,,,,
"Diamond Quantum Biotech CO., LTD.",,,,,,,,
"Diamond Quantum Biotech CO., LTD.",,,,,,,,
DL国際株式会社,15-17,,dlkokusai7@gmail.com,06-6732-8871,,,,
DL国際株式会社,,,,,,,,
DL国際株式会社,,,,,,,,
DL国際株式会社,,,,,,,,
DL国際株式会社,,,,,,,,
DL国際株式会社,,,,,,,,
DL国際株式会社,,,,,,,,
"Dongguan BSV Electronic Technology Co.,Ltd",7-31.,,s1@bsvelec.com,86 13392802954,,,,
"Dongguan BSV Electronic Technology Co.,Ltd",,,,,,,,
"Dongguan BSV Electronic Technology Co.,Ltd",,,,,,,,
"Dongguan Dovoh Laser Instrument Co., Ltd.",12-21,,bob.qu@dovoh.com,+86-18938172191,https://www.dovoh.com,,,
"Dongguan Dovoh Laser Instrument Co., Ltd.",,,,,,,,
"Dongguan Dovoh Laser Instrument Co., Ltd.",,,,,,,,
"Dongguan Dovoh Laser Instrument Co., Ltd.",,,,,,,,
"Dongguan Dovoh Laser Instrument Co., Ltd.",,,,,,,,
"Dongguan Habotest Instrument Technology Co.,Ltd.",9-36,,lisa.ye@habotest.com,0769-89383525,https://www.habotest.com,,,
"Dongguan Habotest Instrument Technology Co.,Ltd.",,,,,,,,
"Dongguan Yuanjieshi Clothing Technology Co., Ltd",8-24,,gh85587770@163.com,0086 13592758686,,,,
"Dongguan Yuanjieshi Clothing Technology Co., Ltd",,,,,,,,
"Dongguan Yuanjieshi Clothing Technology Co., Ltd",,,,,,,,
"Dongguan Yuanjieshi Clothing Technology Co., Ltd",,,,,,,,
"DONGJIN ELECTRIC & PRECISION CO.,LTD.",20-70,,sales@dongjinco.com,+82-55-342-5081,,,,
"DONGJIN ELECTRIC & PRECISION CO.,LTD.",,,,,,,,
"DONGJIN ELECTRIC & PRECISION CO.,LTD.",,,,,,,,
"DONGJIN ELECTRIC & PRECISION CO.,LTD.",,,,,,,,
"DONGJIN ELECTRIC & PRECISION CO.,LTD.",,,,,,,,
"DONGJIN ELECTRIC & PRECISION CO.,LTD.",,,,,,,,
"DONGJIN ELECTRIC & PRECISION CO.,LTD.",,,,,,,,
"DONGJIN ELECTRIC & PRECISION CO.,LTD.",,,,,,,,
Dousei Biotech LLC,28-51,,dongjingshengwu@gmail.com,0470295868,,,,
Dousei Biotech LLC,,,,,,,,
DREAMBEER,"26-19, 20-69",,,,https://dreambeer.jp/,,,
DREAMBEER,,,,,,,,
"Dukshin Corp., LTD.",14-6,,psj@dukshin.com,+82328126257,http://dukshin.com/,,,
"Dukshin Corp., LTD.",,,,,,,,
"Dukshin Corp., LTD.",,,,,,,,
"Dukshin Corp., LTD.",,,,,,,,
"Dukshin Corp., LTD.",,,,,,,,
"Dukshin Corp., LTD.",,,,,,,,
"Dukshin Corp., LTD.",,,,,,,,
"Dukshin Corp., LTD.",,,,,,,,
"Dukshin Corp., LTD.",,,,,,,,
"Dukshin Corp., LTD.",,,,,,,,
"Dukshin Corp., LTD.",,,,,,,,
"Dukshin Corp., LTD.",,,,,,,,
"Dukshin Corp., LTD.",,,,,,,,
"Dukshin Corp., LTD.",,,,,,,,
"Dukshin Corp., LTD.",,,,,,,,
"Dukshin Corp., LTD.",,,,,,,,
DURALOGIC HOLDING LTD.,13-52,,k-hayashida@chillvest.cn,09028695087,,,,
"Eagle Brand Wire Ropes Co., Ltd.",8-26.,,info@jyeagle.net,+86 13376221522,,,,
"Eagle Brand Wire Ropes Co., Ltd.",,,,,,,,
"Eagle Brand Wire Ropes Co., Ltd.",,,,,,,,
EagleNXT,29-42,,sales.micasense@ageagle.com,1214-667-7118,https://eaglenxt.com/,,,
EagleNXT,,,,,,,,
EagleNXT,,,,,,,,
EagleNXT,,,,,,,,
"Earthgen Technology Co., Ltd.",17-11,,,,,,,
"EBIC INTERNATIONAL CO.,LIMITED",10-23,,younei2005@126.com,025-83279267,,,,
"EBIC INTERNATIONAL CO.,LIMITED",,,,,,,,
"EBIC INTERNATIONAL CO.,LIMITED",,,,,,,,
"Eco Biotech Co., Ltd.",21-22,,koojj58@naver.com,+82-1056018838,http://www.eco-biotech.com/,,,
"Eco Biotech Co., Ltd.",,,,,,,,
"Eco Biotech Co., Ltd.",,,,,,,,
"Eco Biotech Co., Ltd.",,,,,,,,
EcoFlow Technology Japan 株式会社,4-59,,joy.zhou@ecoflow.com,03-6271-0234,,,,
EcoFlow Technology Japan 株式会社,,,,,,,,
EcoFlow Technology Japan 株式会社,,,,,,,,
EcoFlow Technology Japan 株式会社,,,,,,,,
EcoFlow Technology Japan 株式会社,,,,,,,,
EcoFlow Technology Japan 株式会社,,,,,,,,
EcoFlow Technology Japan 株式会社,,,,,,,,
EcoFlow Technology Japan 株式会社,,,,,,,,
EcoFlow Technology Japan 株式会社,,,,,,,,
EcoFlow Technology Japan 株式会社,,,,,,,,
EcoFlow Technology Japan 株式会社,,,,,,,,
EFT Electronic Technology Co. Ltd.,30-24,,mkt@effort-tech.com,+86 19356553706,,,,
En.Wood 株式会社,22-1,,n.iwawaki@enwood.biz,09027691260,,,,
En.Wood 株式会社,,,,,,,,
ENEGGO株式会社,5-20,,info@eneggo.com,0955259595,https://eneggo.com/,,,
ENEGGO株式会社,,,,,,,,
ENEGGO株式会社,,,,,,,,
ENEGGO株式会社,,,,,,,,
ENEGGO株式会社,,,,,,,,
ENEGGO株式会社,,,,,,,,
ENEGGO株式会社,,,,,,,,
ENEGGO株式会社,,,,,,,,
ENEGGO株式会社,,,,,,,,
ENEGGO株式会社,,,,,,,,
ENEGGO株式会社,,,,,,,,
ENPLANA GROUP株式会社,10-40,,info@enplana.group,0344058000,,,,
ENPLANA GROUP株式会社,,,,,,,,
EUROEQUIPE SRL UNINOMINALE,4-35,,sara.lachtar@hidroself.it,0039051734808,http://www.euroequipe.eu/,,,
EUROEQUIPE SRL UNINOMINALE,,,,,,,,
EUROEQUIPE SRL UNINOMINALE,,,,,,,,
"Expo Linking (Xiamen) Service Co., Ltd","14-31, 15-32, 16-25, 3-40, 16-27",,,,,,,
Exurbia Geospatial inc.,31-40.,,akshay@exurbiageospatial.com,+91 8921217279,https://www.exurbiageospatial.com/,,,
Exurbia Geospatial inc.,,,,,,,,
"F.C.C. Co., Ltd.",29-20,,,0535232400,,,,
"F.C.C. Co., Ltd.",,,,,,,,
"F.C.C. Co., Ltd.",,,,,,,,
"Fangda Holding Co.,Ltd",10-28,,,86-577-62295888,http://www.fangda-tools.com,,,
"Fangda Holding Co.,Ltd",,,,,,,,
"Fangda Holding Co.,Ltd",,,,,,,,
Fanttik Innovation Inc,11-59,,sales-jp@fanttik.com,+81 13123856931,https://fanttik.com/,,,
Fanttik Innovation Inc,,,,,,,,
Fanttik Innovation Inc,,,,,,,,
Fanttik Innovation Inc,,,,,,,,
Fanttik Innovation Inc,,,,,,,,
Fanttik Innovation Inc,,,,,,,,
Fanttik Innovation Inc,,,,,,,,
Fanttik Innovation Inc,,,,,,,,
Fanttik Innovation Inc,,,,,,,,
Fanttik Innovation Inc,,,,,,,,
Fanttik Innovation Inc,,,,,,,,
Fanttik Innovation Inc,,,,,,,,
Fanttik Innovation Inc,,,,,,,,
Fanttik Innovation Inc,,,,,,,,
Fanttik Innovation Inc,,,,,,,,
Fanttik Innovation Inc,,,,,,,,
Fanttik Innovation Inc,,,,,,,,
Fanttik Innovation Inc,,,,,,,,
Fanttik Innovation Inc,,,,,,,,
Fanttik Innovation Inc,,,,,,,,
Fanttik Innovation Inc,,,,,,,,
Fanttik Innovation Inc,,,,,,,,
Fanttik Innovation Inc,,,,,,,,
Fanttik Innovation Inc,,,,,,,,
Fanttik Innovation Inc,,,,,,,,
Farmer's Hands,22-17,,core@bodit.co,+82 1077360699,,,,
Farmer's Hands,,,,,,,,
Farmer's Hands,,,,,,,,
"Farmhannong Co., Ltd.",21-1,,dllion@farmhannong.com,82 1094275943,https://www.farmhannong.com/eng/main/index.do,,,
"FARMSKO CO.,LTD.",20-40,,farmsco@daum.net,+82 44-863-5701,,,,
"FARMSKO CO.,LTD.",,,,,,,,
Fenixlight Limited,8-53,,j-hayasaki@hayasaki.work,090-1959-8839,https://fenixlight.jp/collections,,,
Fenixlight Limited,,,,,,,,
Fenixlight Limited,,,,,,,,
"Fit＆Recovery Co.,Ltd",32-5,,,03-3571-2616,https://fit-recovery.co.jp/,,,
FJ DYNAMICS INTERNATIONAL LIMITED,32-23,,mkt.global@fjdynamics.com,+852 26488799,,,,
FJ DYNAMICS INTERNATIONAL LIMITED,,,,,,,,
FJ DYNAMICS INTERNATIONAL LIMITED,,,,,,,,
FJ DYNAMICS INTERNATIONAL LIMITED,,,,,,,,
FJ DYNAMICS INTERNATIONAL LIMITED,,,,,,,,
FJ DYNAMICS INTERNATIONAL LIMITED,,,,,,,,
FJ DYNAMICS INTERNATIONAL LIMITED,,,,,,,,
FJ DYNAMICS INTERNATIONAL LIMITED,,,,,,,,
FJ DYNAMICS INTERNATIONAL LIMITED,,,,,,,,
FJ DYNAMICS INTERNATIONAL LIMITED,,,,,,,,
FJ DYNAMICS INTERNATIONAL LIMITED,,,,,,,,
"FLYING-HIGH INTERNATIONAL INDUSTRIAL SUPPLY CO., LTD.","9-6, 8-5, 8-9, 9-10, 8-11, 9-12, 17-6, 18-16, 17-15, 18-22, 18-24, 18-26, 17-25, 17-23, 17-21, 17-19",,flying.high@msa.hinet.net,02-27533201,https://www.flyinghigh.com.tw/profile.html,,,
"FLYING-HIGH INTERNATIONAL INDUSTRIAL SUPPLY CO., LTD.",,,,,,,,
FMAGTECH,22-47,,,,,,,
FPARMA6 Japan,24-35,,kim-jh0303@sevenbeauty.co.jp,08050298899,https://www.fparma6.com/,,,
FPARMA6 Japan,,,,,,,,
FPARMA6 Japan,,,,,,,,
"Fu-Fong fogging co.,",18-14,,Fufong@foggingnozzles.info,886-5-2213011,,,,
"Fu-Fong fogging co.,",,,,,,,,
"FUJIAN SAFETECH PROTECTION CO.,LTD",15-32,,eurosales@spsafetech.com,86-591-87400083,,,,
"FUJIAN SAFETECH PROTECTION CO.,LTD",,,,,,,,
"FUJIAN SAFETECH PROTECTION CO.,LTD",,,,,,,,
"FUJIAN SAFETECH PROTECTION CO.,LTD",,,,,,,,
"FUJIAN SAFETECH PROTECTION CO.,LTD",,,,,,,,
"FUJIAN SAFETECH PROTECTION CO.,LTD",,,,,,,,
Fujikon corporation 株式会社,3-52,,goods@fujita-op.com,0778522872,https://www.fujikon-hd.com/fujikoncorporation/,,,
Fujikon corporation 株式会社,,,,,,,,
FUJIWARA NURSERY,4-39,,,,,,,
G.B.Z 株式会社,11-41,,kabusikigbz@gmail.com,0528881258,https://g-b-z.co.jp/,,,
G.B.Z 株式会社,,,,,,,,
"GEON HUNG ENTERPRISE CO., LTD.",9-12,,sumio@ms16.hinet.net,+886426992308,,,,
"GEON HUNG ENTERPRISE CO., LTD.",,,,,,,,
"GEON HUNG ENTERPRISE CO., LTD.",,,,,,,,
GFFA,22-47,,leolee@gffa.co.kr,+82234451446,https://www.gffa.co.kr,,,
GFFA,,,,,,,,
"GINT CO., LTD.",31-31,,global@gintlab.com,+82312124994,,,,
"GINT CO., LTD.",,,,,,,,
"GINT Co.,Ltd.",32-47,,global@gintlab.com,011-233-2680,,,,
"GINT Co.,Ltd.",,,,,,,,
"GLAND ENTERPRISE CO., LTD.",17-15,,,,,,,
"GLORY INTERNATIONAL EXHIBITION CO., LTD","15-25, 13-21, 3-31, 13-21.",,,,,,,
"GMT GARDENING CO.,LTD",4-16,,,,,,,
Grad JAPAN,2-31,,,052-930-7855,https://japan.grad-system.com,,,
GrandeLePrince,5-31,,,,,,,
"GRANDURE (CAMBODIA) MANUFACTURE CO., LTD Manufacturing in Cambodia & China",14-31.,,kiki.bao@grandure.com.cn,+86 15267973353,http://www.grandure.com.cn/,,,
"GRANDURE (CAMBODIA) MANUFACTURE CO., LTD Manufacturing in Cambodia & China",,,,,,,,
"GRANDURE (CAMBODIA) MANUFACTURE CO., LTD Manufacturing in Cambodia & China",,,,,,,,
"GRANDURE (CAMBODIA) MANUFACTURE CO., LTD Manufacturing in Cambodia & China",,,,,,,,
"GRANDURE (CAMBODIA) MANUFACTURE CO., LTD Manufacturing in Cambodia & China",,,,,,,,
"GREAT PRECISION CO., LTD.",18-16,,,,,,,
Green Automation Group Ltd,33-19,,info@greenautomation.com,+358 504679849,https://www.greenautomation.com,,,
Green Automation Group Ltd,,,,,,,,
GreenSnap 株式会社,7-47,,,,https://greensnap.co.jp/,,,
Growise Inc.,29-18,,growise@growise.co.kr,+82 313530625,,,,
Growise Inc.,,,,,,,,
Growise Inc.,,,,,,,,
Growise Inc.,,,,,,,,
"GS KOREA Co., Ltd",20-60,,saleskim@rootplus.co.kr,+8263-536-1117,,,,
"GS KOREA Co., Ltd",,,,,,,,
"Guangdong Aoneng Hardware & Tools Co., Ltd.",13-22,,sales@aoneng.com,8675722328482,https://www.aoneng.com,,,
"Guangdong Kaitai Electronic Technology Co.,Ltd",13-18,,sales@gd-kaitai.com,+86-0759-2961568,https://www.gd-kaitai.com/,,,
"Guangdong Kaitai Electronic Technology Co.,Ltd",,,,,,,,
"Guangdong Moore Technology Co., Ltd.",33-21.,,info@mooreled.com,+86-750-6018123,,,,
"Guangdong Moore Technology Co., Ltd.",,,,,,,,
"Guangdong Moore Technology Co., Ltd.",,,,,,,,
"Guangzhou Linong Lighting Technology Co.,Ltd.",28-31,,rovy@lnled.com,+8615673204913,,,,
"Guangzhou Linong Lighting Technology Co.,Ltd.",,,,,,,,
"Guangzhou Linong Lighting Technology Co.,Ltd.",,,,,,,,
"Guangzhou Linong Lighting Technology Co.,Ltd.",,,,,,,,
"Guangzhou Linong Lighting Technology Co.,Ltd.",,,,,,,,
"Guangzhou Linong Lighting Technology Co.,Ltd.",,,,,,,,
"GYOKUCHO CO., LTD.",10-69,,info@gyokucho.co.jp,0794-83-1010,https://www.gyokucho.co.jp/,,,
"GYOKUCHO CO., LTD.",,,,,,,,
"GYOKUCHO CO., LTD.",,,,,,,,
"GYOKUCHO CO., LTD.",,,,,,,,
"GYOKUCHO CO., LTD.",,,,,,,,
"GYOKUCHO CO., LTD.",,,,,,,,
"HADA CO., LTD(Korea).",31-31,,mkt@hada-korea.com,01097232600,https://hada-korea.com,,,
"HADA CO., LTD(Korea).",,,,,,,,
"HADA Co., Ltd.",33-47,,sales@hada-korea.com,82638362005,https://hada-korea.com/,,,
"HADA Co., Ltd.",,,,,,,,
"Hailian Saw Blade Technology Co.,Ltd",13-17,,sales@hailian.cc,+86 573 86083568,https://www.hailian.cc/,,,
"Hailian Saw Blade Technology Co.,Ltd",,,,,,,,
"Hailian Saw Blade Technology Co.,Ltd",,,,,,,,
"Hailian Saw Blade Technology Co.,Ltd",,,,,,,,
"HAINING JIACEN Fastener CO.,LTD",7-23,,229133592@qq.com,13235838997,,,,
"HAINING JIACEN Fastener CO.,LTD",,,,,,,,
"HAMMOCK LEISURE PRODUCTS (ZHEJIANG) CO.,LTD",3-12.,,leon@elchammock.com,+86 05707255756,,,,
Hana Corporation,31-31,,hanacorp@r-binder.co.kr,042-627-5364,,,,
Hana Corporation,,,,,,,,
Hana Corporation,,,,,,,,
Hana Corporation,,,,,,,,
"Hangzhou Easy Can Tools Co., Ltd",13-8,,sales3@ezarctools.com,+8613606645329,,,,
"Hangzhou Easy Can Tools Co., Ltd",,,,,,,,
"HANGZHOU LINDGE LEISURE CO., LTD.",5-35.,,susan@hzlindge.com,13355781806,,,,
"HANGZHOU LINDGE LEISURE CO., LTD.",,,,,,,,
"Hangzhou Roboct Technology Development Co., Ltd.",9-24,,taku@roboct.com,18767267131,https://www.roboct.com/,,,
"Hangzhou Roboct Technology Development Co., Ltd.",,,,,,,,
"Hangzhou Roboct Technology Development Co., Ltd.",,,,,,,,
"Hangzhou Roboct Technology Development Co., Ltd.",,,,,,,,
"HANGZHOU ZHAOSHENG HARDWARE TOOLS CO., LTD.",10-26,,869279981@qq.com,+86-13575712687,,,,
"HANGZHOU ZHAOSHENG HARDWARE TOOLS CO., LTD.",,,,,,,,
"HanTech Co., Ltd.",20-7,,chrysanm@nate.com,+82559412140,,,,
"HanTech Co., Ltd.",,,,,,,,
"Hantu Expo Co.,Ltd","EX282, 10-18",,,,,,,
"Hebei Honde Plastic & Metal Co.,Ltd",23-25.,,sales@electricfencemanufacturer.com,+（86）15383215085,,,,
"Hebei Honde Plastic & Metal Co.,Ltd",,,,,,,,
"Hebei Honde Plastic & Metal Co.,Ltd",,,,,,,,
"Hebei Honde Plastic & Metal Co.,Ltd",,,,,,,,
"Hebei Honde Plastic & Metal Co.,Ltd",,,,,,,,
"Hebei Honde Plastic & Metal Co.,Ltd",,,,,,,,
"Hebei Honde Plastic & Metal Co.,Ltd",,,,,,,,
"HELEGO Co., Ltd",15-18,,sales@helego.co.th,+66 639697077,https://helego.co.th/,,,
"HELEGO Co., Ltd",,,,,,,,
"HELEGO Co., Ltd",,,,,,,,
"HELEGO Co., Ltd",,,,,,,,
"HELEGO Co., Ltd",,,,,,,,
HELPER ROBOTECH,31-31,,grafting2016@gmail.com,+82-55-314-5858,http://www.hr24.co.kr,,,
HELPER ROBOTECH,,,,,,,,
HELPER ROBOTECH,,,,,,,,
"HELSEL CO.,LTD",31-42,,rickychang@helsel.co.kr,821087273860,,,,
"HELSEL CO.,LTD",,,,,,,,
"Henan SteelArt Science and Technology Co., Ltd.",4-11,,steelart@steelartfurniture.com,0086-379-65556625,,,,
HOSAN VISION,20-12,,hosan_vision@naver.com,0437315421,https://hosan.info/,,,
HOSAN VISION,,,,,,,,
HOSAN VISION,,,,,,,,
HOSAN VISION,,,,,,,,
"Hoseworld Garden Tool (Zhejiang) Co.,Ltd",6-23,,han@cnhoseworld.com,+086 15957859053,http://hoseworld.en.alibaba.com,,,
"Hoseworld Garden Tool (Zhejiang) Co.,Ltd",,,,,,,,
"Hoseworld Garden Tool (Zhejiang) Co.,Ltd",,,,,,,,
"Hoseworld Garden Tool (Zhejiang) Co.,Ltd",,,,,,,,
"HUA WEI INDUSTRIAL CO., LTD.",17-6,,,,,,,
"HUA WEI INDUSTRIAL CO., LTD.",,,,,,,,
"Huzhou Daixi Zhenhua Technology Trade Co., Ltd",17-47.,,eden@zhenhuagm.com,+86-0572-3981419,,,,
"Huzhou Daixi Zhenhua Technology Trade Co., Ltd",,,,,,,,
"HUZHOU XINFENG WOOD PLASTIC COMPOSITE CO.,LTD.",7-5,,xf@hzxinfeng.com,+86 572 8832669,,,,
"HUZHOU XINFENG WOOD PLASTIC COMPOSITE CO.,LTD.",,,,,,,,
"HUZHOU XINFENG WOOD PLASTIC COMPOSITE CO.,LTD.",,,,,,,,
"HUZHOU XINFENG WOOD PLASTIC COMPOSITE CO.,LTD.",,,,,,,,
"HUZHOU XINFENG WOOD PLASTIC COMPOSITE CO.,LTD.",,,,,,,,
"HUZHOU XINFENG WOOD PLASTIC COMPOSITE CO.,LTD.",,,,,,,,
"HUZHOU XINFENG WOOD PLASTIC COMPOSITE CO.,LTD.",,,,,,,,
"HUZHOU XINFENG WOOD PLASTIC COMPOSITE CO.,LTD.",,,,,,,,
"HUZHOU XINFENG WOOD PLASTIC COMPOSITE CO.,LTD.",,,,,,,,
"HUZHOU XINFENG WOOD PLASTIC COMPOSITE CO.,LTD.",,,,,,,,
"HWA YUNG STEEL INDUSTRIAL CO., LTD",16-7,,hwayungsteel@gmail.com,+8867522781,,,,
"HWA YUNG STEEL INDUSTRIAL CO., LTD",,,,,,,,
"HWA YUNG STEEL INDUSTRIAL CO., LTD",,,,,,,,
"HWA YUNG STEEL INDUSTRIAL CO., LTD",,,,,,,,
"HWA YUNG STEEL INDUSTRIAL CO., LTD",,,,,,,,
"HWA YUNG STEEL INDUSTRIAL CO., LTD",,,,,,,,
"HWA YUNG STEEL INDUSTRIAL CO., LTD",,,,,,,,
"HWA YUNG STEEL INDUSTRIAL CO., LTD",,,,,,,,
HWASUNG INDUSTRIES,31-31,,hs@hspot.kr,82-43-732-6256,,,,
HWASUNG INDUSTRIES,,,,,,,,
HWASUNG INDUSTRIES,,,,,,,,
HWASUNG INDUSTRIES,,,,,,,,
HWASUNG INDUSTRIES,,,,,,,,
HWASUNG INDUSTRIES,,,,,,,,
"HXT GLOVES CO.,LTD",12-41.,,alex@hxtgloves.com,,http://www.hxtgloves.com,,,
"HXT GLOVES CO.,LTD",,,,,,,,
"HXT GLOVES CO.,LTD",,,,,,,,
"HXT GLOVES CO.,LTD",,,,,,,,
"HYDRO™, a brand of PSG®",22-32,,PSG-Asia@psgdover.com,+86-4006004026,,,,
"Hyosung ONB CO.,LTD.",22-47,,uto2147@nate.com,+82-42-867-8935,,,,
"Hyosung ONB CO.,LTD.",,,,,,,,
"Hyosung ONB CO.,LTD.",,,,,,,,
"Hyosung ONB CO.,LTD.",,,,,,,,
"Hyosung ONB CO.,LTD.",,,,,,,,
"Hyosung ONB CO.,LTD.",,,,,,,,
IDECH CORPORATION,9-70,,info@idech.co.jp,0790-42-6688,https://www.idech.co.jp/,,,
IDECH CORPORATION,,,,,,,,
IDECH CORPORATION,,,,,,,,
IDECH CORPORATION,,,,,,,,
IDECH CORPORATION,,,,,,,,
IDECH CORPORATION,,,,,,,,
IDECH CORPORATION,,,,,,,,
IDECH CORPORATION,,,,,,,,
IDECH CORPORATION,,,,,,,,
IDECH CORPORATION,,,,,,,,
IDECH CORPORATION,,,,,,,,
IDECH CORPORATION,,,,,,,,
IDECH CORPORATION,,,,,,,,
IDECH CORPORATION,,,,,,,,
IDECH CORPORATION,,,,,,,,
IDECH CORPORATION,,,,,,,,
IDECH CORPORATION,,,,,,,,
IDECH CORPORATION,,,,,,,,
IDECH CORPORATION,,,,,,,,
IDECH CORPORATION,,,,,,,,
iFARM 合同会社,32-69,,contact@ifarm.space,03-6826-0735,https://ifarm-agritech.studio.site/,,,
iFARM 合同会社,,,,,,,,
"IKEX Co.,Ltd",27-9,,satou.shigeru@gmail.com,0567-24-1339,https://www.ikex.jp/,,,
"IKEX Co.,Ltd",,,,,,,,
"IKEX Co.,Ltd",,,,,,,,
"IKEX Co.,Ltd",,,,,,,,
"IKEX Co.,Ltd",,,,,,,,
"IKEX Co.,Ltd",,,,,,,,
"IKEX Co.,Ltd",,,,,,,,
"IKEX Co.,Ltd",,,,,,,,
"IKEX Co.,Ltd",,,,,,,,
"IKEX Co.,Ltd",,,,,,,,
"IKEX Co.,Ltd",,,,,,,,
"IKEZAWAKAKO CO.,LTD",20-2,,ike-kakou@cosmolife.jp,0475353724,https://ikezawa-kako.com/,,,
"IKEZAWAKAKO CO.,LTD",,,,,,,,
"IKEZAWAKAKO CO.,LTD",,,,,,,,
IM AGRI TECH,22-47,,,,,,,
Infotrade Media Co Ltd,8-62,,publication@trade-eye.com,0423132189,,,,
Inpasa,24-25,,,,,,,
INPLAB Inc.,30-39,,sales@inplab.com,+82 54-434-7278,,,,
INPLAB Inc.,,,,,,,,
INSIGHT WORKS株式会社,4-70,,,,,,,
IRIS COMPANY LIMITED,1-5,,,,,,,
"Ishikawa Energy Research Co., Ltd.",30-14,,sales@ier.co.jp,0277-46-8155,,,,
"Ishikawa Energy Research Co., Ltd.",,,,,,,,
"Ishikawa Energy Research Co., Ltd.",,,,,,,,
"IT Tech Co., Ltd",23-42,,dennis@itechour.com,070-5208-7789,,,,
"IT Tech Co., Ltd",,,,,,,,
ItalGrass,4-35,,info@italgrass.com,+39 351 8335683,https://www.italgrass.com/en/,,,
J-AGRI/GARDEX/TOOL JAPAN Show Management,10-63,,,0256610118,,,,
J-AGRI/GARDEX/TOOL JAPAN Show Management,MER1,,,,,,,
J-AGRI/GARDEX/TOOL JAPAN Show Management,,,,,,,,
J-AGRI/GARDEX/TOOL JAPAN Show Management,,,,,,,,
J-AGRI/GARDEX/TOOL JAPAN Show Management,,,,,,,,
J-AGRI/GARDEX/TOOL JAPAN Show Management,,,,,,,,
"JA ZEN-NOH ACOOP CO.,LTD.",21-63,,hagiwara-kimihito@jaz-acoop.co.jp,0789203919,https://www.acoop-east-t.jp/kumix/,,,
"JA ZEN-NOH ACOOP CO.,LTD.",,,,,,,,
"JEONG-IL GLOCHEM CO., LTD",31-31,,shilpark@naver.com,821053482842,,,,
"JEONG-IL GLOCHEM CO., LTD",,,,,,,,
"JEONG-IL GLOCHEM CO., LTD",,,,,,,,
"JEONG-IL GLOCHEM CO., LTD",,,,,,,,
JFEプラリソース 株式会社,23-36.,,mail@jfe-plr.co.jp,044-270-5581,http://www.jfe-plr.co.jp/index.html,,,
JFEプラリソース 株式会社,,,,,,,,
"JIA HAO PLASTICS FACTORY CO., LTD.",18-26,,,,,,,
"Jiangsu Daniu Optoelectronics Technology Co, Ltd.",10-24,,18012446688@163.com,18012446688,https://www.daniu-level.com,,,
"Jiangsu Daniu Optoelectronics Technology Co, Ltd.",,,,,,,,
"Jiangsu Hengfeng Power Tool Co., Ltd",10-22,,contact@hf-tools.com,+8613813616628,,,,
"Jiangsu Hengfeng Power Tool Co., Ltd",,,,,,,,
"Jiangsu Hengfeng Power Tool Co., Ltd",,,,,,,,
"Jiangsu Hengfeng Power Tool Co., Ltd",,,,,,,,
"Jiangsu Hengfeng Power Tool Co., Ltd",,,,,,,,
"JIANGSU LISUN TECHNOLOGY CO.,LTD",16-64,,todd@linkamz.com,17751572395,,,,
"Jiangsu Nanfeng Textile Thread Industry Co.,Ltd",17-26,,mr.ma@shenchentextile.com,+86 18912785188,,,,
"Jiangsu Nanfeng Textile Thread Industry Co.,Ltd",,,,,,,,
"Jiangsu Nanfeng Textile Thread Industry Co.,Ltd",,,,,,,,
"Jiangsu Nanfeng Textile Thread Industry Co.,Ltd",,,,,,,,
"JIANGSU QIYUE ARTIFICIAL GRASS CO.,LTD",8-22.,,david@qiyueturf.com,8615371358929,,,,
"JIANGSU QIYUE ARTIFICIAL GRASS CO.,LTD",,,,,,,,
"JIANGSU VIVATURF ARTIFICIAL GRASS CO., LTD.",5-16,,info@vivaturf.com,+86-510-85124101,https://www.vivaturf.com/,,,
"JIANGSU VIVATURF ARTIFICIAL GRASS CO., LTD.",,,,,,,,
"JIANGSU VIVATURF ARTIFICIAL GRASS CO., LTD.",,,,,,,,
"Jiangsu WMGrass Co., Ltd.",7-25.,,wmgrass@wmgrass.com.cn,+8613861728339,,,,
"Jiangxi Unico Abrasive Tech. Co,.Ltd",8-28,,,,,,,
"Jiangyin Ordg Trading Co.,Ltd.",15-10.,,ordg017@ordg.com,15852581620,http://www.ordg.net,,,
"Jiangyin Ordg Trading Co.,Ltd.",,,,,,,,
"Jiaxing Aibite Trading Co., Ltd",12-5.,,bsales@abcanopy.com,86-13967386300,,,,
"Jiaxing Aibite Trading Co., Ltd",,,,,,,,
"JIDONG (SHANDONG) TOOLS CO.,LTD.",16-28,,chen@jidong-tool.com,0086-13805369386,http://www.jidong-tool.com,,,
"JIDONG (SHANDONG) TOOLS CO.,LTD.",,,,,,,,
"JIN HUA BAI DUN PROTECTION TOOLS CO.,LTD",9-34,,jhbdtools2@jhbdtools.com,0579-82590167,,,,
"JIN HUA BAI DUN PROTECTION TOOLS CO.,LTD",,,,,,,,
"JIN HUA BAI DUN PROTECTION TOOLS CO.,LTD",,,,,,,,
"JIN HUA BAI DUN PROTECTION TOOLS CO.,LTD",,,,,,,,
"JINHUA YINGMAI INDUSTRIL AND TRADE CO.,LTD",3-40,,,,,,,
"JINJIANG M.H.W SHOES & CLOTHES CO.,LTD",13-41.,,mhwsj_shoes@163.com,0086-18559577457,,,,
"JINJIANG M.H.W SHOES & CLOTHES CO.,LTD",,,,,,,,
"JINJIANG M.H.W SHOES & CLOTHES CO.,LTD",,,,,,,,
"JIZOKU-MIRAI Co.,Ltd.",34-44,,support@jizoku-mirai.com,092-736-7589,https://jizoku-mirai.com/system-development/,,,
"JIZOKU-MIRAI Co.,Ltd.",,,,,,,,
"JIZOKU-MIRAI Co.,Ltd.",,,,,,,,
"JIZOKU-MIRAI Co.,Ltd.",,,,,,,,
"JUKAM M&C CO., LTD.",31-31,,hyein2519@naver.com,+81-61-830-0782,,,,
"JUKAM M&C CO., LTD.",,,,,,,,
"JUKAM M&C CO., LTD.",,,,,,,,
"KAKIUCHI Co., Ltd.",24-31,,info@kk-kakiuchi.co.jp,088-866-2848,https://kk-kakiuchi.co.jp/,,,
"KAKIUCHI Co., Ltd.",,,,,,,,
"KAKIUCHI Co., Ltd.",,,,,,,,
"Kankyo Silver CO., LTD.",24-53,,info@kankyo-silver.jp,06-6724-0047,https://kankyo-silver.jp/,,,
"Kankyo Silver CO., LTD.",,,,,,,,
"Kankyo Silver CO., LTD.",,,,,,,,
"Kankyo Silver CO., LTD.",,,,,,,,
"KBL CO., LTD.","30-47, 30-51",,info@kbl-ltd.co.jp,03-3472-1425,https://www.kbl-ltd.co.jp/,,,
"KBL CO., LTD.",,,,,,,,
"KBL CO., LTD.",,,,,,,,
"KBL CO., LTD.",,,,,,,,
"KBL CO., LTD.",,,,,,,,
KINCHO園芸 株式会社,4-5,,,0336608001,https://www.kincho-engei.co.jp/,,,
KINCHO園芸 株式会社,,,,,,,,
KINCHO園芸 株式会社,,,,,,,,
KINCHO園芸 株式会社,,,,,,,,
KINCHO園芸 株式会社,,,,,,,,
KINCHO園芸 株式会社,,,,,,,,
KINCHO園芸 株式会社,,,,,,,,
KINCHO園芸 株式会社,,,,,,,,
KINCHO園芸 株式会社,,,,,,,,
KINCHO園芸 株式会社,,,,,,,,
KINCHO園芸 株式会社,,,,,,,,
KINCHO園芸 株式会社,,,,,,,,
"Kingsbat (Shanghai) Co., Ltd.",13-51.,,gavin.song@kingsbat.com,+8615800306667,https://www.kingsbat.com,,,
"Kingsbat (Shanghai) Co., Ltd.",,,,,,,,
"Kingsbat (Shanghai) Co., Ltd.",,,,,,,,
"Kingsbat (Shanghai) Co., Ltd.",,,,,,,,
"Kingsbat (Shanghai) Co., Ltd.",,,,,,,,
"Kingsbat (Shanghai) Co., Ltd.",,,,,,,,
"Kingsbat (Shanghai) Co., Ltd.",,,,,,,,
Kochi Consortium for Shishito Pepper Agritech Implementation,28-39,,,,,,,
Kochi Consortium for Shishito Pepper Agritech Implementation,,,,,,,,
"Koike Chemical Co., Ltd.",26-51,,y.hasegawa@kck.co.jp,,,,,
"Koike Chemical Co., Ltd.",,,,,,,,
"Koike Chemical Co., Ltd.",,,,,,,,
"Koike Chemical Co., Ltd.",,,,,,,,
"Koike Chemical Co., Ltd.",,,,,,,,
"Koike Chemical Co., Ltd.",,,,,,,,
"Koike Chemical Co., Ltd.",,,,,,,,
"Koike Chemical Co., Ltd.",,,,,,,,
"Koike Chemical Co., Ltd.",,,,,,,,
"Koike Chemical Co., Ltd.",,,,,,,,
"Koike Chemical Co., Ltd.",,,,,,,,
"Koike Chemical Co., Ltd.",,,,,,,,
KOREA AGRICULTURAL MACHINERY INDUSTRY COOPERATIVE,31-31,,ex@kamico.or.kr,82414112133~7,http://kamico.or.kr/,,,
Korea Rural Community Corporation (KRC),"22-47, 22-47.",,,,,,,
"KUNSHAN ABAMA MECHANICAL AND ELECTRICAL INDUSTRY CO.,LTD",10-20,,sales@ksabama.com,86-512-50110168,,,,
KYUNGNONG CORP.,33-40,,khkim@dongoh.co.kr,821029687129,,,,
L&S 株式会社,1-16,,ryo@lsgarden.co.jp,08025304977,,,,
L&S 株式会社,,,,,,,,
"LANOVA TRADE (HEBEI) CO.,LTD",13-10,,info@lanovatech.com,0086 0311 85266600,,,,
"LANOVA TRADE (HEBEI) CO.,LTD",,,,,,,,
"LELING TAISHAN ARTIFICAL TURF INDUSTRY CO.,LTD",7-9.,,zhaozheng@taishansports.com,86-10-15910818365,,,,
"LELING TAISHAN ARTIFICAL TURF INDUSTRY CO.,LTD",,,,,,,,
"LIANYUNGANG HAITAIER SUNMORE PROTECTIVE EQUIPMENT CO.,LTD",12-14,,htr@vip.126.com,+86-21-59213789,,,,
"LIANYUNGANG HAITAIER SUNMORE PROTECTIVE EQUIPMENT CO.,LTD",,,,,,,,
"LIANYUNGANG HAITAIER SUNMORE PROTECTIVE EQUIPMENT CO.,LTD",,,,,,,,
"LIANYUNGANG HAITAIER SUNMORE PROTECTIVE EQUIPMENT CO.,LTD",,,,,,,,
"LIAOCHENG HAMAN METAL MATERIALS CO.,LTD.",7-13,,sale02@hamanjinshu.com,008617753383156,,,,
LINVEN EXHIBITION LIMITED,"18-41, 19-47, 33-21, 7-21, 19-49, 20-50",,,,,,,
ListenField Inc.,34-47,,info@listenfield.com,+66 22970059,https://www.listenfield.com/,,,
ListenField Inc.,,,,,,,,
"Longnan Green Horticultural Supplies Co., LTD.",20-35,,sales@longnangreen.com,0086-797-3555199,,,,
LvsenWood,3-42,,customer@worldforest.jp,２５２－００１８,,,,
LvsenWood,,,,,,,,
LvsenWood,,,,,,,,
LvsenWood,,,,,,,,
MAKRITE INDUSTRIES INC.,8-5,,sales@makrite.com,+886 2 2698 2419,https://www.makrite.com,,,
MAKRITE INDUSTRIES INC.,,,,,,,,
"Mammotion Technology Co., Limited",15-1,,yas.kawasaki@mammotion.com,08048029350,https://mammotion.com/,,,
"Mammotion Technology Co., Limited",,,,,,,,
"Mammotion Technology Co., Limited",,,,,,,,
"Merry Year Social Company Co., Ltd.","22-43, 23-42, 24-16",,,,,,,
MIC Meter Industrial Company,18-8,,mic@meterindco.com.tw,886-4-23751881,,,,
MIC Meter Industrial Company,,,,,,,,
MIC Meter Industrial Company,,,,,,,,
MICRO DISPLAY INC.,29-35,,skyang@m-display.co.kr,827078428872,,,,
MICRO DISPLAY INC.,,,,,,,,
Mikskaar Miksgrow AS,28-37,,sales@mikskaar.ee,+372 522 1882,https://www.mikskaar.com,,,
Mikskaar Miksgrow AS,,,,,,,,
Mikskaar Miksgrow AS,,,,,,,,
Mikskaar Miksgrow AS,,,,,,,,
"Mirai Agris Co.,Ltd.",21-9,,info@hk-int.jp,0561-63-3911,,,,
"Mirai Agris Co.,Ltd.",,,,,,,,
"Mirai Agris Co.,Ltd.",,,,,,,,
"Mirai Agris Co.,Ltd.",,,,,,,,
"Mirai Agris Co.,Ltd.",,,,,,,,
MIXTRON S.R.L.,22-13,,info@mixtron.it,+39 0522 944 330,https://www.mixtron.it/en/,,,
MIXTRON S.R.L.,,,,,,,,
"MOITH AGRICULTURAL TECH CO.,LTD.",19-20,,,008613399693972,http://www.moith.com/,,,
"MOKI Co.,Ltd",21-54,,nogami@moki-ss.co.jp,026-275-2116,https://www.moki-ss.co.jp/company,,,
"MOKI Co.,Ltd",,,,,,,,
"MOKI Co.,Ltd",,,,,,,,
"MOKI Co.,Ltd",,,,,,,,
"MS TECH CO., LTD.",31-31,,export.miso@gmail.com,+82-31-461-9970,,,,
"Muyuan Foods Group Co., Ltd.",24-5,,guanxiangde1@muyuanfoods.com,,https://www.muyuanfoods.com/en/#/,,,
Nagase ChemteX Corporation Agricultural&Nutritional Materials Development Office,18-25,,shintaro.suzuki@nagase.co.jp,086-296-7012,,,,
Nagase ChemteX Corporation Agricultural&Nutritional Materials Development Office,,,,,,,,
"NAMKYUNG CO., LTD.",31-31,,,,,,,
"NAMKYUNG CO., LTD.",,,,,,,,
"NAMKYUNG CO., LTD.",,,,,,,,
"Nanan Peak Safety Products Co., Ltd",14-38,,anhu02@126.com,13905968669,,,,
"Nanan Peak Safety Products Co., Ltd",,,,,,,,
"Nanjing Changrong Chemical Co., Ltd.",19-7,,Info@changrongchemical.com,+86 025-5779-3042,https://changrongchemical.com/,,,
"Nanjing Changrong Chemical Co., Ltd.",,,,,,,,
"Nanjing Changrong Chemical Co., Ltd.",,,,,,,,
"NANJING JMD TOOLS CO.,LTD",14-52,,hoichi0528@gmail.com,09026540544,,,,
"NANJING JMD TOOLS CO.,LTD",,,,,,,,
"NANJING T-FIVE IMPORT & EXPORT CO.,LTD",15-8,,13951616753@139.com,13951616753,,,,
"Nanjing Toua Hardware&Tools Co.,Ltd",14-10,,chenyuhong@tengya-nj.com,+86 13905160545,,,,
"Nantong Dforce Tools Technology Co.,Ltd.",9-16,,vincent.zhao@strofin.com,+86-13512509631,,,,
"Nantong Dforce Tools Technology Co.,Ltd.",,,,,,,,
"Nantong Jiadeli Safety Products Co.,Ltd.",14-33,,sales7@jdlsafety.com,+86 13817410795,,,,
"Nantong Jiadeli Safety Products Co.,Ltd.",,,,,,,,
Neomille,24-25,,,,,,,
New Greathouse Electronics Industry Limited,14-14,,sales@greathouse.net.cn,,https://www.greathouse.net.cn/,,,
New Greathouse Electronics Industry Limited,,,,,,,,
Newchem Sunraysia Pvt Ltd,20-13,,dia@sunraysia.in,73500 01705,https://sunraysia.co.in/,,,
Newchem Sunraysia Pvt Ltd,,,,,,,,
Newchem Sunraysia Pvt Ltd,,,,,,,,
Newchem Sunraysia Pvt Ltd,,,,,,,,
Newchem Sunraysia Pvt Ltd,,,,,,,,
Newchem Sunraysia Pvt Ltd,,,,,,,,
NEXT INNOVATION株式会社,29-31,,info@next-innovation-g.com,0117692538,https://next-innovation-g.com/,,,
NEXT INNOVATION株式会社,,,,,,,,
NEXT INNOVATION株式会社,,,,,,,,
NEXT INNOVATION株式会社,,,,,,,,
NEXTほ場水管理コンソーシアム,34-37,,,,,,,
"NIKKEN LEASE KOGYO CO.,LTD.",31-47,,nikken-info@nrg.co.jp,03-6739-7039,,,,
"NIKKEN LEASE KOGYO CO.,LTD.",,,,,,,,
"NIKKEN LEASE KOGYO CO.,LTD.",,,,,,,,
"NIKKEN LEASE KOGYO CO.,LTD.",,,,,,,,
"NIKKEN LEASE KOGYO CO.,LTD.",,,,,,,,
"NIKKEN LEASE KOGYO CO.,LTD.",,,,,,,,
"NIKKEN LEASE KOGYO CO.,LTD.",,,,,,,,
"NIKKEN LEASE KOGYO CO.,LTD.",,,,,,,,
"NIKKEN LEASE KOGYO CO.,LTD.",,,,,,,,
"NIKKEN LEASE KOGYO CO.,LTD.",,,,,,,,
"Ningbo Aoke Plastics Co.,Ltd.",7-24,,whd@hy-sprayer.com,+86-574-62737010,,,,
"Ningbo Aoke Plastics Co.,Ltd.",,,,,,,,
"Ningbo Aoke Plastics Co.,Ltd.",,,,,,,,
"Ningbo Aoke Plastics Co.,Ltd.",,,,,,,,
"Ningbo Aoke Plastics Co.,Ltd.",,,,,,,,
"Ningbo Aoke Plastics Co.,Ltd.",,,,,,,,
"Ningbo Aoke Plastics Co.,Ltd.",,,,,,,,
"Ningbo Aoke Plastics Co.,Ltd.",,,,,,,,
"Ningbo Aoke Plastics Co.,Ltd.",,,,,,,,
"NINGBO DAYE GARDEN INDUSTRY CO.,LTD.",12-17.,,sales@dayegarden.com,+86-574-62677555,http://www.dayegarden.com,,,
"NINGBO IDEACART INTERNATIONAL TRADING CO., LTD",7-22,,sales6@ideacart.cn,+86 (574) 8776 4527,,,,
"NINGBO IDEACART INTERNATIONAL TRADING CO., LTD",,,,,,,,
"NINGBO IDEACART INTERNATIONAL TRADING CO., LTD",,,,,,,,
"NINGBO TYCOON IMPORT AND EXPORT CO.,LTD",2-10,,sales@cntycoon.com,0086-62707733,,,,
"NINGBO TYCOON IMPORT AND EXPORT CO.,LTD",,,,,,,,
"Ningbo Wenkai Abrasive Tools Co.,Ltd",13-6.,,wzh@wenkaipads.com,13806658985,,,,
"Ningbo Wenkai Abrasive Tools Co.,Ltd",,,,,,,,
"Ningbo Wenkai Abrasive Tools Co.,Ltd",,,,,,,,
"Ningbo Wenkai Abrasive Tools Co.,Ltd",,,,,,,,
"Ninghai Rorite Electronics Co.,Ltd.",12-15.,,linfo@rorite.cn,+86-574-65231979,https://www.rorite.cn,,,
"Ninghai Rorite Electronics Co.,Ltd.",,,,,,,,
"Ninghai Rorite Electronics Co.,Ltd.",,,,,,,,
"Ninghai Rorite Electronics Co.,Ltd.",,,,,,,,
"Nippon Beet Sugar Manufacturing Co.,Ltd.",22-23,,feed-info@nitten.co.jp,0155484103,,,,
"Nippon Beet Sugar Manufacturing Co.,Ltd.",,,,,,,,
"Nippon Beet Sugar Manufacturing Co.,Ltd.",,,,,,,,
"NIPPON SODA CO.,LTD.",29-60,,nouyaku@nisso-portal.com,0342129655,https://www.nippon-soda.co.jp/nougyo/,,,
"NIPPON SODA CO.,LTD.",,,,,,,,
"NIPPON SODA CO.,LTD.",,,,,,,,
NISHIGAKI,11-69,,sales@ni-co.jp,0794821000,,,,
NISHIGAKI,,,,,,,,
NISHIGAKI,,,,,,,,
NISHIGAKI,,,,,,,,
NISHIGAKI,,,,,,,,
NISHIGAKI,,,,,,,,
NISHIGAKI,,,,,,,,
NISHIGAKI,,,,,,,,
NISHIGAKI,,,,,,,,
NISHIGAKI,,,,,,,,
NISHIGAKI,,,,,,,,
NISHIGAKI,,,,,,,,
NISHIGAKI,,,,,,,,
"NITTOSEKKO CO., LTD.",5-41,,info@nittosekko.co.jp,0923253800,https://nittosekko.co.jp/,,,
"NITTOSEKKO CO., LTD.",,,,,,,,
"NITTOSEKKO CO., LTD.",,,,,,,,
"NITTOSEKKO CO., LTD.",,,,,,,,
"NITTOSEKKO CO., LTD.",,,,,,,,
"NITTOSEKKO CO., LTD.",,,,,,,,
"NITTOSEKKO CO., LTD.",,,,,,,,
"NITTOSEKKO CO., LTD.",,,,,,,,
"NITTOSEKKO CO., LTD.",,,,,,,,
"NITTOSEKKO CO., LTD.",,,,,,,,
"NITTOSEKKO CO., LTD.",,,,,,,,
"NITTOSEKKO CO., LTD.",,,,,,,,
"NITTOSEKKO CO., LTD.",,,,,,,,
"NITTOSEKKO CO., LTD.",,,,,,,,
"NITTOSEKKO CO., LTD.",,,,,,,,
North East Rubber Public Company Limited,23-10,,rubberflex@nerubber.com,(+66)933244529,,,,
North East Rubber Public Company Limited,,,,,,,,
North East Rubber Public Company Limited,,,,,,,,
North East Rubber Public Company Limited,,,,,,,,
North East Rubber Public Company Limited,,,,,,,,
NST 株式会社,34-56,,info@nst-c.co.jp,043-306-4375,https://nst-c.co.jp/,,,
NST 株式会社,,,,,,,,
NST 株式会社,,,,,,,,
NST 株式会社,,,,,,,,
NST 株式会社,,,,,,,,
NST 株式会社,,,,,,,,
NST 株式会社,,,,,,,,
NST 株式会社,,,,,,,,
NST 株式会社,,,,,,,,
NSW 株式会社,31-14,,,0343352610,https://www.nsw.co.jp/,,,
NTT 株式会社,31-1,,ntt-agri@ntt.com,,,,,
NTTドコモビジネス株式会社,18-64,,bpj@ntt.com,,https://www.ntt.com/index.html,,,
NTT東日本株式会社/株式会社NTTアグリテクノロジー,31-1,,,,,,,
NTT西日本株式会社,31-1,,,,,,,
NUTRA-PARK,22-47,,gold@nutra-park.com,+82-10-6216-1260,https://www.nutra-park.com,,,
NUTRA-PARK,,,,,,,,
Odus,22-47,,gilheo@odus.co,+82-70-4367-1773,http://www.odus.co/html/,,,
Odus,,,,,,,,
Odus,,,,,,,,
"Oji F-Tex Co., Ltd.",26-35,,oji-ftexmdd@oji-gr.com,03-5550-3073,https://ojif-tex.co.jp/,,,
OKIクロステック 株式会社,22-11,,,,,,,
OPI 株式会社,21-49,,takayuki-shimizu@opivalue.com,048ー988ー8515,,,,
OPI 株式会社,,,,,,,,
OPI 株式会社,,,,,,,,
OsmaR buckle LTD.,17-25,,,,,,,
PACKAGE LINK （株）清和,25-17,,,0120-296110,,,,
Panan County Jinlang Plastic Production Factory,9-20,,pananjinlang@163.com,15869295222,,,,
Panan County Jinlang Plastic Production Factory,,,,,,,,
Panan County Jinlang Plastic Production Factory,,,,,,,,
Panan County Jinlang Plastic Production Factory,,,,,,,,
"PANDANAV TECHNOLOGY CO.,LTD.",29-37,,clara.fu@zvnav.com,+86 197 2192 9338,,,,
"PANDANAV TECHNOLOGY CO.,LTD.",,,,,,,,
"PANDANAV TECHNOLOGY CO.,LTD.",,,,,,,,
"PANDANAV TECHNOLOGY CO.,LTD.",,,,,,,,
"PINGHU HUAYANG OUTDOOR GOODS CO.,LTD.",7-26,,shean@china-outdoors.net,0086 15990382633,,,,
"PINGHU HUAYANG OUTDOOR GOODS CO.,LTD.",,,,,,,,
"PINGHU HUAYANG OUTDOOR GOODS CO.,LTD.",,,,,,,,
"PINGYI YIFENG LABOR INSURANCE PRODUCTS CO., LTD.",13-43,,xujianlinyi@163.com,+86-186-0549-7582,,,,
"PINGYI YIFENG LABOR INSURANCE PRODUCTS CO., LTD.",,,,,,,,
"PINGYI YIFENG LABOR INSURANCE PRODUCTS CO., LTD.",,,,,,,,
"PINGYI YIFENG LABOR INSURANCE PRODUCTS CO., LTD.",,,,,,,,
"PINGYI YIFENG LABOR INSURANCE PRODUCTS CO., LTD.",,,,,,,,
"PINGYI YIFENG LABOR INSURANCE PRODUCTS CO., LTD.",,,,,,,,
"PINGYI YIFENG LABOR INSURANCE PRODUCTS CO., LTD.",,,,,,,,
"PINGYI YIFENG LABOR INSURANCE PRODUCTS CO., LTD.",,,,,,,,
"PINGYI YIFENG LABOR INSURANCE PRODUCTS CO., LTD.",,,,,,,,
"PINGYI YIFENG LABOR INSURANCE PRODUCTS CO., LTD.",,,,,,,,
Pitter Petter Inc.,22-43,,contact@pitterpetter.com,+82-70-8098-6138,https://www.pitterpetter.com,,,
Pitter Petter Inc.,,,,,,,,
Pitter Petter Inc.,,,,,,,,
Pitter Petter Inc.,,,,,,,,
"PLATECH CO., LTD.",13-7,,cmpark@hiplatech.co.kr,+82319462004,,,,
"POMIT Co., Ltd",22-50,,,,,,,
PREMIUM DESIGN INC.,7-70,,shim@premium-design.co.kr,+82-10-6488-6100,http://www.premium-design.co.kr,,,
PREMIUM DESIGN INC.,,,,,,,,
PREMIUM WATER,20-69,,,,https://premium-water.net/,,,
PREMIUM WATER,,,,,,,,
"Proaier Intelligent System Co., Ltd.",24-13,,wangxiaoyu@anschina.cn,8618915762828,http://www.proaier.cn,,,
"Proaier Intelligent System Co., Ltd.",,,,,,,,
"Proaier Intelligent System Co., Ltd.",,,,,,,,
"Proaier Intelligent System Co., Ltd.",,,,,,,,
"Proaier Intelligent System Co., Ltd.",,,,,,,,
"Proaier Intelligent System Co., Ltd.",,,,,,,,
Prominent Exports International,1-22,,marketing@prominent-exports.com,00919356555696,http://www.prominent-exports.com,,,
PT ARTHA PRIMA HUMATINDO,20-14,,Sales@humatindo.com,+62-877-8386-3777,https://humatindo.com/,,,
PT ARTHA PRIMA HUMATINDO,,,,,,,,
PT ARTHA PRIMA HUMATINDO,,,,,,,,
PT ARTHA PRIMA HUMATINDO,,,,,,,,
PT ARTHA PRIMA HUMATINDO,,,,,,,,
PtBio Inc.,32-5,,info@pt-bio.com,050-7103-9789,https://www.pt-bio.com/en,,,
Pudu Robotics Japan,11-23,,apu.pu@pudutech.com,0362628308,https://www.pudurobotics.com/jp,,,
"Punong Co., Ltd.",20-64,,ggabyd@woongsol.com,+82 10 5102 6468,,,,
"Punong Co., Ltd.",,,,,,,,
"PUTIAN NEWPOWER ARTS & CRAFTS CO.,LTD",8-12,,jennynewpower@163.com,86-594-2519550,https://www.newpower.com,,,
"PUTIAN NEWPOWER ARTS & CRAFTS CO.,LTD",,,,,,,,
"PUYOUNG IND.CO.,LTD",5-15,,puyoung@tarpaulin.co.kr,02-3462-2992,,,,
"PUYOUNG IND.CO.,LTD",,,,,,,,
"PUYOUNG IND.CO.,LTD",,,,,,,,
"PUYOUNG IND.CO.,LTD",,,,,,,,
"PUYOUNG IND.CO.,LTD",,,,,,,,
"QINGDAO ARTILLEN IMP AND EXP CO.,LTD",5-13,,allen.he@rogours.com,13386944477,https://artillen.de/,,,
"QINGDAO ARTILLEN IMP AND EXP CO.,LTD",,,,,,,,
"QINGDAO ARTILLEN IMP AND EXP CO.,LTD",,,,,,,,
"QINGDAO ARTILLEN IMP AND EXP CO.,LTD",,,,,,,,
"QINGDAO ARTILLEN IMP AND EXP CO.,LTD",,,,,,,,
"QINGDAO ARTILLEN IMP AND EXP CO.,LTD",,,,,,,,
"Qingdao Bellinturf Industrial CO., LTD.",5-5,,claire@bellinturf.com,15098650216,,,,
"Qingdao Dongshengxu Industry Co., Ltd.",15-27,,dsxcheng@outlook.com,+86 15066878859,,,,
"QINGDAO JIARUN HAND TRUCK CO., LTD",10-16,,handtruck@163169.net,+86-13608972837,http://jiarunhandtruck.com,,,
"QINGDAO JIARUN HAND TRUCK CO., LTD",,,,,,,,
"Qingdao Macroalga Co., Ltd",19-13,,info@macroalga.com,0086 13505438449,https://www.macroalga.com/,,,
"Qingdao Macroalga Co., Ltd",,,,,,,,
"Qingdao Macroalga Co., Ltd",,,,,,,,
"Qingdao Macroalga Co., Ltd",,,,,,,,
"Qingdao Macroalga Co., Ltd",,,,,,,,
"Qingdao Macroalga Co., Ltd",,,,,,,,
"QINGDAO NEW THRIVE POWER TECH CO.,LTD",15-25.,,SALES@NT-POWERTECH.COM,0086-15964992708,,,,
"QINGDAO NEW THRIVE POWER TECH CO.,LTD",,,,,,,,
Qingdao Oboya Salome Packaging Co. Ltd.,7-21,,,,,,,
Qingdao Oboya Salome Packaging Co. Ltd.,,,,,,,,
Qingdao Oboya Salome Packaging Co. Ltd.,,,,,,,,
Qingdao Oboya Salome Packaging Co. Ltd.,,,,,,,,
Qingdao Oboya Salome Packaging Co. Ltd.,,,,,,,,
"QINGDAO ROADSTAR FOOTWEAR CO., LTD.",11-11.,,admin@roadstar-cn.com,8653280999767,,,,
"QINGDAO ROADSTAR FOOTWEAR CO., LTD.",,,,,,,,
"QINGDAO ROADSTAR FOOTWEAR CO., LTD.",,,,,,,,
"QINGDAO ROADSTAR FOOTWEAR CO., LTD.",,,,,,,,
"QINGDAO ROADSTAR FOOTWEAR CO., LTD.",,,,,,,,
"QINGDAO ROADSTAR FOOTWEAR CO., LTD.",,,,,,,,
"QINGDAO ROADSTAR FOOTWEAR CO., LTD.",,,,,,,,
"QINGDAO ROADSTAR FOOTWEAR CO., LTD.",,,,,,,,
"QINGDAO ROADSTAR FOOTWEAR CO., LTD.",,,,,,,,
"QINGDAO ROADSTAR FOOTWEAR CO., LTD.",,,,,,,,
"QINGDAO ROADSTAR FOOTWEAR CO., LTD.",,,,,,,,
"QINGDAO SHINIL PLASTIC CO.,LTD.",6-26,,good2k3k@shinilplastic.com,821036548883,https://shinilplastic.imweb.me/,,,
"QINGDAO SHINIL PLASTIC CO.,LTD.",,,,,,,,
"QINGDAO SHINIL PLASTIC CO.,LTD.",,,,,,,,
"Quectel Wireless Solutions Co., Ltd.",30-39,,,,,,,
RADIUS,1-12,,info@ramu.jp,0792607251,,,,
RADIUS,,,,,,,,
RADIUS,,,,,,,,
RADIUS,,,,,,,,
REACT 株式会社,30-13,,,,https://react-robot.com,,,
REACT 株式会社,,,,,,,,
REBORN MACHINE LTD.,16-5.,,service@rebornmachine.tw,+886-6-3020775,,,,
REBORN MACHINE LTD.,,,,,,,,
REBORN MACHINE LTD.,,,,,,,,
REBORN MACHINE LTD.,,,,,,,,
REBORN MACHINE LTD.,,,,,,,,
"RICHLUX Co., Ltd.",33-39,,,,,,,
"RuiZhen Home Furnishing (Laizhou) Co., Ltd",5-25,,,,,,,
"Salt By Peb Co., Ltd",24-16,,wbmes@saltbypeb.com,+821096661820,https://saltbypeb.co.kr/,,,
"Saturn Bio Tech Co., Ltd.",20-22,,sabit2@naver.com,01025054569,,,,
"Saturn Bio Tech Co., Ltd.",,,,,,,,
"Saturn Bio Tech Co., Ltd.",,,,,,,,
"Saturn Bio Tech Co., Ltd.",,,,,,,,
Sawae Co.Ltd,25-40,,bugshunter@sawae-ss.com,0455435225,,,,
Sawae Co.Ltd,,,,,,,,
SCANDIA Inc.,22-47,,post@huebner-lee.co.kr,+82-10-9143-7114,,,,
SCANDIA Inc.,,,,,,,,
SCI.CO.LTD,23-44,,y-kmj@hanmail.net,+82-10-2820-9918,,,,
SCI.CO.LTD,,,,,,,,
Sean and Stephen Corporation,30-52,,sales@laserss.com,+886-2-2701-1256,,,,
Sean and Stephen Corporation,,,,,,,,
Sean and Stephen Corporation,,,,,,,,
"SENES TECHNOLOGY CO., LTD.",31-31,,lys3693@senestechnology.com,+82-31-632-0172,http://www.senestechnology.com,,,
"SENES TECHNOLOGY CO., LTD.",,,,,,,,
"Senyta Intelligent Equipment Co., Ltd.",30-36.,,senytaservice@gmail.com,029-8579-6416,,,,
"Senyta Intelligent Equipment Co., Ltd.",,,,,,,,
Septentrio KK,30-35,,sales.jp@septentrio.com,0452871067,https://www.septentrio.com/,,,
Septentrio KK,,,,,,,,
Septentrio KK,,,,,,,,
Septentrio KK,,,,,,,,
Septentrio KK,,,,,,,,
Septentrio KK,,,,,,,,
Septentrio KK,,,,,,,,
"Shandong Longxing Plastic Film Technology Co.,Ltd",24-23.,,zhaoyan@agriculturefilm.net,+8613792876801,,,,
"Shandong Longxing Plastic Film Technology Co.,Ltd",,,,,,,,
"Shandong Longxing Plastic Film Technology Co.,Ltd",,,,,,,,
"Shandong Longxing Plastic Film Technology Co.,Ltd",,,,,,,,
"Shandong Longxing Plastic Film Technology Co.,Ltd",,,,,,,,
"Shandong Luguan Agri Tech Co.,Ltd",18-41.,,Danielzhao@lg-agri.com,+86-5363591128,,,,
"Shandong Luguan Agri Tech Co.,Ltd",,,,,,,,
"Shandong Nuoan Ecological Fertilizer Co.,Ltd",19-16,,nuoan_2005@163.com,13573456188,,,,
"SHANDONG TIANMAI TOOLS MANUFACTURING CO., LTD.",13-12,,168141235@qq.com,+86 18669670888,,,,
"SHANDONG TIANMAI TOOLS MANUFACTURING CO., LTD.",,,,,,,,
"SHANDONG XINGYU GLOVES CO., LTD",13-31.,,jessica@xingyugloves.com,0086-536-2588123,,,,
"SHANDONG XINGYU GLOVES CO., LTD",,,,,,,,
"SHANDONG XINGYU GLOVES CO., LTD",,,,,,,,
"Shanghai AllyNav Technology Co., Ltd.",30-25,,globalsales@allynav.cn,+86 21-61200180,https://www.allynav.com/,,,
"Shanghai AllyNav Technology Co., Ltd.",,,,,,,,
"Shanghai eSurvey GNSS Co., Ltd.",31-16,,marketing@esurvey-gnss.com,+86 400 999 8088,https://esurvey-gnss.com/,,,
"Shanghai Formore Exhibition Service CO.,LTD.","2-9, 3-10, 12-5, 15-6, 15-10, 2-9.",,,,,,,
Shanghai He Yun Import & Export Co. Ltd.,2-11,,ds@daese.com.cn,008618512123150,,,,
"Shanghai Maosheng Exhibition Service Co.,Ltd.","5-22, 9-18, 9-22, 5-22.",,,,,,,
"Shanghai Xinte Leatherware Co.,Ltd.",9-22.,,kiki.long@xintesh.com,0086-21-5614 4380,,,,
"Sharda Corpchem Limited, India",20-5,,,,,,,
"Shenzhen Sculpfun Technology Co., Ltd.",17-52,,biz@pagoda.jp,0081-（03）64319186,https://www.sculpfun.com/,,,
"Shenzhen Sculpfun Technology Co., Ltd.",,,,,,,,
"Shenzhen Sculpfun Technology Co., Ltd.",,,,,,,,
"Shibata Co., Ltd",23-63,,t-ogasawara@shibata-g.co.jp,+818074832478,,,,
"Shibata Co., Ltd",,,,,,,,
"SHINANGREEN TECH CO., LTD.",31-31,,oksg@okshinan.com,+82-61-744-4111,,,,
"SHINANGREEN TECH CO., LTD.",,,,,,,,
"SHINANGREEN TECH CO., LTD.",,,,,,,,
"SHINANGREEN TECH CO., LTD.",,,,,,,,
"SHINANGREEN TECH CO., LTD.",,,,,,,,
"SHINANGREEN TECH CO., LTD.",,,,,,,,
"SHINHEE C&M Co., LTD.",33-31,,jongro67@naver.com,+82-31-366-2446,,,,
"SHINHEE C&M Co., LTD.",,,,,,,,
"SHINHEE C&M Co., LTD.",,,,,,,,
"SHINHEE C&M Co., LTD.",,,,,,,,
"SHINHEE C&M Co., LTD.",,,,,,,,
"SHOSHIN Co.,Ltd.",31-23,,soumu@shoshin-ss.co.jp,026-245-1611,https://www.shoshin-ss.co.jp/,,,
"SHOSHIN Co.,Ltd.",,,,,,,,
"SHOSHIN Co.,Ltd.",,,,,,,,
"SHOSHIN Co.,Ltd.",,,,,,,,
"SHOSHIN Co.,Ltd.",,,,,,,,
"SICHUAN MAXPOWER TRADING CO., LTD",19-42,,info@maxgreenhouse.com,+86 15123512132,,,,
smart breed,32-5,,,,https://smartbreed.org/,,,
smart breed,,,,,,,,
Smile Evergreen (Qingdao) New material Co Ltd,20-8,,Michael@asiaevergreen.com,+86 4009261077,,,,
Smile Evergreen (Qingdao) New material Co Ltd,,,,,,,,
SnE Company Corporation,34-54,,snecompany@bgood.co.kr,+82)2-553-7709,,,,
SnE Company Corporation,,,,,,,,
SnE Company Corporation,,,,,,,,
"SOHO SHINHOSE（HK）TECHNOLOGY TRADING CO.,LTD",15-40,,t.itou.0105st@gmail.com,,,,,
"SOHO SHINHOSE（HK）TECHNOLOGY TRADING CO.,LTD",,,,,,,,
"SOHO SHINHOSE（HK）TECHNOLOGY TRADING CO.,LTD",,,,,,,,
"SOHO SHINHOSE（HK）TECHNOLOGY TRADING CO.,LTD",,,,,,,,
"SOHO SHINHOSE（HK）TECHNOLOGY TRADING CO.,LTD",,,,,,,,
"SOHO SHINHOSE（HK）TECHNOLOGY TRADING CO.,LTD",,,,,,,,
Spacewalker Technology Japan 株式会社,17-1,,support.jp@mova-tech.com,0800 300 9399,,,,
"STARS CO., LTD.",16-9,,info@starstw.com,+886-33131033,,,,
"STARS CO., LTD.",,,,,,,,
"STARS CO., LTD.",,,,,,,,
"STARS CO., LTD.",,,,,,,,
"STARS CO., LTD.",,,,,,,,
"STARS CO., LTD.",,,,,,,,
SUIMOTO株式会社,21-38,,info@suimoto.jp,03-4362-6608,https://suimoto.jp,,,
SUIMOTO株式会社,,,,,,,,
SUIMOTO株式会社,,,,,,,,
SUIMOTO株式会社,,,,,,,,
SUIMOTO株式会社,,,,,,,,
SUIMOTO株式会社,,,,,,,,
SUIMOTO株式会社,,,,,,,,
SUIMOTO株式会社,,,,,,,,
"SUIZHOU BOYI INDUSTRY AND TRADE CO.,LTD",16-25.,,webmaster@boyileather.cn,+86 19986563888,,,,
"SUIZHOU BOYI INDUSTRY AND TRADE CO.,LTD",,,,,,,,
"SUIZHOU BOYI INDUSTRY AND TRADE CO.,LTD",,,,,,,,
"SUIZHOU BOYI INDUSTRY AND TRADE CO.,LTD",,,,,,,,
"SUIZHOU BOYI INDUSTRY AND TRADE CO.,LTD",,,,,,,,
"SUIZHOU BOYI INDUSTRY AND TRADE CO.,LTD",,,,,,,,
"Sunforest Co.,Ltd.",34-28,,sales@sunforest.kr,+82327197031,https://www.sunforest.kr,,,
"SUNFOREST CO.,LTD.",22-47,,,,,,,
"Sunforest Co.,Ltd.",,,,,,,,
"Sunforest Co.,Ltd.",,,,,,,,
"Sunforest Co.,Ltd.",,,,,,,,
"Sunforest Co.,Ltd.",,,,,,,,
"Sunforest Co.,Ltd.",,,,,,,,
"Sunforest Co.,Ltd.",,,,,,,,
"Sunforest Co.,Ltd.",,,,,,,,
"SUNHOPE INTERNATIONAL CO., LTD.",30-31,,cs@sunhope.com,03-3710-5675,https://www.sunhope.com/,,,
"SUZHOU EASY CLEAN TECHNOLOGY CO., LTD.",14-5.,,xk@xkclean.com,18994419596,,,,
"SUZHOU EASY CLEAN TECHNOLOGY CO., LTD.",,,,,,,,
"Suzhou HuanMei Horticulture Technology Co.,Ltd.",4-12.,,gbgbjay@hotmail.com,0086-13913066758,https://huanmei.en.made-in-china.com/,,,
"Suzhou HuanMei Horticulture Technology Co.,Ltd.",,,,,,,,
"Suzhou Jernano Carbon Co.,Ltd.",9-42,,c.kyou@jernano.jp,03-6810-9315,https://jernano.jp/,,,
Suzhou Koteso Agriculture And Garden Tool Ltd.,11-53,,carol.li@sufeitetools.com,0086 13816323557,,,,
Suzhou Koteso Agriculture And Garden Tool Ltd.,,,,,,,,
Suzhou Koteso Agriculture And Garden Tool Ltd.,,,,,,,,
Suzhou Koteso Agriculture And Garden Tool Ltd.,,,,,,,,
Suzhou Koteso Agriculture And Garden Tool Ltd.,,,,,,,,
Suzhou Koteso Agriculture And Garden Tool Ltd.,,,,,,,,
Suzhou Koteso Agriculture And Garden Tool Ltd.,,,,,,,,
Suzhou Koteso Agriculture And Garden Tool Ltd.,,,,,,,,
Suzhou Koteso Agriculture And Garden Tool Ltd.,,,,,,,,
Suzhou Koteso Agriculture And Garden Tool Ltd.,,,,,,,,
Suzhou Koteso Agriculture And Garden Tool Ltd.,,,,,,,,
Suzhou Koteso Agriculture And Garden Tool Ltd.,,,,,,,,
"Suzhou MEELY Tools TechnoLogy Co., ltd",13-23,,tomsha8080@163.com,0086-13816706698,,,,
"Suzhou MEELY Tools TechnoLogy Co., ltd",,,,,,,,
"SUZHOU ODACHI TOOLS CO.,LTD",14-9.,,billy@odachisaw.com,（86）13921238721,,,,
"SUZHOU PINOTEC CO.,LTD.",9-25,,INFO@BOLUOJUN.NET,18310642235,,,,
"Suzhou Zhongchuang Aluminium Products Co., Ltd.",9-18.,,lihui@zcal.com.cn,0512-66189326,,,,
"Suzhou Zhongchuang Aluminium Products Co., Ltd.",,,,,,,,
"Suzhou Zhongchuang Aluminium Products Co., Ltd.",,,,,,,,
"Suzhou Zhongchuang Aluminium Products Co., Ltd.",,,,,,,,
SVEA (HK) LIMITED,28-32,,marketing@sveaverken.com,+46 (0)150-48 77 00,,,,
SVEA (HK) LIMITED,,,,,,,,
SVEA (HK) LIMITED,,,,,,,,
SVEA (HK) LIMITED,,,,,,,,
"SYSCO CO.,LTD.",22-47,,,,,,,
"Taicang Qihua Knitwear Co., Ltd.",14-41.,,hxm@tcqihua.com,+86-0512-53229830,,,,
"Taicang Qihua Knitwear Co., Ltd.",,,,,,,,
"Taicang Qihua Knitwear Co., Ltd.",,,,,,,,
Taiwan Agricultural Machinery and Supplies Association,"16-5., 16-7, 17-10, 16-9, 17-12, 17-41, 16-11, 17-17",,,,,,,
"Taizheng Agriculture and Forestry Machinery Co., Ltd. Changzhou",12-11,,taichi@cztck.com,8613601505867,,,,
"Taizheng Agriculture and Forestry Machinery Co., Ltd. Changzhou",,,,,,,,
"Taizheng Agriculture and Forestry Machinery Co., Ltd. Changzhou",,,,,,,,
"Taizheng Agriculture and Forestry Machinery Co., Ltd. Changzhou",,,,,,,,
"Taizheng Agriculture and Forestry Machinery Co., Ltd. Changzhou",,,,,,,,
"Taizheng Agriculture and Forestry Machinery Co., Ltd. Changzhou",,,,,,,,
"Taizheng Agriculture and Forestry Machinery Co., Ltd. Changzhou",,,,,,,,
"TAIZHOU E-TOPS TRADE CO.,LTD",5-23,,,,,,,
"TAIZHOU RAINMAKER IMPORT&EXPORT CO.,LTD.",13-25,,sales3@china-sprayers.com,+8657688207026,,,,
"TAIZHOU RAINMAKER IMPORT&EXPORT CO.,LTD.",,,,,,,,
"Tarp-Line Co., Ltd",15-16,,tarpline@tarpline.co.kr,82232728071,http://tarpline.co.kr,,,
"Tarp-Line Co., Ltd",,,,,,,,
"Tarp-Line Co., Ltd",,,,,,,,
"Tarp-Line Co., Ltd",,,,,,,,
TechMagic(株),32-5,,,,,,,
"Tianjin Panyam Garden & Horticultural Products Co.,Ltd.",5-9,,info@panya.com.cn,+8631187700720,http://www.panya.com.cn,,,
"Tibbo Technology, Inc.",29-9,,info@tibbo.com,886-2-26925443,https://www.tibbo.com/,,,
"Tibbo Technology, Inc.",,,,,,,,
"Tibbo Technology, Inc.",,,,,,,,
"Tibbo Technology, Inc.",,,,,,,,
"TIME LEADER NANJING IMP.AND EXP. CO.,LTD.",8-32,,liu@timeleader.cn,86-25-86510685,http://www.timeleader.com.cn,,,
"TIMES INTELLIGENT BIOTECH CO., LTD.",17-12,,,,,,,
TOMTEN LTD.,19-47.,,sales@tomten.co.jp,0155-67-5991,http://www.tomten.co.jp/,,,
TOMTEN LTD.,,,,,,,,
TOMTEN LTD.,,,,,,,,
TOPPANインフォメディア株式会社,25-13,,info@toppan-im.co.jp,03-6367-5550,,,,
TOPPANインフォメディア株式会社,,,,,,,,
TOPPANインフォメディア株式会社,,,,,,,,
TOPPANインフォメディア株式会社,,,,,,,,
TOPPANインフォメディア株式会社,,,,,,,,
TOUFU 株式会社,6-43,,info@toufu.tokyo,03-6869-3911,https://toufu.tokyo,,,
TPR 株式会社,33-13,,kensaku.fujita@tpr-global.com,0355349881,https://www.tpr.co.jp/,,,
"TRUSTCHEM CO.,LTD.",19-14,,zhuxiaofen@trustchem.com,13921435243,,,,
TSC PURPLE PRIVATE LIMITED,19-11,,admin@theseaweedconsortium.com,+91 99949 40001,,,,
TSC PURPLE PRIVATE LIMITED,,,,,,,,
TSC PURPLE PRIVATE LIMITED,,,,,,,,
TSC PURPLE PRIVATE LIMITED,,,,,,,,
TSC PURPLE PRIVATE LIMITED,,,,,,,,
TSKcorporation,19-12,,info@tsk.kyoto,0774661477,https://tsk.kyoto/,,,
TSKcorporation,,,,,,,,
TUSK TOOLS,8-52,,info@tusktools.co.nz,+64(9)414 5678,https://www.tusktools.co.nz/,,,
TUSK TOOLS,,,,,,,,
"Two-Y Co., Ltd.",15-51,,sales@twoytech.com,+821075603505,,,,
"Two-Y Co., Ltd.",,,,,,,,
"Two-Y Co., Ltd.",,,,,,,,
"Two-Y Co., Ltd.",,,,,,,,
"Two-Y Co., Ltd.",,,,,,,,
"Two-Y Co., Ltd.",,,,,,,,
"Two-Y Co., Ltd.",,,,,,,,
UneLabo（ウネラボ）,29-13,,info@unelabo.jp,,https://unelabo.jp/unemaru/,,,
UneLabo（ウネラボ）,,,,,,,,
UneLabo（ウネラボ）,,,,,,,,
UneLabo（ウネラボ）,,,,,,,,
UNEM - União Nacional do Etanol de Milho (Brazilian Corn Ethanol Association),24-25,,internacional@etanoldemilho.com.br,+55 (65) 4101-0060,https://etanoldemilho.com.br/,,,
"UNI WORLD CO.,LTD.",10-5,,uw-info@uniworld.jp,81-737-82-0663,https://www.uniworld.jp/,,,
"UNI WORLD CO.,LTD.",,,,,,,,
"UNI WORLD CO.,LTD.",,,,,,,,
"UNI WORLD CO.,LTD.",,,,,,,,
"UNI WORLD CO.,LTD.",,,,,,,,
"UNI WORLD CO.,LTD.",,,,,,,,
"UNI WORLD CO.,LTD.",,,,,,,,
"UNION FORMOSA BIOCHEMISTRY CO., LTD.",18-10,,ru123.tw@msa.hinet.net,,,,,
"UNION FORMOSA BIOCHEMISTRY CO., LTD.",,,,,,,,
UNITEKBIO,22-47,,,,,,,
vidaXL,3-26,,japan@vidaxl.com,,https://www.vidaxl.jp/,,,
vidaXL,,,,,,,,
vidaXL,,,,,,,,
vidaXL,,,,,,,,
vidaXL,,,,,,,,
vidaXL,,,,,,,,
vidaXL,,,,,,,,
vidaXL,,,,,,,,
VISTA JARDIN SL,2-27,,info@vistajardin.com,+34981512000,https://vistajardin.com,,,
VISTA JARDIN SL,,,,,,,,
VITAFLEX USA,14-39,,info@vitaflexusa.com,+18886168848,,,,
VITAFLEX USA,,,,,,,,
VOLCOM（ボルコム）,16-31,,hiroki.ishihara@boardriders.co.jp,08010843229,,,,
VOLCOM（ボルコム）,,,,,,,,
WD-40Japan株式会社,13-47,,JapanSupport@wd40.com,03-5403-6360,https://wd40.jp/,,,
WD-40Japan株式会社,,,,,,,,
WD-40Japan株式会社,,,,,,,,
WD-40Japan株式会社,,,,,,,,
WD-40Japan株式会社,,,,,,,,
WD-40Japan株式会社,,,,,,,,
WD-40Japan株式会社,,,,,,,,
WD-40Japan株式会社,,,,,,,,
WD-40Japan株式会社,,,,,,,,
WD-40Japan株式会社,,,,,,,,
"Weifang Addeasy Bio-technology Co., Ltd",24-11,,admin@unitechemi.com,86 13455676788,,,,
"Weifang Addeasy Bio-technology Co., Ltd",,,,,,,,
"WEIFANG SINOLINK HEAVY INDUSTRY CO.,LTD",29-36,,sales01@sinolink.ltd,86-15553612931,https://www.sinolink.ltd,,,
"WEIHAI SHIYI NETTING CO.,LTD.",21-32,,llx@shiyinetting.com,86-631-5998989,https://www.shiyinetting.com,,,
"WEIHAI SHIYI NETTING CO.,LTD.",,,,,,,,
"WEIHAI SHIYI NETTING CO.,LTD.",,,,,,,,
"WEIHAI SHIYI NETTING CO.,LTD.",,,,,,,,
"WEIHAI SHIYI NETTING CO.,LTD.",,,,,,,,
"WEIHAI SHIYI NETTING CO.,LTD.",,,,,,,,
"WEIHAI SHIYI NETTING CO.,LTD.",,,,,,,,
"WEIHAI SHIYI NETTING CO.,LTD.",,,,,,,,
WEIHAI TRUE IMPORT&EXPORT,20-47,,,,,,,
"WEIHAI XINGHAIYUAN FISHING & NETTING TACKLE CO.,LTD.",20-47,,wxx@xhynetting.com,8613884807976,,,,
"WEIHAI XINGHAIYUAN FISHING & NETTING TACKLE CO.,LTD.",,,,,,,,
"WEIHAI XINGHAIYUAN FISHING & NETTING TACKLE CO.,LTD.",,,,,,,,
"WEIHAI XINGHAIYUAN FISHING & NETTING TACKLE CO.,LTD.",,,,,,,,
"WEIHAI XINGHAIYUAN FISHING & NETTING TACKLE CO.,LTD.",,,,,,,,
"WELL MAKE INDUSTRY CO., LTD.",8-9,,service@wellpneumatic.com,+886-2-8647-1666,https://www.wellmake.com.tw/,,,
"WELL MAKE INDUSTRY CO., LTD.",,,,,,,,
"WELL MAKE INDUSTRY CO., LTD.",,,,,,,,
"WELL MAKE INDUSTRY CO., LTD.",,,,,,,,
"WELL MAKE INDUSTRY CO., LTD.",,,,,,,,
"WELL MAKE INDUSTRY CO., LTD.",,,,,,,,
"WELL MAKE INDUSTRY CO., LTD.",,,,,,,,
"WELL MAKE INDUSTRY CO., LTD.",,,,,,,,
"WELL MAKE INDUSTRY CO., LTD.",,,,,,,,
"WENZHOU GUOXIN HARDWARE TOOLS CO.,LTD",16-63.,,anne@guoxin-tools.com,0086-13868893889,https://www.guoxin-tools.com,,,
"WENZHOU GUOXIN HARDWARE TOOLS CO.,LTD",,,,,,,,
"Willbe Co., Ltd.",9-60,,EPSYOHINSOKUSHIN@willbe-corp.com,0567697886,,,,
"Willbe Co., Ltd.",,,,,,,,
"Willbe Co., Ltd.",,,,,,,,
"Willbe Co., Ltd.",,,,,,,,
"Willbe Co., Ltd.",,,,,,,,
"Willbe Co., Ltd.",,,,,,,,
"Willbe Co., Ltd.",,,,,,,,
"Willbe Co., Ltd.",,,,,,,,
"Willbe Co., Ltd.",,,,,,,,
"Willbe Co., Ltd.",,,,,,,,
"Willbe Co., Ltd.",,,,,,,,
"Willbe Co., Ltd.",,,,,,,,
"Willbe Co., Ltd.",,,,,,,,
"Willbe Co., Ltd.",,,,,,,,
"Willbe Co., Ltd.",,,,,,,,
"Willbe Co., Ltd.",,,,,,,,
"Willbe Co., Ltd.",,,,,,,,
"Willbe Co., Ltd.",,,,,,,,
"Willbe Co., Ltd.",,,,,,,,
"Willbe Co., Ltd.",,,,,,,,
"Willbe Co., Ltd.",,,,,,,,
"Willbe Co., Ltd.",,,,,,,,
"Willbe Co., Ltd.",,,,,,,,
"Willbe Co., Ltd.",,,,,,,,
"Willbe Co., Ltd.",,,,,,,,
"WININ ENTERPRISE CO., LTD",17-21,,sales-05@gardentool.com.tw,047779196,,,,
"WININ ENTERPRISE CO., LTD",,,,,,,,
"Winton Home Products CO.,LTD",2-6.,,info@wintonhome.cn,+86 25 52765295,https://wintonhome.cn,,,
"Winton Home Products CO.,LTD",,,,,,,,
WONDER GRIP JAPAN株式会社,10-31,,info@wondergrip.jp,043-213-3232,https://wondergrip.jp/,,,
Wuxi Huanawell Metal Manufacturing Co.Ltd,8-25.,,sales@huanawell.com,+8613665145416,https://huanawell.com/,,,
Wuxi Huanawell Metal Manufacturing Co.Ltd,,,,,,,,
"WUXI XINYA SAFETY PRODUCTS CO.,LTD",9-32.,,tony@xinya-safetech.com,0086 88206901,http://www.xinyasafety.com,,,
"WUXI XINYA SAFETY PRODUCTS CO.,LTD",,,,,,,,
"WUXI XINYA SAFETY PRODUCTS CO.,LTD",,,,,,,,
"WUXI XINYA SAFETY PRODUCTS CO.,LTD",,,,,,,,
"WUXI XINYA SAFETY PRODUCTS CO.,LTD",,,,,,,,
"WUXI XINYA SAFETY PRODUCTS CO.,LTD",,,,,,,,
"Wuyi Yunlin Steel Products Co.,Ltd",11-24,,504443194@qq.com,15958950740,http://www.yunlin.com,,,
"X.Z (NAN TONG) Co., Ltd.",12-39,,overseas@xzglove.com,051368918888,,,,
"X.Z (NAN TONG) Co., Ltd.",,,,,,,,
"X.Z (NAN TONG) Co., Ltd.",,,,,,,,
"X.Z (NAN TONG) Co., Ltd.",,,,,,,,
"XAG CO., LTD.",29-24..,,overseas@xa.com,+86-020-39218499,https://xa.com/en,,,
"XAG CO., LTD.",,,,,,,,
"XAG CO., LTD.",,,,,,,,
"Xinbo Hengye (Shandong) Plastic Film Technology Co., Ltd.",20-48,,wangtao@xinbohengye.com,4000536350,,,,
"XUANCHENG WEILIN ROPE&TAPE MANUFACTURE CO.,LTD",20-37,,weilin_sh@263.net,００８６－５６３－２２９１００１,,,,
"XUANCHENG WEILIN ROPE&TAPE MANUFACTURE CO.,LTD",,,,,,,,
"XUANCHENG WEILIN ROPE&TAPE MANUFACTURE CO.,LTD",,,,,,,,
"XUANCHENG WEILIN ROPE&TAPE MANUFACTURE CO.,LTD",,,,,,,,
"XUANCHENG WEILIN ROPE&TAPE MANUFACTURE CO.,LTD",,,,,,,,
"XUANCHENG WEILIN ROPE&TAPE MANUFACTURE CO.,LTD",,,,,,,,
"XUANCHENG WEILIN ROPE&TAPE MANUFACTURE CO.,LTD",,,,,,,,
"XUANCHENG WEILIN ROPE&TAPE MANUFACTURE CO.,LTD",,,,,,,,
"XUANCHENG WEILIN ROPE&TAPE MANUFACTURE CO.,LTD",,,,,,,,
"XUANCHENG WEILIN ROPE&TAPE MANUFACTURE CO.,LTD",,,,,,,,
"XUANCHENG WEILIN ROPE&TAPE MANUFACTURE CO.,LTD",,,,,,,,
"XUANCHENG WEILIN ROPE&TAPE MANUFACTURE CO.,LTD",,,,,,,,
"XUANCHENG WEILIN ROPE&TAPE MANUFACTURE CO.,LTD",,,,,,,,
Yamatic Inc,14-26,,Info@yamaticpower.com,0963882091,,,,
Yamatic Inc,,,,,,,,
Yamatic Inc,,,,,,,,
Yamatic Inc,,,,,,,,
Yamatic Inc,,,,,,,,
Yamatic Inc,,,,,,,,
Yamatic Inc,,,,,,,,
Yamatic Inc,,,,,,,,
Yamatic Inc,,,,,,,,
Yamatic Inc,,,,,,,,
Yamatic Inc,,,,,,,,
Yamatic Inc,,,,,,,,
Yamatic Inc,,,,,,,,
Yamatic Inc,,,,,,,,
Yamatic Inc,,,,,,,,
Yamatic Inc,,,,,,,,
Yamatic Inc,,,,,,,,
Yamatic Inc,,,,,,,,
Yamatic Inc,,,,,,,,
Yamatic Inc,,,,,,,,
Yamatic Inc,,,,,,,,
Yamatic Inc,,,,,,,,
Yamatic Inc,,,,,,,,
"YANGZHOU CITY ZHONGHUAN HI-TECH PLASTIC CO.,LTD",7-11,,leo@htpot.com,13852203013,,,,
"Yantai Guangyuan Packaging Technology Co., Ltd.",23-26,,kobezhao@gypackaging.com,+86-13589882329,,,,
"Yantai Meiyan Packing Material Co., Ltd.",16-26,,532685613@qq.com,0086-18654802962,,,,
"Yantai Meiyan Packing Material Co., Ltd.",,,,,,,,
"Yantai Meiyan Packing Material Co., Ltd.",,,,,,,,
"YANTAI U SMILE INTERNATIONAL TRADING CO., LTD.",17-28,,usmile@winwinglove.com,+86 18605456798,,,,
"YANTAI U SMILE INTERNATIONAL TRADING CO., LTD.",,,,,,,,
"YANTAI U SMILE INTERNATIONAL TRADING CO., LTD.",,,,,,,,
"YANTAI U SMILE INTERNATIONAL TRADING CO., LTD.",,,,,,,,
"YANTAI U SMILE INTERNATIONAL TRADING CO., LTD.",,,,,,,,
"YANTAI U SMILE INTERNATIONAL TRADING CO., LTD.",,,,,,,,
"YI ZUO ENT. CO., LTD.",18-24,,kanz.tw@gmail.com,+886-4-2639-3297,,,,
"YIH CHENG FACTORY CO., LTD.",9-10,,ycsales@yctools.com.tw,886492252211,,,,
"YIH CHENG FACTORY CO., LTD.",,,,,,,,
"YONGKANG NANTIAN INDUSTRY AND TRADE CO.,LTD.",6-21.,,sales@zjnantian.com,0086 18869903608,,,,
"Yongkang Shengze Industry Co.,Ltd",6-27,,SHENGZE00@ALIYUN.COM,18267980166,,,,
"Yongkang Shengze Industry Co.,Ltd",,,,,,,,
"YOUFU (SICHUAN) NEW MATERIALS CO., LTD.",20-6,,yiling@cqbaorui.com,86-23-44550332,,,,
"YOUFU (SICHUAN) NEW MATERIALS CO., LTD.",,,,,,,,
YUAN MEI CORP.,9-6,,jeff.wu@yuanmei.tw,886-4-7775096,https://www.yuanmei.tw/,,,
YUAN MEI CORP.,,,,,,,,
YUAN MEI CORP.,,,,,,,,
YUAN MEI CORP.,,,,,,,,
YUAN MEI CORP.,,,,,,,,
YUAN MEI CORP.,,,,,,,,
YUAN MEI CORP.,,,,,,,,
YUAN MEI CORP.,,,,,,,,
YUAN MEI CORP.,,,,,,,,
YUAN MEI CORP.,,,,,,,,
YUAN MEI CORP.,,,,,,,,
YUAN MEI CORP.,,,,,,,,
YUAN MEI CORP.,,,,,,,,
YUAN MEI CORP.,,,,,,,,
YUK-IL,22-47,,,,,,,
"YUN CHUAN MACHINERY CO.,LTD",18-12,,yunchuantaiwan@gmail.com,+88657983585,,,,
"YUN CHUAN MACHINERY CO.,LTD",,,,,,,,
"YUYANG PC INDUSTRIAL CO., LTD.",2-1,,yuyang.ind@ms27.hinet.net,+88647811935,,,,
"YUYAO BIAOER TRADING CO.,LTD",31-36,,ruanlifei@biaoer.com,0086-15306621777,,,,
"YUYAO BIAOER TRADING CO.,LTD",,,,,,,,
ZHANGJIAGANG SIQI SCIENCE AND TECHNOLOGY LTD,14-42.,,cjj@sqglove.com,+86 512 80617755,,,,
ZHANGJIAGANG SIQI SCIENCE AND TECHNOLOGY LTD,,,,,,,,
ZHANGJIAGANG SIQI SCIENCE AND TECHNOLOGY LTD,,,,,,,,
"Zhangzhou Toky Industry Co.,LTD.",12-13,,1607840100@qq.com,86596-8894238,http://www.toky.com,,,
Zhejiang Broad International Convention & Exhibition Co. Ltd.,"9-21, 11-18, 5-5, 5-19, 9-21.",,,,,,,
"Zhejiang C & G Garden Tool Co.,Ltd",15-19.,,ccg0575@163.com,0086-0575-82161008,,,,
"Zhejiang C & G Garden Tool Co.,Ltd",,,,,,,,
"Zhejiang Dosoly Mechanical And Electrical Technology Co.,Ltd",3-47,,benzhou@dojoytech.com,090-6726-7878,,,,
"Zhejiang Dosoly Mechanical And Electrical Technology Co.,Ltd",,,,,,,,
"Zhejiang Dosoly Mechanical And Electrical Technology Co.,Ltd",,,,,,,,
"Zhejiang Dosoly Mechanical And Electrical Technology Co.,Ltd",,,,,,,,
"Zhejiang Dosoly Mechanical And Electrical Technology Co.,Ltd",,,,,,,,
"Zhejiang Dosoly Mechanical And Electrical Technology Co.,Ltd",,,,,,,,
"Zhejiang Dosoly Mechanical And Electrical Technology Co.,Ltd",,,,,,,,
"Zhejiang Dosoly Mechanical And Electrical Technology Co.,Ltd",,,,,,,,
"ZHEJIANG FEIHU NEW ENERGY TECHNOLOGY CO,.LTD",11-18.,,,,,,,
"ZHEJIANG FENGYUAN NEW MATERIAL TECHNOLOGY CO.,LTD",6-28,,,,,,,
"ZHEJIANG GARDEN-BEE HORTICULTURE TECHNOLOGY CO.,LTD.",18-37,,gardenbee1.jp@zhaos.net,0086-571-86810870,,,,
"ZHEJIANG HANGTAO INDUSTRY AND TRADE CO., LTD.",14-18.,,taotao@zjtaotao.com,18858904264,,,,
"ZHEJIANG HANGTAO INDUSTRY AND TRADE CO., LTD.",,,,,,,,
"ZHEJIANG JINRUI HARDWARE RIGGING CO.,LTD",12-12,,rigging@luchengrigging.com,0577-86478618,,,,
"ZHEJIANG JINRUI HARDWARE RIGGING CO.,LTD",,,,,,,,
"ZHEJIANG JINRUI HARDWARE RIGGING CO.,LTD",,,,,,,,
"ZHEJIANG JINRUI HARDWARE RIGGING CO.,LTD",,,,,,,,
"ZHEJIANG JINRUI HARDWARE RIGGING CO.,LTD",,,,,,,,
"ZHEJIANG QITAI BIOMATERIAL CO.,LTD",1-8,,adxs888@qq.com,8615268881682,,,,
"ZHEJIANG QITAI BIOMATERIAL CO.,LTD",,,,,,,,
"Zhejiang Sunshine Leisure Products CO.,LTD.",3-31,,export45@sunshinecn.cn,0086-579-87632966,https://www.sunshine-outdoor.com,,,
"Zhejiang Sunshine Leisure Products CO.,LTD.",,,,,,,,
"ZHEJIANG USK IMPORT & EXPORT CO., LTD.",29-15.,,trade02@zjdz.cc,400-115-8899,,,,
"ZHEJIANG USK IMPORT & EXPORT CO., LTD.",,,,,,,,
"ZHEJIANG WELL SHINE INDUSTRY & TRADE CO.,LTD.",9-23,,amy@jskygroup.com,+86-579-87869229,,,,
"ZHEJIANG WELL SHINE INDUSTRY & TRADE CO.,LTD.",,,,,,,,
"Zhejiang Xingyue Industry Co., Ltd.",11-26.,,,,,,,
"Zhejiang Xingyue Industry Co., Ltd.",,,,,,,,
"Zhejiang Xingyue Industry Co., Ltd.",,,,,,,,
"Zhejiang Xingyue Industry Co., Ltd.",,,,,,,,
"Zhejiang Xingyue Industry Co., Ltd.",,,,,,,,
"Zhejiang Xingyue Industry Co., Ltd.",,,,,,,,
"ZHEJIANG YUSHENG TOOLS CO.,LTD",12-19,,,,,,,
Zhucheng Zhongyu Electrical And Mechanical Equipment Co.Ltd.,22-25.,,kaleter@163.com,86-0536-6586618,,,,
Zhucheng Zhongyu Electrical And Mechanical Equipment Co.Ltd.,,,,,,,,
"ZIBO FIREGROVE CO., LTD.",3-16.,,graceway100@163.com,+86 13964321009,,,,
"ZIBO FIREGROVE CO., LTD.",,,,,,,,
―odalabo―織田商事株式会社,4-38,,contact@odashoji.co.jp,0930-52-1108,,,,
―odalabo―織田商事株式会社,,,,,,,,
いすゞ自動車株式会社,12-23,,,,,,,
いわぐりテック,33-59,,iwamototakehisa@gmail.com,09081324905,,,,
いわぐりテック,,,,,,,,
かわむら園,4-31,,,,,,,
ぺツルジャパン,12-59,,,,,,,
ぺツルジャパン,,,,,,,,
ぺツルジャパン,,,,,,,,
ぺツルジャパン,,,,,,,,
ぺツルジャパン,,,,,,,,
やまこうファーム 株式会社,27-70,,info@yamakoufarm.co.jp,0862369922,,,,
アクプランタ 株式会社,27-44,,,,,,,
アクプランタ 株式会社,,,,,,,,
アクプランタ(株),32-5,,,,,,,
アクプランタ(株),,,,,,,,
アグリコネクト 株式会社,27-22,,k_higuchi@agri-connect.co.jp,03-5579-6122,,,,
アグリノート 株式会社,31-52,,release@agri-note.jp,025-282-7368,,,,
アグリノート 株式会社,,,,,,,,
アグリノート 株式会社,,,,,,,,
アグリノート 株式会社,,,,,,,,
アグローバル 合同会社,31-5,,info@aglobalgk.com,082-401-1764,,,,
アグローバル 合同会社,,,,,,,,
アグローバル 合同会社,,,,,,,,
アグローバル 合同会社,,,,,,,,
アグローバル 合同会社,,,,,,,,
アグローバル 合同会社,,,,,,,,
アグローバル 合同会社,,,,,,,,
アサヒ産業 株式会社,10-42,,info@sunasahi.co.jp,0669436000,,,,
アサヒ産業 株式会社,,,,,,,,
アサヒ産業 株式会社,,,,,,,,
アサヒ産業 株式会社,,,,,,,,
アストラ 合同会社,8-31,,,,,,,
アトミクス 株式会社,22-46,,yu-nezu@atomix.co.jp,08051993360,,,,
アトリエCCE株式会社,14-35,,info@ateliercce.com,09099756726,,,,
アトリエCCE株式会社,,,,,,,,
アトリエCCE株式会社,,,,,,,,
アトリエCCE株式会社,,,,,,,,
アトリエCCE株式会社,,,,,,,,
アトリエCCE株式会社,,,,,,,,
アトリエCCE株式会社,,,,,,,,
アメリカン・エキスプレス・インターナショナル・インコーポレイテッド,23-1,,,-,,,,
アモリ合同会社,17-48,,amorigk@amoritools.co.jp,0424059690,,,,
アモリ合同会社,,,,,,,,
アモリ合同会社,,,,,,,,
アモリ合同会社,,,,,,,,
アース製薬 株式会社,3-1,,,03-5207-7451,,,,
アース製薬 株式会社,,,,,,,,
アース製薬 株式会社,,,,,,,,
アース製薬 株式会社,,,,,,,,
アース製薬 株式会社,,,,,,,,
アース製薬 株式会社,,,,,,,,
アース製薬 株式会社,,,,,,,,
アース製薬 株式会社,,,,,,,,
アース製薬 株式会社,,,,,,,,
イノチオアグリ 株式会社,"28-48, 18-47",,info-agri@inochio.co.jp,tel:0532484511,,,,
イノチオアグリ 株式会社,,,,,,,,
イノチオアグリ 株式会社,,,,,,,,
イノチオアグリ 株式会社,,,,,,,,
ウインセス 株式会社,14-16,,ishiguro@wincess.co.jp,0878790880,,,,
ウインセス 株式会社,,,,,,,,
ウインセス 株式会社,,,,,,,,
ウインセス 株式会社,,,,,,,,
ウインセス 株式会社,,,,,,,,
ウインセス 株式会社,,,,,,,,
ウインセス 株式会社,,,,,,,,
ウインセス 株式会社,,,,,,,,
ウォーターナビ 株式会社,27-60,,m-yamaguchi@waternavi.co.jp,0668096620,,,,
ウォーターナビ 株式会社,,,,,,,,
ウォーターナビ 株式会社,,,,,,,,
エフピコチューパ 株式会社,18-1,,yuta.sega@cph.fpco-net.co.jp,0353392270,,,,
エフピコチューパ 株式会社,,,,,,,,
エフピコチューパ 株式会社,,,,,,,,
エフピコチューパ 株式会社,,,,,,,,
エムケー精工 株式会社,18-59,,,026-272-0601,,,,
エムケー精工 株式会社,,,,,,,,
エムケー精工 株式会社,,,,,,,,
オーブ・テック 株式会社,17-54,,info@orbtech.co.jp,03-5997-1691,,,,
カネイシ 株式会社,8-56,,info@kaneishi.co.jp,0270-64-0500,,,,
ガーデンフォースタイル,16-55,,kuriken.exterior@garden4style.com,,,,,
キャンプグラウンド合同会社,4-71,,info@campground.co.jp,03-6869-6495,,,,
キョーラク 株式会社,20-15,,,0358332801,,,,
キョーラク 株式会社,,,,,,,,
キョーラク 株式会社,,,,,,,,
クロバー 株式会社,13-63,,inoue.tomoyoshi@clover.co.jp,06-6978-2223,,,,
クロバー 株式会社,,,,,,,,
クロバー 株式会社,,,,,,,,
クロバー 株式会社,,,,,,,,
クロバー 株式会社,,,,,,,,
クロバー 株式会社,,,,,,,,
クロバー 株式会社,,,,,,,,
クロバー 株式会社,,,,,,,,
クロバー 株式会社,,,,,,,,
クロバー 株式会社,,,,,,,,
グランドグリーン(株),32-5,,,,,,,
グリーンデザイン＆コンサルティング,4-21,,info@gdac.net,03-5787-6954,,,,
グリーンプラン 株式会社,5-26,,toyoma@green-plan.jp,0220525030,,,,
グリーンプラン 株式会社,,,,,,,,
ゲノム編集産業化実証ラボ（九州大学・福岡バイオコミュニティ）,34-51,,genome_editing@kurume-rp.co.jp,,,,,
ゴトウ土づくり農業 株式会社,20-10,,,0536-25-7022,,,,
ゴトウ土づくり農業 株式会社,,,,,,,,
サイデック 株式会社,29-32,,,,,,,
サイデック 株式会社,,,,,,,,
サグリ(株),32-5,,contact@sagri.co.jp,0795-81-4010,,,,
サグリ(株),,,,,,,,
サグリ(株),,,,,,,,
サラヤ環境デザイン 株式会社,19-38,,info@saraya-sed.com,0677115970,,,,
サンエイ工業 株式会社,29-25,,info@sanei-ind.co.jp,0152-23-2173,,,,
サンエイ工業 株式会社,,,,,,,,
サンエイ工業 株式会社,,,,,,,,
ショーワグローブ 株式会社,10-1,,,0354275631,,,,
シーシーエス株式会社,34-5,,sales@ccs-inc.co.jp,0754157737,,,,
シーシーエス株式会社,,,,,,,,
シーシーエス株式会社,,,,,,,,
シーシーエス株式会社,,,,,,,,
シーシーエス株式会社,,,,,,,,
シーシーエス株式会社,,,,,,,,
シーシーエス株式会社,,,,,,,,
ジフィプロダクツインターナショナル,34-15,,norikatsu.tanaka@jiffygroup.com,07031930859,,,,
ジフィプロダクツインターナショナル,,,,,,,,
ジフィプロダクツインターナショナル,,,,,,,,
ジフィプロダクツインターナショナル,,,,,,,,
ジフィプロダクツインターナショナル,,,,,,,,
ジフィプロダクツインターナショナル,,,,,,,,
ジフィプロダクツインターナショナル,,,,,,,,
ジフィプロダクツインターナショナル,,,,,,,,
ジャパンプレミアムベジタブル株式会社,20-36,,info@jpveg.co.jp,,,,,
ジャパンプレミアムベジタブル株式会社,,,,,,,,
ジョブパートナーグループ,28-26,,info3@jobpartner-jp.com,03-5989-1841,,,,
ジョブパートナーグループ,,,,,,,,
スカイパワーテック株式会社,29-39,,haruko.chang@skypowertek.co.jp,0665392300,,,,
スカイパワーテック株式会社,,,,,,,,
スカイパワーテック株式会社,,,,,,,,
スカイパワーテック株式会社,,,,,,,,
スカイパワーテック株式会社,,,,,,,,
スケッチャーズジャパン合同会社,11-31,,sales@jp.skechers.com,03-6264-6446,,,,
スケッチャーズジャパン合同会社,,,,,,,,
スケッチャーズジャパン合同会社,,,,,,,,
スケッチャーズジャパン合同会社,,,,,,,,
スズキ機工 株式会社,8-59,,,,,,,
スプレーイングシステムスジャパン 合同会社,34-53,,info@spray.co.jp,03-3445-7809,,,,
スプレーイングシステムスジャパン 合同会社,,,,,,,,
スプレーイングシステムスジャパン 合同会社,,,,,,,,
スプレーイングシステムスジャパン 合同会社,,,,,,,,
セブンファーム 株式会社,22-5,,miyajima@denka-e.co.jp,0362545311,,,,
セブンファーム 株式会社,,,,,,,,
セブンファーム 株式会社,,,,,,,,
セントラルグリーン 株式会社,20-24,,company@central-green.jp,0254-32-2363,,,,
セントラルグリーン 株式会社,,,,,,,,
セーレン 株式会社,9-39,,,06-4798-3081,,,,
セーレン 株式会社,,,,,,,,
ゼロイチカンパニー 株式会社,21-16,,,,,,,
ダイヤテック株式会社,17-64,,wada@diatech.jp,0564-28-6099,,,,
ダイヤテック株式会社,,,,,,,,
ダイヤテック株式会社,,,,,,,,
ダイヤテック株式会社,,,,,,,,
チュウテン貿易株式会社,,,,,,,,
テクノロール 株式会社,21-48,,info@technoroll.co.jp,0725-53-3933,,,,
テクノロール 株式会社,,,,,,,,
テクノロール 株式会社,,,,,,,,
トレ食(株),32-5,,info@syokulabo.jp,0244320605,,,,
トーアメック 株式会社,19-70,,nakao@toamec.co.jp,0462394781,,,,
トーアメック 株式会社,,,,,,,,
トーアメック 株式会社,,,,,,,,
トーアメック 株式会社,,,,,,,,
トーク貿易 株式会社,9-51,,info@tolk.co.jp,08075218899,,,,
トーク貿易 株式会社,,,,,,,,
トーク貿易 株式会社,,,,,,,,
トーク貿易 株式会社,,,,,,,,
トーク貿易 株式会社,,,,,,,,
トーク貿易 株式会社,,,,,,,,
トーク貿易 株式会社,,,,,,,,
トーク貿易 株式会社,,,,,,,,
トーク貿易 株式会社,,,,,,,,
トーク貿易 株式会社,,,,,,,,
トーク貿易 株式会社,,,,,,,,
トーク貿易 株式会社,,,,,,,,
トーク貿易 株式会社,,,,,,,,
トーク貿易 株式会社,,,,,,,,
トーク貿易 株式会社,,,,,,,,
トーク貿易 株式会社,,,,,,,,
トーク貿易 株式会社,,,,,,,,
トーク貿易 株式会社,,,,,,,,
トーク貿易 株式会社,,,,,,,,
トーク貿易 株式会社,,,,,,,,
トーホー工業 株式会社,26-5,,hp1@toho-eps.com,0120-707-226,,,,
トーホー工業 株式会社,,,,,,,,
トーホー工業 株式会社,,,,,,,,
トーホー工業 株式会社,,,,,,,,
トーホー工業 株式会社,,,,,,,,
ドローンプラットフォーム・XROSS （株式会社 ネオマルス）,29-17,,service@droneplatform.jp,097-573-3131,,,,
ドローンプラットフォーム・XROSS （株式会社 ネオマルス）,,,,,,,,
ドローンプラットフォーム・XROSS （株式会社 ネオマルス）,,,,,,,,
ドローンプラットフォーム・XROSS （株式会社 ネオマルス）,,,,,,,,
ドローンプラットフォーム・XROSS （株式会社 ネオマルス）,,,,,,,,
ドローンプラットフォーム・XROSS （株式会社 ネオマルス）,,,,,,,,
ナガセヴィータ株式会社,18-25,,NVI800017@nagase.co.jp,,,,,
ナガセヴィータ株式会社,,,,,,,,
ナシモト工業 株式会社,14-21,,eigyo@nashim.co.jp,0256325051,,,,
ナシモト工業 株式会社,,,,,,,,
ナシモト工業 株式会社,,,,,,,,
ナシモト工業 株式会社,,,,,,,,
ニシム電子工業 株式会社,29-52,,,092-461-0246,,,,
ニチモウ 株式会社,21-13,,info@cofuna.jp,03-3458-4369,,,,
ニチモウ 株式会社,,,,,,,,
ニチモウ 株式会社,,,,,,,,
ニチモウ 株式会社,,,,,,,,
ニチモウ 株式会社,,,,,,,,
ハンナインスツルメンツ・ジヤパン 株式会社,32-16,,sales@hanna.co.jp,043-216-2601,,,,
ハンナインスツルメンツ・ジヤパン 株式会社,,,,,,,,
ハンナインスツルメンツ・ジヤパン 株式会社,,,,,,,,
ハンナインスツルメンツ・ジヤパン 株式会社,,,,,,,,
ハンナインスツルメンツ・ジヤパン 株式会社,,,,,,,,
ハンナインスツルメンツ・ジヤパン 株式会社,,,,,,,,
ハンナインスツルメンツ・ジヤパン 株式会社,,,,,,,,
ハンボ 株式会社,9-31,,info@hanvo.jp,0352915477,,,,
ハンボ 株式会社,,,,,,,,
ハンボ 株式会社,,,,,,,,
ハンボ 株式会社,,,,,,,,
ハンワホームズ 株式会社,5-47.,,ec-info@hanwa-ex.com,072-485-0132,,,,
パナソニック環境エンジニアリング株式会社,25-22,,peseng-mkt@gg.jp.panasonic.com,0568-81-1162,,,,
パナソニック環境エンジニアリング株式会社,,,,,,,,
パネフリ工業 株式会社,20-53,,info@panefri.com,075-955-5724,,,,
パネフリ工業 株式会社,,,,,,,,
パネフリ工業 株式会社,,,,,,,,
パネフリ工業 株式会社,,,,,,,,
パネフリ工業 株式会社,,,,,,,,
パーカー川上株式会社,21-26,,n-miyagi@parker-kawakami.co.jp,0336652810,,,,
パーカー川上株式会社,,,,,,,,
パーソルクロステクノロジー 株式会社,29-21,,,,,,,
パーソルクロステクノロジー 株式会社,,,,,,,,
パーソルクロステクノロジー 株式会社,,,,,,,,
パーソルクロステクノロジー 株式会社,,,,,,,,
ピーロート・ジャパン 株式会社,5-63,,event@pieroth.jp,0334584455,,,,
ファーメランタ(株),32-5,,bd@fermelanta.com,,,,,
ファーメランタ(株),,,,,,,,
フジケミ・トレーディング株式会社,21-37,,y.sato@ftcj.co.jp,03-3528-6755,,,,
フジケミ・トレーディング株式会社,,,,,,,,
フジケミ・トレーディング株式会社,,,,,,,,
フジトミ証券株式会社,26-53,,customer-service@fujitomi.co.jp,0345895529,,,,
フマキラー 株式会社,4-1,,,（03）3252-5941,,,,
フマキラー 株式会社,,,,,,,,
フルタ電機 株式会社,27-43,,,,,,,
ブルーアノール株式会社,28-39,,asano@blue-anole.co.jp,09078351618,,,,
ブルーアノール株式会社,,,,,,,,
プラウ株式会社,13-1,,sales@plow-power.com,0255307025,,,,
プラウ株式会社,,,,,,,,
プラウ株式会社,,,,,,,,
プラウ株式会社,,,,,,,,
プロダクトソリューションエンジニアリング株式会社,30-5,,hirohata@pse-japan.com,09077627440,,,,
プロダクトソリューションエンジニアリング株式会社,,,,,,,,
プロダクトソリューションエンジニアリング株式会社,,,,,,,,
ホシザキ 株式会社,25-23,,,,,,,
マクウジャパン株式会社,"29-6A, 29-6B",,info@eft-makuw.jp,,,,,
マックス 株式会社,18-52,,kikkts@mail.max-ltd.co.jp,0336698138,,,,
ミズノ株式会社,4-41,,,,,,,
ミズノ株式会社,,,,,,,,
ムーンショット型農林水産研究開発事業（ムーンショット目標５）,27-52,,seiken-moonshot@ml.affrc.go.jp,,,,,
ムーンショット型農林水産研究開発事業（ムーンショット目標５）,,,,,,,,
ムーンショット型農林水産研究開発事業（ムーンショット目標５）,,,,,,,,
ムーンショット型農林水産研究開発事業（ムーンショット目標５）,,,,,,,,
"メーガゴテック (寰宇宏) 株式会社 Megago Tech Co., Ltd.",30-9,,service@megago.com.tw,+886 4 3703 2858,https://www.megago.com.tw/,,,
モリトジャパン 株式会社,14-53,,daiki.kunizawa@morito.co.jp,03-3842-8211,,,,
モリトジャパン 株式会社,,,,,,,,
モリトジャパン 株式会社,,,,,,,,
ヤマグチ園芸,4-31,,y.nuq32358@gmail.com,09017238461,,,,
ヤマグチ園芸,,,,,,,,
ヤマグチ園芸,,,,,,,,
ヤマト自動車 株式会社,9-53,,customer@yamato-a.com,0664588124,,,,
ヤマト自動車 株式会社,,,,,,,,
ヤマト自動車 株式会社,,,,,,,,
ヤマト自動車 株式会社,,,,,,,,
ヤマト自動車 株式会社,,,,,,,,
ヤンマーホールディングス 株式会社,25-70,,cpo@yanmar.com,0342188766,,,,
ヤンマーホールディングス 株式会社,,,,,,,,
ユニオンビズ 株式会社,6-32,,kanri@unionbiz.jp,0566-89-2779,,,,
ユニオンビズ 株式会社,,,,,,,,
ラクトシステム 株式会社,22-38.,,info@lactosystem.jp,0792607872,,,,
ラクトシステム 株式会社,,,,,,,,
ラクトシステム 株式会社,,,,,,,,
ラクトシステム 株式会社,,,,,,,,
ラグジュアリーカード合同会社,33-1,,,,,,,
リケンNPR 株式会社,31-38,,npr-rik.shinkai-inquiry-ml@npr-riken.co.jp,048-527-2001,https://www.npr-riken.co.jp/,,,
リケンNPR 株式会社,,,,,,,,
リケンNPR 株式会社,,,,,,,,
リケンNPR 株式会社,,,,,,,,
リケンNPR 株式会社,,,,,,,,
リスのプラスチックグループ,17-31,,tsk_info@seahorse.co.jp,,,,,
リプロテック 株式会社,18-21,,info@reprotec.co.jp,0120-688-883,,,,
リプロテック 株式会社,,,,,,,,
リプロテック 株式会社,,,,,,,,
レインボー薬品 株式会社,3-21,,info-sales@rainbow-f.co.jp,03-6740-7777,,,,
レインボー薬品 株式会社,,,,,,,,
レインボー薬品 株式会社,,,,,,,,
レインボー薬品 株式会社,,,,,,,,
レインボー薬品 株式会社,,,,,,,,
レフィクシア株式会社,33-63,,receive@lefixea.com,03-6456-4323,,,,
レフィクシア株式会社,,,,,,,,
ワンテック 株式会社,21-42,,office-contact@one-tech.works,04-7149-5051,,,,
ワンテック 株式会社,,,,,,,,
㈱ジャパンペットコミュニケーションズ,5-40,,takumi-tsubota@jpc-co.jp,0336648780,,,,
㈱ヒノショー,23-39,,a-shoji@hinosho.co.jp,08045852074,,,,
㈱ヒノショー,,,,,,,,
㈱ヒノショー,,,,,,,,
㈱ヒノショー,,,,,,,,
一般社団法人 マクロビオティック発酵食品協会,20-1,,,,,,,
一般社団法人 日本草地畜産種子協会,24-19,,info@souchi.lin.gr.jp,0332516501,,,,
一般社団法人 農山漁村文化協会（農文協）,26-14,,,,,,,
一般社団法人 農山漁村文化協会（農文協）,,,,,,,,
一般社団法人 農山漁村文化協会（農文協）,,,,,,,,
一般社団法人 農山漁村文化協会（農文協）,,,,,,,,
万田発酵株式会社,3-18,,kazunobu_baba@manda-kohso.co.jp,0845-24-3555,,,,
三協立山株式会社,32-1,,agri-info@st-grp.co.jp,0766-20-3160,,,,
三和油脂 株式会社,21-20,,,023-653-3021,,,,
三和油脂 株式会社,,,,,,,,
三和油脂 株式会社,,,,,,,,
三好アグリテック 株式会社,34-41,,information@miyoshi-agri.co.jp,0551-36-5913,,,,
三好アグリテック 株式会社,,,,,,,,
三好アグリテック 株式会社,,,,,,,,
三木金物商工協同組合連合会,"11-69, 12-70, 12-69, 13-70",,,,,,,
三菱電機 株式会社,18-63,,ATC_webmaster@ra.MitsubishiElectric.co.jp,,,,,
三菱電機 株式会社,,,,,,,,
上根精機工業 株式会社,27-26,,info@kamine.jp,052-352-4111,,,,
上根精機工業 株式会社,,,,,,,,
上根精機工業 株式会社,,,,,,,,
上根精機工業 株式会社,,,,,,,,
上根精機工業 株式会社,,,,,,,,
上根精機工業 株式会社,,,,,,,,
上根精機工業 株式会社,,,,,,,,
上根精機工業 株式会社,,,,,,,,
上根精機工業 株式会社,,,,,,,,
上根精機工業 株式会社,,,,,,,,
上根精機工業 株式会社,,,,,,,,
上根精機工業 株式会社,,,,,,,,
中島商事 株式会社,18-9,,toyochu-18@nakashima-shouji.com,0562-92-1281,,,,
中発販売 株式会社,16-59,,,,,,,
中発販売 株式会社,,,,,,,,
中発販売 株式会社,,,,,,,,
中発販売 株式会社,,,,,,,,
中部エコテック 株式会社,23-5,,,,,,,
中部スリッター 株式会社,26-31,,zerorest@chubsliter.co.jp,0562-48-1900,,,,
中部スリッター 株式会社,,,,,,,,
中部スリッター 株式会社,,,,,,,,
京葉興業 株式会社,21-31,,info@e-keiyo.jp,0473379116,,,,
京葉興業 株式会社,,,,,,,,
京葉興業 株式会社,,,,,,,,
京葉興業 株式会社,,,,,,,,
京葉興業 株式会社,,,,,,,,
京葉興業 株式会社,,,,,,,,
京葉興業 株式会社,,,,,,,,
京葉興業 株式会社,,,,,,,,
京葉興業 株式会社,,,,,,,,
京葉興業 株式会社,,,,,,,,
京葉興業 株式会社,,,,,,,,
仙台農建株式会社,30-42,,,0229581220,,,,
仙台農建株式会社,,,,,,,,
仙台農建株式会社,,,,,,,,
仙台農建株式会社,,,,,,,,
仙台農建株式会社,,,,,,,,
仙台農建株式会社,,,,,,,,
住友林業緑化株式会社,7-59,,,03-6832-2205,,,,
住友林業緑化株式会社,,,,,,,,
住友林業緑化株式会社,,,,,,,,
住友林業緑化株式会社,,,,,,,,
住友林業緑化株式会社,,,,,,,,
住友林業緑化株式会社,,,,,,,,
住友林業緑化株式会社,,,,,,,,
住友林業緑化株式会社,,,,,,,,
住友林業緑化株式会社,,,,,,,,
住友林業緑化株式会社,,,,,,,,
住友林業緑化株式会社,,,,,,,,
保土谷化学工業 株式会社,21-17,,,03-6852-0300,,,,
保土谷化学工業 株式会社,,,,,,,,
保土谷化学工業 株式会社,,,,,,,,
保土谷化学工業 株式会社,,,,,,,,
信州スマート農機,30-18,,midfield2@gmail.com,08030157767,,,,
信州スマート農機,,,,,,,,
全農畜産サービス 株式会社,23-32.,,info@zcss.co.jp,0352454871,,,,
八洲電業 株式会社・伝農アシスト株式会社・Hi-Target,22-6,,yashima@gold.ocn.ne.jp,0669723045,,,,
八洲電業 株式会社・伝農アシスト株式会社・Hi-Target,,,,,,,,
八洲電業 株式会社・伝農アシスト株式会社・Hi-Target,,,,,,,,
八洲電業 株式会社・伝農アシスト株式会社・Hi-Target,,,,,,,,
八洲電業 株式会社・伝農アシスト株式会社・Hi-Target,,,,,,,,
八洲電業 株式会社・伝農アシスト株式会社・Hi-Target,,,,,,,,
共福産業 株式会社,5-12,,sales-oosaka@apg-kyofuku.co.jp,0642551603,,,,
共福産業 株式会社,,,,,,,,
兵神機械工業 株式会社,31-53,,farm.eugyou@hsn-kikai.com,0794363355,,,,
兵神機械工業 株式会社,,,,,,,,
兵神機械工業 株式会社,,,,,,,,
兵神機械工業 株式会社,,,,,,,,
兵神機械工業 株式会社,,,,,,,,
兵神機械工業 株式会社,,,,,,,,
兼弥産業 株式会社,24-1,,contact@kaneya-ltd.co.jp,0569651256,,,,
兼松エンジニアリング 株式会社,26-17,,k.motohisa@kanematsu-eng.jp,08040662365,,,,
兼松エンジニアリング 株式会社,,,,,,,,
兼松エンジニアリング 株式会社,,,,,,,,
内閣府宇宙開発戦略推進事務局/準天頂衛星システムサービス株式会社,30-63,,,,,,,
勝川熱工 株式会社,21-51,,kawano@katsukawa.co.jp,09086531024,,,,
勝川熱工 株式会社,,,,,,,,
化学農薬に依存しない害虫防除,27-52,,pm@ms505ipm.halfmoon.jp,075-753-6135,,,,
北菱電興 株式会社,28-60,,aquaport@hokuryodenko.co.jp,076-275-8191,,,,
北菱電興 株式会社,,,,,,,,
北菱電興 株式会社,,,,,,,,
匡正株式会社,17-53,,cyose@cyose.info,0453348570,,,,
匡正株式会社,,,,,,,,
匡正株式会社,,,,,,,,
匡正株式会社,,,,,,,,
匡正株式会社,,,,,,,,
匡正株式会社,,,,,,,,
千葉県(CHIBA Prefecture),28-6,,nou-sannyu@mz.pref.chiba.lg.jp,043-223-2878,https://www.pref.chiba.lg.jp/ninaite/kigyo-sannyu/hand-book.html,,,
千葉県（千葉県花き園芸組合連合会・千葉県植木生産組合連合会）,1-9,,,,,,,
半助園芸,4-31,,,,,,,
双葉電子工業株式会社,30-40,,,,,,,
双葉電子工業株式会社,,,,,,,,
双葉電子工業株式会社,,,,,,,,
合同会社アグリビジネスパートナーズ,33-56,,,,,,,
合同会社アグリビジネスパートナーズ,,,,,,,,
合同会社アグリビジネスパートナーズ,,,,,,,,
同心力株式会社,3-47,,,,,,,
和同産業 株式会社,16-1,,wado@wadosng.jp,0198243221,,,,
和同産業 株式会社,,,,,,,,
和同産業 株式会社,,,,,,,,
和同産業 株式会社,,,,,,,,
国立大学法人 九州大学,25-37,,kurata.tetsuya.978@m.kyushu-u.ac.jp,0928026666,,,,
国際紙パルプ商事 株式会社,7-60,,,,,,,
国際農業結協同組合,28-12,,nakajima00takeshi@gmail.com,08030213744,,,,
大作商事 株式会社,24-42,,optizm@daisaku-shoji.co.jp,03-5219-1111,,,,
大同興業 株式会社,14-51,,j.yamashita@daidokogyo-kk.co.jp,0665310082,,,,
大同興業 株式会社,,,,,,,,
大和ハウス工業 株式会社,32-1,,,,,,,
大和プラスチック 株式会社,4-23,,info@yamato-plastic.co.jp,0745531021,,,,
大和プラスチック 株式会社,,,,,,,,
大和プラスチック 株式会社,,,,,,,,
大和プラスチック 株式会社,,,,,,,,
大和プラスチック 株式会社,,,,,,,,
大和薬品 株式会社,22-15,,oka@daiwa-pharm.com,03-5430-4050,,,,
大和薬品 株式会社,,,,,,,,
大和薬品 株式会社,,,,,,,,
大屋丹藏製作所 株式会社,19-69,,ohya@drive.ocn.ne.jp,0525011867,,,,
大屋丹藏製作所 株式会社,,,,,,,,
大澤ワックス 株式会社,9-47,,info-center@boll.co.jp,0524144010,,,,
大石産業株式会社,27-1,,exhibition-yurikago@net.osk.co.jp,0949-42-8479,,,,
大石産業株式会社,,,,,,,,
大石産業株式会社,,,,,,,,
大石産業株式会社,,,,,,,,
大石産業株式会社,,,,,,,,
大石産業株式会社,,,,,,,,
大石産業株式会社,,,,,,,,
大石産業株式会社,,,,,,,,
大阪プラント 株式会社,12-47,,tona-zigyobu@osakaplant.co.jp,06-4705-6680,,,,
大阪プラント 株式会社,,,,,,,,
大阪プラント 株式会社,,,,,,,,
天寿刃物本舗,12-70,,yamaryo@violin.ocn.ne.jp,0794-82-5449,,,,
天寿刃物本舗,,,,,,,,
天盛株式会社,7-15,,tensei_fq@yahoo.co.jp,0362768662,,,,
宝ステンレス株式会社,20-54,,info@takara-st.co.jp,048-224-2861,,,,
宝ステンレス株式会社,,,,,,,,
宮崎県,28-5,,ninaitenochi@pref.miyazaki.lg.jp,0985-32-4465,,,,
富士グローブ 株式会社,14-23,,tebukuro@fujiglove.co.jp,0791-63-0036,,,,
富士グローブ 株式会社,,,,,,,,
富士グローブ 株式会社,,,,,,,,
富士手袋工業 株式会社,13-36,,mail@fujitebukuro.co.jp,0358374226,,,,
富士手袋工業 株式会社,,,,,,,,
富士手袋工業 株式会社,,,,,,,,
富士手袋工業 株式会社,,,,,,,,
富士手袋工業 株式会社,,,,,,,,
富士手袋工業 株式会社,,,,,,,,
富士手袋工業 株式会社,,,,,,,,
富士手袋工業 株式会社,,,,,,,,
富士手袋工業 株式会社,,,,,,,,
富士手袋工業 株式会社,,,,,,,,
富士手袋工業 株式会社,,,,,,,,
小峰無線電機 株式会社,29-22,,info@kominemusen.co.jp,0448445522,,,,
小峰無線電機 株式会社,,,,,,,,
小林株式会社,16-43,,hideki_tanaka@kobayasi.co.jp,08031528962,,,,
小林株式会社,,,,,,,,
山二造酢 株式会社,25-19,,nomura@yamani-vinegar.com,059-225-2321,,,,
山二造酢 株式会社,,,,,,,,
山崎金属産業 株式会社,33-9,,teranish@yamakin.co.jp,09069567255,,,,
山崎金属産業 株式会社,,,,,,,,
山東守正プラスチック有限公司,20-39,,jxbao@sumsight.com,008615953271697,,,,
山東守正プラスチック有限公司,,,,,,,,
山東守正プラスチック有限公司,,,,,,,,
山東守正プラスチック有限公司,,,,,,,,
山東守正プラスチック有限公司,,,,,,,,
山東守正プラスチック有限公司,,,,,,,,
山真製鋸 株式会社,13-59,,,053-468-6380,,,,
山真製鋸 株式会社,,,,,,,,
岡安商事 株式会社,27-15,,kenta.kimata@okayasu-shoji.co.jp,0356428559,,,,
島貿易 株式会社,26-44,,tokyo-team602@shima-tra.co.jp,0335463129,,,,
島貿易 株式会社,,,,,,,,
島貿易 株式会社,,,,,,,,
島貿易 株式会社,,,,,,,,
島貿易 株式会社,,,,,,,,
島貿易 株式会社,,,,,,,,
希隆株式会社,21-18,,wangch@ganjo.jp,0952595566,,,,
希隆株式会社,,,,,,,,
希隆株式会社,,,,,,,,
希隆株式会社,,,,,,,,
広成通商 株式会社,7-32,,info@kosetsusho.co.jp,0902926776,,,,
広成通商 株式会社,,,,,,,,
広成通商 株式会社,,,,,,,,
広成通商 株式会社,,,,,,,,
恒安株式会社,8-18,,info@koanrubber.com,050-1421-2393,,,,
恒安株式会社,,,,,,,,
新明和工業 株式会社,22-21,,shimmura.m@shinmaywa.co.jp,0455841323,,,,
日光物産 株式会社,23-43,,kobayashi@nikko-bussan.com,03-6231-0966,,,,
日揮ユニバーサル 株式会社,27-48,,sigarashi@n-u.co.jp,08072434199,,,,
日揮ユニバーサル 株式会社,,,,,,,,
日揮ユニバーサル 株式会社,,,,,,,,
日揮ユニバーサル 株式会社,,,,,,,,
日曹商事 株式会社,28-59,,d-sakuda@nissoshoji.co.jp,07038595032,,,,
日曹商事 株式会社,,,,,,,,
日曹商事 株式会社,,,,,,,,
日本オーガニックミネラル 株式会社,21-12,,a_shimizu@jo-mineral.co.jp,0362771081,,,,
日本オーガニックミネラル 株式会社,,,,,,,,
日本オーガニックミネラル 株式会社,,,,,,,,
日本オーガニックミネラル 株式会社,,,,,,,,
日本オーガニックミネラル 株式会社,,,,,,,,
日本オーガニックミネラル 株式会社,,,,,,,,
日本オーガニックミネラル 株式会社,,,,,,,,
日本オーガニックミネラル 株式会社,,,,,,,,
日本オーガニックミネラル 株式会社,,,,,,,,
日本オーガニックミネラル 株式会社,,,,,,,,
日本タルク 株式会社,18-17,,nakatsuji@nippon-talc.co.jp,0332573851,,,,
日本パワーテクノ 株式会社 （共同出展：株式会社ピーズガード）,21-36,,k-yamamoto@npt-inc.co.jp,0559437840,,,,
日本パワーテクノ 株式会社 （共同出展：株式会社ピーズガード）,,,,,,,,
日本マタイ 株式会社,4-17,,,0338432134,,,,
日本家畜貿易株式会社,25-36.,,sanno.emj@ecomaxjapan.com,0155-64-5735,,,,
日本家畜貿易株式会社,,,,,,,,
日本木質トラス協議会,22-16,,edward.matsuyama@mii.com,03-6665-8311,,,,
日本未来電機株式会社,31-10,,miura@nmdenki.com,09033973445,,,,
日本製紙グループ,24-24,,gpjab0921000000@nipponpapergroup.com,,,,,
日本製紙グループ,,,,,,,,
日本製紙グループ,,,,,,,,
日本製紙グループ,,,,,,,,
日本製紙グループ,,,,,,,,
日本製紙グループ,,,,,,,,
日本製紙グループ,,,,,,,,
日本製紙グループ,,,,,,,,
日本製紙グループ,,,,,,,,
日東造機株式会社,24-63,,,0475-23-0211,,,,
日東造機株式会社,,,,,,,,
日東造機株式会社,,,,,,,,
日東造機株式会社,,,,,,,,
日東造機株式会社,,,,,,,,
日栄インテック 株式会社,32-31,,agritec@nichieiintec.co.jp,03-3893-4471,,,,
日栄インテック 株式会社,,,,,,,,
日栄インテック 株式会社,,,,,,,,
日栄インテック 株式会社,,,,,,,,
日栄インテック 株式会社,,,,,,,,
日栄インテック 株式会社,,,,,,,,
日栄インテック 株式会社,,,,,,,,
日栄インテック 株式会社,,,,,,,,
日源企業合同会社,3-36,,,,,,,
日野屋,33-25,,,,,,,
明々工業株式会社,14-15,,m.hamada@cubicsystem.co.jp,09063038134,,,,
明々工業株式会社,,,,,,,,
明々工業株式会社,,,,,,,,
明和 株式会社,18-11,,info@meiwa-co.net,0562853382,,,,
明和 株式会社,,,,,,,,
明和 株式会社,,,,,,,,
明和 株式会社,,,,,,,,
明和 株式会社,,,,,,,,
明和 株式会社,,,,,,,,
明和 株式会社,,,,,,,,
明和 株式会社,,,,,,,,
明和 株式会社,,,,,,,,
明和工業 株式会社,24-43,,meiwa-kk@mis.janis.or.jp,0265246677,,,,
明和工業 株式会社,,,,,,,,
明和工業 株式会社,,,,,,,,
明和工業 株式会社,,,,,,,,
明和工業 株式会社,,,,,,,,
有限会社 松原工業,19-40,,,,,,,
有限会社 水谷農園,1-6,,rose@mizutani.bz,0587-36-0555,,,,
有限会社 水谷農園,,,,,,,,
有限会社 水谷農園,,,,,,,,
有限会社 水谷農園,,,,,,,,
有限会社 水谷農園,,,,,,,,
有限会社 水谷農園,,,,,,,,
有限会社 水谷農園,,,,,,,,
有限会社 水谷農園,,,,,,,,
有限会社 水谷農園,,,,,,,,
有限会社 水谷農園,,,,,,,,
有限会社 水谷農園,,,,,,,,
有限会社 水谷農園,,,,,,,,
有限会社 水谷農園,,,,,,,,
有限会社 水谷農園,,,,,,,,
有限会社 水谷農園,,,,,,,,
有限会社 水谷農園,,,,,,,,
有限会社 水谷農園,,,,,,,,
有限会社 水谷農園,,,,,,,,
有限会社 水谷農園,,,,,,,,
有限会社 水谷農園,,,,,,,,
有限会社 水谷農園,,,,,,,,
有限会社 水谷農園,,,,,,,,
有限会社 水谷農園,,,,,,,,
有限会社 水谷農園,,,,,,,,
有限会社 水谷農園,,,,,,,,
有限会社 水谷農園,,,,,,,,
有限会社 水谷農園,,,,,,,,
有限会社 水谷農園,,,,,,,,
有限会社 水谷農園,,,,,,,,
有限会社 水谷農園,,,,,,,,
有限会社 水谷農園,,,,,,,,
有限会社 水谷農園,,,,,,,,
有限会社 水谷農園,,,,,,,,
有限会社 水谷農園,,,,,,,,
有限会社 水谷農園,,,,,,,,
有限会社 水谷農園,,,,,,,,
有限会社 水谷農園,,,,,,,,
有限会社 水谷農園,,,,,,,,
有限会社 水谷農園,,,,,,,,
有限会社 浅野木工所,13-54,,,0256321800,,,,
有限会社 浅野木工所,,,,,,,,
有限会社 浅野木工所,,,,,,,,
有限会社 豊川温室,20-41,,sugaya@toyokawa-onshitsu.com,0533-92-2525,,,,
有限会社 魚瀬ゴム,13-53,,uosegomu@syounann.com,0467-50-0451,,,,
有限会社グリーンハウスベル,4-31,,info@ghbel.com,0930-24-1848,,,,
有限会社岡野秀花園,4-31,,nursery@okano-syukaen.com,0297-66-2356,,,,
有限会社飯田グリーン,4-31,,info@iidagreen.com,0478-86-1736,,,,
朝田ケミカル 株式会社,21-59,,support@asada-chemical.co.jp,0120-097-077,,,,
朝田ケミカル 株式会社,,,,,,,,
朝田ケミカル 株式会社,,,,,,,,
朝田ケミカル 株式会社,,,,,,,,
木村工機株式会社,24-32.,,,05037723054,,,,
木村工機株式会社,,,,,,,,
木村工機株式会社,,,,,,,,
木村工機株式会社,,,,,,,,
木村工機株式会社,,,,,,,,
未来工業 株式会社,28-40,,mirai@mirai.co.jp,0584-68-0001,,,,
未来工業 株式会社,,,,,,,,
未来工業 株式会社,,,,,,,,
未来工業 株式会社,,,,,,,,
未来工業 株式会社,,,,,,,,
村上商事 株式会社,3-48,,b2b@murakamiltd.com,072-289-5308,,,,
村上商事 株式会社,,,,,,,,
村上商事 株式会社,,,,,,,,
村上商事 株式会社,,,,,,,,
村上商事 株式会社,,,,,,,,
村上商事 株式会社,,,,,,,,
村上商事 株式会社,,,,,,,,
村上商事 株式会社,,,,,,,,
村上商事 株式会社,,,,,,,,
村上商事 株式会社,,,,,,,,
村上商事 株式会社,,,,,,,,
村上商事 株式会社,,,,,,,,
東レ 株式会社,24-59,,makoto.nakahara.d2@mail.toray,08014497403,,,,
東レ 株式会社,,,,,,,,
東レ 株式会社,,,,,,,,
東レ 株式会社,,,,,,,,
東レ 株式会社,,,,,,,,
東レ 株式会社,,,,,,,,
東レ 株式会社,,,,,,,,
東京ドローンプラス 株式会社,32-15,,h.inaba@jpndo.com,043-307-8334,,,,
東京ドローンプラス 株式会社,,,,,,,,
東京ドローンプラス 株式会社,,,,,,,,
東日興産 株式会社,31-59,,ag_dept_contact@tonicon.co.jp,03-6859-1055,,,,
東日興産 株式会社,,,,,,,,
東日興産 株式会社,,,,,,,,
東日興産 株式会社,,,,,,,,
東日興産 株式会社,,,,,,,,
東日興産 株式会社,,,,,,,,
東日興産 株式会社,,,,,,,,
東日興産 株式会社,,,,,,,,
東洋紡エムシー株式会社,34-5,,,,,,,
東洋紡エムシー株式会社,,,,,,,,
東洋紡エムシー株式会社,,,,,,,,
東洋紡エンジニアリング 株式会社,34-5,,,0663484073,,,,
東洋紡エンジニアリング 株式会社,,,,,,,,
東洋紡株式会社,34-5,,koji_suzuki@toyobo.jp,0663483764,,,,
東洋紡株式会社,,,,,,,,
東洋紡株式会社,,,,,,,,
東洋電装株式会社,15-52,,td-fisco@t-denso.com,082-209-2088,,,,
東洋電装株式会社,,,,,,,,
東洋電装株式会社,,,,,,,,
東洋電装株式会社,,,,,,,,
東洋電装株式会社,,,,,,,,
東洋電装株式会社,,,,,,,,
東洋電装株式会社,,,,,,,,
東洋電装株式会社,,,,,,,,
東洋電装株式会社,,,,,,,,
東洋電装株式会社,,,,,,,,
東神電気 株式会社,17-42,,nakauchi@tec-web.co.jp,0663932305,,,,
東神電気 株式会社,,,,,,,,
東神電気 株式会社,,,,,,,,
東神電気 株式会社,,,,,,,,
東都興業 株式会社,20-42,,eigyou@toto-vp.com,03-3566-0210,,,,
東都興業 株式会社,,,,,,,,
東都興業 株式会社,,,,,,,,
栄炭JAPAN 株式会社,3-64,,masa-yokoshima@lttech.co.jp,09021573587,,,,
栄炭JAPAN 株式会社,,,,,,,,
栄炭JAPAN 株式会社,,,,,,,,
栄炭JAPAN 株式会社,,,,,,,,
栄炭JAPAN 株式会社,,,,,,,,
栄炭JAPAN 株式会社,,,,,,,,
栄炭JAPAN 株式会社,,,,,,,,
株式会社 APAコーポレーション,21-24,,watabe@apa-corp.jp,0562387001,https://www.apa-corp.jp,,,
株式会社 APAコーポレーション,,,,,,,,
株式会社 CHC NAVIGATION JAPAN,32-19.,,info_jp@efix-ag.com,,,,,
株式会社 CHC NAVIGATION JAPAN,31-5,,,,https://www.chcnav.com/ja/about/overview,,,
株式会社 CHC NAVIGATION JAPAN,,,,,,,,
株式会社 CHC NAVIGATION JAPAN,,,,,,,,
株式会社 CHC NAVIGATION JAPAN,,,,,,,,
株式会社 CHC NAVIGATION JAPAN,,,,,,,,
株式会社 CHC NAVIGATION JAPAN,,,,,,,,
株式会社 DONKEY,30-19,,contact@donkey.co.jp,042-703-0235,https://donkey.co.jp/,,,
株式会社 DONKEY,,,,,,,,
株式会社 DONKEY,,,,,,,,
株式会社 DONKEY,,,,,,,,
株式会社 DONKEY,,,,,,,,
株式会社 FAMS,27-59.,,fams_is@yaskawa.co.jp,0258-62-5519,https://www.fams.jp/about/company,,,
株式会社 FAMS,,,,,,,,
株式会社 FAMS,,,,,,,,
株式会社 F・S・T,4-31,,fst10gf@yahoo.co.jp,0582518878,,,,
株式会社 ISEKI Japan,3-41,,ij-green.info@iseki.co.jp,0297385588,https://www.iseki.co.jp/,,,
株式会社 ISEKI Japan,,,,,,,,
株式会社 ISEKI Japan,,,,,,,,
株式会社 ISEKI Japan,,,,,,,,
株式会社 ISEKI Japan,,,,,,,,
株式会社 JAMPS,34-31,,info@jamps.co.jp,03-6841-4351,https://www.jamps.co.jp/,,,
株式会社 JAMPS,,,,,,,,
株式会社 JAMPS,,,,,,,,
株式会社 Japan Vertical Farm,33-5.,,info@jvf.co.jp,075-275-0249,https://jvf.co.jp/,,,
株式会社 Japan Vertical Farm,,,,,,,,
株式会社 Japan Vertical Farm,,,,,,,,
株式会社 Japan Vertical Farm,,,,,,,,
株式会社 Japan Vertical Farm,,,,,,,,
株式会社 Japan Vertical Farm,,,,,,,,
株式会社 Japan Vertical Farm,,,,,,,,
株式会社 M. I. T,21-6,,info@mit-corp.biz,0662607210,https://mit-corp.biz/,,,
株式会社 M. I. T,,,,,,,,
株式会社 M. I. T,,,,,,,,
株式会社 M.R.O.トレーディング,9-63,,sales@mro-trading.co.jp,044-400-1836,https://mro-trading.co.jp/,,,
株式会社 M.R.O.トレーディング,,,,,,,,
株式会社 M.R.O.トレーディング,,,,,,,,
株式会社 M.R.O.トレーディング,,,,,,,,
株式会社 M.R.O.トレーディング,,,,,,,,
株式会社 MIYABI,27-31,,miyabi@kioku.co.jp,,,,,
株式会社 MIYABI,,,,,,,,
株式会社 MIYABI,,,,,,,,
株式会社 NEXYZ.,19-31,,info-zero@nexyzgroup.jp,03-5459-7444,,,,
株式会社 UNO,26-23,,gelato@uno-cs.com,048-430-7678,https://uno-cs.com/,,,
株式会社 UNO,,,,,,,,
株式会社 VIPグローバル,12-51,,info@vip-global.co.jp,06-6304-9515,http://www.vip-global.co.jp,,,
株式会社 VIPグローバル,,,,,,,,
株式会社 welzo,6-1,,,092-433-5733,https://www.welzo.co.jp/,,,
株式会社 ZERO,25-50,,,,,,,
株式会社 ZERO,,,,,,,,
株式会社 ZERO,,,,,,,,
株式会社 ZERO,,,,,,,,
株式会社 ZERO,,,,,,,,
株式会社 ZERO,,,,,,,,
株式会社 ZERO,,,,,,,,
株式会社 ZERO,,,,,,,,
株式会社 ZERO,,,,,,,,
株式会社 ZERO,,,,,,,,
株式会社 ZERO,,,,,,,,
株式会社 ZERO,,,,,,,,
株式会社 ZERO,,,,,,,,
株式会社 ZERO,,,,,,,,
株式会社 ZERO,,,,,,,,
株式会社 ZERO,,,,,,,,
株式会社 ZERO,,,,,,,,
株式会社 いと,26-59,,info1107@ito7.jp,0453946456,,,,
株式会社 いと,,,,,,,,
株式会社 きゅうりトマトなすび,30-41,,,,,,,
株式会社 ふるさと支援研究所,28-16,,info@furu310.com,08016174433,,,,
株式会社 ふるさと支援研究所,,,,,,,,
株式会社 ほくつう,25-53,,info_agri@po.hokutsu.co.jp,076-237-3817,,,,
株式会社 ほくつう,,,,,,,,
株式会社 ほくつう,,,,,,,,
株式会社 ほくつう,,,,,,,,
株式会社 ほくつう,,,,,,,,
株式会社 ほくつう,,,,,,,,
株式会社 ほくつう,,,,,,,,
株式会社 アクセスインターナショナル,27-36,,,,,,,
株式会社 アクセスインターナショナル,"23-53, 27-36",,info@agrijournal.jp,0363004430,,,,
株式会社 アクト・ノード,22-31.,,info@act-node.com,,,,,
株式会社 アクト・ノード,,,,,,,,
株式会社 アジア通商,19-63,,,,,,,
株式会社 アタゴ,34-23,,,03-3431-1940,,,,
株式会社 エフジー武蔵,2-12,,innovate@fg-musashi.co.jp,03-53005757,,,,
株式会社 エフジー武蔵,,,,,,,,
株式会社 エフジー武蔵,,,,,,,,
株式会社 エンジニア,9-1,,maidomaido@engineer.jp,0669740028,,,,
株式会社 エンドファイト,20-9,,toshiki.kazaoka@endo-phyte.com,05054730686,,,,
株式会社 エンドファイト,,,,,,,,
株式会社 エンドファイト,,,,,,,,
株式会社 エーシーピー,26-9,,narita@acp-co.jp,070-9246-7462,,,,
株式会社 エーシーピー,,,,,,,,
株式会社 エーシーピー,,,,,,,,
株式会社 エーシーピー,,,,,,,,
株式会社 エーゼット,10-53,,az-info@az-oil.jp,06-6915-3501,,,,
株式会社 エーワールド,1-1,,a-world@mirror.ocn.ne.jp,043-304-5592,,,,
株式会社 オネスト,22-26,,farmviser@honest.co.jp,0342162002,,,,
株式会社 オネスト,,,,,,,,
株式会社 オネスト,,,,,,,,
株式会社 オーミヤ,17-60,,info@ohmiya.co.jp,0729623661,,,,
株式会社 オーミヤ,,,,,,,,
株式会社 オーミヤ,,,,,,,,
株式会社 オーミヤ,,,,,,,,
株式会社 カジワラ,26-15,,sales@kajiwara.co.jp,0489945551,,,,
株式会社 キタヤマ,10-6,,info@e-kitayama.jp,03-3765-1251,,,,
株式会社 キャスト,11-51,,info@kkcast.co.jp,0248343971,,,,
株式会社 クボタケミックス,29-63,,manabu.mochizuki@kubota.com,09033326365,,,,
株式会社 クライベリットジャパン,9-5.,,,,,,,
株式会社 クリイジャパン,19-21,,info@clybiolab.co.jp,089-970-0610,,,,
株式会社 クリイジャパン,,,,,,,,
株式会社 クリイジャパン,,,,,,,,
株式会社 クリイジャパン,,,,,,,,
株式会社 クリイジャパン,,,,,,,,
株式会社 クリイジャパン,,,,,,,,
株式会社 クロス,13-42,,info@cross-jp.com,0471427185,,,,
株式会社 グリーンサンクス,7-40,,t.ogawa@g-thanks.net,07013913820,,,,
株式会社 グリーンサンクス,,,,,,,,
株式会社 グリーンライフ・ラボ,25-59,,yamamoto.akemi.gllc@gmail.com,050-8893-2201,,,,
株式会社 グリーンライフ・ラボ,,,,,,,,
株式会社 グリーンライフ・ラボ,,,,,,,,
株式会社 ケイモト製作所,15-48,,info@keimoto-ss.com,072-949-1077,,,,
株式会社 ケイモト製作所,,,,,,,,
株式会社 コスモスエンタープライズ,32-63,,hfukasawa@cosmos-rom.net,0333128231,,,,
株式会社 コスモスエンタープライズ,,,,,,,,
株式会社 コスモスエンタープライズ,,,,,,,,
株式会社 コンパル,13-5,,,,,,,
株式会社 サイバネテック,29-42,,kobayashi@cybernetech.co.jp,0332728503,,,,
株式会社 サイバネテック,,,,,,,,
株式会社 ササキコーポレーション,29-59,,,0176-22-3111,,,,
株式会社 サンウェル,9-41,,s-sato@sunwell-group.com,03-3249-8901,,,,
株式会社 サンポリ,3-11,,info@eco-sunpoly.co.jp,0835-23-6020,,,,
株式会社 サンポリ,,,,,,,,
株式会社 サンポリ,,,,,,,,
株式会社 シェード,15-5,,info@shade-inc.co.jp,03-6420-0871,,,,
株式会社 シェード,,,,,,,,
株式会社 シェード,,,,,,,,
株式会社 シェード,,,,,,,,
株式会社 シェード,,,,,,,,
株式会社 シェード,,,,,,,,
株式会社 シェード,,,,,,,,
株式会社 ショウコウ,4-53,,,,,,,
株式会社 シンセイ,21-60,,,,,,,
株式会社 ジェネシス,28-35,,noutori@genesys-inc.co.jp,0425497455,,,,
株式会社 ジェネシス,,,,,,,,
株式会社 ジャパンマグネット,28-53,,agri@japanmagnets.com,0266-75-1734,,,,
株式会社 ジャパンマグネット,,,,,,,,
株式会社 タイムワールド,8-48,,,,,,,
株式会社 タイムワールド,,,,,,,,
株式会社 タクミワークス,8-47,,inform@takumi-w.co.jp,0678783577,,,,
株式会社 タクミワークス,,,,,,,,
株式会社 タクミワークス,,,,,,,,
株式会社 タクミワークス,,,,,,,,
株式会社 タクミワークス,,,,,,,,
株式会社 タクミワークス,,,,,,,,
株式会社 ディック・コーポレーション,10-48,,,0257217388,,,,
株式会社 ハイキャスト,3-60,,,048-561-5241,,,,
株式会社 ハイキャスト,,,,,,,,
株式会社 ハイポネックスジャパン,18-5,,,06-6396-1122,,,,
株式会社 ハイポネックスジャパン,,,,,,,,
株式会社 ハイポネックスジャパン,,,,,,,,
株式会社 ハイポネックスジャパン,,,,,,,,
株式会社 ハイポネックスジャパン,,,,,,,,
株式会社 ハイポネックスジャパン,,,,,,,,
株式会社 ハイポネックスジャパン,,,,,,,,
株式会社 ハイポネックスジャパン,,,,,,,,
株式会社 ハイポネックスジャパン,,,,,,,,
株式会社 ハイポネックスジャパン,,,,,,,,
株式会社 ハタケホットケ,30-17,,hhtk2023@gmail.com,050-6879-4187,,,,
株式会社 ハタケホットケ,,,,,,,,
株式会社 ハタヤリミテッド,14-54,,,0120-686-888,,,,
株式会社 ハタヤリミテッド,,,,,,,,
株式会社 ハタヤリミテッド,,,,,,,,
株式会社 ハタヤリミテッド,,,,,,,,
株式会社 ハタヤリミテッド,,,,,,,,
株式会社 ハートフル・ジャパン,10-47,,hc@heartfuljapan.com,0794-89-0112,,,,
株式会社 バイオセラー,25-18,,t.sasae@bioseller.co.jp,077-599-0480,,,,
株式会社 バイオセラー,,,,,,,,
株式会社 バイオセラー,,,,,,,,
株式会社 パルサー・インターナショナル,19-23,,yuta.iijima@pulsar.co.jp,0426661662,,,,
株式会社 パルサー・インターナショナル,,,,,,,,
株式会社 パルサー・インターナショナル,,,,,,,,
株式会社 パルサー・インターナショナル,,,,,,,,
株式会社 パーカーコーポレーション,21-26,,machinery@parkercorp.jp,03-56440610,,,,
株式会社 パーカーコーポレーション,,,,,,,,
株式会社 パーカーコーポレーション,,,,,,,,
株式会社 パーカーコーポレーション,,,,,,,,
株式会社 ビーフソムリエ,22-10,,contact@b-som.com,09017174568,,,,
株式会社 ビーフソムリエ,,,,,,,,
株式会社 ビーフソムリエ,,,,,,,,
株式会社 フクジュ,3-56,,m-fukuju@e-fukuju.co.jp,0457011211,,,,
株式会社 フクジュ,,,,,,,,
株式会社 ブティック社,6-41,,web@boutique-sha.co.jp,03-3234-2001,,,,
株式会社 プラントネットワーク,4-31,,info@plantnetwork.co.jp,0745-48-8889,,,,
株式会社 プラントネットワーク,,,,,,,,
株式会社 プラントネットワーク,,,,,,,,
株式会社 プラントネットワーク,,,,,,,,
株式会社 プラントネットワーク,,,,,,,,
株式会社 プロト,30-59,,info@e-plot.co.jp,0566360456,,,,
株式会社 プロト,,,,,,,,
株式会社 プロト,,,,,,,,
株式会社 プロト,,,,,,,,
株式会社 プロト,,,,,,,,
株式会社 プロト,,,,,,,,
株式会社 プロト,,,,,,,,
株式会社 プロト,,,,,,,,
株式会社 ベルグリーンワイズ,28-1,,gw-marketing@belle.co.jp,052-238-1413,,,,
株式会社 ベルグリーンワイズ,,,,,,,,
株式会社 ホンダパワープロダクツジャパン,6-59,,,,,,,
株式会社 ホンダパワープロダクツジャパン,,,,,,,,
株式会社 ホーネンアグリ,27-47,,honen@honenagri.com,0258-92-3890,,,,
株式会社 マイゾックス,15-47,,kikaku@myzox.co.jp,0561-62-8151,,,,
株式会社 マイゾックス,,,,,,,,
株式会社 マイファーム,25-1,,,075-746-6213,,,,
株式会社 マイファーム,,,,,,,,
株式会社 マイファーム,,,,,,,,
株式会社 マイファーム,,,,,,,,
株式会社 マイファーム,,,,,,,,
株式会社 マキタ,11-5,,,0566-98-1711,,,,
株式会社 マキタ,,,,,,,,
株式会社 マキタ,,,,,,,,
株式会社 マクランサ,26-10,,macransa.hayashi@gmail.com,09088894367,,,,
株式会社 マゼックス,31-22,,company@mazex.jp,072-960-3221,,,,
株式会社 マゼックス,,,,,,,,
株式会社 マゼックス,,,,,,,,
株式会社 マツモト,21-45,,tsuzuki@gardenmate.co.jp,0894620363,,,,
株式会社 マツモト,,,,,,,,
株式会社 マツモト,,,,,,,,
株式会社 マツモト,,,,,,,,
株式会社 マツモト,,,,,,,,
株式会社 マツモト,,,,,,,,
株式会社 マツモト,,,,,,,,
株式会社 マツモト,,,,,,,,
株式会社 マツモト,,,,,,,,
株式会社 マツモト,,,,,,,,
株式会社 マツモト,,,,,,,,
株式会社 マラナタ,21-53,,wu@maranatha.co.jp,09028314251,,,,
株式会社 ムサシ,32-39,,suzuki@musashi-mfg.com,079-429-0634,,,,
株式会社 メトリ,28-54,,info-eigyo@metri.co.jp,0238-85-5522,,,,
株式会社 メルシー,17-59,,info@merci-net.co.jp,092-434-2020,,,,
株式会社 メルシー,,,,,,,,
株式会社 ヤマショウ,4-47,,info@yamasho-ltd.co.jp,0487116777,,,,
株式会社 ヤマト,27-53,,info@k-yamato.co.jp,06-6743-6521,,,,
株式会社 ヤマト,,,,,,,,
株式会社 ヤマト,,,,,,,,
株式会社 ユタカメイク,3-32,,k-minamikawa@yutakamake.co.jp,0724412220,,,,
株式会社 ユタックス,12-38,,,0795228521,,,,
株式会社 ユタックス,,,,,,,,
株式会社 ユニック,15-9,,info@uniq-eng.com,03-5647-9188,,,,
株式会社 ユニック,,,,,,,,
株式会社 ユニック,,,,,,,,
株式会社 ユニック,,,,,,,,
株式会社 ユニック,,,,,,,,
株式会社 ユーチカ,23-35,,ton55@ma.pikara.ne.jp,0887385508,,,,
株式会社 ユーチカ,,,,,,,,
株式会社 ユーチカ,,,,,,,,
株式会社 ラングスジャパン,7-55,,support@rangsjapan.co.jp,０３－５４３０－９１８１,,,,
株式会社 ラングスジャパン,,,,,,,,
株式会社 リブレ,16-42,,sales@rible.jp,052-265-7750,,,,
株式会社 リブレ,,,,,,,,
株式会社 リベルタ,13-9,,sales-2@liberta.net,0354897678,,,,
株式会社 ロブテックス,12-31,,,0729801111,,,,
株式会社 ロブテックス,,,,,,,,
株式会社 ロブテックス,,,,,,,,
株式会社 ロブテックス,,,,,,,,
株式会社 ロブテックス,,,,,,,,
株式会社 ロブテックス,,,,,,,,
株式会社 ワコーパレツト,25-63,,,03-3553-3840,,,,
株式会社 ワコーパレツト,,,,,,,,
株式会社 ワコーパレツト,,,,,,,,
株式会社 ワコーパレツト,,,,,,,,
株式会社 ワコーパレツト,,,,,,,,
株式会社 ワコーパレツト,,,,,,,,
株式会社 ワンウィル,19-59,,info@onewill.co.jp,045-664-5211,,,,
株式会社 ヴィプロス,16-62,,info@vipros.jp,0356646801,,,,
株式会社 ヴィプロス,,,,,,,,
株式会社 ヴィプロス,,,,,,,,
株式会社 三共コーポレーション,9-59,,sns_contact@sankyo-tools.co.jp,0662521712,,,,
株式会社 三共コーポレーション,,,,,,,,
株式会社 三共コーポレーション,,,,,,,,
株式会社 三共コーポレーション,,,,,,,,
株式会社 三共コーポレーション,,,,,,,,
株式会社 三共コーポレーション,,,,,,,,
株式会社 三共コーポレーション,,,,,,,,
株式会社 三共コーポレーション,,,,,,,,
株式会社 三共コーポレーション,,,,,,,,
株式会社 三共コーポレーション,,,,,,,,
株式会社 三共コーポレーション,,,,,,,,
株式会社 三共コーポレーション,,,,,,,,
株式会社 三共コーポレーション,,,,,,,,
株式会社 三共コーポレーション,,,,,,,,
株式会社 三共コーポレーション,,,,,,,,
株式会社 三共コーポレーション,,,,,,,,
株式会社 三共コーポレーション,,,,,,,,
株式会社 三共コーポレーション,,,,,,,,
株式会社 三共コーポレーション,,,,,,,,
株式会社 三共コーポレーション,,,,,,,,
株式会社 三共コーポレーション,,,,,,,,
株式会社 三共コーポレーション,,,,,,,,
株式会社 三共コーポレーション,,,,,,,,
株式会社 三共コーポレーション,,,,,,,,
株式会社 三協リール,25-41,,info@triens.jp,043-421-5551,,,,
株式会社 不二商会,25-5,,info@fuji-info-systema.co.jp,078-682-1400,,,,
株式会社 二枡屋,27-56,,,,,,,
株式会社 互興,11-38,,uniform@goko-gk.co.jp,03-5770-5540,,,,
株式会社 住まいスタイル,6-54,,info@sumasuta.net,0661928872,,,,
株式会社 住まいスタイル,,,,,,,,
株式会社 住まいスタイル,,,,,,,,
株式会社 住まいスタイル,,,,,,,,
株式会社 住まいスタイル,,,,,,,,
株式会社 住まいスタイル,,,,,,,,
株式会社 住まいスタイル,,,,,,,,
株式会社 住まいスタイル,,,,,,,,
株式会社 住まいスタイル,,,,,,,,
株式会社 住まいスタイル,,,,,,,,
株式会社 住まいスタイル,,,,,,,,
株式会社 住まいスタイル,,,,,,,,
株式会社 住まいスタイル,,,,,,,,
株式会社 住まいスタイル,,,,,,,,
株式会社 八幡ねじ,15-59,,yogo@yht.jp,058-370-8148,,,,
株式会社 共走,19-51,,info@kyosou.jp,03-6265-0455,,,,
株式会社 北村製作所,20-59,,kitamura@kitamura-ss.com,059-256-5511,,,,
株式会社 北村製作所,,,,,,,,
株式会社 北村製作所,,,,,,,,
株式会社 北村製作所,,,,,,,,
株式会社 北村製作所,,,,,,,,
株式会社 北村製作所,,,,,,,,
株式会社 北村製作所,,,,,,,,
株式会社 北村製作所,,,,,,,,
株式会社 北村製作所,,,,,,,,
株式会社 北村製作所,,,,,,,,
株式会社 北村製作所,,,,,,,,
株式会社 北村製作所,,,,,,,,
株式会社 北村製作所,,,,,,,,
株式会社 喜多,9-48,,kita_intelligence@mega-kita.jp,073-462-3367,,,,
株式会社 喜多,,,,,,,,
株式会社 国際農業社,22-52,,info@nouson-n.com,03-3831-5281,,,,
株式会社 城南製作所,31-54,,tech-support@johnan-seisakusho.co.jp,0268715234,,,,
株式会社 城南製作所,,,,,,,,
株式会社 大樹トレーディング,21-5,,dtr-se@daiju.net,076(465)2123,,,,
株式会社 大興製作所,29-38,,network@daico.co.jp,075-933-4191,,,,
株式会社 大興製作所,,,,,,,,
株式会社 大興製作所,,,,,,,,
株式会社 大興製作所,,,,,,,,
株式会社 大興製作所,,,,,,,,
株式会社 岡田植物園,3-55,,info@okadanet.com,086-943-7038,,,,
株式会社 岡田植物園,,,,,,,,
株式会社 新盛インダストリーズ,27-5,,ssol_solution@shinseiind.co.jp,03-3913-0131,,,,
株式会社 新盛インダストリーズ,,,,,,,,
株式会社 新盛インダストリーズ,,,,,,,,
株式会社 新盛インダストリーズ,,,,,,,,
株式会社 新盛インダストリーズ,,,,,,,,
株式会社 日本ピスコ,30-54,,hanbai@pisco.co.jp,0265-76-2511,,,,
株式会社 日本ピスコ,,,,,,,,
株式会社 日本ピスコ,,,,,,,,
株式会社 日本ピスコ,,,,,,,,
株式会社 日本ピスコ,,,,,,,,
株式会社 日本ピスコ,,,,,,,,
株式会社 日本ピスコ,,,,,,,,
株式会社 日本ピスコ,,,,,,,,
株式会社 日本ピスコ,,,,,,,,
株式会社 日本農業新聞,27-10,,koukoku@agrinews.co.jp,03-6281-5810,,,,
株式会社 東洋化学商会,16-60,,toyo-tenjikai@tksc.jp,03-3685-4351,,,,
株式会社 東洋化学商会,,,,,,,,
株式会社 東洋化学商会,,,,,,,,
株式会社 東洋化学商会,,,,,,,,
株式会社 東洋化学商会,,,,,,,,
株式会社 森乃家,26-13,,info@morinoyaseika.com,049-282-7351,,,,
株式会社 森乃家,,,,,,,,
株式会社 森乃家,,,,,,,,
株式会社 森乃家,,,,,,,,
株式会社 森乃家,,,,,,,,
株式会社 森乃家,,,,,,,,
株式会社 森乃家,,,,,,,,
株式会社 横山商会,33-53,,info_dev@yokoyama-gr.co.jp,0762765725,,,,
株式会社 横山商会,,,,,,,,
株式会社 横山商会,,,,,,,,
株式会社 水空間,21-40,,,,,,,
株式会社 泰安物産,19-18,,taianbussan@taianbusan.org,092-473-7143,,,,
株式会社 湧蒼塗装研究所,24-14,,info@wakusou-token.co.jp,0254-28-8159,,,,
株式会社 瀬戸ヶ原花苑,2-5,,info@setogahara.co.jp,0277468717,,,,
株式会社 瀬戸ヶ原花苑,,,,,,,,
株式会社 瀬戸ヶ原花苑,,,,,,,,
株式会社 瀬戸ヶ原花苑,,,,,,,,
株式会社 瀬戸ヶ原花苑,,,,,,,,
株式会社 瀬戸ヶ原花苑,,,,,,,,
株式会社 熱田資材,15-31,,info@atsutashizai.co.jp,08045819225,,,,
株式会社 熱田資材,,,,,,,,
株式会社 熱田資材,,,,,,,,
株式会社 熱田資材,,,,,,,,
株式会社 熱田資材,,,,,,,,
株式会社 環境デザインラボ,22-28,,info@ecology-lab.co.jp,09012566370,,,,
株式会社 環境デザインラボ,,,,,,,,
株式会社 環境デザインラボ,,,,,,,,
株式会社 環境デザインラボ,,,,,,,,
株式会社 環境管理センター,34-17,,toiawase@kankyo-kanri.co.jp,03-6206-4321,,,,
株式会社 環境管理センター,,,,,,,,
株式会社 直方建材,4-38,,okita@noken.co.jp,0948218823,,,,
株式会社 直方建材,,,,,,,,
株式会社 直方建材,,,,,,,,
株式会社 穂積トレイド,33-70,,info@hodumi.co.jp,052-242-5001,,,,
株式会社 穂積トレイド,,,,,,,,
株式会社 穂積トレイド,,,,,,,,
株式会社 穂積トレイド,,,,,,,,
株式会社 積水化成品北海道,34-6,,hokkaido_info@sekisuiplastics.com,0123-23-5571,,,,
株式会社 積水化成品北海道,,,,,,,,
株式会社 箱明,25-31,,info@hacoas.com,,,,,
株式会社 箱明,,,,,,,,
株式会社 箱明,,,,,,,,
株式会社 結一産業,15-26,,info@yuy.co.jp,0722513504,,,,
株式会社 結一産業,,,,,,,,
株式会社 結一産業,,,,,,,,
株式会社 結一産業,,,,,,,,
株式会社 結一産業,,,,,,,,
株式会社 結一産業,,,,,,,,
株式会社 結一産業,,,,,,,,
株式会社 結一産業,,,,,,,,
株式会社 結一産業,,,,,,,,
株式会社 結一産業,,,,,,,,
株式会社 結一産業,,,,,,,,
株式会社 結一産業,,,,,,,,
株式会社 結一産業,,,,,,,,
株式会社 芳王,1-5,,info@yoshiou.xsrv.jp,07085832081,,,,
株式会社 西村機械製作所,25-9,,okayama@econmw.co.jp,03-3808-1091,,,,
株式会社 西村機械製作所,,,,,,,,
株式会社 農経新報社,25-52,,snokei@blue.ocn.ne.jp,03-3815-0211,,,,
株式会社Archi Village,6-64,,,03-6450-1124,https://archi-village.com/,,,
株式会社Avision,31-20,,m-sano@okawaseira.co.jp,080-4082-0554,https://www.avision-corp.com/,,,
株式会社Avision,,,,,,,,
株式会社Avision,,,,,,,,
株式会社AZx（エイザックス）,18-59,,info@azx-inc.co.jp,0365512991,https://www.azx-inc.co.jp/,,,
株式会社AZx（エイザックス）,,,,,,,,
株式会社AZx（エイザックス）,,,,,,,,
株式会社BMZ,10-41,,contact@bmz.jp,0278-25-9241,https://bmz.jp/,,,
株式会社BMZ,,,,,,,,
株式会社BMZ,,,,,,,,
株式会社FAG,32-23,,,03 - 6822 - 3808,,,,
株式会社FieldWorks,30-21,,sales@fieldwork-s.com,090-5559-2079,https://www.fieldwork-s.com/,,,
株式会社FieldWorks,,,,,,,,
株式会社FieldWorks,,,,,,,,
株式会社FieldWorks,,,,,,,,
株式会社JPE,1-26,,,,,,,
株式会社NTT e-Drone Technology,31-1,,,,,,,
株式会社NTTデータ,31-1,,,03-5546-8202,,,,
株式会社NTTデータ,,,,,,,,
株式会社NTTデータ,,,,,,,,
株式会社NTTデータ,,,,,,,,
株式会社NTTデータ,,,,,,,,
株式会社NTTデータ,,,,,,,,
株式会社NTTデータ,,,,,,,,
株式会社NTTデータ,,,,,,,,
株式会社REIS,33-25,,,,,,,
株式会社SYN-ROBOTICS,32-59,,pr@synrobo.ai,03-6807-3956,https://synrobo.ai/,,,
株式会社SYN-ROBOTICS,,,,,,,,
株式会社YU-AN,10-54,,customer@yu-an-ec.co.jp,098-988-9010,https://www.yu-an-ec.co.jp/,,,
株式会社YU-AN,,,,,,,,
株式会社あぐてく,20-36,,yousuke.arai@aguteku.com,07045570207,,,,
株式会社べスター,15-24,,info-b@bestar7.jp,090-1260-0258,,,,
株式会社べスター,,,,,,,,
株式会社アグリ総研,32-31,,support@agrisect.com,029-840-5977,,,,
株式会社アグリ総研,,,,,,,,
株式会社アグリ総研,,,,,,,,
株式会社アグリ総研,,,,,,,,
株式会社アグリ総研,,,,,,,,
株式会社アグリ総研,,,,,,,,
株式会社アサギリ,20-25,,info@asagiri-f.co.jp,0544-52-0212,,,,
株式会社アサギリ,,,,,,,,
株式会社アサギリ,,,,,,,,
株式会社アサギリ,,,,,,,,
株式会社アサギリ,,,,,,,,
株式会社アシスト,9-52,,yuji_taniguchi@assipie.co.jp,06-6703-5670,,,,
株式会社アシスト,,,,,,,,
株式会社アポロジャパン,6-31,,shiga@apollo-j.co.jp,03-6806-7856,,,,
株式会社イチネンアクセス,10-59,,toolnavi@ichinen.co.jp,0794-84-1630,,,,
株式会社イチネンアクセス,,,,,,,,
株式会社イチネンアクセス,,,,,,,,
株式会社イチネンアクセス,,,,,,,,
株式会社イチネンアクセス,,,,,,,,
株式会社イチネンアクセス,,,,,,,,
株式会社イーノウ·ジャパン,11-47,,business@enj.jp,045-550-7382,,,,
株式会社イーノウ·ジャパン,,,,,,,,
株式会社イーノウ·ジャパン,,,,,,,,
株式会社イーノウ·ジャパン,,,,,,,,
株式会社イーノウ·ジャパン,,,,,,,,
株式会社イーノウ·ジャパン,,,,,,,,
株式会社イーノウ·ジャパン,,,,,,,,
株式会社イーノウ·ジャパン,,,,,,,,
株式会社イーノウ·ジャパン,,,,,,,,
株式会社イーノウ·ジャパン,,,,,,,,
株式会社イーノウ·ジャパン,,,,,,,,
株式会社イーノウ·ジャパン,,,,,,,,
株式会社イーノウ·ジャパン,,,,,,,,
株式会社イーノウ·ジャパン,,,,,,,,
株式会社エトワール,14-59,,jp@teslong.jp,0365557610,,,,
株式会社エトワール,,,,,,,,
株式会社エトワール,,,,,,,,
株式会社エトワール,,,,,,,,
株式会社エトワール,,,,,,,,
株式会社オムニア・コンチェルト,29-47,,contact@omcon.co.jp,,,,,
株式会社オムニア・コンチェルト,,,,,,,,
株式会社オムニア・コンチェルト,,,,,,,,
株式会社オムニア・コンチェルト,,,,,,,,
株式会社オムニア・コンチェルト,,,,,,,,
株式会社オムニア・コンチェルト,,,,,,,,
株式会社オムニア・コンチェルト,,,,,,,,
株式会社カネカ,4-41,,bdp_phbh@kaneka.co.jp,03-5574-8006,,,,
株式会社カネカ,,,,,,,,
株式会社グリーンベル,3-59,,info@green-bell.co.jp,0266-75-2211,,,,
株式会社グリーンベル,,,,,,,,
株式会社グリーンベル,,,,,,,,
株式会社グリーンベル,,,,,,,,
株式会社グリーンベル,,,,,,,,
株式会社グリーンベル,,,,,,,,
株式会社グリーンベル,,,,,,,,
株式会社グリーンベル,,,,,,,,
株式会社コバルテック,16-70,,,0118768755,,,,
株式会社コバルテック,,,,,,,,
株式会社シェルパ,29-51,,info@sherpa-tech.jp,0454752701,,,,
株式会社シュウ,4-18,,info@shuu.co.jp,0367219968,,,,
株式会社シュウ,,,,,,,,
株式会社シュウ,,,,,,,,
株式会社シュウ,,,,,,,,
株式会社シュウ,,,,,,,,
株式会社シュウ,,,,,,,,
株式会社シュウ,,,,,,,,
株式会社シュウ,,,,,,,,
株式会社シュウ,,,,,,,,
株式会社シュウ,,,,,,,,
株式会社シュウ,,,,,,,,
株式会社シュウ,,,,,,,,
株式会社シュウ,,,,,,,,
株式会社セツロテック,32-5,,pages@setsurotech.com,0886330233,,,,
株式会社センシフィア,28-42,,info@sensiphia.com,,,,,
株式会社センシフィア,,,,,,,,
株式会社セントラルシステム,24-47,,,,,,,
株式会社タイミー,28-13,,agri@timee.co.jp,080-7011-91556,,,,
株式会社タイミー,,,,,,,,
株式会社タクイ,19-5.,,all@ta-kui.co.jp,058-213-2428,,,,
株式会社タクイ,,,,,,,,
株式会社タクイ,,,,,,,,
株式会社タクイ,,,,,,,,
株式会社タクイ,,,,,,,,
株式会社タクイ,,,,,,,,
株式会社タクイ,,,,,,,,
株式会社ドウカン,12-69,,s-okajima@miki-doukan.com,09034640401,,,,
株式会社ナゴシ,8-60,,m@nagoshi.jp,0765848551,,,,
株式会社ナゴシ,,,,,,,,
株式会社ヌーボ,19-19,,nousbo@nousbo.com,+82-31-295-6190,,,,
株式会社ヌーボ,,,,,,,,
株式会社ヌーボ,,,,,,,,
株式会社ヌーボ,,,,,,,,
株式会社ヌーボ,,,,,,,,
株式会社ヌーボ,,,,,,,,
株式会社ヌーボ,,,,,,,,
株式会社ヌーボ,,,,,,,,
株式会社ヌーボ,,,,,,,,
株式会社ヌーボ,,,,,,,,
株式会社ハチハチハウス,15-60,,shop@88house.net,0484891888,,,,
株式会社パシオリユース,14-47,,kaitori@pasioreuse.net,0477015003,,,,
株式会社フェイガー,26-63,,faeger_sales@faeger.co,03-6824-0769,,,,
株式会社フェイガー,,,,,,,,
株式会社プロトリーフ,3-1,,,0337692828,,,,
株式会社ポーラメディカル,8-43,,polamedical.heatstroke@po-holdings.co.jp,,,,,
株式会社ポーラメディカル,,,,,,,,
株式会社マクシスコーポレーション,29-48,,nakazawa.masashi@maxis.co.jp,03-6678-7820,,,,
株式会社マクシスコーポレーション,,,,,,,,
株式会社マクシスコーポレーション,,,,,,,,
株式会社マクシスコーポレーション,,,,,,,,
株式会社マリーヌ,21-6,,,,,,,
株式会社マルヨシ,14-19,,info@maruyoshi-mtc.co.jp,0794822229,,,,
株式会社ミツル,13-54,,kk.mitsuru@gaea.ocn.ne.jp,0256986565,,,,
株式会社ミツル,,,,,,,,
株式会社メカリンク,17-32,,info@mecha-link.com,090-7949-4375,,,,
株式会社ラディアン,23-14,,,,,,,
株式会社ロールクリエート,27-60,,,,,,,
株式会社ワールドフォレスト,3-42,,customer@worldforest.jp,05037862002,,,,
株式会社ワールドフォレスト,,,,,,,,
株式会社ワールドフォレスト,,,,,,,,
株式会社三渓産業,22-40,,info@sankei-sk.co.jp,０３６８１０９５９１,,,,
株式会社三渓産業,,,,,,,,
株式会社三渓産業,,,,,,,,
株式会社三渓産業,,,,,,,,
株式会社中測技研,28-14,,atsushi_hiraoka@chusoku-giken.co.jp,0526943121,,,,
株式会社中測技研,,,,,,,,
株式会社井澤商店,21-10,,izawa.miyata@gmail.com,08008080304,,,,
株式会社井澤商店,,,,,,,,
株式会社井澤商店,,,,,,,,
株式会社井澤商店,,,,,,,,
株式会社富士種菌,25-59,,info@fujishukin.co.jp,0552853111,,,,
株式会社弘洋第一コンサルタンツ,28-14,,info@kouyo-daiichi.co.jp,03-3339-2191,,,,
株式会社弘洋第一コンサルタンツ,,,,,,,,
株式会社昭和ファーム,21-14,,farm@showa-con.co.jp,0582399245,,,,
株式会社昭和ファーム,,,,,,,,
株式会社東亜インターシステム,13-54,,,,,,,
株式会社白州産業,3-63,,,0551-35-4318,,,,
株式会社百一姓,28-16,,,,,,,
株式会社石山生産獣医科,23-37,,d.ishiyama@i-promed.jp,047-703-7997,,,,
株式会社石山生産獣医科,,,,,,,,
株式会社石山生産獣医科,,,,,,,,
株式会社紀州ほそ川飼料,22-19,,torigu-n@wanomiraika.com,0734886607,,,,
株式会社紀州ほそ川飼料,,,,,,,,
株式会社高賢,13-54,,,,,,,
株式会社ＪＲ西日本キャリア,28-27,,jrwc-jjg@jobjobgo.net,06-4309-6431,,,,
株式会社ＳＵＮＹＯＵ,29-39,,yuki_m@sunyou-jp.com,0857-50-1528,,,,
株式会社ＳＵＮＹＯＵ,,,,,,,,
株式会社ＳＵＮＹＯＵ,,,,,,,,
株式会社ＳＵＮＹＯＵ,,,,,,,,
株式会社ＳＵＮＹＯＵ,,,,,,,,
株式会社ＳＵＮＹＯＵ,,,,,,,,
横山製網株式会社,18-38,,sales@yokoyamaseimo.co.jp,0869-25-0111,,,,
横山製網株式会社,,,,,,,,
水戸工業 株式会社,32-20,,agritech@mitokogyo.co.jp,03-3252-1222,,,,
水戸工業 株式会社,,,,,,,,
永泰 株式会社,5-59.,,,,,,,
永興電機工業 株式会社,16-56,,taguchi.tomoyuki@eikoi.jp,0368911611,,,,
浜井電球工業株式会社,33-41,,royallighting@hamai.co.jp,0338138811,,,,
浜井電球工業株式会社,,,,,,,,
浜井電球工業株式会社,,,,,,,,
浜井電球工業株式会社,,,,,,,,
浪速鉃工株式会社,10-12,,y.tanaka@naniwa-iron.com,06-6571-2171,,,,
浪速鉃工株式会社,,,,,,,,
浪速鉃工株式会社,,,,,,,,
浪速鉃工株式会社,,,,,,,,
浪速鉃工株式会社,,,,,,,,
浪速鉃工株式会社,,,,,,,,
生分解性マルチ普及促進事業共同事業体,21-39,,infojbpa58@jbpaweb.net,03-5651-8151,,,,
生和総合技研合同会社,20-51,,info@seiwasogogiken.co.jp,,,,,
生和総合技研合同会社,,,,,,,,
生和総合技研合同会社,,,,,,,,
矢崎エナジーシステム 株式会社,25-47,,shuuhei.ikeda@jp.yazaki.com,0534264770,,,,
知智プラン 株式会社,10-10,,info@chich.biz,0363640915,,,,
知智プラン 株式会社,,,,,,,,
知智プラン 株式会社,,,,,,,,
知智プラン 株式会社,,,,,,,,
知智プラン 株式会社,,,,,,,,
知智プラン 株式会社,,,,,,,,
知智プラン 株式会社,,,,,,,,
知智プラン 株式会社,,,,,,,,
知智プラン 株式会社,,,,,,,,
知智プラン 株式会社,,,,,,,,
知智プラン 株式会社,,,,,,,,
知智プラン 株式会社,,,,,,,,
知智プラン 株式会社,,,,,,,,
知智プラン 株式会社,,,,,,,,
石川県,28-15,,info@inz.or.jp,0762257621,,,,
石膏再生協同組合,18-70,,eco@sekkou.or.jp,03-6661-6882,,,,
石膏再生協同組合,,,,,,,,
石膏再生協同組合,,,,,,,,
神服 株式会社,14-36,,,,,,,
福井県 園芸振興課,33-17,,engei@pref.fukui.lg.jp,0776ｰ20ｰ0432,,,,
福山ゴム工業 株式会社,11-37,,contact_frc@fukuyamagomu.co.jp,084-921-2311,,,,
福山ゴム工業 株式会社,,,,,,,,
福山ゴム工業 株式会社,,,,,,,,
福山ゴム工業 株式会社,,,,,,,,
福山ゴム工業 株式会社,,,,,,,,
福山ゴム工業 株式会社,,,,,,,,
福山ゴム工業 株式会社,,,,,,,,
福山ゴム工業 株式会社,,,,,,,,
福山ゴム工業 株式会社,,,,,,,,
福山ゴム工業 株式会社,,,,,,,,
福山ゴム工業 株式会社,,,,,,,,
福山ゴム工業 株式会社,,,,,,,,
福山ゴム工業 株式会社,,,,,,,,
福山ゴム工業 株式会社,,,,,,,,
福山ゴム工業 株式会社,,,,,,,,
福山ゴム工業 株式会社,,,,,,,,
福山ゴム工業 株式会社,,,,,,,,
福山ゴム工業 株式会社,,,,,,,,
福山ゴム工業 株式会社,,,,,,,,
福農産業 株式会社,21-6,,,,,,,
禹績株式会社,3-15,,,,,,,
秀和農園 株式会社,20-23,,,,,,,
積水化学工業株式会社,25-53,,,,,,,
立山マシン株式会社,27-54,,bpd-inq@tateyama.jp,05055355807,,,,
立山マシン株式会社,,,,,,,,
竹本鎌製作所,13-70,,info@takemotosickle.com,0794631794,,,,
竹本鎌製作所,,,,,,,,
第一ビニール 株式会社,3-5,,daimroom@daim-corp.jp,0776-51-5551,,,,
第一ビニール 株式会社,,,,,,,,
英弘精機 株式会社,29-14,,info@eko.co.jp,0334696711,,,,
英弘精機 株式会社,,,,,,,,
英弘精機 株式会社,,,,,,,,
荒川化学工業 株式会社,21-25,,agrisupport@arakawachem.co.jp,0662098528,,,,
荒川化学工業 株式会社,,,,,,,,
荒川化学工業 株式会社,,,,,,,,
荒川化学工業 株式会社,,,,,,,,
菊水テープ 株式会社,23-59,,info@kikusuitape.co.jp,072-924-8881,,,,
菊水テープ 株式会社,,,,,,,,
菊水テープ 株式会社,,,,,,,,
菊水テープ 株式会社,,,,,,,,
菊水テープ 株式会社,,,,,,,,
菊水テープ 株式会社,,,,,,,,
菊水テープ 株式会社,,,,,,,,
菊水テープ 株式会社,,,,,,,,
藤原産業株式会社,11-1,,h-takeuchi@fujiwarasangyo.co.jp,0794-86-8200,,,,
藤原産業株式会社,,,,,,,,
藤原産業株式会社,,,,,,,,
藤原産業株式会社,,,,,,,,
西日本貿易 株式会社,15-54,,,,,,,
豊島株式会社,8-1,,a.morioka@toyoshima.co.jp,08014038923,,,,
豊島株式会社,,,,,,,,
豊島株式会社,,,,,,,,
豊島株式会社,,,,,,,,
豊島株式会社,,,,,,,,
豊島株式会社,,,,,,,,
豊島株式会社,,,,,,,,
輝翠株式会社,30-35,,contact@kisuitech.com,,,,,
輝翠株式会社,,,,,,,,
農林水産省「中小企業イノベーション創出推進事業」,32-5,,sbirEVENT@jataff.or.jp,0335091161,,,,
都建材工業株式会社,20-31,,eigyo@miyako-cm.biz,042-362-4521,,,,
都築木材 株式会社,6-5,,t.fukuyama@tsuzukicorp.co.jp,0265723117,,,,
都築木材 株式会社,,,,,,,,
都築木材 株式会社,,,,,,,,
野村證券株式会社 フード＆アグリビジネス・コンサルティング部（F&ABC部）,27-21,,,03-3281-0780,,,,
鋼鈑商事 株式会社,"32-53A, 32-53D, 32-53C",,tani.youhei@tkworks.jp,03-4531-8161,,,,
鋼鈑商事 株式会社,,,,,,,,
鋼鈑商事 株式会社,,,,,,,,
長信ジャパン 株式会社,11-19,,,,,,,
関西産業 株式会社,26-41,,info@kansai-sangyo.co.jp,0749-25-1111,,,,
関西産業 株式会社,,,,,,,,
関西産業 株式会社,,,,,,,,
関西産業 株式会社,,,,,,,,
関西産業 株式会社,,,,,,,,
関西産業 株式会社,,,,,,,,
関西産業 株式会社,,,,,,,,
関西産業 株式会社,,,,,,,,
関西産業 株式会社,,,,,,,,
関西産業 株式会社,,,,,,,,
関西産業 株式会社,,,,,,,,
電源開発 株式会社,26-47,,,,,,,
電源開発 株式会社,,,,,,,,
静岡県農業法人誘致推進連絡会・静岡県農業会議,28-11,,nougyoubiz@pref.shizuoka.lg.jp,054-221-2733,,,,
静岡県農業法人誘致推進連絡会・静岡県農業会議,,,,,,,,
静岡製機 株式会社,29-1,,eigyo@shizuokaseiki.jp,0538-23-2822,,,,
高森コーキ 株式会社,15-53,,k-ikarashi@takamori-kohki.co.jp,0256-36-4122,,,,
