company_name,booth,description,email,mobile_primary,domain,full_address,city,linkedin_url
CONSORZIO NAZIONALE DEGLI OLI MINERALI USATI (CONOU),,,,,https://conou.it,"Via Ostiense 131L 50, 00149 ROMA , RM - Italia",,
Dulevo | FAYAT Group,,,,info@dulevo.com | 0521 827711,https://dulevo.com,"Via G. Guareschi, 1, 43012 Fontanellato , PR - Italia",,
FOR REC S.P.A.,,,,info@forrec.it | +39 0490990015,,"Viale dell'Artigianato 24, 35010 Santa Giustina in Colle , PD - Italia",,
GRUPPO 24ORE,,,,info@ilsole24ore.com | 00390230221,https://ilsole24ore.com,"Viale Sarca 223, 20126 MILANO , MI - Italia",,
I.M.G.2 SRL,,,,info@img2.it | 039 9208395,,"Piazza della Repubblica 2, 23880 CASATENOVO , LC - Italia",,
INDACO HOLDING SRL,,,,00390399208395,,"Piazza della Repubblica 2, 23880 CASATENOVO , LC - Italia",,
INGECO SRL,,,,info@ingecotecnologieambientali.it | 039 6892094,https://ingecotecnologieambientali.it,"Via Trivulzina 13/64, 20864 AGRATE BRIANZA , MB - Italia",,
Innovation4Waste by Partitalia,,,,marketing@innovation4waste.com | 00390293930529,https://innovation4waste.com,"Via Varese 26/28, 20045 LAINATE , MI - Italia",,
MION VENTOLTERMICA DEPURAZIONI S.P.A.,,,,info@mvtplant.com | +39 0422 8777,,"Via Dolomiti, 30, 31052 Maserada sul Piave , TV - Italia",,
SMP SRL,,,,amministrazione@smp.srl | 00390883526148,https://smp.srl,"Via Foggia 45/47, 76121 BARLETTA , BT - Italia",,
ATS GROUP SRL,,,,3486618538,,"Via U. Foscolo, 20, 20010 Arluno , MI - Italia",,
IDEE E PRODOTTI  Srl,,,,anna.moruzzi@ideeeprodotti.it | 3663202492 00393663202492,,"Via Del Commercio, 1, 20881 BERNAREGGIO , MB - Italia",,
KOMPOGAS DIGESTER | HITACHI ZOSEN INOVA AG,,,,+39 0421231101,,"via delle industrie, Eraclea , VE - Italia",,
1A PLAST GMBH,,,,004375868822,https://1aplast.com,"Vorchdorfer Straße 27, 4643 Pettenbach  - Austria",,
2G ITALIA SRL,,,,info@2-g.it | 0039 0458340861,,"Via della Tecnica 7, 37030 VAGO DI LAVAGNO , VR - Italia",,
3BEE SRL,,,,admin@3bee.com | 3427622964,https://3bee.com,"Via A. Volta 4, 20056 TREZZO SULL'ADDA , MI - Italia",,
3META SRL,,,,info@3meta.it | +39 3203564022,https://3meta.it,"Piazza San Francesco 1, 31100 Treviso , TV - Italia",,
3U VISION SRL,,,,info@3uvision.com | +39 0542 1881791,https://3uvision.com,"Via Ugo La Malfa 20, 40026 IMOLA , BO - Italia",,
3V GREEN EAGLE SPA,,,,info@3vgreeneagle.com | 0039 035 0761411,,"Piazza della Liberta' 10, 24121 BERGAMO , BG - Italia",,
4 ESSE SRL,,,,4esse.srl@libero.it | 0962 31709,https://4essesrl.eu,"Zona Industriale - Località Lipuda, 88811 CIRO' MARINA , KR - Italia",,
4 TRADE S.R.L.,,,,3921227257,https://4tradesrl.net,"VIA COSMO MOLLICA ALAGONA, 95121 CATANIA , CT - Italia",,
4peopleHolding SRL,,,,,,"Viale Dante Alighieri, 88, 38057 Pergine Valsugana , TN - Italia",,
4Service Europe S.r.l.,,,,+39 03311363540,https://4service.itl,"Via A. Frank 3, 22076 Mozzate (CO) , CO - Italia",,
5.9 SRL TASSINARI BILANCE,,,,info@5dot9.it | +39 0510546950,,"Via Ischia 2, 40017 S. MATTEO DELLA DECIMA , BO - Italia",,
9-Tech SRL,,,,info@9tech.it | 3400769912,https://9tech.it,"Via Triestina Bassa 74, 30020 ERACLEA , VE - Italia",,
A-SAFE ITALIA SRL,,,,commerciale@asafe.it | +39 0392268044,https://asafe.it,"Via Felice Matteucci 19, 20862 ARCORE , MB - Italia",,
A.B.C. BILANCE SRL,,,,info@abcbilance.it | 0039 059527187,https://abcbilance.it,"Via Canale Carpi 8, 41011 CAMPOGALLIANO , MO - Italia",,
A.C.R. DI REGGIANI ALBERTO SPA,,,,acrspa@acrreggiani.it | 00390535615311,https://acrreggiani.it,"Via Statale Nord 162, 41037 MIRANDOLA , MO - Italia",,
A.N.C.O. SERVICE SRL,,,,segreteria@ass-anco.it | 003902794689,,"Via Poerio, 20129 Milano , MI - Italia",,
A.T COVERS SRL,,,,commerciale@atcovers.it | 003905231820604,https://atcovers.it,"Via Marchesana 5, 29020 Gossolengo , PC - Italia",,
A.T. RICAMBI  ECOLOGY & ENVIRONMENT SRL,,,,info@atricambi.it | 0039051932443,https://atricambi.it,"Via Porrettana Sud 73/4, 40043 MARZABOTTO  - Italia",,
A.U. ESSE SRL,,,,auesse@auesse.it | 0039 0294920378,https://auesse.com,"Via per Castelletto 23, 20080 ALBAIRATE , MI - Italia",,
A1R SRL,,,,info@a1r.it | 030 8370038,https://a1r.it,"Via Giuseppe Zanardelli 38, 25086 REZZATO , BS - Italia",,
A2A AMBIENTE SRL,,,,infoa2aambiente@a2a.eu | 03035531,https://a2aambiente.eu,"Via Lamarmora nr. 230, 25124 Brescia , BS - Italia",,
A2A SMART CITY,,,,info@a2asmartcity.it | 00390303554929,https://a2asmartcity.it,"Via A. Lamarmora 230, 25124 BRESCIA , BS - Italia",,
A2A SPA,,,,segreteriacre@a2a.eu | 00390277201,https://a2a.eu,"Via Lamarmora 230, 25124 BRESCIA , BS - Italia",,
AA-FES  - Progettazione impianti biogas,,,,a.albergati@aa-fes.org | 3929627471,https://aa-fes.org,"Via Peter Mayr, 6, 39054 Collalbo , BZ - Italia",,
AB ENERGY SPA,,,,info@gruppoab.it | 0039 0309400100,,"Via Caduti del Lavoro 13, 25034 ORZINUOVI , BS - Italia",,
ABC COMPRESSORS,,,,abc@abc-compressors.com | 0034943820400,https://abc-compressors.com,"Polígono Industrial Azitain, 6, 20600 Eibar  - Spagna",,
ABICERT L' ENTE DI CERTIFICAZIONE,,,,info@abicert.it | 0039 0859054311,https://abicert.it,"Zona Ind.le Contrada Cucullo, 66026 ORTONA , CH - Italia",,
ABITAT SIT,,,,,https://abitat.it,VI - Italia,,
ACCADUEO IMPIANTI SRL,,,,0423 609664,https://accadueo.net,"VIA DELLA MADONNINA 8, 31044 MONTEBELLUNA  - Italia",,
ACCENT WIRE LTD,,,,0031627165823,https://accentwire.co.uk,"Units 2A-2DWharfedale RoadEuroway Industrial Estate, BD4 6SG Bradford  - Regno Unito",,
ACCIAI DI QUALITA' SPA,,,,direzione@adq-cauvin.it | 00390143677077,,"Loc. Precipiano 13, 15040 VIGNOLE BORBERA , AL - Italia",,
ACCIAIERIA ARVEDI SPA,,,,003903724781,https://arvedi.it,"Via Acquaviva 18, 26100 CREMONA , CR - Italia",,
ACEA AMBIENTE SPA,,,,,,"Piazzale Ostiense 2, 00154 ROMA , RM - Italia",,
ACHAB SRL SOCIETA' BENEFIT,,,,info@achabgroup.it | 00390415845003,https://achabgroup.it,"Via Luigi Pasteur , 3, 10146 TORINO , TO - Italia",,
ACO S.p.A.,,,,marketing@aco.it | 0522 958216,https://aco.it,"Via Beviera 41, 42011 Bagnolo in Piano , RE - Italia",,
ACOVENT SRL,,,,info@acovent.com | 02 2401751,https://acovent.com,"Via Antonio Tolomeo Trivulzio, 2, 20146 MILANO , MI - Italia",,
ACTA SRL,,,,commerciale@srlacta.it | 00390382997511,https://srlacta.it,"Cascina Gallona snc, 27032 FERRERA ERBOGNONE , PV - Italia",,
ADA - ASSOCIAZIONE NAZIONALE DEMOLITORI AUTOVEICOLI,,,,,https://ada-net.it,"Via del Poggio Laurentino, 11, 00144 Roma , RM - Italia",,
ADAMBÍ - ADGENERA SRL,,,,waste@adambi.com | +39 01119920012,https://adambi.com,"Corso Unione Sovietica 612/3/d, 10135 TORINO , TO - Italia",,
ADEKOM NEW ENERGY EQUIPMENT & ENGINEERING LIMITED,,,,008615362641134,https://adekom.com,"Unit 2214, 22/F., Mira Place Tower A, 132 Nathan Road, Tsim Sha Tsui, Kowloon, 999077 Hong Kong  - Cina",,
ADICOMP S.p.A.,,,,info@adicomp.com | 0039 0444 573979,https://adicomp.com,"Via Scotte 8, 36033 ISOLA VICENTINA , VI - Italia",,
ADLER SRL,,,,granulator@adlerbuzzi.com | 0332916217,https://adlerbuzzi.com,"Via Oltrona 19, 21020 BARASSO , VA - Italia",,
ADQ Associazione Nazionale Autodemolitori di Qualità,,,,0249695934,,"VIA RICCARDO LOMBARDI 19/6, 20153 MILANO , MI - Italia",,
ADVANCED SYSTEMS SPA,,,,commerciali@advancedsystems.it | 081 8427111,https://advancedsystems.it,"Via Napoli 159, 80013 CASALNUOVO DI NAPOLI , NA - Italia",,
ADVANTAGE AUSTRIA - CONSOLATO D'AUSTRIA-SEZIONE COMMERCIALE,,,,milano@advantageaustria.org | 0039028790911,https://advantageaustria.org,"Piazza del Duomo 20, 20122 MILANO , MI - Italia",,
AEPI Industrie S.r.l.,,,,info@aepi.it | 0542645811,https://aepi-group.it,"Via Enrico Fermi 28, 40026 Imola , BO - Italia",,
AFFILOR SRL,,,,info@affilor.it | 00390331535146,https://affilor.it,"Via Leonardo da Vinci 17, 20020 SOLARO , MI - Italia",,
AGECO DUE SPA,,,,amministrazione@gruppoageco.it | 0039058398711,https://gruppoageco.it,"Via della Madonnina 37, 55012 CAPANNORI , LU - Italia",,
AGECO ITALIA SRL,,,,info@agecoitalia.it | 02 6466720,https://agecoitalia.it,"via Ciccotti 3, 20161 MILANO , MI - Italia",,
AGQUADRO SRL,,,,amministrazione@agquadro.com | +39 098476617,https://agquadro.com,"Via Alessandria 88, 00198 ROMA , RM - Italia",,
AGRIKOMP ITALIA SRL,,,,info@agrikomp.it | 030 649 0254,https://agrikomp.it,"Viale Padania 11, 25028 VEROLANUOVA , BS - Italia",,
AGRITECH SRL,,,,ecotech@agritech.it | 0309968222,,"Via Rimembranze 7, 25012 CALVISANO , BS - Italia",,
AGRITRADE SRL,,,,info@agritradesrl.it | 0039 0456340238,,"Via Monte Baldo 4, 37069 VILLAFRANCA DI VERONA , VR - Italia",,
AGROTEL GMBH,,,,info@agrotel.eu | 00498503914990,https://agrotel.eu,"Hartham 9, 94152 NEUHAUS AM INN  - Germania",,
AIMAG SPA,,,,info@aimag.it | 0039053528111,https://aimag.it,"Via Maestri del Lavoro 38, 41037 MIRANDOLA , MO - Italia",,
AIMPLAS,,,,elinaje@aimplas.es | +34 961 366 040,https://aimplas.net,"Carrer de Gustave Eiffel 4, 46980 PATERNA  - Spagna",,
AIR CLEAN SRL,,,,info@aircleansrl.com | 0039 0293169000,https://aircleansrl.com,"Via Trento 37, 20017 RHO , MI - Italia",,
AIR PRODUCTS,,,,membrane@airproducts.com | 0013149953300,,"11444 Lackland Road, 63146 St. LouisMissouri  - Stati Uniti",,
AIRPROTECH SRL,,,,info@airprotech.eu | 0039 029790466,https://airprotech.eu,"Via F.lli Bronzetti 10/12, 20013 MAGENTA , MI - Italia",,
"AIRRANE Co., Ltd",,,,jhlee@airrane.com | 82 437156580,https://airrane.com,"151-5, Gwahaksaneop 4-ro, Heungdeok-gu, 28121 Cheongju  - Corea del Sud",,
AISA - ASSOCIAZIONE ITALIANA SCIENZE AMBIENTALI,,,,sportello@aisa-on-line.org,https://aisa-on-line.org,"Via Nicolò V 19, 00165 ROMA , MI - Italia",,
AISEC,,,,,,"Via Casalmonferrato, 2c, 00182 Roma , RM - Italia",,
AKTID ITALIA SRL,,,,info@aktid.it | 0543 448921,https://aktid.it,"S.P.4 del Bidente 16N, 47014 MELDOLA , FC - Italia",,
AKVO SOLUTIONS SRL,,,,4915773202635,https://akvo.it,"Viale Toscana 17, 20093 Cologno Monzese , MI - Italia",,
ALA SRL,,,,3495676243,,"Via Oriana Fallaci, 38, 25030 Castel Mella , BS - Italia",,
ALBATECH SWISS TECHNOLOGY SA,,,,info@albatech-st.com | 0041277206100,https://albatech-st.com,"Route des Iles 52, 1897 BOUVERET  - Svizzera",,
ALBATROS ECOLOGIA AMBIENTE SICUREZZA,,,,00390544456812,https://albatros.ra.it,"Via Magnani 5, 48123 RAVENNA , RA - Italia",,
ALBERTI E SANTI SRL,,,,marketing@albertiesanti.net | +39 0523988711,https://albertiesanti.com,"Via Salvo D'acquisto 7/9, 29016 Cortemaggiore , PC - Italia",,
ALEA AMBIENTE SPA,,,,info@alea-ambiente.it | 0543 784700,https://alea-ambiente.it,"Via Golfarelli 123, 47122 Forlì , FC - Italia",,
ALFA TELONI,,,,info@alfateloni.it | 00390422951037,https://alfaingenious.it,"Via Trentino 13, 31038 Padernello di Paese , TV - Italia",,
ALFA WATER SRL,,,,segreteria@alfawater.it | 00390437573039,https://alfawater.it,"Via Cavalieri di Vittorio Veneto 25/a, 32036 SEDICO , BL - Italia",,
ALFABELTS SRL,,,,03651900678,https://alfabelts.it,"via prainè 20, SEDE LEGALE, 25079 vobarno , BS - Italia",,
ALFATEST SRL,,,,alfatest@alfatest.it | 0687465556/7,https://alfatest.it,"Via Giulio Pittarelli 97, 00166 ROMA , RM - Italia",,
ALISEA SRL Società Benefit,,,,commerciale@alisea.it | 0444597691,https://alisea.it,"Strada Ponte del Marchese, 24, 36100 Vicenza , VI - Italia",,
ALKE',,,,info@alke.com | 00390498702400,https://alke.com,"Via Cile 5, 35127 PADOVA , PD - Italia",,
ALKOM AUTOCISTERNE SRL,,,,info@alkomautocisterne.it | 0444 645466,https://alkomautocisterne.it,"Via Fracanzana 38/A, 36054 MONTEBELLO VICENTINO , VI - Italia",,
All Logistics Group,,,,pat@all-logistics.dk | +45 70 70 77 11,https://all-logistics.dk,"Bundgaardsvej 9, 7000 Fredericia  - Danimarca",,
ALLEGRI ECOLOGIA,,,,info@allegriecologia.it | 0521618579,https://allegriecologia.it,"Via G.Righi 2/a, 43122 PARMA , PR - Italia",,
ALMA S.P.A.,,,,dilettaranaldo@almaspa.com | 003905587451,https://almaspa.com,"Carlo Casini, 10, 50013 Campi Bisenzio , FI - Italia",,
Almaviva Bluebit,,,,0498841651,https://almaviva-bluebit.it,"Viale del Lavoro 12, 35030 Rubano  - Italia",,
ALMAVIVA SPA,,,,digital.change@almaviva.it | 00390639931,https://almaviva.it,"Via di Casal Boscone 188-190, 00137 ROMA , RM - Italia",,
ALPENWALD SRL,,,,commerciale@alpenwald.it | 0461 829116,,"Via del Brennero 322, 38121 TRENTO , TN - Italia",,
ALPHAIOTA,,,,003301 89 71 35 70,,"9 Rue Sainte-Cécile, 75009 Paris  - Francia",,
ALSCO ITALIA SRL,,,,alsco.milano@alsco.it | 0289400523,https://alsco.it,"Via Pordenone 8, 20132 MILANO , MI - Italia",,
ALTOLA AG,,,,giuseppe.raia@altola.ch | 0041622872372,https://altola.ch,"Goesgerstrasse 154, 4600 OLTEN  - Svizzera",,
Alzinger Maschinenbau GmbH,,,,491756761428,https://alzinger-recyclingtechnik.com,"Am Gewerbering 14, 84069 Schierling  - Germania",,
AM SOLUZIONI INDUSTRIALI SRL,,,,info@amsoluzioni.it | 039/8880699,https://amsoluzioni.it,"Via Como, 99, 23883 BRIVIO , LC - Italia",,
AM.PR. SRL,,,,info@ambientproject.it | 0039081939813,,"Via Raffaello, 38, 84014 NOCERA INFERIORE , SA - Italia",,
AMBIENTALE SRL,,,,info@ambientalesrl.it | 0832364238,https://ambientalesrl.it,"Viale Gran Bretagna 9, 73100 LECCE , LE - Italia",,
AMBIENTE S.R.L.,,,,0585855624,,"Via Frassina, 21, 54033 Carrara , MS - Italia",,
AMETEK SPECTRO,,,,info.it@ametek.com | 02946931 003902946931,https://ametekinstruments.it,"Via della Liberazione, 24, 20068 MILANO , MI - Italia",,
Amphitec,,,,,https://amphitec.com,"Veersedijk 75-77, 3341 LL Hendrik-Ido-Ambacht, Paesi Bassi, - Paesi Bassi",,
AMS Analitica S.r.l.,,,,info@amsanalitica.com | +39 072126243,https://amsanalitica.com,"Piazzale Mario Coralloni 12, 61122 PESARO , PU - Italia",,
Anaconda Equipment International Ltd,,,,+44 (0) 28 867 37878,https://anacondaequipment.com,"Ardboe Business Park, Kilmascally Road, Dungannon, BT71 5BJ Dungannon, Co. Tyrone  - Irlanda",,
ANAERGIA SRL SU,,,,italia@anaergia.com | +39 0363 1970144,https://anaergia.com,"Via Bassa di Casalmoro 3, 46041 ASOLA , MN - Italia",,
ANALYTICAL SRL A SOCIO UNICO,,,,0444452022,https://analytical-group.com,"VIA DELL INDUSTRIA, 22-24, ARZIGNANO (Vi), 30032 Arzignano , VI - Italia",,
ANCE ASSOCIAZIONE NAZIONALE COSTRUTTORI EDILI,,,,info@ance.it | 06 845671,https://ance.it,"Via Giuseppe Antonio Guattani, 16, 00161 Roma , RM - Italia",,
Ancitel Energia e Ambiente Srl,,,,info@ancitelea.it | 066832980 0039066832980,https://ancitelea.it,"via di Parione 7, 00186 Roma , RM - Italia",,
ANDION,,,,info@andiontech.com | 00390236737160,https://andionglobal.com,"Via GIOVANNI ANTONIO AMADEO 59, 20134 MILANO , MI - Italia",,
ANECO SRL,,,,02 33514899,https://anecorifiuti.it,"VIA DARWIN 11 - SEDE OPERATIVA, 20019 SETTIMO MILANESE , MI - Italia",,
ANFIA - VEICOLI PER SERVIZI ECOLOGICI,,,,anfia@anfia.it | +39 0115546511,https://anfia.it,"C.so Galileo Ferraris 61, 10128 TORINO , TO - Italia",,
ANGELO QUIDACCIOLU COSTRUZIONI MECCANICHE,,,,info@quidacciolucostruzionimeccaniche.it | 0039079673017,https://quidacciolucostruzionimeccaniche.it,"Via Madrid 25, 07023 CALANGIANUS , SS - Italia",,
"Anhui Tongdu Flow Technology Co., Ltd.",,,,008613605621020,,"No.188, North Section of Tongdu Avenue, 244061 Tongling, Anhui  - Cina",,
"ANHUI ZHONGKE OPTIC-ELECTRONIC COLOR SORTER MACHINERY CO., LTD.",,,,008613761339085,,"No. 43 Yulan Avenue, Baiyan Science Park, Hefei National High-Tech Industrial Development Zone, Hefei  - Cina",,
ANSALONI CONTENITORI SRL,,,,,https://ansaloni.com,"Via G.Rossa 12/14 12/14, 46020 PEGOGNAGA , MN - Italia",,
APATOR POWOGAZ SA,,,,3341483631,https://apator.com,62-023 Jaryszki  - Polonia,,
APPIA ENERGY SRL,,,,0039 0998804187,https://appiaenergy.com,"Contrada Console, 74016 Massafra , TA - Italia",,
AQSEPTENCE GROUP CARPI SRL,,,,info.carpi@aqseptence.com | 0039 0598342100,https://aqseptence.com,"Via Pitagora 30, 41010 LIMIDI DI SOLIERA , MO - Italia",,
AQUAJET SYSTEMS AB,,,,004638350801,https://aquajet.it,"Brunnsvaegen, HOLSBYBRUNN  - Svezia",,
AQUANEXA SRL,,,,info@aquanexa.it | 3402353401,https://aquanexa.it,"Corso Vittorio Emanuele II, 1, 20122 MILANO , MI - Italia",,
AQUAPROX ITALIA,,,,contatti@aquaprox.com | 00390775856505,https://aquaprox-italia.com,"località Vadisi snc, 03010 PATRICA , FR - Italia",,
ARACE LABORATORI SRL,,,,info@aracelaboratori.it | 00390882332111,https://aracelaboratori.it,"Viale Checchia Rispoli 319, 71016 SAN SEVERO , FG - Italia",,
ARCADIA SRL,,,,info@laboratorioarcadia.com | 00390382868106,https://laboratorioarcadia.com,"Strada Vicinale della Bellaria snc, 27020 TROMELLO , PV - Italia",,
ARCANUM ENERGY SYSTEMS GMBH & CO. KG,,,,roberto.hernandez@arcanum-energy.de | 00491523 8257878,,"Rhenus-Platz 3, 59439 Holzwickede  - Germania",,
ARCHA S.R.L.,,,,archainf@archa.it | 0039050 985165,https://archa.it,"Via di Tegulaia 10/a, 56121 PISA , PI - Italia",,
ARCODA SRL,,,,daniele.sevegnani@arcoda.it | 04611920144,https://arcoda.it,"Via Brennero 139, 38121 TRENTO , TN - Italia",,
ARIAUDO MARIO & C. SNC,,,,ariaudo@ariaudo.net | 00390171214412,https://ariaudo.net,"Regione Brignola 28, 12044 CENTALLO , CN - Italia",,
ARK CAPTURE SOLUTIONS,,,,0032474328596,https://arkcapturesolutions.com,"Avenue Jean Monnet 1, 1348 Ottignies-Louvain-la-Neuve  - Belgio",,
ARMATEC FTS GMBH & CO.KG,,,,+49 (0) 75 63 – 90 90 2 – 0,https://armatec-fts.de,"Friedrich-List-Str. 7, 88353 Kisslegg  - Germania",,
ARTE E LAVORO,,,,0383 190 3208,https://arteelavoroitalia.com,"Via Bottarone, 69, 27040 Verrua Po , PV - Italia",,
ASSITOL - ASSOCIAZIONE ITALIANA DELL'INDUSTRIA OLEARIA,,,,assitol@assitol.it | 00390669940058,https://assitol.it,"Piazza Campitelli, 00186 ROMA , RM - Italia",,
ASSOAMBIENTE,,,,assoambiente@assoambiente.org | 069969579 0039069969579,https://assoambiente.org,"Via del Poggio Laurentino 11, 00144 ROMA , RM - Italia",,
Associazione ALLATRA ITALIA,,,,+393932409105,,"Via dei Mille, 19, 43015 Noceto , PR - Italia",,
Associazione CIS,,,,3420032034,https://associazionecis.it,"Corso Venezia 36, 20121 Milano , MI - Italia",,
ASSOCIAZIONE CLUST-ER ENERGIA E SVILUPPO SOSTENIBILE (GREENTECH),,,,info@greentech.clust-er.it | 00390516398099,https://greentech.clust-er.it,"VIA PIERO GOBETTI 101, 40129 BOLOGNA , BO - Italia",,
ASSOCIAZIONE ITALIANA PER LO STUDIO E LE APPLICAZIONI DELLE MICROALGHE (AISAM),,,,,https://aisam-microalghe.eu,"Via Leonardo Da Vinci, 12, 50132 Firenze , FI - Italia",,
ASSOCIAZIONE NAZIONALE AUTODEMOLITORI DI QUALITA',,,,info@adqdemolitori.it | 00390249695934,,"Via Riccardo Lombardi 19/6, 20153 MILANO , MI - Italia",,
Associazione Rete dei Comuni Sostenibili,,,,3292923685,https://comunisostenibili.eu,"Via Arenula, 16, 00186 Roma , RM - Italia",,
Assoplast srl,,,,0039,https://assoplastsrl.it,"Via don Milani 19, Gattatico , RE - Italia",,
"ASSORECA - Associazione Ambiente, Energia, Salute e Sicurezza, Responsabilità sociale",,,,segreteria@assoreca.it | +39 02 8715 6233,https://assoreca.it,"P.le Rodolfo Morandi 2, 20121 MILANO , MI - Italia",,
ASSORECUPERI - ECOLOGIA - RECUPERO - AMBIENTE,,,,segreteria@assorecuperi.it | 0039 027750451,https://assorecuperi.it,"Corso Venezia 47, 20121 MILANO  - Italia",,
ASSOSISTEMA CONFINDUSTRIA,,,,assosistema@assosistema.it | 0039065903430,https://assosistema.it,"Viale Pasteur 8, 00144 ROMA , RM - Italia",,
ASSYTECH SRL,,,,info@assytech.it | 0342 615506,https://assytech.it,"Via Val D'Aosta 169 169, 23018 TALAMONA , SO - Italia",,
ASTRA S. Cons. a.r.l.,,,,info@astraecologia.com | 0546 058000,https://astraecologia.com,"Via Vittime Civili di Guerra 5, 48018 FAENZA , RA - Italia",,
ATARFIL GEOMEMBRANES,,,,sales.europe@atarfil.com | 0034958439200,https://atarfil.com,"Ctra Cordoba km 429, 18230 ATARFE - GRANADA  - Spagna",,
ATLANTE GROUP srl,,,,+39 03761410461,https://atlanteconsulting.it,"VIA ENRICO DE NICOLA 15, 46010 CURTATONE , MN - Italia",,
ATLANTE GROUP SRL,,,,marketing@atlanteconsulting.it | 3450201587,https://atlanteconsulting.it,"Via De Nicola 15, 46010 CURTATONE , MN - Italia",,
ATLAS COPCO ITALIA SRL - Divisione Compressori,,,,giulia.papagna@atlascopco.com | 3666306233,https://atlascopco.com,"Via G. Galilei 40, 20092 Cinisello Balsamo , MI - Italia",,
ATLAS GMBH,,,,info@atlasgmbh.com | 0049(0)42229540,https://atlasgmbh.com,"Atlasstrasse, 27777 GANDERKESEE  - Germania",,
ATOBIT S.R.L.,,,,,https://atobit.it,"Via Palmiro Togliatti, 1/1, 42048 Rubiera , RE - Italia",,
ATRADIUS CREDITO Y CAUCION SA DE SEGUROS Y REASEGUROS,,,,info.it@atradius.com | +3906688121,https://atradius.com,"Via Crescenzio 12, 00193 ROMA , RM - Italia",,
ATZWANGER SPA,,,,manuele.lesa@atzwanger.net | 0471 243811,https://atzwanger.net,"Via T. A. Edison, 14, 39100 Bolzano , BZ - Italia",,
AUMOVIO Germany GmbH,,,,+49 151 68832653,,"Guerickestraße 7, 60488 Frankfurt am Main , HE - Germania",,
AUSTIN AI EUROPE - AUTOMATION AND INSTRUMENTATION KFT.,,,,,https://austinai-eu.com,"Tóberek utca 8. 301, 1112 Budapest  - Ungheria",,
AUTODESK,,,,,,"PIAZZA GAE AULENTI, 20124 MILANO , MI - Italia",,
AUTORITA' DI BACINO DISTRETTUALE DEL FIUME PO,,,,segr-gen@adbpo.it | 003905212761,,"Via Garibaldi 75, 43121 PARMA , PR - Italia",,
AVIAN RECYCLING SYSTEMS,,,,sales@avianrecycle.com | 00862167679191,https://avianrecycle.com,"No 585, Dongxue Road, Dongjing Industrial Park, Songjiang, 201106 Shanghai  - Cina",,
AVIO SERVICE SRL,,,,info@avioservice.it | 00390464683197,https://avioservice.it,"Fraz. Vo' Destro 37, 38063 AVIO , TN - Italia",,
AWITE BIOENERGIA SRL,,,,info@awite.de | 0049876172162 0,https://awite.de,"Via Cavour 23/C, 39100 BOLZANO , BZ - Italia",,
B I Solution srl,,,,3758031648,,"via Giotto, 7, 20145 Milano , MI - Italia",,
B-PLAS S.B.R.L.,,,,info@b-plas.it | 0039054520611,https://b-plas.it,"Via Gessi 16, 48022 LUGO , RA - Italia",,
B. & G. ECOLYNE COM. S.R.L.,,,,info@ecolynecom.it | 0547317634,https://ecolynecom.it,"Via Mattioli 186, 47522 CESENA , FC - Italia",,
B. GROUP SRL,,,,info@bgroup.biz | 05419474738,,"Via Provinciale Uso 133, 47030 BORGHI , FC - Italia",,
B&C ELECTRONICS SRL,,,,info@bc-electronics.it | 039 631721,https://bc-electronics.it,"Via per Villanova 3, 20866 CARNATE , MI - Italia",,
BAI - BROKER ASSICURATIVO ITALIANO SRL,,,,ambiente@baibroker.com | 00390403720461,https://baibroker.com,"Via Felice Venezian, 1, 34124 TRIESTE , TS - Italia",,
BAIONI CRUSHING PLANTS SRL,,,,info@baioni.it | 071 7950313,https://baioni.com,"Via Cesanense 176, 61040 MONTE PORZIO , PU - Italia",,
BANO RECYCLING SRL,,,,laura.minotto@banoeco.com elena.forner@banoeco.com | 00390499200757,https://banoeco.com,"Via Marcello 24, 35011 CAMPODARSEGO , PD - Italia",,
BARBIERI SRL NASTRI TRASPORTATORI,,,,info@barbierispa.com | 045 8510844,https://barbierispa.com,"Via della Metallurgia 5, 37139 VERONA , VR - Italia",,
BARON SRL,,,,info@baron.it | 00390444572444,https://baron.it,"Via dell'Industria 8/1, 36051 CREAZZO , VI - Italia",,
BARRICALLA SPA,,,,info@barricalla.com | 00390114559898,https://barricalla.com,"Via Brasile 1, 10093 COLLEGNO , TO - Italia",,
BASCA SRL,,,,info@basca.tech | 0039393849522,https://basca.tech,"Via Ferrari 27 , 1-3, 41043 Formigine , MO - Italia",,
BASS INSTRUMENTS,,,,902166600163,https://bass.com.tr,"Esen?ehir, Füsün Sk. No:59, 34776 Ümraniye/?stanbul, 34000 ?stanbul  - Turchia",,
BAUMER ITALIA SRL,,,,sales.it@baumer.com | +39 02 45706065,https://baumer.com,"Via della Resistenza 1, 20057 MILANO , MI - Italia",,
BAUR FOLIEN GMBH,,,,info@baur-folien.de | 0049 8334 99991 0,https://baur-folien.de,"Gewerbestr. 6, 87787 WOLFERTSCHWENDEN  - Germania",,
BEB Burgenland Ersatzbrennstoffe GmbH,,,,+49 (0) 34461 2626 0,https://beb-ersatzbrennstoffe.de,"Wirtschaftsstraße 15, 06268 Steigra  - Germania",,
BELABS SRL,,,,info@belabs.it | 0510546163,https://belabs.it,"Viale Fanin 48, 40127 BOLOGNA , BO - Italia",,
BELISAMA YACHT,,,,33514202,https://belisamayacht.it,"PIAZZA TREVISANATO 1, 31021 MOGLIANO VENETO , TV - Italia",,
BELLIN SPA,,,,info@bellinpompe.com | +39 0444874900,https://bellinpompe.com,"Via Carbon 8, 36040 Orgiano , VI - Italia",,
BENASSI SRL,,,,irene@benassisrl.com | 00390522920771,https://benassisrl.com,"Via Rinaldi 101/A, 42124 REGGIO EMILIA , RE - Italia",,
BERGAMINI GROUP SRL,,,,0039030969116,https://torneriabergamini.com,"Via Raffaello Sanzio 13, 25013 CARPENDOLO , BS - Italia",,
BERGAMO SVILUPPO - AZIENDA SPECIALE DELLA CAMERA DI COMMERCIO DI BERGAMO,,,,0356224021,https://bergamosviluppo.it,"Largo B. Belotti 16, 24121 Bergamo , BG - Italia",,
BERTHOLD ITALIA SRL,,,,berthold-italia@berthold.com | 00390392873064,https://berthold.com,"Via Achille Grandi 70/80, 20862 ARCORE , MB - Italia",,
BETTAIR CITIES SL,,,,34600020946,https://bettaircities.com,"Travessia Industrial, 149, 4C, 08907 Hospitalet del Llobregat  - Spagna",,
BIEMME INSONORIZZAZIONE SRL,,,,infocabinebiemme@gmail.com | 00390434919281,https://cabinebiemme.it,"Via degli Etruschi 7, 33080 SAN QUIRINO , PN - Italia",,
BiHcon Srl,,,,info@bihcon.com | +39 0474869055,,"Piazza Gilm 2, 39031 Brunico , BZ - Italia",,
BILANCIAI CAMPOGALLIANO SOC. COOP.,,,,e.tiburzi@coopbilanciai.it | 0039059893611,https://coopbilanciai.it,"Via S. Ferrari 16, 41011 CAMPOGALLIANO , MO - Italia",,
BINDER ENGINEERING GmbH,,,,0049731968260,https://bindergroup.info,"Buchbrunnenweg, ULM  - Germania",,
BINDER+CO AG,,,,office@binder-co.at | 004331128000,https://binder-co.com,"Grazer Strasse 19-25, 8200 GLEISDORF  - Austria",,
BINDER+CO AG,,,,004331128000,https://binder-co.com,"Grazer Strasse, GLEISDORF  - Austria",,
BIO PROTECT GROUP SRL,,,,info@bpgsrl.com | 0761 598464,,"SP74, 01034 Quartaccio VT, 01034 Fabrica di Roma , VT - Italia",,
BIOCHEMIE LAB S.R.L,,,,servizioclienti@biochemielab.it | 055 8875439,https://biochemielab.it,"Via di Limite 27G, 50013 CAMPI BISENZIO , FI - Italia",,
BIOCONSTRUCT ITALIA SRL,,,,info@bioconstruct.it | +39 333 6930940,https://it.bioconstruct.com,"Via Carlo Collodi 3, 40012 CALDERARA DI RENO , BO - Italia",,
BIODERMOL AMBIENTE SRL,,,,info@biodermol.it | 0039 0461241550,https://biodermol.it,"Via G. di Vittorio 91, 38015 LAVIS , TN - Italia",,
BioG GmbH,,,,marketing@biog.at | 004377515017922,https://biog-biogas.com,"Weilbolden 18, 4972 UTZENAICH  - Austria",,
BIOGAS ENGINEERING SRL,,,,info@biogasengineering.it | 00390444760571,https://biogasengineering.it,"Corte Ferrighi, 11, 36025 Noventa Vicentina , VI - Italia",,
BIOGEST,,,,office@biogest.at | +43 12260700,https://biogest.at,"THE ICON VIENNA Central Station, Gertrude-Froehlich-Sandner, 1100 Vienna  - Austria",,
BIOITALIA SRL,,,,3385784346,https://bioitalia.srl.it,"Via Trinità 6, 35020 Pernumia , PD - Italia",,
BIOLOGICAL CARE SRL,,,,info@biologicalcare.it | +39 051715742,https://biologicalcare.it,"Via Caduti per la Libertà 6/L, 40057 QUARTO INFERIORE , BO - Italia",,
BIOMANAGE SRL,,,,0522 663575,https://info@biomanage.it,"Strada Villa Superiore, 40, 42045 Luzzara , RE - Italia",,
Biomethane Industry,,,,lara.monterenzi@synergy-srl.com | 0039 0309381679,https://biomethaneindustry.com,"Via Fara 35, 20124 Milano , MI - Italia",,
BIOMETHANET SRL,,,,+39 045 6340238 int 212,,"Via Monte Baldo, 10, 37062 Villafranca di Verona , VR - Italia",,
BIOMODIL SRL,,,,info@biomodil.com | 0722 700311,https://biomodil.com,"VIA PROVINCIALE 14, 61026 LUNANO , PU - Italia",,
BIONEXT INFRASTRUCTURE SRL,,,,3475956109,,"Strada 6, Assago , MI - Italia",,
Biorepack,,,,info@biorepack.org | 02 5007071,https://biorepack.org,"Via Cola di Rienzo 212, 00192 ROMA , RM - Italia",,
BIORIG,,,,international@biorig.energy | +39 06 83 66 34 58,https://biorig.energy,"Piazza Guglielmo Marconi, 25, 00144 Roma  - Italia",,
BIOTEC GMBH & CO. KG,,,,inquiries@biotec.de | 0049282292510,https://biotec.de,"Werner-Heisenberg-Strasse 32, 46446 EMMERICH AM RHEIN  - Germania",,
BIOTECNOGAS S.r.l.,,,,biotecnogas@biotecnogas.com | 3356540569,https://biotecnogas.com,"Via Palermo, 10, 20257 ASSAGO , MI - Italia",,
BIOTHYS GMBH,,,,info@biothys.com | 004978549895450,https://biothys.com,"Gewerbestrasse 6, 77731 WILLSTÄTT - ECKARTSWEIER  - Germania",,
BLU H- ENERGY s.r.l.,,,,,https://blu-h.com,"Via Balilla, 26, 20136 Milano (MI) Mllano , MI - Italia",,
BLU LIVORNO • BIENNALE DEL MARE E DELL'ACQUA,,,,00390586820564,https://biennalelivorno.it,"Piazza del Municipio, 1, 57123 Livorno , LI - Italia",,
BLUE WATER PLANTS SRL,,,,info@bluewaterplants.com | 00390295019545,https://bluewaterplants.com,"P.za A. Volta 3/d, 20873 CAVENAGO BRIANZA , MB - Italia",,
"BLUEWIN CO., LTD",,,,821098601620,https://bluewin.co.kr,"4FL, BAEKSAN BLDG, 157Street, 02708 JungNung-Ro, SeongBuk-Gu",,
BMI INSTRUMENTS SRL,,,,amministrazione@bmi-instruments.it | 0039024453223,https://bmi-instruments.it,"Via Mario Pagano 28, 20090 TREZZANO SUL NAVIGLIO , MI - Italia",,
BOB SISTEMI IDRAULICI SPA,,,,info@bobspa.com | 003901737800023,,"Regione oltre Rea 32, 12060 MONCHIERO , CN - Italia",,
BONGIOANNI MACCHINE SPA,,,,recycling@bongioannimacchine.com | +39 0172650511,https://bongioannimacchine.com,"Via Macallè 36/44, 12045 FOSSANO , CN - Italia",,
BOTTARO MARIO SRL,,,,info@bottaro.org | 0039023324241,https://bottaro.org,"Via F. Baracca 9, 20026 NOVATE MILANESE , MI - Italia",,
BRAM-COR SPA,,,,info@bram-cor.com | +390521538711,https://bram-cor.com,"Via Mercalli, 43122 PARMA , PR - Italia",,
BRANDENBURGER LINER GMBH & CO. KG,,,,welcome@brandenburger.de | +49 634151040,https://brandenburger-liner.com,"Taubensuhlstrasse 6, 76829 LANDAU/PFALZ  - Germania",,
BREAK MACHINERY SRL,,,,info@breakmachinery.com | 0039 0499490350,https://breakmachinery.com,"Via Martiri della Libertà 7, 35010 GRANTORTO , PD - Italia",,
BRIGADE ELETTRONICA SRL,,,,info-italia@brigade-elettronica.com | 011 0142105,https://brigade-elettronica.it,"Corso Trapani 16, 10139 TORINO , TO - Italia",,
BRIGHI USA INC.,,,,sales@brighigroup.com,https://brighigroup.com,"1800 West Loop South, 77027 Houston , TX - Stati Uniti",,
Bright Renewables,,,,info@bright-renewables.com | +31 (0)88 460 90 88,https://bright-renewables.com,"Thermen 10, 7521PS Enschede  - Paesi Bassi",,
BROKK ITALIA SRL,,,,info@brokk.it | 0039031264087,https://brokk.it,"Via Antonio Magni 54, 22100 COMO , CO - Italia",,
BRUMOLA SRL,,,,info@brumola.com | 00390269900435,https://brumola.com,"Via della Moscova 46/1, 20121 MILANO , MI - Italia",,
BRUNO FOLCIERI SRL,,,,info@folcieri.com | 0372 845921,https://folcieri.com,"Via Sopracomune 1, 26030 VOLONGO , CR - Italia",,
BST SRL,,,,info@bst.srl | 0305050102,https://bst.srl,"Via Magellano 2, 25024 LENO , BS - Italia",,
BT-SYSTEMS GMBH COMPETENCE CENTER REDWAVE,,,,office@bt-systems.at,https://bt-systems.at,"Wolfgang Binder Str. 4, 8200 EGGERSDORF BEI GRAZ  - Austria",,
BTS Biogas Srl,,,,communications@bts-biogas.com | +39 0474370119,https://bts-biogas.com,"Via Vento 9, 37010 Affi , VR - Italia",,
BTT ITALIA S.R.L.,,,,info@bttimpianti.it | 0575 00390575356841,,"Via Combarbia 16 Marciano della Chiana, 52047 AREZZO , AR - Italia",,
Bucher Municipal,,,,,,Svizzera,,
BUNDER COMPANY SRL,,,,390809644693,https://bunder.it,"Via F. de Blasio, 89038 Palizzi Marina , RC - Italia",,
BURKERT ITALIA SPA,,,,annekathrin.melis@burkert.com | 00393456504639,https://burkert.it,"Via Roma 108, 20051 CASSINA DE PECCHI , MI - Italia",,
BURKHARDT GMBH,,,,energy@burkhardt-gmbh.de | 0049918594010,https://burkhardt-gruppe.de,"Kreutweg 2, 92360 Muehlhausen  - Germania",,
BUSI GROUP SRL,,,,030 6896956,https://busigroup.eu,"Via delle Brede 2, 25080 PAITONE , BS - Italia",,
BUTTI SRL,,,,butti@butti.it | 0039035787300,https://butti.it,"Via Mayer  13  -  Loc. Bisone, 24034 CISANO BERGAMASCO , BG - Italia",,
C.A.N. Soc. Coop.,,,,+39 080 4978500,https://coopcan.it,"Via ex S.S. 377 per Mottola sn, 70015 Noci , BA - Italia",,
C.A.P. SRL,,,,info@caphydraulic.com | 00390522917633,,"Via D. Alighieri 58/E, 42123 CADELBOSCO DI SOPRA , RE - Italia",,
C.A.R.P. S.c.r.l.,,,,+39 0721202310,,"Via del Vallo 56, 61122 Pesaro , PU - Italia",,
C.A.R.P. SCRL - COOP. AUTOTRASP. RIUNITI PESARO E URBINO,,,,pesaro@trasporticarp.it | 0721202777,,"Via del Vallo 56, PESARO , PU - Italia",,
C.E.B. IMPIANTI  SRL,,,,info@cebimpianti.com | +39039 958482,https://cebimpianti.com,"Via Stabilimento Figliodoni 14, 23891 BARZANO' , LC - Italia",,
C.I.S.A. SPA,,,,cisa@cisaonline.it | 0039 0998807448,,"Contrada Forcellara San Sergio sc, 74016 MASSAFRA , TA - Italia",,
C.M. OFFICINE BALESTRO SRL,,,,info@cm-srl.com | 00390444649544,,"Via Don Luigi Bevilacqua 31, 36070 SAN PIETRO MUSSOLINO , VI - Italia",,
C.M. S.R.L.,,,,info@cmcarpenterie.it | 00390577979162,,"Via Calabria 48, 53036 POGGIBONSI , SI - Italia",,
C.M. S.R.L.,,,,,,"Via Calabria, 48, 53036 Poggibonsi , SI - Italia",,
C.M.O. POMPE SNC,,,,info@cmo-pompe.it | 0444 874065,https://cmo-pompe.it,"Via Valcisana 2, 36040 ORGIANO , VI - Italia",,
C.P.A. COMPAGNIA PER L'AMBIENTE SRL,,,,info@cpavignola.it | 059765565,,"Via Caselline 633, 41058 VIGNOLA , MO - Italia",,
C.T.L. ECOLOGY SRL,,,,commerciale@ctlecology.it | +39 0965 026845,,"enrico besana 10, 20122 milano , MI - Italia",,
C&G EVAPORATOR,,,,info@cgevaporator.com | 0558303450,https://cgevaporator.com,"Via I Maggio, 50067 Rignano sull'Arno , FI - Italia",,
CAMBI group as,,,,,https://cambi.com,"Skysstasjon 11A, Asker  - Norvegia",,
CAMEC SRL,,,,commerciale@camec.net | 0039049552115,https://camec.net,"Via Borgo Vicenza 128, 35013 CITTADELLA , PD - Italia",,
CAMOTER INTERNATIONAL SRL,,,,sales@camoter.com | 0296751344,https://camoter.com,"Via Varese 13, 22070 Fenegrò , CO - Italia",,
CANNONI CONRAD,,,,info@cannoni-conrad.it | 0376 391294,https://cannoni-conrad.com,"Via Novellara 1, 46100 MANTOVA , MN - Italia",,
CAR S.R.L.,,,,info@carinerti.com | 3405360339 0542 640361,,"Via Laguna, 27A, 40026 Imola , BO - Italia",,
CARBOGNANI SPA,,,,info@carbognani.it | 0521 480611,https://carbognani.it,"Via Marco Emilio Lepido 75, 43123 PARMA , PR - Italia",,
CARBOLITE GERO,,,,,https://carbolite-gero.it,"Parsons Lane, Hope, S33 6RB Hope Valley  - Regno Unito",,
CARBONITALIA SRL,,,,3349405285,https://carbonitalia.com,"Scali D'Azeglio 32, 57123 Livorno , LI - Italia",,
CARNOVALI SPA,,,,commerciale@carpenteriacarnovali.it | 0039030604084,https://carpenteriacarnovali.it,"Via Industriale 2, 25080 PREVALLE , BS - Italia",,
CARSO ITALIA,,,,0302585203,https://carsoitalia.it,"VIA REDIPUGLIA 33/39, 25030 CASTEL MELLA , BS - Italia",,
CARTIGLIANO RICERCHE SRL,,,,odc@cartigliano.com | +39/0424/592526,https://cartigliano.com,"Via San Giuseppe 2, 36050 CARTIGLIANO , VI - Italia",,
CASA DI SPEDIZIONI CASARIN SRL,,,,amministrazione@casarin.it | 00390422 4866,https://casarin.it,"Via Treviso 86, 31059 ZERO BRANCO , TV - Italia",,
Casadei Pallets,,,,+39 0547 96692,https://casadeipallets.it,"Via Paul Harris, 31-33, 47025 Cesena , FC - Italia",,
CASE Construction Equipment,,,,,https://casece.com,"Lungostura Lazio, 19, 10156 Torino  - Italia",,
CASELLA MACCHINE AGRICOLE,,,,,https://casella.it,"Loc. Cimafava, 29013 CARPANETO PIACENTINO , PC - Italia",,
CAVE SERVICE SRL,,,,ufficioacquisti@caveservice.com | 0039081939763,https://caveservice.com,"Prov.le Nocera-SarnoZ.I.Fosso Imperatore, 84014 NOCERA INFERIORE , SA - Italia",,
CAVIRO EXTRA SPA,,,,info@caviroextra.it | 003939 0546629111,https://caviroextra.it,"Via Convertite, 8, 48018 FAENZA , RA - Italia",,
CBB DECANTER SRL,,,,info@cbbdecanter.com | 00390731703054,https://cbbdecanter.com,"Via dell'Industria 13/c, 60030 MONTEROBERTO , AN - Italia",,
CDC Studio Srl,,,,,https://cdc-studio.it,"Via Antonio Vivaldi, 12, 56022 Castelfranco di Sotto , PI - Italia",,
CEFLA S.C.,,,,ceflaengineering@cefla.it | 00390542653441,https://ceflaengineering.com,"Via Bicocca 14/C, Portineria, 40026 IMOLA , BO - Italia",,
CEIA SPA,,,,fborri@ceia-spa.com | 0575 4181,https://ceia.net,"Zona Industriale 54, 52041 VICIOMAGGIO , AR - Italia",,
CEMI ENERGY SRL,,,,amministrazione@cemienergy.it | 00393389652770,https://cemienergy.it,"Via Ticino 17/A, 37057 SAN GIOVANNI LUPATOTO , VR - Italia",,
CENTRO CONSORZI,,,,,https://centroconsorzi.it,Italia,,
CENTRO DEL RECUPERO S.R.L.,,,,02 66202858,https://centrorecupero.it,"VIA MINUZIANO 8, 20161 MILANO , MI - Italia",,
CENTRO DI COORDINAMENTO NAZIONALE PILE E ACCUMULATORI,,,,amministrazione@cdcnpa.it | 00390287244900,,"Via De amicis 51, 20123 MILANO , MI - Italia",,
CENTRO DI COORDINAMENTO RAEE,,,,amministrazione@cdcraee.it | 00390287244906,https://cdcraee.it,"Via De Amicis 51, 20123 MILANO , MI - Italia",,
CENTRO TESSILE SERICO SOSTENIBILE SRL,,,,031 3312120,,"Via Castelnuovo, 3, 22100 Como , CO - Italia",,
Centrocot S.p.A.,,,,info@centrocot.it | 0039 0331696700,https://centrocot.it,"Piazza Sant’Anna 2, 21052 BUSTO ARSIZIO , VA - Italia",,
CESARO MAC IMPORT SRL,,,,cesaro@cesaromacimport.com | 00390421231101,https://cesaromacimport.com,"Via Delle Industrie 28, 30020 ERACLEA , VE - Italia",,
CGT SPA,,,,003902274271,https://cgt.it,"Via Padana Superiore 19, 20055 Vimodrone , MI - Italia",,
CHANGE WAVE srl,,,,0039 059893611,,"Via Ferrari, 16, 41011 Campogalliano , MO - Italia",,
Changsha Zoomlion Environmental Industry Co Ltd,,,,3346512764,,"No. 288, Linyu Road, High-tech Development Zone,, Changsha , Hunan  - Cina",,
CHEBIOS,,,,3914292393,https://chebios.it,"Via di Tor Vergata, 00133 Roma , RM - Italia",,
CHEMICAL EXPRESS SRL,,,,commerciale@chemicalexpress.it | 081 2439721,https://chemicalexpress.it,"Via Luigi Volpicella 194, 80147 NAPOLI , NA - Italia",,
CHEMVIRON ITALIA SRL,,,,eden.uboldi@arkema.com | +39 0442 627637,https://chemviron.eu,"Via Malon, 2, 37045  San Pietro di Legnago , VR - Italia",,
"Chizhou Sun Rising Valve & Pipe Fitting Co., Ltd.",,,,00865665755677,https://dinvalve.com.cn,"Xinhe Industrial Zone Qingyang, Chizhou, Anhui  - Cina",,
CICLAT TRASPORTI AMBIENTE,,,,ambiente@ciclat.ra.it | 00390544608111,https://ciclatambiente.it,"Via Romagnoli 13, 48123 RAVENNA , RA - Italia",,
CICLIA,,,,info@ciclia.it | 00390456900893,https://ciclia.it,"Via Madonna 202, 37051 BOVOLONE , VR - Italia",,
CID SRL,,,,cid@cidgroup.it | 0432 888070,,"Via Pradis 19, 33010 COLLOREDO DI MONTE ALBANO , UD - Italia",,
CIMBRIA,,,,seainfo@agcocorp.com | 0542 361423,https://cimbria.com,"Via colombarotto 2, 40026 Imola , BO - Italia",,
CIRCULAR MATERIALS SRL,,,,andrea.campiglio@circularmaterials.it,https://circularmaterials.it,"Via Bragni 93F, 35010 RETTORE (MEZZAVIA) , PD - Italia",,
CITY NET ECOLOGIA E AMBIENTE SRL,,,,citynetecologiambiente@legalmail.it | 0039069004096,https://city-net.it,"Via L. Da Vinci 120, 00015 MONTEROTONDO SCALO , RM - Italia",,
CLAUGER-TECHNOFRIGO srl,,,,051718511,https://clauger.com,"Via delle Officine Barbieri 7, 40013 Castel Maggiore , BO - Italia",,
CLEVER MÜHEND?SL?K SANAY? VE T?CARET L?M?TED ??RKET?,,,,00905075093466,https://clevermuhendislik.com,"Merkez Mah. Efnan Sok. Ayd?n Ek?i ?? merkezi .1 No:10 ?ç kap? No:9, 34782 Istanbul  - Turchia",,
CLS SPA - CGT LOGISTICA SISTEMI,,,,contact@cls.it | 003902925051,https://cls.it,"Via Calabria 20, 20054 SEGRATE , MI - Italia",,
CME srl,,,,sales@cmeitaly.com | 059 851337,,"via della Tecnica, 56, 41121 Modena , MO - Italia",,
CMG Granulators,,,,sales@cmg.it | 0039 051 692 0875,https://cmg-granulators.com,"Via Antonio Sarti 2, 40054 BUDRIO , BO - Italia",,
CO.A.P. Soc. Coop.,,,,+39 0523572900,,"Via Coppalati 10, 29122 Piacenza , PC - Italia",,
CO.GE.AM. Scarl,,,,0039 0998807050,,"C.da Forcellara S. Sergio sn, 74016 Massafra , TA - Italia",,
CO.N.I.P. - CONSORZIO NAZIONALE IMBALLAGGI PLASTICA,,,,info@conip.it | 00390759276702,,"Via Beniamino Ubaldi 'Centro Direzionale Prato', 06024 GUBBIO , PG - Italia",,
CO.PAR.M. SRL,,,,commerciale@coparm.it | 00390835757014,,"Zona Industriale Macchia snc, 75013 FERRANDINA , MT - Italia",,
COGEI SRL,,,,00390812303782,https://cogei.net,"Via Antiniana 28, 80078 POZZUOLI , NA - Italia",,
Cogeninfra,,,,info@cogeninfra.it | 011 4501466,https://cogeninfra.it,"Via Tetti dell'Oleo 17/25, 10071 Torino , TO - Italia",,
COLOMBO PIETRO SRL,,,,info@colombopietro.it | 00390341576251,https://colombopietro.it,"Via Marco D'Oggiono 21, 23848 OGGIONO , LC - Italia",,
COMACCHIO SPA,,,,sales@comacchio.com | 003904237585,https://comacchio.com,"Via Callalta 24, 31039 RIESE PIO IX , TV - Italia",,
COMBINEERING A/S,,,,info@combineering.dk | 004545584040,https://combineering.dk,"176 Bistrupvej, 3460 Birkerød  - Danimarca",,
COMER S.p.A.,,,,390185358591,https://comeritaly.com,"Via Tangoni, 16030 Casarza Ligure , GE - Italia",,
COMEX SRL,,,,info@comexpumps.com | 0422 362215,https://comexpumps.com,"Via delle Industrie 42, 31057 SILEA , TV - Italia",,
COMI SRL,,,,info@comistorage.com | 0039 0424543811,https://comistorage.com,"Via dell’Artigianato, 6, 36050 Cartigliano , VI - Italia",,
COMPOST SYSTEMS GMBH,,,,office@compost-systems.com | 0043 7242 350 777 0,https://compost-systems.com,"Maria-Theresia-Strasse 9, 4600 WELS  - Austria",,
COMPTON INDUSTRIALE SPA,,,,info@compton-industriale.it | 00390444702124,https://compton-industriale.com,"Via Pasubio 32, 36033 ISOLA VICENTINA , VI - Italia",,
COMPUTER SOLUTIONS SPA - L'INFORMATICA DEI RIFIUTI,,,,mail@csgroup.it | 041 2582001,,"Via AngeloToffoli, 21, 30175 VENEZIA MARGHERA , VE - Italia",,
COMS  SRL,,,,info@comsitalia.it | 00390432762036,https://comsitalia.it,"Via degli Artigiani 20, 33030 TALMASSONS , UD - Italia",,
COMUNE DI PRATO,,,,,https://comune.prato.it,"Piazza Del Comune 2, 59100 PRATO , PO - Italia",,
COMUNE DI RIMINI,,,,massimo.stefanini@comune.rimini.it | +390541704752,https://riminibluelab.it,"Piazza Cavour7 27, 47900 RIMINI , RN - Italia",,
CON.A.P. SCRL,,,,0523241817,,"Via Umbria, 1, 29017 Fiorenzuola d'Arda , PC - Italia",,
CONAPI SCRL  PIATTAFORME RICICLO,,,,info@conapi.net | 00390267078341,https://conapi.net,"Via Luigi Casanova 2, 20125 MILANO , MI - Italia",,
CONFAGRICOLTURA,,,,eventi@confagricoltura.it | +390668359 +393371137769,https://confagricoltura.it,"Corso Vittorio Emanuele II, 101, 00186 ROMA , RM - Italia",,
CONFINDUSTRIA EMILIA AREA CENTRO,,,,info@confindustriaemilia.it | 00390516317288,,"Via San Domenico 4, 40124 BOLOGNA , BO - Italia",,
CONLEGNO,,,,segreteria@pec.conlegno.org | 00393939098766,,"Foro Buonaparte 12, 20121 MILANO , MI - Italia",,
CONOE - CONS. NAZ. DI RACCOLTA E TRATTAMENTO DEGLI OLI E DEI GRASSI VEGETALI ED ANIMALI ESAUSTI,,,,amministrazione@conoe.it | 0039 0687654415,https://conoe.it,"Via Cola di Rienzo 180, 00192 ROMA , RM - Italia",,
CONSORZI COBAT,,,,info@consorzicobat.it | 00390662203901,https://consorzicobat.it,"Via della Ferratella in Laterano, 33, 00184 ROMA , RM - Italia",,
CONSORZI ECOEM,,,,info@ecoem.it | 00390245076135,https://ecoem.it,"Via Irno, 84098 Pontecagnano Faiano , SA - Italia",,
CONSORZIO AUTOTRASPORTI PIACENZA SOCIETA' COOPERATIVA,,,,00390523572952,,"Via Federico Coppalati 10, 29122 PIACENZA , PC - Italia",,
CONSORZIO ECOLAMP,,,,00390237052936,https://ecolamp.it,"Via della Giustizia 10/B, 20125 MILANO , MI - Italia",,
CONSORZIO ITALIANO COMPOSTATORI,,,,cic@compost.it | 0039 0668584295,,"Via Boncompagni, 93, 00187 ROMA , RM - Italia",,
CONSORZIO L'IGIENE URBANA EVOLUTION,,,,info@consorzioigieneevolution.it,https://igieneevolution.it,"Via della Produzione 87, 04011 APRILIA , LT - Italia",,
CONSORZIO REMATRIX,,,,+39 0464 755630,,"Via Vecchia Ferriera, 5, 36100 VICENZA , VI - Italia",,
CONSORZIO RENOILS,,,,segreteria@renoils.it,,"BUCCINASCO , MI - Italia",,
Consorzio RLG,,,,+ 39 011 993 5611,https://consorzio-rlg.com,"Corso Unione Sovietica 612/3 C, 10135 Torino , TO - Italia",,
CONSORZIO STABILE CO.TRA.F. ARL,,,,info@consorzio-cotraf.it | 0550202253,https://consorzio-cotraf.it,"Viale Montegrappa 13, 59100 PRATO , PO - Italia",,
Consumers' Forum,,,,3888592384,https://consumersforum.it,"Via Degli Scipioni 8, 00192 Roma , RM - Italia",,
CONTENUR  S.L.,,,,contenur@contenur.com | 0034911518200,https://contenur.com,"c/Torneros, 3 Pol.Ind.Los Angeles, 28906 GETAFE, MADRID  - Spagna",,
CONVECO SRL,,,,info@conveco.com | 00390303662711,https://conveco.com,"Via Valenca 50/52, 25030 CASTREZZATO , BS - Italia",,
CONVERTINI SRL,,,,info@convertinisrl.com | 00390233500490,https://convertinisrl.com,"Viale Europa 72 B/6, 20090 CUSAGO , MI - Italia",,
COOPERATIVA LAGORAI,,,,info@cooperativalagorai.it | 3351855719,https://cooperativalagorai.it,"Via Puisle, 35, 38051 Borgo Valsugana , TN - Italia",,
Corexol Srl,,,,+39 3458679544,,"Via Enrico Mattei 16B, 25060 Colle Beato , BS - Italia",,
CORIPET,,,,info@coripet.it | 00390238292147,https://coripet.it,"Via San Maurilio 23, 20123 MILANO , MI - Italia",,
CORMATEX SRL,,,,info@cormatex.it | 00390574650922,https://cormatex.it,"Via Parugiano Di Sotto 152/166, 59013 MONTEMURLO , PO - Italia",,
CORRADI & GHISOLFI SRL,,,,info@corradighisolfi.it | 0372 93187,https://corradighisolfi.it,"Via Don Mario Bozzuffi 19, 26010 CORTE DE' FRATI , CR - Italia",,
COSMEC - CENTER SRL,,,,cosmec@datas.it | 0039053554606,https://cosmeccenter.it,"Via Miglioli 13, 41033 CONCORDIA SULLA SECCHIA , MO - Italia",,
COSMETALL SRL,,,,amministrazione@cosmetall.com | 00393494232812,https://cosmetall.it,"Z.I Contrada Lanzi, 81052 Pignataro Maggiore , CE - Italia",,
COSMO TECNOLOGIE AMBIENTALI SRL,,,,info@cosmogruppo.it | 00390415801616,https://cosmogruppo.it,"Via Mestrina 46X, 30033 NOALE , VE - Italia",,
CRI-MAN SPA,,,,info@cri-man.com | 00390522732204,https://cri-man.com,"Via Del Lavoro 9/A, 42015 CORREGGIO , RE - Italia",,
CRISTANINI SPA,,,,cristanini@cristanini.it | +39 0456269400,https://cristanini.it,"Via  Porton 15, 37010 RIVOLI VERONESE , VR - Italia",,
CRISTOFORO SOCIETA' COOPERATIVA SOCIALE ONLUS,,,,003905518313437,https://coopcristoforo.it,"Via Lisbona, PANTASSIEVE , FI - Italia",,
CROSS WRAP OY,,,,sales@crosswrap.com,https://crosswrap.com,"Teollisuustie 6, 71800 SIILINJARVI  - Finlandia",,
CUBOGAS SRL,,,,,https://cubogas.com,"Via Industria 6, 12062 Cherasco , CN - Italia",,
CURRENTA GMBH &CO OHG,,,,00492143033777,https://currenta.de,"Chempark, LEVERKUSEN  - Germania",,
CUTI.CONSAI SOC. CONS. COOP.,,,,ambiente@cuticonsai.it | 0542649611,https://cuticonsai.it,"Via Giuseppe Donati, 86, 40026 Imola , BO - Italia",,
CVR S.p.A.,,,,marketing@cvr.it | 3383631707,https://cvr-italy.com,"Zona Industriale Padule, 06024 Gubbio , PG - Italia",,
CYCLE0 GROUP LIMITED,,,,sarah.willis@cycle0.com | 00442039619951,https://cycle0.com,"Eccleston Square 84, SW1V 1NP LONDON  - Regno Unito",,
D.E.S.O.T.E.C. INTERNATIONAL N.V. Sede Secondaria,,,,invoices@desotec.com | 003251246057,,"Via Primo Maggio 22, 21040 ORIGGIO , VA - Italia",,
D.M. TRASPORTI SRL,,,,0957139310,https://dmtrasporti.com,"Contrada Buttaceto, 95121 CATANIA , CT - Italia",,
DABIZZI BALING SYSTEMS SRL,,,,commerciale@dabizzi.it | 0574982666,https://dabizzi.it,"Via G. di Vittorio 22, 59025 CANTAGALLO , PO - Italia",,
DADO LAB SRL,,,,info@dadolab.com | 0039 02 36569420,https://dadolab.com,"Via Pellizza da Volpedo 101A, 20124 MILANO , MI - Italia",,
DAF VEICOLI INDUSTRIALI SPA,,,,sabina.fumarola@daftrucks.com | 02484291,,"Via del Bosco Rinnovato 8, 20090 ASSAGO , MI - Italia",,
DAIKO SRL,,,,maintenance@daikowelding.com | 0422 796367,https://daikowelding.com,"Viale Felissent 84/D, 31100 TREVISO , TV - Italia",,
Daimler Truck Italia S.r.l.,,,,t.rosmino@gruppoperoniventi.it | 00390641441,,"Via Giulio Vincenzo Bona 110, 00156 ROMA , RM - Italia",,
DAINT SPA,,,,info@daint.it | 00390445491639,https://daint.it,"Via Galileo Galilei 19, 36034 MALO , VI - Italia",,
DALGAKIRAN KOMPRESÖR SAN. VE TIC. LTD. STI.,,,,05396695626,https://hertz-kompressoren.com,"Eyüp Sultan Mah. Müminler Cad. No:70, 34885 Istanbul  - Turchia",,
DALLE VEDOVE NELLO & ANTONIO TRASPORTI SRL,,,,info@dallevedovesrl.it | 00390456861217,https://dallevedovesrl.it,"Via Gesso 31, 37010 CAVAION VERONESE , VR - Italia",,
DANFOSS A/S,,,,,,"Nordborgvej 81, 6430 Nordborg  - Danimarca",,
DANIELI GROUP,,,,+39 04321958244,https://danieli-centro-recycling.com,"Via Nazionale 41, 33042  BUTTRIO , UD - Italia",,
DANISH ENERGY EXPORT ASSOCIATION,,,,chv@energyexport.dk | 004560208677,https://energyexport.dk,"Lysbrohøjen 24, 8600 Silkeborg  - Danimarca",,
DANPHIX S.P.A. A SOCIO UNICO,,,,info@danphix.com | 0522682404,https://danphix.com,"Via Bernardino Zacchetti 6, 42124 Reggio Emilia  - Italia",,
DANTEC SRL,,,,info@dantec.it | 0362 1543423,https://dantec.it,"Via Tagliamento 7A, 20833 GIUSSANO , MB - Italia",,
DARDA GMBH,,,,0049770243910,https://dardaitalia.it,"Im Tal, BLUMBERG  - Germania",,
DARF SRL,,,,info@darf.it | +39 081269571,https://darf.it,"2 Viale Sardegna, 80059 Torre del Greco  - Italia",,
"Darhor Technology Co.,Limited",,,,008613606804553,,"Xingshang Development Building, Gongshu District, 310000 Hangzhou  - Cina",,
DARSA SRL,,,,info@darsa.it,https://darsa.it,"VIA SEGALUZZA, 30/A, 33170 PORDENONE , PN - Italia",,
DAS ATTACHMENT SOLUTIONS S.R.L.,,,,+39 345 1338222,https://das-hat.com,"Via Galileo Galilei, 41, 20007 Cornaredo , MI - Italia",,
DASS SRL,,,,info@dass.it | 030 2501734,,"VIA LE GHISELLE 34, 25014 CASTENEDOLO , BS - Italia",,
DATEK22,,,,,https://datek22.com,CO - Italia,,
DB Cargo Transa - Full Load Solutions ltalia Srl,,,,3472434908,,"Viale Lancetti 29, 20158 Milano , MI - Italia",,
DCL EUROPE GMBH,,,,info@dcl-inc.it | 004961962048262,https://dcl-inc.it,"Im Haindell 1, 65843 SULZBACH AM TAUNUS  - Germania",,
DE NORA,,,,info.dnwt@denora.com | +39 02 21291,https://denora.com,"via Leonardo Bistolfi, 35, 20134 Milano , MI - Italia",,
DELL'ORCO & VILLANI,,,,,https://dellorco-villani.it,"Via di Maiano 289, 50135 CAPALLE , FI - Italia",,
DELTACQUE S.R.L.,,,,0571360727,https://deltacque.com,"VIA SAN TOMMASO, 56029 SANTA CROCE SULL'ARNO , PI - Italia",,
DELTASORT ROBOTICS D.O.O.,,,,info@deltasort.tech | 00385957885169,https://deltasort.tech,"Lošinjska ulica 32, 10000 Zagreb",,
Deltech Europe S.r.l,,,,+39 3281248220,https://deltecheurope.com,"Via san Bovio 3 - San Felice, 20054 Segrate Milano , MB - Italia",,
DEMETRA - Rete di imprese,,,,info@retedemetra,https://retedemetra.it,"Via Cesare Saldini 30, 20133 Milano , MI - Italia",,
DEPUR PADANA ACQUE SRL,,,,info@depurpadana.it | 00390425472211,https://depurpadana.com,"Via Maestri del Lavoro - 3 Z.I. Interporto, 45100 ROVIGO , RO - Italia",,
DEPURACQUE SERVIZI SRL,,,,com.servizi@depuracque.it | 0415745350,https://depuracque.it,"Via Roma, 145, 30030 Salzano , VE - Italia",,
DESABAU GmbH,,,,491735197510,https://desabau.de,"Schelde-Lahn-Straße 2a, 35688 Dillenburg  - Germania",,
DEVELON,,,,,https://eu.develon-ce.com,"Probrezni 620/3, 18600 karlin  - Cechia",,
DEVELON EUROPE,,,,hdi.euinfo@hd.com,https://eu.develon-ce.com,"Pobrezni 620/3, 186 00 Prague  - Cechia",,
DI.MA SRL,,,,vendite@dimainerti.com | 00390302072737,,"Via Dugali sera, snc, 25018 MONTICHIARI , BS - Italia",,
DIEMME SOIL WASHING SRL,,,,info@diemmesoilwashing.com | 00390545211311,https://diemmesoilwashing.com,"Via E. Fermi 25, 48022 LUGO , RA - Italia",,
DIFE SPA,,,,g.romani@dife.it | 3669523823,https://dife.it,"Via Vecchia Provinciale Lucchese, 53, 51034 SERRAVALLE PISTOIESE , PT - Italia",,
DIMECO SRL,,,,3921131850,https://dim-eco.com,"Via Fratelli Cuzio 42, 27100 PAVIA , PV - Italia",,
DIMENSIONE AMBIENTE SPA A SOCIO UNICO,,,,info@dimensioneambiente.com | 00390323828001,https://dimensioneambiente.com,"Corso Venezia 36, 20121 MILANO , MI - Italia",,
DINAMEC ITALIA SRL,,,,info@dinamec.it | 030674148,https://dinamec.it,"Via Gavardina Nord n.20, 25010 CALCINATO , BS - Italia",,
DINAMICA PROJECT,,,,,https://dinamicaspurghi.it,MC - Italia,,
DIVITECH SPA,,,,info@divitech.it | 00390119981611,https://divitech.it,"Via Lombardore 223, 10040 LEINI' , TO - Italia",,
DKK-TOA CORPORATION,,,,0363021195,,"1-29-10, Takadanobaba, Shinjuku-ku, 1698648 Tokyo  - Giappone",,
DMO SPA,,,,info@dmomacchine.it | 00390544585600,,"Via P. Renzi 2, 48026 RUSSI , RA - Italia",,
DMT ENVIRONMENTAL TECHNOLOGY BV,,,,sales@dmt-international.com | 0031513636789,https://dmt-et.com,"Yndustrywei 3, 8501 SN JOURE  - Paesi Bassi",,
DODA ROTTAMI SRL,,,,3891940430,https://dodarottamisrl.it,"VIA G. RATINI 3, 05100 TERNI , TR - Italia",,
DOLAV GERMANY GMBH,,,,3342816580,,"Überseeallee 1, 20457 Hamburg  - Germania",,
DOLERFER SRL,,,,info@dolerfer.it | 0039081 8918633,https://dolerfer.eu,"via alessandro volta ,63, 81030 SANT'ARPINO , CE - Italia",,
Doma Fördertechnik GmbH,,,,,,Germania,,
DomusAureaMetallis Srl,,,,amministrazione@domusaureametallis.it | + 39 3891337372 +39 3515101772 +39 0810488180 +39 08118817376,https://domusaureametallis.it,"VIA NAZIONALE DELLE PUGLIE N. 178, 80026 CASORIA , NA - Italia",,
Doosan Bobcat EMEA,,,,,https://bobcat.com,"U Kodetky 1810   263 12 , Dobris, 263 Prague  - Cechia",,
DOPPSTADT GMBH & C. KG,,,,+39 0490421231101,https://doppstadt.de,"via dell'industra, VELBERT  - Italia",,
DOWA METALS & MINING CO. LTD,,,,+491713029522,https://hd.dowa.co.jp,"Sotokanda 3-ch?me 15  - 4Le Plateau ??, 101-0021 Chiyoda City  - Giappone",,
DRAGFLOW SRL,,,,info@dragflow.it | 003903761685400,https://dragflow.it,"Via Satiro 11, 37121 VERONA , VR - Italia",,
DTRUCK SRL,,,,,,"Via Emilia Romagna, 54, 41049 Sassuolo , MO - Italia",,
DUPONT ENERGETICA SPA,,,,info@gruppomaio.com | 0039087272251,,"Via Zona Industriale, 8, 66034 Lanciano , CH - Italia",,
DuWo SRL,,,,,,"25 Via Roma, 84014 Nocera Inferiore  - Italia",,
"E WASTE SRL - IMPIANTO DI COMPOSTAGGIO, DISCARICA RIFIUTI",,,,0039 00390984434437,,"Loc. S. Nicola, CELICO , CS - Italia",,
E-BIOM,,,,0032478228529,https://e-biom.com,"Rue Camille Hubert 11, 5032 Gembloux  - Belgio",,
E-TRUCK TRADE S.R.L.,,,,00390587736035,https://fotontruck.it,"Via Toscana 65, 56035 PERIGNANO , PI - Italia",,
E.C.O. ITALIA SRL,,,,commerciale@eco-italia.it | 051 6320806,https://eco-italia.it,"Via Anna Magnani 4, 40013 CASTEL MAGGIORE , BO - Italia",,
E.H.W. ITALIA SRL,,,,04441793621,,"Via Piave 21, 36033 Isola Vicentina , VI - Italia",,
EAGLEPROJECTS SPA,,,,frrossi@eagleprojects.it | +393494655191,https://eagleprojects.it,"Strada San Galigano 12 12, 06125 PERUGIA , PG - Italia",,
EAMBIENTE SRL,,,,0418877708,https://eambientesrl.com,"Via delle industrie 5, 30175 Venezia , VE - Italia",,
Easy RFID,,,,info@easyrfid.it | +39 051862369,https://easyrfid.it,"Via Galliera 219, 40050 ARGELATO , BO - Italia",,
EASYTECH,,,,0039 0432 1572464,https://easytechudine.com,"Via della Fonderia 6, 33043 Cividale del Friuli , UD - Italia",,
EBARA PUMPS EUROPE SPA,,,,ebarapumps.epe@ebara.com | 0444706811,https://ebaraeurope.com,"Via Torri di Confine 1/2, 36053 GAMBELLARA , VI - Italia",,
ECO CIRCULAR DESIGN SRLS,,,,info@ecocirculardesign.it | 3475808130,https://ecocirculardesign.it,"Via Ivrea, 28, 00183 Roma , RM - Italia",,
ECO DEMOLIZIONI SRL SOCIETA' BENEFIT,,,,cristinafabrianesi@ecodemolizioni.com | 0541 791807,https://ecodemolizionisrl.com,"Via San Martino in Riparotta 2/N, 47922 RIMINI , RN - Italia",,
ECO SERVICE SPA,,,,info@ecoservicespa.com | 00390771614260,,"S.S. Ausonia 630 km 29.300Zona Ind., 04026 MINTURNO , LT - Italia",,
ECO SOLUTION S.C.,,,,ecolosolution@ecolosolution.com | 347 2871388,,"Paseo General Dávila 224b, 39006 Santander  - Spagna",,
ECO-FRANTUMAZIONI SRL,,,,commerciale@ecofrantumazioni.it | 00393488733495,https://ecofrantumazioni.it,"Via Cella Raibano 13, 47843 MISANO ADRIATICO , RN - Italia",,
ECO-LINEA SRL,,,,info@ecolineasrl.eu | 00390377519252,https://ecolineasrl.eu,"Via Colombo 13, 29122 PIACENZA , PC - Italia",,
ECO-TECHNO SRL,,,,sales@eco-techno.it | 039 6095958,https://eco-techno.it,"Via Del Lavoro 42, 20874 BUSNAGO , MB - Italia",,
ECO.ENNE SRL,,,,info@ecoenne.com | 0775 223587,https://ecoenne.com,"VIA CONSORTILE 3, 30-36, 03013 FERENTINO , FR - Italia",,
ECO.IMPRESA SRL,,,,00390831340000,,"Strada Comunale Sansone, OSTUNI , BR - Italia",,
Eco8 srl,,,,info@eco8.it | 3494359975,,"Via Thuille 11, 39100 Bolzano , BZ - Italia",,
ECOACCIAI SPA,,,,massimo.bugatti@ecoacciai.com | 0039 0587259701,https://ecoacciai.com,"Via R. Mattioli, 1, 56025 Pontedera , PI - Italia",,
ECOACCIAIO,,,,ecoacciaio@ecoacciaio.com | 347 3949623,https://ecoacciaio.com,"c/da Bosco Ballatano snc, 91021 CAMPOBELLO DI MAZARA , TP - Italia",,
ECOBLOKS SRL,,,,a.basso@ecobloks.it | +39 (0)59 5967877,https://ecobloks.it,"Via Natalia Ginzburg 20, 41123 MODENA , MO - Italia",,
ECOCENTRO SARDEGNA SRL,,,,,https://ecocentrosardegna.it,"VIA DANTE ALIGHIERI, 138, 09128 CAGLIARI , CA - Italia",,
ECOCENTRO TECNOLOGIE AMBIENTALI  SRL,,,,info@gruppoesposito.it | 0039035515421,https://ecocentrotecnologieambientali.it,"Via Sforzatica 31, 24040 LALLIO , BG - Italia",,
ECOCHIMICA SYSTEM SRL,,,,info@ecochimica.com | 00390444371402,https://ecochimica.com,"Via Zambon 23, 36051 CREAZZO , VI - Italia",,
ECOCOMPUTER S.L.,,,,0034696582016,https://ecocomputer.com,"Calle MARIA ZAMBRANO 5BJ, 33401 Aviles, Oviedo  - Spagna",,
Ecocontrolgsm,,,,amministrazione@ecocontrolgsm.it | +39 0875724015,https://ecocontrolgsm.it,"Via E. Mattei 89/91, 86039 TERMOLI , CB - Italia",,
ECODAT SRL,,,,info@ecodat.it | 0039055 960482,https://ecodat.it,"Via Brunetto Latini 57, 50066 REGGELLO , FI - Italia",,
EcoEridania spa,,,,mauriziobiasin@ecoeridania.it | 0039 3482715669,https://gruppoecoeridania.com,"via Pian masino 103/105, 16011 ARENZANO , GE - Italia",,
ECOEURO S.R.L,,,,info@ecoeuro.it | 039 280211,https://ecoeuro.it,"Via Premuda 2, 20900 MONZA , MB - Italia",,
ECOEXPORT SRL,,,,estero@ecoexport.it | 00390365374233,,"Via Miro Bonetti 7, 25085 GAVARDO , BS - Italia",,
ECOFAD SRL,,,,info@ecofad.com | 0546 645582,https://ecofad.com,"Via Granarolo 177/3, 48018 FAENZA , RA - Italia",,
ECOFLUID SRL,,,,info@ecofluid.it | 00390266503344,https://ecofluid.it,"Via Alessandro Manzoni, 43, 20121 Milano , MI - Italia",,
ECOLIGHT,,,,segreteria@ecolightitaly.it | 02 33600732,https://sistemaecolight.it,"Via Giotto, 36, 20145 MILANO , MI - Italia",,
ECOLINE SRL,,,,s.zaglio@ecoline.it | 0039030961562,https://ecoline.it,"Via Trieste 66, 25018 MONTICHIARI , BS - Italia",,
ECOLOGIA OGGI SPA,,,,info@ecologiaoggi.it | 00390968442032,https://ecologiaoggi.it,"Via Cassoli 18, 88046 LAMEZIA TERME , CZ - Italia",,
ECOLOGIA SOLUZIONE AMBIENTE SPA,,,,ecologia@esa-italy.com | +39 0522884411,,"Via Vittorio Veneto 2-2/A, 42021 BIBBIANO , RE - Italia",,
ECOLOGISTIC S.P.A.,,,,info@ecologisticspa.net | +39 0240701424,https://ecologisticspa.it,"Via Fabio Filzi 10, 20124 Milano  , MI - Italia",,
ECOLOGY PARTS SRL,,,,info@ecologyparts.it | +39 08118907923,https://ecologyparts.it,"Via dei Missaglia 89, 20142 MILANO , MI - Italia",,
ECOMED EASTERN EUROPE SRL,,,,0040314294013,https://ecomed-intl.com,"Str. Delea veche, BUCHAREST  - Romania",,
ECOMEMBRANE SPA,,,,info@ecomembrane.com | 0372 463599,https://ecomembrane.com,"Via Pari Opportunità 9, 26030 GADESCO PIEVE DELMONA , CR - Italia",,
ECONORD SRL,,,,0461245131,https://econord.tn.it,"Zona Industriale Ospli, 7, 38015 Lavis , TN - Italia",,
ECOOPERA | SEACONSULENZE | TESACQUE,,,,marketing@ecoopera.coop | +39 0461242366,https://ecoopera.coop,"Sponda Trentina 18, 38121 GARDOLO - TRENTO , TN - Italia",,
ECOPANS SRL,,,,info@ecopans.it | 0039036520703,https://ecopans.it,"Corso Zanardelli, 232-234, 25083 GARDONE RIVIERA , BS - Italia",,
ECOPIANA SRL,,,,info@ecopiana.it | 00393457743281,https://ecopiana.com,"Strada Prov.le 1  - Località Ascone snc, 89022 CITTANOVA , RC - Italia",,
ECOPLAST SRL,,,,angelotudisco@ecoplast-srl.it | 00390933923533,https://ecoplast-ambiente.it,"Zona Industriale 4^ Strada, 93012 GELA , CL - Italia",,
ECOPNEUS SCPA,,,,info@ecopneus.it | 02929701,https://ecopneus.it,"Via Messina 38 Torre B, 20154 MILANO , MI - Italia",,
ECOPO,,,,,,"43012 FONTANELLATO , PR - Italia",,
ECOREC SRL UNIPERSONALE,,,,info@ecorec.it | 0586 684340,https://ecorec.it,"Via di Poggio Gagliardo 42, 56040 MONTESCUDAIO , PI - Italia",,
ECOROE SRL,,,,amministrazione@ecoroe.com | 02 33200693,https://ecoroe.it,"Via Amoretti 75, 20157 MILANO , MI - Italia",,
ECOSOLUZIONI- IRIS-MEC S.R.L.,,,,marco@progettoecosoluzioni.it | 055 960874,https://progettoecosoluzioni.it,"Via Fiorentina, 33, 50063 FIGLINE INCISA VALDARNO , FI - Italia",,
ECOSTAR SRL,,,,info@ecostarsrl.it | 00390444750942,https://eco-star.it,"Via Leonardo Da Vinci 6, 36066 SANDRIGO , VI - Italia",,
Ecostargreen Srl,,,,335299006,https://ecostargreen.it,"Via L. Da Vinci 3, 36066 Sandrigo , VI - Italia",,
ECOSTUDIO AMBIENTE SRL,,,,clienti@ecostudio.it | 0439 448441,https://ecostudio.it,"Via Industrie 14, 32030 SEREN DEL GRAPPA , BL - Italia",,
ECOSUD ITALIA SRL,,,,,https://ecosuditalia.com,"C.da Serralunga, snc, 93015 NISCEMI , CL - Italia",,
ECOSYSTEM SPA,,,,info@ecosystemspa.com | 0039069100638,https://ecosystemspa.com,"Via Della Solforata Km 10.750, 00071 POMEZIA , RM - Italia",,
ECOTEAM SRL,,,,055 73 5551,https://ecoteam.it,"Via del Padule 23/F, 50018 SCANDICCI  - Italia",,
Ecotec Solution Srl,,,,info@ecotecsolution.com | 0039 0473562437,https://ecotecsolution.com,"Via Bolzano, 4, 39011 Lana , BZ - Italia",,
ECOTECNICA EUROPE SRL,,,,sales@ecotecnicaeurope.it | 00393356873199,https://ecotecnicaeurope.it,"Via A. Einstein 26, 00015 MONTEROTONDO , RM - Italia",,
ECOTYRE SCRL,,,,info@ecotyre.it | 011 9070420,https://ecotyre.it,"Via F.lli Kennedy 1, 10048 VINOVO , TO - Italia",,
ECOWES,,,,40790720051,https://ecowes.ro,"Ana ipatescu 52, 759512 Jilava  - Romania",,
Edenred UTA Mobility,,,,3666577092,https://web.uta.com,"Heinrich-Eckstein-Straße 1, 63801 Kleinostheim  - Italia",,
EDGE Srl,,,,,,"Viale Regina Margherita, 30, 20122 Milano , MI - Italia",,
Edison Green Gas Srl,,,,,https://edison.it,"Foro Buonaparte 31, 20121 Milano  - Italia",,
EDISON GREEN GAS SRL,,,,,,"Foro Buonaparte, 31, 20123 Milano , MI - Italia",,
EDISON NEXT,,,,carlotta.fortina@edison.it | 0119513659,https://edisonnext.it,"Via Acqui 86, 10098 RIVOLI , TO - Italia",,
EDISON REGEA SRL,,,,,https://edisonregea.it,"Foro Buonaparte, 31, 20121 Milano , MI - Italia",,
EDISON SPA,,,,,https://edison.it,"Foro Buonaparte 31, 20121 MILANO , MI - Italia",,
EEW Energy from Waste GmbH,,,,+49 53 51 18 2301,https://eew-energyfromwaste.com,"Schöninger Straße 2- 3, 38350 Helmstedt  - Germania",,
EG WASTE MANAGEMENT,,,,393925369354,https://egwaste.it,"VIA ANFITEATRO LATERIZIO 164, 80035 NOLA , NA - Italia",,
EGGER ITALIA SPA,,,,marisa.mondany@egger.com | 00390523816111,https://egger.com,"Via Caorsana 5A, 29012 CAORSO , PC - Italia",,
Eggersmann Impaktor GmbH,,,,+49 5201 6614 200,https://eggersmann-recyclingtechnology.com,"Ravenna-Park 2, 33790 Halle (Westf.  - Germania",,
EGREENBOX SRL,,,,egreenbox@egreenbox.it | 347 6447285,https://egreenbox.it,"Via Gallizzi 55a, 85040 VIGGIANELLO , PZ - Italia",,
EIRICH IMPIANTI SRL,,,,,https://eirich.com,"Via Privata Relivio 26, 20085 LOCATE TRIULZI , MI - Italia",,
EKOFUTURE SRL,,,,00390523315305,https://ekofuture.it,"Piazza della Repubblica, 10, 20121 Milano , MI - Italia",,
EKOM Srl (WASTE EXPORTER),,,,info@ekom.me | +39 02 87176738,https://ekom.me,"Via del Saliceto 15, 23022 Chiavenna , SO - Italia",,
EKOVISION SRL,,,,info@ekovision.it | 00390574870349,https://ekovision.it,"Via Rimini 27, 59100 PRATO , PO - Italia",,
EKRO SCARL,,,,09621904529,,"Via Enrico Mattei, CROTONE , KR - Italia",,
EKSO SRL,,,,ekso@ekso.it | +39 0932668511,https://ekso.it,"Contrada Tabuna, 97100 RAGUSA , RG - Italia",,
ELBE ITALIA SRL,,,,3480912085,https://elbe-group.de,"Via Onedo 10, 23821 Abbadia Lariana , LC - Italia",,
ELBI SPA,,,,marketing@elbi.it | 049 8840677,,"Via Buccia 9, 35010 Limena , PD - Italia",,
ELDAN RECYCLING A/S,,,,info@eldan-recycling.com | 004563612545,https://eldan-recycling.com,"Vaerkmestervej 4, 5600 FAABORG - FYN  - Danimarca",,
Electroil srl,,,,0522518703,https://electroil.it,"Via L.Lama, 4, 42023 Cadelbosco di Sopra , RE - Italia",,
ELETTRO 2000 SRL,,,,0565855752,https://elettro2000srl.com,"Via della Monaca, 8 Loc. Venturina, 57021 CAMPIGLIA MARITTIMA , LI - Italia",,
ELETTRO SIGMA SRL A SOCIO UNICO,,,,info@elettrosigma.com | 0442642384,https://elettrosigma.com,"Via Enrico Mattei 461, 37040 BEVILACQUA , VR - Italia",,
ELFI SRL,,,,info@elfifiltration.com | 00390521806846,https://elfifiltration.com,"Via Scodoncello 41/E, 43044 COLLECCHIO , PR - Italia",,
ELLETI BROKER SPA,,,,info@elletibroker.com tirelli.giuseppe@elletibroker.com | 0632650017,https://elletibroker.com,"Piazza Cola di Rienzo 92, 00192 ROMA , RM - Italia",,
ELSITEC SRL,,,,vendite@elsitec.it | 045 8751556,https://elsitec.it,"VIA APOLLO XI N9, 37057 VERONA , VR - Italia",,
ELTRA,,,,,https://eltra.com,"Retsch-Allee 1-5, 42781 Hahn  - Germania",,
EMEC SRL,,,,info@emec.it | 0746 228 41,https://emecpumps.com,"Via Donatori di Sangue, 1, 02100 RIETI , RI - Italia",,
EMILIANA SERBATOI SRL,,,,info@emilianaserbatoi.it | +39 059521911,https://emilianaserbatoi.com,"Largo Maestri del Lavoro 40, 41011 CAMPOGALLIANO , MO - Italia",,
EMME 3 SRL,,,,,,"31 Via L. Meraviglia, 20020 Lainate  - Italia",,
EMPRESS 2000 SRL,,,,info@empress2000.it | 0039051736020,https://empress2000.it,"Via Due Giugno 15, 40011 ANZOLA DELL'EMILIA , BO - Italia",,
EMS WATER TECHNOLOGY S.R.L.,,,,ems@emswater.it | 0376 323679,https://emswater.it,"Strada Castelletto n. 1, 46048 ROVERBELLA , MN - Italia",,
EMZ TECNOLOGIE AMBIENTALI SRL,,,,info@emz-ta.it | 00390471922889,https://emz-ta.com,"Via Luigi Galvani 33, 39100 BOLZANO , BZ - Italia",,
ENDRESS+HAUSER ITALIA SPA,,,,info.it@endress.com | +39 02921921,https://it.endress.com,"Via Fratelli Di Dio 7, 20063 CERNUSCO SUL NAVIGLIO , MI - Italia",,
ENERBLU SRL,,,,sales@enerblu.com | 00390444835641,https://enerblu.com,"Via E. Fermi, 6 int. 1, 36045 LONIGO , VI - Italia",,
ENERCON SRL,,,,info@enercon.it | 0365 373193,https://enercon.it,"Via Fornasina 60, 25080 MUSCOLINE , BS - Italia",,
ENERGIS,,,,0032477456007,https://energis.cloud,"Chemin du Cyclotron 6, 1348 Ottignies-Louvain-la-Neuve  - Belgio",,
Energy Lab srl - Unipersonale,,,,info@energy-lab.net | +39 0363 914664,https://energy-lab.net,"Viale Camillo Cavour, 1, 24047 Treviglio , BG - Italia",,
ENERGY SOLUTION SRL,,,,info@energy-solution.it | 0185 721255,https://energy-solution.it,"VIA S. ROCCO 101, 16036 RECCO , GE - Italia",,
Engineering Solutions Srl,,,,3483116207,,"via Maioliche 57, 38068 Rovereto , TN - Italia",,
ENI SPA,,,,00390659821,https://eni.it,"Piazzale E. Mattei 1, 00144 ROMA , RM - Italia",,
ENNEGI FLEX,,,,,,Italia,,
Enomondo S.r.l.,,,,0039 0546629336,https://enomondo.it,"Via Convertite, 6, 48018 Faenza , RA - Italia",,
ENTSORGA ITALIA SPA,,,,info@entsorga.it | 00390131811383,https://entsorga.it,"Str.Prov. per Castelnuovo S. 7, 15057 TORTONA , AL - Italia",,
ENVEA SPA,,,,commerciale.it@envea.global | 00390362243025,https://envea.global,"Via dei Lavoratori 8, 20843 VERANO BRIANZA , MB - Italia",,
ENVI' GROUP SRL,,,,f.cusato@envigroup.it | 00390962 1900356,https://envigroup.it,"Via Enrico Mattei snc, 88900 CROTONE , KR - Italia",,
Envify S.r.l.,,,,3402496801,https://envify.ai,"via Carmelo Maestrini 340, 00128 Roma , RM - Italia",,
ENVITEC BIOGAS SRL,,,,info-it@envitec-biogas.com | 00390458969811,https://envitec-biogas.it,"Via Jean Monnet 17, 37136 VERONA , VR - Italia",,
ENZ TECHNIK AG,,,,info@enz.com | +41 416767766,https://enz.com,"Schwerzbachstrasse 10, CH - 6074 GISWIL  - Svizzera",,
EREMA ENGINEERING RECYCLING MACHINEN UND ANLAGEN GES.M.B.H.,,,,erema@erema.at | 004373231900,https://erema.com,"Unterfeldstrasse 3, 4052 ANSFELDEN  - Austria",,
ERICA SRL,,,,info@ericambiente.it | 0295339260,https://ericambiente.it,"23 Via Piave, 20873 Cavenago di Brianza , MB - Italia",,
ERICH STALLKAMP ESTA GmbH,,,,+49 4443 96 66 0,https://stallkamp.de,"In der Bahler Heide 4, 49413 Dinklage  - Germania",,
ERIMAKI SNC,,,,info@erimaki.it | 00390299044723,https://erimaki.it,"VIA MARCO POLO 2/6, 20033 SOLARO , MI - Italia",,
ERION,,,,info@erion.it | 02 50020350,https://erion.it,"Via A. Scarsellini 14, 20161 Milano , MI - Italia",,
ERION TEXTILES,,,,,,"Via Angelo Scarsellini, 14, 20161 Milano , MI - Italia",,
EROUNDME SRL,,,,3385490977,https://eroundme.it,"Via Tiburtina, 1166, 00156 Roma , RM - Italia",,
Erreti Srl,,,,0331 641690,https://erreti-shopper.it,"Via IV Novembre 145, 21058 Solbiate Olona , VA - Italia",,
ESAIN SRL,,,,staff@esain.com | 0039010311544,https://esain.com,"Via F. Dassori 49/4-5, 16131 GENOVA , GE - Italia",,
ESO RECYCLING SOCIETA' BENEFIT ARL,,,,info@esorecycling.it | 0039029094198,https://esorecycling.it,"Via Panoramica 8, 47838 RICCIONE , RN - Italia",,
ESPOSITO SERVIZI ECOLOGICI SRL,,,,info@espositoecologia.it | 00390354285811,https://espositoecologia.it,"Via Trento 5, 24020 GORLE , BG - Italia",,
ESSEGI MECCANICA DI SARO GULOTTA & C. SAS,,,,info@essegimeccanica.it | 00390577944659,https://essegimeccanica.it,"Via Di Steccaia -Loc. Badia a Elmi, 53037 SAN GIMIGNANO , SI - Italia",,
EST CHEMIE SRL,,,,info@groupchemie.it | +39 3938710354,https://groupchemie.it,"Via A. Gramsci 31, 20881 Bernareggio , MB - Italia",,
ETATRON,,,,d.musarra@etatronds.com | +39 06 93 49 891,https://etatronds.com,"Via dei Ranuncoli 53, 00134 ROMA , RM - Italia",,
ETC ENGINEERING SRL,,,,0461825966,https://etc-eng.it,"16 Via dei Palustei, 38121 Trento , TN - Italia",,
ETG Risorse e Tecnologia S.r.l.,,,,sales@etgrisorse.com | +39 01119270890,https://etgrisorse.com,"Via Baione 2/K, 10034 Chivasso , TO - Italia",,
ETS ENGINE TECHNOLOGY SOLUTIONS SPA,,,,info@ets-engine.eu | 00390498088799,https://ets-engine.eu,"Via Venezia 67/M, 35131 PADOVA , PD - Italia",,
ETWAY SRL,,,,info@etway.it | +39 0461242366,https://etway.it,"1 via Kufstein, 38121 Trento , TN - Italia",,
EU Blue Economy Observatory - supported by the European Commission,,,,eu-blue-economy@ec.europa.eu,https://blue-economy-observatory.ec.europa.eu,"Bruxelles, Bruxelles  - Belgio",,
EUREK SRL,,,,info@eurek.it | 00390542609120,https://eurek.it,"Via Celletta, 40026 IMOLA , BO - Italia",,
EUREKA GROUP | E-Ones Floor Cleaning Machines,,,,info@e-ones.com | 0499481828,https://e-ones.com,"Via Dell'Artigianato 30/32, 35013 CITTADELLA , PD - Italia",,
EUROFILTER,,,,sacmi_forni@sacmi.it | 00390522997011,,"Via Dell'Artigianato 10, 42013 SALVATERRA DI CASALGRANDE , RE - Italia",,
Eurofins Environ-Lab S.r.l.,,,,0376 712079,,"Via Don Bosco, 3, 27014 Corteolona e Genzone , PV - Italia",,
Eurofins Lab-Control S.r.l.,,,,0376 712079,,"Via Cà Donà, 545, 45030 San Martino di Venezze , RO - Italia",,
EUROFINS MICRO-B SRL,,,,info@micro-b.it | 0376 712079,https://micro-b.it,"Via Cremona 25/B, 46041 ASOLA , MN - Italia",,
EUROMASTER ITALIA  SRL,,,,,https://euromaster-pneumatici.it,"Viale Luigi Bodio 37, 20158 MILANO , MI - Italia",,
EUROMEC SPA,,,,sales@euromecspa.it | 00390309958230,https://euromecsrl.it,"Via Visano 78/80, 25010 ISORELLA , BS - Italia",,
EUROMECC SRL,,,,info@euromecc.com | 0039 0957130011,https://euromecc.com,"S.S. 192 Km 79 - casella postale 163, 95045 MISTERBIANCO , CT - Italia",,
EURONOVA INTERNATIONAL SRLU,,,,info@euronova.net | 0039055487741,https://euronova.net,"Via I° Maggio 27, 40011 BOLOGNA , BO - Italia",,
EUROPEAN COMPOST NETWORK ECN e.v.,,,,0049,,Germania,,
EUROSINTEX SPA,,,,info@eurosintex.com | 035 4821931,https://eurosintex.com,"Via Brescia 1, 24040 CISERANO , BG - Italia",,
Eurovetro Srl,,,,commerciale@eurovetro.com | +39 0296731512,https://eurovetro.com,"Via G. Miglio 1, 21040 Origgio , VA - Italia",,
EUROVIX  SPA,,,,info@eurovix.it | 00390307750570,https://eurovix.it,"Viale Enrico Mattei 17, 24060 ENTRATICO , BG - Italia",,
EURVEN SRL,,,,info@eurven.com | 0423 377187,https://eurven.com,"Via Industrie 6/A, 31040 Trevignano , TV - Italia",,
EVALMECH s.r.l.,,,,06 808 6664,,"Via Archimede, 185, 00197 Roma , RM - Italia",,
EVITALIA S.R.L.,,,,0444 179 23 73,,"3 Via Riale, 36040 Grumolo delle Abbadesse  - Italia",,
EVO ITALIA S.R.L.,,,,,,"Zona industriale di macchia d'Isernia S N, 86070 Macchia d'Isernia , IS - Italia",,
EVODROP AG,,,,sales@evodrop.com | 41448885005,https://evodrop.com,"Birkenstrasse 21, 8306 Brüttisellen  - Svizzera",,
Evonik Industries AG,,,,sepuran@evonik.com,https://evonik.com,"Opernplatz 1, 45128 Essen  - Germania",,
EVOTECK SRL,,,,evoteck@evoteck.it | 0372 843054,https://evoteck.it,"Via Veneto 24, 25025 MANERBIO , BS - Italia",,
EXA PUMPS Srl,,,,3495936044,https://exapumps.com,"Via tre confini 23, 22010 GERA LARIO , CO - Italia",,
EXEON LTD,,,,ivy.harvey@exeon.co.uk | 0044 01462410010,https://exeon.co.uk,"Exeon Ltd, Lyric House, SG6 1HB Letchworth Garden City  - Regno Unito",,
EXXRO SRL,,,,commerciale@exxro.com | 00390108196544,https://exxro.com,"Via Lungobisagno Istria 14, 16141 GENOVA , GE - Italia",,
F.I.C.I.T. s.r.l.,,,,0445446263,,"Via Nicolò Zamperetti, 12, 36073 Cornedo Vicentino , VI - Italia",,
F.I.R. SAS DI F.I.R. SERVIZI SRL SOCIETA' BENEFIT,,,,0464942494,,"110 Via Varini, 38068 Rovereto , TN - Italia",,
F.lli Moro Srl,,,,commerciale@fratellimoro.com | 0422397868,https://fratellimorosrl.com,"Via Lovadina 102, 31030 Carbonera , TV - Italia",,
FA CHEMICAL LOGISTIC SRL,,,,+39 0371 46641,https://fachemicallogistic.it,"Strada Privata della Carazzina – Località Polledra, 26900 LODI , LO - Italia",,
FA.LCO. ASSISTANCE SRL,,,,3483726130,https://falcoassistance.it,"VIA TORINO 28, 37024 NEGRAR DI V.LLA , VR - Italia",,
FAENZA DEPURAZIONI SRL,,,,tampieri@tampieri.com | 0546 645411,https://faenzadepurazioni.tampieri.com,"Via Granarolo 177/3, 48018 FAENZA , RA - Italia",,
FAGGIOLATI PUMPS SPA,,,,faggiolatipumps@faggiolatipumps.it | 00390733205601,https://faggiolatipumps.com,"Via Papa Giovanni XXIII 31, 62100 MACERATA , MC - Italia",,
FALCOR GROUP,,,,info@falcorpresse.it | 00390307741335,https://falcorpresse.it,"Via Del Canneto 38/42, 25010 Borgosatollo , BS - Italia",,
FANTONI SPA,,,,info@fantoni.it | 0039 04329761,https://fantoni.it,"Via Europa Unita 1, 33010 OSOPPO , UD - Italia",,
FASDA: FONDO INTEGRATIVO ASSISTENZA SANITARIA PER I DIPENDENTI DEI SERVIZI AMBIENTALI,,,,fasda@fasda.it | 00390699695785,https://fasda.it,"Via Antonio Gallonio 1, 00161 ROMA , RM - Italia",,
FASSI GRU SPA,,,,fassi@fassi.com | 035 776400,https://fassi.com,"Via Roma 110, 24021 ALBINO , BG - Italia",,
FDP ENGINEERING SRL,,,,,,"Corso di Porta Nuova, 15, 20121 Milano , MI - Italia",,
FEDERCHIMICA Federazione nazionale dell'industria chimica,,,,federchimica.comunicazione@federchimica.it | 003902345651,https://federchimica.it,"Via Giovanni da Procida 11, 20149 MILANO , MI - Italia",,
FEDERLEGNOARREDO,,,,segreteria.presidenza@federlegnoarredo.it | 003902806041,https://federlegnoarredo.it,"Via Foro Buonaparte 65, 20121 MILANO , MI - Italia",,
FEDERTRASPORTI SPA,,,,qsa@gruppofedertrasporti.it | +39 0517093811,https://gruppofedertrasporti.it,"Via G. Di Vittorio 21/B1, 40013 Castel Maggiore , BO - Italia",,
FENNER DUNLOP ITALIA SRL,,,,0363906266,https://dunlopservice.it,"Via Don Primo Mazzolari, 24054 CALCIO , BG - Italia",,
FERIGUS SRL,,,,amministrazione@ferigus.com | 011/0888180,https://ferigus.com,"Via Racconigi, 140, 10022 Carmagnola , TO - Italia",,
FERRARI INTERNATIONAL SPA,,,,marketing@ferrariinternational.com | 00390522 2387,https://ferrariinternational.com,"Via Emore Tirelli 26/A, 42122 REGGIO EMILIA , RE - Italia",,
FERT SRL,,,,,https://fertricerca.it,"Via Clementino Vannetti, 20, 00139 La Cinquina - Bufalotta , RM - Italia",,
FERTRANS S.R.L.,,,,direzione@fertrans.it | 003905231611000,https://fertrans-eu.com,"Via Vittorio Alfieri 128, 20099 SESTO SAN GIOVANNI , MI - Italia",,
Fidelitas United Broker S.r.l.,,,,info@fidelitas.it | 0594390851,https://fidelitas.it,"Via Mario Vellani Marchi, 20, 41124 MODENA , MO - Italia",,
FILCOTEC Italia Srl,,,,0471 1832101,https://filcotec.shop,"Via Nazionale 64, 39040  Ora , BZ - Italia",,
FIMIC SRL,,,,info@fimic.it,https://fimic.it,"VIA OSPITALE 44, 35010 CARMIGNANO DI BRENTA , PD - Italia",,
FINCANTIERI SPA,,,,,https://fincantieri.com,"VIA GENOVA 1, 34121 TRIESTE  - Italia",,
FINSTERWALDER UMWELTTECHNIK GMBH & CO. KG,,,,info@fitec.com | 0049 80519659100,,"Mailinger Weg 5, 83233 Bernau am Chiemsee  - Germania",,
FIORESE ECOLOGIA SRL,,,,rifiuti@fioresecologia.it | 0424540600,https://fioresegroup.it,"Via Castion 70, 36028 ROSSANO VENETO , VI - Italia",,
FIORI METALLI SPA,,,,info@gruppofiori.it | 00390516500511,https://gruppofiori.it,"Via Confortino, 31Loc.Crespellano, 40053 VALSAMOGGIA , BO - Italia",,
FIP Articoli Tecnici Srl,,,,0498992211,,"Viale Regione Veneto, 9, 35127 Padova , PD - Italia",,
FIREFLY AB,,,,info@firefly.se | 0046732314836,https://firefly.se,"Heliosgatan 3, 120 30 STOCKHOLM  - Svezia",,
FKV SRL,,,,info@fkv.it | 035 3690211,https://fkv.it,"Largo delle Industrie 10, 24020 TORRE BOLDONE , BG - Italia",,
FLAG GALPA COSTA DELL' EMILIA-ROMAGNA,,,,info@deltaduemila.net | 00390533 57693,https://flag-costaemiliaromagna.it,"Strada del Mezzano 10, 44020 OSTELLATO , FE - Italia",,
FLEXBIMEC INTERNATIONAL SRL,,,,info@flexbimec.com | 00390522347330,https://flexbimec.com,"Via Roma 26, 42020 ALBINEA , RE - Italia",,
FLEXUS BALASYSTEM AB,,,,info@flexus.se | 004651232500,https://flexus.se,"Södra Vägen 36, 46531 NOSSEBRO  - Svezia",,
FLEXXOLUTIONS GFS B.V.,,,,info@flexxolutions.nl | +31 (0) 541 760400,https://flexxolutions.com,"Jaartsveldstraat 5, 7575 BP Oldenzaal  - Paesi Bassi",,
FLIEGL AGRARTECHNIK GMBH,,,,info@fliegl.com | 004986313070,https://fliegl.com,"Bürgermeister-Boch-Str. 1, 84453 MÜHLDORF A. INN  - Germania",,
FLODRAULIC EUROPE SRL,,,,marketing@flodrauliceurope.com | +39 3351579819,https://flodrauliceurope.com,"Via Don Giovanni Minzoni, 28-30-32, 40057 GRANAROLO DELL'EMILIA , BO - Italia",,
FLOTTWEG SE,,,,mail@flottweg.com | +4987413010,https://flottweg.com,"Industriestrasse 6-8, 84137 VILSBIBURG  - Germania",,
FLUENCE ITALY SRL,,,,info.it@fluencecorp.com | 00390498704817,https://fluencecorp.com,"Riviera Maestri del Lavoro 12, 35127 PADOVA , PD - Italia",,
FLUIMAC SRL,,,,info@fluimac.com | 00390331866688,https://fluimac.com,"Via Brescia 1, 21049 TRADATE , VA - Italia",,
FLUITECH SRL,,,,sales@fluitech.com | 0039 0331549930,https://fluitech.com,"Via delle Arnasche 29, 20023 CERRO MAGGIORE , MI - Italia",,
FLUITECO SRL,,,,sales@fluiteco.com | 0549911491,https://fluiteco.com,"Strada del Lavoro 183, 47894 CHIESANUOVA  - San Marino",,
FMI PROCESS,,,,,,"Rue du Garat, 22, 42152 L’Horme  - Francia",,
FNCF - FEDERAZIONE NAZ.LE DEGLI ORDINI DEI CHIMICI E DEI FISICI,,,,segreteria@chimicifisici.it | +390647883819,https://chimicifisici.it,"Via Nazionale 243, 00184 ROMA",,
FONDEDIL CHEMICAL SRL,,,,00390881680129,https://fondedil.it,"Via Pisa 20, 00162 ROMA , RM - Italia",,
FORD TRUCKS ITALIA,,,,,https://fordtrucks.it,"Via dei Missaglia, 89, 20142 Milano , MI - Italia",,
FORNNAX TECHNOLOGY PVT LTD,,,,info@fornnax.com | +91 9033077711,https://fornnax.com,"A-7, Swagat Industrial Park-1, Odhav-Indore Highway, Bakrol, 382433 Ahmedabad  - India",,
FORNOVO GAS SPA,,,,info@fornovogas.it | +39 05211553844,https://fornovogas.it,"Via Ponticelli 5/7, 43029 TRAVERSETOLO , PR - Italia",,
FORTOM CHIMICA SRL,,,,amministrazione@fortomchimica.it | 00390444355110,https://fortomchimica.it,"Via Stradone 1/A, 36050 QUINTO VICENTINO , VI - Italia",,
FORUM STRATEGICO REGIONALE SULLA BLU ECONOMY - BLU-ER,,,,angela.pignatelli@regione.emilia-romagna.it | 051 5276582,,"Viale Aldo Moro, 52, 40127 BOLOGNA , BO - Italia",,
FOTON,,,,,,"15th SHAYANG ROAD SHAHE, 102206 PECHINO  - Cina",,
FPZ SPA,,,,info@fpz.com | 0039039690981,https://fpz.com,"Via F.lli Cervi 16, 20863 CONCOREZZO , MB - Italia",,
FRIEDRICH KRUMME GMBH,,,,info@krumme-gmbh.de | 00496621959990,https://krumme-gmbh.it,"Kleine Industriestrasse 13, 36251 BAD HERSFELD  - Germania",,
"FUKUOKA METAL ENTERPRISE CO. , LTD",,,,junya_yokomizo@fukkin.co.jp | +81949251800,,"885-19, Nakaizumi,, 8220011 Nogata  - Giappone",,
FULLTECH INSTRUMENTS SRL,,,,amministrazione@fulltech.it | 00939 0666152431,https://fulltech.it,"Via del Fontanile Arenato 200, 00163 ROMA , RM - Italia",,
Fundacja Uniwersytetu im. Adama Mickiewicza w Poznaniu,,,,0048604968030,,"Rubie? 46, 61-612 Pozna?  - Polonia",,
FURLOTTI LUIGI SRL,,,,info@furlottivetro.it | 00390512819723,https://furlottivetro.it,"Via G. Micheli 3, 43056 SAN POLO DI TORRILE , PR - Italia",,
FUSO ITALIA S.P.A.,,,,,,"Via dei Missaglia, 89, 20142 Milano , MI - Italia",,
"G-Force, s.r.o.",,,,000,https://usegforce.com,"Mlynské nivy 5, 821 09 Bratislava  - Slovacchia",,
G.A.M. SCRL - GRUPPO AUTOCISTERNE  MANTOVA,,,,traffico@gam.it | 0376343301,,"Strada Cipata 122/a 122/a, MANTOVA , MN - Italia",,
G.A.M. Soc. Coop.,,,,+39 0376 273007,,"Strada Cipata 122/a, 46100 Frassino Mantovano , MN - Italia",,
G.D.M. S.R.L.,,,,gdmexport@gdmsnc.com | 0545936016,,"Traversa San Gervasio, 2/1, 48012 Bagnacavallo , RA - Italia",,
G&G PARTNERS SRL,,,,ordinigeg@gegpartners.it | 0039 0309673345,https://gegpartners.net,"Via Gabriele D'Annunzio, 9, 25018 MONTICHIARI , BS - Italia",,
GALGANO SPA,,,,0289154055 INT 220,,"Blend Tower - Piazza IV Novembre,7, 20124 MILANO , MI - Italia",,
GALIGANI FILTRI SRL,,,,info@galiganifiltri.com | 0039 0577305004,https://galiganifiltri.com,"S. P. Colligiana 50, 53035 MONTERIGGIONI , SI - Italia",,
GALIPOGLU HIDROMAS A.S.,,,,05415285860,https://hidromas.com,"Konya Organize Sanayi Bölgesi, 42250 Konya  - Turchia",,
GAMMA MECCANICA SPA,,,,gamma.info@gamma-meccanica.it | 0522240811,https://gamma-meccanica.it,"Via Sacco e Vanzetti 13, 42021 BIBBIANO , RE - Italia",,
GAMMA RECUPERI S.R.L.,,,,02 93563196,https://gammarecuperi.it,"VIA VERONA 3, 20007 CORNAREDO , MI - Italia",,
GAMMA SAFETY SRL,,,,,,"Via della Ceramica, 1/B, 29012 CAORSO , PC - Italia",,
GAP SPA,,,,aldapiantoni@gmail.com | 0039035979292,,"Via Carducci 47, 24060 SOVERE , BG - Italia",,
GARC AMBIENTE SPA SOCIETA' BENEFIT,,,,info@garcspa.it | 059 9128865,https://garcambiente.it,"Via dei Trasporti 14, 41012 CARPI , MO - Italia",,
GARDNER DENVER SRL - DIVISIONE ROBUSCHI,,,,info.italy@irco.com | 00390521274911,https://robuschi.com,"Via San Leonardo 71/A, 43122 PARMA , PR - Italia",,
Gatti Filtrazioni Lubrificanti SRL,,,,info@gattifiltrazionilubrificanti.it | 39 030675872,https://gattifiltrazionilubrificanti.it,"Gavardina 4A, 25081 Bedizzole , BS - Italia",,
GAUSS MAGNETI SRL,,,,info@gaussmagneti.it | 0039 0302680641,https://gaussmagneti.it,"Via Silvio Scaroni 1, 25131 BRESCIA , BS - Italia",,
GAZPACK INTERNATIONAL BV,,,,0031111820100,https://gazpack.nl,"Groeneweegje 25, 4301 RN Zierikzee  - Paesi Bassi",,
GCM INDUSTRIE SRL,,,,0984 50 62 06,https://gcmindustrie.it,"Via Salerno, 26, Torano Castello , CS - Italia",,
Gea Consulting Srl,,,,3471612492,https://geaconsultingsrl.it,"Via Pacinotti,5, 01100 Viterbo , VT - Italia",,
GEH Wasserchemie GmbH & Co. KG,,,,info@geh-wasserchemie.com | 49541122009,https://geh-wasserchemie.com,"Adolf-Koehne-Strasse 4, 49090 Osnabrueck  - Germania",,
GEIEFFE SRL,,,,info@geieffe.it | 08241720888,https://geieffe.it,"Contrada Saglieta - Zona Ind.le 7, 82020 Paduli , BN - Italia",,
GENNARETTI®,,,,sales@gennaretti.com | +39 0731200200,https://gennaretti.com,"Via Roncaglia 10, 60035 JESI , AN - Italia",,
GENTILI TECHNOLOGY EQUIPMENT SRL,,,,,,"Via Balitrona, 12, 47042 Cesenatico , FC - Italia",,
GENTILI TEK SRL,,,,,https://gentilioleodinamica.com,"Via Orsoleto, 47922 Rimini , RN - Italia",,
GEO BIM SRL,,,,info@geobimsrl.com,,"Via Savona 69, 20144 MILANO , MI - Italia",,
GEO JOB SA,,,,info@geo-job.ch | +41 76 4315694,,"Via Pascolet 34, 6537 GRONO  - Svizzera",,
GEO SCREENTECH SRL,,,,info@geo-screentech.com | +39 0445300583,https://geo-screentech.com,"Via G. Leopardi 4, 36042 BREGANZE , VI - Italia",,
GEO STUDIO ENGINEERING SRL,,,,info@geo-studio.it | 0039 0457101045,https://geo-studio.it,"Via Don Carlo Gnocchi 5, 37051 BOVOLONE , VR - Italia",,
GEOSINTEX SRL,,,,info@geosintex.com | 00390444750180,https://geosintex.com,"Via Da Vinci 12, 36066 SANDRIGO  - Italia",,
GEOSTUDIO STUDIO TECNICO ASSOCIATO,,,,info@geostudiotorino.it | 0039011 4470700,https://geostudiotorino.it,"Corso Trapani 39, 10139 TORINO , TO - Italia",,
Geovalis S.r.l.,,,,0523 822737,https://geovalis.it,"Via Salvador Allende 2/a, 29012 Caorso , PC - Italia",,
GERI ITALIA SRL,,,,0818918633,https://geriitalia.eu,"S.P 187 LOCALITA POSTE, 81011 ALIFE , CE - Italia",,
Germany - Federal Ministry for Economic Affairs and Energy (BMWE),,,,buero-vc4@bmwe.bund.de | +492286150,,"Villemombler Straße 76, 53123 BONN  - Germania",,
GEROTTO FEDERICO SRL,,,,info@gerotto.it | 00390495564422,https://gerotto.it,"Via Croce 26, 35011 CAMPODARSEGO , PD - Italia",,
GESENU SPA,,,,gesenu@gesenu.it | 075 691743,https://gesenu.it,"Via Molinella 7, 06125 PERUGIA , PG - Italia",,
GESPI SRL,,,,info@gruppogespi.com | 00390931 975162,https://gruppogespi.com,"Via Capitaneria 26, 96011 AUGUSTA , SR - Italia",,
GFA,,,,lange@dwa.de | 004922428720,,"Theodor-Heuss-Allee 17, 53773 HENNEF  - Germania",,
GHIRARDUZZI  SRL,,,,commerciale@ghirarduzzi.it | 00390521825110,https://ghirarduzzi.it,"Via Casalbarbato 129/B, 43012 FONTANELLATO LOC. SANGUINARO , PR - Italia",,
GIANAZZA ANGELO SPA,,,,gianazza@gianazza.it | 0039 0331426311,https://gianazza.it,"Via Enzo Pagani 138, 20025 LEGNANO , MI - Italia",,
GIDA SRL,,,,info@gi-da.it | 030 9460900,https://gi-da.it,"VIA A.LAVINI 21, 25030 POMPIANO , BS - Italia",,
GIGLIO SRL,,,,info@gigliorecycling.com | 00390421461839,https://gigliorecycling.com,"Via Triestina  Z.I. ACCESSO D, 30020 TORRE DI MOSTO , VE - Italia",,
GIOTTO WATER SRL,,,,info@giottowater.com | 0039 03831918330,https://giottowater.com,"Via Prati Nuovi 23, 27058 VOGHERA , PV - Italia",,
GIOVANNI PUTIGNANO & FIGLI SRL,,,,direzione@giovanniputignano.com | 00390804941111,https://giovanniputignano.com,"Viale della tecnica e dell'innovazione, 70015 Noci , BA - Italia",,
GIURGOLA SRL,,,,info@giurgola.com | 00390836562826,https://giurgola.com,"Via Pavia 36, 73013 GALATINA , LE - Italia",,
Gl turbo corporation,,,,0086 (510) 8585 5188,https://glturbo.com,"38 Lianqian Road, Xishan Eco. Dev. Zone, WUXI  - Cina",,
GLASSMOP ITALIA SRL,,,,34976900213,https://glassmop.eu,"Via Faenza 8, 40026 Imola , BO - Italia",,
GLOBALFORNITURE SRL,,,,00390541727103,,"Via Marecchiese, 479, 47923 Rimini , RN - Italia",,
GLONG ITALY SRL,,,,mmancini@glongitaly.it | 07211710537,https://glong-motor.com,"Via D. Albertario 75, 61032 Bellocchi , PU - Italia",,
GLS TANKS INTERNATIONAL GMBH,,,,italia@glstanks.com | 00393347634583,https://glstanks.com,"Industriestrasse 6, 3860 HEIDENREICHSTEIN  - Austria",,
GM.SOLUTION S.r.l.,,,,070 271837,,"Via G. Dolcetta 14, 09122 Cagliari , CA - Italia",,
Golem Net srl SB,,,,390695995160,https://golemnetsb.it,"via Monte Napoleone, 8, 20121 Milano , MI - Italia",,
GOLMAR ITALIA SPA,,,,info@golmar.com | 00390113583310,https://golmar.com,"Corso Unione Sovietica 603, 10135 TORINO , TO - Italia",,
GORMAN RUPP EUROPE BV,,,,00310641584084,,"Zandweistraat 19, 4181 CG Waardenburg  - Paesi Bassi",,
GPS SRL,,,,,https://gps-recycling.com,"Via Bianchetti 6, 44047 Terre del Reno  - Italia",,
GRAF ITALIA,,,,italia@graf.info | +39 0717135226,https://graf.info,"Strada della Bruciata 10, 60019 SENIGALLIA , AN - Italia",,
GRANECO SRL,,,,info@graneco.it | 0039 0423544821,https://graneco.it,"Via Strade Nuove 3, 31054 POSSAGNO , TV - Italia",,
GRASSANO S.P.A,,,,00390131718311,,"Via Per Retorto, PREDOSA , AL - Italia",,
Green Building Council Italia,,,,info@gbcitalia.org | 0464443452,https://gbcitalia.org,"Piazza Manifattura, 1, 38068 ROVERETO , TN - Italia",,
GREEN ECO WASTERWATER SRL,,,,amministrazione@greeneco-wastewater.com | 0039 0143822882,https://greeneco-wastewater.com,"Corso Vinzaglio 2, 15121 TORINO , TO - Italia",,
GREEN EVOLUTION SRL SB,,,,03641944658,https://green-evolution.it,"Via Valeriana 14, 25047 Darfo Boario Terme , BS - Italia",,
GREEN POWER SYSTEMS SRL,,,,0039 0722 726411,https://greenpowergen.it,"LOC MAIANO, 61028 CAPRAZZINO DI SASSOCORVARO , PU - Italia",,
GREENEXT TECHNOLOGIES S.P.A.,,,,info@greenext.it | 800 973 028,https://greenext.it,"Corso Vittorio Emanuele II 84, 10121 Torino , TO - Italia",,
GREENFORCE SRL - GREEN MACHINES,,,,info@greenforce.cloud,https://greenforce.cloud,"Località San Iorio n. 8/D - Z.I., 15020 Serralunga di Crea , AL - Italia",,
GREENKEEPER IBERIA SL,,,,dvargas@gkiberia.es | 625516673,,"Calle Sierra Vieja, 13, 28031 Madrid  - Spagna",,
Greenpipe srl,,,,info@greenpipe.it | 0522 746611,https://greenpipe.it,"via Modena 48b, 42015 Correggio , RE - Italia",,
GREENTHESIS SPA,,,,anna.madaschi@greenthesisgroup.com | +39 02893801,https://greenthesisgroup.com,"Via Cassanese 45, 20054 SEGRATE , MI - Italia",,
GREENVIS HOLDING SRL,,,,info@greenvis.it | 0809751800,https://greenvis.it,"Via delle Margherite, 34/C, 70026 Modugno , BA - Italia",,
GREINER SPA,,,,info@greiner.it | 25065 0308927511,https://greiner.it,"Via Montesuello 212, 25065 LUMEZZANE , BS - Italia",,
Greyparrot,,,,tiziana@greyparrot.ai | +447523084413,https://greyparrot.ai,"100 Drummond Road, SE16 4DG London  - Regno Unito",,
GRUNDFOS POMPE ITALIA SRL,,,,infoitalia@grundfos.com | 00390295838112,https://grundfos.com,"Via Gran Sasso 4, 20060 TRUCCAZZANO , MI - Italia",,
GRUPPO C.S.A. S.p.A.,,,,info@csaricerche.com | +39 0541791050,,"Via Al Torrente 22, 47923 RIMINI , RN - Italia",,
GRUPPO CAP,,,,comunicazione@gruppocap.it | 003902825021,https://gruppocap.it,"Via Rimini 38, 20142 MILANO , MI - Italia",,
GRUPPO ECOSISTEM SRL,,,,,https://ecosistem.it,"Via Benigno Crespi, 57, 20159 MILANO , MI - Italia",,
GRUPPO ESPOSITO,,,,035515421,https://gruppoesposito.it,"VIA SFORZATICA, 31, 31, 24040 LALLIO , BG - Italia",,
GRUPPO FRATI,,,,info@gruppofrati.com | 003903758401,https://gruppofrati.com,"Via XX Settembre 58, 46030 POMPONESCO , MN - Italia",,
Gruppo Industriale Cirino Pomicino,,,,foreign@paladeri.it | 3481167721,https://gruppoindustrialecirinopomicino.com,"VIA CRISPI 69, 80125 Napoli , NA - Italia",,
Gruppo Maggioli,,,,servizio.clienti@maggioli.it | 00390541628111,https://maggioli.com,"Via del Carpino 8, 47822 SANTARCANGELO DI ROMAGNA , RN - Italia",,
GRUPPO PEVERONI SRL,,,,info@gruppopeveroni.it | 030 2131377,https://gruppopeveroni.it,"Via dell'Artigianato 19, 25012 CALVISANO , BS - Italia",,
GRUPPO PORCARELLI,,,,info@porcarelli.com | 06 220241,https://porcarelli.com,"Via di Rocca Cencia 273, 00132 ROMA , RM - Italia",,
GRUPPO VERGERO,,,,info@gruppovergero.it,https://gruppovergero.it,"Via Treviso 36, 10144 TORINO , TO - Italia",,
GSB Sonderabfall-Entsorgung Bayern GmbH,,,,ausland@gsb-mbh.de | 00498453 910,https://gsb.bayern,"Aeusserer Ring 50, 85107 Baar-Ebenhausen  - Germania",,
GT INDUSTRY SPA,,,,enzo.trivarelli@gtimpiantisrl.it | 00390522556210,,"Via Alberico Albricci, 8, 20122 Milano , MI - Italia",,
"GUANGDONG SHANGCHEN ENVIRONMENTAL TECHNOLOGY CO., LTD",,,,sc-etc@outlook.com | 400 807 8638,,"Room 1201B, 12th Floor, Huimei Building, No.3 Jinsui Road, Tianhe District, 510600 Guang Zhou  - Cina",,
"Guangzhou Shincci Energy Equipment Co., Ltd.",,,,joyce.chan@shincci.com | 8613763326749/86,https://shincci-global.com,"Shincci Building, No. 162 Mincheng Er Road, Guangzhou Private Science Technology Parks, Baiyun District, Guangzhou, China, 510445 GUANGZHOU GUANGDONG  - Cina",,
GUIDETTI SRL,,,,info@guidettisrl.com | 00390516858511,https://guidettisrl.com,"Via Salvi 1, 44045 RENAZZO , FE - Italia",,
GV FILTRI INDUSTRIALI,,,,0119442973,https://gvfiltri.it,"Via Chieri 70/3, 10020 BALDISSERO TORINESE , TO - Italia",,
H-Sensortechnik GmbH,,,,+43 (0)7262 54 655,,4332 Au an der Donau  - Austria,,
"H. BARBER & SONS, Inc.",,,,001 (203) 729 9000,https://hbarber.com,"15 Raytkwich Road, CT 06770 Naugatuck  - Stati Uniti",,
HACH LANGE SRL,,,,info-it@hach.com | 00390293575400,https://it.hach.com,"Via G. Rossini 1/A, 20020 LAINATE , MI - Italia",,
HAFNER ENERGY FROM WASTE SRL,,,,info@hafner.it | 00390471566300,https://hafner.it,"Via G. Di Vittorio 16, 39100 BOLZANO , BZ - Italia",,
HAIKI+ SRL,,,,00390287211700,https://haikiplus.it,"Via G. Bensi 12/5, 20152 MILANO , MI - Italia",,
HAMMEL RECYCLINGTECHNIK GMBH,,,,info@hammel.de | 0049 369569910,https://hammel.de,"Leimbacher  Str. 130, 36433 BAD SALZUNGEN  - Germania",,
HAMMER MASTER LAB S.R.L.,,,,info@hmlab.it | 00390119595003,,"Via Vajont n. 78, 10098 RIVOLI , TO - Italia",,
HAMOS GMBH,,,,hamos@hamos.com | 0049885692610,https://hamos.com,"Im Thal, 17, 82377 PENZBERG  - Germania",,
"Hangzhou Smartem Water Treatment Engineering Co., Ltd",,,,008613516851333,https://smartemwater.com,"No.2, 17th, Economical & Technology Development Area, 310018 Hangzhou, Zhejiang  - Cina",,
HANNA INSTRUMENTS ITALIA SRL SOCIO UNICO,,,,padova@hanna.it | 00390499070367,https://hanna.it,"Viale delle Industrie 11, 35010 RONCHI DI VILLAFRANCA PADOVANA , PD - Italia",,
HANS BRAND SRL,,,,info@hansbrand.it | +39 026884113,https://hansbrand.it,"via Libero Biagi 55/C14, 20099 Sesto San Giovanni , MI - Italia",,
HARDEN MACHINERY LTD.,,,,00491633787729,https://hardenshredder.com,"Building 8, No. 6 Jingye Road, Torch Development Zone, 528437 Zhongshan  - Cina",,
HARNEKINFO SRL,,,,m.gusmini@harnekinfo.it | 0039 035912440,,"Piazza SS Redentore 12, 24067 SARNICO , BG - Italia",,
Harpo seic - geotecnica,,,,segreteria@harpogroup.it | 0039040 3186611,https://harpogroup.it,"Via Torino 34, 34123 TRIESTE , TS - Italia",,
HARRIS AMERICAN CO.,,,,00393356280067,https://harrisamericanco.com,"315 West 12th Avenue, 31015 Cordele , GA - Stati Uniti",,
HARTER GmbH,,,,info@harter-gmbh.de | 0049 +49 83 83 9223 106,https://harter-gmbh.de,"Harbatshofen 50, 88167 STIEFENHOFEN  - Germania",,
HAURATON Gmbh & Co KG,,,,390717202148,https://hauraton.com,"Werkstrasse 13, 76437 Rastatt  - Germania",,
HAUS CENTRIFUGE TECHNOLOGIES,,,,info@haus.com.tr | 00902562310481,https://hausworld.com,"Ata Osb Mah. Dsi. Bulvari no. 4/1 ic Kapi no.1 Efeler - AYDIN, 09010 AYDIN  - Turchia",,
HBI SRL,,,,info@hbigroup.it | 00393348777371,,"Via A. Volta 13/A, 39100 BOLZANO , BZ - Italia",,
HEIDELBERG MATERIALS ITALIA CEMENTI S.P.A,,,,035 396111,https://heidelbergmaterials.it,"Innovation Campus Milano  Via Lombardia 2/A, 20068 PESCHIERA BORROMEO , MI - Italia",,
"HENAN LIYING ENVIRONMENTAL SCIENCE AND TECHNOLOGY CO., LTD.",,,,info@liyingtec.com | 008618837088665,https://liyingtec.com,"High-tech development zone Minquan county, Shangqiu, Henan province, 476800 MINQUAN COUNTY  - Cina",,
Hensel Recycling GmbH,,,,a.marchisio@hensel-recycling.com | 0049060281209525,https://hensel-recycling.com,"Mühlweg 10, 63743 Aschaffenburg , BY - Germania",,
HERA SPA,,,,maurizio.giani@gruppohera.it,https://ha.gruppohera.it,"Viale Carlo Berti Pichat 2/4, 40127 BOLOGNA , BO - Italia",,
HERAMBIENTE SPA,,,,,https://herambiente.it,"Viale Berti Pichat 2/4, 40127 BOLOGNA , RA - Italia",,
HERBEESIDE TM  DI AGRIMACHINE GREEN EVOLUTION SRL,,,,info@herbeeside.it | 00393938831378,https://herbeeside.com,"Via. G.B. Tuveri 25 25, 09129 CAGLIARI , CA - Italia",,
Hi-Tech Solutions,,,,3348761746,https://hitechsol.it,"Via E.Giustozzi, 37, 06034 Foligno , PG - Italia",,
HIDROSYSTEM ITALIA S.R.L.,,,,andrea.tinti@hidrosystem.eu | 0547 1796484,https://hidrosystem.eu,"Via Gorizia 273, 47032 BERTINORO , FC - Italia",,
HIFI FILTER FRANCE,,,,export@hifi-filter.fr | 0033 381388686,https://hifi-filter.com,"18 Rue Pierre Dechanet B.P 239, 25303 Pontarlier  - Francia",,
Hirnböck Stabau GmbH,,,,,,"Aubergstraße 27, 5101 Elixhausen  - Austria",,
HIWAY SRL,,,,info@hiway.it | 00390354933050,https://hiway.it,"Via Budriago M/B, 24030 CARVICO , BG - Italia",,
HOCSOL SRL,,,,info@hocsol.com | 390863072563,https://hocsol.com,"Via Cavour 473, 67051 Avezzano , AQ - Italia",,
HQ PUMPS SRL,,,,andrea.budri@hqpumps.it | 0382 586457,https://hqpumps.it,"S.S dei Cairoli 8, 27020 ,CARBONARA AL TICINO , PV - Italia",,
htr bonifiche,,,,bgagliani@gruppohtr.com | 0645503850 0645503850,,"via bassano del grappa 4, 00195 Roma , RM - Italia",,
HUBER TECHNOLOGY SRL,,,,info@hubertec.it | 00390471590107,https://hubertec.it,"Via A. Olivetti 1, 39055 LAIVES , BZ - Italia",,
"Huihuan Eco-Smart (Shenzhen) Technology Co., Ltd",,,,00865926890379,,"Room A021, 201, Block B, Huayuancheng Digital Mansion No.1117 Nanhai Avenue, Yanshan CommunityZhaoshang Subdistrict, Nanshan District Qianhai Cooperation Zone, 511400 Shenzhen",,
Humara Environment SL,,,,0034618751679,https://humara.tech,"Rúa Norte 4, 32500 O Carballiño  - Spagna",,
HUNING ANLAGENBAU GmbH & Co. KG,,,,info@huning-anlagenbau.de | 00495422608200,https://huning-anlagenbau.de,"Wellingholzhausener Straße 6, 49324 Melle  - Germania",,
HYBA LTD.,,,,,https://hyba.eu,"86-90 Paul Street, EC2ANE London",,
HYDROMETAL,,,,0032491928279,https://jgi-hydrometal.be,"Rue du Parc Industriel 3, 4480 Engis  - Belgio",,
HYSYTECH SRL,,,,hysytech@hysytech.com | 00390113970273,https://hysytech.com,"Via I Maggio, 5, Orbassano (TO), 10143 TORINO , TO - Italia",,
Hyundai,,,,447903603106,https://hyundai-ce.eu,"Hyundailaan 4, 3980 TESSENDERLO  - Belgio",,
I BILANCIAI SRL,,,,marketing@ibilanciai.com | +39 0883536146,https://ibilanciai.com,"Via dell'Industria, 35, 76121 BARLETTA , BT - Italia",,
I.C.U.M.,,,,icum@icum-tools.it | 39 0445602727,,"Z.I. via A. pacinotii 18/20, 36034 malo , VI - Italia",,
I.G.W. SRL,,,,info@igwsrl.eu | +39 0510339654,,"Via Ungheri 19, 40012 CALDERARA DI RENO , BO - Italia",,
I.P.P.R. - ISTITUTO PER LA PROMOZIONE DELLE PLASTICHE DA RICICLO,,,,segreteria@ippr.it | 00390243928225,,"Via San Vittore 36, 20123 MILANO , MI - Italia",,
I.S.V.E. SPA,,,,wm-sales@isve.com | 00390302540351,,"Via San Martino 39, 25020 BORGO PONCARALE , BS - Italia",,
I&S,,,,commerciale@ies.it | 0461 402122,,"Via dei Solteri 74, 38121 TRENTO , TN - Italia",,
IATT - Italian Association for Trenchless Technology,,,,iatt@iatt.info | 0039 0639721997,https://iatt.it,"Via Ruggero Fiore 41, 00136 ROMA , RM - Italia",,
IBI PLAST SRL,,,,info@ibiplast.com | 0331640340,https://ibiplast.com,"Via IV Novembre 143, 21058 SOLBIATE OLONA , VA - Italia",,
IBIX SRL,,,,info@ibix.it | 0545994589,https://ibix.it,"Via dell'Industria 43, 48022 LUGO , RA - Italia",,
ICAR BAZZOLI ENZO SRL,,,,icarbazzoli@icarbazzoli.com | 00390376819196,https://icarbazzoli.com,"Via Medole 29 29, 46040 GUIDIZZOLO , MN - Italia",,
ICAV SRL,,,,commerciale@deodorizzazioneicav.com | 3491349592,https://deodorizzazioneicav.com,"Piazza Trieste, 14, 27049 Stradella , PV - Italia",,
ICEA - ISTITUTO PER LA CERTIFICAZIONE ETICA ED AMBIENTALE,,,,comunicazione@icea.bio | 00393496802020,https://icea.bio,"Via G Brugnoli 15, 40122 BOLOGNA , BO - Italia",,
ICEX ESPANA EXPORTACION E INVERSIONES E.P.E.,,,,003902781400,https://icex.es,"Paseo de la Castellana 278, 28046 Madrid  - Spagna",,
ICMQ SPA Società Benefit,,,,icmq@icmq.org | 02 7015081,https://icmq.org,"Via Gaetano De Castillia 10, 20124 MILANO , MI - Italia",,
ICOVERDE SRL,,,,info@icoverde.it | 00390341592186,https://icoverde.it,"Via Giulio Uberti 12, 20129 MILANO , MI - Italia",,
ID&A SRL,,,,ideatrade@ideabs.com | 0039 030349277,,"Via Fura 47, 25125 BRESCIA , BS - Italia",,
IDEA SRL,,,,,https://idea-srl.it,MI - Italia,,
IDEALSERVICE SOC. COOP.,,,,info@idealservice.it | 0039 0432 693511,https://idealservice.it,"Via Basaldella 90, 33037 PASIAN DI PRATO , UD - Italia",,
IDRAGEST SRL,,,,3939845049,https://idragest.it,"Viale Andrea Doria 55, 95123 Catania , CT - Italia",,
IDRO GAS ENGINEERING SRL,,,,info@idrogasengineering.it | +39 0161 780444,https://idrogasengineering.it,"Via dell'Annunciata, 31, 20121 MILANO , MI - Italia",,
IDRO GROUP SRL,,,,info@idro.net | 0039036227511,https://idro.net,"Via Comina 39, 20831 SEREGNO , MB - Italia",,
IDROBASE GROUP SRL,,,,info@idrobasegroup.com | +39 049 9335903,https://idrobasegroup.com,"Via dell'Industria 25, 35010 BORGORICCO , PD - Italia",,
IDROFOGLIA SRL,,,,0039 0722700311,https://idrofoglia.it,"VIA PROVINCIALE 14, 61026 LUNANO , PU - Italia",,
Idroservice srl,,,,commerciale@idroservice.net | +0039 0691140137,https://idroservice.net,"via don Tazzoli, 12, 00071 pomezia , RM - Italia",,
Idrosistemi,,,,+39 0425 708342,https://idrosistemi.eu,"Via Gabriele d'Annunzio, 31, 45036 Ficarolo  - Italia",,
IDROSTUDI SRL,,,,info@idrostudi.it | 00390403755800,https://idrostudi.it,"Area Science Park Padriciano 99, 34149 TRIESTE , TS - Italia",,
IDROTHERM 2000 SPA,,,,info@idrotherm2000.com | 0039058365496,https://idrotherm2000.com,"Via Pio La Torre 21, 55032 CASTELNUOVO GARFAGNANA , LU - Italia",,
IDROVELOX DI PETRELLI FRANCO & FIGLI SRL,,,,daniele.spagnolo@idrovelox.it | 00390832607230,https://idrovelox.it,"Via Santa Giovanna D'arco 13, 73041 CARMIANO , LE - Italia",,
IEG CHINA CO. LTD.,,,,008618501710073,,"No.18 Tian Shan Road, Room 901, SHANGHAI  - Cina",,
IFA INDUSTRY SrL,,,,info@recoilsystem.com | 3315932903,,"Via Genova, 2, 28838 STRESA , VB - Italia",,
IFAT / Messe Muenchen GmbH,,,,exhibiting@ifat.de | 0049 8994920285,https://ifat.de,"Am Messesee 2, 81829 MUENCHEN  - Germania",,
IFE AUFBEREITUNGSTECHNIK GMBH,,,,office@ife-bulk.com | +43 7442515 0,https://ife-bulk.com,"Patertal 20, 3340 Waidhofen/Ybbs  - Austria",,
IFLY SRL,,,,,https://ifly.it,"Via dei fabbri, 6, 09170 Oristano , OR - Italia",,
IL TRUCIOLO SRL,,,,vanessa.zavarise@iltruciolo.it | 00390313353131,https://iltruciolo.it,"Via Molinara, 17/a, 22031 ALBAVILLA , CO - Italia",,
IMAS AEROMECCANICA S.R.L.,,,,commerciale@imas.it | 051 798377,https://imas.it,"Via Piemonte 43-45, 40064 OZZANO DELL'EMILIA , BO - Italia",,
IMETECH Power Transmissions S.r.l.,,,,info@imetech-pt.com | 0365500073,https://imetech-pt.com,"Via delle Pozzette, 14, 25080 Soiano del Lago , BS - Italia",,
IMPERFOGLIA S.r.l.,,,,info@imperfoglia.com | 0039 0722362057,https://imperfoglia.com,"Via F. di Giorgio Martini 11, 61028 SASSOCORVARO AUDITORE , PU - Italia",,
IMPREG GmbH,,,,info@impreg.com | +49 7073 30031 0,https://impreg.com,"Eisenbahnstraße 32, 72119 Ammerbuch , BW - Germania",,
IMQ GROUP SRL,,,,comunicazioni@imqgroup.it | +39 0250731,https://imq.it,"Via Marco Fabio Quintiliano 45, 20138 MILANO , MI - Italia",,
IN-EKO TEAM S.R.O.,,,,marketing@in-eko.cz | 00420549415234,https://in-eko.com,"Leknínová 2270/5, 62100 BRNO  - Cechia",,
IN.CO.FIN. SRL,,,,info@incofin.it | 00390293581670,,"Via Celeste Milani 14, 21040 ORIGGIO , VA - Italia",,
IN.TEC SRL,,,,marzia.cammarata@intec.biz | 00390226921865,,"Via Torricelli, 20054 SEGRATE , MI - Italia",,
INCARICOTECH SRL,,,,sales@incaricotech.com | +39 059 521183,https://incaricotech.com,"Piazza della Bilancia 52, 41011 CAMPOGALLIANO , MO - Italia",,
INDAM LABORATORI SRL,,,,0302585203,https://indam.it,"VIA REDIPUGLIA 33/39, 25030 CASTEL MELLA , BS - Italia",,
INDAO (PEPITE),,,,0032477786225,https://indao.ai,"Rue de l'Académie 53, 4000 Liège  - Belgio",,
INDUSTRIE ASSOCIATE SRL,,,,,,"Via Giorgio La Pira 12, 25012 BAGNOLO MELLA , BS - Italia",,
INDUSTRIOUS GLOBAL TECHNOLOGIES SRL,,,,+39 02 30557 599 EXT 108,,"Via Roma, 108, 20051 Cassina De' Pecchi , MI - Italia",,
ING. BONFIGLIOLI SRL,,,,service@ing.bonfiglioli.it | 00390516867214,https://ingbonfiglioli.it,"Via S. Andrea 11, 40050 CASTELLO D'ARGILE , BO - Italia",,
INNIO JENBACHER GMBH & CO OG,,,,veronika.kamenicka@innio.com | 00436763628315,https://innio.com,"Achenseestrasse 1-3, 6200 JENBACH  - Austria",,
INNOVANDO,,,,info@innovandotech.com | +39 0444 1497543,https://innovandotech.com,"Via Vecchia Ferriera 5, 36100 VICENZA , VI - Italia",,
INNOVASJON NORGE,,,,milan@innovationnorway.no | 00390285451411,,"Via Cappuccini 2, 20122 MILANO , MI - Italia",,
INNOVATIVE INSTRUMENTS SRL,,,,info@innovativeinstruments.com | 0039 0289420818,https://innovativeinstruments.com,"Via Valsolda, 5, 20142 MILANO , MI - Italia",,
InnovEn Srl,,,,,https://innoven.it,"Via San Giovanni Lupatoto, 119, 37134 Verona , VR - Italia",,
Insieme società cooperativa sociale a r.l.,,,,3382284895,https://insiemesociale.it,"Via Basilio Dalla Scola 255, 36100 Vicenza , VI - Italia",,
INSYSTEM B.V.,,,,0031634734454,https://insystem.io,"Mauritskade 55D, 1092 AD Amsterdam  - Paesi Bassi",,
INTELLIGENT FUEL SOLUTIONS D.O.O.,,,,,,Croazia,,
International Solid Waste Association (ISWA),,,,events@iswa.org | 0031108083990,https://iswa.org,"Stationsplein 45 A4.004, 3013 AK Rotterdam  - Paesi Bassi",,
INTERZERO ITALY SRL,,,,servizi@interzero.it | 02 34594653,https://interzero.it,"Via Messina 38 38, 20154 MILANO , MI - Italia",,
Invent Aeration Services,,,,info@invent-as.it | +39 0231052184,https://invent-as.it,"Via Castellazzo 4, 20040 Cambiago , MI - Italia",,
IOTILIZE.ME S.R.L,,,,info@iotilize.me | +39 3516185274,https://iotilize.me,"Via Ostiense 131L, 00154 Roma , RM - Italia",,
IREN AMBIENTE SPA,,,,ambientemercato@pec.gruppoiren.it | 0039 0523549904,https://gruppoiren.it,"Strada Borgoforte 22, 29122 PIACENZA , PC - Italia",,
IRIDE ACQUE SB SPA,,,,segreteria@irideacque.com,https://irideacque.com,"Via dell'Annunciata, 31, 20121 Milano , MI - Italia",,
ISI SRL,,,,vendite.piacenza@isi-flex.it | 05231960086,https://isi-flex.it,"Via Donatori di Organi 3, 29010 Castelvetro Piacentino , PC - Italia",,
ISOIL INDUSTRIA SPA,,,,isocontrol@isoil.it | 003902660271,https://isoil.it,"Via F.lli Gracchi 27, 20092 CINISELLO BALSAMO , MI - Italia",,
ISOLA SPA,,,,info@isolaspa.it | 00390583936929,https://isolaspa.it,"VIA VILLA FONTANA, SNC, 55012 MARLIA , LU - Italia",,
ISUZU - MIDI EUROPE,,,,isuzuitalia@midieurope.it | 0442 328212,https://isuzu.it,"Via Crosaron, 37053 CEREA , VR - Italia",,
ITAL CONTROL METERS SRL,,,,info@italcontrol.it | 0039 0362805200,https://italcontrol.it,"Via Della Valle 67, 20841 CARATE BRIANZA , MB - Italia",,
ITALBONIFICHE SPA,,,,mbox@italbonifiche.it | 0543 795999,https://italbonifiche.it,"Via Archimede 3, 47122 FORLI' , FC - Italia",,
ITALCAVE SPA,,,,italcave@italcave.it | 099 4718222,https://italcave.it,"Via per Statte 6000, 74123 TARANTO , TA - Italia",,
ITALIAN BOND HUB SRL,,,,direzione@italianbondhub.it | 00390639749927,https://italianbondhub.it,"Via Pietro de Cristofaro 40, 00136 ROMA , RM - Italia",,
ITALIAN ENVIRONMENT SRL,,,,0039 022506169,,"Via Monte Grappa 74/18, 20044 Arese , MI - Italia",,
ITALIASPIRAZIONI SRL,,,,info@italiaspirazioni.it | 00390464687104,https://italiaspirazioni.it,"Via Foss Frazione Vo' Destro 14, 38063 AVIO , TN - Italia",,
ITALSCANIA SPA,,,,italscania@scania.com | +39 0461 996111,,"Via di Spini 21, 38121 TRENTO , TN - Italia",,
ITELYUM,,,,stefania.maggi@itelyum.com | 003903712503277,https://itelyum.com,"Via Tavernelle 19, 26854 PIEVE FISSIRAGA , LO - Italia",,
ITROFER SAS DI DE PATRE DOMENICO & C.,,,,,https://itrofer.it,"Contrada Foreste, 65015 MONTESILVANO , PE - Italia",,
ITS SRL - SHREDDING & GRINDING SOLUTIONS,,,,sales@itsgranulators.com | 00390239930523,,"Via Privata Alzaia Trieste 3, 20090 CESANO BOSCONE , MI - Italia",,
ITT SRL,,,,info@itt-srl.com | 0039075592101,https://itt-srl.com,"Via Brenta 18, 06135 PONTE VALLECEPPI , PG - Italia",,
IVECO SPA,,,,carla.fleiss@iveco.com | 00390110072111,https://iveco.it,"Via Puglia 35, 10156 TORINO , TO - Italia",,
iVORY7 SRL,,,,3342888113,https://ivory7.com,"Via Modonesi 14, 6 piano, 29122 Piacenza , PC - Italia",,
IWAKI EUROPE GmbH,,,,sales@iwaki.de | 0039 0445561219,https://iwaki.it,"Siemensring 115, 47877 Willich  - Germania",,
IWE S.r.l.,,,,info@iwe-evaporators.com | 0039 0295358377,https://iwe-evaporators.com,"Via A. Gramsci, 44, 20048 PANTIGLIATE , MI - Italia",,
Jcoplastic S.p.A.,,,,maurizio.mansi@jcoplastic.com | 0828 392111,https://jcoplastic.com,"Viale Spagna Zona Industriale, 84091 BATTIPAGLIA , SA - Italia",,
"Jiangyin Feiyang Instrument Co., Ltd.",,,,008651086663988,,"Shizhuang Private Industrial Park, Lingang New Town, 214446 Jiangyin, Jiangsu  - Cina",,
JING JIN EUROPE SRL,,,,sales@jj-europe.com | +39 0350331125,https://jj-europe.com,"Via Alessandro Manzoni 51, 24030 MEDOLAGO , BG - Italia",,
"Jinhua Dongda Pump Co.,Ltd",,,,008618258959223,https://dongdapumps.com,"No. 2 Andong Road, Bailongqiao Town, Wucheng District, 321000 Jinhua, Zhejiang  - Cina",,
JOHNSON SCREENS SAS,,,,info.fr@johnsonscreens.com | 33 549021600,https://johnsonscreens.com,86530 Availles-en-Châtellerault  - Francia,,
JR SRL,,,,info@jrsrl.com,,"Corso Nunzio Costa 115, 96018 PACHINO , SR - Italia",,
KAB - KAERNTNER ABFALLBEWIRTSCHAFTUNG GMBH,,,,sandra.schmauzer@kab.co.at | 004346371194 30,https://kab.co.at,"Ziegeleistrasse 50, 9020 KLAGENFURT am WORTHERSEE  - Austria",,
KAERCHER FLOOR CARE SRL,,,,info.kfc@kaercher.com | 00390522923111,,"Via Colletta 19, 42124 REGGIO EMILIA , RE - Italia",,
KAESSBOHRER ITALIA S.R.L.,,,,info@pistenbully.it | 0039 0471933027,,"VIA AEROPORTO F. BARACCA 10, 39100 BOLZANO , BZ - Italia",,
Kanadevia Inova,,,,info@kanadevia-inova.com | 0041442771111,https://kanadevia-inova.com,"Hardturmstrasse 127, 8005 ZURICH  - Svizzera",,
KASTAMONU ITALIA SPA,,,,info@kastamonu.it | 0533 666000,https://kastamonu.it,"Via Romea 27, 44021 POMPOSA  , FE - Italia",,
KEMIRA ITALY SPA,,,,marcella.zenari@kemira.com | 0039342895438,https://kemira.com,"Via Ettore Majorana 8, 33058 SAN GIORGIO DI NOGARO , UD - Italia",,
KINSECT S.R.L. SB,,,,+39 328 8887498,,"Via Fortunato Zeni, 8, 38068 Rovereto , TN - Italia",,
Kirmag GmbH,,,,491728233355,https://kirmag.de,"Bichl 10, 83530 Schnaitsee  - Germania",,
KISA GmbH,,,,+49 (0) 2842 / 965930,https://kisa.nrw,"Südstrasse, 44, 47475 Kamp-Lintfort  - Germania",,
KMU LOFT Italia s.r.l.,,,,info@kmu-loft.it | 0039 0473550221,,"Zona Industriale 1-5, Scala D, 39011 Lana  - Italia",,
KOBAK SRL,,,,info@kobak.it | 003905771698009,https://kobak.it,"Via Trentino Alto Adige 4, 53036 POGGIBONSI , SI - Italia",,
KOKIC S.r.l.,,,,05231491936,https://kokic-srl.com,"Via Ancona 15, 29010 Calendasco , PC - Italia",,
Komplet spa,,,,071 6609823,https://komplet.it,"Via Antonelli,49, 60012 Trecastelli , AN - Italia",,
"KONICA MINOLTA, INC.",,,,,https://konicaminolta.com,"JP Tower 2-7-2 Marunouchi, Chiyoda-ku, 100-7015 Tokyo  - Giappone",,
KONRAD PUMPE GMBH,,,,info@pumpegmbh.de | +49 25256 9329 0,https://pumpegmbh.de,"Schörmelweg 24, 48324 Sendenhorst  - Germania",,
KOSMOTECH SRL,,,,amministrazione@kosmotechsrl.com | 0557961201 331 7205904,https://kosmotechsrl.com,"VIA FRA DOMENICO BUONVICINI 17, 50132 FIRENZE , FI - Italia",,
KOVALUS SEPARATION SOLUTIONS,,,,infoeurope@kss-sep.com | 00492414132636,https://kovalus.com,"850 Mainstreet, 01887 Wilmington  - Stati Uniti",,
KROHNE ITALIA SRL,,,,info@krohne.it | 024300661,https://krohne.com,"Via Olivetti 113, 20010 PREGNANA MILANESE , MI - Italia",,
KRONOCERT SRO,,,,3286428931,https://kronocert.com,"Šancová 3568/61, 831 04 Bratislava  - Slovacchia",,
KUBOTA MEMBRANE EUROPE LTD,,,,dario.gallottini@kubota.com | 004402087415262,https://kubota-mbr.com,"3rd Floor No.1 Farriers Yard, W6 8AH LONDON  - Regno Unito",,
KYOTO CLUB,,,,informazioni@kyotoclub.org | 003906485539 064882137,https://kyotoclub.org,"Via Genova 23, 00184 ROMA , RM - Italia",,
L-ife srl,,,,,https://l-ife.it,BO - Italia,,
L.M. TECNOLOGIE DELL'ARIA SRL,,,,info@lmtecnologie.com | 003903589400,https://lmtecnologie.com,"Via E.Baschenis 3, 24122 BERGAMO , BG - Italia",,
L.S.T. SERVIZI S.r.l.,,,,,,"Via Modenese, 314, 41018 San Cesario Sul Panaro , MO - Italia",,
L.U.P. DI BAILOTTI SRL,,,,info@lupdibailotti.it | 00390432676379,https://lupdibailotti.it,"Via Della Repubblica 4, 33050 PAVIA DI UDINE , UD - Italia",,
L'OROLOGIO SOCIETA' COOPERATIVA,,,,003905518313437,https://coop-orologio.it,"Via Lisbona, PANTASSIEVE , FI - Italia",,
La Filippa S.p.a.,,,,019500585,https://lafilippa.it,"Strada Ferrere 19, 17014 CAIRO MONTENOTTE  - Italia",,
LA NUOVA SPURPOZ SRL,,,,0039023395151,https://lanuovaspurpoz.it,"Via Archimede,7, PERO , MI - Italia",,
LAB SERVICE ANALYTICA SRL,,,,info@labservice.it | +39 051732351,,"Via Emilia 51/c, 40011 ANZOLA EMILIA , BO - Italia",,
LABONI SRL,,,,0233915400,https://laboni.it,"Via Kennedy, RODANO , MI - Italia",,
Laboratori Chimici Stante srl,,,,qualita.bo@labstante.it | +39 051384086,https://labstante.it,"Via Del Chiù, 68/70/72, 40133 Bologna , BO - Italia",,
LABORATORIO UTILITIES & ENTI LOCALI SRL,,,,info@luel.it | 00393519627866,,"Via Ilio Barontini 20, 40138 BOLOGNA , BO - Italia",,
Lackeby Products AB,,,,0046 480770100,https://lackeby.com,"TORSASGATAN 5F, 39239 KALMAR  - Svezia",,
LACROIX SOFREL SRL,,,,info.it.environment@lacroix.group | 0039010601911,https://lacroix-environment.it,"Piazza Borgo Pila, 39/3 - Torre B, 16129 GENOVA , GE - Italia",,
Ladurner Equipment Srl,,,,0039 0471 949 800,https://ladurnerequipment.com,"Via Innsbruck 33, 39100 Bolzano , BZ - Italia",,
LADURNER SRL,,,,info@ladurner.it | 00390471949800,https://ladurnerambiente.it,"Via Innsbruk 33, 39100 BOLZANO , BZ - Italia",,
LADY PLASTIK SRL,,,,info@ladyplastik.it | +390331 876637,https://ladyplastik.it,"Via Modena 5, 20020 ROBECCHETTO CON INDUNO , MI - Italia",,
LANGE LYCHE TEKNISK AS - European distributor Fournier Rotary Prees,,,,+47 90114268,https://langelyche.no,"Laerumveien 100, NO-3074 Sande i, Vestfold  - Norvegia",,
LASER ROMAE SRL,,,,,https://laserromae.it,"Viale Cesare Pavese, 305, 00144 Roma , RM - Italia",,
LAURIA GROUP SRL,,,,info@lauriagroupsrl.it | 0817593718 00390817593718,https://lauriagroupbilance.it,"Via delle Industrie, 242/246 - ZONA INDUSTRIALE, 80011 Napoli , NA - Italia",,
Leafield Environmental,,,,comms@leafieldenv.com | 07778471549,https://leafieldrecycle.com,"Leafield Ind Est, Leafield Way,, Corsham, SN13 9UD Corsham  - Regno Unito",,
Lecher ricerche e analisi Srl,,,,commerciale@lecher.it,https://lecher.it,"Via Roma, 145, 30030 Salzano , VE - Italia",,
LECO ITALY SRL,,,,lecoitaly@leco.com | 00390295343391,https://leco-europe.com,"Via Vittor Pisani 20, 20124 MILANO , MI - Italia",,
LEFORT S.A.,,,,f.esposito@lefort.com | +39 3490760888,https://lefort.com,"Rue Tahon 1/a, 6041 GOSSELIES  - Belgio",,
LEGA NAZIONALE COOPERATIVE E MUTUE,,,,amministrazione@legacoop.coop | 06844391,https://legacoop.coop,"VIa Guattani 9, 00161 ROMA , RM - Italia",,
LEISTER TECHNOLOGIES ITALIA SRL,,,,info@leister.it | +39 022137647,https://leister.com,"Via Edison 11, 20054 Segrate , MI - Italia",,
LENVIROS SRL,,,,info@lenviros.com | 080 3971186,https://lenviros.com,"Via degli Antichi Pastifici 8/B, 70056 MOLFETTA , BA - Italia",,
LEODAVINCI SRL,,,,info@leodavinci.eu | 00390523 1902720,https://leodavinci.eu,"Via Fornace 11/A, 29010 ROTTOFRENO , PC - Italia",,
LIEBHERR DISTRIBUZIONE ITALIA SPA,,,,info.lei@liebherr.com | 00390356969100,https://liebherr.com,"Via dell'Industria 8-12, 24040 LALLIO , BG - Italia",,
LINDEMANN METAL RECYCLING,,,,,,Germania,,
lindner,,,,0421231101,,"Manuel-Lindner-Strasse 1, 9800 Spittal / Drau  - Austria",,
Lindner Washtech,,,,+390421231101,https://lindner-washtech.com,"Manuel-Lindner-Strasse 1, 9800 Spittal/Drau  - Austria",,
Lindner-Recyclingtech GmbH,,,,,https://lindner.com,9800 Spittal / Drau  - Austria,,
LINEA STRADALE SRL,,,,info@lineastradale.com | 0039031856987,https://lineastradale.com,"Via Volta 7/a, 23845 COSTAMASNAGA , LC - Italia",,
LINEV SYSTEMS EU UAB,,,,info@linevsystems.com | 00370 60223099,https://linevsystems.com,"Ryternos g. 3C-1, Biruliški? k., LT-54469 Kauno r.  - Lituania",,
LODIGIANA RECUPERI SRL,,,,info@lodigianarecuperi.it | 0371 72375,https://lodigianarecuperi.it,"Via Leonardo da Vinci 4, 26834 Corte Palasio , LO - Italia",,
Logista,,,,comunicazione@logista.com,https://logista.it,"Via Valadier 37, 00193 Roma , RM - Italia",,
LOMBARDI INDUSTRIAL S.r.l.,,,,0758950052,https://lombardi-industrial.com,"Frazione Pantalla, 06059 Pantalla  - Italia",,
LONGO EUROSERVICE SRL,,,,longo@longoeuroservice.it | 00390804951175,https://longoeuroservice.it,"Via Castellana, S.S. 634, Km 6+700 2, 70014 CONVERSANO , BA - Italia",,
LSI LASTEM SRL,,,,info@lsi-lastem.com | +39 02954141,https://lsi-lastem.com,"Via ex SP 161 Dosso 9, 20049 SETTALA , MI - Italia",,
LUSCAN SPEDITION GMBH,,,,004317203405,https://luscanspedition.eu,"Vorgartenstraße 210, 1020 Wien  - Austria",,
LUTZ-JESCO GmbH,,,,499342879220,https://lutz-jesco.com,"Am Bostelberg 18, 30900 Wedemark  - Germania",,
M.A.I.E.,,,,maie@maie.it | 0544 296711,,"VIA FAENTINA 258, 48100 FORNACE ZARATTINI , RA - Italia",,
M.M. srl a socio unico,,,,info@mmgrigliati.it | 0039 0432 522 970,,"Via Antonio Zanussi 300/302, 33100 UDINE , UD - Italia",,
MAC.KER SRL,,,,info@macker.it | 049 0976743,,"Via F. Severi 18, 35011 CAMPODARSEGO , PD - Italia",,
MACHONE TECHNOLOGIE SA,,,,+41 79 8808652,,"Via del Lavoro, 8, 27030 Pieve Albignola , PV - Italia",,
MACOB S.R.L.,,,,0039 0998801566,,"Cpntrada Forcellara San Sergio snc, 74016 Massafra , TA - Italia",,
MACPLAST SRL,,,,info@macplastsrl.it | 0722 769321,https://macplastsrl.it,"Loc. Pratello Alto snc, 61026 BELFORTE ALL'ISAURO , PU - Italia",,
MACPRESSE EUROPA S.R.L.,,,,info@macpresse.com | 02 9052420,https://macpresse.com,"Loc. San Giuseppe, 7, 20080 VERNATE , MI - Italia",,
Magvalves Srl,,,,3473687698,https://magvalves.com,"Via Gran Sasso, 20009 Vittuone , MI - Italia",,
MAIP COMPOUNDING SRL,,,,a.nicola@maipsrl.com | 00390118965824,https://maipsrl.com,"Via Giovanni Verga 30, 10036 SETTIMO TORINESE , TO - Italia",,
MAKA CONTROL - GIO.VE Scope Industriali,,,,info@maka1.it | +39 3356960161,https://maka1.it,"Via Calvenzana Inferiore, 21, 23849 Rogeno , LC - Italia",,
MAKING BEST COLORS CHEMICAL INDUSTRIES SA.,,,,info@ferrobiogroup.com | 0034689109178,,"C/ Bélgica 5, 44300 MONREAL DEL CAMPO  - Spagna",,
MAKITA SPA,,,,marketing@makita.it | 00390331524111,https://makita.it,"Via Don Luigi Sturzo, 56/58, 20004 Arluno , MI - Italia",,
MALAMAN CTC Srl,,,,info@malamanctc.it | +39 0306864871,https://malamanctc.it,"Via del Pavione, 14, 25050 Paderno Franciacorta , BS - Italia",,
MALMBERG ENERGY,,,,info-it@malmberg.se | 045 6318536,https://malmberg.se,"Via Marco Biagi, 27, 37019 Peschiera del Garda , VR - Italia",,
MAN TRUCK & BUS ITALIA SPA,,,,ufficio.marketing@man.eu | 00390458299661,https://man.eu,"Via G.R. Gumpert,1, 37137 VERONA , VR - Italia",,
MANENTE SPURGHI SRL,,,,info@manente.it | 0039041482890,https://manente.it,"Via dell'Artigianato 13, 30030 SALZANO , VE - Italia",,
MANNI SRL,,,,info@mannipresse.it | 00390376415041,https://mannipresse.it,"Via Campione 11, 46031 BAGNOLO S.VITO , MN - Italia",,
MANTECH,,,,info@mantech-inc.com | 519 763 4245,https://mantech-inc.com,"5473 Highway 6 N, N1H 6J2 Guelph  - Canada",,
MANTINI SRL,,,,00393389393945,https://mantinisrl.it,"Via Penne 153/C, 66100 CHIETI , CH - Italia",,
MANTOVANIBENNE SRL,,,,marketing@mantovanibenne.com | 00390535615811,https://mantovanibenne.com,"Via Augusto Righi 21, 41037 MIRANDOLA , MO - Italia",,
MAP SRL,,,,info@mapsolutions.it | 00390710963399,,"Via Albertini, 36/I12, 60131 JESI , AN - Italia",,
MAPRO INTERNATIONAL SPA,,,,mapro@maproint.com | 00390362366356,https://maproint.com,"Via Vesuvio 2, 20834 NOVA MILANESE , MB - Italia",,
MARAZZATO SOLUZIONI AMBIENTALI SRL A SOCIO UNICO,,,,marketing@gruppomarazzato.com | 00390161320311,https://gruppomarazzato.com,"Via Boschetto 21, 13012 BORGO VERCELLI , VC - Italia",,
MARCOPOLO ENGINEERING SPA SISTEMI ECOLOGICI,,,,antonio.bertolotto@marcopolo-e.com | 00390171262348,https://marcopolo-e.com,"Via XI Settembre 37, 12011 BORGO SAN DALMAZZO , CN - Italia",,
MARINIMPIANTI SRL,,,,0385042018,https://marinimpianti.com,"Via Guido Ferrari 7, 27040 Verrua Po , PV - Italia",,
MARIVAN SRL,,,,0331 1087633,https://marivan.it,"Via Piave,12, 21049 TRADATE , VA - Italia",,
MARZAIOLI SPA,,,,0521672274,https://marzaioli.it,"Via emilia ovest 293/a, 43126 Parma , PR - Italia",,
MASCHINEN SCHMIDBERGER GMBH,,,,004982765896040,https://maschinen-schmidberger.de,"Am Sportplatz 10, 86672 Neukirchen  - Germania",,
MASSUCCO T. SRL,,,,info@massuccot.com | 0171401225,https://massuccot.com,"Via Genova 122, 12100 CUNEO , CN - Italia",,
MATEC INDUSTRIES SRL,,,,matec@matecindustries.com | +3905858365,https://matecindustries.com,"Corso Venezia 36, 20121 MILANO , MI - Italia",,
Materia Rinnovabile,,,,+39 3398436770,,"Via Giovanni Bensi 12/5, 20152 Milano , MI - Italia",,
MATTIUSSI ECOLOGIA SRL,,,,info@mattiussiecologia.com | 00390432 531521,https://mattiussiecologia.com,"Via Jacopo Linussio 80, 33100 UDINE , UD - Italia",,
Mauro Service Impianti srl,,,,info@mauroserviceimpianti.it | 0354541382,https://mauroserviceimpianti.it,"Viale Industria 4, 24040 Stezzano , BG - Italia",,
Max-AI® Advanced detection and sorting technology,,,,sales@max-ai.com | 0031 (0)205822030,https://max-ai.com,"Generatorstraat 16, 1014 AT AMSTERDAM  - Paesi Bassi",,
Max-AI® Robotic Sorters,,,,0031 0031205822030,https://max-ai.com,"Generatorstraat 16, 1014 AT Amsterdam  - Paesi Bassi",,
MAYEKAWA ITALIA SRL,,,,jun.muraoka@mayekawa.it | 00390248929218,https://mayekawa.it,"Via Riccardo Lombardi 16/12, 20153 MILANO , MI - Italia",,
MAZZOLENI TRAFILERIE BERGAMASCHE SPA,,,,info.tb@mazzoleni.it | 0039 035211004,https://mazzoleni.it,"Via Ponte Pietra 2, 24123 BERGAMO , BG - Italia",,
MB RED SRL,,,,export@mollebalestra.it | 011 2265300,https://mb-red.it,"via G.Amati n.192, 10078 Venaria , TO - Italia",,
Mecana AG,,,,c.buscaglia@mecana.ch | +41554641225,https://mecana.ch,"Industriestrasse 39, 8864 Reichenburg  - Svizzera",,
MECH WEB S.r.l.,,,,,,"Via Trieste, 100, 21023 VARESE , VA - Italia",,
Mecomer S.r.l.,,,,0298289086,https://mecomer.eu,"Via Del Tecchione 46, 20098 San Giuliano Milanese , MI - Italia",,
MEDIACOM SRL,,,,comunicazione@soluzionimediacom.com | 800023123,https://soluzionimediacom.com,"Via Jenner 51, 200159 MILANO , MI - Italia",,
MEGA SYSTEM SRL,,,,commerciale@megasystemsrl.com | +39 0290361622,https://megasystemsrl.com,"Via Don Fracassi 41, 20008 BAREGGIO , MI - Italia",,
MEKOIL OLEODINAMICA SRL,,,,0597114588,https://mekoil.it,"VIA S.S. 12 DEL BRENNERO, 96, 41030 SAN PROSPERO SULLA SECCHIA , MO - Italia",,
MEM SPA,,,,3402220635,,"VIA RAFFAELLO SANZIO 18/20, 20054 SEGRATE , MI - Italia",,
MEMBRANE SYSTEMS EUROPE B.V.,,,,info@biogasmembrane.eu | 0031(0)535369020,https://biogasmembrane.eu,"David Ricardostraat 6 6, 7559 SH HENGELO  - Paesi Bassi",,
MENDELSOHN - LOGOS ITALIA SRL,,,,mendelsohn@mendelsohn.it | 0805585894,https://mendelsohn.it,"Via Cardassi 26, 70121 BARI , BA - Italia",,
MENDIZZA SRL,,,,info@mendizza.com | 015 541233,https://mendizza.it,"Via Carducci 14, 13875 PONDERANO , BI - Italia",,
Mérieux NutriSciences,,,,environmental.italy@mxns.com | 0423 7177,https://merieuxnutrisciences.com,"Via Fratta 25, 31023 RESANA , TV - Italia",,
MET MEDICAL EQUIPMENT SRL,,,,scientific.support@o3met.com | 00390510301730,,"Via Emilia 458, 40064 Ozzano dell'Emilia , BO - Italia",,
Metal Power Analytical Pte. Ltd,,,,,https://metalpower.sg,"CECIL STREET ,20, 049705 SINGAPORE  - Malaysia",,
METALLURGICA BRANCHETTI SRL,,,,commerciale@branchettisrl.it | +39 0543917340,https://branchettisrl.it,"Via Ponte Larciano 103, 47021 BAGNO DI ROMAGNA , FC - Italia",,
METALMECC SRL,,,,info@pellettatricimetalmecc.it | 0141234382,https://pellettatricimetalmecc.it,"Viale Papiniano, 24, 20123 Milano , MI - Italia",,
METALTECNICA SRL,,,,marta.zanolo@metaltecnicazanolo.it | 00390163850497,https://metaltecnicazanolo.com,"Via G. Matteotti 151, 23077 PRATO SESIA , NO - Italia",,
metcam service GmbH,,,,info@metcam.ch | 0041 798255040,https://metcam.ch,"Länggasse 3, 6208 Oberkirch  - Svizzera",,
MeTe srl,,,,+39 3483510336,,"Viale Arciprete Francesco Santoni, 16, 38062 Arco , TN - Italia",,
Meyer Italy,,,,3382298930,https://meyer-italy.it,"via dell'artigianato, 20865 Usmate Velate , MB - Italia",,
MG RECYCLING SRL,,,,info@mgrecycling.it | +39 0532897664,https://mgrecycling.it,"Via E. Rossaro 7, 44012 BONDENO , FE - Italia",,
MGT Italia s.r.l.,,,,+39 339 7822965,,"Via Clemente Baroni Cavalcabò, 7, 38068 Rovereto , TN - Italia",,
"MICRO SENSOR CO., LTD",,,,,,"Ying Da Lu, 721006 Bao Ji Shi  - Cina",,
MICROBIOGASITALIA SRL,,,,info@microbiogasitalia.it | 00393471806145,https://microbiogasitalia.it,"Via San Siro,17, 29121 PIACENZA , PC - Italia",,
MICROTRAC,,,,,https://microtrac.it,"Retsch-Allee 1-5, 42781 Hahn  - Germania",,
MIDI EQUIPMENT SPA,,,,,,"Via Vittorio Veneto 66, 37053 CEREA , VR - Italia",,
MILLE SRL,,,,info@millesrl.it | 0039 0425840108,https://millesrl.it,"Via Delle Arti 46, 45030 CASTELNOVO BARIANO , RO - Italia",,
MILLER MAC SRLS,,,,info@millermac.it | 00390499401860,https://millersrl.it,"Via G. Galilei 167, 35010 SAN GIORGIO IN BOSCO , PD - Italia",,
MILWAUKEE,,,,,,MI - Italia,,
MINELLI SRL,,,,info@minellisrl.it | 00390307751509,https://minellisrl.it,"Via Bonfadina 81-83, 25046 CAZZAGO SAN MARTINO , BS - Italia",,
MINERALI INDUSTRIALI S.R.L.,,,,info@minerali.com | +39 0321377600,https://minerali.com,"P.zza Martiri della Libertà 4, 28100 NOVARA , NO - Italia",,
MINERARIA DI BOCA SPA,,,,info@minerariadiboca.it | 00390522771964,https://minerariadiboca.it,"Via Macina 2, 42013 SALVATERRA DI CASALGRANDE , RE - Italia",,
MININI SPA A SOCIO UNICO,,,,info@minini.it | +39 0309360002,https://minini.it,"Via Dell'Artigianato 3/5, 25028 VEROLANUOVA , BS - Italia",,
MION & MOSOLE IMPIANTI ASPIRAZIONE INDUSTRALI SPA,,,,info@mionmosole.it | 00390422988600,https://mionmosole.it,"VIA DELLA LIBERTA' 33, 31052  CANDELU' , TV - Italia",,
MITA WATER TECHNOLOGIES SRL,,,,sales@mitawt.it | +39 02 9475 4754,https://mitawatertechnologies.com,"Via del Benessere 9, 27010 SIZIANO , PV - Italia",,
MITAmbiente SRL,,,,info@mitambiente.it | 0039 0289297700,https://mitambiente.it,"Via Benaco 9, 20098 SAN GIULIANO M.SE , MI - Italia",,
MITSUBISHI ELECTRIC EUROPE B.V.,,,,mitsubishielectric.marketingfa@it.mee.com | 03960531,https://it.mitsubishielectric.com,"Campus Energy Park - via Energy Park 14, 20871 VIMERCATE , MB - Italia",,
MIZAR MAKINA LTD STI,,,,sales@mizar.com.tr | 00903325012626,https://mizar.com.tr,"FEVZICAKMAK MH 10753 SK 38/C 38/C, 42050 KARATAY-KONYA  - Turchia",,
MIZAR SRL,,,,info@mizar.technology | +393356678227,https://mizar.technology,"Via Campioli 14, 42019 SCANDIANO , RE - Italia",,
MOBA ELECTRONIC SRL,,,,salesitaly@moba.de | 3358273885,https://moba-automation.it,"Via Germania 12/A, 37069 VILLAFRANCA DI VERONA , VR - Italia",,
Mobile Water Solutions,,,,+39 345 7065970,https://nsimobilewatersolutions.com,"Via Apelle, 24, 20128 Milano , MI - Italia",,
MODENA CENTRO PROVE SRL,,,,,https://modenacentroprove.it,"Via Sallustio 78, 41123 MODENA , MO - Italia",,
MODULA SPA,,,,info@modula.com | 00390522774111,https://modula.com,"Via San Lorenzo 41, 42013 SALVATERRA DI CASALGRANDE , RE - Italia",,
MODULPIPE SRL,,,,335228160,,"Via Maria Malibran, 15, 25131 Fornaci , BS - Italia",,
MOLINARI RECYCLING,,,,info@molinari-recycling.com | 00390345317801,https://molinari-recycling.com,"Via dell'Industria 4, 24010 LENNA , BG - Italia",,
Montana S.p.A.,,,,segreteria@montanambiente.com | +39 0254118173,https://montanambiente.com,"Via Angelo Fumagalli, 6, 20143 Milano , MI - Italia",,
MONTECCHIO AMBIENTE SRL,,,,3493063173,https://montecchioambiente.it,"Via Tezze di Cereda, 22, 36075 Cornedo Vicentino , VI - Italia",,
MONTELLO SPA,,,,info@montello-spa.it | 0039035689111,https://montello-spa.it,"Via Fabio Filzi 5, 24060 MONTELLO , BG - Italia",,
MOVENGINEERING SRL,,,,mail@moven.it | 0039035703579,https://movengineering.com,"Via Campignano 6, 24020 PARRE , BG - Italia",,
Moxba Group,,,,r.loguercio@moxba.nl | +31630423698,https://moxba.com,"Sourethweg, 6422 PC HEERLEN LIMBURG  - Paesi Bassi",,
MP-HT SRL,,,,info@mphtcleaning.com | 0497968360,,"Via Tamburin 19, 35010 LIMENA , PD - Italia",,
MPM FLEXIBLE PROTECTIONS,,,,0499301773,https://mpmprotections.com,"Via Europa 2, 35010 Santa Giustina in Colle , PD - Italia",,
MRU ITALIA SRL,,,,info@mru.it | 0039 0445851392,https://mru.it,"Via San Massimiliano Kolbe 2, 36016 THIENE , VI - Italia",,
MTB GROUP,,,,,https://mtb-recycling.fr,"Parc d'Activités des Balmes Dauphinoises3553 Route de Chamont, 38890 Saint-Chef  - Francia",,
MTB recycling,,,,+39 0490412231101,,"via dell'industria 21, eraclea , VE - Italia",,
MTD SRL,,,,info@mtdsrl.it | 00390457157266,,"Via Volta 2, 37026 SETTIMO DI PESCANTINA , VR - Italia",,
MTM ENERGIA SRL,,,,info@mtmenergia.com | 0331 658627,https://mtmenergia.com,"Via G. Marconi 107, 20020 MAGNAGO , MI - Italia",,
MTS MOBILE TIEFBAU SAUGSYSTEME GMBH,,,,info@saugbagger.com | 00497274500600,,"Siegfried-Jantzer Straße 5-7, 76726 GERMERSHEIM  - Germania",,
MULTIPROJECT,,,,0481524204,https://multiproject.go.it,"Via Terza Armata 117/7, 34170 Gorizia , GO - Italia",,
MULTITEL PAGLIERO SPA,,,,info@pagliero.com | 0175 255211,https://multitelgroup.com,"Strada Statale 114, 12030 MANTA , CN - Italia",,
MULTITRAX - MTRAX,,,,info@multitrax.it | 0039 0372837055,https://multitrax.it,"Via delle Vigne 184, 26100 CREMONA , CR - Italia",,
MVM SRL,,,,mvmsrl@mvmsrl.it | 0522632266,,"Via del Progresso 14, 42015 CORREGGIO , RE - Italia",,
MYREPLAST INDUSTRIES SRL,,,,info@myreplastindustries.it | +39 0306871152,https://myreplastindustries.it,"Via Monteroseo 19/M, 25081 Bedizzole , BS - Italia",,
N.T.W. SRL,,,,info@ntwgroup.it | 00390423859836,,"Via dell'Artigianato 8, 31041 CORNUDA , TV - Italia",,
NAHTEC NAHWÄRMETECHNOLOGIE & ANLAGENTECHNIK GMBH,,,,jenny.herbst@nahtec.at | 0043 0318249480,https://nahtec.at,"Philipsstraße 37, 8403 LEBRING  - Austria",,
NANDO AI,,,,info@nandoai.com | 3427376591,https://nandoai.com,"Via Cernaia, 10122 Torino , TO - Italia",,
NASSO GROUP SRL,,,,3510167463,https://nassogroup.it,"VIA ROMA 327, 80027 FRATTAMAGGIORE , NA - Italia",,
Natù Srl SB,,,,info@natuesg.it | 0541 1815700,,"Via Ravenna 151/D, 47814 Bellaria - Igea Marina , RN - Italia",,
NATURA SRL,,,,0233295838,https://grupponatura.com,"PIAZZALE CADORNA, 2, 20123  , MI - Italia",,
NCR BIOCHEMICAL SPA,,,,info@ncr-biochemical.it | 0039 051 6869611,https://ncr-biochemical.it,"Via dei Carpentieri, 8, 40050 Castello d'Argile (BO) , BO - Italia",,
NENUFAR SAS,,,,,https://nenufar.it,"Rue Charles Tillon - Batiment B7 127, 93300 Aubervilliers  - Francia",,
NETRIBE BUSINESS SOLUTIONS S.R.L.,,,,info@netribegroup.com | 00390522232378,https://netribegroup.com,"Via della Costituzione 27/4, 42124 REGGIO EMILIA , RE - Italia",,
NETZSCH POMPE & SISTEMI ITALIA SRL,,,,info.npi@netzsch.com | 045 8200755,https://netzsch.com,"Via A. Fleming 17, 37135 VERONA , VR - Italia",,
NEW ECOLOGY SOLUZIONI E SICUREZZA S.R.L.,,,,info@newecology.net | 0289281394,https://newecology.net,"Via Paisiello 105, 20092 CINISELLO BALSAMO , MI - Italia",,
NEW HOLLAND AGRICOLTURE BRAND DI CNH INDUSTRIAL ITALIA SPA,,,,newhollandtopservice.italia@cnhind.com | 0080064111111,https://newholland.com,"Lungo Stura Lazio, 19, 10156 Torino , TO - Italia",,
NEW MECA SRL,,,,0039 09681900854,https://newmeca.it,"CONTRADA ANNITIELLO SNC, Lamezia Terme , CZ - Italia",,
NEW MECA SRL,,,,0968209075,"https://newmeca,it","S.P 187 LOCALITA POSTE, 81011 CE , CE - Italia",,
NEXT TECHNOLOGY TECNOTESSILE SRL,,,,service@tecnotex.it | 0574634040,,"Via del Gelso 13, 59100 PRATO , PO - Italia",,
NEXTRA EVOLUTION S.R.L.,,,,080/2149440,,"KM 1 SP231, 70026 Modugno  - Italia",,
NG Nordic,,,,4791378853,https://ngnordic.com,"Lysaker torg 35, 1366 Lysaker  - Norvegia",,
NIAGARA SRL,,,,info@niagarapoggio.it | 00390532829801,https://niagarapoggio.it,"Via Amendola 12, 44028 POGGIO RENATICO , FE - Italia",,
NICO S.r.l.,,,,nicospa@nicospa.it | +390931765911,https://nicospa.it,"Contrada Biggemi Ex S.S. 114Km, 96010 PRIOLO GARGALLO , SR - Italia",,
NICOLA VERONICO SRL,,,,veronico@veronico.it | 080 5328910,https://veronico.it,"Strada Provinciale 231Km.1,680, 70026 MODUGNO , BA - Italia",,
NIECO SPA,,,,0039064190596,https://nieco.it,"Via Amaseno 46, 00131 ROMA , RM - Italia",,
NIEDERSTÄTTER SPA,,,,info@niederstaetter.it | 00390471061100,https://niederstaetter.it,"Via Achille Grandi 1, 39100 BOLZANO , BZ - Italia",,
NIHOT RECYCLING TECHNOLOGY BV,,,,info@nihot.nl | 0031205822030,https://nihot.nl,"Generatorstraat 16, 1014 AT AMSTERDAM  - Paesi Bassi",,
NIMS SPA,,,,ufficio.commerciale@nims.it | 00390498285505,https://nims.it,"V.le della Navigazione Interna 18, 35129 PADOVA , PD - Italia",,
"NINGO LIANDA PIPE CO., LTD",,,,,,"Wengfang Village, Hemudu Town, Yuyao City,, 315414 Ningbo  - Cina",,
NOLPAL SRL,,,,3425512827,https://nolpal.it,"Piazza Massimo D'Antona 21, 47522 CESENA , FC - Italia",,
NORD ENGINEERING SPA,,,,info@nordengineering.com | 0171 610299,https://nordengineering.com,"Via Divisione Cuneense 19/b, 12023 CARAGLIO , CN - Italia",,
NORDTEST SRL,,,,info@nordtest.it | 014362422,https://nordtest.it,"Via Liverno 11, 15069 SERRAVALLE SCRIVIA , AL - Italia",,
NORIT ITALIA SPA,,,,norit-italia@norit.com | 0544 451514,https://norit.com,"VIA A. NEGRINI 9, 48100 RAVENNA , RA - Italia",,
northon trasmissioni srl,,,,3342393462,https://northon-trasmissioni.it,"via veneto, 6,, 25069 VILLA CARCINA , BS - Italia",,
NORTHTEC SRL,,,,info@northtec.it | 00390383805751,https://northtec.it,"Piazza Cavour 19, 27045 Casteggio , PV - Italia",,
NOVAIR SAS,,,,0033156460203,https://novair.fr,"Rue de la Belle Étoile 139, 95700 ROISSY CDG CEDEX  - Francia",,
NOVAMONT SPA,,,,direzione.commerciale@novamont.com | 00390321699611,https://novamont.com,"Via G. Fauser 8, 28100 NOVARA , NO - Italia",,
NPC  SRL,,,,amministrazionenpc@npcitalia.com | 0172742518,,"Via G. Marconi 120/B, 12030 MARENE , CN - Italia",,
NTI ITALY SPA,,,,info-it@nti-group.com | 0284190472,https://nti-group.com,"Via Isonzo 1, 20812 Limbiate , MB - Italia",,
NUOVA C. PLASTICA SRL,,,,cmoira@nuovacplastica.com | 00390542670330,https://nuovacplastica.com,"Via dell'Artigianato 2/8, 40023 CASTEL GUELFO DI BOLOGNA , BO - Italia",,
NUOVA CONTEC S.r.l.,,,,info@nuovacontec.com | +39 0427 799505,https://nuovacontec.com,"Zona Industriale 2-1, 33086 MONTEREALE VALCELLINA , PN - Italia",,
nuovapanelectric srl,,,,0833570121,,"via lecce, 1, 73048 Nardo' , LE - Italia",,
NUOVO S.R.L.,,,,simona@nuovosrl.it | 085 9218154,https://nuovosrl.it,"Strada Gaglierano, 70, 65013 CITTA' S. ANGELO , PE - Italia",,
O.M.IT SRL,,,,0693494010,,"Via Cancelliera,10, 00041 Albano Laziale , RM - Italia",,
O.M.R. SRL,,,,acquisti@omrserrature.it | 00390114702379,,"Via Tetti dell'Oleo 55, 10071 BORGARO TORINESE , TO - Italia",,
O.R.M. OMNIA RESINA MAZZOTTI S.R.L.,,,,omniares@orm.it | 0545 76037,,"Via Molinello 10/b, 48031 BAGNARA DI ROMAGNA , RA - Italia",,
O.R.S.I. SRL,,,,info@orsitortona.it | +39 0131861016,,"Corso Alessandria 49, 15057 TORTONA , AL - Italia",,
OBLYSIS,,,,,,"Viale Trieste, 91, 09025 Sanluri , SU - Italia",,
OCTAVE,,,,,,"Strada 7, Palazzo R1, 20089 Rozzano , MI - Italia",,
OEKOBIT GmbH,,,,0049 6502 93859206,https://oekobit-biogas.com,"Europa-Allee 57, 54343 Föhren , RP - Germania",,
OFF. MECC. F.LLI TABARELLI SPA,,,,info@tabarelli.com | 0039 0457930007,https://tabarelli.com,"Via Dalla Chiesa 2, 37060 MOZZECANE , VR - Italia",,
OFFICINA DELLA GHIAIA SRL,,,,,,"Via Lega Lombarda 4, 20812 LIMBIATE , MB - Italia",,
OFFICINE CARRA SRL,,,,,,"Via Soleto, 105, 73025 Martano , LE - Italia",,
OFFICINE CUCINI SRL,,,,,https://cucini.it,"Via delle Città, 15, 50052 Bassetto , FI - Italia",,
Officine di Trevi S.a.s,,,,info@officineditrevi.com | +39 0742381616,https://officineditrevi.com,"S.S. Flaminia km 145, 06039 Trevi , PG - Italia",,
OFFICINE MACCAFERRI ITALIA srl,,,,info@it.maccaferri.com | 00390516436000,https://maccaferri.com,"Via del Faggiolo, 1/11E, 40132 Bologna , BO - Italia",,
OFFICINE MOTTOLA SRL,,,,info@mottola.it | 080 00390804681414,https://mottola.it,"Str. Prov.le per Carbonara s.n., 70019 TRIGGIANO , BA - Italia",,
OFFICINE RDR-AVIOMAR SRL,,,,0518651511,https://rdr.it,"Viale Sardegna, 2, 80059 Torre del Greco , NA - Italia",,
Officine Sostenibili società benefit srl,,,,info@officinesostenibili.com | 0824 1748461,https://officinesostenibili.com,"c.da Piano Cappelle, S.S. Appia km 267, 82100 Benevento , BN - Italia",,
OLI SPA,,,,infoitalia@olivibra.com | 0535410611,,"Via Canalazzo 35, 41036 MEDOLLA , MO - Italia",,
OMAL SPA SOCIETA' BENEFIT,,,,sales@omal.it | 0308900145,https://omal.it,"Via Ponte Nuovo 11, 25050 RODENGO SAIANO , BS - Italia",,
OMAR SRL,,,,info@omar.it | 0039 0422725890,https://omar.it,"Via Marmolada, 2 Z.I. Nord, 31027 SPRESIANO , TV - Italia",,
OMD SRL,,,,info@omdgreen.com | +39 0422 771328,,"Via Foscarini 41, 31040 Nervesa della Battaglia , TV - Italia",,
OMER ECOLOGY SRL,,,,commerciale@omergroup.com | 0424858459,https://omergroup.com,"Via Padre O. Nicolini 14, 36027 ROSA' , VI - Italia",,
Omerastore GmbH,,,,info@omerastore.de | +49 377156740,https://omerastore.com,"Am Emaillierwerk 1, 08315 LAUTER-BERNSBACH  - Germania",,
OMICRON SISTEMI SRL,,,,marketing@omicronsistemi.it | 003902313941,https://omicronsistemi.it,"Via Borgese, 10, 20154 MILANO , MI - Italia",,
OMIS XL,,,,xl@omis.net | +39 3651590252,https://omis.net,"Via G. Zanardelli 102, 25089 VILLANUOVA SUL CLISI , BS - Italia",,
One Team srl,,,,marketing@oneteam.it | 39 02 47719331,https://oneteam.it,"Via Giovanni Gioacchino Winckelmann, 1, 20146 Milano  - Italia",,
Onerian,,,,3898703886,https://onerian.com,"Via Pasquale Pardi 15, 56121 Pisa , PI - Italia",,
OPAL INGÉNIERIE,,,,contact@opaling.com | 0033535547608,https://opaling.com,"8 au MAS, 33710 BOURG  - Francia",,
ORAC' E' SRL,,,,claudio.lombardi@orace.eu | 00390312267719,https://orace.eu,"Via Europa 6, 22070 CIRIMIDO , CO - Italia",,
ORAM S.R.L.,,,,,https://oramsrl.it,"Via Antiniana, 2e, 80078 Pozzuoli , NA - Italia",,
ORIM SRL,,,,orim@orim.it | 00390733283040,https://orim.it,"Via D.Concordia 65, 62100 PIEDIRIPA - MACERATA , MC - Italia",,
ORION SRL,,,,orionsrl1@virgilio.it | 0039035240717,https://orionrecycling.it,"Via A. Maj 24, 24121 BERGAMO , BG - Italia",,
ORWAK AB,,,,+46 382 157 00,https://orwak.com,"Svetsaregatan 4, S-576 33 SÄVSJÖ  - Svezia",,
OSTP ITALY SRL,,,,,,Italia,,
OVOKO,,,,37064762911,https://ovoko.it,"Žirmunu g. 70 - 701, LT-, 09124 Vilnius  - Lituania",,
OXYMAT A/S,,,,004553311173,https://oxymat.dk,"Banevænget 13, st., 3460 Birkerød  - Danimarca",,
PA SERVICE SRL,,,,rosa.circolo@paservicesrl.com | 00390471068800,,"Via dell'Adige 16, 39040 CORTACCIA , BZ - Italia",,
PAAL,,,,fernando.ramirez@kadant.com | +34 937470900,https://kadantpaal.com,"Av. Can Jofresa 73, 08223 TERRASSA  - Spagna",,
PAKELO MOTOR OIL SPA,,,,pakelo@pakelo.it | 0039 0456101643,https://pakelo.com,"Viale delle Fontanelle 54, 37047 SAN BONIFACIO , VR - Italia",,
PAL SRL,,,,info@pal.it | +39 0422852300,https://pal-greendivision.it,"Via delle Industrie 6/B, 31047 PONTE DI PIAVE , TV - Italia",,
PALADERI,,,,3481167721,https://paladeri.it,"VIA CRISPI 69, 80125 Napoli , NA - Italia",,
PALFINGER ITALIA SPA,,,,marketing@palfingeritalia.com | 00390522 2377,https://palfingeritalia.com,"Via E. Tirelli 26/A, 42122 REGGIO EMILIA , RE - Italia",,
PALFINGER SRL,,,,sales-it@palfinger.com | 059252426,https://palfinger.it,"Via E. De Nicola 31 31, 41122 MODENA , MO - Italia",,
PALLADIO TEAM FORNOVO SRL,,,,,,"Strada Neviano de’ Rossi, 51, 43045 FORNOVO DI TARO , PR - Italia",,
PALMIERI SPA,,,,info@palmierigroup.com | 0039053432511,,"Via Industria 58, 40041 GAGGIO MONTANO , BO - Italia",,
PALUGICA,,,,,https://palugica.it,"Via Giuseppe Avezzana, 6, 00195 Roma , RM - Italia",,
PANAMETRICS LIMITED,,,,353873481481,https://panametrics.com,"Unit 2, Villiers Court, 40 Upper Mulgrave Road, Cheam, Sutton, Surrey, SM2 7AJ, SM2 7AJ Surrey  - Regno Unito",,
Pangea Biofarm Soc. Agr. Srl,,,,info@pangeabiofarm.com | 0305236694,https://pangeabiofarm.com,"Via Bargnana, 7/A, 25038 Rovato , BS - Italia",,
PARFER SITI SRL,,,,info@parfersiti.com | 0295741331,https://parfersiti.com,"Via Provinciale 11, 20042 PESSANO CON BORNAGO , MI - Italia",,
PASSEPARTOUT SPA,,,,info@passepartout.sm | 0549978011,https://passepartout.net,"Via Consiglio dei Sessanta 99, 47891 DOGANA  - San Marino",,
PATERLEGNo DI DONATO RUSSO & C. SRL,,,,paterlegno@libero.it | 00390975340105,,"C/da Frassineto 2, 85050 PATERNO , PZ - Italia",,
PCM GROUP ITALIA SRL,,,,direne@pcm.eu | +39 0382 1632550,https://pcm.eu,"P.zza S.Pietro in Ciel d’oro,18, 27100 Pavia , PV - Italia",,
PEAKS-ECO,,,,,https://peaks-eco.com,"Ningjin Industrial ParkDezhou City, Shandong Province, - Cina",,
PELLENC SELECTIVE TECHNOLOGIES,,,,contact@pellencst.com | 33 490094790,https://pellencst.com,"125 rue Francois Gernelle, 84124 PERTUIS CEDEX 4  - Francia",,
PEMO PUMPS - Perissinotto spa,,,,peris@pemo.com | 003902250731,https://pemopumps.com,"VIa Pascoli 17, 20055 VIMODRONE , MI - Italia",,
PERKINELMER SCIENTIFICA ITALIA SRL,,,,cc.italy.aes@perkinelmer.com | 800790758,https://perkinelmer.com,"Viale dell'Innovazione 3, 20126 MILANO , MI - Italia",,
PERONTECNICI SRL,,,,perontecnici@perontecnici.it | +39049 681093,https://perontecnici.it,"Via Marco Polo, 17, 35020 ALBIGNASEGO , PD - Italia",,
PETROLTECNICA SPA,,,,info@petroltecnica.it | +39 0541755810,https://petroltecnica.it,"Via Rovereta 32, 47853 CERASOLO AUSA di CORIANO , RN - Italia",,
PFC 2000 SRL,,,,acquisti@pfc2000.com | 00390354872102,https://pfc2000.com,"Via Crema 70, 24055 COLOGNO AL SERIO , BG - Italia",,
PHILEOLE,,,,003247786225,,"Avenue Maréchal Foch 12, 1330 Rixensart  - Belgio",,
PHYSIS SRL,,,,physissrl@physissrl.com | 050 3160039,https://physissrl.com,"Via Lavoria 7/C, 56040 CRESPINA LORENZANA , PI - Italia",,
PIA PRÜFINSTITUT FÜR ABWASSERTECHNIK GMBH,,,,info@pia-gmbh.com | 00492417508220,https://pia-gmbh.com,"Hergenrather Weg 30, 52074 AACHEN  - Germania",,
PIAGGIO & C. SPA,,,,pietro.tota@piaggio.com | 00390587272920,https://commercial.piaggio.com,"Viale Rinaldo Piaggio 25, 56025 PONTEDERA , PI - Italia",,
PICVISA MACHINE VISION SYSTEMS SL,,,,info@picvisa.com | 0034938017610,https://picvisa.com,"Carretera De Manresa 50-60, 08280 CALAF - BARCELONA  - Spagna",,
PIERALISI,,,,info@pieralisi.com | 0731 2311,https://pieralisi.com,"Via Don Battistoni 1, 60035 JESI , AN - Italia",,
PIETRANET SRL,,,,info@pietranet.it | +39 0464872622,,"Piazza Manifattura n. 1, 38068 ROVERETO , TN - Italia",,
PIETRO FIORENTINI SPA,,,,sales@fiorentini.com | 0039 0444968511,https://fiorentini.com,"Via E. Fermi 8/10, 36057 ARCUGNANO , VI - Italia",,
PIGOZZO SYSTEM,,,,info@pigozzosystem.it | 00390425095165,https://pigozzosystem.it,"Via Benvenuto Tisi da Garofolo 47 A/3, 45100 ROVIGO , RO - Italia",,
PINTO ALLESTIMENTI,,,,antonia.pinto@pintoallestimenti.it | 0831746210,https://pintoallestimenti.com,"VIA PROVINCIALE ORIA KM 1,800, 72028 TORRE SANTA SUSANNA , BR - Italia",,
PIPECARE,,,,,https://pipecareitalia.com,MI - Italia,,
PL DI LAZZARI SRL,,,,info@pldilazzari.com | 0583403264,https://pldilazzari.com,"Via di Sottopoggio, 55060 Capannori , LU - Italia",,
PLANETEK ITALIA SRL,,,,pappalepore@planetek.it | 0809644200,https://planetek.it,"Via Massaua 12, 70132 BARI , BA - Italia",,
PLASTEK SRL,,,,info@plasteksrl.it | 0425/405523,https://plasteksrl.it,"Via S. Leonardo 6, 45010 VILLADOSE , RO - Italia",,
PLASTIC SORT SRL,,,,info@plasticsort.com | 00390542640064,https://plasticsort.com,"Via dell'Agricoltura 9, 40026 IMOLA , BO - Italia",,
PLASTICA CESENA SRL,,,,info@plasticacesena.com | 00390543745063,https://plasticacesena.com,"Viale 2 Agosto 759, 47032 Panighina di Bertinoro , FC - Italia",,
PLASTIK GOGIC,,,,z.bogovac@plastikgogic.rs | +381 63514730,https://plastikgogic.rs,"Kralja Petra I 227, 22320 INDJIJA - SERBIA  - Serbia",,
PLASTIMONTELLA SRL,,,,info@plastimontella.com | 0039 082761633,https://plastimontella.com,"Contrada Baruso Area p.i.p., 83048 MONTELLA , AV - Italia",,
PLURES SPA,,,,info@aliaserviziambientali.it | 003905573391,,"Via Baccio da Montelupo 52, 50142 FIRENZE , FI - Italia",,
PM BUILDING ECOLOGY S.R.L.,,,,3774771361,,"VIA BASSANO DEL GRAPPA,4, 00195 ROMA , RM - Italia",,
PM_TEN SRL,,,,info@pmten.it | +39 010 292 2016,,"Piazza della Vittoria 7/14, 16121 GENOVA , GE - Italia",,
PNEUMOFORE,,,,info@pneumofore.com | 011 9504030,https://pneumofore.com,"Via N. Bruno 34, 10098 RIVOLI , TO - Italia",,
POLAT MAKINA SAN VE TIC. A.S.,,,,industrial@polatas.com.tr | 0090 2562310473,https://polatas.com.tr,"Ata Osb Mah Astim 1. Cad.No. 6, 09100 EFELER - AYDIN  - Turchia",,
POLIECO - CONSORZIO POLIECO,,,,eventi@polieco.it | 0039066896368,https://polieco.it,"Piazza di S. Chiara 49, 00186 ROMA , RM - Italia",,
POLIRECUPERI S.R.L.,,,,info@polirecuperi.it | 0293562078,https://polirecuperi.it,"VIA G. GALILEI 63, 20007 CORNAREDO , MI - Italia",,
Politechnika Wroc?awska,,,,0048713203137,,"Wybrze?e Stanis?awa Wyspia?skiego 27, 50-370 Wroc?aw  - Polonia",,
POLLINACTION SRL,,,,+39 0464 443184,,"Via padre Eusebio Chini, 2/3, 38123 Trento , TN - Italia",,
POLLUTION SRL,,,,pollution@pollution.it | +39 0516931840,https://pollution.it,"Via Guizzardi 52, 40054 Budrio , BO - Italia",,
POMILI DEMOLIZIONI SPECIALI,,,,luca.pomili@pomilids.it | 331 1810255,https://pomili.it,"Via Salaria Km 26.300 snc, 00015 Monterotondo , RM - Italia",,
POR.CELLI SRL,,,,,https://officineporcelli.com,"Via G. Rossa 23, 46020 PEGOGNAGA , MN - Italia",,
PORTWEST UC,,,,00393401112721,https://portwest.com,"IDA Business & Technology Park, F28 FY88 Westport, Co Mayo  - Irlanda",,
PÖTTINGER ENTSORGUNGSTECHNIK GMBH,,,,entsorgung@poettinger.at | 0043724890012309,https://poettinger-oneworld.at,"Obertrattnach 131, 4715 TAUFKIRCHEN AN DER TRATTNACH  - Austria",,
POVELATO SRL,,,,povelato@povelato.it | 0039 041991622,https://povelato.it,"Via delle Macchine 15/17, 30038 SPINEA , VE - Italia",,
PPU Umwelttechnik GMBH,,,,info@clearfox.com | +49 921 15110200,,"Carl-Kolb-Str. 6, 95448 Bayreuth  - Germania",,
PRATOVERDE SRL,,,,marketing@pratoverde.it | 00390499128128,https://pratoverde.it,"Via S. Pelagio 2, 35020 DUE  CARRARE , PD - Italia",,
PRECISION FLUID CONTROLS SRL,,,,precision@precisionfluid.it | 0039 0289159270,https://precisionfluid.it,"Via Watt 37, 20143 MILANO , MI - Italia",,
PRECO SYSTEM S.r.l.,,,,info@precosrl.com | +39 0432 970597,,"Via Cavazzo 70, 33013 Gemona del Friuli , UD - Italia",,
PRESSE BULL SRL,,,,info@pressebull.it | 00393483311728,https://pressebull.it,"Via Gabriele Jannelli 220, 80131 NAPOLI , NA - Italia",,
PREVIAMBIENTE,,,,segreteria@fondopreviambiente.it | 06 40043660,https://previambiente.it,"Lungotevere Michelangelo, 9, 00192 ROMA , RM - Italia",,
PREVOR,,,,3476126311,https://prevor.com,95760 Valmondois  - Italia,,
PREXOR SAS,,,,info@prexor.com | 0039058472316,https://prexor.com,"Via Torraccia 15, 55045 PIETRASANTA , LU - Italia",,
PREZERO POLYMERS ITALY SPA,,,,polymers.sales@prezero.com | 003904239298803,https://prezero-international.com,"Via Dell'Artigianato 3, 31010 FONTE , TV - Italia",,
Primorski tehnološki park d.o.o.,,,,0038640701357,https://primorski-tp.si,"Mednarodni prehod 6, 5290 Šempeter-Vrtojba  - Slovenia",,
PRO-GEST SPA,,,,info@pro-gestspa.it | 00390422832336,https://progestspa.com,"Via Castellana 90, 31036 OSPEDALETTO D'ISTRANA , TV - Italia",,
PROCHILE - TRADE COMMISION OF CHILE IN ITALY,,,,italia@prochile.gob.cl | 0056233220000,https://prochile.gob.cl,"Teatinos 180, PISO 10, 8340650 SANTIAGO  - Cile",,
PRODECOLOGIA SMF,,,,separator@prodecolog.com.ua | +380362 63 08 77,,"Mlynivska str. 32, 33030 RIVNE  - Ucraina",,
PRODEVAL ITALIA,,,,prodevalitalia@prodeval.com | 0523 486205,https://prodeval.com,"Via P. Belizzi, 40, 29122 Piacenza , GE - Italia",,
PROEDIS SRL,,,,info@proedis.net | 0115503429,https://proedis.net,"Piazza Cavour 3, 10023 Chieri , TO - Italia",,
PROFILE RECYCLING TYRE,,,,3783076386,https://profilerecyclingtyre.it,"Strada Provinciale 255 degli agglomerati industriali, 63077 Monsampolo del Tronto , AP - Italia",,
PROGEST SPA,,,,info@progestspa.it | +39 0819799201,https://progestspa.it,"Zona ASI Aversa-NordVia della Stazione s.n.c., 81030 GRICIGNANO D'AVERSA , CE - Italia",,
PROKASRO MECHATRONIK GMBH,,,,jahn@prokasro.de | 0049721950820,,KARLSRUHE  - Germania,,
PrometeoRifiuti - INFORMATICA EDP SRL,,,,info@prometeorifiuti.com | 0039 0172696609,https://prometeorifiuti.com,"Viale Regina Elena 136/A, 12045 FOSSANO , CN - Italia",,
PROMINENT ITALIANA SRL,,,,it.info@prominent.com | 0471920000,https://prominent.it,"Via Albrecht Durer 29, 39100 BOLZANO , BZ - Italia",,
PRONAR SP.ZO.O,,,,0048856816329,,"Mickiewicza Street, NAREW  - Polonia",,
PROTEA SRL,,,,inf@protea.srl | 011 5503429,https://protea.srl,"Piazza Cavour 3, 10023 CHIERI , TO - Italia",,
PROTECNO SRL,,,,,https://protecnosrl.it,"Via E. Mattei 9, 61037 MONDOLFO , PU - Italia",,
PROTEX ITALIA SRL,,,,protex@protexgroup.com | 0543 724747,https://protexgroup.com,"Via Cartesio 30, 47122 FORLI' , FC - Italia",,
PTM GMBH,,,,info@propeller-technik-maier.de | 004915111551008,,"Zoerbiger Straße 7, 06188 LANDSBERG  - Germania",,
PUGLIA ENGINEERING S.R.L.,,,,3387063594,https://pugliaengineering.it,BA - Italia,,
Pumpenfabrik Wangen GmbH,,,,,,Germania,,
PURAGEN,,,,+33 6 71 05 34 37,,"64-66 Rue des Archives, 75003 PARIS  - Francia",,
"PURITY PUMP CO.,LTD.",,,,ban@cnpurity.com | 008619805869106,https://cnpurity.com,"Building 006,Dongqiao Road,Daxi Town, Zhejiang, 317525 DAXI  - Cina",,
PWG ITALIA SRL,,,,0289051640,https://pwg-italia.it,"Via Peter Ilic Cajkovskij, 14, 20092 CINISELLO BALSAMO , MI - Italia",,
Q8OILS ITALIA SRL,,,,q8oilsitalia@q8.it | 0131 888511,https://q8oilsitalia.it,"2 Via Volpedo 2, 15050 Castellar Guidobono  - Italia",,
QBLOCK®,,,,info@qblock.it | 0039 0510228298,https://qblock.it,"Strada Provinciale Galliera (SP4), 40016 San Giorgio di Piano , BO - Italia",,
QUANTANALITICA SRL,,,,info@quantanalitica.com | +390399280061,https://quantanalitica.com,"Via G.Rossa 14A, 23875 OSNAGO , LC - Italia",,
Quaterm srl,,,,3484710070,,"via stabilimento SCL area Ovest S.N.C., 00198 POMARANCE , PI - Italia",,
R.M. innovation srl,,,,l.rubino@ecoreversa.it | +39 3802881994,,"Via Confienza 10, 10121 Torino , TO - Italia",,
R.M.B. SPA,,,,antonio.amato@rmbspa.com | 00390365674213,,"Via Montecanale 3 3, 25080 POLPENAZZE D/G , BS - Italia",,
R2 SPA,,,,0306376274,,"Piazza Luigi Cadorna 6, 25123 Milano , MI - Italia",,
RACI SRL,,,,info@raci.it | 02262351,https://raci.it,"Via Adriano, 101, 20128 MILANO , MI - Italia",,
RAFFMETAL SPA,,,,info@raffmetal.it | 003903658901,https://raffmetal.it,"Via Malpaga 82, 25070 CASTO , BS - Italia",,
RAFT SRL,,,,info@raftsrl.com | 003905711825444,https://raftsrl.com,"Via del Lavoro 65, 50056 MONTELUPO FIORENTINO , FI - Italia",,
RAPPRESENTANZE INDUSTRIALI M&C DIVISION D.O.O.,,,,hadzic.sanel@risa-ambiente.com | 00385992778066,,"Zagrebacka ulica 48, 52000 PAZIN-PISINO  - Croazia",,
RASHMI GROUPE EUROPE,,,,3481167721,https://rashmimetaliks.it,"Via Francesco Crispi 69 - Napoli Italia, 80133 Napoli , NA - Italia",,
RCORE Ressources GmbH,,,,office@rcore.net | 00436644083130,https://rcore.net,"Herbersteinstrasse 12, 8020 Graz  - Austria",,
RDR S.P.A. SOCIETA' BENEFIT,,,,00393316809454,https://rdr.it,"Viale Sardegna 2, 80059 TORRE DEL GRECO , NA - Italia",,
RE-CIG SRL,,,,info@re-cig.it | 0461 1721134,https://re-cig.it,"Frazione Mochena, 21, 38045 Civezzano , TN - Italia",,
REALSPA SRL,,,,,https://realspa.it,"Via XV Strada 28, 95121 CATANIA , CT - Italia",,
REASOL SRL,,,,0233220459,https://reasol.it,"Via Giampietrino 1, 20156 Milano , MI - Italia",,
RECUPERO ETICO SOSTENIBILE Spa,,,,segreteria@recuperoeticosostenibile.it | 00390865290645,https://recuperoeticosostenibile.it,"Zona Ind.le Pettoranello del Molise, 86090 PETTORANELLO DEL MOLISE , IS - Italia",,
RECY TECHNOLOGIES SRL,,,,info@recytechnologies.it | +39 0384 581008,https://recytechnologies.it,"Via Case Sparse per Vigevano 3, 27020 PARONA LOMELLINA , PV - Italia",,
Recycleye,,,,hello@recycleye.com | 44 20 3695 5035,https://recycleye.com,"11-15 Gibbins Road, E15 2HU LONDON  - Regno Unito",,
REDCO PROSES CEVRE VE ENERJI TEKNOLOJILERI A.S.,,,,info@redco.com.tr | 905424068010,https://redco.com.tr,"Içerenkoy Mahallesi, Erdem Sokak No:4/1, 34638 Istanbul  - Turchia",,
ReDress,,,,redress.italy@rev-log.com | +39 0119935611,,"Corso Unione Sovietica 612/3c, 10135 TORINO , TO - Italia",,
REFILL-TECH SOLUTIONS SRL,,,,info@refill-tech.it | 00390395788021,https://refill-tech.it,"Via Belvedere 14, 20862 ARCORE , MB - Italia",,
REGAS SPA,,,,regas@regasenergy.com,https://regasenergy.com,"Via M.Gioia 168, 20125 MILANO , MI - Italia",,
Regionalna energetsko-klimatska agencija Sjeverozapadne Hrvatske,,,,00385913885317,,"Ulica Andrije Žaje 10, 10000 Zagreb  - Croazia",,
REGIONE LAZIO/CAMERA DI COMMERCIO DI ROMA,,,,g.scalvedi@lazioinnova.it | 0039 06 99 500,https://regione.lazio.it,"via Rosa Raimondi Garibaldi, 7, 00145 ROMA , RM - Italia",,
REGIONE LOMBARDIA & FLA - FONDAZIONE LOMBARDIA PER L'AMBIENTE,,,,flanet@flanet.org | 0039028061611,,"Via Pola 12, 20124 Milano  - Italia",,
RELIFE RECYCLING SRL,,,,amministrazione@benfante.it | 00390109640401,,"Via Antonio Gramsci, 2, 16010 Manesseno , GE - Italia",,
RELINEEUROPE GmbH,,,,+49 6341 5104 364,https://relineeurope.com,"Grosse Ahlmühle 31, 76865 Rohrbach , DE - Germania",,
REM-TEC SRL,,,,info@rem-tec.it | 0437 498900,https://rem-tec.it,"Via Montecatini 16, 39012 MERANO , BZ - Italia",,
REMONDIS INDUSTRIE SERVICE GMBH & CO. KG,,,,industrie-service@remondis.de,https://remondis-hazardouswaste.com,"BRUNNENSTR. 138, 44536 LÜNEN  - Germania",,
RENOVEACQUE SRL,,,,info@renovegroup.it | 0498704031,https://renoveacque.it,"Viale del Lavoro 62, 35020 PONTE SAN NICOLO' , PD - Italia",,
RENOVEBIO,,,,info@renovegroup.it | 0039 0498704031,https://renovebio.it,"Via Del Lavoro 62, 35020 PONTE SAN NICOLO' , PD - Italia",,
REPLOID GROUP AG,,,,00436607765040,https://reploid.eu,"Maria-Theresia-Straße 53/2 OG, 4600 WELS  - Austria",,
RESINVETRO SRL,,,,commerciale@beegreen.it | 071 6620394,,"Via Nori de' Nobili 18      Fraz. Brugnetto, 60012 TRECASTELLI , AN - Italia",,
RESTEK SRL,,,,,https://it.restek.com,"Via Guido Miglioli, 2/A, 20063 Cernusco sul Naviglio , MI - Italia",,
Rete di imprese SPLASH,,,,00393275266982,,"Piazza della Vittoria, 7/14, 16121 Genova , GE - Italia",,
RETIAMBIENTE SPA,,,,info@retiambiente.it | 050 5381511,https://retiambiente.it,"Piazza Vittorio Emanuele II, 56125 PISA , PI - Italia",,
Retina Holding S.r.l.,,,,+39 06 83847 020,,"Via Archimede, 37, 00197 Roma , RM - Italia",,
RETSCH,,,,,https://retsch.it,"Retsch-Allee 1-5, 42781 Hahn  - Germania",,
RETURO ENTSORGUNGS GMBH,,,,info@returo.de | 00492148668734,https://returo.de,"Robert-Blum-Str. 8, 51373 LEVERKUSEN  - Germania",,
REV MACCHINE SRL,,,,,,RN - Italia,,
REWALD GMBH,,,,vertrieb@rewald.eu | 004930200057880,https://rewald.de,"Richard-Wagner Strasse 51, 10585 BERLIN  - Germania",,
RICCINI SRL,,,,info@riccini.it | 0039075591031,https://riccini.it,"Via Loredana 34, 06132 PERUGIA , PG - Italia",,
RICCOBONI S.P.A. a socio unico,,,,riccoboni@riccoboniholding.com | 0039 0521600029,https://riccoboniholding.com,"Via Nobel, 9/A, 43122 PARMA , PR - Italia",,
RIGHETTO SERBATOI SRL,,,,righetto@righettoserbatoi.com | 00390444348632,https://righettoserbatoi.com,"Via dei Laghi 67, 36077 ALTAVILLA VICENTINA , VI - Italia",,
RIME 1 SRL,,,,665001375,https://rime1.it,"Via della Magliana, 1090, 00148 Roma , RM - Italia",,
RINA,,,,info@rina.org | 003901053851,https://rina.org,"Via Corsica 12, 16128 GENOVA , GE - Italia",,
RINO TULLIS SRL,,,,049 5974249,https://rinotullis.it,"Viale dell’Industria, 20, 35013 PADOVA , PD - Italia",,
RIPET SRL,,,,info@ripet.com | 0172 1887030,https://ripetok.com,"Viale Monte Nero 17, 20135 MILANO , MI - Italia",,
RITMO SPA,,,,info@ritmo.it | +39 049 9901888,https://ritmo.it,"Via A. Volta, 35/37 Z.I. SELVE, 35037 TEOLO , PD - Italia",,
RIV RUBINETTERIE ITALIANE VELATTA SPA,,,,riv-vg@riv-vg.com | 003901634151,https://riv-vg.com,"Via delle Acacie Z.I. D4 8, 28075 GRIGNASCO , NO - Italia",,
RIVERSO SPA,,,,,,"VIA PRIVATA MARIA TERESA, 11, 20123 MILANO , MI - Italia",,
RKB EUROPE SA,,,,pietro.brambilla@rkbeurope.com | 0041912600930,,"Via Primo Agosto, 6828 BALERNA  - Svizzera",,
RLG SYSTEMS ITALIA SRL,,,,00390119935611,,"Corso Unione Sovietica 612/3c, 10135 TORINO , TO - Italia",,
Rockster,,,,,https://rockster.at,"Tagerbachstrasse 2, 4490 St. Florian  - Austria",,
Roediger Vacuum GmbH,,,,+49 0152 57909572,,"Kinzigheimer Weg 104, 63450 Hanau , HE - Germania",,
"ROESLEIN & ASSOCIATES, INC.",,,,0013142709127,https://roeslein.com,"9200 Watson Road Suite 200, 63126 St. Louis  - Stati Uniti",,
"Rome, Italy",,,,d.roscino@ecosostenibile.eu | 39 3355875998,,"Piazza S Maria Liberatrice 47, 00153 Rome , RM - Italia",,
ROPLAST SRL,,,,commerciale.italia@roplast.it | 00390354944004,https://roplast.it,"Via Castegnate 86, 24030 TERNO D'ISOLA , BG - Italia",,
ROSSI IMBALLAGGI SRL,,,,info@rossiimballaggi.com | 0142 456409,https://rossiimballaggibigbags.com,"Via Vittime 11 Settembre 2001 5, 15033 CASALE MONFERRATO , AL - Italia",,
ROSSO S.R.L.,,,,info@remondisitalia.it | +39 0172 1908401,,"Via Ghiglione 16/18/20/22/24, 12045 FOSSANO , CN - Italia",,
ROTA GUIDO SRL,,,,marketing@rotaguido.it | +39 037293119,https://rotaguido.it,"Via 1 Maggio 3, 29017 FIORENZUOLA D'ARDA , PC - Italia",,
ROTAMBIENTE SRL,,,,info@rotambiente.it | 00390892098495,https://rotambiente.it,"Via Pizzone 1, 84085 MERCATO SAN SEVERINO , SA - Italia",,
ROTECH SRL,,,,info@rotech.bz.it | +39 0472 970650,https://rotech.bz.it,"Via Vittorio Veneto, 67, 39042 Bressanone , BZ - Italia",,
Roto ISEA S.r.l.,,,,tecnico@roto-isea.it | 0377 51881,https://roto-isea.it,"S.S.9 Via Emilia, 34, 26862 Guardamiglio , LO - Italia",,
ROTOBEC INC,,,,po.goupil@rotobec.com | 0015012158275,https://rotobec.com,"Rue Industrielle 200, G0R1Y0 SAINTE-JUSTINE - QUEBEC  - Canada",,
ROTOTEC SPA - SYSTEM GROUP,,,,info@rototec.it d.spezi@tubi.net | 003907227228,https://rototec.it,"Via dell'Artigianato 6, 61026 LUNANO , PU - Italia",,
ROUSSELET CENTRIFUGATION SAS,,,,info@rousselet-robatel.com | +33475692211,https://rousselet-robatel.com,"Avenue Rhin et Danube 45, 07106 ANNONAY  - Francia",,
ROZZI SPA,,,,export@rozzi.it | +39 0309955003,https://rozzi.it,"Via Barca 7, 25020 SENIGA , BS - Italia",,
RP ENGINEERING SRL,,,,info@errepiengineering.it | 3358779943,https://errepiengineering.it,"VIA MIGLIOLI, 26, 26015 SORESINA , CR - Italia",,
RSP GMBH,,,,0049367157210,https://rsp-germany.com,"Zum Silberstollen, SAALFELD  - Germania",,
RT RENT SRL,,,,03761506282,https://rtrent.it,"VIA MASO DELLA PIEVE, 60/A, 39100 BOLZANO , BZ - Italia",,
RUBBERLINK,,,,351911154623,https://rubberlink.pt,"Rua da Mona S/N, 4615-380 Lixa, Felgueiras  - Portogallo",,
RUBINETTERIE BRESCIANE BONOMI SPA,,,,,https://rubinetteriebresciane.it,"Via Massimo Bonomi, 1, 25064 Gussago , BS - Italia",,
Ruscode Srl,,,,commerciale@itaqua.it | 00390514172555,https://ruscode.it,"Via di Corticella 181/3 181/3, 40128 BOLOGNA , BO - Italia",,
RVM SYSTEMS AB,,,,micheledeluca@rvmsystems.com | +393936736958,https://rvmsystems.com,"Torshamnsgatan 35, 9tr, 16440 KISTA  - Italia",,
S.A.R.I.M. SRL,,,,089 252244,,"Corso Vittorio Emanuele, 171, 84100 Salerno , SA - Italia",,
S.C.M. TECNOLOGIE SRL,,,,info@scmtec.com | 0376 321936,,"Via Einstein 6/a, 46051 SAN GIORGIO BIGARELLO , MN - Italia",,
S.E.M.P. SRL,,,,ufficio.amministrativo@semp.it | 0039023395141,,"Via Archimede 7, 20016 PERO , MI - Italia",,
S.T.A. SOCIETA' TRATTAMENTO ACQUE SRL,,,,fabia.segolini@stacque.com | 00390376372604,https://stacque.com,"Via Giordano di Capi 28/30, 46100 MANTOVA , MN - Italia",,
SA.COS SRL,,,,commerciale.sacos@virgilio.it | 00390828505941,,"Via Santi 2, 84084 FISCIANO , SA - Italia",,
SABO S.A.,,,,sb_info@sabo.gr | 0030 2221051805,https://sabo.gr,"Thesi Agrilia, 34002 VASSILIKO - CHALKIDA  - Grecia",,
SACCHERIA F.LLI FRANCESCHETTI SPA,,,,info@saccheriafranceschetti.com | 030 9823841,https://saccheriafranceschetti.com,"Via Stazione Vecchia 80, 25050 PROVAGLIO D'ISEO , BS - Italia",,
SACCHERIA PUGLIESE SRL,,,,info@saccheriapliem.com | 00390141091288,https://saccheriapliem.com,"Corso Dante Alighieri, 101, 14100 ASTI , AT - Italia",,
SACED SRL,,,,saced@saced.com | 00390172647091,https://saced.com,"Via Castelletto Stura 132, 12100 CUNEO , CN - Italia",,
SACMI IMOLA S.C.,,,,sacmi@sacmi.it | 00390542607111,https://sacmi.com,"Via Selice Provinciale 17/A, 40026 IMOLA , BO - Italia",,
SAEC GROUP SRL,,,,info@saecgroup.it | 0039 0693540003,https://saecgroup.it,"Via Dei Cardi 1, 00072 ARICCIA , RM - Italia",,
SAER ELETTROPOMPE SPA,,,,info@saer.it | +390522 830941,https://saerelettropompe.com,"Via Circonvallazione 22, 42016 GUASTALLA , RE - Italia",,
SAFE FLEET SRL,,,,amministrazione@safefleet.it | 071 9208390,https://safefleet.it,"12 Via Marsala 12, 60122 Ancona , AN - Italia",,
SAFE IN.TEC. SRL,,,,info@safeintec.it | 00390835462017,https://safeintec.it,"Via Pomarico snc, 75010 PISTICCI SCALO , MT - Italia",,
SAFE S.c.p.A.,,,,,,"via a. Scarsellini 13, 20161 MILANO , MI - Italia",,
SAFE SPA,,,,info@safegas.it | 0039 051 6878211,https://safegas.it,"Via Lamborghini 18, 40017 SAN GIOVANNI IN PERSICETO , BO - Italia",,
SAFECHEM Europe GmbH,,,,+39 335 8088 290,,"Tersteegenstraße 25, 40474 Düsseldorf , DE - Germania",,
SAINT-GOBAIN PAM ITALIA S.R.L,,,,anna.andolfi@saint-gobain.com,,"Via Giovanni Bensi 8, 20152 MILANO , MI - Italia",,
Saipak srl,,,,3488082522,https://saipak.com,"Via del Selciatore 18, 40138 Bologna , BO - Italia",,
SAIPEM,,,,sabrina.paoletti@saipem.com | 0039024421,https://saipem.com,"Via Luigi Russolo 5, 20138 MILANO , MI - Italia",,
SALHER IBERICA SL,,,,0034918700015,,"Camino DE LA CARRERA TOLEDANA (PG FINANZAUTO) 33 NAVES 10 Y 11 PLGO IND VELASCO, 28500 Arganda del Rey, Madrid  - Spagna",,
SALVAGUARDIA AMBIENTALE SPA TRASPORTO/STOCCAGGIO RIFIUTI,,,,003909621930503,,"Loc. Passovecchio, CROTONE , KR - Italia",,
SALVATORE ROBUSCHI & C. SRL,,,,sr@salvatorerobuschi.com | 0521 606285,https://salvatorerobuschi.com,"Via Segre' 11/A, 43122 PARMA , PR - Italia",,
SALVETTI SRL,,,,info@salvettiaspirazioni.it | 00390456230250,https://salvettiaspirazioni.it,"Località Vignol 4, 37013 CAPRINO VERONESE , VR - Italia",,
Samec spa,,,,info@samecspa.com | +39 0372 427122,https://samecspa.com,"Via 4 Novembre 1, 41037 Castelverde , CR - Italia",,
SANDALION SRL - CONSORZIO,,,,,,"PIAZZA FIUME, 4, 7100  , SS - Italia",,
SANIKOM D.O.O.,,,,info@sanikom.si | 0038659084885,https://sanikom.si,"Vrtna Ulica 39, 4294 KRIZE , KR - Slovenia",,
SANIPUR Group,,,,commerciale@sanipur.it | 0303582390,https://sanipur.it,"Via Quasimodo 25, 25020 FLERO , BS - Italia",,
SAPI GREEN OIL SRL,,,,059/534111,https://sapigreenoil.it,"Via Paletti, 41051 Castelnuovo Rangone , MO - Italia",,
SAPI SRL,,,,070247447,,"Località su Spantu, 09012 La Maddalena , CA - Italia",,
SAPIO PRODUZIONE IDROGENO OSSIGENO SRL,,,,energytransition@sapio.it | 00393356570900,https://grupposapio.it,"Via Silvio Pellico 48, 20900 MONZA , MB - Italia",,
SARTORI AMBIENTE SRL,,,,commerciale@sartori-ambiente.com | 00390464531643,https://sartori-ambiente.com,"Via S.Andrea 51, 38062 ARCO , TN - Italia",,
SATELLITE INDUSTRIES SRL,,,,info@satelliteindustries.com | 003225425656,https://satelliteindustries.eu,"Avenue de la Tolson d'Or 67, 1060 BRUSSELS  - Belgio",,
SATI SRL,,,,0547660307,https://satifiltri.com,"VIA M.GALLI 116, 47522 San Carlo di Cesena, Fc, Italy , FC - Italia",,
SATRINDTECH SRL,,,,sales@satrindtech.com | +39 02 90376683,https://satrindtech.com,"Via Monfalcone 122, 20004 ARLUNO , MI - Italia",,
SAVECO ITALIA SRL,,,,info@saveco-water.it | 00390535748111,https://saveco-water.it,"Via Cavour 346, 41032 PONTE MOTTA DI CAVEZZO , MO - Italia",,
SAVIOLA HOLDING,,,,info@saviolaholding.com | 00390375 787340,https://grupposaviola.com,"Viale Lombardia 29, 46019 VIADANA , MN - Italia",,
Saygreen Srl,,,,+39 0543 444597,https://saygreen.it,"Via dei Senoni, 12, 47122 Forlì , FC - Italia",,
SBM Mineral Processing GmbH,,,,+43 3612 2703 0,https://sbm-mp.at,"Oberweis 401, 4664 Oberweis  - Austria",,
SBS SOLAR SRL,,,,info@sbssolar.it | 00393475195540,https://sbssolar.it,"Via Pari Opportunità, 7, 26030 GADESCO PIEVE DELMONA , CR - Italia",,
SCA SRL - SERVIZI CHIMICI AMBIENTALI,,,,info@scatest.com | 00390831771857,,"Via F. Franco snc, 72023 MESAGNE , BR - Italia",,
SCAE S.r.l.,,,,info@scae.eco | 0444 360533,https://scae.eco,"Via E. Mattei 7/b, 36031 DUEVILLE , VI - Italia",,
SCAI SPA,,,,scai@scaispa.com | 0039075801501,https://scaispa.com,"Via D. Fulvio Scialba 21, 06083 OSPEDALICCHIO DI BASTIA UMBRA , PG - Italia",,
SCAM SRL,,,,scamsrl@scamsrl.it | +39 0543 722377,https://scamsrl.it,"Via Maestri del Lavoro 16, 47122 FORLI' , FC - Italia",,
SCAU ECOLOGICA SRL,,,,info@scauecologica.it | 00390775 640545,https://scauecologica.it,"Viale dell'Industria 50, 03023 CECCANO , FR - Italia",,
SciAps,,,,info@spxrf.com,,"VIA UGOLINI, 20900 MONZA , MB - Italia",,
SCOLARI SRL,,,,info@scolarisrl.com | 030 6848012,https://scolarisrl.com,"Via Romiglia 2, 25050 PADERNO F.C. , BS - Italia",,
SCUTARO VINCENZO & FIGLIO SRL,,,,info@scutarosrl.com | 0571 297533,https://scutarosrl.com,"Via Nuova Francesca, 15, 56029 Santa Croce sull'Arno , PI - Italia",,
SCVS SRL - DIVISIONE ECORK,,,,info@scvs.eu | 00393477491457,https://ecork.eu,"Piazza Pontida 28, 24122 BERGAMO , BG - Italia",,
SE.TRA.S. (SERVIZI TRASPORTI SPECIALI) SRL,,,,amedeogiovannini@setras.it | 00390744 75671,,"S.S. Tiberina km 10+ 300, 05035 NARNI , TR - Italia",,
SEAP DEPURAZIONE ACQUE SRL,,,,seapdepurazioneacquesrl@seapgroup.it | 00390922441491,https://seapgroup.it,"Zona Industriale Area ASI ViaMiniera Taccia Caci Pirandello, 92021 ARAGONA , AG - Italia",,
SEBACH S.p.A.,,,,info@sebach.it | 0571 663455,https://sebach.com,"Via Fiorentina 109, 50052 CERTALDO , FI - Italia",,
SEBIGAS RENEWABLE ENERGY SRL,,,,sales@sebigas.com | +39 03311817511,https://sebigas.it,"Via Santa Rita 14, 21057 OLGIATE OLONA , VA - Italia",,
Séché Environnement S.A.,,,,,,"Immeuble Le Chêne, 53000 LAVAL  - Francia",,
SECHE ITALIA S.R.L.,,,,secheitalia@pecimprese.it | +39 02 98289086,,"Via del Tecchione, 46, 20098 Area Industriale , MI - Italia",,
SEDA ITALY,,,,sedaitaly@pec.it | +39 0817319111,https://it.sedagroup.com,"CORSO SALVATORE D'AMATO 84, 80022 ARZANO , NA - Italia",,
SEFT SRL,,,,seft@seft.it | 0535 84544,https://seftgroup.com,"Via dell'industria 273, 41038 SAN FELICE SUL PANARO , MO - Italia",,
SENNEBOGEN  MASCHINEN FABRIK GMBH,,,,0490421231101,https://sennebogen.com,"via dell'industria, eraclea , VE - Italia",,
SENSUS ITALIA SRL,,,,389 314 7572,,"Via G. Rossini 1/a, 20045 LAINATE , MI - Italia",,
SEPRA SRL,,,,commerciale@sepra.it | 00390362575154,https://sepra.it,"Via Como 69/A, 20811 CESANO MADERNO , MB - Italia",,
SERPAC SRL,,,,vendite@serpac.it | +39 0221871585,https://serpac.it,"Via Campania 4/6, 20054 Segrate , MI - Italia",,
SETOLA SRL,,,,info@setolacatalizzatori.it | 00393319232214,https://setolacatalizzatori.it,"Strada Statale Sannitica 87, 80026 CASORIA , NA - Italia",,
SETTENTRIONALE TRASPORTI SPA,,,,contact@settentrionale.com | 0039 0423544821,https://settentrionale.com,"Via Strade Nuove 3, 31054 POSSAGNO , TV - Italia",,
SEVAL SRL,,,,info@seval.net | 00390341940617,https://seval.net,"Via la Croce 14, 23823 COLICO , LC - Italia",,
SFERA TECHNOLOGY SRL,,,,info@sfera-technology.com | 00390249796274,https://sfera-technology.com,"Via Legnano 33/35, 20003 CASOREZZO , MI - Italia",,
SG PROJECTS SRL,,,,federica.alberti@sgprojects.it | 00390383271333,https://sgprojects.it,"Strada Folciona 5/BIS, 27058 VOGHERA , PV - Italia",,
SGM - LEKTRA SRL,,,,info@sgm-lektra.com | 00390295328257,https://sgm-lektra.com,"Via Papa Giovanni XXIII 49, 20053 RODANO , MI - Italia",,
SGM MAGNETICS S.P.A.,,,,info@sgmmagnetics.com | +39 0309938400,https://sgmmagnetics.com,"Via Leno 2/D, 25025 MANERBIO , BS - Italia",,
SGR EFFICIENZA ENERGETICA - SGR BIOMETHANE,,,,info@sgrefficienzaenergetica.it; info@sgrbiomethane.eu | 0039 0541303030,https://sgrefficienzaenergetica.it,"Via Chiabrera 34/D, 47924 RIMINI , RN - Italia",,
"SHANXI ATTA CARBON TECHNOLOGY CO.,LTD",,,,terry.ma@attacarbon.com | 008613834699331,https://attacarbon.com,"NO.56 WORKSTATION,PROVINCIAL ENTREPRENEURSHIP CENTER,NO.249 CHANGZHI ROAD,XUEFU INDUSTRY PARK,SHANXI TRANSFORMATION AND COMPREHENSIVE REFORM DEMONSTRATION AREA., 030024 TAIYUAN  - Cina",,
"Shanxi Huaqing Environmental Protection Co., Ltd",,,,mike@huaqingcarbo.com | 008618235216168,https://huaqingcarbo.com,"Dangliuzhuang Village, Yunzhou District, Datong City, Shanxi Province, China, 037301 DATONG  - Cina",,
Shell PANOLIN,,,,+39 0516320806,https://shell.com,"Bläsimühlë, 8322 MADETSWIL  - Svizzera",,
SHERPA Miniloaders,,,,,,"Via Antonio Magni, 54 Como , CO - Italia",,
"SHIJIAZHUANG ZHENGZHONG TECHNOLOGY CO., LTD",,,,purchase@furuiexpo.com | 0086 020 34112556,,"No. 81, Hua'an East Rd Zhengding, SHIJIAZHUANG -  HEBEY  - Cina",,
SHIMADZU ITALIA SRL,,,,marketing@shimadzu.it | 0257409690,https://shimadzu.it,"Via G.B. Cassinis 7, 20139 MILANO , MI - Italia",,
SI.LO. SRL,,,,agranello@siloass.it | 0039010566530,,"Mura Delle Cappuccine 37/2, 16128 GENOVA , GE - Italia",,
SIAD SPA,,,,siad@siad.eu | 0039035328111,https://thesiadgroup.com,"Via San Bernardino 92, 24126 BERGAMO , BG - Italia",,
SIBELCO GREEN SOLUTIONS SRL,,,,ufficiocomunicazione@sibelco.com,https://sibelco.com,"Via dell'Artigianato 41, 30024 MUSILE DI PIAVE , VE - Italia",,
SIBILIA SRL,,,,info@sibilia.it | +39 0331972529,https://sibilia.it,"Via Stazione 1, 28053 CASTELLETTO SOPRA TICINO , NO - Italia",,
"Sichuan Bonny Heavy Machinery Co., Ltd.",,,,00868303580778,https://bonnyhm.cn,"No.16, Section 4, Jiugu Avenue, Jiangyang District, Sichuan, 646006 Luzhou  - Cina",,
SICOM CONTAINERS S.P.A,,,,,https://sicom-containers.com,"Via La Morra 8, 12062 CHERASCO , CN - Italia",,
SIDERCAMMA,,,,info@sidercamma-ambiente.it | +39 00390808724431,https://sidercamma.it,"Via Vecchia Molfetta, 12, 70033 CORATO , BA - Italia",,
SIDERURGICA DEL POLESINE SRL,,,,info@siderpol.it | 0425 475922,,"Via delle Industrie 9, 45100 ROVIGO , RO - Italia",,
SIDERURGICA SIGNORILE SRL,,,,info@signorileambiente.it | 080 5057085,https://siderurgicasignorile.it,"Strada Statale 96 km 120, 70120 BARI , BA - Italia",,
Sie Italia srl,,,,3476078197,https://www-sie-italia.it,"Snc Via Libero Grassi Z.I Ovest, 66054 Vasto , CH - Italia",,
SIEBEC SAS,,,,393273186181,https://siebec.com,"9, Rue des Platanes, 38120 Saint Egrève  - Francia",,
SIKUEL SRL,,,,fornitori-sikuel@legalmail.it,,"Vi M.Rumor 8, 97100 RAGUSA , RG - Italia",,
SILICONI COMMERCIALE SPA,,,,info@siliconi.it | +39 0444 649766,https://siliconi.it,"Via Francia, 4, 36053 Gambellara , VI - Italia",,
SILITEX S.R.L.,,,,trade@silitex.it | +39 0442411561,https://silitex.it,"Viale Dell'Industria 34, 37044 COLOGNA VENETA , VR - Italia",,
SIM GREEN SRL,,,,ac@simgreen.it | 0039057536678,https://simgreen.it,"Strada A-56A - San Zeno 56, 52100 AREZZO , AR - Italia",,
SIMA SRL,,,,info@sima-srl.it | 003903958527,https://sima-srl.it,"Via E. De Amicis 50, 20872 CORNATE D'ADDA , MB - Italia",,
SIMATEC MASCHINENBAU AG,,,,,https://simatec.org,"Technikumstrasse 1, 6048 Horw  - Svizzera",,
SIMEM SPA,,,,info@simem.com | +39 0442640014,https://simem.com,"Viale dell'Industria 24, 37046 MINERBE , VR - Italia",,
SIMEX SRL,,,,sales@simex.it | 0039 0516810609,https://simex.it,"Via Newton 31-33, 40017 SAN GIOVANNI IN PERSICETO , BO - Italia",,
SIMVIC INTERNATIONAL SL,,,,,,"Calle Castillo de Malpica 69, 28692 Villafranca del Castillo, Madrid  - Spagna",,
SIRCHI SRL,,,,info@sirchi.it | +39 031725200,https://sirchi.it,"Via  Stazione 6/M, 22060 CUCCIAGO (CO) , CO - Italia",,
SIRIO ANALITIX SRL Groupe Physitek,,,,info@sirioanalitix.com | 0371 477075,https://sirioanalitix.com,"Viale Milano 40, 26900 LODI , LO - Italia",,
Sistemi Territoriali S.r.l.,,,,,,"Via Pietro di Lupo Parra sud N. 144, 56021 Pisa , PI - Italia",,
SITE S.r.L,,,,0817340325,https://site-srl.net,"Via Pazzigno, 117, 80146 Napoli , NA - Italia",,
SKAKO VIBRATION,,,,gha@skako.com | 0033388401200,https://skako.com,"Rue du Rhin Napoleon 83, 67100 STRASBOURG  - Francia",,
Slovenská inova?ná a energetická agentúra (SIEA),,,,00421905922881,,"Bajkalská 27, 82799 Bratislava  - Slovacchia",,
SLUDGE-DRYING-SYSTEMS MICHEL GMBH,,,,mg@michel-gmbh.com | + 49 9342 964807,,"Röttbacher Straße 24, 97892 Kreuzwertheim , BY - Germania",,
SM-TECNO SRL,,,,030 99 38 400,https://esseemmetecno.com,"Strada Montichiari, 51, 25016 P.insed.prod.lato Sud Via Calvisano , BS - Italia",,
SMART UTILITY HUB,,,,e.martinelli@energiamedia.it | 00390228040097,,"Via Marradi 1, 20123 MILANO , MI - Italia",,
SMARTSOA SRL,,,,,,"VIA PRIVATA MARIA TERESA, 20123 MILANO , MI - Italia",,
SMURFIT WESTROCK ITALIA,,,,marketing@smurfitwestrock.it | 0143 773277,https://smurfitwestrock.it,"Via Vincenzo Monti 12, 20123 MILANO , MI - Italia",,
SNAM,,,,00390237031,https://snam.it,"P.zza Santa Barbara 7, 20097 SAN DONATO MILANESE , MI - Italia",,
SNF ITALIA SRL socio unico,,,,usala@snfitalia.it | 0039036236151,https://snfitalia.it,"Via Vittorio Emanuele Orlando 32, 20814 VAREDO , MB - Italia",,
SNOW SERVICE SRL,,,,059/931483,,"Via dell'Industria, 34, 41013 Piumazzo , MO - Italia",,
SO.GE.IM. SRL,,,,0775221189,,"Loc. Colle Lami, 00192 Patrica , FR - Italia",,
SOCIETA' COOPERATIVA DI SERVIZI ECOLOGICI DASTY,,,,info@dasty.it | 045 7731711,,"Via Spagnole 2B, 37015 DOMEGLIARA , VR - Italia",,
SOCIETA' DEL GRES SPA - GRUPPO STEINZEUG-KERAMO,,,,l.vidus@gres.it | 003903519911056,https://steinzeug-keramo.com,"Via Martiri della Libertà, 24010 SORISOLE , BG - Italia",,
SOCOMAP SRL,,,,socomap@libero.it | 0039 0458650200,,"Via Galileo Galilei 11 int 2, 37023 GREZZANA , VR - Italia",,
SODAI SPA,,,,sodai@sodai.com | 02 475464,https://sodai.com,"32 Via Privata Raimondo Montecuccoli, 20147 Milano  - Italia",,
SOFTLINE SRL,,,,commerciale@softline.it | 00390270638326,https://softline.it,"Via Grossich 8, 20131 MILANO , MI - Italia",,
SOGLIANO AMBIENTE SPA,,,,info@soglianoambiente.it | 00390541948910,https://soglianoambiente.it,"Piazza Garibaldi 12, 47030 SOGLIANO AL RUBICONE , FC - Italia",,
SOL SPA,,,,,,"Via Gerolamo Borgazzi 27, 20900 MONZA , MB - Italia",,
SOLAR ICE SRL,,,,055455441,,"Via Sestese, 61, 50141 Firenze , FI - Italia",,
SOLLAU S.R.O.,,,,00420773765563,https://sollau.com,"Hrivínuv Ujezd 212, 763 07 Velky Orechov  - Cechia",,
SOLMEC S.P.A.,,,,solmec@solmec.it | 0039 0425 474833,https://solmec.it,"Viale delle Industrie, 9, 45100 ROVIGO , RO - Italia",,
Soltech srl,,,,info@soltech-srl.it | 0382 929385,https://soltech-srl.it,"via Mattei 1, 27020 Marcignago , MI - Italia",,
SOREMA DIVISION OF PREVIERO N. SRL,,,,sales@sorema.it | +39 031 63491250,https://sorema.it,"Via per Cavolto 17, 22040 ANZANO DEL PARCO , CO - Italia",,
SORTIMO ITALIA SRL,,,,3758310102,https://mysortimo.it,"via Austria, 17, 35127 Padova , PD - Italia",,
SOSTELIA,,,,0376 372604,https://sostelia.it,"Via Giordano Di Capi 28/30, 46100 MANTOVA , MN - Italia",,
SOTRAFA S.A.,,,,marketing@sotrafa.com | 0034950405600,https://sotrafageo.com,"Paraje Cartabona 12, 04710 SANTA MARIA DEL AGUILAELEJIDO, ALMERIA  - Spagna",,
SOVRECO SPA DISCARICA RIFIUTI PERICOLOSI E NON,,,,003909621900253,,"Via Enrico Mattei, CROTONE , KR - Italia",,
SPAZIO VERDE INTERNATIONAL SRL,,,,info@spazioverde.com | 0039049712844,https://spazioverde.com,"Viale Leonino Da Zara 6, 35020 ALBIGNASEGO , PD - Italia",,
SPEDI SRL,,,,amministrazione@gruppoageco.it | 0039058398711,https://spedirifiuti.it,"Via della Madonnina 37, 55012 CAPANNORI , LU - Italia",,
SPIN LIFE SRL,,,,amministrazione@spinlife.it | 00390498789120,https://spinlife.it,"Via E. degli Scrovegni 29, 35131 PADOVA , PD - Italia",,
SPRING SRL,,,,info@springmachinecontrol.com | 00390322401111,https://springmachinecontrol.com,"Via Monte Grappa 4, 28040 DORMELLETTO , NO - Italia",,
SR TECH SRL,,,,commerciale@srtech.it | 0521 1556626,https://srtech.it,"Via Emilio Gino Segre' 11/a, 43122 PARMA , PR - Italia",,
SRA INSTRUMENTS SPA,,,,info@srainstruments.com | 00390292143258,https://srainstruments.com,"Via alla Castellana 3, 20063 CERNUSCO SUL NAVIGLIO , MI - Italia",,
STA SRL,,,,sta@sta-srl.it | 0290260913,https://sta-srl.it,"Via Edison 15/17, 20018 SEDRIANO , MI - Italia",,
STAR SPA,,,,d.carbutti@star-logistics.eu | 00390290402200,,"Loc. Il Moro 1, 20085 LOCATE DI TRIULZI , MI - Italia",,
STARPLAST SRL,,,,info@starplastsrl.it | 0039 0722079201,https://starplastsrl.it,"Via dell'Artigianato 43, 61028 MERCATALE DI SASSOCORVARO , PU - Italia",,
Stefan Steverding Rührwerkstechnik GmbH,,,,,,Germania,,
STEIEL ELETTRONICA SRL,,,,info@steiel.it | 00390498961488,https://steiel.it,"Viale Europa, 35020 PONTE SAN NICOLO' , PD - Italia",,
STEINERT GMBH,,,,marketing@steinert.de | +49 221 4984 0,https://steinert.de,"Widdersdorfer Str. 329-331, 50933 KOELN  - Germania",,
Stela Laxhuber gmbh,,,,0049 87248990,https://stela.de,"Laxhuberplatz, 84323 Massing  - Germania",,
STELLA WASTE TRADING GMBH,,,,,https://stella-waste.at,"Karlsplatz 2/2/8-9, 1010 WIEN  - Austria",,
Stokkermill Recycling Machinery,,,,info@stokkermill.com | 0039 328 8272193,https://stokkermill.com,"Via Mantica 7, 33100 Udine , UD - Italia",,
STOREVAN - FAMI SRL,,,,info@storevan.it | 0424 585455,https://storevan.com,"Via Stazione Rossano 13, 36027 ROSA' , VI - Italia",,
STUDIO BOOST SRL,,,,3491281856,,"Via Nazionale, 110/6, 40065 Pianoro , BO - Italia",,
SUARDI SPA,,,,info@suardispa.it | 035938184,https://suardispa.it,"Via Sarnico, 66, 24060 Predore , BG - Italia",,
SUEZ ITALY SPA,,,,info.italia@suez.com | 003902693311,https://suez.com,"Via Benigno Crespi 57, 20159 MILANO , MI - Italia",,
Suma Rührtechnik GmbH,,,,,,Germania,,
SUMUS ITALIA SRL,,,,info@sumusitalia.it | 00390248714341,https://sumusitalia.it,"Via San Giovanni,13, 35010 Carmignano di Brenta , PD - Italia",,
SUN SOLUTION SRL,,,,,,Italia,,
SUNBASKET SRL,,,,sun@sunbasket.it | 00390521604360,https://sunbasket.it,"Via  Rossa 5, 43058 SORBOLO , PR - Italia",,
SUPRATEC MEMBRANE GMBH,,,,,,"Von-Drais-Straße 2c, 55469 Simmern (Hunsrück) , RP - Germania",,
"SVL Electro-Mech. (HEBEI) Co., Ltd.",,,,008618533650626,,"Eusan Ind. Park, 198 Yanchang Road, Yanjiao Dev Zone, 065201 Sanhe, Hebei",,
SWAN ANALITICA SRL,,,,0103291396,https://swan.ch,"VIA DEL COMMERCIO 27/A, C/O SWAN ANALITICA, 16167 GENOVA , GE - Italia",,
SWISSENVIRO GMBH,,,,0041523552114,https://swissenviro.ch,"Kempttalstrasse 56, 8308 ILLNAU  - Svizzera",,
SYMBIOSIS SRL,,,,00393455265627,,"Via Boezio 45, 00193 ROMA , RM - Italia",,
SYNCRO SYSTEM SPA,,,,info@syncro-system.com | 0039 0424 570062,https://syncro-system.com,"Via Portile 114 A, 36022 CASSOLA , VI - Italia",,
SYSADVANCE,,,,info@sysadvance.com | 00351252143670,https://sysadvance.com,"Rua Comendador Brandao 461, 4495-375 POVOA DE VARZIM - PORTO  - Portogallo",,
SYSTEM GAS S.R.L.,,,,saurobompani@systemgas.it | 00390536808537,https://systemgas.it,"Via Londra 16, 41049 SASSUOLO , MO - Italia",,
SYSTEM GROUP,,,,072270011,,"VIA FOGLIA, 11, 61026 LUNANO , PU - Italia",,
SYSTEM GROUP,,,,072270011,,"Via Foglia 11, 61026 LUNANO , PU - Italia",,
T.A.M. SRL,,,,tam@rozzi.it | 0039 0309930433,,"Via E. Mattei 16, 25026 PONTEVICO , BS - Italia",,
T&A,,,,,,Italia,,
T&A TECNOLOGIA E AMBIENTE SRL,,,,info@tecnologiaeambientesrl.com | 080 4055162,https://tecnologiaeambientesrl.com,"Via Michele Mummolo, n. 13, 70017 PUTIGNANO , BA - Italia",,
Tailorsan SpA,,,,info@tailorsan.it | +39 069770292,https://tailorsan.it,"Viale Europa 55, 00144 Roma , RM - Italia",,
"Taizhou Werto Mechanical & Electrical Co., Ltd.",,,,008613666827032,https://wertome.com,"Building 3, No. 81, Zeguo Avenue, Chayu Village, Zeguo Town, 318000 Wenling, Taizhou, Zhejiang  - Cina",,
Tajfun Planina proizvodnja strojev d.o.o.,,,,00386057283890,,"41a Planina pri Sevnici, 3225   - Slovenia",,
TALASSI SRL,,,,anna@talassiarredamenti.it | 037642100 037642100,https://talassiarredamenti.it,"VIA PAROLARA NR 59, 46032 CASTELBELFORTE , MN - Italia",,
TANA ITALIA SRL,,,,info@tanaitalia.com | +39 0759414233,https://tanaitalia.com,"Via del Commercio 8, 06019 PIERANTONIO , PG - Italia",,
TANKITALIA,,,,info@tankitalia.eu | 0039 3393541283,https://tankitalia.eu,"Via Roma 7, 29027 PODENZANO , PC - Italia",,
TAO AMBIENTE SRL,,,,barbara.biagi@taoambiente.it | 039 6755344,https://taoambiente.it,"Via Vittorio Veneto, 6, 20865 USMATE VELATE , MB - Italia",,
TAPOJARVI ITALIA,,,,sales.tapoeko@tapojarvi.com | 3459781835,https://tapojarvi.com,"Viale B. Brin 218, 05100 TERNI , TR - Italia",,
TAZZETTI SPA,,,,,https://tazzetti.com,"Corso Europa 600/A, 10088 VOLPIANO , TO - Italia",,
TBF + PARTNER AG,,,,tbfti@tbf.ch | 0041 916102626,https://tbf.ch,"Via Besso 42, 6900 LUGANO  - Svizzera",,
TE.MA TECNOLOGIA & MACCHINARI SRL,,,,00390456717271,,"Via Pietro Vassanelli 38/40, 37012  BUSSOLENGO , VR - Italia",,
Tea s.p.a. SB,,,,03764121,,"Via Taliercio 3, 46100 MANTOVA , MN - Italia",,
TEAM ECOMONDO,,,,mauro.dellefratte@iegexpo.it | 0541 744111,,"VIA EMILIA 155, 47921 RIMINI , RN - Italia",,
TEC-AM,,,,,https://tec-am.com,BG - Italia,,
TECHASE GROUP,,,,info@techase.it | 0831 0831568482,https://global.techase.com,"corso Garibaldi 27, 72100 Brindisi , BR - Italia",,
TECHEMET SRL,,,,europe@techemet.com | 0119209630 00390119209630,https://techemet.com,"VIA RAIMONDO FRANCHETTI 29, 10073 CIRIÈ , TO - Italia",,
TECHNOPLANTS,,,,,,"Via di San Pierino Casa Al Vescovo, 1/E, 51100 Loc. S. Pierino Casa al Vescovo , PT - Italia",,
Tecnau s.r.l.,,,,,https://tecnau.it,"Viale L. da Vinci 43, 20090 Trezzano Sul Naviglio , MI - Italia",,
TECNICA TRE SRL,,,,commerciale@tecnicatre.it | 00390424550078,https://tecnicatre.it,"Via delle Viole 16, 36061 BASSANO DEL GRAPPA , VI - Italia",,
TECNINT HTE SRL,,,,info@tecnint.it | 0395969100,https://tecnint.it,"via della Tecnica 16/18, 23875 OSNAGO , LC - Italia",,
TECNO GROUP SRL,,,,info@tecnogroup-it.com | 011 9715856,https://tecnogroup-it.com,"Via Sommariva Bosco 39/16, 10022 CARMAGNOLA , TO - Italia",,
TECNO RECUPERI SPA,,,,chiara.galli@tecnorecuperi.com | 003902964827222,https://tecnorecuperi.com,"Via Dei Campazzi 9/a, 21040 GERENZANO , VA - Italia",,
TECNO S.p.A. SB,,,,marketing@tecno-group.eu | 00390812400031,https://tecno-group.eu,"Riviera di Chiaia 270, 80121 NAPOLI , NA - Italia",,
TECNOALIMENTA SRL,,,,info@tecnoalimenta.it | 00390522514807,https://tecnoalimenta.it,"VIA BOETTI 16, 42124 Reggio nell'Emilia , RE - Italia",,
TECNOAMBIENTE SRL,,,,00390521600011,,"via Nobel, PARMA , PR - Italia",,
TECNOECOLOGY SRL,,,,anna@tecnoecology.com | 045 6152324,https://tecnoecology.com,"Via Vicenza 13/A, 37042 CALDIERO , VR - Italia",,
TECNOFER ECOIMPIANTI SRL,,,,sales1@tecnofer.biz | 0039 0425849090,https://tecnofer.biz,"Via Calto 409/28, 45030 CENESELLI , RO - Italia",,
TECNOGARDEN SERVICE SRL,,,,info@tecnogardenservice.com | 039 6080619,https://tecnogardenservice.com,"Strada Com. Cascina Casiraghi 15, 20871 VIMERCATE , MB - Italia",,
TECNOIDEA IMPIANTI SRL,,,,sales@tecnoidea.it | +39 0392020265,https://tecnoidea.it,"Via Cristina Trivulzio di Belgioioso 6/8, 20852 VILLASANTA , MB - Italia",,
TECNOIMPIANTI WATER TREATMENT SRL,,,,info@tecnoimp.com | 02 95358203,,"Via Salvo D'Acquisto 16/B, 20060 POZZUOLO MARTESANA , MI - Italia",,
TECNORECUPERI SRL,,,,amministrazione@tecnorecuperi.it | 00390543494130,https://tecnorecuperi.it,"VIA DELL'ARTIGIANATO, 54, 47014 MELDOLA , FC - Italia",,
TECNOSERVIZI AMBIENTALI SRL,,,,0039035328111,https://tecnoserviziambientali.eu,"Via S. Bernardino,92, 24126 BERGAMO , BG - Italia",,
TECNOVA SRL,,,,info@tecnovarecycling.it | 0321 91700,https://tecnovarecycling.it,"Via Verbano 56/A 56/A, 28047 OLEGGIO , NO - Italia",,
TEDOM ITALIA SPA,,,,info@tedom.it | 00390399225521,https://tedom.com,"Via Garçia Lorca 25, 23871 LOMAGNA , LC - Italia",,
TEKNODEPURAZIONI AQUAE SRL UNICO SOCIO,,,,raffaele.varone@teknodepurazioniaquae.it | 0039012426123,https://teknodepurazioni.it,"C.so Indipendenza 53, 10086 RIVAROLO , TO - Italia",,
TEKSIN KONTEYNER,,,,teksin@teksin.com.tr | 0093322713240,,KONYA  - Turchia,,
TELCOM SPA,,,,telcom@telcomitalia.it | 0039 0831348111,https://telcomitalia.it,"Via dell'Industria - Z.I. 21, 72017 OSTUNI , BR - Italia",,
TERRAVISION ELECTRIC SPA,,,,3394932876,https://terravisionelectric.com,"Corso Venezia, 24, 20122 Milano , MI - Italia",,
TerraVives Srl,,,,,https://terravives.com,"Via Parigi, 11, 00185 Roma , RM - Italia",,
TESI ITALIANA SRL,,,,info@tesiitaliana.com | +39 3209419740,https://tesiitaliana.com,"piazza Mazzini, 73100 LECCE , LE - Italia",,
TESSARI ENERGIA SPA,,,,info@tessarienergia.it | 00390498285233,https://tessarienergia.it,"Via Venezia 69, 35129 PADOVA , PD - Italia",,
TEUMAN SRL,,,,info@teuman.it | 0523 243379,https://teuman.it,"Strada Castellana1206 Lusurasco, 29010 ALSENO , PC - Italia",,
TEURON SRL,,,,info@teuron.it | 00390550108332,https://teuron.it,"Via Enzo Cherzani 16, 50041 CALENZANO , FI - Italia",,
The One Trade Group srl,,,,+39 0521 571090,https://theonetrade.com,"Via Alfredo Veroni, 22, 43122 Parma  - Italia",,
THERMO FISHER SCIENTIFIC SPA,,,,vendite.offerte.it@thermofisher.com | 02 95059 1,https://thermofisher.com,"Via San Bovio, 3, 20054 SEGRATE , MI - Italia",,
THÖNI SUSTAINABLE SOLUTIONS GMBH,,,,tss@thoeni.com | +43 5262 6903 501,,"Obermarktstraße 48, 6410 Telfs  - Austria",,
TILLMANNS SPA,,,,tillmanns@tillmanns.it | +39 0269401,https://tillmanns.it,"Via Benigno Crespi 10/A, 20159 MILANO , MI - Italia",,
TIROLER ROHRE SRL,,,,marketing@trm.at | 003904711654633,,"Via Pillhof 17, 39057 APPIANO , BZ - Italia",,
TIT EUROPE SRL,,,,0744390040,https://titeurope.com,"Via Luigi Corradi, 16, 05100 Terni , TR - Italia",,
TLAB SRL,,,,info@teamlaboratori.it | 0039045994821,,"Via Enrico Fermi 40, 37136 VERONA , VR - Italia",,
TLZ SPA,,,,info@cappelligroup.it | 0865921540,,"VIA DELL'ENERGIA SNC, 86077 POZZILLI , IS - Italia",,
TMT TANKS & TRAILERS,,,,info@tmtinternational.it | 00390735568285,,"Via del Terziario 18/20, 63076 MONTEPRANDONE , AP - Italia",,
TOMRA SORTING SRL,,,,tss-info.it@tomra.com | +39 0521681082,https://tomra.com,"Strada Martinella, 74 A/B, 43124 ALBERI , PR - Italia",,
TONELLO ENERGIE SRL,,,,info@tonello-energie.com | 00390445397125,https://tonello-energie.com,"Via Bordalucchi 3, 36030 FARA VICENTINO , VI - Italia",,
TONISSIPOWER - RANIERI TONISSI SPA,,,,info@tonissipower.com | 0039 010711583,https://tonissipower.com,"Porta Siberia Calata Gadda snc, 16128 GENOVA , GE - Italia",,
TOPEMA NOVUMONDU,,,,marketing@topema.com | 55 11993897448,https://topema.com,"Avenida Roberto Gordon 171, 09990-090 Diadema  - Brasile",,
TOPFLY,,,,info@topflysolutions.com | 0039 0871898170,https://topflysolutions.com,"Loc.Cerrani snc, 66010 PRETORO , CH - Italia",,
Toro Equipment  S.L,,,,toro@toroequipment.com | 0034 667400992,https://toroequipment.com,"Carretera Nacional VP-3302,, 47329 Villavaquerín  - Spagna",,
TOSINI GROUP SRL,,,,commerciale@tosinigroup.com | +39030 3366690,https://tosinigroup.com,"Via Emilio Rizzi 10, 25134 BRESCIA , BS - Italia",,
TOSO SRL,,,,info@tosoconveyors.com | +39 0141957401,https://tosoconveyors.com,"Via Opessina 6, 14040 CASTELNUOVO CALCEA , AT - Italia",,
TRAFLUX BV,,,,32490301707,https://traflux.com,"Europark 1003, 3530 Houthalen  - Belgio",,
TRANS ITALIA SRL,,,,sergio.rotondo@transitalia.it | 00390898299642,https://transitalia.it,"Piazza Martinez 5, 84085 MERCATO SAN SEVERINO , SA - Italia",,
TRANSMETTRE,,,,0646895272,,"110 aveue victor hugo, 93200 Levallois-Perret  - Francia",,
TRASPORTI ECOLOGICI CIRIONI ARDUINO SRL,,,,info@cirionitrasporti.it | 00393351225490,https://cirionitrasporti.it,"Via Pieve 6/A, 62100 MACERATA , MC - Italia",,
TRATTAMENTI ECOLOGICI DORIA SRL,,,,nfo@doria-srl.it | 0039029754498,,MI - Italia,,
TREGENPLAST SRL,,,,info@tregenplast.it | 02 95299211,https://tregenplast.it,"Via Galileo Galilei 16, 20060 CASSINA DE PECCHI , MI - Italia",,
TRENTINO ACQUE SRL,,,,amministrazione@trentinoacque.com | 003904611610162,https://trentinoacque.com,"Via G. Di Vittorio 50, 38015 LAVIS , TN - Italia",,
TRENTINO SVILUPPO SPA,,,,info@trentinosviluppo.it | 003904641443111,https://trentinosviluppo.it,"Via Fortunato Zeni 8, 38068 ROVERETO , TN - Italia",,
TRIBIANO TRE SRL,,,,roberta@tribianotre.com | 00390290633054,https://tribianotre-riciclare.com,"Via Pasubio 8/12/14, 20067 TRIBIANO , MI - Italia",,
TRIVENETO RECUPERO IMBALLAGGI PLASTICI SRL,,,,3493063173,,"Via Tezze di Cereda, 22, 36075 Cornedo Vicentino , VI - Italia",,
TRK SRL,,,,enrico.dellatorre@trkitalia.it | 0238093520,,"Via Giovanni da Udine 34, 20156 MILANO , MI - Italia",,
TRO CUTTING TOOLS D.O.O.,,,,0038640806839,,"Perzonali 2, 2391 Prevalje  - Slovenia",,
Trolex Ltd,,,,+44 (0) 161 483 1435,https://trolex.com,"Newby Road, Hazel Grove, SK7 5DY Stockport, Cheshire  - Guernsey",,
TSM SRL,,,,info@tsmitaly.com | +39 0434 564167,,"Via Enrico da Fiume 32, 33080 FIUME VENETO , PN - Italia",,
TULLIS RINO SRL,,,,info@rinotullis.it | 0495974249,https://rinotullis.it,"Viale dell'Industria 20, 35013 CITTADELLA , PD - Italia",,
Turtle Srl,,,,3428784383,https://turtlesrl.com,"Via Balitrona 22, 47042 Cesenatico , FC - Italia",,
TUV AUSTRIA ITALIA SPA,,,,okcompost@tuvaustriaitalia.com | 0309821049,https://tuvaustriaitalia.com,"Via del Commercio 6/A, 60030 MONTE ROBERTO , AN - Italia",,
UBE EUROPE GmbH,,,,k.wakamura@ube.com | +49 211 178 8335,https://ube.es,"Immermannstrasse 65 B, 40210 DUSSELDORF  - Germania",,
UBERPLANTS ITALIA SRL,,,,amministrazione@uberplants.it | 00390550459410,https://uberplants.it,"Via Don Milani 43, 52028 TERRANUOVA BRACCIOLINI , AR - Italia",,
ULTRA POMPE SRL,,,,0248464552,https://ultrapompe.it,"Via Carlo Goldoni 37, 20090 Trezzano sul Naviglio , MI - Italia",,
UN SACCO DI SOLUZIONI SRLS,,,,marketing@unsaccodisoluzioni.it | 06 45776180,https://unsaccodisoluzioni.it,"Via Usseglio 5, 00166 RM , RM - Italia",,
UNI ENTE ITALIANO DI NORMAZIONE,,,,uni@uni.com | 00390270024 200,https://uni.com,"Via Sannio 2, 20137 MILANO , MI - Italia",,
UNI.RIMINI S.P.A. - SOC.CONS. PER L'UNIVERSITÀ NEL RIMINESE - TECNOPOLO DI RIMINI,,,,segreteria@unirimini.it | 0039054121847,https://tecnopolorimini.it,"Via Angherà 22, 47921 RIMINI , RN - Italia",,
UniCredit Leasing Spa,,,,info@unicreditleasing.eu | 800 101 131,https://unicreditleasing.it,"Via Livio Cambi 5, 20151 Milano , MI - Italia",,
UNIDRO S.R.L.,,,,02 50069000,https://unidro.com,"VIA APELLE, 24, 20128  MILANO , MI - Italia",,
UNIONCAMERE PUGLIA,,,,info@unioncamerepuglia.it | 0809645711,https://unioncamerepuglia.it,"Piazza Aldo Moro 33/A, 70122 BARI , BA - Italia",,
"UNIRAU - Unione Imprese Racc., Riuso e Riciclo Abbigliamento Usato",,,,segreteria@unirau.org | 06 9969579,,"Via del Poggio Laurentino, 11, 00144 ROMA , RM - Italia",,
UNIRIMA,,,,unirima@unirima.it | 06 622 885 55,https://unirima.it,"Piazza Buenos Aires, 5, 00198 Roma , RM - Italia",,
UNTHA SHREDDING TECHNOLOGY GMBH,,,,0043624470160,https://untha.com,"Kellau, KUCHL/SALZBURG  - Austria",,
URBAN CASTING SOLUTION (UCS),,,,3481167721,https://urbancastingsolution.com,"VIA FRANCESCO CRISPI 69, 80121 Villa Literno , NA - Italia",,
USCO SPA,,,,info@usco.it | 059 9780111,https://usco.it,"Viale delle Nazioni 65, 41122 MODENA , MO - Italia",,
UTILITEAM CO. SRL,,,,info@utiliteam.it | 00390242292302,https://utiliteam.it,"Via Tortona 37, 20144 MILANO , MI - Italia",,
VACUUM PRESSURE SYSTEMS SL,,,,+34636893132,,"Carrer Canal Xúquer-Túria 13, 46930 Quart de Poblet - Valencia  - Spagna",,
VAIA S.R.L. SOCIETA' BENEFIT,,,,+39 333 6073508,,"Via Puisle, 23, 38051 Borgo Valsugana , TN - Italia",,
VALLI SPA,,,,info@vallispa.com | 00390309996711,https://vallispa.com,"Via Lavagnone 11 11, 25017 LONATO DEL GARDA , BS - Italia",,
VALPRES SRL,,,,00000000,,"Via Angelo Gitti, 11, 25060 Marcheno , BS - Italia",,
VAMA ECOLOGY SRL,,,,info@vamaecology.it | 0421310590,https://vamaecology.it,"Via Carlo Alberto Dalla Chiesa, 30029 SAN STINO DI LIVENZA , VE - Italia",,
VARISCO SRL,,,,italia.varisco@atlascopco.com | 00390498294111,https://variscopumps.com,"Prima Strada 37, 35129 PADOVA , PD - Italia",,
VAUCHÉ,,,,contact@vauche.com | 33 0033324290350,https://vauche.com,"Boulevard Gambetta 17/19, 08200 SEDAN  - Francia",,
Vauché Bioma Italia s.r.l.,,,,0173366533,https://vauche.com,"Corso Bra 30/6, 12051 Alba , CN - Italia",,
VDO Italia,,,,andrea.poggianella-ext@continental-corporation.com | 02 356801,,"Via G. Matteotti, 62Palazzo MK2, I° piano, 20092 CINISELLO BALSAMO , MI - Italia",,
VECOPLAN GmbH,,,,welcome@vecoplan.com | +49 266162670,https://vecoplan.com,"Vor der Bitz 10, 56470 BAD MARIENBERG  - Germania",,
VEGA ITALIA SRL,,,,info.it@vega.com | 0039028914081,https://vega.com,"Via Enrico Fermi 8, 20057 ASSAGO , MI - Italia",,
VEHICLES ELECTRIC MOTION SRL,,,,amministrazione@vemgreen.com | 00393483835683,,"Via dei Missaglia 89, 20142 MILANO , MI - Italia",,
VENANZIEFFE S.R.L. con unico socio,,,,veneziaeffe@veneziaeffe.it | 0039033149951,https://venanzieffe.it,"Viale Lombardia 62/64, 20015 PARABIAGO , MI - Italia",,
VENZA SRL,,,,info@venza.eu | +39 0421280087,https://venza.eu,"Corso Martiri della Libertà, 99, 30026 PORTOGRUARO , VE - Italia",,
VEOLIA,,,,info.italia@veolia.com | 00390434516311,https://veoliawatertechnologies.it,"Via Melchiorre gioia, 26, 20124 Milano , MI - Italia",,
VEOLIA,,,,alice.giambi@veolia.com | 00390544451803,https://hazardouswasteeurope.veolia.com,"Via Cavina 7, 48123 RAVENNA , RA - Italia",,
VERDALIA BIOENERGY ITALIA SRL,,,,,https://verdaliabio.com,"Via San Bovio 3, 20054 Segrate , MI - Italia",,
VERDEMOBIL BIOGAZ,,,,alix.toschini@verdemobil.com,https://verdemobil-biogaz.fr,"10, Rue Augustin Fresnel, 85600 Montaigu-Vendée  - Francia",,
VERDER SCIENTIFIC SRL UNIPERSONALE,,,,info@verder-scientific.it | 0039 03519913800,https://verder-scientific.it,"Via Pino Longhi 12, 24066 PEDRENGO , BG - Italia",,
VERMEER ITALIA SRL,,,,info@vermeeritalia.it | 045 6702625,https://vermeeritalia.it,"Via Adige 21, 37060 NOGAROLE ROCCA , VR - Italia",,
VERSALIS SPA,,,,productcommunication@versalis.eni.com | 00390252042654,https://versalis.eni.com,"Piazza Boldrini 1, 20097 SAN DONATO MILANESE , MI - Italia",,
VETRES S.R.L.,,,,,https://vetres.com,"Via roma 82, 33040 PAVOLETTO , UD - Italia",,
VHIT SPA - SOCIETÀ UNIPERSONALE,,,,info@vhit-weifu.com | 003903732491,https://vhit-weifu.com,"Strada Vicinale delle Sabbione, 5, 26010 OFFANENGO , CR - Italia",,
VIBEA SRL,,,,3468608951,https://vibea.it,"Via Madonna del Monte n.7, 84121 Salerno , SA - Italia",,
VIBECO SRL,,,,0039029182461,https://gruppovibeco.it,"Via Roma 71, 20037 PADERNO DUGNANO , VA - Italia",,
VIBROPROCESS SRL,,,,bannella@vibroprocess.it | 039 2878381,https://vibroprocess.it,"Via Calamandrei 81, 20862 ARCORE , MB - Italia",,
VIBROTECH SRL,,,,info@vibrotech.biz | 00390536823776,https://vibrotech.biz,"Via Don Pasquino Borghi 4, 42013 S. ANTONINO DI CASALGRANDE , RE - Italia",,
VIDIM,,,,info@vidim.it | 0432 815011,https://vidim.it,"Via dei Cacciatori 8/2, 33033 Codroipo , UD - Italia",,
VIDORI SERVIZI AMBIENTALI SRL,,,,info@vidori.it | 0423987352,https://vidori.it,"Via Cavalier Carlo Tittoni 14 14, 31020 VIDOR , TV - Italia",,
VIFRA SRL,,,,,https://vifraitaly.com,"Corso Vittorio Emanuele II, 287, 00186 Roma , RM - Italia",,
VIGANO' PAVITEX SPA,,,,geo.it@pavitex.com | 0039 035201911,https://pavitex.com,"Via Carlinga 35, 24035 CURNO , BG - Italia",,
VIRA SOLUZIONI SRL,,,,info@virasoluzioni.com | 077350147,https://virasoluzioni.com,"P.zza Cuzzi 2 2, 20842 BESANA BRIANZA , MB - Italia",,
VIRGILIANA TRADING SRL,,,,3459324217,https://virgilianatrading.it,"VIA FRANCESCO PETRARCA, 46100 MANTOVA , MN - Italia",,
VITALI SPA SOCIETA' BENEFIT,,,,info@vitalispa.it | 00390274281998,https://vitalispa.it,"Via Lombardia 2/a, 20068 PESCHIERA BORROMEO , MI - Italia",,
VITRUVIO SRL SB,,,,info@vitruviosrl.com | 0833551800,https://vitruviosrl.com,"Via Gallipoli, n. 22, 73055 RACALE , LE - Italia",,
VITRUVIO TECH SRL,,,,08331867632,https://vitruviotech.com,"Via Gallipoli, n. 22, 73055 RACALE , LE - Italia",,
VIVAX SRL,,,,info@vivax.it | 0039 038166831,https://vivax.it,"Via Scaldasole 43, 27024 CILAVEGNA , PV - Italia",,
VIVERACQUA SCARL,,,,segreteria@pec.viveracqua.it | 00390429787657,https://viveracqua.it,"C. Colombo 29/A, 35043 MONSELICE , PD - Italia",,
VM Tarm A/S,,,,004523690433,https://vmtarm.dk,"Tværvej 25, 6880 Tarm  - Danimarca",,
VOGELSANG SRL,,,,italy@vogelsang.info | 00390373970699,https://vogelsang.info,"Via Bertolino 9/a, 26025 PANDINO , CR - Italia",,
VOLVO CAR ITALIA SPA,,,,,https://volvocars.com,"Via Enrico Mattei 66, 40138 BOLOGNA , BO - Italia",,
VOLVO CE ITALIA S.P.A.,,,,+393346244733,https://volvoce.it,"Via Dell ' Industria 8  8, 20080 CARPIANO , MI - Italia",,
VOLVO TRUCKS ITALIA,,,,function.marcom@volvo.com | 0039035889111,https://volvotrucks.it,"Corso Europa 2, 24040 ZINGONIA , BG - Italia",,
VOMM IMPIANTI E PROCESSI S.p.A.,,,,commerciale@vomm.it | +39 02 57510808,https://vomm.it,"Via Curiel 252, 20089 ROZZANO , MI - Italia",,
VRENT SPA,,,,info@vrent.it | 081 7769401,https://vrent.it,"Via Segantini 23, 38122 Trento , TN - Italia",,
VTN EUROPE SPA,,,,vtn@vtngroup.com | 00390444864211,https://vtneurope.com,"Via dell'Artigianato 41/43, 36026 CAGNANO DI POIANA MAGGIORE , VI - Italia",,
WA.S.T.E. ITALIANA SRL,,,,info@wasteitaliana.it | 00390733653201,https://wasteitaliana.it,"Via Roma 18, 62026 SAN GINESIO , MC - Italia",,
WAE - WERTSTOFFAUFBEREITUNG GMBH EDERSLEBEN,,,,wae@wae-gmbh.de | 0049 3464 671213,https://wae-gmbh.de,"Der Hutdeckel, 06528 EDERSLEBEN  - Germania",,
WAGA ENERGY ITALIA,,,,amministrazione.italia@waga-energy.com | +39 3318752177,https://waga-energy.com,"Via GUSTAVO FARA 35, 20124 Milano , MI - Italia",,
WALLONIA EXPORT&INVESTMENT AGENCY,,,,info@awex.be | 003224218211,https://wallonia.be,"Place Sainctelette 2, 1080 BRUXELLES  - Belgio",,
WASTE MANAGER,,,,0454856760,https://wastemanager.eu,"Via Carrara 10, 37023 GREZZANA , VR - Italia",,
WASTE ROBOTICS INC.,,,,0014188085055,https://wasterobotic.com,"11410 Boulevard Louis-Loranger, G0X Trois-Rivières , QC - Canada",,
WASTE TO METHANE SRL,,,,info@wastetomethane.com | 00390984446267,https://wastetomethane.com,"Via Marco Polo Z.I. C.DA LECCO, 87036 RENDE , CS - Italia",,
Wasteer Gmbh,,,,015223509647,https://wasteer.com,"Berliner Str. 80, 13189 Berlin  - Germania",,
WATER & LIFE LAB,,,,035940665,https://waterlifelab.it,"V.le Enrico Mattei, 37, 24060 Entratico , BG - Italia",,
WATER POSITIVE ADVISORS SL.,,,,0034662568243,https://aquapositive.com,"Calle de Villalar 7, 28001 Madrid  - Spagna",,
WaterSam GMBh,,,,,,"Hölzlestraße 42, 72336 Balingen  - Germania",,
WATERSPIN SRL,,,,michele.principato@waterspin.net | 0039029511419,https://waterspin.net,"Via G. Parini 96, 20064 GORGONZOLA , MI - Italia",,
WATERTECH SPA - ARAD GROUP,,,,info@wtmeters.it | +39 0141822106,,"Via Bartolomeo Cupin 12, 14100 ASTI , AT - Italia",,
WATROPUR Schlammtrockner GmbH,,,,,,"Eichzun 5, 3800 Unterseen  - Svizzera",,
WEBER ENTEC GMBH & CO. KG,,,,mail@weber-entec.com | 004972437288980,https://weber-entec.com,"Siemensstrasse 22, 76275 ETTLINGEN  - Germania",,
WEG International GmbH,,,,+41 078 269 94 28,,"Am Mattenhof 16a, 6010 Kriens  - Svizzera",,
Weizer Energie - Innovations - Zentrum GmbH,,,,004331726031120,https://innovationszentrum-weiz.at,"Franz-Pichler-Straße 30, 8160 Weiz  - Austria",,
WEMED ENERGY srl,,,,3357957804,https://wemedenergy.it,"VIA LEONARDO DA VINCI 84, 90145 PALERMO , PA - Italia",,
WeSchool Education srl,,,,,https://weschool.com,"G.G. Winckelmann 1, 20146 Milano , MI - Italia",,
WESORT AI GMBH,,,,00499317304739 3,https://wesort.ai,"Leightonstraße 3, 97074 Würzburg , BY - Germania",,
WHEELIOT,,,,sales@wheeliot.com | 0398947017,https://wheeliot.com,"Via Lecco, 61, 20871 Vimercate , MB - Italia",,
WIEN ENERGIE GMBH,,,,office@wienenergie.at | 004301400489411,https://wienenergie.at,"Thomas-Klestil-Platz 14, 1030 WIEN  - Austria",,
WILO ITALIA SRL,,,,wilo.italia@wilo.it | 0039025538351,https://wilo.it,"Via Novegro 1/A, 20054 SEGRATE , MI - Italia",,
WIRTGEN MACCHINE SRL,,,,mspecht@wirtgen.it | 029057941,https://wirtgen.it,"Via delle Industrie 7, 20082 NOVIGLIO , MI - Italia",,
WIRTSCHAFTSKAMMER KAERNTEN  _ CAMERA DI COMMERCIO CARINZIA,,,,aussenwirtschaft@wkk.or.at | 0043590904755,,"Europaplatz 1, 9021 KLAGENFURT  - Austria",,
WOEHLER ITALIA SRL,,,,info@woehler.it | +39 0456200080,https://woehler.it,"Via Coraine 21, 37010 COSTERMANO , VR - Italia",,
WOLF SYSTEM SRL,,,,mail@wolfsystem.it | 0472 064000,https://wolfsystem.it,"Zona Industriale Wolf 1, 39040 CAMPO DI TRENS , BZ - Italia",,
WOLFTANK DGM SRL,,,,reception@wolftank.com | 00390471202300,https://wolftank.com,"Via Gianni Brida 4, 39100 BOLZANO , BZ - Italia",,
WOLTERS KLUWER ITALIA SRL,,,,info.atlantide@wolterskluwer.com | 003902824761,https://wolterskluwer.com,"via Bisceglie, 66, 20152 MILANO , MI - Italia",,
WPR  SRL,,,,annunziata@wprsrl.com | 0422911849,,"Zona Industriale ASI, 80023 Agglomerato Asi Pascarola , NA - Italia",,
WPT srl,,,,info@wpt-italy.com | 0141 1768169,https://wpt-italy.com,"Via N Sauro 58, 10093 COLLEGNO , TO - Italia",,
WRS ITALIA SRL,,,,info@steelwrs.it | 00390422766341,https://wrsitalia.com,"Via Campania 40/42, 31045 MOTTA DI LIVENZA , TV - Italia",,
WTC Genoa Azienda Speciale della Camera di Commercio di Genova,,,,0102704341,,"Via Garibaldi, 4, 16124 Genova , GE - Italia",,
WTE SRL,,,,wtecommerciale@wteitaly.com | 00390331490449,,"Via Mario Re Depaolini 52, 20015 PARABIAGO , MI - Italia",,
WTEC PLANTS SRL,,,,3510582416,https://wtecplants.com,"via Città di Milano, 42, 76125 Trani , BT - Italia",,
WTT,,,,info@wtt.nl | 0031546581230,https://wtt.nl,"Munsterstraat 14, 7575 ED OLDENZAAL  - Paesi Bassi",,
"Xinlei Compressor Co.,Ltd",,,,008657689969999,https://xinlei.com,"Wenling Industrial Zone, 317500 Wenling, Zhejiang  - Cina",,
XPLORA SRL,,,,amministrazione@xploragroup.ai | 3473496020,https://xploragroup.ai,"Piazza Castello 26, 20123 MILANO , MI - Italia",,
XYLEM WATER SOLUTIONS ITALIA,,,,info.italia@xylem.com | 0039 0290358270,https://xylem.com,"Via Gioacchino Rossini 1/A, 20045 Lainate , MI - Italia",,
"Yoking Pump Industry Co.,Ltd",,,,008657686399899,,"Shaan Industry Zone, Dongan Village, Daxi Town, 317525 Wenling, Zhejiang  - Cina",,
YUYAO NO.4 INSTRUMENT FACTORY,,,,8657462833672,,"66 Chang Xin Lu, 315453 Ning Bo Shi  - Cina",,
Z_TEST,,,,,,Italia,,
ZAGIB SPA,,,,info@zagib.it | +39 059567213,https://zagib.it,"Via A. Toscanini 86, 41019 SOLIERA , MO - Italia",,
Zagreba?ki inovacijski centar,,,,00385993667147,,"Avenija Dubrovnik 15, 10000 Zagreb  - Croazia",,
ZANETTI ARTURO & C. SRL,,,,gianluca@zanettiarturo.it | 0354946080,https://zanettiarturo.com,"Via strada regia 5, 24030 Mapello , BG - Italia",,
ZANETTI MAGNETI SRL,,,,andrea.calzi@zanettimagneti.it | 00390309771114,https://zanettimagneti.it,"Via Tiziano 14, 25030 BARBARIGA , BS - Italia",,
ZARRI SRL,,,,commerciale@zarri.it | 0039051977207,https://zarri.eu,"via provinciale nord 43, 40050 Castello D'argile , BO - Italia",,
zasystem,,,,3491174718,https://zasystem.it,"filippo turati 12, 43014 Medesano , PR - Italia",,
"Zen Young Technology Hebei Co., Ltd.",,,,008613931123243,https://zen-young.com,"Tower C 603, MCC World Grand Plaza, No.66?XiangTai Road?, 050023 Shijiazhuang  - Cina",,
ZENIT ITALIA SRL,,,,info@zenit.com | 00393395810177,,"Via dell'Industria 11, 41018 SAN CESARIO SUL PANARO , MO - Italia",,
ZEROW SRL,,,,00393391073353,https://zerow.it,"Via Isaac Newton, 104,, 50018 Scandicci , FI - Italia",,
"Zhejiang Jingyuan Membrane Technology Co., Ltd.",,,,008657455128905,,"Rooms 123 and 124, Building 1, No. 134, East Section of Huancheng North Road, Jiangbei District, 315000 Ningbo  - Cina",,
"Zhejiang Olbin Pump Co.,Ltd",,,,008618857656999,https://olbinpump.com,"Dayang City Industrial Zone, Daxi Town,, 317525 Wenling, Zhejiang  - Cina",,
"Zhejiang Shoufei Pump Technology Co.,Ltd",,,,008613665742262,https://shoufeipump.com,"No. 2, Shanlitang, Xiayang Village, Xiazhuhu Subdistrict, Deqing, 313200 Huzhou, Zhejiang  - Cina",,
"ZHEJIANG TIANLI EQUIPMENT TECHNOLOGY CO., LTD.",,,,jackhuang@tianlimagnet.com | 15267902689,,"NO.899,Changsheng Rd,Baiyun Street DongYang City,Zhejiang China., 322100 Zhejiang  - Cina",,
ZIGO SRL,,,,3913316748,https://zigoautomation.com,"VIA LEONARDO DA VINCI, 20051 CASSINA DE' PECCHI , MI - Italia",,
ZORDAN PIETRO E FIGLI SRL,,,,info@zordanpietro.net | 00390444685882,,"Via Vallegrande, 38, 36050 MONTORSO VIC.NO , VI - Italia",,
Zucchetti Ambiente srl,,,,amministrazione@zucchettiambiente.it | 0039 0818854335,https://zucchettiambiente.it,"Corso Umberto I 593, 80034 MARIGLIANO , NA - Italia",,
ZULBERTI SRL,,,,info@zulberti.eu | +39 04641402388,https://zulberti.eu,"Via del Commercio 76, 38121 TRENTO , TN - Italia",,
