company_name,booth,description,email,mobile_primary,domain,full_address,city,linkedin_url
'TORAY' TAK TEXTILES KOREA LNC.,7 - 7-686,,heemun.roh.b6@mail.toray,+82 10-2808-7719,https://www.taktextiles.com/,"801, 8F, ACE TWIN TOWER 1ST, 285, DIGITAL-RO, GURO-GU, 08381, Seoul, South Korea",Seoul,
101 Tech USA Inc.,10.0 - 10.0-315,,info@101techcorp.com,+1 909-628-2269,https://101techusa.com,"14750 Nelson Avenue East, 91744, City of Industry, United States",City of Industry,
"3C-TEX INTERNATIONAL CO., LTD.",6 - 6-400,"3C stands for Customer, Competitiveness, and Company.Creating win-win situations is the foundation stone for the strong relationship between 3C-TEX and its customers.By cooperating with stable and experienced producers, 3C-TEX continuously updates its products to meet customers' needs. Our mature connections with factories also help to realize customers' ideas and requests, transforming them into high-end merchandise for you.Supported by experienced developers, we continually update our products to meet the demands for diversity, specialty, and customizability. Combined with strict quality control, 3C-TEX exports functional textiles of great quality to markets around the world.In recent years, we have focused on developing special Fabric, including hiking raincoats with excellent waterproof and breathable features, Combat Uniform with anti-abrasion and anti-bacterial properties, and high-visibility fabrics.By cooperating with customers in various fields, we lead the trend of next-generation textiles.",3c-tex@3c-tex.com,+886 28521924111,https://www.3c-tex.com/,"No.141, Te-An Rd., 600084, Chiay City, Taiwan",Chiay City,https://www.linkedin.com/company/3c-tex-international-co-ltd/
3D-WERK Black Forest GmbH,9 - 9-467,"With over 20 years of expertise in additive manufacturing, the 3D-WERK team is dedicated to bringing the latest trends in 3D printing technology to life for customers. Our application-oriented and comprehensive range of services supports you through every phase of the 3D printing process—from expert consultation and reliable service to the sale of tailored systems that meet your specific production needs.",mail@3d-werk.eu,+49 7724 580040,https://www.3d-werk.info,"Industriestraße 29, 78112, St. Georgen im Schwarzwald, Germany",St. Georgen im Schwarzwald,https://www.linkedin.com/company/3d-werk-black-forest-gmbh
3E,10.0 - 10.0-312,"3E is a high-tech defence company, operating in the defence and aviation markets. Working alone, 3E holds leadership position in its core market. Its core purpose is to design and develop optronic equipment and systems that deliver the most accurate, reliable, high-tech and competitive solutions to defense and aviation market. 3E undertakes research and development programs to maintain the regional leadership position of its R&D and Innovation roadmap. During its 20-year journey from 2005 to the present, 3E has achieved many breakthroughs and innovations in electro-optical systems, distinguishing itself from its competitors. It has always been the pioneer of firsts. As a result, it was selected as the 4th fastest growing company in Turkey in 2021 within the TURKEY 100 program directed by Union of Chambers and Commodity Exchanges of Turkey (TOBB). Today, as one of the largest electro-optic companies in Turkey, it will continue to create value in the market. 3E continues its work to be a leading position in the future with the high product quality and reliable services to users.",3e@3eeos.com,+90 (312) 386 14 95,https://www.3eeos.com,"ASO 1. OSB Ahi Evran Mahallesi Anadolu Caddesi No: 5, Sincan, 06935, Ankara, Turkey",Ankara,https://www.linkedin.com/company/3eeos/mycompany/
3M,7 - 7-472,"The multi-technology company 3M was founded in 1902 in Minnesota, US and is now one of the most innovative companies in the world. 3M uses its scientific know-how to develop powerful technologies and improve the quality of life of each individual. The company relies on a corporate culture that promotes creative cooperation. 3M Display Materials and Systems Division: 3M has been a trusted leader in screen privacy and protection for many years – we pioneered the microlouver technology and we continue to develop advanced optical technology that delivers visual privacy and screen protection that’s trusted the world over. Screen protection is your first line of defence against visual hackers, physical damage, and screen glare. It contributes that your confidential information stays confidential. From smartphones to monitors, laptops and tablets, 3M offers a wide range of privacy products designed to fit over 40,000 IT devices on the market. With the rise of shared workspaces, hot desking and remote work, the opportunity for confidential information to be exposed on-screen is high. 3M ™ privacy filters give screen protection, anti-glare protection, blue light reduction, and world-class privacy. While the user sees a crystal-clear image in front of the display, the filter provides privacy protection up to 60 degrees on both sides. Whether on the train, in the home office or in an open-plan office, 3M ™ privacy filters will accompany you everywhere.",innovation.de@3m.com,+49(0)2131.14-0,https://www.3M.com,"Carl-Schurz-Straße 1, 41453, Neuss, Germany",Neuss,
5.11 Tactical,9 - 9-646,"5.11 IS THE PIONEERING, PURPOSE-DRIVEN BRAND MAKING PURPOSE-BUILTGEAR FOR THOSE WHO DEMAND MORE OF THEMSELVES, FOR THE GREATER GOOD. Everything our customers do and everything we do for them is exponential. The more self-reliant they are,the more they can be relied upon. The more strength they build,the more they can protect others. The more they answer the call of service,the more they respect others who serve. The more we listen, field-test, design, build, and optimize, to help them be ready for anything,the more they can live a life bigger than themselves. That’s the Always Be Ready® mission of a lifetime.",info.emea@511tactical.com,+46(0)40 467388,https://www.511tactical.com,"Hyllie Boulevard 40, SE-21535, Malmö, Sweden",Malmö,
A-TEC AS,12.0 - 12.0-240,"What began as a small-scale operation crafting silencers for hunters in Norway has grown into a thriving enterprise. A-TEC now operates from a state-of-the-art facility spanning 1,500 square meters, featuring professional management and a dedicated workforce. The company produces over 80,000 silencers annually, serving both civilian and professional markets, with customers ranging from Northern Europe to South Africa.",post@a-tec.no,+47.918.16018,https://www.a-tec.no,"Slettaveien 19, 1553, Son, Norway",Son,
A. Schweiger GmbH,9 - 9-274,,info@schweiger-gmbh.de,+49 8104 8970,https://www.schweiger-group.de,"Ohmstraße 1, 82054, Sauerlach, Germany",Sauerlach,
A.R.S. - Active Resilience Solutions GmbH,6 - 6-314,,hlib.lieonov@vital-tech.org,+49 176 73887892,https://www.activeresiliencesolutions.de,"Hornungsreuth 21, 95512, Neudrossenfeld, Germany",Neudrossenfeld,
A10 Equipment,9 - 9-260,"Since 1970, we have been developing clothing, equipment and accessories in France, working closely with professionals to satisfy operational requirements. Military - Law enforcement - Private security/firefighting – Outdoor",info@a10-equipment.com,+33 3 88 55 33 00,https://www.a10-equipment.com,"6 Rue Girlenhirsch, 67404, Illkirch-Graffenstaden, France",Illkirch-Graffenstaden,https://www.linkedin.com/company/a10-equipment/
Aaronia AG,7A - 7A-521,"Aaronia AG Aaronia AG is an internationally-renowned measuring, tracking and monitoring technology company headquartered in Strickscheid, Germany. The company offers a wide range of products and services, including real-time spectrum analyzers, antennas, signal generators and EMC test equipment. Aaronia AG is known for its fast but high-precision and innovative, yet customizable solutions used in the telecommunications, research and development and industrial sectors. Federal authorities and the military also value the intelligent signal detection and positioning systems with extremely high precision, reliability and corresponding range. All products are developed, manufactured, tested and calibrated in Germany before being shipped all over the world.",mail@aaronia.de,0049 6556 900310,https://www.drone-detection-system.com,"Aaroniaweg 1, 54597, Strickscheid, Germany",Strickscheid,
Abraservice Deutschland GmbH,7 - 7-714,,a.deutschland@abraservice.com,+49 211 995500,https://www.abraservice.com/de-de/,"Ronsdorferstraße 24, 40233, Düsseldorf, Germany",Düsseldorf,
ABRONA INTERNATIONAL,6 - 6-237,,info@abrona.com,+92 321 6127488,https://www.abrona.com,"Fateh Garh, Abrona St, S. I. E,, 51310, Sialkot, Pakistan",Sialkot,
ABTGear,9 - 9-164,,rick@abtgear.com,+852 2893 4110,https://www.abtgear.com,"Room L 4/F block3 60 hoi yuen Road Kuwn tong ,Hong Kong, 0, Hong kong, Hong Kong SAR China",Hong kong,
Acheron AG,10.0 - 10.0-236,,info@acheron.ch,+41 44 523 67 00,https://www.acheron.ch,"Klosterstraße 19, 8406, Winterthur, Switzerland",Winterthur,
ACS Armoured Car Systems GmbH,7A - 7A-226,"As a medium-sized company based in Bavaria, we see ourselves as a full-service partner in the fields of ballistic protection, emergency vehicles and system integration. Since the company was founded in 2003, more than 95 highly specialised employees have been working in a production and office area of more than 9,000 m² in accordance with the German War Weapons Control Act (KrWaffKontrG). With our solutions and our passion for manufacturing vehicles, we make a valuable contribution to our customers. Our added value is focused on technical project management, development/design, welding and assembly.",salesengineering@acs-armcar.com,+49(0)821.650.717-0,https://www.acs-armoured-cars.com,"Winterbruckenweg 60, 86316, Derching, Germany",Derching,https://de.linkedin.com/company/acs-armoured-car-systems-gmbh
ACTinBlack Europe,10.0 - 10.0-316,"ACTinBlack is a leading developer and manufacturer of Advanced Night Vision Optics. ACT partners with law enforcement and military to develop premier quality Night Vision products and solutions. Manufacturing in Luxembourg and Fort Worth, Texas",info@actinblack.com,+352 20301030,https://www.actinblack.com,"12 Rue de l'Industrie, 3895, Foetz, Luxembourg",Foetz,
AD2V Industries GmbH,12.0 - 12.0-205,"AD2V Industries GmbH is a highly innovative company from Austria which is operating internationally in the fields of light sensitive optronic sensors and systems for professional and military applications. The company's core business is the development, production and sales of patented digital optoelectronic devices and systems, especially of digital night vision systems. The product range covers digital day and night vision goggles and external accessories. Furthermore, AD2V offers individualized project engineering in order to meet special customer needs as well as to integrate its products perfectly into the customer's existing infrastructure. The unique combination of different physical imaging technologies as well as the additional expandability of the system and its products through digital interfaces represent AD2V's unique characteristics. Product-Portfolio: Development and production of optoelectronic systems Digital Night Vision Goggles External light sensitive camera and sensor systems Video, radio / audio and data transmission systems Custom-Made Solutions: Individualized custom-made services Integration into existing infrastructure",office@ad2v.net,+43 4274 52723,https://www.ad2v.com,"Bertha-von-Suttner-Straße 25, 9500, Villach, Austria",Villach,
Adolf Würth GmbH & Co. KG,7A - 7A-124,"About the Würth Group The Würth Group is the global market leader in the development, production, and sale of assembly and fastening materials. Other trading and production companies, the Allied Companies, operate in related business areas, ranging from electrical wholesaling and electronics to financial services. At the end of 2024, the Group employed 87,000 employees in over 400 companies with more than 2,800 shops across 80 countries. The Group generated sales of EUR 20.2 billion and an operating result of EUR 940 million in the 2024 fiscal year. With over 8,000 employees, Adolf Würth GmbH & Co. KG in Künzelsau is the largest single company in the Würth Group.",info@wuerth.com,+49 7940 15-0,https://www.wuerth.de,"Reinhold-Würth-Str. 12-17, 74653, Künzelsau, Germany",Künzelsau,https://www.linkedin.com/company/wuerth-germany
Adventure Menu s.r.o.,7 - 7-574,"Manufacturer of 100% natural outdoor, tactical and emergency meals since 2011. On IWA and Enforce Tac we are presenting new product line PRO-RATION by ADM. PRO-RATION by ADM – the solution for tactical, professional, and emergency operations.Our brand-new product line combines 14 years of expertise in crafting 100% natural, long-lasting food with cutting-edge technology. The result: rations designed for the 21st century. ✔ Exceptional Taste – No compromise, even in extreme conditions.✔ Compact and Lightweight – Perfect for missions where every gram counts.✔ Minimal Waste – For sustainable usage. Two years of development and close collaboration with special forces, police task forces, firefighters, and survival experts have resulted in a product that redefines perfection. Discover PRO-RATION by ADM – engineered to support your mission.",hello@adventuremenu.com,+420 606 142 028,https://www.pro-ration.com,"Koubkova 399/10, 12000, Prague, Czechia",Prague,https://www.linkedin.com/showcase/pro-ration-by-adventure-menu/?viewAsMember=true
AES Akku Energie Systeme GmbH,7A - 7A-201,"AES Akku Energie Systeme GmbH develops and manufactures rechargeable batteries, battery systems, and energy systems for mobile and uninterruptible power supplies. Through parallel connection and hot-swap functionality of LFP batteries, in combination with the AES EnergyHub, we offer a battery-based alternative to conventional generators. By exchanging batteries and/or charging via engine systems, shore power, solar energy, and fuel cells, we ensure continuous energy availability. Power can be supplied at 12 V, 24 V, 48 V, 110 V, 230 V and USB-C - at any time and simultaneously. We develop and manufacture customized solutions, such as drone batteries, individually and scalable, in Germany.",Robert.Mellinghoff@akkuenergiesysteme.de,+49 15174401392,https://www.akkuenergiesysteme.de,"Biedenkamp 8, 21509, Glinde, Germany",Glinde,
AGILITE,9 - 9-368,"Agilite™ is Israel's premier tactical gear and apparel company. Agilite manufactures world class equipment for SOF, LE and SAR worldwide. Agilite combines the know-how gleaned from combat operations in the Middle East with the very latest in ergonomic military tactical design, engineered for maximum performance on the battlefield. The Agilite design team's own combat experience has informed their understanding of the enormous difference premium tactical gear can make to a soldier’s everyday life. They know that good equipment keeps you agile, light on your feet, fast and maneuverable.",josh.s@agilitegear.com,036499459,https://agiliteinternational.com,"HaRokmim 29, 5885607, Holon, Israel",Holon,https://il.linkedin.com/company/agilite
AGM GLOBAL VISION LTD,11.0 - 11.0-203,"AGM Global Vision is a rising leader in the night vision and thermal device market; recognized and respected by professionals and enthusiasts alike. AGM Global Vision has ambitious plans to become a unique standout within the industry by developing advanced products that exceed client needs and expectations. AGM’s aim is to become a dominant player in the US and International markets by utilizing a staff of highly trained professionals as well as facilities located in the USA and Europe alike. Our skilled production team combined with cutting-edge manufacturing processes ensure industry-leading quality and performance. AGM’s diverse product offerings include night vision and thermal monoculars, binoculars, weapon sights, illumination devices, and much more.",info@agm-support.com,+359 87 766 5510,https://www.agmglobalvision.eu,"#6 Andrey Lyapchev blvd & Zheko, 1756, Sofia, Bulgaria",Sofia,
AIM Infrarot-Module GmbH,12.0 - 12.0-160,,info@aim-ir.com,+49(0)7131.6212-930,https://www.aim-ir.com,"Theresienstraße 2, 74072, Heilbronn, Germany",Heilbronn,
Aimpoint AB,12.0 - 12.0-306,"After over 45 years of working closely with military weapon systems experts and marksmen around the world, Aimpoint red dot sights remain the No. 1 choice for combining speed, accuracy and reliability. Aimpoint has delivered hundreds of thousands of soldier-tested, combat-proven red dot sights to professional users in more than 60 countries.",info@aimpoint.se,+46(0)40 671 50 20,https://www.aimpoint.com,"Jägershillgatan 15, 21375, Malmö, Sweden",Malmö,www.linkedin.com/company/18080530
AKILA D.O.O,12.0 - 12.0-134,,info@akila.ltd,+386 40 710 020,https://akila.ltd,"Potok Pri Komendi 14, 1218, Komenda, Slovenia",Komenda,
Aksa Akrilik Kimya Sanayii A.S.,9 - 9-608,"Aksa Akrilik was established in Yalova in 1968 and is the world's largest acrylic fiber producer. MITHRA is a strategic move that brings AKSA's deep-rooted experience in chemistry and fiber technologies to the defense industry. Mithra UHMWPE fiber, produced in-house using its R&D and engineering infrastructure, is the first high-performance advanced material in this field in Turkey. PE (Unidirectional) ballistic fabrics produced using MITHRA fibers are specifically designed for applications of Body Protective Composite Armors; Land, Sea, and Air Vehicle Platforms, and Ballistic Composite Systems. Mithra UD fabrics stand out with their high strength, lightweight, and performance characteristics for both hard and soft ballistic solutions.",enida.hancer@aksa.com,+90 226 353 25 45,https://www.aksa.com,"Merkez Mahallesi Ali Raif Dinçkök cd No:2 Taskopru Ciftlikkoy, 77602, Yalova, Turkey",Yalova,
AKU ITALIA SRL,7 - 7-354,,info@aku.it,+39 0423 2939,https://www.aku.it,"Via Schiavonesca Priula, 65, 31044, Montebelluna, Italy",Montebelluna,https://www.linkedin.com/company/aku-trekking-footwear/posts/?feedView=all
Albrecht Bender GmbH u. Co,9 - 9-429,"Albrecht Bender GmbH u. Co ist ein international tätiges Unternehmen mit Sitz in der Bundesrepublik Deutschland. Die Gründung erfolgte im Jahre 1864. Das Unternehmen wird heute in dritter Generation geführt. Wir liefern marktgerechte, hochwertige Produkte von gleichbleibender Qualität an Großhandel und Industrie. Das in langer Tradition erworbene Know-how, unsere Werkstoffe und Werkstoffkombinationen, sowie die Teil- und Endprodukte kommen in der Uniform-Effekten-Branche auf der ganzen Welt zum Einsatz. Hierauf sind wir besonders stolz. Aufgrund unseres Maschinenparks sind wir jederzeit in der Lage Großserien zu produzieren. Da wir kundenauftragsbezogen arbeiten, ist es problemlos möglich, Sonderwünsche und Kleinserien anzufertigen. Unsere Mitarbeiter, das Rückgrat unseres Unternehmens, sichern diese Flexibilität. Zu unseren Hauptkunden zählen die Bundeswehr und die Polizeibehörden der verschiedenen Bundesländer. Wir beliefern nur Behörden, Industrie, Händler und Geschäfte, keine Vereine und Endverbraucher. Ein Exportanteil von rund 60 % unterstreicht die internationale Kundschaft.",tietze@a-bender.de,+49(0)9141 905-0,https://www.a-bender.de,"Richard-Stücklen-Straße 15, 91781, Weißenburg, Germany",Weißenburg,
Albrecht Kind GmbH - AKAH,9 - 9-507,,info@akah.de,+49 2261 7050,https://www.akah.de,"Hermann-Kind-Str. 18-20, 51645, Gummersbach, Germany",Gummersbach,
ALCYON,9 - 9-153,"Larrañaga y Elorza, S.A. began its activity in 1918, initially manufacturing handguns, and from 1921 onwards it has continued with what has been its main activity up to the present day: the manufacture of handcuffs. After 100 years of existence our brand, ‘ALCYON’, is known and recognised worldwide. The constant enquiries and contacts we receive from all over the world are testament to this. Our experience in providing the right product for the job is highly valued.",info@alcyon.es,+34 943 12 08 00,https://www.alcyon.es,"Pol. Albitxuri 1N, 20870, Elgoibar, Gipuzkoa, Spain","Elgoibar, Gipuzkoa",
Aliens Bergsport & Arbeitssicherheit e.K Andreas Hofmann,7 - 7-865,,info@aliens-outdoor.de,+49 8024 608030,https://www.aliens-outdoor.de,"Georg-Hardt-Straße 7, 83624, Otterfing, Germany",Otterfing,
Alpex protection,7 - 7-128,"ALPEX PROTECTION and NT MAJOCCHI have been amongst the european leaders in laminated and coated fabrics for personal protective equipments. We keep on innovating and are offering a wide range of highly performing waterproof and breathable textiles, dedicated to professionals in extreme conditions or hazardous environments such as Firefighters, military forces, polices forces, emergency response… The manufacturing sites are located in Saint-Chamond (France) and in Tavernerio (Italy). Sustainability and innovation are at the heart of its priorities, making Alpex and Majocchi key players in their respective sectors. Alpex and Majocchi are also ISO 9001, ISO 14001 and Alpex, Step By OEKOTEX too, certified.",communication@alpex.fr,+33 4 77 53 88 56,https://alpex.fr,"Parc d'activités Stelytec Zone B8, 42400, Saint - Chamond, France",Saint - Chamond,https://www.linkedin.com/company/alpex-protection
Alpha Optics,10.0 - 10.0-533,"Alpha Optics manufactures and supplies night vision, thermal imaging, and daytime optical devices. Our engineers, sales and customer service staff have many years of experience producing and distributing optics around the world. We work with the leading manufacturers in the industry and with those who use the products every day in real life situations. We develop and produce the most technologically advanced optical products for tactical, law enforcement, and commercial applications. Our night vision products are of the highest quality and are used by the world's elite military and law enforcement units. These include compact multipurpose night vision monoculars, goggles, binoculars, and weapon sights. Our thermal imaging devices can be used at any time of the day and easily cut through fog, smoke or haze. If you need high-performance daytime optics, we can supply you with top-of-the-line, battle-proven rangefinders and binoculars. Our daytime optics devices are famous around the world for their high quality and affordable price. Whatever your application may be, Alpha Optics can supply the best equipment for the job, at the most reasonable price, and deliver it to you on time, anywhere in the world.",mail@alphaopticsinc.com,+1 289-238-9922,https://www.alphaopticsinc.com,"1 Hunter Street East, L8N 3W1, Hamilton, Canada",Hamilton,
ALPINE CROWN (EUROPE) LTD,7 - 7-172,ALPINE CROWN is a British Brand founded in 2009. The main products of the brand today are military collection Our main priority is to provide personalized and customized solutions for all types of products such as - PERSONAL BULLETPROOF SOLUTION - PERSONAL CLOTHING SYSTEM - PERSONAL LOAD CARRYING EQUIPMENT - FOOTWEAR Collection - ACCESSORIES Collection,alex@alpine-crown.com,+44 7760 606543,http://alpine-crown.com,"3 Dorchester Court, N14 4QD, London, United Kingdom",London,
ALPINEBEAR,7 - 7-152,"Since 2006, ALPINEBEAR has been a trusted name in gloves, backpacks, bags, and protective clothing, all fully compliant with EU regulations. Our products are designed for durability, performance, and innovation, serving industries across North America, the Middle East, South Asia, and Europe. Explore our cutting-edge solutions in protective gear and discover why professionals worldwide rely on ALPINEBEAR for quality and excellence.",info@alpinebear.com,+92 52 3540078,https://www.alpinebear.com,"3-KM Pasrur Road, 51310, Sialkot, Pakistan",Sialkot,
ALTOTEKS Tekstil Giyim Boya Apre San. Ve Tic. A.S.,6 - 6-419,,info@altoteks.com.tr,+90 212 637 34 36,https://www.altoteks.com.tr/,"15 Temmuz Mah.Bahar Cad.Polat İş Merkezi No:6 A Blok Kat:1 Güneşli Gunesli Bagcilar, 34212, Istanbul, Turkey",Istanbul,
AM Pioneers Deutschland GmbH,6 - 6-125,"We are Europe's leading partner for consulting and implementation of 3D printing technologies in industrial manufacturing. AM Pioneers was founded in 2021 with the aim of supporting manufacturing companies in integrating additive manufacturing (3D printing) into their existing production processes. Rapid technological developments are now enabling companies to replace conventional manufacturing processes with additive manufacturing processes or to use them in the form of hybrid manufacturing to create added value, which leads to a significant increase in efficiency, flexibility and cost-effectiveness. As a reseller of leading manufacturers and a full-service 3D printing service provider, we offer customised solutions for the entire process chain. Headquartered in Esslingen, Germany, we operate worldwide and have additional locations in Austria and Romania. We work closely with the leading manufacturers of 3D printing systems and are a certified partner of ARC IMPACT (owner of the Desktop Metal brand and products), 3D Ceram and BMF. In the defence sector, we are the European-wide reseller for ARC IMPACT (owner of the Desktop Metal brand and products). Our expertise and strength in the defence sector lies in engineering (design adaptations and design of applications for the 3D printing technologies in our portfolio) and in the production of prototypes and pre-series applications for long and short firearms such as the hammer, cartridge extractor and fire selector lever. In addition, our range of services also includes the production of silencers, firearm parts, housing micro lenses and body armor.",simone.betz@bright-testing.de,+49 7031 7779485,https://am-pioneers.com/,"Boschstraße 7, 73734, Esslingen, Germany",Esslingen,https://www.linkedin.com/company/am-pioneers-gmbh/
Ametrine Technologies LTD,6 - 6-460,"Ametrine Company Profile Overview: Founded in 2011, Ametrine is a leading industry in providing Multi-Spectral Signature Management (MSSM) Technology, empowering users to operate unseen and with complete mobility on the modern battlefield. Through patented and combat proven technology Ametrine blends the science of multispectral signature mitigation with the art of camouflage, thus achieving technology over-match in the signature mitigation domain. Our users depend on us to pioneer the most advanced SigMan technology, across the visible light spectrum and beyond, that can practically be deployed on any platform Mission: Ametrine’s mission is to deliver cutting-edge camouflage solutions that enable military forces to blend seamlessly with their operational environment, enhancing their survivability and effectiveness. Technology: Ametrine signature management solutions span from personal systems; Multirole concealment covers to mobile camouflage solutions. All Ametrine solutions are expertly optimized to reduce the operator’s signature in all relevant spectral bands. Spanning the entire spectrum from LWIR, MWIR, SWIR and Near IR to visible and UV wavelengths. Ametrine’s products ensure maximum concealment from all means of detection and observation. Products and Services: Personnel Systems: ""Man of the move"" personal uniform and overgarments Multirole covers & hide site: For RIF (Reconnaissance-in-force) or ATGM teams With 360-degree coverage, lightweight, easy to deploy, and reversible visual camouflage patterns Adaptable to changing environmental conditions Mobile Camouflage Solutions: Signature reduction systems on mobile platforms including lightweight tactical vehicles & Armored combat vehicle Advanced coatings for platforms in motion, offering rugged and effective signature reduction. Patents: Ametrine holds several patents for its advanced camouflage technologies Funding and Investors: Ametrine is a privately held company backed by private equity.",gil.w@ametrine-tech.com,+972 50-316-6004,https://ametrine.tech/,"Kibbutz Maabarot, 4023000, Kibbutz Maabarot, Israel",Kibbutz Maabarot,https://www.linkedin.com/company/ametirne-technologie
analyticon instruments gmbh,12.0 - 12.0-161,"Reliable, fast and easy detection of hazardous substances, explosives, narcotics and other potential threats is extremely important for law enforcement officers. For more than 25 years, analyticon has been supporting authorities and organizations with security tasks (BOS) with innovative analytical equipment. That is why analyticon is a partner of all BOS in Germany, Austria and Switzerland. Handheld power - these are mobile analyzers for fast, reliable results in CBRNe situations. They enable short response times in operations with unknown chemicals or biological threats. Recent innovations: The Pendar X10 Raman spectrometer identifies explosives, chemicals and narcotics quickly and reliably from a safe distance of 30 - 200 cm. The NIR spectrometer NIRLab detects concentrations of THC, CBD, heroin, cocaine and much more in street drugs. The small TruNarc TAU recognises more than 500 narcotics, blends and precursors directly on site. The automated SEEKER Pro colourimeter detects traces of explosives or drugs. Detection takes just a few seconds. The MX908 is a handheld mass spectrometer. It detects the smallest traces of chemical warfare agents, explosives, drugs, and TIC — quickly, sensitively and selectively.",info@analyticon.eu,+49(0)6003.9355-50,https://www.analyticon.eu,"Dieselstraße 18, 61191, Rosbach v.d. Höhe, Germany",Rosbach v.d. Höhe,https://www.linkedin.com/company/analyticon-instruments-gmbh/
Andres Industries AG,10.0 - 10.0-109,"Through intensive cooperation with special forces worldwideWe not only guarantee the conformity of our productshighest standards, but also their optimal adaptation to thespecific requirements in use. This partnershipRelationship allows us to provide high quality night vision technologydevelop that meets the strict specifications and expectations of the units in every respect.",info@andres-industries.de,+49(0)30.458039-00,https://www.andres-industries.de,"Weißenseer Weg 37, 13055, Berlin, Germany",Berlin,https://de.linkedin.com/company/andres-industries-ag
ANORAK,6 - 6-312,"ANORAK designs and manufactures mission-driven ballistic protection systems for professional users. Our portfolio includes overt and concealable ballistic vests, tactical plate carriers, and NIJ compliant soft armor panels, developed with a focus on ergonomics, modularity, and operational durability. Engineered for law enforcement and security forces, our solutions combine reliable ballistic performance, lightweight construction, and full MOLLE/PALS compatibility to support diverse operational requirements. Visit our stand at Enforce Tac 2026 to examine our products firsthand and discuss customized ballistic solutions tailored to your mission profile.",info@anorak.gr,+30(0)2102029338,https://www.anorak.gr/en,"372-374 Acharnon Street, 11145, Athens, Greece",Athens,https://www.linkedin.com/company/anorak-hellas-ltd
Ansell Healthcare Europe N.V. Headquarters,9 - 9-616,,info@ansell.eu,+32 2 528 75 75,https://www.ansell.com,"Riverside Business Park Block J Boulevard International 55, 1070, Brussels, Belgium",Brussels,
Apex Global,7A - 7A-228,,info@apexglobal.eu,+31(0)55.521-8775,https://www.apexglobal.eu,"Aruba 7, 7332 BJ, Apeldoorn, Netherlands",Apeldoorn,
APEXO INC,12.0 - 12.0-468,"ApexO Inc. is a company specializing in ballistic engineering and high-precision trajectory simulation for the defense, security and law enforcement market. We also provide ballistics consulting services, technical training and resale of products. In addition to offering consulting services and training, ApexO develops personalized IT solutions for the field of defense and security. Its flagship product, AFS®, is a high-precision ballistic simulation technology that can be provided in the form of software/module for integrators (OEM Optronics, turret, simulator, etc.)",contact@apexo.net,+33(0)608.959268,https://www.apexo.net,"58 Cherrier, Suite E, J6A3Z3, Repentigny, Canada",Repentigny,https://www.linkedin.com/company/apexo-inc
ARLEN S.A.,7 - 7-264,"ARLEN Textil Group is Poland’s leading vertically integrated manufacturer of certified protective clothing. With more than 30 years of experience, four production sites, and over 700 employees, we cover the entire textile value chain – from fiber and outer fabric development through lamination, finishing, printing, and garment manufacturing to the field-ready end product. Our solutions are developed and manufactured strictly in accordance with technical specifications and applicable delivery conditions. By maintaining full control over all key production steps, we ensure consistent quality, high supply reliability, and maximum transparency – decisive factors for military, governmental, and law enforcement users. Our garments protect those who carry responsibility. Whether in operational deployment, daily duty, or under extreme conditions, ARLEN stands for reliable protection, functional performance, and uncompromising quality – with every seam.",arlen@arlen.com.pl,+48 22 530 59 01,https://arlen.com.pl,"ul. Adama Branickiego 17, 02-972, Warszawa, Poland",Warszawa,https://www.linkedin.com/company/arlen-s-a-/posts/?feedView=all
"ARMORGUARD TACTICAL GEAR(THAILAND) CO.,LTD",9 - 9-606,,pgielecinski@armorguard.com,+66 93 002 8992,http://www.armorguard.com/,"330 Village No. 6 That Thong Sub District Bo Thong District, 20270, Chonburi, Thailand",Chonburi,
ArmorSource,6 - 6-202,"Established in 2005, ArmorSource, based in Ohio, stands as one of the world’s foremost manufacturers of ballistic helmets, boasting a production capacity exceeding 15,000 helmets monthly. Our steadfast mission revolves around enhancing our products’ ballistic capabilities significantly while concurrently refining aspects of comfort and durability. Our commitment is underscored by a transparent manufacturing process and program management, ensuring adherence to and surpassing governmental standards. Beyond our esteemed U.S. clientele, including the Army, Marine Corps, Navy, SOCOM, and more, ArmorSource commands recognition across Europe, Asia, Latin America, and the Middle East. We have earned acclaim as a supplier to Armies, Law Enforcement Organizations, and Special Forces on multiple continents, owing to our advanced ballistic solutions and cutting-edge manufacturing prowess. ArmorSource's Next Generation Helmets offer users ultra-lightweight solutions coupled with expanded ballistic, environmental, and mechanical protection.",info@armorsource.com,7408772265,https://armorsource.com,"3600 Hebron road, 43025, Hebron, Ohio, United States","Hebron, Ohio",https://www.instagram.com/armorsource/
Arno-Remmen AB,7 - 7-776,"Arno-Remmen has been manufacturing custom strap solutions since 1942. We employ around 25 people, and our factory is strategically located with equal distance to both Stockholm and Oslo. We are a longtime supplier to an array of businesses within many different areas, most prominently automotive, hydraulics and defence industries. Our main products are lashing straps and ratchet lashings, both standard and custom-made.",info@arno.eu,+46 550 159 00,https://www.arno.eu,"Hjalmarsnasvagen 4B, 68195, Kristinehamn, Sweden",Kristinehamn,https://www.linkedin.com/company/arno-remmen-ab/
ASKION,11.0 - 11.0-122,"The ASKION Laser Range Finder Family is qualified to be integrated into sensor systems for applications in industrial environment, sport optic devices and security equipment. Our LRF offer a high level of adaptability to ensure the realization of different customer requirements. The ASKION laser modules for distance measurement (DMM) have excellent technical properties as well as cost-benefit-ratio and can be custom-tailored with respect to measuring frequency, pulse energy, and data interface.",info@askion.com,+49 365 7353 0,https://askion-laserrangefinder.com/,"Gewerbepark Keplerstrasse 17-19, 07549, Gera, Germany",Gera,https://www.linkedin.com/company/84281829/admin/dashboard/
ASTRA ARMS SA,12.0 - 12.0-147,,astra@astra-arms.ch,+41 27 322 37 06,https://www.astra-arms.ch,"Route de la Drague 35, 1950, Sion, Switzerland",Sion,
Astute GmbH,7 - 7-708,"Astute GmbH – Your Partner for Tailored Solutions in the Defense and Aerospace Industry Astute GmbH, founded in 2018 as the German subsidiary of Astute Ltd., is responsible for the European market. For over 30 years, the Astute Group has been delivering customer-focused, tailored solutions for the defense and aerospace industries. With the establishment of Astute GmbH, we have successfully filled a gap in the European market by providing reliable and flexible solutions that meet the high demands of security-critical sectors. Our portfolio includes: Franchise Distribution: High-quality and certified electronic components for demanding applications. Special Procurement: Fast and efficient sourcing of critical components to avoid supply shortages. 3PL Services: Customised logistics solutions to optimise supply chains. In-House Test Laboratory (AS6081-certified): Ensuring the highest quality and safety standards to prevent counterfeit or defective components. Our solutions ensure that supply chains in the defense and aerospace industries remain secure and reliable – enabling your mission to stand on strong, tested foundations.",maja.schmid@astutegroup.com,+49 8024 4643293,https://www.astutegroup.com,"Pfarrer-Huber-Ring 8, 83620, Feldkirchen-Westerham, Germany",Feldkirchen-Westerham,https://www.linkedin.com/showcase/18737535/admin/feed/posts/
ATC SiPro GmbH - UTM Deutschland,9 - 9-635,,einkauf@atc-sipro.de,+49(0)36602.5147-10,https://www.atc-sipro.de,"Am Sportplatz 8, 07639, Tautenhain, Germany",Tautenhain,
ATG Kriminaltechnik GmbH,7 - 7-534,We know what it means to be on the front line and want to equip you with the best equipment available at fair prices. For the 1% who get up every day so that the other 99% can enjoy their freedom and safety.,info@atg-kriminaltechnik.de,+49(0)30.208498-797,https://www.atg-kriminaltechnik.de,"Holzhauser Straße 9, 13509, Berlin, Germany",Berlin,
Atlantic Securities,7 - 7-428,,,,,Norway,,
ATP-Europe,10.0 - 10.-612,"ATP-Europe is a Dutch distribution and Production company representing some of the world’s leading manufacturers within the Shooting Sports, Law Enforcement and Military markets. Incorporated in 1993 by Renier van den Berg the company began under the the name Gun-Pro by being the Dutch distributor of Shooting Systems. Solid and loyal partnerships are what the company is founded on and these values remain in place today. Gun-Pro was also develloping special equipment for L&E and military missions. Over 30 years of experience has shown that this approach means we can better serve the needs of both our customers and our suppliers by being able to ensure quality products and competitive prices backed with a full and professional after-sales service. In 1995 the company moved to its new location in Haaksbergen, Eastern located within the Netherlands the premises serve as the ideal distribution point being only 20 minutes away from Enschede International Airport, 15 minutes away fron the German border and 90 minutes away from Dordmund and Weeze international Airport .In the year 2000 Gun-Pro was merged into the newly founded company ATP-Europe. ATP-Europe is specializing in products for the Police and Military market.POLICE AND MILITARY DIVISION Developed over the last 30 years the business now has its own specialist department; the ATP-Europe's (POLICE & MILITARY DIVISION) serving the Military, law Enforcement, Emergency Services, Special Operations and Security Services. ATP-EUROPE continues to grow and now holds a comprehensive portfolio of some of the world’s most innovative, prestigious and reactive products and manufacturers within the field. We are now able to meet the customer’s specific and often specialist requirements, developing and producing bespoke items even when others would not be able to meet the deadline. Our standard service includes; System design liaison service, the collaboration of expertise to perfect system fulfilment and future enhancements; Specialist Advisory through which we are able to offer product training when required, Back-Up & warranty; pre-sales help and advice coupled with comprehensive and professional after-sales including in-house development, production, import, export & training expertise. Projects developed between manufacturers, suppliers and end-users in recent years have resulted in many new products being adopted and accepted as standard. Many of these products now hold NATO stock numbers. TRAINING DIVISION Developed over the last 20 years the business now has its own specialist department; the ATP-Europe (TRAINING DIVISION) serving the Military, law Enforcement, Emergency Services, Special Operations and Security Services with special training systems.Teatherless recoil systems, laser training weapons, special training ammunition (marking rounds, 40mm training ammunition etc)",renier@atp-europe.eu,+31(0)53.572-8624,https://www.atp-europe.eu,"Geukerdijk 56, 7481CC, Haaksbergen, Netherlands",Haaksbergen,https://www.linkedin.com/in/renier-van-den-berg-6564a043
AUSTRIALPIN GmbH,9 - 9-151,"Inventor and producer of the COBRA® QUICK RELEASE buckle. We produce high-quality tactical & safety gear, 100% made in Austria",office@austrialpin.at,+43(0)5225.65248-0,https://www.austrialpin.at,"Industriezone C-2a, 6166, Fulpmes, Austria",Fulpmes,https://www.linkedin.com/company/19001821/
AUSTRIAN PAVILION NM Austria,9 - 9-502,,info@nuernbergmesse.at,+43 1 266 91 06-0,https://www.nuernbergmesse.at,"Siebenbrunnengasse 17/8, 1050, Wien, Austria",Wien,https://www.linkedin.com/company/nuernbergmesse-austria/
Autron BV,7 - 7-858,,info@autron.nl,+31(0)85.7440-460,https://www.autron.nl,"Marconiweg 10, 8501 XM, Joure, Netherlands",Joure,
AVEC CHEM,9 - 9-128,"AVEC CHEM, company from the Czech Republic, designs, develops and manufactures personal and collective protective equipment against chemical, biological and radioactive substances. AVECH CHEM´s products protect soldiers, police officers, first responders, medical staff, firefighters and industry workers in more than 60 countries in five continents. Years of experience, close contact with users, innovative approach, use of the most modern technologies and materials, this all have helped AVEC CHEM to develop a new generation of light, comfort and highly reliable PPE. AVEC CHEM manufactures and delivers a complete range of filters against toxic substances, permeable protective suits, tactical half masks, full face masks, mouth pieces, escape hoods and collective filters.",sales@avec.cz,+420.602647600,https://www.avec.cz,"Chrudimská 1555, 53501, Prelouc, Czechia",Prelouc,
Avon Protection,7 - 7-542,"For military and first responders, Avon Protection offers mission-critical protection that delivers mission-critical confidence. With the most field-tested equipment in the industry, we have real-world insight to innovate and stay steps ahead of ever-evolving threats. Through ease of use andenduring performance, we assure our protectors so they can complete the mission and come home safely, every time. Our portfolio of life-critical protection solutions includes respirators, escape hoods, SCBA systems, modular PAPR units, CBRN protective wear, thermal imaging cameras and underwater equipment.",protection@avon-protection.com,+44(0) 1225896705,https://www.avon-protection.com/,"Hampton Park West, Semington Road, SN12 6NB, Melksham, United Kingdom",Melksham,https://www.linkedin.com/company/avonprotection
Axon Public Safety Germany SE,9 - 9-316,,sales-dach@axon.com,+31 20 723 2300,https://www.axon.com/de,"Siemensstraße 13b, 63128, Dietzenbach, Germany",Dietzenbach,
B&T AG,12.0 - 12.0-208,"B&T Weapons: Quality, precision and innovation from Switzerland Over the past 30 years, the small company on Lake Thun, known only to insiders, has grown into a company with a high profile in the industry. Despite growth and change, we have maintained the most important thing in its original from: our passion for constantly developing new and highly precise solutions for our discerning customers. It has made B&T what it is today: a Swiss precision company that has a good reputation worldwide as a proven specialist for firearms, suppressors and weapon accessories. We stand for quality, precision and innovation.",info@bt-ag.ch,+41(0)333346787,https://www.bt-ag.ch,"Tempelstraße 6, 3608, Thun, Switzerland",Thun,https://www.linkedin.com/company/138053962
Baden-Württemberg International GmbH,9 - 9-618,"Baden-Württemberg International (BW_i) is the central location marketing agency for business and science in and for the State of Baden-Württemberg. We offer a wide range of services for foreign companies, clusters and networks as well as universities and research institutions that are interested in the German Southwest. BW_i is your first point of contact if you are looking for the perfect site or investment object or if you would like to establish business relations with Baden-Württemberg, often referred to as Germany's premier high tech location.",info@bw-i.de,+49 711 227870,https://www.bw-i.de,"Lautenschlagerstraße 21/23, 70173, Stuttgart, Germany",Stuttgart,https://linkedin.com/company/bw-i
Bagira Systems ltd,11.0 - 11.0-215,,mike.yanoov@bagirasys.com,+972 54-999-4841,https://www.bygirasys.com,"Hanagar 5, 7169501, Modi'in, Israel",Modi'in,
Ballistic-Steel,11.0 - 11.0-102,,info@ballistic-steel.de,+49 6071 72495,https://www.ballistic-steel.de,"Johannes-Ohl-Straße 2, 64846, Groß-Zimmern, Germany",Groß-Zimmern,
BARRETT FIREARMS,10.0 - 10.0-429,,matthew.sullivan@barrett.net,+1.850.867-4954,https://WWW.BARRETT.NET,"5926 MILLER LN, 37037, Christiana, United States",Christiana,https://www.linkedin.com/company/barrett-firearms-mfg-inc/?_ga=2.156101311.584057068.1700581101-360329131.1700581101
BARTH Präzisionstechnik GmbH,11.0 - 11.0-408,"As a service provider for machining processes, we supply our global customers with high-precision parts ranging from 5 to 2,500 mm and from 5 g to over 2 t. Since 1970, our commitment to maximum precision, a zero-error philosophy, and on-time delivery has made us a reliable supplier to the automotive industry, Defence, renewables, medical compenents, plant engineering, and mechanical engineering sectors. As an owner-managed company (currently with three generations of the Barth family actively involved), it is part of our identity to be flexible and innovative. We focus all our energies on one goal: to offer our customers the very best parts at a competitive price. This benefits everyone: our customers, our employees, and our suppliers",info@barth-praezisionstechnik.de,+49 7371 95100,https://www.barth-praezisionstechnik.de/,"Austraße 25, 88521, Ertingen-Binzwangen, Germany",Ertingen-Binzwangen,https://www.linkedin.com/company/barth-pr%C3%A4zisionstechnik-gmbh/?viewAsMember=true
"BATTLE ARMS DEVELOPMENT, INC.",10.0 - 10.0-529,,info@battlearmsdevelopment.com,+1 702-802-3588,https://www.battlearmsdevelopment.com,"451 E Sunset Rd, 89011, HENDERSON, United States",HENDERSON,
Baytek Industriesysteme GmbH + ALR Rugged Soltions GmbH,7 - 7-819,,vertrieb@baytek.de,+49 89 3190116,https://www.baytek.de,"Leipziger Straße 4, 85386, Eching (bei München), Germany",Eching (bei München),
BERETTA (Fabbrica d'Armi P. Beretta),12.0 - 12.0-328,"The world’s oldest and largest manufacturer of small arms is a long-term partner of many international defense and law enforcement agencies. Beretta manufactures pistols, shotguns, submachine guns, grenade launchers and assault rifles and is recognized for iconic products such as the M9 pistol",defense@beretta.com,+39.030.8341-240,https://www.berettadefense.com/,"Via Beretta, 18, 25063, Gardone Valtrompia (Brescia), Italy",Gardone Valtrompia (Brescia),
Bernd Siegmund GmbH,9 - 9-268,"Bernd Siegmund GmbH is an owner-managed company with over 30 years of company history. As the world market leader in the field of precision welding tables, the company has five locations throughout Europe and a global sales network in over 60 countries. Siegmund products stand for maximum functionality and exclusive design and are used in almost all industries. In addition to machine, plant, metal and vehicle construction, they are particularly in demand in prototype construction and series production. As a partner of FC Bayern Basketball, FC Augsburg and the Augsburg Panthers, we have been involved in the sports sector for many years.",info@siegmund.com,+49 8203 96070,https://www.siegmund.com,"Landsberger Straße 180, 86507, Oberottmarshausen, Germany",Oberottmarshausen,https://www.linkedin.com/company/berndsiegmundgmbh
Billoo PPE Pvt. Ltd.,7 - 7-867,"Billoo PPE Private Limited, operating brand name Forte Gloves, is a family-owned manufacturer of high-performance hand protection solutions, proudly based in Sialkot, Pakistan. Since 1979, we have specialized in designing and producing certified safety gloves for military, law enforcement, fire and rescue services, and industrial applications. What makes us different: Certified Protection: Our gloves comply with leading international standards including EN 388, EN 21420, EN 407, EN 659, and are manufactured under ISO 9001:2015 & ISO 14001:2015 – ensuring the highest levels of safety, performance, and environmental compliance. Tailored for Tactical Demands: Purpose-built gloves engineered for the real-world needs of military, police, and special operations units – with advanced features such as cut and flame resistance, enhanced dexterity, and touchscreen compatibility. Vertical Integration: From leather tanning to final stitching, every step is handled in-house to maintain full control over quality, traceability, and consistency. Material Innovation: Our products incorporate high-performance materials like Kevlar®, Nomex®, FR leathers, and IRR-compliant fabrics designed specifically for defense and tactical use. Trusted by Global Brands: Forte Gloves is a reliable supplier to leading OEM brands and government procurement agencies across the UK and Europe. Our Philosophy: We combine tradition with innovation. With over four decades of manufacturing expertise, we are committed to ethical sourcing, technical excellence, and continuous product development. Each glove is crafted with passion, precision, and purpose to protect those who protect us.",aizaz.khwaja@billooco.com,+92 3338731113,https://www.fortegloves.com,"23 Shah Faisal Road, Model Town, 51310, Sialkot, Pakistan",Sialkot,https://www.linkedin.com/in/aizazkhwaja-billooppe/
Bio-Circle Surface Technology GmbH,7 - 7-664,,media@bio-circle.de,+49 5241 94430,https://www.bio-circle.de,"Berensweg 200, 33334, Gütersloh, Germany",Gütersloh,
Bitzer + Single GmbH,9 - 9-621,,bfreund@bitzer-single.de,+49 7431 95800,https://www.bitzer-single.de,"Schillerstraße 15, 72459, Albstadt, Germany",Albstadt,https://www.linkedin.com/company/bitzer-single-gmbh
bke HITCOM GmbH,10.0 - 10.0-619,,md@bke-hitcom.de,+49 36081 6200,https://www.bke-hitcom.de,"An den Mühlbachwiesen 1, 37318, Hohengandern, Germany",Hohengandern,
Black Trident - Special Purpose Gear,12.0 - 12.0-518,"Black Trident is an Austrian company which specialized in the design, development & production of tactical equipment. Founded in 2019, Black Trident is taking the industry by storm by providing uncompromised premium gear that is all made In-House. From Protoype to production Ready model. We make equipment working for you to unlock your full potential. Overview of Black Trident Product Line Kydexholsters (50+ Weapon Models, 21+ Laser- / Lightmodules, Lefthand- & Righthand Shooters, 100+ Colors & Patterns OWB Holster (Thor, Thor Duty+ (Level 2 Sicherheitsholster), Loki, Raven) IWB Holster (Viking, Guardian) Mag Carriers (Pistol / Rifle Single Mag Carrier, Pistol Double Mag Carrier, X-Carrier) Nylon Products Rifle Slings TFC Kits / IFAK / First Aid Additional Products Surefire Laser - & Light Modules Streamlight Laser - & Light Modules Discreet Carry Concept Clips UltiClip & more The most popular products among agencies from Black Trident Thor Duty+ Level 2 Holster with original Safariland SLS Safety Mechanism (Swedish Cost Guard) Raven Holster (Officially carried by GSG9, WEGA Vienna, SEK South Bavaria & more) Black Trident Two-Point Sling (Austrian Jagdkommando, Police Thüringen 1.200+ pieces) TFC Kit / IFAK (3 mounting options, smallest formfactor in industry, developed with SOF Master Medic) Night Vision Retention System (Luxembourg Army, 1000+ Units) Special Developments & Small Series production Your unit is deploying the latest cutting edge equipment? You would like to have accessories for it? You are at the right place. Our in-house development team makes your ideas happen. From small series holster production for uncommon pistol configurations up to large scale production tailored to your requirements. We are the solution providers you are looking for. Stop by at our booth and take a first-hand look at our products.",info@blacktrident.com,+436604854157,https://blacktrident.com/,"Industriestraße 1/I/A/27, 2100, Korneuburg, Austria",Korneuburg,https://www.linkedin.com/company/blacktrident
BLACKFOLIUM,7 - 7-584,"We're a growing company, made out of professional and passionate guys. We work every day with one simple focus: provide a real advantage to all operators and professionals,through our products and our obsession with Innovation.",info@blackfolium.com,+39.03888865985,https://www.blackfolium.com,"Via Tavolaccio 5, 64010, Civitella del Tronto, Italy",Civitella del Tronto,https://it.linkedin.com/company/blackfolium
Blackteq GmbH,7A - 7A-407,,marketing-team@blackteq.com,+49 208 30663831,https://blackteq.de/,"Kolberger Str. 61, 51381, Leverkusen, Germany",Leverkusen,
Blade-Tech Holsters,9 - 9-301,,sales@blade-tech.com,+1 440-782-0217,https://www.blade-tech.com,"10125 Wellman Road, 44241, Streetsboro, United States",Streetsboro,
BlueBird Aero Systems LTD,7A - 7A-113,,info@bluebird-uav.com,+972 52-814-9977,https://bluebird-uav.com/,"Hashita 4, 3877701, Emek-Hefer, Israel",Emek-Hefer,
Blueprint Subsea,7 - 7-470,,c.mercier@blueprintsubsea.com,+44 15395 31536,https://www.blueprintsubsea.com,"The Clock Tower Building Low Wood, LA12 8LY, Ulverston, United Kingdom",Ulverston,
BLÜCHER GmbH,7 - 7-125,"BLÜCHER is the leading company in the development and production of adsorptive compound materials for the protection against chemical and biological warfare agents. With over 50 years of experience, BLÜCHER stands for advanced engineering sciences, analytical solutions and on-demand protective technologies and applications. In accordance with our tradition of innovative excellence, we control the entire value chain in the manufacture of sorptive textile high-performance composites – from raw materials to complex system solutions by the company’s own development and production. SARATOGA®’s tailor-made solutions for protection against CB threats have made Blücher a world market leader in this field. SARATOGA® CB protective equipment provides mission-oriented protection and innovative solutions for specific requirements in the fields of military and civil defense as well as for fire brigades and the police. The latest products are the results of ongoing developments. Lighter and stretchable materials broaden the range of protection integrating aerosol protection, reducing burden and increasing operational effectiveness. Globally, the SARATOGA® technology is used by more than 53 nations, including 27 NATO member states. To date, over 12 million SARATOGA® protective suits have been delivered to customers worldwide. Since its foundation by Hasso and Hubert von Blücher in 1969, the Blücher Group has maintained its high ethical and technological standards.",saratoga@bluecher.com,+49 211 92440,https://www.bluecher.com,"Mettmanner Straße 25, 40699, Erkrath, Germany",Erkrath,https://www.linkedin.com/company/bl-cher-gmbh/?viewAsMember=true
BMW AG,7A - 7A-524,,mail@bmw.de,+49 1516 0119001,https://www.bmwgroup.com,"Petuelring 130, 80788, München, Germany",München,
BOM BUSINESS DEVELOPMENT & FOREIGN INVESTMENTS B.V.,9 - 9-530,,mkoppers@bom.nl,+31 6 54244132,https://www.foreigninvestments.eu,"Goirleseweg 15, 5026 PB, Tilburg, Netherlands",Tilburg,
Bonowi Hart Armour GmbH,7 - 7-611,"We contribute to a safer world. Bonowi Hart Armour GmbH is a leading international provider of advanced safety and protection solutions for police, military, and security services. For over 35 years, we have delivered reliable, mission-ready equipment designed to meet the toughest operational demands — always guided by one mission: We contribute to a safer world. Our group combines German engineering with global reach. The foundation was laid through the founding of Bonowi GmbH in 1987, followed by the strategic additions of Stop Stick Ltd. (USA) and Hart Armour GmbH, forming a united, powerful force for innovation, manufacturing, and frontline support. Global Leaders in Tactical Equipment and Pursuit Prevention We are proud to be: •The global market leader for the EKA Camlock extendable baton, chosen by thousands oflaw enforcement agencies for its reliability, precision, and tactical superiority. •The world’s #1 solution for vehicle pursuit control with the Stop Stick® tire deflation system, used in over 10,000 departments worldwide to safely end high-speed pursuits and protect all involved. Beyond the Flagships – Complete Solutions for Modern Security In addition to our flagship products, Bonowi Hart Armour offers a wide range of innovative tools to support law enforcement and public security: • Cuffing Systems Including the Trilock handcuff, restraining belt, and deportation belt — ensuring safe, fast, and secure restraint in field and transport scenarios. • Training Equipment Helmets and body armour designed for realistic tactical colour marking training. • Ballistic & Riot Protection - FlexShield and hard shields – Lightweight, modular, and impact-resistant solutions for riot control and tactical deployments. - Safe4Life body armour – Custom-fit soft and hard ballistic protection for daily patrol, tactical response, and high-risk operations. Trusted by Professionals. Engineered with Purpose. Whether equipping a national police force, border control agency, or private security company, we provide future-ready, integrated protection systems that help professionals do their job — and come home",security@bonowi.com,+49(0)6131.90668-0,https://www.bonowi.com,"Friedrich-Koenig-Straße 35, 55129, Mainz, Germany",Mainz,https://de.linkedin.com/company/bha-mainz
Bootcamp Bros. GmbH,6 - 6-341,,info@bootcamp-bros.com,+49 211 53809588,https://bootcamp-bros.com,"Toulouser Allee 21, 40211, Düsseldorf, Germany",Düsseldorf,
BOSP Boots,7 - 7-765,"Our company specializes in the production of high-quality footwear intended for special professions such as policemen, firefighters, soldiers, as well as for work in the forest and in high-mountain environments. The entire production process takes place in Slovakia, where we have not only production, but also development and testing in our own laboratory, which ensures consistent quality control. In addition to production, we also have a logistics center in Slovakia that ensures efficient delivery of products throughout Europe.The company emphasizes local suppliers and the selection of quality raw materials that come from Europe. This strategy allows not only to support regional suppliers, but also to maintain a high standard of quality and durability of your products, which are specially designed to meet the demanding conditions and needs of professionals in the field.",info@bosp.sk,+421 905 392 635,https://www.bosp.de,"Duklianska 19, 08501, Bardejov, Slovakia",Bardejov,
Boston Dynamics,7A - 7A-119,,info@bostondynamics.com,+1 781-755-4381,https://bostondynamics.com/,"200 Smith Street, 02451, Waltham, United States",Waltham,
Brasa Defence Systems,7 - 7-171,,info@brasa.lv,+37167311624,https://www.brasa.lv,"Plienciema 16, LV2167, Marupe, Latvia",Marupe,https://www.linkedin.com/company/brasa-defence-systems/
Breakthrough / Allen Company,10.0 - 10.0-634,"ALLEN Company, a company that started in 1970, embarking on a journey to make the best gun cases any one can. Today we have grown into a company that provides not only gun cases, but gun slings, targets, shooting accessories, hunting accessories, packs and more. With the acquisition of Breakthrough Clean Technologies, it positions ALLEN into a company not offering the premier product of gun accessories but a prominent player in the gun care area with Breakthrough Clean Technologies. Breakthrough Clean a company committed to making shooting equipment maintenance faster, safer and clean . Visit us and see how the difference is clear.",greg.stawczyk@allencompany.net,+1.312.543-1202,https://www.byallen.com,"609 South 104th Street, 80027, Louisville, United States",Louisville,
Brigantes,7 - 7-236,"Brigantes specialise in on-the-soldier equipment. Their product range spans apparel, footwear, vertical movement, signature management, technology, mobility, and sustainment. Founded in 2014 by ex-military personnel, Brigantes unites decades of military experience with advanced technical expertise, cementing itself as a trusted international supplier to NATO military, government, and elite police units. Through unique alliances with world-leading brands, Brigantes pioneer the latest, bleeding-edge equipment solutions in state-of-the-art soldier systems for every conceivable operational environment. For more information about Brigantes and their range of services, visit their official website: brigantes.com",tribe@brigantes.com,(0) 1392409751,https://www.brigantes.com,"Bradninch Hall, EX4 3PL, Exeter, United Kingdom",Exeter,https://www.linkedin.com/company/brigantes-consulting-ltd
Broadcast Solutions,9 - 9-570,"Broadcast Solutions is one of Europe's largest system integrators, planning and realising projects in Europe, Asia and the Middle East for security facilities, first responders, emergency services and BOS. We offer mobile or fixed-installation solutions ranging from body-worn to tactical wireless communication solutions, as well as a range of complementary technologies and tools that enable customised, turnkey implementations. We specialise in fixed or mobile installations and can integrate a wide range of technologies into mobile and fixed units. These can be used for situational awareness, covert investigations or networked operations.",info@broadcast-solutions.de,+49 6721/4008-0,https://www.broadcast-solutions.de,"Alfred-Nobel-Str. 5, 55411, Bingen am Rhein, Germany",Bingen am Rhein,https://www.linkedin.com/company/broadcast-solutions-gmbh
Brunello spa,8 - 8-221,"Established in 1927, Brunello is an italian weaving company with deep-rooted expertise and a long-standing commitment to excellence. We are structured and specialized into three business areas - linings and fashion textiles, with more than 10 milion meters weaved per year, fabrics for medical applications and tactical fabrics. The aramid fabric production is a step born from the fusion of the company's textile know-how and a forward looking vision, with the aim of providing cutting-edge solutions for the security and defense sectors, marked by the quality and reliability that have always distinguished the company. The tactical fabric division relies on advanced technologies, innovative materials, and production processes that are strictly Made in Italy, in compliace with international and perfomance standards as NIJ 0101.06:2008 and AEP 2920:2015 Ed.A vs 2:2016 (V50).",info@brunellospa.com,+39 0332 455300,https://www.brunellospa.com,"Via Marsala, 1, 21020, Brunello, Italy",Brunello,
Brunnirok Protectionwear,7 - 7-134,,info@brunnirok.de,+49(0)2131.7138938,https://www.brunnirok.de,"Marienstraße 23, 41462, Neuss, Germany",Neuss,
BRUNOX AG,10.0 - 10.0-519,"BRUNOX® products have been around for over 40 years. The BRUNOX® company history is characterised by the continuous development and research activities of the company founder of ENVIRO-CHEMIE AG CH-8733 Eschenbach SG. In addition to his wastewater treatment plant construction company, he also ran a chemical products division, which was always his secret favourite. In 1976, the BRUNOX® rust converter emulsion was developed and launched on the market. This product was of good quality, but did not satisfy in all respects, so it was constantly developed further. In 1985, the breakthrough came and Bruno Lieberherr Dipl. Chem., Managing Director and owner of ENVIRO-CHEMIE AG, was able to present an absolute novelty, his first European patented product, the first rust stop and primer in one in a handy spray can. This was launched under the brand name BRUNOX® epoxy®. In 1994, a public limited company was founded specifically for BRUNOX® products, BRUNOX AG, based in CH-8733 Eschenbach SG. In 1995, the product range was expanded with the preventive corrosion protection range, which includes the brands BRUNOX® Turbo-Spray®, BRUNOX® LUB&COR® and BRUNOX® IX-100. BRUNOX® Korrosionsschutz GmbH was founded in 1996 in DE-850001 Ingolstadt. In 1999, BRUNOX® Lubri-Food® was added to the product range. In the years that followed, further products for the bicycle and firearms industries were introduced to the market. Over the years, BRUNOX® products have become a firm favourite with many companies because of their impressive quality. Today, BRUNOX® products are exported to over 50 countries and marketed by a highly committed and customer-orientated team.",office@brunox.com,+41(0)55.28580-80,https://www.brunox.swiss,"Tunnelstraße 6, 8732, Neuhaus, Switzerland",Neuhaus,
BSS Holland B.V.,7 - 7-228,"Robotics and AI will be as transformational as radio and aviation to warfare; and because of the ubiquitous nature of the technology, its impacts are a matter of when, not if. BSS is a Dutch company established in 2008 with a focus on providing networked aerial, ground, and sea robotics solutions with the goal of making our customers more effective and safer by accelerating their OODA-loop on the tactical edge. We provide remote controlled / unmanned aerial and ground vehicles and C5ISR components to connect these sensors in the customers’ network (product or solution) and integrate it in their situational awareness system. Together with our customers we initiate Concept Development & Experimentation programs for evaluating TRL9 products and/or concepts.Training, service and repair support. We actively create ecosystems with clients and suppliers to be more agile and able to solve tough problems together. We have a strong belief in verifying by doing, to prove if capabilities work or not.",info@bssholland.com,+31525216077,https://www.bssholland.com,"Koekoeksweg 6, 8084GM, 't Harde, Netherlands",'t Harde,https://www.linkedin.com/company/broadfield-security-services-holland-bv/?viewAsMember=true
BSST GmbH,7 - 7-157,,sales@bsst.de,+49(0)7337.92456-0,https://www.bsst.de,"Walter-Herzog-Straße 19, 89191, Nellingen, Germany",Nellingen,
BTECH Srl,6 - 6-446,"BTECH Srl is an Italian company specialized in the production of hi-tech thermal and FR underwear. BTECH means innovation and consolidated technical and commercial experience: the articles, produced using special technical fibers, are light, breathable, warm and comfortable and have been designed and manufactured using cutting-edge techniques. Underwear made with seamless technology has an extraordinary comfort for the absence of annoying seams on the garments, with an important reduction of the irritation and performance improvement.",info@btechsrl.com,+39 0331 626364,https://www.btechsrl.com,"Corso Buenos Aires, 20, 20124, Milano, Italy",Milano,https://it.linkedin.com/company/btech-srl
Burgmaier Hightech GmbH + Co KG,10.0 - 10.0-622,"Through innovation and precision, we have established ourselves as a reliable partner in the defence and security industry. At our two production plants we manufacture ready-to-install precision components from high-grade steels and non-ferrous metals across 30,000 m² of production space – from bar stock to forged or cast parts. Using state-of-the-art CNC machining centres and multi-spindle technology, we produce complex components for small, medium and large series with maximum efficiency and repeatability. Our products are used in weapon system components, ammunition technology, as well as radar and sensor applications. Quality, traceability and absolute reliability are at the core of every project . H ighest manufacturing standards and decades of experience, make us a trusted and competent partner for demanding projects in the global defence sector – precise, efficient and dependable.",sales@burgmaier.com,+49 7392 709150,https://burgmaier.com,"Willy-Messerschmitt-Strasse 10, 88471, Laupheim, Germany",Laupheim,
Busch PROtective,9 - 9-311,"Busch PROtective Germany, founded in 1981, manufactures head protection systems for police and specialized police units. Busch PROtective is best known for its innovative approach to developing and producing the highest-quality helmet systems. Among other things, Busch PROtective is the first manufacturer in the world to establish a non-metallic, ballistic helmet with VPAM 3 certification on the market. The AMP-1 TP helmet is also the first helmet system in the world certified to the new FBI-DEA Testing protocol. Busch PROtective's customer portfolio includes special police units in Germany, Europe, Asia, North and South America, and Australia. One of the company's biggest successes is the exclusive supply contract for ballistic helmet systems to the U.S. Department of Justice, which includes the FBI, DEA, and U.S. Marshals. In Germany, ballistic helmets made by Busch PROtective can be found in patrol cars of Berlin or Lower Saxony Police, as well as in many counter-terrorist and mobile counter-terrorist units throughout Germany.",info@busch-protective.com,+49(0)5241.50009-10,https://www.busch-protective.com,"Im Heidkamp 16, 33334, Gütersloh, Germany",Gütersloh,https://www.linkedin.com/company/busch-protective
C.G. HAENEL GmbH,12.0 - 12.0-340,,info@cg-haenel.de,+49(0).3681.854.0,https://www.cg-haenel.de,"Schützenstraße 26, 98527, Suhl, Germany",Suhl,
Cadex Defence,12.0 - 12.0-234,"CADEX, a Canadian privately-held company in business since 1994, is known for its very high-quality bolt action rifles for the government sector in the field of sniper rifles and ultra long range rifles as well as the civilian hunting, long range and PRS market. Due to the high level of innovation and the extremely high demands on manufacturing quality, many Canadian, US-american and international military and government units rely on Cadex Defense products. The products are also very popular by PRS shooters and hunters in the civilian market due to the outstanding precision, innovation and manufacturing quality of the weapons and accessories. The company's product portfolio offers various repeating rifles from normal calibers up to caliber .50 BMG and 14.5x114, the appropriate silencers, as well as a variety of accessories, mounts, bipods and tripods.",customerservice@cadexinc.com,+1 450-348-6774,https://www.cadexdefence.com,"755 Av. Montrichard, J2X 5K8, Saint-Jean-sur-Richelieu, Canada",Saint-Jean-sur-Richelieu,
Calzaturificio F.lli Soldini s.p.a. SOLDINI PROFESSIONAL,7 - 7-476,"Soldini Professional is a brand of Calzaturificio Fratelli Soldini Spa founded in Arezzo in 1945 and specializing in the production of footwear for both civilian and professional use. With over 70 years of experience, Soldini Professional work and safety shoes offer the professional sector certified products made with patented technologies.In fact, the company's commitment is to offer healthy and comfortable footwear for whatever professional use they are aimed at. To do this, the company constantly engages in technological development. In this regard, one of the achievements is, for example, the Klimaconfort® patent with which air exchange inside the footwear is guaranteed. The recirculation of air in the shoe occurs by means of the mechanical action of pressure from the foot, which through a valve located in the heel pumps air outward.Another technology applied to Soldini Professional footwear is the patented Klimatex®.This is a waterproof and breathable membrane capable of not allowing water to penetrate from the outside, but able to let out the internal moisture. The result is exceptional comfort that ensures warm and dry feet in any situation. Soldini Professional caters to the emergency response, occupational safety and law enforcement and police market. We make durable, high-tech footwear that guarantees high performance in terms of safety and reliability, accompanying and helping millions of workers every day.",anya.hegermann@calzaturificiosoldini.it,+39 0575 42811,https://www.soldiniprofessional.it,"Via Vittorio Veneto, 32, 52010, CAPOLONA, Italy",CAPOLONA,https://www.linkedin.com/company/soldini-professional/
CANiK,12.0 - 12.0-463,"CANiK, established in 1998 in Samsun with three high-tech facilities, is a top five league in the world by embracing the idea of providing the needs for the allied country’s law enforcement and military in the most reliable and fastest way with cooperation of defense and aviation industry, exporting to 69 countries, obtaining almost 95% of its annual turnover from exports,designing tailor-made solutions for the end users of defense and security sector, leading firearms accessory manufacturers, producing 3000 M2 QCB .50 cal additionally to 450k handguns per year thanks to its mass production infrastructure.",info@canikarms.com,+90(0)362.26666-71,https://www.canikarms.com,"Sabanoglu Osb Mah., 55330, Tekkekoy-Samsun, Turkey",Tekkekoy-Samsun,https://tr.linkedin.com/company/canik?original_referer=https%3A%2F%2Fwww.google.com%2F
Carl Friederichs GmbH,7A - 7A-329,"Founded in 1840 Carl Friederichs GmbH is today one of the leading manufacturer of special vehicles in Germany. At Carl Friederichs we produce cash and valuable transporters, police task force vehicles and judiciary vehicles, escort vehicles and personnel carriers, ambulances and emergency vehicles, armored SUVs as well as mobile special vehicles and other types of armored vehicles – for a worldwide customer base.",vertrieb@cf-frankfurt.de,+49 69 94100403,https://www.cf-frankfurt.de,"Schlitzer Straße 10, 60386, Frankfurt am Main, Germany",Frankfurt am Main,https://de.linkedin.com/company/carl-friederichs-gmbh
Carl Walther GmbH,7A - 7A-742,Carl Walther is the leading manufacturer of competition and duty weapons. Since more than 130 years Carl Walther has been shaping the future of weapons technology. Innovation and customer satisfaction in a fast growing industry drive us to realize the motto “Powered Performance” every day.,sales@carl-walther.de,+49(0)7311539-0,https://www.carl-walther.com,"Im Lehrer Feld 1, 89081, Ulm, Germany",Ulm,
Carrington Textiles,7 - 7-165,"At Carrington Textiles we are proud of our strong, longstanding relationship with national military forces and major defence companies across the globe. This has been the result of a combination between our state of the art facilities and advanced dyeing and printing technologies, our global sales and customer service network, and the wide range of patterns we have available. Our Defence fabrics deliver the ultimate in protection, functionality and durability, offering fabrics that are multifunctional and designs that can be customised to your needs.",info@carrington.co.uk,+44 (0)1257 476 850,https://www.carrington.co.uk,"Market Street, PR7 4HJ, Adlington, United Kingdom",Adlington,https://www.linkedin.com/carringtontextiles/
Cateks d.d.,7 - 7-728,,h.salopek@cateks.hr,+385 40 379 400,https://cateks.hr/en/,"Zrinsko Frankopanska 25, 40000, Cakovec, Croatia",Cakovec,
CCI Paris Île-de-France,7 - 7-632,,sipopa@cci-paris-idf.fr,+33 6 68 53 22 04,https://www.cci-paris-idf.fr,"11 rue Léon Jouhaux, 75011, Paris, France",Paris,
CEIA S.p.A.,7 - 7-356,"CEIA is an Industrial Company focused on the design and manufacturing of Electromagnetic Inspection Systems and Induction Heating Systems. R&D, Engineering and Production activities are performed entirely in-house. CEIA provides a worldwide assistance network as well as training programs for certification in the use and maintenance of its equipment.",QA-DETECTORS@CEIA-SPA.COM,+39 0575 4181,https://WWW.CEIA.NET,"Strada Provinciale 54, 52041, Civitella in Val di Chiana, Italy",Civitella in Val di Chiana,
CENTAURUS Industries GmbH,12.0 - 12.0-128,"Good day, CENTAURUS Industries GmbH produces mobile laser shooting training simulators that enable daily weapons training in small spaces. In addition to the mobile product, we also integrate the technology and software into existing indoor shooting ranges or plan new installations for future facilities with you. We work directly with the police special operations unit to implement the right content for effective training.",m.kogoy@centaurus-industries.com,+49 208 780 10 310,https://centaurus-systems.de,"Kreuzstrasse, 1-3, 45468, Mülheim an der Ruhr, Germany",Mülheim an der Ruhr,
CEOTRONICS AG,7A - 7A-535,"Your partner in action When it counts Interference-free communication is vital in many industries. Developing communication solutions for the people who matter in these areas and for situations when it matters – CEOTRONICS has stood for this for 40 years. Maximum flexibility. Future included. The quality and future-proofing of CEOTRONICS products is unique. For customers, they increase work safety, boost productivity and ensure maximum efficiency, especially thanks to the customisation options to different operational scenarios. The cross-product CT-ComLink® technology developed by CEOTRONICS • combines state-of-the-art signal transmission with robust hardware. • ensures maximum flexibility and modularity in the selection of headsets, radios, tactical hubs and mobile phones. • automatically recognises connected devices and sets the optimum audio configuration in each case. • enables the perfect interaction of all system components - even with vehicle intercom systems. CT-ComLink® technology is at the heart of CEOTRONICS‘ Software Defined Products: robust hardware as the basis for software that grows with new requirements and technological progress. Innovation in Progress At CEOTRONICS, every new development begins with an intensive dialogue about the specific requirements of our customers. It goes without saying that the „everything from a single source“ principle applies: from development and production to commissioning and beyond. In this way, we always remain your reliable partner in the field. Current information at ceotronics.com/en",sales@ceotronics.com,+49(0)6074.8751-0,https://www.ceotronics.com,"Adam-Opel-Straße 6, 63322, Rödermark, Germany",Rödermark,https://de.linkedin.com/company/ceotronics?original_referer=https%3A%2F%2Fwww.google.com%2F
CES Advanced Armour,9 - 9-418,"CES is a global leader in the design, development and manufacturing of advanced composite parts and assemblies for the defence, aerospace, transport and energy sectors. With expertise in composite component design, development and production, CES has also invested in R&D activities to expand its product portfolio to cover ballistic product manufacturing. Through its facilities in the United Kingdom, Turkey and Singapore, CES has the infrastructure, capability and capacity to supply advanced composite materials, ballistic protective armour and engineering services to local and international customers.",info@ces.com.tr,+90(0)312.3848000,https://www.cesarmour.co.uk,"Malikoy Anadolu OSB 12. Cadde No:20, 06909, Ankara, Turkey",Ankara,https://www.linkedin.com/company/cesarmour
Ceska zbrojovka a.s.,12.0 - 12.0-538,"Ceska zbrojovka a.s. (CZ) is a premier manufacturer of top-tier, precision-engineered military firearms, commercial firearms, and other products that are valued around the world for their instinctive fit, which ensures intuitive and natural handling. They are exported to almost 100 countries worldwide. Founded in 1936, it initially produced firearms for domestic and international armed forces. Its product portfolio was later extended and focused on the development and production of innovative, high-quality small arms for the armed forces, self-defense, hunting, sport shooting and other commercial purposes. Its state-of-the-art, ISO 9001 certified factory utilizes the latest manufacturing technologies and processes that achieve tolerances down to a hundredth of a millimeter. CZ is an important member of the international holding Colt CZ Group SE.",info@czub.cz,+420.572.651-111,https://www.czub.cz,"Svatopluka Cecha 1283, 68801, Uhersky Brod, Czechia",Uhersky Brod,
Chiltern Global,7 - 7-674,"Chiltern Global has been providing manufacturing solutions for bespoke products within the defence industry since 2005. Combining years of field and manufacturing experience, we deliver practical, cutting-edge solutions that meet the strict requirements of the armed forces. Located on the outskirts of London, we are uniquely positioned to offer British quality standards at an affordable price, ensuring that our partners can remain competitive when bidding on tenders. Using a sophisticated, tailor-made project management system, we micromanage the production process from design conception to deployment in the field to provide a quality assured product. We welcome bespoke commissions for both government and private tenders. Our team of former military, police, and prison service personnel, combined with almost two decades of manufacturing experience, allows us to reliably vet each of our global manufacturing partners. We manage each step of the production process, ensuring that we provide every assistance and guidance required to meet exact product specifications and standards for the end user. Chiltern Global designs, develops and manufactures a comprehensive range of specialist textile products. This includes clothing, footwear, bags, backpacks, outdoor sleeping systems, load carriage, ballistic, riot, CBRN and other specialist protective equipment. We have been working and supplying international police, military, and defence industries for over a decade, providing a unique service for our clients. Alongside our established network of global partners, we offer a wide range of manufacturing capabilities and ensure low-cost, high-quality manufacturing is always achieved.",info@chilternglobal.com,+441494853040,https://chilternglobal.com,"Unit 11 Alma Road Industrial Estate, HP5 3HB, Chesham, United Kingdom",Chesham,https://www.linkedin.com/company/chiltern-global-limited/
Chora,9 - 9-647,"At Chora, we deliver unique EW and SIGINT solutions specially designed for armed forces, intelligence, and security agencies. As recognised experts in the field of Satellite Communications and PNT, we focus on innovation, performance, and confidentiality to meet expectations of end-users. Our field-proven success is based on close relationships with our customers, whose feedback and ideas are our primary source of inspiration to develop precise, robust, and user-centric products. Our tactical and strategic solutions are developed and manufactured in Denmark and are marketed worldwide through our subsidiary in Germany, a network of local distributors and a limited number of close partners.",chora@chora.com,+45 86 18 99 55,https://www.chora.com,"Augustenstr. 79, 80333, München, Germany",München,https://www.linkedin.com/company/chora-as
CICE TRADE WOVEN LABELS,8 - 8-110,"Company Cice Trade is founded in 1991. Our company has been a trusted name in the production of high-quality woven emblems, epaulettes, and labels. With over three decades of expertise, we combine traditional craftsmanship with modern weaving technology to deliver products that stand for precision, durability, and design excellence. We proudly serve uniform manufacturers, fashion brands, and organizations seeking distinctive woven identification and branding solutions. Every product we create reflects our commitment to quality, attention to detail, and customer satisfaction. Whether it’s a custom woven emblem for a uniform, a refined epaulette for an official attire, or a bespoke label that elevates a brand’s image — our team ensures every thread tells your story perfectly.",stojan@cicetrade.com.mk,+389 44 352 950,https://www.cicetrade.com.mk,"Ljubo Bozinoski Pish bb, 1200, Tetovo, North Macedonia",Tetovo,
CK Technology SPRL,10.0 - 10.0-610,,info@ck-techno.com,+32 4 374 20 20,https://www.ck-techno.com,"Rue de Maestricht 69A, 4600, Visé, Belgium",Visé,
CLAWGEAR,7 - 7-528,"Clawgear stands for high-quality tactical gear, designed with a relentless focus on functionality, quality, and durability. Our products are developed in close collaboration with professional users to meet the highest demands—whether in operations, training, or everyday use. With Clawgear Arms, we expand our portfolio to include precisely manufactured firearms, silencer, weapon components, and accessories that excel in reliability and innovation. Our solutions are designed to maximize performance and efficiency in every situation.",info@clawgear.com,+43(0)7252.50900-26,https://www.clawgear.com,"Ennser Straße 39, 4407, Steyr-Gleink, Austria",Steyr-Gleink,
COBBS,7 - 7-358,"COBBS markets, sells and distributes premium specialist equipment and Defence materiel to Law Enforcement and Armed Forces. We deliver innovative, functional and proven products that add most value for the man on the ground, using our own operational background to create solutions that work. We connect the industry, technology partners and end-users to maximize performance throughout the entire life-cycle of our products. Always aiming to deliver our customers the best service possible. The man on the ground is always right. These words are not easily chosen but specify our endless ambition to source and supply tactical solutions that enhance the safety and fighting capabilities of the men and women that need it most.",intel@cobbsdach.com,+4915202314802,https://www.cobbsdach.com,"Dieselstraße 33, 38446, Wolfsburg, Germany",Wolfsburg,https://www.linkedin.com/company/cobbsdach
COGES,9 - 9-642,"COGES, the subsidiary of GICAT, the French Land and Airland Defence and Security Industry Association, organizes several Defence & Security exhibitions: Eurosatory (15-19 June 2026, Paris, France) the leading event in the world dedicated to Land & Airland Defence and Security, Expodefensa (2027, Bogota, Colombia) SITM (10-11 February 2027, Grenoble France)",a.krasznai@cogesevents.com,,https://www.eurosatory.com,"39 rue, Mstislav Rostopovitch, 75017, PARIS, France",PARIS,
coloprint GmbH,8 - 8-430,,info@coloprint.de,+49 2103 910650,https://www.coloprint.de,"Giesenheide 40, 40724, Hilden, Germany",Hilden,https://www.linkedin.com/company/coloprint-gmbh
Comazo GmbH & Co. KG,6 - 6-241,"Founded in 1884, Comazo looks back at 140 years of textile heritage. In recent years, Comazo has become a specialist in workwear and protective base layer. With its headquarters in Albstadt on the Swabian Alb, Comazo is an owner-managed family business in the 4th generation. It stands for continuous innovation rooted in years of experience - whether in the military and police, fire brigades, special forces or specific industries. The professional comazo|protect base layers impress with their material and processing quality, wearing comfort, perfect fit and durability. Heritage meets innovation and safety starts with the right first layer. Comazo is continuously working to improve functionality and comfort of its garments. The product range has developed over the past few years and increased in scope: from flame retardant, antistatic and climate control to sweat management and odor control and many more – comazo|protect has been able to score points with its customers in a wide variety of applications and industries thanks to its deep and sustainable know-how. The PPE in the military, police or fire brigade can be vital in dangerous operations. Here the expert comazo|protect with its flame retardant base layers starts with the first layer and protects in extreme cases. These special properties with the best wearing comfort are the result of the ingenious composition of the different materials. The production takes place in Europe. Its centre is still at the headquarters in Albstadt, Germany. The innovative comazo|protect fabrics are knitted, dyed, finished and cut in Germany. The sowing and packaging of the garments is in our own sowing plants in Romania, Croatia or with our Bosnian partner companies who work exclusively for Comazo.The dyeing house and cutting department are still hosted in our heritage buildings in Albstadt, where you will also find our design and pattern sewing, yarn purchasing, quality control, logistics, sales and general management departments. Having every production step in our own hands, Comazo ensures that the highest human, social and ecological standards are observed. We want to leave behind a clean environment for future generations. As a European producer, Comazo invests heavily in sustainable technologies that protect our environment. All Comazo products bear OEKO-TEX® Standard 100. The quality management is certified according to TÜV ISO 9001:2015. Comazo is Fairtrade, GOTS and STeP by OEKO-TEX certified and a member of the BSCI.",info@comazo.de,+49(0)7432.7019-0,https://www.protect.comazo.de,"Martin-Luther-Straße 1, 72461, Albstadt, Germany",Albstadt,
COMHEAD,7 - 7-373,Official 3M Peltor Solution Partner & System Intergrator for modern tactical communications and hearing protection systems. - Solution Development - System Integration - Distribution - Instruction & Training - Maintance & Repair,info@comhead.de,+494050058020,https://www.comhead.de,"Borsteler Chaussee 51, 22453, Hamburg, Germany",Hamburg,https://de.linkedin.com/company/comhead
compositionX GmbH,9 - 9-103,,sales@compositionx.de,+49 2424 203730,https://www.compositionx.de,"Im Kamp 31, 52391, Vettweiß, Germany",Vettweiß,
Concordia Textiles,7 - 7-144,"Concordia Textiles, founded in 1925, is a manufacturer of fabrics for end uses in professional workwear. As a completely vertical integrated textile manufacturer, we are weaving, dyeing, printing, finishing, coating and laminating fabrics. With production facilities across 2 continents, Europe and Asia, we offer an optimal and flexible service to meet the global requirements of our customers. We develop and manufacture fully certified fabrics for jobwear (high visibility, flame retardant, waterproof & breathable,...), medical, cleanroom, army, fashion and industrial applications based on world class manufacturing standards (ISO 9001, ISO 14001, Reach and Oeko-tex® compliant).",marketing@concordiatextiles.com,+32(0)56.6273-73,https://www.concordiatextiles.com,"Flandersfieldweg 37, 8790, Waregem, Belgium",Waregem,https://www.linkedin.com/company/46099/admin/
CONDOR MFG CO.,9 - 9-178,"CONDOR MFG CO., is manufacturing law enforcement uniform accessories, head wear, textiles, leather products, as well as hand embroidered, machine embroidered badges and PVC patches etc.",condormanufacturingco@gmail.com,+92 329 3191919,https://www.condormanufacturing.com,"Ahmed Nagar Bonga, zafar wal Road, 51310, Sialkot, Pakistan",Sialkot,
Cooneen,6 - 6-306,"Cooneen Group is one of the largest and most diversified garment manufacturers in Europe. They are a successful, stable group of companies operating in a range of clothing markets globally. The group is comprised of five individual companies bringing innovative design, excellent customer service, and strong, stable supply chains to meet and exceed customer’s expectations. Each company focuses on delivering outstanding garment solutions for clients with very specific garment requirements.",info@cooneen.com,+44(0)2889521401,https://www.cooneengroup.com,"23 Cooneen Road, BT75 0NE, Fivemiletown, United Kingdom",Fivemiletown,https://uk.linkedin.com/company/cooneen-group
COP Vertriebs-GmbH,7 - 7-450,,info@cop-gmbh.de,+49(0)8445.9296-0,https://www.cop-shop.de/de/,"Klenauer Straße 1 a, 86561, Oberweilenbach, Germany",Oberweilenbach,
CORDURA® Advanced Fabrics,7 - 7-483,"Military Strong, From the Start. Over the decades, supporting members of the military using some of the world’s most durable fabrics has been part of our mission. Strong, rugged fabrics like CORDURA ® NYCO Extreme, made with INVISTA T420HT, which is the strongest nylon 6,6 staple fiber we have ever produced. CORDURA ® also has fabrics that can make military gear durable, lightweight and fast-drying. Stop by our booth to explore our certified CORDURA ® fabric collection, and to learn why we believe that Sustainability Begins With Products That Last TM .",CORDURA@invista.com,+44(0)1452.6330-00,https://www.CORDURA.com,"Ermin Street, GL3 4HP, Gloucester, United Kingdom",Gloucester,https://www.linkedin.com/company/cordura%C2%AE-brand-fabric/
COSMAS,7 - 7-344,"We are Cosmas “Professional Use Only” from Italy. We are an Iconic Brand, supplier of Italian Army, Carabinieri and Special Forces, Arma Suisse The Brand Cosmas is part of Jolly Scarpe S.p.A., we have born in the Montebelluna District in 1972 Cosmas ® is one of the brands of the Montebelluna Sportsystem District, the world leader in the manufacturing of Hi technical sports footwear. Cosmas ® is a synonym of quality, design, research, and guarantee. It can boast of a high know-how and 50-years’ experience. Cosmas ® footwear are utilized by demanding customers such as Armed Forces, Rescue, Civil Defense, Police Force, EMS. Our main technological partners are Gore-tex, Vibram, Dani, Heinen, Perwanger, Cordura We are certified Iso 9001 – 14001 – 37001 and SA 8000",info@jollyscarpe.com,+390423666411,https://www.jollyscarpe.com,"VIA G. FERRARIS 51, 31044, MONTEBELLUNA, Italy",MONTEBELLUNA,
CQC Ltd,9 - 9-478,"CQC is a UK-based manufacturer of Soldier Systems equipment and clothing; we have supplied the UK and other governments with robust, hard-wearing equipment for over 50 years. The company specialises in the following areas: Soldier Systems: body armour, rucksacks, webbing, daysacks, sleepign systems, uniform, wet weather clothing CBRN: we are one of the three largest suppliers of CBRN clothing to NATO. CQC is the current supplier of the UK's CBRN clothing. We also have a range of covert and First Responder equipment Fibrelight: we supply lightweight, robust ladders to most SF units within NATO. Our Emergency Ladders are standard fitment on many navy vessels worldwide. The Helo ladder is a perfect addition to any aircraft. Military Clothing: CQC is long-established as a significant producer of military combat and waterproof clothing. We provide a full range of military clothing, including uniforms, hats, gloves, socks, underwear, PT kit, cold/hot weather, boots, and other bespoke options. We also conduct in-country studies with users to identify the most appropriate clothing Procurement Services: CQC can source a broad range of equipment to meet our customers’ specific requirements, often in response to urgent situations where time does not allow for even an accelerated manufacturing process Design Services: CQC’s R&D team has decades of experience designing equipment and clothing for MODs, OEMs, SMEs and private individuals. CQC offers bespoke design only services for customers looking for samples, post design product enhancements or any other design work. Our team has recently worked on a diverse range of projects to create, for example, high end technical clothing, film camera covers, cable protection, scaffold protector bags, camera tripod bags, and van nets, as well as a broad range of military and first responder requirements such as rucksacks, body armour, pouches, stretchers, clothing, tactical ladders and nets.",tch@cqc.co.uk,+44 7976 778772,https://www.cqc.co.uk,"2-3 Brannam Court, Brannam Crescent, EX313TD, Barnstaple, United Kingdom",Barnstaple,https://www.linkedin.com/company/cqc-limited
CRISPI®,7 - 7-565,"Born to support those who operate where reliability, resilience, and control make the difference between success and failure. From the most extreme tactical missions to daily patrols, our footwear delivers consistent performance, long-lasting comfort, and absolute dependability. Craftsmanship, advanced materials, and operationally focused design come together to create equipment you can always rely on. When every step counts, performance must be absolute.",crispi@crispi.it,+39 0423 524211,https://www.crispi.it,"Via Nome di Maria, 14, 31010, Maser, Italy",Maser,
Croatian Chamber of Economy HRVATSKA GOSPODARSKA KOMORA,6 - 6-430,,hgk@hgk.hr,+385 1 4561 555,https://www.hgk.hr,"Rooseveltov trg 2, 10000, Zagreb, Croatia",Zagreb,
Crye Precision LLC,7 - 7-829,,ernesto@cryeprecision.com,+1 347-534-6345,https://www.cryeprecision.com/home.aspx,"63 flushing ave building 3 Room 807, 11205, Brooklyn, United States",Brooklyn,
CS Composites Solutions,9 - 9-127,"Composites Solutions is one of the most technical advanced manufacturers of protection equipment in the world. The company was founded in 2010 and offers with its team more than 30 years of experience in the ballistic sector. We are experts in the technical development, sales and marketing. We invest all our experience to always develop the best product for our customers.",frederic.kerbaum@composites-solutions.info,004915290081150,https://composites-solutions.ch,"Schwanentelsstrasse 10a, 8212, Neuhausen am Rheinfall, Switzerland",Neuhausen am Rheinfall,https://www.linkedin.com/in/composites-solutions/
"CSK, CHUNSHIN PRECISION VINA.",7 - 7-850,,ys_seo@cskzipper.com,+84 91 427 53 11,https://www.cskzipper.com,"An Tay, Ben Cat, 820000, Binh Duong, Vietnam",Binh Duong,
CVN Medical Solutions CAREVISION Oy/Ltd,7 - 7-815,"We provide high-quality tactical medical products designed for the most demanding operational environments. Our solutions support defense forces and authorities worldwide where reliability, performance, and speed are mission-critical. Our professional team combines medical expertise, operational understanding, and product development experience. We design and deliver solutions that meet real-world needs — not theory. Every product is developed with the end user in mind. As a flexible and agile company, we respond quickly to evolving operational requirements and work closely with our customers to deliver effective, dependable solutions globally.",info@cvn.fi,+358 45 643 1440,https://www.cvn.fi,"Yrittäjäntie 2, 60100, Seinäjoki, Finland",Seinäjoki,https://www.linkedin.com/in/cvn-medical-7636841ba/
CWS Workwear,9 - 9-302,"CWS Workwear, your full-service provider for corporate fashion and corporate clothing: standard and CI clothing, consulting and design, production, logistics, customer service & webshop. Please feel free to contact us.",Philipp.Heinz@cws.com,01717629004,https://CWS.com/workwear,"Pankstr. 8, 13127, Berlin, Germany",Berlin,https://de.linkedin.com/company/cws-workwear
Cytac Technology (Thailand) Limited,8 - 8-108,,info@cytac.co.th,+66 93 198 9087,https://www.cytac.com,"386/55 Moo 2,, 20110, Chonburi, Thailand",Chonburi,
D PARTNER D.O.O.,9 - 9-148,,info@dpartner.si,+386 7 337 83 92,https://www.dpartner.si,"Levicnikova cesta 22, 8310, Sentjernej, Slovenia",Sentjernej,https://www.linkedin.com/in/vesna-vesel/
Daniel Technologies,10.0 - 10.0-511,"Founded in 2002, Ireland-based Daniel Technologies is a Defence, Law Enforcement and NGO contract manager providing specialist inventory, and MRO logistics with unparalleled customer service support. We offer a diverse selection of mission-specific product lines to ensure operator confidence in the field. Our credible experience and expertise across a wide range of Air, Land and Sea products are key to maintaining a high level of assurance that we can meet your specific requirements.",info@danieltechnologies.ie,+353 1 8665691,https://www.danieltechnologies.ie,"19E Rosemount Business Park Drive, Rosemount Business Park, D11 A409, Dublin, Ireland",Dublin,https://ie.linkedin.com/company/daniel-technologies-ie
DEFCON 5 srl,7 - 7-253,"Since 2006 DEFCON 5 has been able to supply all types of military clothing and tactical equipment, developed and selected for the national and foreign market. Always member of Fox group, since 2007 DEFCON 5 is also part of the official NATO suppliers and currently holds the certification according to ISO 9001: 2015.",sales@defcon5italy.com,+39 0427 739132,https://www.defcon5italy.com,"Via Cristans 24, 33085, Maniago, Italy",Maniago,
Defence Packaging Solutions GmbH,7 - 7-868,,oliver@defence-packaging-solutions.com,+49 171 8159725,https://www.dronecases.de,"Zaunheimer Strasse 3, 56072, Koblenz, Germany",Koblenz,
deister electronic GmbH,10.0 - 10.0-302,,info@deister.com,+49 5105 51601,https://www.deister.com,"Hermann-Bahlsen-Straße 11, 30890, Barsinghausen, Germany",Barsinghausen,
"DELTA DEFENCE, a.s. Bratislava",6 - 6-162,,natalia.ladzianska@deltadefence.eu,+421 949 473 372,https://www.deltadefence.eu,"Nám. L. Stura 2, 811 02, Bratislava, Slovakia",Bratislava,
delta Geländesport und Zubehör GmbH,7A - 7A-510,"delta4x4: Suspension Technology and Wheel Systems for Tactical Operations delta4x4 is your specialized partner for mission critical components that ensure mobility under extreme conditions. Our focus lies on optimizing suspensions and wheel and tire systems for armored vehicles, government agencies, and special forces. Our solutions at Enforce Tac: Specialized Rims: Heavy duty rims for heavy special protection vehicles, Beadlock technology for maximum traction at low air pressure, and integrated emergency running systems (Runflat) for operational safety under fire. Loder Tire: Our proprietary tire brand, engineered for extreme terrain requirements and high load capacities. Offroad Suspensions: Reinforced suspension solutions and lift kits that ensure ground clearance and handling capabilities even with heavy loads. We provide the technical foundation for operational superiority in the field.",info@delta4x4.com,08135/9302-0,https://www.delta4x4.com,"Dorfstrasse 20, 85235, Pfaffenhofen an der Glonn, Germany",Pfaffenhofen an der Glonn,https://de.linkedin.com/company/delta-gel%C3%A4ndesport-und-zubeh%C3%B6r-handels-gmbh
DELTEC Group GmbH,8 - 8-207,"The DELTEC Group stands for High Performance Electronic Manufacturing. Our location in Furth im Wald places us in the heart of Europe, right on the Czech border - close to one of Europe´s most important best-cost regions. This allows us to combine ""Made in Germany"" quality with costefficiency and international delivery performance. We support you along the entire value chain, from industrialization to after-sales. We are certified accordingto ISO 9001, ISO 14001, ISO 13485, and IATF 16949 standards. With over 30 years of experience, a spirit of innovation, a commitment to quality, and a partnership-based approach, we develop solutions that helpour customers succeed globally. Our mission: cutting-edge technology, manufactured responsibly.",l.gast@deltecgroup.com,+49 9973 845500,https://www.deltecgroup.com,"Dr.-Georg-Schäfer-Strasse 1, 93437, Furth im Wald, Germany",Furth im Wald,https://www.linkedin.com/company/deltec-group/?viewAsMember=true
Denmark Pavilion,6 - 6-456,,info@di.dk,+45 33 77 33 77,https://www.danskindustri.dk/english/,"H.C. Andersens Boulevard 18, 1553, Koebenhavn V, Denmark",Koebenhavn V,
DESAPRO AG,6 - 6-413,"With over 60 years of expertise, DESAPRO is a trusted global leader in engineering and manufacturing high-performance aluminum and composite rack mounts, transit cases, instrument cases and advanced cooling solutions for the aerospace and defense industries. We are dedicated to protecting whatmatters most, offering robust solutions that withstand the harshest environments, from mechanical shocks to extreme vibrations, water, sand & EMI. At DESAPRO, innovation and precision are at the core of everything we do, ensuring your critical equipment is safeguarded at every step of your mission.",jhildebrandt@desapro.com,01792920209,https://www.desapro.com,"Eschenring 4, 6300, Zug, Switzerland",Zug,https://www.linkedin.com/company/desapro-ag/?lipi=urn%3Ali%3Apage%3Ad_flagship3_search_srp_companies%3BOWANq75rRPikskjCnGlQ0w%3D%3D
Design Blue Limited,9 - 9-476,,sophie.emeny@d3o.com,+44 1273 425472,https://www.d3o.com,"The Lab 7-8 Commerce Way, CR0 4XA, Croydon, United Kingdom",Croydon,
Deutsches Zentrum für Luft- und Raumfahrt (DLR) e.V.,7A - 7A-619,,contact-dlr@dlr.de,,https://www.dlr.de/de,"Linder Höhe, 51147, Köln, Germany",Köln,https://de.linkedin.com/company/dlr
Devan Chemicals NV,7 - 7-833,,info@devan-be.com,+32 55 23 01 10,https://www.devan-chemicals.com,"Klein Frankrijkstraat 8, 9600, Ronse, Belgium",Ronse,
Dexion GmbH,9 - 9-303,"Your warehouse, our expertise → In Europe, we deliver flexible manual and semi-automated storage solutions that grow with your business. Outside Europe, we provide a broad portfolio of solutions. This includes manual and semi-automated systems as well as engineering and steel structures for system integrators. Global reach, local understanding: We have strong roots in Europe and maintain trusted partnerships worldwide. This allows us to bring proven warehouse innovation to businesses everywhere, supported by local expertise that understands your market. MORE than storage systems: We do not just build racks and shelving. We engineer trust. Every project begins with your unique challenges and ends with solutions that deliver lasting value through real-world performance. Ready to transform your operations? Let’s shape the future of material handling together.",info@constructor.dk,+45 46 32 80 08,https://www.constructor.dk/,"Rorupvej 1, 4320, Lejre, Denmark",Lejre,https://www.linkedin.com/company/constructor-gonvarri-material-handling
Diehl Defence GmbH & Co.KG,7A - 7A-319,"Diehl Defence GmbH & Co. KG, headquartered in Überlingen, concentrates the Diehl Group's business activities in the fields of defence and security and is a leading supplier of state-of-the-art air defence systems. As partner of the German Bundeswehr and international armed forces, Diehl Defence develops and delivers high tech equipment in the fields of ground-based air defence, guided missiles, ammunition as well as training and protection. Diehl Defence generates annual sales of over 1,5 billion euros with about 4,000 employees.",pr@diehl-defence.com,+49 7551 8901,https://www.diehl.com/defence,"Alte Nußdorfer Straße 13, 88662, Überlingen, Germany",Überlingen,https://www.linkedin.com/company/diehl-defence/
DIRECT ACTION,7 - 7-284,"DIRECT ACTION® is a Polish manufacturer of high-end tactical gear built for military and police special operations forces. Designed for real-world use and produced entirely in Poland, our equipment is made from battle-proven materials and certified to ISO and AQAP standards. Built around the individual-as-a-system philosophy, every component - plate carriers, belts, holsters, pouches, backpanels, and front flaps - is engineered to work together under pressure. Each element matters. Every configuration affects the mission.",info@entirem.com,+48 71 317 80 00,https://eu.directactiongear.com/,"al. Architektów 7, 54-115, Wroclaw, Poland",Wroclaw,https://www.linkedin.com/company/entire-m-sp-z-o-o/
Dirks Defence & Security,6 - 6-465,,defence@dirks-group.de,+49 4921 9375 438,https://www.defence.dirks-group.de/,"Kanadische Straße 14, 26723, Emden, Germany",Emden,https://de.linkedin.com/company/dirks-group
Disc-O-Bed EU GmbH,7 - 7-732,,info@discobed.de,+49(0)7621.1630260,https://www.discobed.de,"Lustgartenstraße 103, 79576, Weil am Rhein, Germany",Weil am Rhein,
DiveSystem / RATIO Computers,7 - 7-761,"DiveSystem & RATIO Computers – Cutting-Edge Diving Solutions for Military and Special Forces For over 30 years, DiveSystem has been at the forefront of designing and manufacturing high-performance diving equipment, proudly engineered and built in Italy. With an unwavering commitment to quality, reliability, and innovation, DiveSystem specializes in providing military-grade gear tailored for the most demanding special forces, law enforcement, and professional divers worldwide. DiveSystem: Military-Grade Diving Equipment DiveSystem has established itself as a trusted partner for military and special operations units worldwide, delivering equipment that meets the highest standards of performance, durability, and safety. Every product is conceived, developed, and manufactured in-house at our Italian facility, ensuring strict quality control and superior craftsmanship. Tactical Dry Suits – Unparalleled ReliabilityDesigned for military and professional divers operating in extreme environments.Constructed with reinforced materials and cutting-edge technology for maximum durability.Each drysuit undergoes rigorous testing in DiveSystem’s 10-meter deep pool to guarantee 100% water-tight integrity.Customizable features to adapt to mission-specific needs, ensuring maximum flexibility and operational efficiency. Military-Grade Buoyancy Control Devices (BCDs)Built for mission-critical operations, providing optimal buoyancy control and rugged endurance.Designed with military divers in mind, offering modular systems for additional tactical gear integration.Each BCD must remain fully inflated for at least one night, followed by individual valve testing to ensure unmatched reliability in the field. Special Forces Equipment & AccessoriesDiveSystem supplies an array of specialized gear, including rebreathers, military fins, and tactical diving accessories.Custom-engineered solutions for covert and tactical underwater operations.Comprehensive training and support for military teams adopting DiveSystem technology. RATIO Computers: Advanced Dive Technology for Military Use RATIO Computers is synonymous with precision, durability, and adaptability, offering cutting-edge dive computers specifically engineered for military and professional use. Manufactured in Italy, our dive computers are trusted by defense units, search & rescue teams, and hyperbaric medicine specialists worldwide. Military-Optimized Dive ComputersReliable, high-performance dive computers designed for prolonged underwater missions and repeated daily dives.Built to withstand extreme operational conditions, ensuring dependability in high-risk environments.Each computer undergoes rigorous hyperbaric chamber testing at depths of -100 meters, simulating multiple dive profiles to guarantee operational reliability. Customizable Decompression AlgorithmsAdvanced decompression settings tailored for military applications and operational requirements.Ability to configure specific dive parameters for different mission scenarios, ensuring adaptability to varying underwater conditions.Extreme precision in tracking decompression stops, ascent rates, and gas switching for multi-gas missions. Collaboration with Leading InstitutionsActive partnership with SIMSI (Italian Society of Undersea and Hyperbaric Medicine), ensuring scientific validation and continual technological advancement.Continuous research and development to enhance performance, safety, and functionality for military and professional divers. Commitment to Excellence DiveSystem and RATIO Computers are dedicated to providing the most reliable and innovative diving solutions for military, law enforcement, and professional divers. Our commitment to quality, precision engineering, and rigorous testing ensures that our equipment meets and exceeds the demands of those who rely on it for mission success. When performance, durability, and safety are non-negotiable, DiveSystem and RATIO Computers stand as the ultimate choice for military diving professionals.",export.de@divesystem.com,+39 0566 919524,https://www.divesystem.com,"Via Vetturini 22/24, 58024, Massa Marittima, Italy",Massa Marittima,
DK UNITY SIA,7A - 7A-631,"DK Unity is a European defense technology company specializing in FPV-based unmanned aerial systems for strike, training, and counter-UAS applications. Our platforms are battle-proven, modular, and designed to operate in contested and signal-denied environments. DK Unity delivers scalable, cost-effective solutions tailored to modern military and security force requirements, with a focus on rapid deployment, system integration, and operational flexibility.",info@dk-unity.com,+371 23 002 480,,"Ulbrokas street 23, LV-1021, Riga, Latvia",Riga,
DNS Alpha,9 - 9-501,WE DEVELOP APPAREL FOR APPLICATIONS THAT CANNOT ACCEPT ANY COMPROMISE,info@dns-alpha.com,+49 89 2 50 07 68 30,https://www.dns-alpha.com,"Landsberger Straße 336, 80687, München, Germany",München,https://www.linkedin.com/company/71527458
DONG JIN,9 - 9-168,"Dong-jin provides kinds of fabrics to the leading bag company in the world. We must recognize our obligation to future generations and will protect our environment, there is no doubt that the future pivots on what we decide now. We will forge steadily onwards with convictive.",fred@dong-jin.com,+82 2-554-8284,https://www.dong-jin.com,"#601 M-State A, 114, Beobwon-ro, So, 05854, Songpa-Gu, Seoul, South Korea","Songpa-Gu, Seoul",
"Dragon Times Co., Ltd",6 - 6-124,,info@dragon-times.com,+886 2 2986 0022,https://dragon-times.com,"6F., No.8, Ln. 17, Zihyou St., Sanchong Dist., 241025, 241025, New Taipei City, Taiwan",New Taipei City,
Drone Passion GmbH,7A - 7A-632,,office@drone-passion.at,+43 664 3981109,https://www.drone-passion.at,"IZ NÖ-Süd, Straße 2, Obj. M7, 2355, Wiener Neudorf, Austria",Wiener Neudorf,
Dronivo GmbH,7A - 7A-129,,info@dronivo.com,+49 62156004000,https://defence.dronivo.com/,"Giulinistraße 2 / S07, 67065, Ludwigshafen, Germany",Ludwigshafen,https://de.linkedin.com/company/dronivo?trk=public_post_feed-actor-name
Drytech AS,6 - 6-215,"Drytech is a food company in Tromsø that produces freeze-dried food for the Norwegian Armed Forces and the outdoor and expedition market in Norway as well as over 20 countries in Europe. Based on our own technology, we've since 1989 produced tasty meals with a long shelf life, which take up little space and are easy to carry. From the beginning and going forward we will keep our whole value chain - meaning, kitchen, freeze-drying, packing and logistics under our roof. With many years of experience as the Norwegian Armed Forces' total supplier of field catering, we know that it is crucial to be a predictable cornerstone when needed.",post@drytech.no,+47 77 60 03 00,https://realoutdoorfood.com/about-us/,"Ørnevegen 110, NO-9015, Tromsø, Norway",Tromsø,https://www.linkedin.com/company/drytech-as/
Dräger Safety AG & Co. KGaA,7 - 7-408,"Your experts for the protection of the protectors At Dräger, we do everything we can to support the men and women who work every day to keep us safe. In a time full of challenges and unpredictable dangers, our goal is to provide them with the most modern and reliable protection. Our extensive product range includes CBRN protection, high-precision detection systems, advanced medical support and specialised solutions for military and civilian operations. With over 130 years of experience and a global distribution network, we are a leader in providing security solutions that meet the highest standards. Whether it is the planning and implementation of security concepts or the provision of customised solutions, we are here to support you with our expertise and innovation. Our technologies are designed to support emergency services worldwide so that they can fulfil their tasks safely and efficiently. We protect those who protect us. At all times. Dräger manufactures medical and safety technology products. We protect, support and save the lives of people all over the world in hospitals, fire brigades, rescue services, public authorities, mining and industry. Founded in Lübeck in 1889, our family-owned company is now in its fifth generation and has developed into a global listed group. Dräger employs more than 16,000 people worldwide and is represented in over 190 countries around the world. In 2023, the company achieved a turnover of 3.4 billion euros. Dräger technology is used all over the world. We are active in around 50 countries with our own sales and service companies directly at the customer's site.",info@draeger.com,0049451-882-0,https://draeger.com,"Revalstraße 1, 23560, Lübeck, Germany",Lübeck,
Duke Defence Premium Defence (PTY) Ltd,10.0 - 10.0-611,,richtert@premiumgroup.co.za,+27 82 334 9889,https://www.dukedefence.com,"Premium house, Grey owl village Erasmus road, louwlardia ext10, 0157, Centurion, South Africa",Centurion,
Dynamit Nobel Defence,12.0 - 12.0-254,"Dynamit Nobel Defence GmbH (DND), headquartered in Burbach, North Rhine-Westphalia, Germany, is an internationally established system provider of shoulder-launched effectors, protection systems and selected capabilities for counter-mobility in land operations. DND develops, manufactures and qualifies combat-proven systems for governmental customers and armed forces worldwide. The core of the product portfolio comprises the RGW and Panzerfaust system families. These modular effectors are designed to enable precise and effective engagement at short to medium combat ranges. They are intended for the engagement of main battle tanks, infantry fighting vehicles, lightly protected and unprotected targets, as well as targets in and behind cover, structures and field fortifications. Advanced technologies in internal, external and terminal ballistics ensure a high level of effectiveness, reliability and operational safety across a broad range of operational environments. In addition, DND possesses comprehensive expertise in land platform protection solutions, including explosive reactive armour (ERA) and integrated, scalable protection concepts addressing current and anticipated threat spectra. Against the background of evolving security environments and the increasing importance of area control as well as counter mobility and obstacle operations, DND further develops scalable counter mobility capabilities. These solutions support the deliberate canalisation, delay and restriction of adversary movement in land operations and contribute significantly to the protection, freedom of manoeuvre and defensive capability of modern armed forces.",info@dn-defence.com,+49(0)2736.46-2014,https://www.dn-defence.com,"Dr.-Hermann-Fleck-Allee 8, 57299, Burbach, Germany",Burbach,https://www.linkedin.com/company/dynamit-nobel-defence-gmbh/
Dyneema®,6 - 6-414,"Dyneema®, the world’s strongest fiber™, is the premium ingredient brand for ultra-high molecular weight polyethylene fiber. Our innovations in material science enable unmatched levels of performance and protection for end-use applications across a wide range of industries. Renowned for its combination of low weight and superior ballistic stopping power, Dyneema® delivers unmatched protection to protect those who protect us. To learn more about Dyneema®, visit www.dyneema.com",info@dyneema.com,,https://www.dyneema.com,"Urmonderbaan 22, 6167RD, Geleen, Netherlands",Geleen,https://www.linkedin.com/showcase/dyneema/
DZP GROUP De Zeeman PRO nv,7A - 7A-726,,infobe@dzp.group,+32 15 43 01 31,https://www.dzp.group,"Wayenborgstraat 1-2, 2800, Mechelen, Belgium",Mechelen,
Dönges GmbH & Co. KG,9 - 9-352,"We are one of the leading system suppliers for industry, fire services, rescue services, police and the armed forces in Germany. Our product range extends from high-quality hand tools and personal protective equipment to complete equipment for emergency vehicles used by a wide variety of authorities. Occupational safety, industrial equipment, electrical engineering, sports and leisure are also part of our diverse product range. We supply almost all specialist retailers in Germany and many other European and non-European countries.",info@doenges-online.de,+49 2196 9756-0,https://www.doenges-online.de,"Dönges Straße 1, 42929, Wermelskirchen, Germany",Wermelskirchen,https://de.linkedin.com/company/doenges1903
Dürkopp Adler GmbH,6 - 6-408,,info@duerkopp-adler.com,+49 521 92500,https://www.duerkopp-adler.com,"Potsdamer Straße 190, 33719, Bielefeld, Germany",Bielefeld,
East Gear,8 - 8-219,"WHO WE ARE “Your Vison is Our Mission” E-Gear is here to provide the best gear for you to succeed in your mission. East Gear International Corp Limited (E-Gear) is a leading Hong Kong based tactical and rescue products design company/ manufacturer. Our company was established by homeland security experts in 2015. We specialize in equipping you with the best tactical and rescue gear on the market. Our E-Gear product line have expanded to accommodate the needs of various law enforcement and medical agencies, as well as sports enthusiasts. We believe in collaborative approach when working with our clients. Our team consults with industry professionals around the globe to develop innovative designs and ensure our products are made with the highest quality of workmanship.",info@eastgear-int.com,+852.3101.1532,https://www.eastgear-int.com,"Flat E, 2/F, 688-690 Castle Peak Rd, 00000, Hong Kong, Hong Kong SAR China",Hong Kong,
Ebinger Prüf- und Ortungstechnik GmbH,9 - 9-202,"SEARCH AND LOCATE This is our motto, task and goal whereby human beings, their safety and the environment always take centre stage in our R & D work. Threats from acts of terror, landmines and unexploded ordnance are a massive global problem. EBINGER detection technology has been successfully used worldwide for almost 55 years now. It covers the very broadest range of applications including: Explosive ordnance disposal (EOD) and battle area clearance, Humanitarian mine action, Forensic police work, Law enforcement and security applications, in particular for security checkpoints at airports, public buildings, and large-scale public events, Industry, civil engineering, forestry and timber industry, Geosciences and archaeology EBINGER – a name that became a brand! Our products are used daily on land and under water throughout the world solving difficult location and detection tasks. One focal point for the company lies in researching innovative methods and developing efficient and reliable detection techniques for professional large-scale and long-term use. Our product portfolio includes: Metal detectors for the clearance of landmines, Large-loop metal detectors, vehicle mounted systems and active systems (TDEM) for surveying wide areas to detect deeply buried metal objects of substantial size, Magnetic anomaly locators for the detection of ferromagnetic objects, single- and multichannel systems, as well as borehole and underwater operations, EBINGER EPAD®/EPAS® digital, GNSS assisted data recording and evaluation systems with GIS support, Hand-held and walk-through metal detectors for the detection of weapons and other prohibited metal items in security controlled areas, Underwater metal detectors for professional applications A modern quality management system compliant with DIN EN ISO 9001:2015 ensures a high and consistent level of quality and supports the company’s ability to manufacture and supply its products rapidly and at a high capacity even on short notice. All components are “Made in Germany”! EBINGER head-quarters and R&D section are located in Cologne, while its generously sized production and testing facilities are located in Wiesbaum/Eifel. The company is represented throughout the world, and EBINGER equipment is operated daily in more than 40 countries. We maintain an extensive testing and training ground with a modern lecture hall at our Wiesbaum/Eifel facility to ensure that our customers can make the best possible use of the equipment we supply. Located here on about 4000 m² of magnetically undisturbed ground are: UXO range with a multitude of inert bombs, artillery and mortar shells as well as small-arms rounds in the ground, Mine lanes with co-operative soil and non-co-operative soil, Calibration cabins for EBINGER’s range of magnetometers, and collection of non-co-operative soils from round the world to test our active metal detectors.",info@ebinger.org,+49 2203 977100,https://ebingergroup.de/de/,"Hansestraße 13, 51149, Köln, Germany",Köln,
ECC Europe BV,10.0 - 10.0-621,,info@ecc-nl.com,+31 6 14934097,https://www.ecc-nl.com,"Marshallplein 16, 2286 LM, Rijswijk, Netherlands",Rijswijk,
Edelrid GmbH & Co.KG,7 - 7-180,,mail@edelrid.de,+49 7562 981115,https://www.edelrid.de,"Achener Weg 66, 88316, Isny im Allgäu, Germany",Isny im Allgäu,
EFAFLEX Tor- und Sicherheitssysteme GmbH & Co. KG,9 - 9-629,,schnelllauftore@efaflex.com,+49 8765 820,https://www.efaflex.com/de/,"Fliederstraße 14, 84079, Bruckberg, Germany",Bruckberg,
EISELE Case-Systems GmbH,12.0 - 12.0-264,,info@eisele-koffer.com,+49(0)8724.965400-0,https://www.eisele-koffer.com,"Siemensstraße 14, 84323, Massing, Germany",Massing,
ELP GmbH European Logistic Partners,7 - 7-629,"ELP GmbH has been specialized in equipment for military and police bomb disposal services since 1989. Beside bomb suits and mobile X-ray technology, the product program includes EOD robots, ballistic protection devices and EOD tools. Today, the company is also point of contact for unmanned aerial and ground systems for reconnaissance purposes and Detection of drugs and/or explosives. ELP GmbH represents the following brands in German speaking Europe: Med-Eng Systems (Bomb Suits and EOD Tools) Teledyne FLIR (Unmanned Aerial and Ground Systems) Boston Dynamics (Unmanned System ""Spot®"") Golden Engineering (X-ray generators) Logos Imaging (flat panel detectors and imaging plates) Nammo (blasting technique) Chemring Technology Solutions (disruptors) Steatite (radio/data technology) Rapiscan Systems,Greyscan and Rigaku (Detection of drugs and/or explosives) Service in Germany The in-house workshop of ELP performs maintenance and repair of almost all products. Due to the spare parts inventory, ELP is able to perform services quickly and independently. To improve operator confidence and to secure mission-success ELP also offers operator trainings.",jhellwig-meller@elp-gmbh.de,+49(0)202.69894-0,https://www.elp-gmbh.de,"Nützenberger Straße 359, 42115, Wuppertal, Germany",Wuppertal,https://www.linkedin.com/company/elp-gmbh/
Embedded Acoustics BV,9 - 9-116,,matias@embedded.engineering,+31 6 53842676,,"Patrijsweg 18, 2289EX, Rijswijk, Netherlands",Rijswijk,
EnGarde body armor,9 - 9-604,"EnGarde® is dedicated to protecting the lives of those who put themselves on the line defending the rights of others. Our customers include law enforcement, private security, military personnel, non-profit organizations like Doctors Without Borders, journalists and individuals from a variety of industries working in dangerous areas. Those choosing our products are trusting us with more than their business; they trust us with their lives. That’s why our body armor starts with finest materials available from around the world. We then combine those best in class bullet-stopping materials with superior engineering and ergonomics to make our vests the most comfortable for long-wear situations, even in the hottest climates! EnGarde® is based in the Netherlands, a small country that plays a big role in the body armor industry. It’s no coincidence that the world’s best and most innovative ballistic materials, such as Avient Dyneema® and Teijin Aramid, are manufactured right here. Our core mission is making ballistic vests with unparalleled stopping power to save lives. This is what our clients and their families deserve and rely on us to provide.",contact@engardebodyarmor.com,+31 255 517 381,https://engardebodyarmor.com,"P.O. Box 17636, 1001 JM, Amsterdam, Netherlands",Amsterdam,https://www.linkedin.com/company/engarde-body-armor
EOTECH,10.0 - 10.0-325,,intdealers@eotechinc.com,+1.888.368-4656,https://www.eotechinc.com,"46900 Port St., 48170, Plymouth, United States",Plymouth,
ERGOPACK DEUTSCHLAND GmbH,7 - 7-676,,info@ergopack.de,+49 9072 702830,https://www.ergopack.de,"Hanns-Martin-Schleyer-Straße 21, 89415, Lauingen, Germany",Lauingen,
Ersa GmbH & Co. KG,6 - 6-340,,info@ersa.de,+49 9342 8000,https://www.kurtzersa.de,"Leonhard-Karl-Straße 24, 97877, Wertheim, Germany",Wertheim,
Esbit Compagnie GmbH,9 - 9-619,"Esbit Compagnie GmbH, founded in 1949 in Hamburg, is a German family business now in its third generation. With exports to around 25 countries, the company also has an international focus and is present in markets across Europe, North and South America, Asia, and Africa. Esbit products are used worldwide – in 12-/24-hour food rations of numerous armed forces and aid organizations as well as in the civilian outdoor sector. These include, among others, foldable and pliable stoves as well as solid fuel tablets (Made in Germany) for heating meals. The company is headquartered in Hamburg. The company is managed by the brothers Philip and Robert Paap. Esbit offers a wide range of products for the preparation, storage, and consumption of food on the go. These include cooksets, solid fuel tablets, storm matches, water purification tablets, drinking and insulated containers, as well as cookware made of stainless steel, hard anodized aluminum, and titanium. Since the company was founded, stoves and solid fuel tablets have formed the core product range for professional use. In addition, Esbit also develops and assembles customized, country-specific heating kits from individual components. Supplemented by modern cooking systems and containers for food and beverages, Esbit provides compact and reliable solutions for military operations, humanitarian missions, and other demanding fields of application where reliability and robustness are essential.",contact@esbit-the-original.com,+49 40 85310650,https://www.esbit-the-original.com,"Zippelhaus 3, 20457, Hamburg, Germany",Hamburg,
ESKA Gloves,7 - 7-151,"The challenges and destinations of special forces and specialised units are diverse. ESKA's product range is at least as diverse. It is designed to provide operators and qualified users with the best possible support for their tasks. ESKA has been around for 113 years. Despite all the technical achievements over the years, the Upper Austrian family business has remained a genuine glove manufacturer, of which there are probably only a few left. ‘We have never produced anything other than gloves, so we have always done what we know best. We live our craft every day and are honestly proud of it,’ reports ESKA Managing Director Paul Loos. The wide range of products is therefore no coincidence. It includes firefighting and protective work gloves as well as sports, multifunctional, motorbike and elegant leather gloves. But that's not all. Customised special solutions from ESKA are available for the military, police forces and authorities around the world. ‘Every country deploys its units differently, and there are also climatic differences. In order to fulfil the requirements precisely, we work in a highly customer-oriented manner and in close coordination with the respective client. We also incorporate our extensive experience from other product areas into the development process,’ explains Loos. The successful work of the ESKA team has long been recognised not only in Europe. Armies from Australia, New Zealand and Asia have repeatedly turned to models from the Austrian quality brand and appreciate the flexibility of the family-run company from Thalheim near Wels. The demands for protection, functionality and tactility have reached an unprecedented level worldwide. Depending on the intended use, there are different requirements for the products. ‘Protection, precision and sensitivity are important for a tactical glove, while robustness and grip are expected first and foremost from a cold and wet finger glove,’ says the ESKA boss. The VADER tactical glove, on the other hand, combines protection, precision and dexterity. The silicone print on the palm provides the best grip, while the flexible backhand protector and the newly developed cut ensure an ingenious tactile feel at the fingertips. The strikingly lightweight SPARTACUS tactical glove scores highly in terms of fit, dexterity, grip and backhand protection. Both gloves enable intuitive and accurate operation of touch displays.",office@eskagloves.com,+43 7242 47292,https://www.eskagloves.com,"Am Thalbach 2, 4600, Thalheim bei Wels, Austria",Thalheim bei Wels,https://www.linkedin.com/feed/
ETZEL Behördenausstatter,9 - 9-360,,info@etzel-shop.de,+497042814130,https://www.etzel-shop.de,"Tafingerstraße 10, 71665, Vaihingen an der Enz, Germany",Vaihingen an der Enz,https://de.linkedin.com/company/etzel-behoerdenausstatter?trk=public_profile_topcard-current-company
EUN SUNG INT,6 - 6-429,"EUN SUNG INT CO.,LTD is the fabric supplier for the military stuff like backpack, bag, tactical vest, plate carrier etc...we have supplied our technical fabric to the military brand in Europe for years and we would like to expand our target market to world wide.we have developed our own laminated and fuctional fabric named HIBRIC which have high durability and high level adhesive strength.we are looking forward to seeing you in Enforce Tac 2025! * Sustainable Development - solution dyed Truelock * High level adhesive strength - laser cuttable laminate * Super stiffness, High tear-resistant * Flame Resistance Treantment",james@esint.co.kr,+82 8906677,,"317, 28, Digital-ro 30-gil, Guro-gu, 08389, Seoul, South Korea",Seoul,
Euro Security Products s.r.o.,7 - 7-130,"Euro Security Products (ESP) is currently one of the world’s largest manufacturers in the field of police, security and outdoor equipment for professional use. With a tradition dating back to 1992. All ESP products are remarkable for their sophisticated design, state-of-the-art development process and high reliability. The numerous patents granted to the company confirm the uniqueness of its products. ESP is also a proud holder of ISO 9001 and ISO 14001 certification. Over 90% of our production is exported into more than 103 countries worldwide. ESP products are used daily by a wide range of armed forces as well as the general public. Our portfolio includes, among other things: Expandable batons with a wide range of accessories and holders Pepper sprays Spray flashlights (defensive sprays with LED light) Police shields Plastic and textile disposable handcuffs Metal handcuffs Pistol and rifle magazine holders Rescue and EDC knives Flashlights Detection mirrors Tonfas & police batons Stun guns with PTB certification",office@esp-products.com,+420 777 720 816,https://www.esp-products.com,"Hyacintová 20, 106 00, Prague 10, Czechia",Prague 10,
EUROPROTECT FRANCE SA,6 - 6-269,,blousteau@europrotect.fr,+33 6 75 04 68 17,https://www.europrotect.fr,"13 Avenue Victor Hugo, 69160, Tassin-la-Demi-Lune, France",Tassin-la-Demi-Lune,
EuroSpike GmbH,12.0 - 12.0-450,"EuroSpike is a joint venture based in Röthenbach a.d. Pegnitz / Germany between Diehl Defence GmbH & Co. KG, Rheinmetall Electronics GmbH and Rafael Advanced Defense Systems Ltd. EuroSpike GmbH is responsible for the Marketing of the missiles of the Spike family and the Program Management in Europe. Commonalities between the missiles of the Spike family ensure a cost advantage in the production and consequently in the purchase, maintenance and training in the use of specific missiles. Additionally due to the success of Spike sales throughout Europe, most members of the NATO alliance are Spike users, which ensures interoperability and also has advantages when needing to stock during exercises.",florentin.ade@eurospike.com,+499119572227,https://www.eurospike.com,"Fischbachstraße 16, 90552, Röthenbach an der Peg, Germany",Röthenbach an der Peg,https://de.linkedin.com/company/eurospike
Evident Europe GmbH,10.0 - 10.0-203,"Evident’s industrial measurement solutions serve customers in a variety of sectors including electronics, metals, aerospace, automotive, power generation, rail, oil and gas, manufacturing, and mining. Designed to inspect hard-to-reach areas, our video borescopes provide outstanding image quality on high-resolution LCD monitors with versatile options. In nondestructive testing, we empower inspectors with leading-edge thickness gauges, flaw detectors, phased array instrumentation, and scanners. Our X-ray fluorescence (XRF) material analyzers deliver element composition analysis for alloys, precious metals, environmental assessments, and more.",gerald.ruess@evidentscientific.com,+43 664 8124312,https://www.evidentscientific.com,"Caffamacherreihe 8-10, 20355, Hamburg, Germany",Hamburg,https://www.linkedin.com/company/evident-industrial/
Evo Ballistix GmbH,12.0 - 12.0-555,,nbh@evo-ballistix.de,+49(0)211.960-5302,https://www.evo-ballistix.de,"Theodorstraße 180, 40472, Düsseldorf, Germany",Düsseldorf,
ExAM 3D Technologies GmbH,8 - 8-104,,peter.jain@exam3d.com,+49 801 703316066,https://exam3d.com/,"Gartenstrasse 19, 73734, Esslingen, Germany",Esslingen,
Expert International GmbH,8 - 8-112,"We are a machine supplier with an integrated system house. With a passion for new technologies, we support manufacturing companies in the CNC cutting of flexible materials.",sebastian.bruder@expertinternational.de,+49 521 959670,https://www.expertinternational.de,"Brönninghauser Straße 35E, 33729, Bielefeld, Germany",Bielefeld,https://www.linkedin.com/company/1520017/admin/dashboard/
Explorer Cases by GT Line,7 - 7-771,"EXPLORER CASES is a range of virtually indestructible and durable waterproof cases providing a solution for any equipment requiring a high level of protection in the most extreme and hazardous applications. The cases are recommended for the Military, Aerospace, Broadcasting, Diving, Marine, Photography, Industrial, Safety and Medical fields, thanks to their dust-, water-, and shockproof qualities in the harshest environment.The EXPLORER CASES are manufactured in a thick copolymer polypropylene resin with mineral charge and have been subjected to a series of controlled laboratory tests.EXPLORER CASES are certified: IP67 Dustproof, Waterproof; Defence Standard 81-41 Level J; STANAG 4280 edition 2.The cases are entirely MADE IN ITALY and available worldwide.",sales@explorercases.com,+39.051.65041,https://www.explorercases.com,"Via del Lavoro 9, 40053, Valsamoggia, Italy",Valsamoggia,https://www.linkedin.com/company/gt-line-srl/
FACT Systems,12.0 - 12.0-360,"FACT Systems is a pioneer in simulation-based training systems for police, special forces, military and government agencies.",info@fact-systems.eu,+43 664 88 60 64 35,https://www.fact-systems.eu,"Vorarlberger Wirtschaftspark 1, 6840, Götzis, Austria",Götzis,https://at.linkedin.com/company/fact-systems
Faisst GmbH,6 - 6-360,"Your expert for aluminium cases, hard shell cases, transport cases, special cases, presentation cases, sample cases, flightcases and aluminium etuis. As a case manufacturer, we specialise in individual and customised aluminium cases with precisely fitting foam inserts for realisations ranging from small runs to large-scale production.",info@faisst-koffer.de,+49 7231 4280890,https://faisst-koffer.de/de/,"Carl-Benz-Straße 14-16, 75217, Birkenfeld/Pforzheim, Germany",Birkenfeld/Pforzheim,https://www.linkedin.com/company/5100096
FALCOM,7 - 7-844,"At FalCom, we empower those who protect us by creating state-of-the-art communication and hearing protection systems tailored for defense, security, and law enforcement professionals. As a proud member of the GN Group, we draw on 150 years of audio innovation to deliver trusted, battle-tested solutions that prioritize comfort, reliability, and enhanced situational awareness in the most demanding environments. Our flagship product, the FalCom Pods Pro, seamlessly integrates audio, data, and power capabilities, streamlining operations while safeguarding hearing. With advanced features and modular designs, we enhance communication clarity and adaptability. Rooted in Scandinavian design principles and cutting-edge technology, FalCom sets the benchmark for integrated sensory reception and communication solutions, empowering operators to execute their missions with unwavering confidence.",info@falcom.net,,https://www.falcom.net,"Lautrupbjerg 7, 2750, Ballerup, Denmark",Ballerup,https://www.linkedin.com/company/falcom-gn
FALKE KGaA,7 - 7-156,,online@falke.com,+800 2203 3022,https://www.falke.com/de_de/herren/sport/sportsocken/,"Oststraße 5, 57392, Schmallenberg, Germany",Schmallenberg,
Far Field Exploits Ltd,9 - 9-120,"Far Field Exploits is a Defence Engineering company that focuses on enhancing Tactical Communications. The company designs, develops and manufactures specialist antennas that are designed for the dismounted operator.",info@farfieldx.com,+44 7949 127843,https://www.farfieldx.com,"Unit 8 Wessex Park Somerton Business Park Bancombe Road, TA116SB, Somerton, United Kingdom",Somerton,https://www.linkedin.com/company/64908795/
FATHER SON INDUSTRY,7 - 7-861,,fathersonindustry.pk@outlook.com,+92 52 4592623,https://www.speedupracing.com,"Khadim Ali Road Noor Pura Noor, 51310, Sialkot, Pakistan",Sialkot,
FBI GmbH,8 - 8-206,,info@fbi-park.de,+49 1590 4207102,https://www.fbi-park.de,"35 Richthofenstr., 73312, Geislingen, Germany",Geislingen,
Fecsa,9 - 9-245,,info@fecsa.net,+34 678 43 25 43,https://www.fecsa.net,"Acacias 3, 28703, San Sebastian de los reyes, Spain",San Sebastian de los reyes,
FibreCoat GmbH,9 - 9-118,,info@fibrecoat.de,+49 241 93688530,https://www.fibrecoat.de,"Philipsstraße 8, 52068, Aachen, Germany",Aachen,
Fiocchi Munizioni S.p.A.,12.0 - 12.0-460,"The company was established in Lecco by Giulio Fiocchi in 1876, and counts over 1000 employees today. It is renowned worldwide for its responsibility, reliability, high performance and commitment. The wide range of small calibre ammunition is appreciated for hunting, clay targets, law enforcement and defence. Fiocchi’s distinctive feature is that all product components are manufactured in its facility. The company also ensures ongoing research and flexible production; hence, this combination makes Fiocchi a winner on the world market. The wide product range and the specific characteristics of the items manufactured rank Fiocchi as a unique company among other market leaders. Fiocchi’s sister companies are based in the USA, the United Kingdom, Argentina and New Zealand, besides partnerships and strategic agreements all over the world. Fiocchi products are NATO qualified, which means that they have passed strict qualifying tests to allow their use by NATO forces. And this is only one example of the brand’s international success. Fiocchi is still a leader in both the Italian and International markets. Nowaday Fiocchi is part of Czechoslovak Group (CSG) is a global industrial and technology group based in the heart of Europe with interest in defence, mobility, aerospace and other business projects NATO qualifications achieved by Fiocchi products (Cal. 9, Cal. 5.56 and Cal. 7.62 ) and Certifications AQAP 2110 (quality management system within the defense), ISO 9001 (quality management system), ISO 14001 (environmental management system), ISO 45001 (safety management system), are just a sample of appreciation that the brand enjoys worldwide. Fiocchi’s commitment in security and defense field has led to the decision to create a specific department dedicated to the production of ammunition for Special Forces.",info@fiocchi.com,+39 0341 473111,https://www.fiocchi.com,"Via Santa Barbara, 4, 23900, Lecco, Italy",Lecco,https://www.linkedin.com/company/9475144
FireCat Group d.o.o.,9 - 9-601,"FireCat Group Ltd is a European producer of sensory clothing systems for situational awareness, uniforms, firefighter turnout gear, ballistic protection and custom made solutions for active and passive cooling.",info@fire-cat.eu,+386 41 674 645,https://www.fire-cat.eu,"Kosova ulica 14, 3000, Celje, Slovenia",Celje,https://www.linkedin.com/company/firecatgroup/
fireKRAFT AUSTRIA JOSEF KRAFT GMBH,7 - 7-543,,office@firekraft.at,+43(0)7229.66240-0,https://www.firekraft.at,"Industriestraße 5, 4061, Pasching, Austria",Pasching,
"FirstSpear, LLC.",7 - 7-473,,sales@first-spear.com,+1.636.349-4820,https://www.first-spear.com,"2015 Corporate 44 Dr., 63026, Fenton, United States",Fenton,
Fischer Connectors GmbH,9 - 9-632,,mail@fischerconnectors.de,+49(0)8106.37722-0,https://www.fischerconnectors.de,"Georg-Wimmer-Ring 10, 85604, Zorneding, Germany",Zorneding,
Fjord Defence AS,12.0 - 12.0-261,,harald.lunde@fjorddefence.com,+47.92011375,https://www.fjorddefence.com,"Løkkeåsveien 22A, 3138, Skallestad, Norway",Skallestad,https://www.linkedin.com/company/18335707
FlamePro Global Ltd.,7 - 7-665,"At FlamePro, we develop and source world-class non-lethal protection for defence forces operating in the toughest conditions. This year at Enforce Tac we are introducing our brand new range of mission ready apparel, Arcus. Arcus, by FlamePro, is built to support military and tactical teams when every second matters. From carefully crafted base layers to tough, weatherproof outer shells, each piece moves with you, offers dependable protection, and adapts quietly to the demands of your environment. With purpose-driven design that avoids unnecessary extras, Arcus blends advanced materials, proven technologies, and thoughtful construction to help operators stay ready, whether in training, active deployment, or rapid-response situations. Mission ready apparel, no compromise, just faster. Visit the stand to get a first look at the new Arcus range and find out how it’s been developed to support real-world operational needs.",marketing@progarm.com,+44 (0) 1332 341030,https://www.flame-pro.com,"Unit 2 Dianthus Business Park Common Lane Newport, HU15 2FT, Brough, United Kingdom",Brough,https://www.linkedin.com/showcase/flamepro-defence/?originalSubdomain=uk
Flensburg Technology Systems GmbH,7A - 7A-234,"As an international high-tech company, we focus on the strategic integration of FFG's innovative vehicle systems and cutting-edge technologies with IAI's proven, state-of-the art solutions, including robotics, autonomous capabilities, artificial intelligence, digitalization, advanced networks, radar, SIGINT, electronic warfare and situational awareness.‍We are committed to address the future needs of modern armed forces, with the goal of effectively meeting the demands of our national and international customers and preparing them for the challenges of tomorrow.",info@fts-flensburg.de,+49 162 1840732,https://www.fts-flensburg.de,"Werftstraße 24, 24939, Flensburg, Germany",Flensburg,https://www.linkedin.com/company/flensburg-technology-systems-gmbh/
FN,12.0 - 12.0-418,"At FN, we empower those who serve, defend and protect us with dependable defence and security solutions, based on over 135 years of expertise, bold and innovative spirit and industrial excellence. FN is the Defence and Security division of Belgium-based FN Browning Group, which also includes a Hunting & Sports Shooting division with the Browning and Winchester brands, ensuring excellence in every field. FN Browning Group generated a revenue of €934 million in 2024 and employs 3,000 talented individuals worldwide. This year at ENFORCE TAC, we will showcase C-UAS, training, less lethal and aiming solutions that address today’s evolving security challenges alongside our legacy machine guns ranging from the FN EVOLYS ® to the FN ® M2HB QCB as well as FN SCAR ® family of rifles.",info@fnherstal.com,+32(0)4.240-8111,https://www.fnherstal.com,"Voie de Liège 33, 4040, Herstal, Belgium",Herstal,https://www.linkedin.com/company/fn-herstal/
FOG GmbH,9 - 9-227,,info@fog-gmbh.com,+49(0)33202.7000-92,https://www.fog-gmbh.com,"Ausbau 2, 14542, Werder-Leest, Germany",Werder-Leest,
Food Force OÜ,6 - 6-204,,maria.sleifer@foodforce.ee,+372 5865 2253,https://www.foodforce.ee/,"Harku tee 59, 76901, Tabasalu alevik, Estonia",Tabasalu alevik,
FORCETEK,6 - 6-462,"For over 30 years, we've specialized in fabric and garment manufacturing. Our lineup includes the most comfortable flame retardant fabric on the market. We're proud of our R & D team, constantly innovating to create new eco-friendly, easily recyclable, FR fabrics engineered for comfort and protection.",info@forcetek.it,+39 0736 373621,https://www.forcetek.it,"Contrada San Salvatore, 63086, Force, Italy",Force,
Formosan Arsenal Group Co. Ltd.,12.0 - 12.0-150,,info@formosanarsenal.com,+886 3 499 1998,https://www.formosanarsenal.com,"No. 200 Section 1 Gong 2nd Road, 32559, Taoyuan County, Taiwan",Taoyuan County,
Freytag Karosseriebau GmbH & Co.KG,7A - 7A-326,"Founded in 1890, the family-owned company Freytag, now in its fifth generation, is your expert partner in the field of commercial vehicle bodywork and special vehicle construction. Tradition and experience form the basis of our professional, expert, and timely work. Our expertise is the foundation for solutions that are well thought out, customized, and practical down to the last detail. Creative and innovative ideas make your specific wishes come true.",v.thies@freytag-karosseriebau.de,+49(0)176.64957540,https://www.freytag-karosseriebau.de,"Wernher von Braun Straße 3-4, 31008, Elze, Germany",Elze,https://de.linkedin.com/company/freytag-karosseriebau
Frisch Professional Solutions,7 - 7-270,"Peter Frisch GmbH from Munich is a specialized distributor of innovative, leading brand manufacturers for the areas of survival at sea, rope access, maritime & terrestrial rescue and PPE. MUSTO - Modern high-performance weather protection clothing FUTURE SAFETY - High performance multi-purpose helmets IWCS - waterproof Intercom solutions SPINLOCK - Innovative automatic lifejackets IONIC - Rescue equipment for professionals SUBTECH - IP68 certified, modular packing solutions HARKEN - Innovative rescue systems GLEISTEIN - more than ropes NODUS- innovative, certified textile carabiners SUPRABEAM - innovative torch and headlamp",info@frisch.de,+49 89 365075,https://www.frisch-professional.de,"Isarring 11, 80805, München, Germany",München,https://www.linkedin.com/company/106587866/admin/dashboard/
Fritz Werner Ind.-Ausrustungen GmbH,10.0 - 10.0-209,"Since 1896, Fritz Werner Industrie has been developing, constructing and building machinery for metallic ammunition production. Highest quality at defence organizational scale. NATO, CIP, SAAMI We have machinery installed in over 60 countries. Many of our customers have been with us for decades. Full range of machinery and technology for the production of metallic ammunition is our core business.",info@fritz-werner.com,+49 6722 41990100,https://www.fritz-werner.com,"Industriestraße 7, 65366, Geisenheim, Germany",Geisenheim,
Fujifilm Germany GmbH,10.0 - 10.0-606,"About FUJIFILM Germany GmbH FUJIFILM Germany GmbH, based in Kleve, is responsible for the sales, marketing and servicing of tape storage media for data archiving in Europe. As a subsidiary of FUJIFILM Corporation (Tokyo, Japan), we are the world’s largest manufacturer of high-capacity magnetic tapes for the recording, management and storage of large volumes of data. Tape is our solution to our customers’ data challenges. Fujifilm’s technologies have shaped both the past and the future of data storage. Thanks to its many years of experience in microfilm technology and magnetic particle research, Fujifilm is able to develop groundbreaking data storage tapes. Patented technologies such as NANOCUBIC™, barium ferrite, strontium ferrite and fine hybrid magnetic particles continuously improve the basic functions of the tapes: service life, security and data integrity. The latest generation, LTO-10, reduces space requirements whilst offering a maximum native capacity of 40 TB. In addition to the security benefits provided by so-called air-gap technology, LTO-10 offers faster data access than the 30 TB version with hrRAO and, thanks to improved environmental conditions, can lead to a lower total cost of ownership (TCO). LTO tape technology remains the most reliable and cost-effective solution for long-term, sustainable data archiving. Given the ever-increasing volumes of data – from AI innovations to stricter regulatory requirements – LTO tapes ensure the long-term protection of critical information and are therefore indispensable for modern businesses worldwide. Fujifilm is not only a manufacturer but also operates a state-of-the-art technology centre based at its European headquarters in Germany. Users of tape media and related systems can receive support and access technical services. Our health check and diagnostic services are available free of charge to all users of Fujifilm’s LTO tape technology.",,+49 2821 7115400,https://www.fujifilm.com/de/de/business/data-management?category=11,"Fujistraße 1, 47533, Kleve, Germany",Kleve,https://www.linkedin.com/company/fujifilmrecordingmedia/
Funk Fuchs GmbH,7 - 7-536,,info@funkfuchs.at,+43(0)7244.8008,https://www.funkfuchs.at,"Kirchdorfer Straße 8, 4642, Sattledt, Austria",Sattledt,https://linkedin.com/company/funk-fuchs
Galvion,9 - 9-336,"Galvion exists to empower military and tactical missions around the world. Our Tactical Head Solutions and Power and Data Systems divisions work independently as well as collaboratively to design, develop and deliver integrated, purpose-built solutions that enhance the agility and survivability of the modern warfighter and other demanding end-users.",sales@galvion.com,+1.802.334-2774,https://www.galvion.com,"3800 Saint-Patrick, Suite 200, H4E 1A4, Montreal, Canada",Montreal,https://www.linkedin.com/company/galvion
GARANT | GARANT Schutztechnik GmbH,9 - 9-500,"𝗪𝗘𝗟𝗖𝗢𝗠𝗘 𝗧𝗢 𝗚𝗔𝗥𝗔𝗡𝗧 𝗘𝘅𝗽𝗲𝗿𝘁𝗶𝘀𝗲 𝗶𝗻 𝗽𝗿𝗼𝘁𝗲𝗰𝘁𝗶𝗼𝗻 – 𝘀𝗶𝗻𝗰𝗲 1953. As a globally active and independent family business with headquarters in Germany and Switzerland, we have been developing, producing and distributing safety equipment and ballistic protection for people and materials for over 70 years. 𝗚𝗔𝗥𝗔𝗡𝗧 𝗽𝗿𝗼𝘁𝗲𝗰𝘁𝘀. 𝗢𝘂𝗿 𝗽𝗿𝗼𝗺𝗶𝘀𝗲. We do everything in our power to provide the best possible protection for people and materials in particularly dangerous situations. Whether bomb disposal, military or police units – special forces from all over the world have been relying on our products for more than 70 years to ensure safety and protect lives. Specialising in ballistic protection, we offer tailor-made solutions, products and services – always at the cutting edge of technology. At GARANT, the lives of those who protect us always come first. ‘𝗠𝗮𝗱𝗲 𝗶𝗻 𝗘𝘂𝗿𝗼𝗽𝗲’. 𝗢𝘂𝗿 𝗰𝗹𝗮𝗶𝗺. Since our company was founded, we have placed great importance on the quality of our products. That is why we manufacture and source our products in Europe. This conscious decision enables us to meet the highest quality standards, keep delivery routes short and ensure sustainable production. Our customers also benefit from a transparent and resilient value chain and fair working conditions. We combine traditional craftsmanship with state-of-the-art manufacturing methods – ‘Made in Europe’.",sales@garant-protection.com,+49-7745-926888-0,https://www.garant-eod.com,"Hohenkrähenstrasse 20, 79798, Jestetten, Germany",Jestetten,https://www.linkedin.com/company/garant-protection/?viewAsMember=true
Garanti Kompozit,6 - 6-434,"Garanti Kompozit is a well-equipped and experienced manufacturer of ballistic protective equipment and composite products who operates in her modern production facilities over 45.000 sqm covered area with 350 highly experienced personnel. Garanti has over 20 units of presses and 2 autoclaves for SMC production of composite parts for drones and air vehicles, as well as robotic cutting and finishing systems in addition to ballistic protective equipment such as helmets, plates, shields, vehicle armor panels. We manufacture composite headwear made of reinforcement materials such as helicopter helmets made of carbon for rotary wing pilots and crew, bump helmets made of glass fiber and polycarbonate for outdoors use. Moreover, we also produce EOD suits, Demining suits, fragment protective underwear made of UHMWPE knits and supporting ballistic protective equipment production with our 17025 accredited in-house ballistic testing laboratory. We have been serving number of key accounts for domestic and international customers.",sales@garantikompozit.com,+90(354)5581107,https://www.garantikompozit.com/,"Organize Sanayi Bölgesi, 66900, Yerköy - Yozgat, Turkey",Yerköy - Yozgat,https://www.linkedin.com/company/garantikompozit/mycompany/
GARMONT TACTICAL,7 - 7-866,"At Garmont Tactical, we equip military and law enforcement professionals with footwear that delivers protection, comfort, and performance in the most demanding environments. By providing superior support and durability, we empower those who serve to carry out their duties with confidence in every step.",info@garmont.com,+39 0423 8726,https://www.garmonttactical.com,"Via del Lavoro 18, 31050, Vedelago, Italy",Vedelago,https://www.linkedin.com/company/garmont-international-srl
GDS Advanced Technologies GmbH,9 - 9-605,"GDS Advanced Technologies GmbH (GDS), headquartered in Bremen, Germany, has been a reliable partner for national and international authorities in the defense and security technology sector for more than ten years. As a technology-driven company, GDS integrates and operates innovative systems and products that meet the highest standards of security, efficiency, and reliability. GDS supports its customers throughout the entire product lifecycle: from planning and installation to maintenance and technical support, as well as training, modernizations, and reliable spare parts logistics. This holistic approach ensures long-term operational reliability and the sustainable use of the deployed systems. A key focus in the German market is on X-ray technologies for security and control applications. GDS maintains strategic partnerships with leading manufacturers specializing in X-ray technology in the USA, Brazil, and Israel. The portfolio includes: - X-ray screening systems for baggage and cargo inspection (conventional X-ray fluoroscopy and modern CT technology), - handheld backscatter X-ray units, - highly mobile X-ray systems for security authorities and non-destructive testing applications. Furthermore, GDS supports public sector clients and companies as a technology consultant in the selection, evaluation, and integration of security-relevant technologies and systems. In addition to X-ray technology, GDS offers innovative and highly specialized product solutions in the field of electronic reconnaissance and counter-surveillance, such as jammers, frequency spectrometers, and telecommunications surveillance equipment. These can be used as stand-alone systems or integrated as integral components of complex security architectures. The solutions are designed for domestic and international clients who demand the highest standards of information protection, reconnaissance capabilities, and technical security. With deep technical know-how, international partnerships and many years of experience, GDS is a reliable provider of modern security and defense technologies – today and in the future.",info@gds-at.de,+49 421 80609520,https://www.gds-at.de,"Konsul-Smidt-Straße 26, 28217, Bremen, Germany",Bremen,
GEARKEEPER by AVERA,6 - 6-140,"Avera-Distributing is a European distributor for radio communication equipment and accessories. Avera Distributing is European sales office and warehouse for GearKeeper. Gearkeeper is a retractable gear attachment system to prevent loss and damage of valuable gear like handheld radio's, microphones, badges, keys, guns, flash lights and lots more. Visit www.gearkeeper.eu for detailed information.",info@avera.eu,+31765963820,https://www.avera.eu,"Hazeldonk 6259, 4836 LG, Breda, Netherlands",Breda,
General Inspection LLC,6 - 6-132,"General Inspection LLC manufactures a complete line of gauging, sorting, and inspection systems incorporating: Laser, eddy current and vision technologies for dimensional measurement, determining metallurgical defects as a method for achieving zero defects. Gauging, inspection and sorting systems assure quality in product size, shape and structure. In today’s zero defect environment, the quality of your inspection technology is a critical factor in your ability to compete. In 1991 Gi started manufacturing 100% sorting machines designed for fastener and screw machine part manufacturers. In 2003 General Inspection performed a complete overhaul of their machines and introduced 6 new systems. Research and development remains key to Gi’s success.",info@geninsp.com,+1 248-625-0529,https://www.geninsp.com,"10585 Enterprise Drive, 48350, Davisburg, United States",Davisburg,https://www.linkedin.com/company/general-inspection-llc/
Germandrones GmbH,7A - 7A-547,"Germandrones develops drone systems for civilian and military applications. The main product is the Songbird VTOL, designed for reconnaissance (ISR), transport, surveillance, and surveying. Depending on the configuration, it offers 2 to 6 hours of flight time and is built to meet high demands for payload, altitude, and weather conditions. The BEE-H6 is a heavy-lift hexacopter with a payload capacity of up to 200 kg and a flight time of 70 minutes at a maximum take-off weight (MTOW) of 600 kg. The Phoenix is a quadcopter with a 5 kg payload, 23 minutes of flight time, and speeds of up to 160 km/h. Additional systems featuring hybrid propulsion, high operating altitude, and AI capabilities are currently under development.",takeoff@germandrones.com,+49 30 34781281,https://www.germandrones.com,"Alt-Moabit 55, 10555, Berlin, Germany",Berlin,https://www.linkedin.com/company/germandrones-gmbh/
"GEVORKYAN, a.s.",12.0 - 12.0-158,"GEVORKYAN symbolizes a unique and exceptional success story built on a greenfield site in a strategic location in the heart of Europe. We are the European leader in powder metallurgy and one of the most innovative companies in this sector worldwide. Under one roof, we combine state-of-the-art technologies, develop more than 150 brand new products per year and produce more than 5 million parts per month. We have a superbly equipped laboratory and own a modern tool room with three-shift operation. We are a global and reliable supplier to large multinational companies that operate their plants all over the world.",marketing@gevorkyan.sk,+421 911 041 522,https://www.gevorkyan.sk,"Továrenská 504, 97631, Vlkanová, Slovakia",Vlkanová,https://www.linkedin.com/company/18763535/admin/dashboard/
GK,7 - 7-759,"GK has been designing innovative and high performance solutions to meet Professionals need of security and protection. Our expertise is built on a acknowledged know-how and a constant drive for innovation, with a clear objective: Anticipate your needs and address todays and tomorrows challenges. We work closely with our partners and users to develop cutting-edge equipment that combines reliability, ergonomics, and durability. This approach allows us to deliver high standards products tailored to real-world conditions. Partnering with GK means joining a company that shares your values of excellence, adaptability, and innovation.",marketing@gkpro.fr,+33 7 85 93 92 98,https://www.gkpro.fr,"159 Avenue Gallieni, 93170, Bagnolet, France",Bagnolet,https://www.linkedin.com/company/gk-professional/
Glenair,9 - 9-309,"Glenair is a leading manufacturer of cutting-edge connector and accessory technologies. Mil-Spec qualified circular and rectangular connectors available in environmental, filter, hermetic, and fiber optic configurations supplied as discrete components or integrated into assemblies/cables. Glenair also supplies an integrated soldier data hub and power distribution system, STAR-PAN™, that enables soldiers to optimize data and monitor power conditioning, and distribution. All STAR-PAN™ technologies, from field-proven Glenair connectors and cables to the low-profile hub enclosures, are designed for optimal size, weight, and ruggedized mil-spec performance and may be integrated into any open-system USB 2.0 and molle vest environment. STAR-PAN™ hubs feature low-profile connectors and brazed construction: no bulky bolt-on or unsealed construction leading to poor environmental or EMC performance.",info@glenair.de,+49(0)6172.6816-233,https://www.glenair.de,"Schaberweg 28, 61348, Bad Homburg, Germany",Bad Homburg,https://de.linkedin.com/company/glenair
Global Logistics Support GmbH,7A - 7A-346,"Global Logistics Support GmbH is an international trading company established in 2009, specializing in procurement, spare parts supply, and maintenance for international BOS organizations. Collaborating with our partner companies, we provide our customers with a comprehensive range of products and spare parts to meet their needs. We are proud to be the exclusive distributor of Hesco® and NorLense®.",info@glsupport.de,+49 89 660658960,https://www.glsupport.de,"Parkring 13, 85748, Garching, Germany",Garching,https://www.linkedin.com/company/global-logistics-support-gmbh/
GLOCK,12.0 - 12.0-438,"GLOCK Perfection stands for our commitment to outstanding quality, state of the art technologies and customer satisfaction. GLOCK Safe Action pistols are famous for their durability, reliability and easy handling. Several optional parts and accessories, as sights, extra magazines, holsters, tactical lights and lasers provide a high level of adaptability to special requirements. GLOCK Training and Practice pistols are specially designed for the needs of official customers.",impressum@glock.at,+43(0)2247 90300,https://www.glock.com,"Gaston Glock-Platz 1, 2232, Deutsch-Wagram, Austria",Deutsch-Wagram,
gloryfy unbreakable eyewear,9 - 9-374,"The innovative sunglasses from gloryfy offer emergency services a revolutionary combination of innovation, functionality and style, which is particularly essential in the demanding day-to-day work of the police, special forces or the military. The globally unique high-tech glasses offer reliable protection and precise vision, even under the most extreme conditions, and increase performance and effectiveness in a wide range of operational scenarios. They are produced to the highest quality standards by a specialised team in the heart of the Austrian Alps, in the Tyrolean Zillertal. But it's not just the unbreakable lenses and frames that make these sunglasses the perfect companions for any mission. The patented INCLINOX technology allows the temples to be customised in a matter of seconds and, in combination with the reduced weight, ensures perfect fit and comfort - even in combination with helmets. Particularly important in use: clear vision to recognise potential dangers at an early stage. The gloryfy TRINITY Lens technology ensures absolutely precise vision, perfect eye protection and maximum performance. All these advantages make gloryfy unbreakable sunglasses durable companions that won't let you down even in the most adverse conditions and guarantee perfect protection and clear vision. It is not without reason that these innovative glasses have become essential items of equipment for special units and emergency services in Austria and beyond, and are a must-have when on duty or during leisure time. More at gloryfy.com",office@gloryfy.com,+43 676 4185547,https://www.gloryfy.com,"Dorfstraße 11, 6262, Schlitters, Austria",Schlitters,https://at.linkedin.com/company/gloryfyunbreakableeyewear
Goldeck Textil GmbH,7 - 7-429,"CARINTHIA stands for military/tactical, outdoor/survival, and hunting. For decades, we have been developing and producing performance-oriented cold-weather clothing and equipment—by professionals for professionals. As an internationally recognized brand, we are consistently service-oriented, innovation-driven, and entrepreneurial. Our products are the result of intensive research and rigorous testing and are precisely tailored to the requirements of our customers. Designed for extreme conditions, they stand for maximum robustness, reliability, and performance. Quality, innovation, and reliability form the foundation of our actions. This is how we set standards – and are the first choice for anyone who expects uncompromising equipment. We are more than just a manufacturer: CARINTHIA is an INNOVATION LAB for continuous development. The majority of our products are developed in-house – a clear commitment to innovation and uncompromising quality control. These values shape every decision and define our claim: to be the first choice for those who demand the best and need to rely on their equipment. An important key to the company's success is the unique premium synthetic fiber insulation G-LOFT®. Warm, lightweight and breathable - even in extremely wet and cold weather. The unique selling point is the extraordinary warmth-to-weight ratio of this high-tech fiber.of this high-tech fiber. The uniqueness of G-LOFT® acts as the basis of our product portfolio.",office@carinthia.eu,+43(0)4762.5101-0,https://www.carinthia.eu,"Seebacher Straße 11-13, 9871, Seeboden, Austria",Seeboden,
Goldeck Textil GmbH,7 - 7-436,"CARINTHIA stands for military/tactical, outdoor/survival, and hunting. For decades, we have been developing and producing performance-oriented cold-weather clothing and equipment—by professionals for professionals. As an internationally recognized brand, we are consistently service-oriented, innovation-driven, and entrepreneurial. Our products are the result of intensive research and rigorous testing and are precisely tailored to the requirements of our customers. Designed for extreme conditions, they stand for maximum robustness, reliability, and performance. Quality, innovation, and reliability form the foundation of our actions. This is how we set standards – and are the first choice for anyone who expects uncompromising equipment. We are more than just a manufacturer: CARINTHIA is an INNOVATION LAB for continuous development. The majority of our products are developed in-house – a clear commitment to innovation and uncompromising quality control. These values shape every decision and define our claim: to be the first choice for those who demand the best and need to rely on their equipment. An important key to the company's success is the unique premium synthetic fiber insulation G-LOFT®. Warm, lightweight and breathable - even in extremely wet and cold weather. The unique selling point is the extraordinary warmth-to-weight ratio of this high-tech fiber.of this high-tech fiber. The uniqueness of G-LOFT® acts as the basis of our product portfolio.",office@carinthia.eu,+43(0)4762.5101-0,https://www.carinthia.eu,"Seebacher Straße 11-13, 9871, Seeboden, Austria",Seeboden,
Granberg AS,6 - 6-257,"PROTECTING HANDS. EMPOWERING HEROES. Granberg designs and manufactures advanced protective gloves for those who face danger head-on. From our roots in Norway, we’ve spent over six decades refining protection that never compromises movement, control, or trust. Every glove is built for those who step up when others step back - professionals who need to stay safe to keep others safe. We work side by side with the people who wear our products, because it’s in their hands that our purpose comes alive. Granberg. Trusted protection for those who perform fearlessly.",post@granberg.no,+47 53 77 53 00,https://www.granberggloves.com,"Bjoavegen 1442, 5584, Bjoa, Norway",Bjoa,https://www.linkedin.com/company/granberg-as
Grantler & Stenz UG (haftungsbeschränkt),9 - 9-574,,b2b@grantler-und-stenz.de,+49 1575 9600721,https://til-valhall.com,"Glückaufstrasse 21, 86971, Peiting, Germany",Peiting,
Green Side / Climashield,7 - 7-471,"Green Side based in Warsaw, Poland is on the market since 2005. We are the European office of the American brand Climashield®, which produces unique continuous filament insulation for jackets, sleeping bags and all other items where the durable warmth is needed. Since more than 30 years Climashield® supplies the insulation component to the “Direct Contractor to the US Military” who then manufactures the finished end product (sleeping bags, clothing, liners, etc.). The finished product is then sent to the specific Military branch (Army, USMC, Air Force and Navy) requiring the item. Climashield® Europe supplies subcontractors of various European armies (Norway, Sweden, Finland, Denmark, the Netherlands, Belgium, Latvia, Poland, Romania, Ukraine, Czech Republic). The recent projects we were involved are Nordic Combat Uniform, Belgian Defence Clothing System, Latvian Extreme Cold Weather Clothing System. Climashield® manufactures lightweight thermal insulation for the Military markets supplying continuous filament products. Climashield® maintains ISO:9001-2008 certification of plant and laboratory facilities along with OEKOTEX Standard 100 compliance. A state of the art laboratory allows for the measurement of insulation and lamination properties and evaluation. Climashield® has three Chemical Engineers on staff with a combined more than 80 years of experience in fiber and insulation manufacturing as well as a supporting staff for testing and trials. We also offer fabrics from proven and trusted manufacturers such as CF Weber from Germany (is a licensed manufacturer of Cordura®, which we represent in Eastern Europe) and Advance Hitech Textile from Taiwan (offers woven fabrics - polyamide, polyester, recycled polyester from 15 Denier through 2-, 3-L fabrics, stretch fabrics to hightenacity fabrics up to 2000 Denier) with the top quality and meeting the highest demans of Military Market.",greenside@greenside.pl,+48 22 3747277,https://www.greenside.pl,"Mehoffera 75, 03-118, Warszawa, Poland",Warszawa,
griffity defense GmbH,9 - 9-257,"griffity defense, in addition to its business development and marketing services, advises companies and Public Authorities on solving complex challenges in the military and law enforcement area. Our focus is on developing comprehensive, future-proof strategies and integrated technical solutions to provide the best possible tools and infrastructure for diverse operational scenarios. Under the motto ""Contributions to Command Support for Highly Mobile, Interoperable, Resilient Command and Control Centers,"" we and our partners demonstrate by using fictional scenarios, modular solutions that can significantly contribute to the design of mobile command and control centers at the tactical level.",info@griffity-defense.de,+49 89 4366920,https://www.griffity-defense.de,"Hanns-Schwindt-Straße 8, 81829, München, Germany",München,
GROB-WERKE,9 - 9-566,"For more than 95 years, our company has been one of the global players in the development and manufacturing of machines and production lines. Our customers include the world`s most prestigious car manufacturers, their suppliers and many other renowned companies from various industries. With our production plants in Mindelheim (Germany), Bluffton, Ohio (USA), São Paulo (Brazil), Dalian (China) and Pianezza (Italy), and worldwide service and sales subsidiaries, we are represented around the globe. The GROB Group generates worldwide revenue of over 1.6 billion euros ( BY 22/23) with a workforce of about 8,400 employees. Our portfolio ranges from universal machining centers to highly-complex manufacturing systems with own automation function through to manual assembly stations and to fully-automated assembly lines. Furthermore, production plants for electric motors and assembly lines for battery and fuel cell technology are part of our product range. With the GROB-NET 4 Industry software developed in-house for the digitalization and networking of production processes, production processes can be displayed digitally and transparently.",info@de.grobgroup.com,+49 8261 9960,https://www.grobgroup.com,"Industriestraße 4, 87719, Mindelheim, Germany",Mindelheim,https://www.linkedin.com/company/7163881/admin/feed/posts/
GROUPEMECA,12.0 - 12.0-401,"GROUPEMECA is an industrial group specialized in the manufacture of high precision springs, spring-effect parts, fine sheet metal works and induction coils. Next to the production and surface treatment of parts, GROUPEMECA accompanies its clients in the designing and prototyping of tailor-made parts.",info@groupemeca.com,+32 4 289 99 99,https://www.groupemeca.com,"Rue Haute Claire 3, 4040, Herstal, Belgium",Herstal,https://be.linkedin.com/company/groupemeca
GSCI Advanced Photonics,10.0 - 10.0-618,"General Starlight Company Inc. is the leading Canadian manufacturer of electro-optical equipment, establishing itself at the forefront of the evolving Night Vision and Thermal Imaging industry. Since 1992, the brand has continuously offered the most advanced specifications and unique features found in the expansive field of low light electro-optics. These achievements have cemented the GSCI name within the international Military and Law-Enforcement markets by improving the effectiveness of government operatives in unfavorable visibility conditions.",gsci@gsci.net,+1.905.850-0990,https://www.gsci.net,"Unit 20, 120 Whitmore Rd., L4L6A5, Vaughan, Canada",Vaughan,
Guardiaris,11.0 - 11.0-304,"With a distinguished 18-year heritage, Guardiaris stands at the forefront of defence industry, specializing in cutting-edge simulation and training solutions in virtual environments. With in-house development of GUARD ® graphics engine and full control over mechanical and electronic design, we have the ability to fully customize and optimize solutions to best fit the customer needs. Our simulators have made a global impact, serving on four continents, and being adopted by NATO and neutral armies alike. We excel in providing simulation and training solutions in virtual environments, utilizing digital replicas and defence digital twins. From small arms and shoulder-launched weapons to anti-tank and anti-aircraft systems, our expertise extends to remote weapon stations integrated onto vehicles ranging from 4x4 to 8x8, including Main Battle Tank simulators. Our comprehensive portfolio encompasses UAV and UGV simulation, spanning from desktop setups to immersive 6 DoF motion training environments. The innovative Guardiaris platform seamlessly bridges live and collective training with virtual simulation, fostering unified simulation environments that accommodate any digital replica across diverse geographies, from squad level and beyond. We pride ourselves on offering a full spectrum of services, from 4D After-Action Review and performance analytics to training management, scenario development, and terrain tools. Furthermore, our commitment to excellence extends to trainee well-being, incorporating physiological sensing to provide insights into stress and cognitive load levels (eye tracking, fNIRS, EEG, ECG, GSR, SpO2). In every aspect, we redefine the boundaries of simulation technology to meet the evolving needs of modern defence forces.",lampicm@guardiaris.com,+386 31 774 477,https://www.guardiaris.com,"Kamniska ulica 39a, 1000, Ljubljana, Slovenia",Ljubljana,https://www.linkedin.com/company/guardiaris
gwSaar G. f. Wirtschaftsförderung Saar mbH,6 - 6-268,,event@germanys.saarland,+49 +49 68939899800,https://www.germanys.saarland,"Balthasar-Goldstein-Straße 31, 66131, Saarbrücken, Germany",Saarbrücken,
Güku GmbH,7A - 7A-608,,grain@gueku.de,+49 8131 332460,https://www.gueku.de,"Dieselstraße 18, 85232, Günding, Germany",Günding,
Gütermann GmbH,6 - 6-412,,contact@guetermann.com,+49 7681 210,https://www.guetermann.com,"Landstr. 1, 79261, Gutach, Germany",Gutach,
Güth & Wolf GmbH,6 - 6-207,"Güth & Wolf GmbH – High-Performance Webbing “Made in Germany” since 1887 As a family-owned company based in Gütersloh, Germany, Güth & Wolf GmbH has stood for outstanding quality, technical expertise, and innovation in the development and manufacturing of narrow textiles for more than 135 years. Founded in 1887, the company has continuously evolved and established itself as a trusted partner within the international defense and security industry. Our specialization lies in the production of high-performance webbings and straps designed to meet the most demanding requirements of modern military and security equipment. Whether in personal protective gear, tactical carrying systems, parachute equipment, or vehicle components – wherever uncompromising quality, durability, and absolute reliability are essential, our products are in use. In close cooperation with our customers, we develop tailor-made solutions precisely adapted to the intended application. Our partners benefit not only from decades of experience, but also from state-of-the-art machinery, extensive material expertise, and a clear commitment to production in Germany. Development Expertise & In-House Manufacturing – Everything from a Single Source The strength of Güth & Wolf lies in combining technical precision, innovative capability, and a dedication to craftsmanship. Our webbings and straps are manufactured in a fully integrated production process at our site, from yarn processing and weaving to finishing and refining. This high level of vertical integration ensures maximum quality control, reliability, and flexibility. Our R&D department continuously works on new materials, weaving structures, and finishing technologies. We see ourselves as a solution provider that not only manufactures but also sets new standards together with our customers. Through intensive cooperation with users from military, police, and special forces, we create products that perform reliably in the field under extreme temperatures, high mechanical loads, and the most challenging conditions. Products for Critical Applications Our webbings and straps are used worldwide across a wide range of security-relevant applications, including: Straps and modular attachment systems for ballistic vests and tactical gear Restraint and securing systems for vehicles, helicopters, and air cargo Parachute webbings manufactured to military specifications Load-bearing webbings for backpacks and personal protective equipment Elastic narrow textiles for special tactical applications Flame-retardant and infrared-reduced webbings according to TL or NATO standards Many of our products comply with international standards such as TL, MIL-SPEC, and NATO-STANAG. In addition, we offer customer-specific testing, certifications, and full batch traceability. Sustainability & Responsibility As a medium-sized family enterprise, Güth & Wolf not only stands for reliability and quality but also for sustainable business practices. We manufacture according to the latest environmental standards, rely on responsible sourcing of materials, and invest in energy-efficient processes. Long-term relationships with our employees, customers, and partners form the foundation of our business philosophy. EnforceTac – Dialogue at Eye Level Participation in EnforceTac provides Güth & Wolf with an excellent platform to engage directly with security and defense professionals, to better understand new requirements, present product innovations, and further strengthen partnerships. Our long-standing experience and development expertise make us a trusted partner for government agencies, system suppliers, and equipment manufacturers. Reliability. Quality. Innovation. This is what Güth & Wolf has stood for – since 1887.",central@gueth-wolf.de,+49 5241 8790,https://www.gueth-wolf.de,"Herzebrocker Straße 1, 33330, Gütersloh, Germany",Gütersloh,
H Q H SYSTEM,6 - 6-213,"Společnost HQH SYSTEM byla založena v roce 1993 jako dodavatel protiteroristické a moderní bezpečnostní techniky pro ministerstva České a Slovenské republiky, Ministerstvo obrany, speciální síly, celní orgány a další státní orgány. S odkazem na naše bohaté zkušenosti v oblasti využití bezpečnostní a taktické techniky v aktivních situacích působí naše společnost také jako konzultant a koordinátor v širokém spektru nových projektů pro výzkum a vývoj v tomto specifickém prostředí. Pravidelně pořádáme odborná školení se specializací na pokročilé obranné a bezpečnostní technologie vytvořené pro lokální i globální trh. Jsme zástupci předních zahraničních výrobců, jejichž výrobky jsou zaměřeny na armádu, policii, speciální složky, EOD a další.",z.holik@hqh.cz,+420 603 424 220,https://www.hqh.cz,"Na Jarove 2049/29, 13000, Praha 3, Czechia",Praha 3,
HAIX®-Schuhe,7A - 7A-347,"High-tech equipment for everyone who gives their all every day As a manufacturer of innovative functional footwear and clothing, HAIX meets the world’s highest standards of safety, quality and design. Whether in the fire service, police, emergency services, military, the trades or outdoor activities, people have been relying on HAIX for eight decades. The family-run company, based in Mainburg, Bavaria, employs over 2,300 staff. Production takes place at state-of-the-art facilities in Germany, Croatia, Serbia and North Macedonia. At HAIX, ‘Made in Europe’ is not just a catchphrase, but a conscious decision.",info@haix.de,+49(0)8751.8625-0,https://www.haix.com,"Auhofstraße 10, 84048, Mainburg, Germany",Mainburg,https://www.linkedin.com/company/haixgroup
Halfar System GmbH,7 - 7-231,"HALFAR® stands for customised products for individual customer needs. Each bag and backpack we produce is a unique piece, developed in close cooperation with you for your device or your specific use requirements. From the first sketch to the completion of the production process, we provide precise planning, the highest-quality materials and cutting-edge manufacturing technologies. Our goal is always the same: to create a solution that delivers impressive functionality and design and fully meets your expectations. With over 30 years of experience, we see ourselves as problem-solvers, generators of ideas and true partners to our customers. Relevant ISO certifications provide evidence of our quality standards. We are aware of the specific industry requirements and standards and they are already taken into account during development. Flexibility, a love of innovation and a service-oriented mindset are the hallmarks of our approach. We can tackle any challenge, no matter how complex your needs.",info@halfar.com,0521982440,https://www.halfar.com/spezialtaschen,"Ludwig-Erhard-Allee 23, 33719, Bielefeld, Germany",Bielefeld,https://www.linkedin.com/company/halfar-system-gmbh/
HARTING Deutschland GmbH & Co. KG,7A - 7A-130,"The HARTING Technology Group is a leading global provider of industrial connectivity. Around 6,100 employees are active across the globe in 42 sales companies, 14 production facilities and seven development sites. HARTING connectivity solutions are used to transmit data, signal, and power in numerous industrial sectors. Among others, in transportation, electromobility, renewable energy production, automation and mechanical engineering. In the 2024/25 business year the family owned and managed company generated sales of EUR 1.1 billion.",de@harting.com,+49 571 88960,https://www.harting.com,"Simeonscarré 1, 32427, Minden, Germany",Minden,https://www.linkedin.com/company/harting-deutschland
HCS Ausrüstungs GmbH,7 - 7-549,"For over 15 years, HCS Ausrüstungs GmbH has stood for customer-oriented cooperation and consulting expertise in the procurement of government supplies and personal equipment. In addition to standard items such as clothing and protective equipment, this also includes special rucksack and bag systems through to complete sets for all areas of application. The main brands in this area include brands such as Berghaus, Blackhawk, Carinthia, Tasmanian Tiger, vertx, Blueguns, Uvex, TacMed, Ghosthood, Woolpower, Team Wendy and many more. The consulting expertise is provided by a team of former soldiers as well as contact persons who have been trained and certified in various areas for many years.",mah@hcs-ausruestung.de,+49 5322 7841374,https://soldatenausrüstung.de,"Goedeckekamp 1, 38667, Bad Harzburg, Germany",Bad Harzburg,
HEATHCOAT FABRICS LTD,7 - 7-145,"Manufacturers of specialist, high quality military-approved and first response textiles. Ballistic fabrics including soft, fragmentation, vehicle and UHMWPE liners. Lightweight performance textiles for overt and covert body armour, fragmentation vests, tactical load carrying vests, personnel load carrying equipment, flame retardant helmet linings and discreet combat clothing equipment and military vehicle seating fabrics. Multifunctional 3D spacetec ® fabrics, moisture management and multi-spectral camo fabrics. Discover Drytec ® - our unique surface-to-surface moisture-wicking spacer fabric CBRN technology: controlled impregnation of fabrics with adsorbant and detoxifying media. Ask about our PFAS-free NeutraliZr ® chemical protection fabric. Recycled yarn options and OEKO-TEX ® certification for a range of products.",info@heathcoat.co.uk,+44(0)1884.254-949,https://www.heathcoat.co.uk,"Westexe, EX16 5LL, Tiverton, United Kingdom",Tiverton,https://www.linkedin.com/company/1406527/
Heckler & Koch GmbH,7A - 7A-335,,hkinfoboard@heckler-koch-de.com,+49(0)7423.79-0,https://www.heckler-koch.com,"Heckler und Koch Straße 1, 78727, Oberndorf, Germany",Oberndorf,
HEIGHT TECHNOLOGIES,7A - 7A-220,"We are HEIGHT TECHNOLOGIES: a UAV manufacturer having it's headquarter in centre of The Netherlands. Our mission & vision Day in & day out, we strive to elevate our customers’ capacity to make safer, smarter, and faster decisions with UAS technology in the most demanding tasks and areas. Our unmanned aerial systems are leading platforms in the tactical UAS industry, developed as military drones with advanced capabilities for defence and public safety. We help our government and defence clients by sending machines ahead of people to save lives, giving them an advantage of high-level intelligence, fully integrated into their C2 infrastructure. By combining military-grade unmanned system technology with a wide range of high-end sensors, our clients can collect, process, and analyse data like never before.",info@heighttechnologies.com,+31 6 52890242,https://heighttechnologies.com/,"De Iepenwei 5D, 4191PD, Geldermalsen, Netherlands",Geldermalsen,https://nl.linkedin.com/company/heighttechnologies
HEITEC AG,6 - 6-334,"HEITEC offers high-quality, integrated and innovative solutions, products and services in automation, digitalization, electronics, energy technology, software engineering and special machinery. With cost-effective, end-to-end solutions and years of industry expertise, HEITEC supports over 2,000 customers to increase their productivity and optimize their products. With more than 1,200 employees at numerous locations in Germany and abroad, HEITEC guarantees customer proximity and industry expertise.",info@heitec.de,+49 9131 8770,https://www.heitec.de,"Güterbahnhofstr. 5, 91052, Erlangen, Germany",Erlangen,https://www.linkedin.com/company/heitec-ag
HELD Work Protection,7 - 7-242,,workprotection@held.de,+49 8321 66460,https://workprotection.held.de,"An der Ostrach 7, 87545, Burgberg-Erzflöße, Germany",Burgberg-Erzflöße,
Helix Operations Limited,11.0 - 11.0-404,,paul@helixoperations.com,+44(0)1286.873511,https://www.helixoperations.com,"Offis Fawr, Parc Gwledig Padarn, LL55 4TY, Llanberis, United Kingdom",Llanberis,
Helmut Hofmann GmbH,10.0 - 10.0-352,,info@helmuthofmann.de,+49(0)9776.606-0,https://www.helmuthofmann.de,"Scheinbergweg 6-8, 97638, Mellrichstadt, Germany",Mellrichstadt,
Helsing Germany GmbH,7A - 7A-332,"Helsing is a new type of defence company, providing cutting-edge software and Artificial Intelligence to protect our democracies. The world-leading team of European engineers achieves significant capability gains from in-service platforms and new systems, using edge data-processing to enhance combat functions and decision-making. This allows armed forces to operate differently under the demands of software-defined warfare, employing AI for the new battle-winning capabilities. Helsing is Europe’s largest new defence company. First established in Munich and London before opening further sovereign entities in France and the Baltics and providing ongoing support to Ukraine. The company further owns manufacturer Grob Aircraft who produce training aircraft for European militaries. This multi-domestic footprint provides access to a European talent pool, while servicing countries' specific sovereign requirements. We partner with industry leaders and governments, while funding our own research, enabling capability development at the speed and scale of software development cycles.",land-division@helsing.ai,,https://www.helsing.ai,"Mühldorfstraße 8, 81671, München, Germany",München,https://www.linkedin.com/company/helsing/posts/?feedView=all
Hemco d.o.o.,7 - 7-478,,mislav.mihalj@hemco.hr,+385 31 817 363,,"Ante Starcevica 196b, 31400, Dakovo, Croatia",Dakovo,
HENSOLDT,7 - 7-604,,info@hensoldt.net,+49(0)89.51518-2834,https://www.hensoldt.net,"Willy-Messerschmitt-Straße 3, 82024, Taufkirchen, Germany",Taufkirchen,https://www.linkedin.com/company/hensoldt/
HERA GmbH,10.0 - 10.0-301,,info@hera-arms.de,+49 9395 8786158,https://www.hera-arms.de,"Lengfurter Straße 22, 97855, Triefenstein, Germany",Triefenstein,
Hestra Gloves,7 - 7-642,,customerservice@hestragloves.com,+46(0)370339700,https://www.hestragloves.com,"Äspåsvägen 5, 335 03, Hestra, Sweden",Hestra,
High Protection Systems SA,7 - 7-479,"Manufacturer of Law Enforcement head protection (Part of the Racing Force Group, a manufacturer of car racing safety equipment)",lothar.schuster@racingforce.com,+32 472 19 19 67,https://www.hps.eu/,"Rue Ilya Prigogine, 89-91, 1480, Tubize, Belgium",Tubize,https://www.linkedin.com/company/bellracinghq
High Speed Gear,7 - 7-124,"High Speed Gear® Products Group provides the industry with a portfolio of brands committed to excellence, reliability, and innovation. Together, High Speed Gear®, BlackPoint® Tactical, Comp-Tac® Holsters, and Crucial® Concealment offer a comprehensive selection of products for professionals. The family of brands manufacture 100% made in the USA, premium-quality magazine pouches, battle-belts, concealment holsters, duty holsters, and related accessories.",tosullivan@advance-gi.com,+1 757-773-5146,https://www.highspeedgear.com,"87 Old Hammocks Road, 28584, Swansboro, United States",Swansboro,https://www.linkedin.com/company/high-speed-gear/
Highlander (Scotland) Ltd,9 - 9-232,"Over the 4 decades, Highlander Forces product range has expanded, but our mission has, and always will be the same;to enable you to operate in your environment knowing the kit you’re using has been designed with performance focus, user-centric design and underpinned by value.The STOIRM brand is a high quality and super durable packs and clothing centred around a versatile eco-system, allowing the professional end user to quickly adapt to the situation transferring the pouches across the pack load carrying range.",info@highlander-outdoor.com,+44 1506 438438,https://stoirm-tactical.com,"Todd Square, EH54 5EF, Livingston, United Kingdom",Livingston,https://www.linkedin.com/company/highlander-scotland-limited/posts/?feedView=all
Hilleberg The Tentmaker,7 - 7-635,"Hilleberg Tactical models go through rigorous field testing, with aparticular focus on performance in the harshest environments,from below-freezing and high-wind situations, to desert and highalpine climates. In addition, they use only the highest qualityfabrics and fittings: DAC aluminum poles, YKK zippers, andproprietary guy lines made with a Vectran-polyester blend arejust a few examples of the small details that Hilleberg takes veryseriously. What truly sets their tents apart is not just the qualityof their individual features, but also their overall performanceand handling. Their linked inner and outer tents allow them tobe quickly and easily pitched, even in adverse conditions, whilewearing gloves or mittens, and much testing goes into determiningthe optimal guy line configurations for each model. The resultingtents are not only exceptionally weatherproof, they also offer ahigh degree of durability and livability and will adapt effortlessly to nearly any environment.",bram.vanderkraan@hilleberg.se,+46 706102058,https://www.hilleberg.com,"Önevägen 34, 832 21, Frösön, Sweden",Frösön,https://www.linkedin.com/company/hilleberg-the-tentmaker-ab/
"HO YU TEXTILE CO., LTD.",6 - 6-147,"HOYU TEXTILE: Your Strategic Performance Materials Integrator In the world of high-performance fibers, the gap between a breakthrough material and a market-ready product can be vast. HOYU TEXTILE exists to bridge that gap. As a dedicated manufacturing integration partner, we specialize in transforming advanced fibers into stable, scalable, and high-performance solutions for global industries. We don’t just manufacture; we integrate. We take the world's most advanced materials and apply our manufacturing expertise to ensure they perform exactly as intended in the real world. The HOYU TEXTILE Strategic Advantage Vertically Integrated Excellence (Made in Taiwan): Based in Taoyuan, Taiwan, our facilities include dedicated weaving and dyeing/finishing plants. This end-to-end vertical integration allows us to maintain rigorous quality control and provide agile production timelines. Innovation-Driven R&D: Our on-site Innovative R&D Center and expert research team work tirelessly to stay ahead of material trends, offering our clients a competitive edge through bespoke technical development. Diverse Industrial Applications: Our textiles are engineered for high-stakes environments where failure is not an option: Military: Lightweight yet robust solutions for tactical protection. Industrial: High-tenacity and abrasion-resistant materials for engineering needs. Outdoor: High-functionality fabrics for extreme conditions. HOYU TEXTILE: Integrating Performance, Empowering Production.",hoyu@hoyu.com.tw,+886 3 490 2506,https://www.hoyu.com.tw,"161 Sinfu Rd., Guanyin District,, 328005, Taoyuan, Taiwan",Taoyuan,https://www.linkedin.com/company/hoyutex/
"Hoernecke, Carl Chem. Fabrik GmbH & Co. KG",9 - 9-304,"THE COMPANY Established in 1896 in Magdeburg, the company HOERNECKE is now managed by the fourth generation. Since 1962, the primary focus of the family business is the development, production and sales of security products for the protection of man. Furthermore, HOERNECKE has specialized in the production of irritant agents and non-lethal spray devices. The original TW 1000 security products for personal self-defence and for professional use have matured into a versatile device series equipped with highly functional system elements. The company is now one of the leading international suppliers. From the factory in Oberstenfeld, near Stuttgart, Germany, HOERNECKE products are shipped worldwide. PERSONAL SELF-DEFENCE Reliably protect yourself from violence, crime, and dangerous animals with the market-leading TW1000 defence devices from HOERNECKE. Maximum efficacy in combination with functionality and reliability, are the key features of the TW1000 devices. Choose between handy defence sprays ranging from 15 ml capacity to high-performance irritant spray devices with a content up to 400 ml. Our individual TW1000 product lines are optimized for a variety of applications. LAW ENFORCEMENT HOERNECKE ensures professionals. The “Original TW1000” product line for professional use is a series of highly effective systems that are successfully used in everyday police work to fend off physical violence. TW1000 spray systems can target and incapacitate individuals from a distance while preventing dangerous or lethal injuries.",info@tw1000.com,+49(0)7062.9496-0,https://www.tw1000.com,"Industriestraße 26, 71720, Oberstenfeld, Germany",Oberstenfeld,
HOLOGATE,11.0 - 11.0-213,"HOLOGATE is the global leader in AI-powered extended reality (XR) solutions, operating the world’s largest location-based VR network and delivering scalable, high-performance systems for enterprise, training, simulation, and entertainment. Our turnkey XR solutions integrate cutting-edge hardware, software, and immersive content to create end-to-end virtual training and simulation environments. Designed for maximum flexibility in space and usability, our systems equip professionals across industries with the right tools to enhance skills, improve decision-making, and drive operational excellence through tailored, immersive experiences. Our customers include the German Army and Police.",enterprise@hologate.com,+49(0)89.999500-100,https://www.hgxr.com,"Kistlerhofstraße 70, Gbd. 79, 81379, München, Germany",München,https://www.linkedin.com/company/hgxrtech/
"Holosun Technologies, Inc",11.0 - 11.0-314,,info@holosun.com,+1.909.594-2888,https://www.holosun.com,"821 Echelon CT, 91744, City of Industry, United States",City of Industry,
Holík International s.r.o.,6 - 6-442,"We are a Czech company engaged in the production and development of gloves, footwear and garments for firefighters. Our success in these fields is built on the connection of traditional and proven methods complemented by modern technologies. By combining these two approaches with the emphasis on innovation, we are constantly taking our products to a higher level, and in less than 30 years we have become one of the world's leaders in the fire, rescue, police and military. Tactical gloves are used by the army and police from Austria, France, Great Britain and Singapore. The production itself takes place in compliance with strict European standards and is concentrated primarily in our workshops, where the finished piece undergoes multi-stage quality control.",info@holik-international.cz,+420 577125500,https://www.holik-international.com,"Za Dvorem 612, 763 14, Zlín, Czechia",Zlín,https://cz.linkedin.com/company/hol%C3%ADk-international-s-r-o
HORNADY Mfg Company,10.0 - 10.0-332,,webmaster@hornady.com,+1.308.382-1390,https://www.hornady.com,"3625 West Old Potash Hwy, 68803, Grand Island, United States",Grand Island,
horntools GmbH,7 - 7-559,"horntools is one of Europe's leading suppliers of off-road accessories, off-road vehicle equipment, and overland equipment. Founded in 1994, horntools is now known throughout Europe for its winches, roof racks, recovery equipment, and off-road accessories.",info@horntools.com,+43 5572 57226,https://www.horntools.com,"Wallenmahd 23, 6850, Dornbirn, Austria",Dornbirn,https://www.instagram.com/horntools/
HPE POLAND,7 - 7-364,"HPE® Poland is a manufacturer of comprehensive solutions of bulletproof personal protection for officers and soldiers. We produce: - soft ballistic inserts - composite bulletproof hard plates - bulletproof shields Composite bulletproof hard plates: Based on an extensive machine park and developed technologies, HPE® has production capabilities enabling supplies for military and paramilitary forces. The plates made here can be meets the requirements of international standards NIJ 0101.04, NIJ 0101.06 as well as PN-V-87000:2011, GHOST R 50744-95 and many others. We have a high-pressure autoclave for pressing plates. It operates at 20 bar pressure and achieves a production capacity of about 250 pieces per 1 cycle. For production we use monolithic ceramic cords made of Al2O3, SiC and B4C. Our composites on the backface are pressed at 450 bar and are made of the highest quality polyethylene. Depending on the requirements, we also use aramid materials for the composition of the plates. We construct solutions in all required sizes, as well as single- and multi-curved profiles. HPE® bulletproof plates can be finished traditionally in cordura or protected with a layer of Line-x® polyurethane. Soft ballistic inserts: The company has a wide range of soft ballistic panels. They are refined to all levels of protection according to the NIJ and PN standards. Depending on the requirements, we make our inserts from aramid or polyethylene materials, as well as in the form of a hybrid of both types of that materials. In addition, our inserts can also have knife and spike protection. We test fragmentation on our panels according to the most popular standards such as STANAG 2920 and many others. Bulletproof shields: HPE® also produce bulletproof shields. We offer medium shields weighing up to 24 kg and measuring approx. 1000 x 600 mm, equipped with bulletproof glass visors, as well as light tactical shields weighing about 12-14 kg. Protection levels according to customer requirements. The composition of the shields based on a ceramic tile system, as well as individual shapes of monolithic cords designed for HPE® in sintered SiC technology. Quality of products: HPE® has an in-house ballistic laboratory that allows to maintain the quality of products at the highest level according to ISO-9001 and AQAP 2110 standards.",hpe@hpe.pl,+48(0)41.3625142,https://www.hpepoland.eu,"Dluga 15, 25-650, Kielce, Poland",Kielce,
HUM Gesellschaft für Homecare und Medizintechnik mbH,6 - 6-437,"Tactical emergency and transport containers | Medical products | Consumables HUM – Quality and Innovation for more than 30 years As an established company with more than 30 years of experience in the medical and textile industries, we have positioned ourselves as a reliable supplier and partner, both nationally and internationally. _ Tactical textile products: Tactical Backpacks | Tactical Bags | Tactical Pouches | Tactical POMs Based on a wide product portfolio of high-quality transport cases for tactical use, including emergency backpacks (such as the MANV backpack Berlin), First Responder Packs and IFAKS, our name has become synonymous with more than 30 years of providing reliable equipment for professional use. Our textile products are consistently developed and manufactured in Germany and Europe – with a focus on robustness, functionality and practicality. With our expertise and portfolio, we offer our customers tailor-made solutions – from prototyping and one-off production to OEM series production. _ Tactical medical products | Consumables: For more than 30 years, we have been a supplier of medical consumables, which are also used in tactical environments. Our extensive product assortment consists of long-established products such as endotracheal tubes, manual resuscitator bags, rescue sheets and splints. In addition, we have expanded our product portfolio in the field of tactical medicine to include products such as tourniquets, emergency bandages and blood-type determination kits. We offer authorities, security forces and specialised task forces a well-structured product range from a single source. Quality, durability and close cooperation with users and partners characterise our product development. _ Hall 9 | Booth 9-321 Tactical Emergency Backpacks and Bags | Immobilization | First Aid",sales@hum-online.de,+49 231 8808850,https://www.hum-online.de/,"Zum Pier 79, 44536, Lünen, Germany",Lünen,
HunTac GmbH & Co. KG,10.0 - 10.0-108,,info@huntac.de,+49 541 7607794,https://www.huntac.de,"Iburger Straße 76, 49082, Osnabrück, Germany",Osnabrück,
Huqas apparel,9 - 9-100,,huzaifa@huqasapparel.com,+92 320 8665555,,"P-351 punj pulli ismail road, 38000, faisalabad, Pakistan",faisalabad,
Hutchinson GmbH,7 - 7-309,"Hutchinson is a leading supplier of run flat systems, aluminum wheels and lightweight ballistic protection components for armored police, military, and civilian vehicles. Our products include protected self-sealing and anti-explosion fuel tanks with a flame-retardant and insulating coating. Our mission is to ensure the maintenance of mobility and the survival of the crew. Chemical technologies provide high protection while minimizing weight. We supply our international export markets and European customers from our German headquarters in Mannheim. More than 38,000 employees work at 100 locations in 25 countries worldwide.",simone.kukulies@hutchinson.com,06213971251,https://www.hutchinson.com,"Hansastraße 66, 68169, Mannheim, Germany",Mannheim,https://www.linkedin.com/company/hutchinson
HUXWRX Safety Co.,11.0 - 11.0-301,"The HUman eXposure WoRKshop (HUXWRX) Safety Co. is dedicated to de-risking high velocity events. As a development lab focused on performance and health, we solve the most difficult problems for our professionals and enthusiasts alike",kimw@huxwrx.com,8015737087,https://www.huxwrx.com,"280 West Central Ave, 84107, Millcreek, United States",Millcreek,https://www.linkedin.com/company/huxwrx-safety-co
HYOSUNG TNC CORPORATION Frankfurt Office,9 - 9-611,,marco.wehres@hyosung.com,+49 6196 640240,https://www.hyosung.com,"Mergenthalerallee 15-21, 65760, Eschborn, Germany",Eschborn,
Hyperion Materials and Technologies,10.0 - 10.0-630,,marina.garcia@hyperionmt.com,+34 648 80 93 16,https://www.hyperionmt.com,"6325 Huntley Road marina.garcia@hyperionmt.com marina.garcia@hyperionmt.com, 43085, Worthington, United States",Worthington,
Hänsch Warnsysteme GmbH,7A - 7A-125,,jens.keblat@fg-haensch.de,+49 5962 93600,https://www.fg-haensch.de,"Schützenstraße 21, 49770, Herzlake, Germany",Herzlake,
IDP Industries,9 - 9-278,"IDP Industries: Engineering for excellence IDP Industries is on a mission to redefine performance gear for tactical and outdoor professionals. With a robust global footprint, we have established ourselves as a leader in high-performance equipment, delivering cutting-edge solutions built for the most demanding conditions faced by defense and security forces worldwide. Our expertise lies in integrating contemporary material science into mission-critical gear. By leveraging membrane-laminated fabrics, flame-retardant textiles, and advanced seam-sealing technologies, we ensure our equipment provides a decisive advantage. Every IDP Industries product is the result of advanced engineering and an unwavering commitment to quality, designed to empower users to achieve their goals with absolute confidence. Our Core Capabilities At Enforce Tac, we are proud to showcase five pillars of tactical excellence: Advanced Cold Weather Clothing Systems (CWCS): Specialized multi-layer systems engineered for superior thermal regulation and moisture management in sub-zero environments. High-Endurance Waterproof Apparel: Utilizing state-of-the-art lamination and sealing techniques to provide total elemental protection while maintaining high breathability. Extreme Environment Sleeping Systems: Rugged, high-performance survival systems designed for maximum recovery and protection in the harshest climates. Modular Load-Carriage Solutions: Ergonomic rucksacks and tactical platforms built for durability, weight distribution, and mission-specific modularity. Multi-Spectral Signature Management: Cutting-edge textile solutions designed to mitigate thermal, infrared, and visual detection, enhancing operator survivability.",info@idpindustries.com,+91 120 685 7777,https://www.idpindustries.com,"140-141, Toy City, Ecotech III, 201306, Greater Noida, India",Greater Noida,
IDS,6 - 6-134,,dakar@ids-1.com,+972 50-627-8443,https://www.ids-1.com/,"Snir 127, 1080600, SDE NAHUM, Israel",SDE NAHUM,
IEA Mil-Optics GmbH,10.0 - 10.0-305,Die IEA MIL-OPTICS GmbH mit Sitz im baden-württembergischen Nagold gilt als Spezialist für Nachtsichttechnik sowie Spezialausrüstung für Polizei und militärische Spezialkräfte. Unter anderem sind wir exklusiver deutscher Distributor für nachfolgende Firmen: - L3Harris -Wilcox - Eotech - Ops-Core,info@i-e-a.de,+49(0)7452 60591-0,https://www.i-e-a.de,"Gutenbergstraße 1-3, 72202, Nagold/Eisberg, Germany",Nagold/Eisberg,
iesy GmbH,7 - 7-828,"iesy is a reliable partner for high-performance embedded computing solutions. We develop and produce intelligent embedded computers for system-critical applications in digital defense, KRITIS, and industry. Our solutions are precisely tailored to individual requirements and stand for security, quality, and reliability.",info@iesy.com,+49 2354 706550,https://www.iesy.com,"Darmcher Grund 22, 58540, Meinerzhagen, Germany",Meinerzhagen,https://de.linkedin.com/company/iesy
IMEX A.S,12.0 - 12.0-462,,anil@im-ex.com.tr,+90 532 551 00 52,https://www.im-ex.com.tr,"aladdin bey mah. 626 sok. ZER7 Plaza no:7D Nilufer Bursa, 16200, nilufer, Turkey",nilufer,
Incap Electronics Germany GmbH,7 - 7-816,,marketing@lacon.de,+49 8131 5910,https://www.incapcorp.com,"Hertzstraße 2, 85757, Karlsfeld, Germany",Karlsfeld,
"Industrias Ponsa, SA",6 - 6-175,,projects@ponsa.com,+34 938 77 35 00,https://ponsa.com/,"C/. Sallent 64-72, Pol. Ind.. El Do projects@ponsa.com projects@ponsa.com, 08243, MANRESA, Spain",MANRESA,
Industriekeramik Hochrhein GmbH,9 - 9-468,"IKH Ceramics designs, manufactures and delivers high-performance advanced technical ceramics for partners that serve to military, law enforcement, and security organizations. As one of the very few advanced ballistic ceramics manufacturers across the globe, IKH Ceramics provides the lightest and strongest ballistic protective ceramics in its field. Superior Product– Advanced ceramic solutions – adaptable solutions for changing conditions; designed for utmost protection while being uniquely light and delivering the highest degree of ballistic survivability with minimum weight. Combat Proven– Providing high-performance ceramics to protect troops, officers, and security personnel on 5 continents and over 60 countries. Delivery at Speed and Scale- manufacturing facilities – 1.4M sqft production facility. In-house design, production and testing. Agile platform meeting evolving needs.",dilem.kocak@ik-hochrhein.com,+49 7746 92100,https://ik-hochrhein.com/,"Industriestrasse 4, 79790, Kussaberg, Waldshut-Tiengen, Germany","Kussaberg, Waldshut-Tiengen",https://www.linkedin.com/company/ik-hochrhein
"Inertial Labs, a Viavi Company",10.0 - 10.0-617,,heather.vitner-hurt@viavisolutions.com,+1 571-498-6235,https://inertiallabs.com/,"39959 Catoctin Ridge St, 20129, Paeonian Springs, United States",Paeonian Springs,
Infinteq GmbH,7A - 7A-411,"The INFINTEQ GmbH, based in Mülheim an der Ruhr, develops connected, autonomous drone systems for demanding airborne missions. Our modular multi-domain platform integrates airborne and maritime systems within a highly secure mesh network, enabling precise real-time data acquisition, reliable coordination, and maximum operational flexibility – even in security-critical environments. Through our exclusive partnership with EvoLogics, we are expanding our portfolio with state-of-the-art maritime technologies, creating an integrated ecosystem for networked missions. INFINTEQ consistently focuses on robust, autonomous “Made in Germany” solutions that elevate information gathering and mission control to a new level through AI-supported analysis, sensor fusion, and highly automated operational processes. With our GULL ONE systems, we are already making a tangible contribution to current security-related requirements. INFINTEQ works in close partnership with Ukraine to provide an increasing number of GULL ONE systems and jointly support the response to current operational needs. We are continuously expanding our portfolio – from airborne VTOL systems to maritime carrier platforms and scalable ground control stations.",info@infinteq.com,+49 208 30663800,https://www.infinteq.com,"Wissollstraße 18, 45478, Mülheim an der Ruhr, Germany",Mülheim an der Ruhr,
InfraHex s.r.o.,6 - 6-232,"InfraHex technology is a cutting-edge fabric designed to reduce the infrared (IR) signature emitted by the human body, making individuals and equipment less detectable by thermal imaging systems. The fabric works by blocking specific wavelengths in the infrared spectrum, making it highly effective against thermal cameras and other detection systems used in military and surveillance operations.",petra@infrahex.com,+420 603 482 880,https://www.infrahex.com,"Jiraskova 1971, 25082, Uvaly, Czechia",Uvaly,https://www.linkedin.com/company/infrahex/posts/?feedView=all
INFRANOR GmbH,6 - 6-201,,info@infranor.de,+49 6181 180120,https://www.infranor.de,"Donaustraße 19a, 63452, Hanau, Germany",Hanau,
Inhag Zelte und Zubehör Inh. Thorsten Schöppner,6 - 6-259,,info@inhag-zelte.de,+49 6661 6069690,https://www.inhag-zelte.de,"Breitwiesenstraße 20, 36381, Schlüchtern, Germany",Schlüchtern,
innomatec Mess- und Schnellanschlusssysteme GmbH,6 - 6-248,,info@innomatec.de,+49(0)612.69420-0,https://www.innomatec.de,"Am Wörtzgarten 12 - 14, 65510, Idstein, Germany",Idstein,
Innovation Agency Lithuania,7 - 7-556,"Innovation Agency Lithuania is responsible for the Lithuanian innovation ecosystem and the promotion of innovation at all stages of business development – from developing ideas to delivering products and services to end-users. The team of Innovation Agency Lithuania aims to be an entry-point for foreign businesses to connect with right partners in Lithuania, a creative resource for joint initiatives in the markets of mutual interest and a recognized partner to numerous foreign business associations, chambers, and governmental institutions.",info@inovacijuagentura.lt,+370 5 206 2002,https://inovacijuagentura.lt,"Juozo Balikonio St. 3, 08247, Vilnius, Lithuania",Vilnius,https://www.linkedin.com/company/innovation-agency-global/
Integris Composites,6 - 6-309,,info@integriscompositesus.com,+31 33474795050,https://www.integriscomposites.com,"Oval Tower, 1101 HE, Amsterdam, Netherlands",Amsterdam,
Intellitronika,7 - 7-760,"Founded in 2010, Intellitronika specializes in innovative technologies for mobile data management, geolocation, and operational control. As part of the ITK Group, with over 30 years of experience, the company develops solutions that enhance public safety and emergency response. Notable advancements include the MUV 4G bodycam and iBWC, an integrated Digital Evidence Management System (DEMS) designed for secure and efficient handling of video and photographic evidence. Intellitronika’s commitment to meaningful innovation bridges technology and human expertise, setting new standards in situation management.",info@intellitronika.com,+390654278301,https://www.intellitronika.com,"Viale dell'Oceano Atlantico, 182, 00144, Rome, Italy",Rome,https://www.linkedin.com/company/2425155/
International Armored Group,7A - 7A-507,,info@interarmored.com,+971 7 205 7676,https://www.interarmored.com,"Plot 8-2-1, Al Hulaila Industrial, 50060, Ras Al Khaimah, United Arab Emirates",Ras Al Khaimah,https://www.linkedin.com/company/international-armored-group/
INTERNATIONAL POLICE ASSOCIATION,7 - 7-387,"The International Police Association is a friendship organization for members of the police, whether serving or retired, without distinction of rank, position, sex, race, language or religion. We have about 372,000 members in nearly 100 countries, of which 69 are affiliated national chapters, and we are present on 6 continents. Our motto is 'Servo per Amikeco - Service through Friendship'. We are a non-governmental organization that aims to establish and strengthen bonds of friendship between members of the police service, to promote international cooperation in social, cultural and professional fields, to promote peaceful coexistence between peoples and the maintenance of world peace, to improve the public image of the police service and to promote the recognition of the IPA by international bodies.",service@ipa-deutschland.de,+49(0)6826.51099-0,https://www.ipa-deutschland.de,"Schulze-Delitzsch-Straße 4, 66450, Bexbach, Germany",Bexbach,
InVeris Training Solutions,11.0 - 11.0-212,,Jeremy.Perkins@inveristraining.com,+1.702.596-8631,https://www.inveristraining.com,"296 Brogdon Road, 30024, Suwanee, United States",Suwanee,
INVISIO A/S,7 - 7-735,"About INVISIO INVISIO is a global leader in communications technology for professionals in mission-critical environments. INVISIO develops integrated communication systems for defense and public safety professionals. These systems keep teams connected, protected, and effective in high-noise and critical environments. The modular plug & play portfolio includes headsets, control units, intercoms, hubs, and software that work together as one scalable system across dismounted, vehicle-based, and command operations. With a deep commitment to innovation and long-term partnerships, INVISIO helps organizations stay prepared for what’s next, ensuring our solutions evolve with changing operational demands. Headquartered in Copenhagen, INVISIO operates across Europe, North America, and Asia, and is listed on Nasdaq Stockholm (Mid Cap).",info@invisio.com,+45 72 40 55 00,https://www.invisio.com,"Stamholmen 157, 2650, Hvidovre, Denmark",Hvidovre,https://www.linkedin.com/company/invisio-tactical-communication-systems/
ISE TACTICAL Israel Security Equipment LTD,10.0 - 10.0-626,"We are Israel Security Equipment LTD or ISE for short. Your place for the highest quality combat equipment, with professional service, extensive experience and knowledge. ISE is one of the leading companies in the field of manufacturing, developing and designing accessories and parts for weapons in Israel and around the world for armies, police forces, security forces and armed civilians. Our innovative products improve the accuracy, comfort, grip stability and performance of the weapon user. In addition, our company provides services for upgrading old weapons to new and more effective weapons. The company is engaged in the import, export, distribution and sale of equipment for security forces in Israel and around the world. We represent the vast majority of the leading companies in Israel and we are also importers of leading brands in the world such as: Masada Armour, Orpaz, ISE TACTICAL, KIRO, IMI, Recover, Geisler, Caracal, Revision, Sabre, Defcon 5, Mechanix, Merrell, Wiley X, DJI, A10, Highlander, Outac, Fox Knives, D.Five, Cyalume, Speras, Earmor, XGO, Olight, UYN, Oakley, SOG, Mactronic, Lowa, Blackhawk,Vega Holster, Petzl, MSA Sordin, Garmont. We hold an extensive inventory of products and in large quantities, which gives us a significant advantage and the possibility of fast delivery, Today we supply our products to a lot stores and ranges in the country. Israel Security Equipment LTD was founded in 2020 and has since made the market for equipment for security forces more high-quality, professional and reliable. INSPIRED BY FIGHTERS FOR FIGHTERS !",tsioudarmy@gmail.com,+972 55-500-9534,https://isetactical.com,"28 Jabotinsky st, Ramat Gan, Israel, 5211200, Ramat Gan (Tel aviv), Israel",Ramat Gan (Tel aviv),
ISRAEL National Pavilion,9 - 9-656,"The Economic and Trade Mission in Munich is acting under the Ministry ofEconomy and Industry in Jerusalem and represents the Israeli economyin Germany. Under the leadership of the Economic Attaché, Doron Hemo,the mission promotes economic cooperation and investment betweenIsrael and Germany and strengthen economic relations between bothindustries.The Foreign Trade Administration (FTA) at the Israeli Ministry of Economyand Industry manages and supports Israel’s international trade and tradepolicy. From our headquarters in Jerusalem together with 50 economicand trade missions in key financial centers throughout the world, theFTA promotes Israel’s economy worldwide.Israel’s economic and trade missions are at the forefront of the Israeligovernment’s efforts to advance our industries in foreign markets. Ourteam of highly experienced economic representatives provide a widerange of services to Israeli companies and to the international businesscommunity.• Andreas Maris I Trade Officer I Germany• Economic & Trade Mission, Munich I Generalkonsulat des Staates Israel• Barerstraße 19 I 80333 München• Tel: +49 (0)89 543486 529 I Mobile: +49 (0) 176 80525 438",ifatk@export.gov.il,+972 5142935,https://www.export.gov.il,"29 Hamered Street, 6812511, Tel Aviv, Israel",Tel Aviv,
item Industrietechnik GmbH,9 - 9-256,,event@item24.com,+49 1511 1139898,https://www.item24.com/de-de,"Friedenstraße 107 - 109, 42699, Solingen, Germany",Solingen,
JEET & JEET GLASS AND CHEMICALS P LTD,7A - 7A-732,"Jeet & Jeet Glass and Chemicals Pvt. Ltd. is a renowned name in the manufacturing of transparent armour industry, recognized for its commitment to quality, innovation, and customer satisfaction. Established with a vision to revolutionize the bullet resistant glass sector, the company has grown into a trusted brand that caters to a diverse clientele across multiple industries, including OEM Land Defence companies, companies involved in civilian armouring companies, protection of buildings amongst others. History and Legacy Founded with a mission to deliver exceptional products and services in 1978, Jeet & Jeet Glass and Chemicals has a legacy of excellence that spans decades. Over the years, the company has continually evolved, adopting cutting-edge technologies and sustainable practices to stay ahead in a competitive market. Its unwavering focus on quality and innovation has earned it a reputation as a leader in the field. Product Portfolio Jeet & Jeet Glass and Chemicals offers an extensive range of products designed to meet the diverse needs of its customers. These include: 1. Transparent Armour: o High-quality bullet resistant glass designed to meet stringent International standards, ensuring the safety and integrity of Military. o Durable products that work in hot-and-cold climatic conditions without affecting ballistic properties. o Our transparent armour gives years of de-lamination free life. 2. Bullet resistant Windows: o With aluminium joinery backed with armour steel, Bullet resistant windows are used for protection against bullets, explosions of buildings in critical security areas. Commitment to Quality At Jeet & Jeet Glass and Chemicals, quality is a cornerstone of the business. The company adheres to stringent quality control measures at every stage of production, from raw material procurement to final product delivery. This commitment to excellence ensures that customers receive products that meet the highest industry standards. Innovation and Technology The company invests heavily in research and development to drive innovation and maintain its competitive edge. By leveraging advanced manufacturing technologies and exploring new materials, Jeet & Jeet Glass and Chemicals consistently delivers products that exceed customer expectations. Customer-Centric Approach Understanding that customer satisfaction is key to long-term success, Jeet & Jeet Glass and Chemicals places a strong emphasis on building lasting relationships with its clients. The company offers personalized solutions, timely deliveries, and exceptional after-sales support, ensuring a seamless experience for its customers. Global Presence With a robust distribution network and a growing international footprint, Jeet & Jeet Glass and Chemicals serves customers in multiple countries. Its global reach is a testament to the company’s ability to meet diverse market demands and deliver unparalleled value. Core Values 1. Integrity: Upholding the highest ethical standards in all business dealings. 2. Excellence: Striving for perfection in every aspect of the business. 3. Innovation: Embracing change and fostering creativity to drive progress. 4. Sustainability: Promoting eco-friendly practices to protect the planet for future generations. 5. Customer Focus: Prioritizing customer needs and delivering exceptional value.",commercial@jeetglass.in,+91 141 412 1101,https://www.jeetglassindia.com,"F75A V K Industrial Estate, 302013, Jaipur, India",Jaipur,
JK Defence & Security Products GmbH,7 - 7-834,"JK Defence & Security Products GmbH is a value-added distributor in the fields of MILCOM, TACTICAL and SAFETY. Our services include consulting, long-term spare parts supply, repair & maintenance, and technical-logistical support for our products. Our declared goal is to provide world-leading solutions in our product areas on the German defence and security market and to be a reliable and valued partner to our customers with our services throughout the entire product life cycle, thus contributing to a safer and more defensible Europe.",info@jkdefence.de,+49(0)2152.1445-0,https://www.jkdefence.de,"Industriering Ost 74, 47906, Kempen, Germany",Kempen,https://www.linkedin.com/company/jkdefence?originalSubdomain=de
JL Goslar GmbH,6 - 6-122,"JL Goslar GmbH – Your strong partner for safety, protection, and technology For over 110 years, JL Goslar has stood for the highest level of metallurgical expertise in the processing of lead, tin, and their alloys. Our range of services includes various strategic business areas such as radiation protection, semi-finished products, lead/steel apparatus engineering, and anodes for metal extraction. In the field of safety and protection, we offer customized, certified solutions – from shot wire and shielding to radiation protection cabins, protective rooms, and mobile X-ray inspection systems. We combine tradition and innovation through proven manufacturing processes, certified quality and environmental management, and consistent recycling – for solutions that meet the highest safety and environmental standards. JL Goslar supplies special technological products and safety solutions worldwide – durable, reliable, and customized to your requirements. Our services at a view: Radiation protection solutions (shielding, cabins, shelters, mobile X-ray systems) Shot wire and special materials Semi-finished products (profiles, castings, machined parts) Service & installation (professional on-site installation, maintenance & repair) Engineering (technical consulting, planning & design of customized solutions) Project management (comprehensive support from planning to implementation) We look forward to connecting with you. Visit us in Hall 8 / Booth Number 8-331 or contact us directly!",info@jlgoslar.de,+49 5321 7540,https://www.jlgoslar.de,"Im Schleeke 108, 38640, Goslar, Germany",Goslar,https://www.linkedin.com/company/jl-goslar/
Jokasafe Oy,6 - 6-415,,ville.sulkakoski@jokasafe.fi,+358 40 6659780,https://www.jokasafe.fi/en/,"Pukkilantie 28, 62500, Evijärvi, Finland",Evijärvi,
JOWO - Systemtechnik AG,6 - 6-333,,info@jowo.ag,+49 4221 9164950,https://www.jowo.ag,"Lange Wand 12, 27753, Delmenhorst, Germany",Delmenhorst,
JUMBO-Textil GmbH & Co.KG,6 - 6-220,,info@jumbo-textil.de,+49 2339 9293970,https://www.jumbo-textil.de,"Stennert 7, 45549, Sprockhövel, Germany",Sprockhövel,
KAMOTEXTIL OOD,7 - 7-842,"KAMOTEXTIL is a vertically integrated textile manufacturer and supplier of woven textiles based in Bulgaria. We also offer contract manufacturing services as well as finished garments and pouches with a focus on military, law enforcement and defence.",office@kamotextil.com,+359(0)888.352332,https://kamotextil.com/,"9 Treti Mart Blvd., 5300, Gabrovo, Bulgaria",Gabrovo,https://www.linkedin.com/company/37556308/
KAP-KO doo,7 - 7-237,"With over 150 years of expertise, Šešir d.o.o. has been at the forefront of hat and cap manufacturing in Croatia and the region. Originally established in 1866, the company evolved from crafting elegant men’s and women’s hats to specializing in high-quality official caps for esteemed clients, including the Ministry of Defense, Ministry of the Interior, Croatian Railways, and more. Known for impeccable craftsmanship and reliability, Šešir d.o.o. combines tradition with innovation to meet the demands of today’s market. Kap-Ko d.o.o. complements this legacy as a leading manufacturer of hats and official caps, recognized for its technical precision and customer-centric approach. By focusing on quality and adaptability, Kap-Ko ensures quick and reliable solutions tailored to diverse needs. Together, Šešir and Kap-Ko represent a perfect blend of heritage, quality, and modern design, making them the ideal partners for businesses seeking premium headwear solutions. Explore our sustainable and customizable options to add a unique touch to your brand!",info@kap-ko.hr,+385.12989463,https://www.kap-ko.hr,"Prijepoljska 20a, 10040, Zagreb, Croatia",Zagreb,
Karrimor SF,7 - 7-273,"Karrimor SF is a UK company with a long and successful history of designing and manufacturing load carriage solutions for demanding environments. The Karrimor SF brand enjoys a wide and loyal following globally in the outdoor community but is best known within the military and law enforcement. As a leading global manufacturer of load carriage, Karrimor SF supplies a network of dealers and distributors as well as contracting directly with military, law enforcement and leading defence manufacturers worldwide. With a reputation for well designed, trusted and reliable products, Karrimor SF continues to demonstrate an enviable track record of supplying successful load carriage solutions designed for the modern war fighter and extreme adventurers alike.",sales@karrimorsf.com,+44(0)1392.360065,https://www.karrimorsf.com,"1 Fair Oak Court, EX5 2BB, Exeter, United Kingdom",Exeter,
"Kartácovna Kolovec, spol. s r.o.",12.0 - 12.0-152,,service@kartacovnakolovec.cz,+420 724 377 925,https://www.industrialbrushes.info,"Domazlická 145, 345 43, Kolovec, Czechia",Kolovec,
Katadyn Group,7 - 7-741,"Katadyn Group. Sustaining life no matter where. The Katadyn Group is a global corporate group with a broad brand portfolio specialized in the area of self-sufficient nutrition and drinking water supply. Operating under the maxim ""Sustaining life no matter where"", we at the Katadyn Group strive to meet and exceed our customers’ expectations by delivering safe, simple and sustainable Swiss hydration and nutrition solutions for the outdoor, marine, tactical, emergency preparedness, humanitarian and commercial sectors. Founding brand Katadyn has developed and produced personal water treatment systems and products for the outdoor and marine industries for over 90 years. Today, Katadyn is aglobal leader in thesegment of portable water treatment solutions. With targeted company acquisitions of highly specialized brands Trek’n Eat, AlpineAire Foods, Optimus, Pharmavoyage, Micropur, Certisil, Steripen and Spectra Watermakers, the Katadyn Group has continued to strengthen its market position. Today, the corporate group is the go-to for effective solutions in the world of self-sufficient nutrition and drinking water supply. With headquarters in Kemptthal (Zurich), the Swiss corporate group employs approximately 200 people at its subsidiaries in Europe, Asia and the United States.",marketing@katadyn.de,+49 6105 456789,https://www.katadyngroup.com,"Hessenring 23, 64546, Mörfelden-Walldorf, Germany",Mörfelden-Walldorf,https://de.linkedin.com/company/katadyngroup
KelTec,12.0 - 12.0-260,,sales@keltecweapons.com,+1 321-428-2811,https://www.keltecweapons.com,"1505 Cox Rd., 32926, Cocoa, United States",Cocoa,
Kermel SAS,6 - 6-265,,ranya.elhaoui@kermel.com,+33 6 66 98 10 78,https://www.kermel.com,"20 rue Ampère, 68000, Colmar, France",Colmar,
KEVLAR,9 - 9-247,"Taking on the toughest jobs requires an even tougher person. Because some jobs are reserved for the brave, the fearless, and the heroic. And to those dedicated to pushing the limits, Kevlar and Nomex are dedicated to keeping you protected - every step of the way.",karim.dirani@dupont.com,+41 79 399 37 29,https://www.dupont.com/mobility,"154, 1217, Geneva, Switzerland",Geneva,https://www.linkedin.com/showcase/dupont%E2%84%A2-tyvek%C2%AE-protective-apparel/posts/?feedView=all
KING COBRA HOLSTERS SRL,7 - 7-350,":King Cobra Holsters srl, founded in 1983 by Alfonso Leto, current CEO, is an Italian manufacturing company that with abilility has mantained the best handicraft productive characteristics, obtaining a development that has seen the trade-mark grow and be well know.King Cobra Holsters is based in Tuscany and it production is 100% MADE IN ITALY.Working directly with distributors and law enforcement agencies worldwide, combining tradition and innovation, the Company produces a wide range of products for the law enforcement and military field such as holsters, magazine holders, belts, handcuff holders, torch holders, braces, drop leg, etc. in leather, cordura, kydex and polymer.The search for innovative materials and first-quality raw materials make King Cobra products a guarantee of high quality.DISTRIBUTION:King Cobra products are distrubuted all over the world thanks to the capillary network of our distributors.INNOVATIVE DESIGN:In everything King Cobra do King Cobra put it passion and and it know-how.UNIQUENESS:Projects are based on clients needs and King Cobra staff is always available to offer customer support and respond to everyone with enthustiam. CERTIFICATIONS: NATO CAGE CODE AE69 - ISO 9001/2015",info@kingcobra.it,+39.0571.4504-90,https://www.kingcobra.it,"Via Caduti nei Lager,1, 56020, Montopoli, Italy",Montopoli,
KKS chemisch-technische Produkte GmbH,7 - 7-839,,vertrieb@kks-produkte.de,07246 944708,https://www.kks-produkte.de,"Siemensstraße 18, 76316, Malsch, Germany",Malsch,
Kloeckner Metals Germany GmbH,9 - 9-560,,kontakt@kloeckner.com,+49 211 882450,https://www.kloeckner.de/,"Peter-Müller-Straße 24, 40468, Düsseldorf, Germany",Düsseldorf,
Klopman International Srl,8 - 8-205,,rossella_deangelis@klopman.com,+39 0775 298245,https://www.klopman.com,"Via Armando Vona 34, 03100, Frosione, Italy",Frosione,
Knauf Ceiling Solutions GmbH & Co.,10.0 - 10.0-112,,info@knauf.com,+49 8552 4220,https://www.knauf.com,"Elsenthal 15, 94481, Grafenau, Germany",Grafenau,
KNDS Deutschland GmbH & Co. KG,7A - 7A-320,"KNDS is a European land defense systems leader with more than 10,000 employees, 2024 turnover of 3.8 billion euro, order backlog of around 23.5 billion euro and order intake of 11.2 billion euro in 2024. As prime contractor and lead system integrator KNDS develop, deliver and sustain state of the art manned and unmanned ‘system-of-systems’, complete mission solutions and its main systems and sub-platforms, including the related ammunitions and services. Its product portfolio encompass main battle tanks, armored vehicles, artillery systems, weapons systems, ammunition, robotics, military bridges, customer services, battle management systems, training solutions, protection solutions and a wide range of equipment. The alliance between Krauss-Maffei Wegmann (now KNDS Deutschland) and Nexter (now KNDS France) has been a step forward in the consolidation of the land defense systems industry in Europe. It positions KNDS as a key contributor to European sovereignty, offering European and NATO customers the opportunity of increased standardization and interoperability for their defense equipment, with a dependable and resilient European industrial base. KNDS is the trusted partner of 24 armed forces in Europe and 19 in the rest of the world. KNDS headquarters are based in Amsterdam.",info@knds.de,+49 89 814050,https://www.knds.de,"Krauss-Maffei-Straße 11, 80997, München, Germany",München,https://www.linkedin.com/company/knds-deutschland
Knowtion GmbH,6 - 6-118,"We are an engineering company established in 2011 with a focus on safety- and mission-critical software development. As a reliable development partner, we develop and implement software-defined defence solutions from concept to mass production. Our experience in the fields of defence, air traffic management, sensors, and industrial automation enables us to combine interdisciplinary expertise with standardized development processes. From the early concept phase to prototype development and series-ready, certifiable solutions, we work closely with our customers in a cooperative partnership. Our goal is to develop robust, high-performance, and maintainable software solutions that meet the highest standards of reliability, security, and quality.",team@knowtion.de,+49 721 48699510,https://www.shiratech-knowtion.com,"Amalienbadstraße 41 Bau 52, 76227, Karlsruhe, Germany",Karlsruhe,https://www.linkedin.com/company/shiratechknowtion
Kong S.p.A.,7 - 7-386,"KONG is a technologically advanced Italian company, ISO 9001 certified, leader in the production of carabiners and equipment for climbing, rescue, work safety, and yachting.Building on nearly two centuries of expertise in climbing and rescue, we have developed a comprehensive military product line designed for interventions in any environment and situation.Manufactured in Italy to the highest quality standards and leveraging cutting-edge research methods, KONG products enhance operations where speed and precision are crucial, ensuring safety and reliability even in the most challenging conditions.",info@kong.it,+39 0341 630506,https://www.kong.it,"Via XXV Aprile, 4, 23804, Monte Marenzo, Italy",Monte Marenzo,https://www.linkedin.com/company/kong-spa
Kongsberg Defence & Aerospace AS,10.0 - 10.0-520,,kda.office@kongsberg.com,+47 932 11 106,https://www.kongsberg.com,"Kirkegardsveien 45, 3616, Kongsberg, Norway",Kongsberg,
Konrad GmbH,6 - 6-445,"Efficiency Meets Production Excellence: Applying High-Volume Automotive & Civil Aerospace Production Experience to Low-Volume Advanced Defence Manufacturing After the end of the cold war, the Defence Industry focused on sophisticated weapon systems with high quality requirements but low production rates. This led to a more hand-crafted production style compared to industries like civil aerospace with high quantities and optimized production capabilities. However, today’s geopolitical turmoil requires a new approach: Current demand can only be served with semi-automated as well as redundant production & test capabilities. This is where companies with extensive experience in automotive or aerospace development and testing can provide a wide range of expertise, from data acquisition and measurement technology to semi-automation. Based on this expertise, the Defence Industry can cut today’s production and test times by up to 66% while achieving in parallel a drastic increase in First Pass Yield.",a.buhl@konrad-technologies.de,+49 7732 9815537,https://www.konrad-technologies.com/de,"Fritz-Reichle-Ring 12, 78315, Radolfzell, Germany",Radolfzell,https://www.linkedin.com/company/konrad-technologies/
Kore Essentials Inc.,7 - 7-154,,info@koreessentials.com,+1 619-303-9663,https://www.koreessentials.com,"9520 Pathway Street, 92071, Santee, United States",Santee,
Kornit Digital LTD.,9 - 9-180,,tali.calderon@kornit.com,+972 50-303-3456,https://www.kornit.com/,"12 Ha'Amal st. POB 11781 park afek, 4809234, Rosh Ha'Ayin, Israel",Rosh Ha'Ayin,
KRAIBURG Relastec,10.0 - 10.0-623,"KRAIBURG Relastec GmbH & Co. KG is an independent company headquartered in Salzwedel, Germany, and part of the KRAIBURG Holding. We operate internationally and offer a broad portfolio of high-quality rubber finished products for a wide range of applications. Our product portfolio includes solutions for sound and vibration insulation (DAMTEC®), fall protection (EUROFLEX®), building protection (KRAITEC®), load securing (KARGOTEC®), sports flooring and elastic layers (SPORTEC®), elastic flooring systems for equine facilities (KOMFORTEX®), as well as ballistic rubber systems for shooting ranges (SHIELDTAC®). SHIELDTAC® – Ballistic rubber systems for shooting ranges and training centres SHIELDTAC® from KRAIBURG Relastec equips shooting ranges from floor to ceiling. Our ballistic rubber systems absorb projectile energy and protect against ricochets and fragments. They also cut noise considerably. Military, law enforcement and civilian facilities use them, both indoors and outdoors. The range includes: ricotile panels in 40, 43 and 70 mm, also available as fire-resistant ricotile FR ricosys PU, a seamless floor system pavers for outdoor areas and blocks for tactical walls fragsafe mats for fragment protection SPORTEC® flooring for shooter and supervision areas The systems are ballistically tested to VPAM-ARG and fire-tested to DIN EN 13501-1 (up to Bfl-s1). They are slip-resistant (R10), anti-static and low in emissions (VOC class A+). SHIELDTAC® is made from 100% recycled rubber and produced at our site in Salzwedel, Germany. It is easy to install and maintain, and we tailor colours and dimensions to your facility. KRAIBURG Relastec GmbH & Co. KG is an independent company within the KRAIBURG Holding, headquartered in Salzwedel.",kraitec@kraiburg-relastec.com,+49 8638 701358,https://www.kraiburg-relastec.com,"Fuchsberger Straße 4, 29410, Salzwedel, Germany",Salzwedel,https://www.linkedin.com/company/kraiburg-relastec-gmbh-co-kg
Kretschmar GmbH,6 - 6-219,"Converting of Polyurethan- and Polyethylenfoam in different qualities as well as PP-twinwall- and trilaminated sheets. Our production line comprises a huge amount of technical capabilities to develop individual and tailor-made solutions for our customers (in the world of packaging). The manufacturing program includes napped foams, rectangle cuttings or die-cutted foams for industrial application up to computer-aided engineering and design of new packaging solutions. 3D-milled or waterjet-cutted Inlays for suitcases or containers for storage and transport also belong to our corebusiness. We are certified according to ISO 9001 since 2009.",service@kretschmar-schaumstoffe.de,+49 511 96605530,https://www.kretschmar-schaumstoffe.de,"Rudolf-Diesel-Weg 10, 30419, Hannover, Germany",Hannover,
Kroll International,7 - 7-743,,dds@krollcorp.com,+1.588.739.8922,https://www.krollcorp.com,"51819 Danview Technology Ct, 48315, Shelby Charter Twp, United States",Shelby Charter Twp,
KS-TEX UG,9 - 9-567,,info@ks-tex.de,+49 172 9044930,https://www.military-patches.de,"Marktplatz 4, 91183, Abenberg, Germany",Abenberg,
KTL GmbH - NITECORE,7 - 7-221,"As one of the industry-leading manufacturers, Nitecore specializes in flashlights for tactical use, outdoor lighting and outdoor equipment as well as high-performance power solutions. The use of high-quality materials and innovative technologies guarantee reliability even in the most demanding environments and operations. The production of our own LEDs from the NiteLab brand demonstrates the leadership position in the flashlight sector.",service@ktl-gmbh.de,+49(0)5173.2409944,https://www.nitecore.de,"Rudolf-Diesel-Straße 27, 31311, Uetze, Germany",Uetze,
KUPCELIK,11.0 - 11.0-402,"Rising Turkish Defence Company Metal Ammunition Box, M2A1 M548 M19A1 CNU405 Various Welded/Bolted metal sheet-metal products",erdener@kupcelik.com,+90 533 562 53 01,https://www.kupcelik.com,"Mimarsinan OSB 23. Cad. No:35, 38165, Kayseri, Turkey",Kayseri,
Kusumgar Limited,9 - 9-280,"Kusumgar Limited is an ISO 9001:2015 certified technical textiles manufacturer with over 50 years of experience serving the Military and Tactical sector. Headquartered in Mumbai, we operate three fully integrated manufacturing facilities in Gujarat, with a total capacity of 5 million linear meters per month. We are a trusted supplier to the Indian Armed Forces and global defence customers, producing parachute fabrics, multispectral camouflage nets (2D & 3D), IRR battle dress materials, MOLLE systems, ghillie suits, rain ponchos, rucksack fabrics, and other mission-critical textiles. We have been awarded by the Ministry of Defence, India for the indigenization of parachute fabrics. Kusumgar is an authorized INVISTA mill partner for CORDURA® and a licensed MultiCam® printer for Crye Precision, enabling us to deliver globally recognized camouflage and performance platforms with full compliance. We currently export to 15+ countries. With deep expertise in Nylon 6.6, Polyester and Para-aramid fabrics, advanced coatings and laminations, and a strong R&D-driven approach, we develop around 30 new products annually to meet evolving operational demands.",raman.chandra@kusumgar.com,+91 9824574445,https://www.kusumgar.com,"101, Manjushree, VM Road JVPD Vile, 400056, Mumbai, India",Mumbai,https://www.linkedin.com/company/kusumgar-limited/posts/?feedView=all
Kärcher Futuretech GmbH,7 - 7-414,"Kärcher Futuretech GmbH, headquartered in Schwaikheim, Germany near Stuttgart, is a wholly owned subsidiary of Alfred Kärcher SE & Co. KG. The company currently employs 135 employees under the leadership of Mr. Thomas Popp and Markus Barner. Kärcher Futuretech develops and manufactures Mobile Water Supply, CBRN Decontamination, Mobile Catering and Field Camp Systems for civil and military defense operations. Complementary to its innovative product portfolio Kärcher Futuretech provides customer-centric logistical services and training worldwide, even in remote areas. Kärcher Futuretech integrates Kärcher‘s globally valued core competences in the fields of high pressure and burner technology into its high-quality, robust and reliable systems. Combined, these unique competences have enabled Kärcher Futuretech to achieve a leading position in the industry of Mobile Water Supply, CBRN protection and base camp related systems for over 30 years.",futuretech@de.kaercher.com,+49(0)7195.14-0,https://www.kaercher-futuretech.com,"Alfred-Schefenacker-Straße 1, 71409, Schwaikheim, Germany",Schwaikheim,https://www.linkedin.com/company/kaercher-futuretech/
L3Harris Technologies,7A - 7A-501,"In a fast moving and increasingly complex world, L3Harris is anticipating and rapidly responding to challenges with agile technology – creating a safer world and more secure future. Life-saving T7 & T4 EOD robots. The large robot supplier for the UK Ministry of Defence, the U.S. Air Force.the Australian Defence Forces as well as other NATO partner, L3Harris’ family of robotic systems is purpose-built to take on even the toughest military and commercial missions. Deployed worldwide, the T7™ and T4™ are durable, intuitive and exceptionally high-performing. These revolutionary unmanned ground systems are pushing the envelope of best-in-class robotic capability.",eric.garris@l3harris.com,+1 321 729-3877,https://www.l3harris.com,"1395 Troutman Blvd NE, 32905, Palm Bay, United States",Palm Bay,
L4 Performance,9 - 9-122,,info@l4performance.com,+358 45 8818668,https://www.l4performance.com,"Rasulankatu 7A5, 33730, Tampere, Finland",Tampere,
LAHNER Group GmbH,6 - 6-151,"LAHNER Group GmbH is a highly innovative German company. We develop specialised ballistic body armour products with unique attributes for Law Enforcement, Military and security specialists. Additionally we produce custom specific textile solutions such as bags and backpacks for covert electronic equipment as well asequipment for military and Law Enforcement K9. Our training department teaches tactical concepts for extreme close range altercations to professionals all over the world and offers innovative concepts for K9-training.",info@lahner-group.de,+49 81188 9999 0,https://www.lahner-group.de,"Zeppelinstraße 17, 85399, Hallbergmoos, Germany",Hallbergmoos,
Larimart S.p.A.,7 - 7-822,"Larimart S.p.A., a company of Leonardo Group, is a recognized Italian leader in the design, development, and production of personal protections and devices for Information & Communication Technology (ICT). We shape defence since 1960, offering end-user-focused products that combine simplicity, reliability, and sustainability. This integration of exceptional features is the result of close daily collaboration between the engineering, sales, production, and customer support departments, made possible by the decision to keep production in-house. Our products meet customer’s needs thanks to a continuous and proactive support for end-users throughout the entire product lifecycle, from the initial identification of requirements to the development, qualification, delivery, and maintenance of the solutions themselves. Subsidiaries: Dispositivi Protezione Individuale D.P.I. srl Consorzio PBI",marketing@larimart.it,+39 06 303431,https://larimart.it/en/,"Via di Torrevecchia, 12, 00168, Roma, Italy",Roma,https://www.linkedin.com/company/80479715/admin/dashboard/
Laser Ammo Europe,12.0 - 12.0-506,"Laser Ammo is the original ""Shoot Anytime, Anywhere,"" known for the high quality SureStrike™ laser training cartridge and the Smokeless Range® Shooting Simulator. Established in 2009, Laser Ammo is owned and operated by Israeli and U.S. military and law enforcement veterans who are dedicated to providing serious training to serious people. As the worldwide leader of laser-based firearms products, the company teaches any level shooter how to improve their shooting accuracy and skills. Its advanced training technology and high-quality products serve military units, law enforcement agencies and firearms instructors, as well as many private firearms owners and dealers worldwide. Its R&D offices are in Israel, with support located in TX and operation and sales team members located in the USA and in Europe. For additional information, visit LaserAmmo.com. For European sales, visit LaserAmmo.EU .",info@laserammo.eu,+46(0)723007774,https://www.laserammo.eu,"Skogsvallsvägen 7, 74335, Storvreta, Sweden",Storvreta,
Laser Shot. Inc.,10.0 - 10.0-205,"Laser Shot is a global leader and has remained committed to developing the most realistic and practical firearms simulators, crew training simulators, and live fire facilities available to the government and public. Laser Shot offers progressive training solutions for all skill levels while focusing on the core principle of “train as you fight” and being adaptable to individual customer needs. Our training solutions augment existing programs with safe alternatives, technologically advanced simulations for immersive training, or cutting-edge live-fire range facilities. Laser Shot has developed cutting-edge virtual firearm training and simulations since 1999. The key to the full-spectrum immersive experience is the attention to detail dedicated to every aspect of the simulator – from the vivid HD projection system to the true-to-life look, feel, and function of Laser Shot simulated weapons.",tradeshows@lasershot.com,+1.281.240-1122,https://www.lasershot.com,"4214 Bluebonnet Drive, 77477, Stafford, United States",Stafford,https://www.linkedin.com/company/laser-shot-inc.
Laserluchs GmbH,12.0 - 12.0-235,,info@laserluchs.de,+49 261 98349780,https://www.laserluchs.de,"Rudolf-Diesel-Straße 2a, 56070, Koblenz, Germany",Koblenz,
Lasting Sport s.r.o.,9 - 9-157,,info@lasting.eu,+420 355 327 553,https://www.lasting.eu,"Micurinova 2317, 35601, Sokolov, Czechia",Sokolov,
Lateration GmbH,6 - 6-362,,salim.deeb@lateration.de,+49 1721668524,https://lateration.de,"Max-Kraus-Straße 28, 85435, Erding, Germany",Erding,https://www.linkedin.com/company/lateration/about/
Le Merite Tactical & Defence Solutions Pvt. Ltd.,9 - 9-182,,abhishek@lemeriteexports.com,+91 98920 44442,https://www.lemeriteexports.com,"T-79, MIDC Industrial area Nandgaon Peth, Amravati Maharastra, India, 444901, Amravati, India",Amravati,
"Leapers, Inc.",12.0 - 12.0-362,"Leapers has outfitted shooters for more than 30 years. Most, if not all, have come across our well-established brands online, at a gun show, and or at their local gun shop down the street. Our mission is to promote a quality lifestyle through innovative and solution-oriented hunting and shooting sports optics and accessories with complete concept-to-delivery services to customers all over the world. Innovation, quality, value, and service are central to every one of our brands. Leapers was established in 1992. In the first 15 years, we focused on horizontal integration to bring multiple product lines into one umbrella for a one-stop firearm accessory shopping experience. In the second 15 years, we strove to achieve vertical integration, ensuring that our products, from development, manufacturing, to sales and service are aligned and managed with our complete control and discipline. Our commitment into the future is to fully leverage our synergized global organization with its R&D power and streamlined manufacturing and supply chain to keep bringing consumers sought-after hunting and shooting sports products.",office@leapers.com,+1.734.542-1500,https://www.leapers.com,"32700 Capitol Street, 48150, Livonia, United States",Livonia,
LEDIC MSR s.r.o.,10.0 - 10.0-613,"LEDIC MSR brings its own unique solution of Modular shooting ranges based on a sophisticated and open system of connecting modules in the form of shipping containers. In this way, the most diverse possible range variants can be created to ensure a wide range of shooting training activities. Modular shooting ranges are intended for the army, police, other security forces and the civilian sector. The goal is to create THE RIGHT SHOOTER'S BACKGROUND.",info@ledicmsr.cz,+420 226 226 790,https://ledicmsr.com/,"Pobočná 1395/1, CZ 14100, Praha 4, Czechia",Praha 4,
Ledlenser GmbH & Co. KG,6 - 6-403,"Ledlenser is one of the world market leaders for portable light. The company has made a name for itself as a true LED pioneer and LED flashlight manufacturer since 2000. Headlamps and flashlights as well as lanterns and work lights are part of the light specialist’s portfolio. German engineering and design, a seven-year warranty on registration and a variety of revolutionary technologies make the award-winning Ledlenser products powerful companions – and indispensable in everyday life, for sport or at work. More information on Ledlenser: www.ledlenser.com",info@ledlenser.com,+49 212 5848119,https://www.ledlenser.com,"Kronenstraße 5 - 7, 42699, Solingen, Germany",Solingen,https://www.linkedin.com/company/ledlenser-gmbh/
LEG Thüringen,10.0 - 10.0-411,"Thuringia is one of Germany's most innovative economic regions: numerous medium-sized companies and high-performance research institutes also offer highly qualified solutions for security, defense technology, and space travel. LEG Thüringen supports precisely these players in opening up new markets, expanding value chains, and exploiting technological opportunities. Thirteen innovative companies from central Germany are presenting themselves at a strong joint Thuringian stand. Together, they are showcasing their high-precision, smart, and sustainable ideas for shaping resilient external and internal security in Europe. LEG Thüringen... ...has been actively shaping the economic future of the federal state since 1992. On behalf of the state, it promotes the development and marketing of industrial and commercial sites, conducts international location marketing, and offers investors from Germany and abroad comprehensive services for settling and expanding in Thuringia. As a real estate manager, redevelopment agency, and partner to Thuringian municipalities, it also strengthens regional development and quality of life in the Free State.Thuringia offers solutions. LEG Thüringen makes them visible. Visit us at Enforce TAC and discover the strength of a networked innovation location.",info@leg-thueringen.de,+49 361 56030,https://www.leg-thueringen.de,"Mainzerhofstraße 12, 99084, Erfurt, Germany",Erfurt,https://de.linkedin.com/company/leg-thüringen
Leo Köhler GmbH & Co. KG,6 - 6-335,"manufacturer of army, protective and work clothing",info@leokoehler.com,+49 6658 96230,https://www.leokoehler.com,"Am Forsthaus 3, 36163, Poppenhausen, Germany",Poppenhausen,
Leupold,10.0 - 10.0-224,"Leupold + Stevens, Inc. is a fifth-generation, family owned company that designs, machines, and assembles battle-proven optics for the world’s most resilient hunters and shooters. For over 100 years, we've been focused on developing groundbreaking technologies that let you see farther, in less light, with more clarity. Our 700+ American craftsmen build and test our products with a single-minded focus: to make sure they'll perform forever. No matter where you take us, on the battlefield, in competition, or on the hunt, we won’t let you down. So be bold. Be tenacious. Be relentless.",,+1.503.6469171,https://www.leupold.com,"14400 NW Greenbrier Parkway, 97006, Beaverton, United States",Beaverton,https://www.linkedin.com/company/leupold-&-stevens-inc-
LLC GRUND PLUS UKRAINE,9 - 9-154,,dir-gpukraine@ukr.net,+380 66 747 0231,https://www.belement.net,"Yaskrava 7, 110a, 49051, Dnipro, Ukraine",Dnipro,
LOTHAR WALTHER,12.0 - 12.0-560,"Lothar Walther, youngest son of the world-famous gun designer and company founder Carl Walther, grew up in a family that had been involved in gun manufacturing for generations. He founded his own company in Zella-Mehlis, Thuringia, on July 1, 1925. From the very beginning he focused on the development of button rifling in gun barrels. Over the years, he steadily expanded his capabilities in this area and established himself as a manufacturer of barrels, but also of components and entire firearms. After the end of the Second World War and the associated resettlement to Königsbronn/Baden-Württemberg, Lothar Walther had to start all over again: Neither machines nor other equipment could be transferred fromThuringia, which had been occupied by the Soviet Union in the meantime. With the support of his sons, the company developed over the following years from an artisanal business to a modern industrial company with Swabian virtues. In 1983, the founder of the company passed away. His son Klaus Walther continued to run the company and handed over the management to his two sonsDr. Frank Walther and Gerd Walther in 1995. Both had acquired broad experience in the field of technology and engineering through their previous work for various companies in Germany and abroad, which they could now apply to the further growth of the company. In the same year, the company Lothar Walther Precion Tools Inc., based in Cumming, Georgia, was established to directly serve the ever growing US market. Equipped with state of the art machinery,Lothar Walther currently manufactures barrels from special rifle steel and stainless steel in more than 240 different calibres. Countless world, European and national championships as well as Olympic medals have been andcontinue to be won with Lothar Walther barrels. In addition to the button rifling process, various calibers have been manufactured on a GFM cold forging machine since 2015, which are primarily intended for the law enforcement and defense sector. In addition, the company is active in the following areas: • manufacturing of firearms parts • and other precision mechanical components • snap caps • deep hole drilling from Ø 3 to 20 mm • CNC-machining • reaming/honing of long holes • from Ø3.0 to Ø16 mm • straightening of long components • trade with precision steel tube",info@lothar-walther.de,+49 7328 96300,https://www.lothar-walther.de,"Paul-Reusch-Straße 34, 89551, Königsbronn, Germany",Königsbronn,
LOWA Sportschuhe GmbH,9 - 9-306,"LOWA PROFESSIONAL stands for authentic and high-quality products that meet the very highest standards. We produce our premium professional products by drawing on our many years of experience, our understanding of the very latest technology and our commitment to our core values of fit, comfort and innovation. Athletic insights and proven solutions produced on the basis of our decades-long experience for the demanding area of mountaineering join forces with progressive ideas at LOWA PROFESSIONAL. This alliance results in a continuously evolving, modern product range that excels in every way during professional uses. By focusing on our core values, we create products on which professional users can always rely. We view our products as optimal companions and as essential providers of comfort and reliability – on the widest range of terrain and in the widest range of weather conditions. As a global footwear maker, we think locally and produce our products in Europe. Our headquarters has been located in the very same Bavarian town of Jetzendorf since 1923. It is also the home of our German production site. Our main production operations are located in Slovakia and Italy.",info@lowa.de,+49(0)8137.999-0,https://www.lowa.de,"Hauptstraße 19, 85305, Jetzendorf, Germany",Jetzendorf,
LOXY AS,6 - 6-453,"LOXY has become the largest producer and distributor of seam sealing tape and reflective tape, pushed forward by the strength and quality of our products and solutions. LOXY works diligently to maintain our focus on design innovation, customer-oriented service and industry-leading technologies.",marit@loxy.no,+47 69 19 53 90,https://loxy.com,"Sörlieveien 72, 1788, Halden, Norway",Halden,https://no.linkedin.com/company/loxy-as
LUKAS Hydraulik GmbH,6 - 6-471,"LUKAS – THE NAME STANDS FOR HYDRAULICS. Pioneering hydraulic products have been produced in Erlangen since the end of the 1940s: Initially only for industrial applications, in 1955 the re-railing equipment area was added and in 1972 LUKAS developed the first hydraulic cutting device to be offered for rescue use. And with that, a foundation stone was laid for the whole sector. LUKAS SHAPES THE FUTURE WITH YOU Today, the company is represented globally with its hydraulic products in three different product sectors through a comprehensive dealer network. The extraordinary LUKAS high-pressure hydraulics for industrial applications move heavy loads with aluminium light metal rams. The re-railing business segment is responsible for a rapid and safe return to the track bed. And our hydraulic rescue equipment supports emergency services saving people's lives around the world.",lukas.info@idexcorp.com,+49 9131 6980,https://lukas.com/de/,"Weinstraße 39, 91058, Erlangen, Germany",Erlangen,https://www.linkedin.com/company/lukas-hydraulik-gmbh
Lupine Lighting System GmbH,9 - 9-380,"Lupine Lighting Systems GmbH is a medium-sized and internationally active company based in Neumarkt in der Oberpfalz. As a leading manufacturer in the field of high-end outdoor and sports lighting and founded in 1989, Lupine offers bicycle, e-bike, helmet, headlamps, flashlights and special solutions for professional use. The development and production of the high-quality, handmade products takes place exclusively in the manufactory in Germany.",info@lupinelights.com,+49(0)9181.509490,https://www.lupinelights.com,"Im Zwiesel 9, 92318, Neumarkt, Germany",Neumarkt,
LV Equipment BV,9 - 9-377,"LV Equipment BV (LV), a Dutch based wholesale company, supplies products to end users from military & police entities. Distribution is made to NATO, government bodies direct, or through commercial accounts in the EC. LV has an exclusive license agreement with Berghaus Ltd. in the UK for the distribution of Berghaus Tactical products throughout the EMEA. Berghaus has almost 50 years experience with regard to rucksack making. Combined with the knowledge LV has about the needs of military & police operators, a unique platform has been created for building highly functional and extremely durable carrying systems.",info@lvequipment.nl,+31 166 662 045,https://www.lvequipment.nl,"Nijverheidsweg 2, 4695 RC, Sint Maartensdijk, Netherlands",Sint Maartensdijk,
M-TAC,6 - 6-230,"The M-TAC brand is a team of young, ambitious, and talented individuals united by a common goal – creating high-quality tactical apparel with practical functionality and cutting-edge design.",b2b@m-tac.pl,+48 798033502,https://www.m-tac.pl,"ul. Domaniewska 37, lok 2.43, 02-672, Warszawa, Poland",Warszawa,
m2n - consulting and development gmbh,8 - 8-101,,office@m2n.at,+43 660 7119875,https://www.m2n.at,"Knagg 1, 3034, Maria Anzbach, Austria",Maria Anzbach,https://www.linkedin.com/company/m2n-consulting-and-development
M4Com System GmbH,7A - 7A-246,"M4Com is a German Software house with over 20 years of experience in providing solutions for process chains in J-ISR. Our products are known and used by both, system integrators and government agencies. We offer established software-based products which can be used either as components or as a complete solution. At Enforce Tac 2026 we will present SITACO, our web-based application for emergency services, police unites and military, to support & coordine critical operations and disaster response operations. SITACO allows the rapid transmission of data gathered from drones and other sources of information using either secure LTE, satellite communications or other wireless technologies to provide rescue teams with a common operational picture and real-time situational awareness. Using cloud technology, SITACO offers its users a continuously updated situational picture of the crisis area. Using web-based mapping tools, standardised tactical and military symbols, our software can be interfaced to existing law enforcement and emergency operations management systems as well as military solutions. Due to the integration of the SAPIENT protocoll, this platform can also be used as a C2 system to show data and available tasks of detectors, effectors and sensors, which are used to create drone awareness and C-UAS scenarios.",info@m4com.de,+49 7553 917510,https://www.m4com.de,"Forsthof 1, 88682, Salem, Germany",Salem,https://www.linkedin.com/company/m4com/
Magnum Europe,9 - 9-400,"Products built to last the distance, to withstand the toughest conditionsFor the persistent, the dedicated, the braveThe ones that can take a blowFor the strongest people we know",info@highdemandbrands.eu,+32 13 67 01 01,https://www.highdemandbrands.eu/en,"Ambachtsstraat 15, 3980, Tessenderlo, Belgium",Tessenderlo,https://www.linkedin.com/company/high-demand-brands
MAGPUL,10.0 - 10.0-527,,info@magpul.com,+1.512.770-9050,https://www.magpul.com,"5408 US HWY 290 West, 78735, Austin, United States",Austin,
MAHA SE & Co. KG,7A - 7A-731,"MAHA SE & Co. KG is one of the world’s leading manufacturers of workshop and vehicle inspection equipment. As a company with an international outlook, MAHA operates two production sites in Germany and the USA and a global sales and service network in over 150 countries. The company employs a total of more than 1,000 staff worldwide and generates sales of approximately 150 million EUR.",maha@maha.de,+49 8374 5850,https://www.maha.de,"Hoyen 20, 87490, Haldenwang, Germany",Haldenwang,https://www.linkedin.com/company/8609130/
Mahavir SpinFab Pvt. Ltd.,6 - 6-150,,us@msfgroup.in,+91 96161 22900,https://www.mahavirspinfab.com,"G-16 59/132 A Old Dal Mandi, 208001, Kanpur, India",Kanpur,
Makefast Hardware,7 - 7-142,"Makefast Ltd has been established since 1974 and is a UK-based manufacturer of metal and plastic hardware. Specialising in stainless steel, Makefast has been a leader in the marine safety sector for 50 years. Exhibiting at Enforce TAC for the first time, we will showcase our complete range of buckles, adjusters, hooks, and ancillary equipment. We design and manufacture products primarily in stainless steel and plastics, but we can also offer other materials on request. Many of our products have been developed in collaboration with our customers. Our buckle range is extensive and offers solutions for most applications. Our Sales and Design Departments are always available to assist with special designs or inquiries. Many of our products are accredited to the Lifejacket Standard EN ISO 12402-7:2006/FprA1:2010, and all such products are clearly marked to show this standard. Quality is a top priority for us, and we are ISO 9001:2015 certified (Certificate FM 60306). Continuous improvement is at the core of our company philosophy. As an experienced Exporter, Makefast Ltd currently exports to over 60 countries per year.",sales@makefast.com,+44 1686 629010,https://www.makefast.com,"Unit 31 Mochdre Industrial Est, SY16 4LE, Newtown, United Kingdom",Newtown,https://www.linkedin.com/showcase/makefasthardware/
Maktel Makina ve Tel Sanayi A.S. / Spring Producer,12.0 - 12.0-154,"Since 1971Leading Brand in the Spring Manufacturing IndustryMaktel, which was founded in 1971, has about 50 years of knowledge and experience. Our facility is built on 20.000m2 open and 5.200m2 closed area,160 Spring Making Machines,More than 160 professional team workers,Over 1.000 costumers worldwideMWho Are WeMaktel Inc. established on year 1971 and has an experience over 50 years in the sector. Maktel Inc; Distance information about the working area of springs, cycle life expectancy, corrosion resistance requirements, ambient high/low temperature operation etc. to various sectors such as Defense industry, Aerospace, White Goods, Medical, Automotive, Energy, Electronics. offers R & D support with its team of highly experienced employees. Our facility is located in Maltepe, Istanbul, on open area of 18,000 m⊃2; and closed area of 7200 m⊃2; It has approximately 160 spring winding machines, 70% of which are CNC. We are improving ourselves and our technology day by day to serve you with our current 168 employees in 2024. It also includes state-of-the-art raw Materials Testing Devices, Spring Force Devices, Measurement Devices and Ascott Corrosion Test Device. Types of Springs;Compression Springs,Extension Springs,Springs for Rifles & Pistol,Torsion Springs,Form Springs from WireForm, Springs from Flat Wire & Strip,Piston Ring Springs,Hose Clamps",senemy@maktel.com.tr,+90 216 561 45 80,https://www.maktel.com.tr,"Büyükbakkalköy Mh. Maltepe No7, 34858, Istanbul, Turkey",Istanbul,
MALINA Safety s.r.o.,9 - 9-270,,marketing@malina-safety.cz,+420 799 110 589,https://www.clean-air.cz,"Lucni 1391/11, 46601, Jablonec nad Nisou, Czechia",Jablonec nad Nisou,
Mantis,12.0 - 12.0-501,,sales@mantisx.com,+1.630.730-0599,https://www.mantisx.com,"2270 US Highway 30, 60543, Oswego, United States",Oswego,
maraneo GmbH,9 - 9-300,The maraneo m2 advanced is an underwater propulsion system for professional divers. Fatigue-free propulsion with a possible thrust >42kg is chieved by thigh-mounted thrusters that keep the diver's hands free for other operations. The intuitive control via body movements and is learned within a few minutes.,andreas.stevens@maraneo.com,+49(0)23460141616,https://www.maraneo-professional.com,"Lothringer Allee 2, 44805, Bochum, Germany",Bochum,https://de.linkedin.com/company/maraneo-gmbh
Marathon Targets GmbH,11.0 - 11.0-217,"Autonomous robots address a fundamental training gap: the firsttime soldiers or officers fire live ammunition at a realistic moving target isin a firefight. MARATHON eliminates this fatal gap with AI-driven,armored, autonomous robots that look, move, and even behavelike people and vehicles. The use of robots promotes precision application of fire required to engage realistic human and vehicletargets. Marathon Targets are available for rental or procurement.",nate.whelan@marathon-targets.com,+49 160 8306942,https://www.marathon-targets.com,"Rhönstr. 3, 97453, Schonungen, Germany",Schonungen,
Marlow Ropes Ltd,7 - 7-859,"Marlow Ropes is a leading british-made rope manufacturer and global supplier of defence and military fibre rope solutions. With a history dating back over 200 years and as the original Fast Rope pioneers, Marlow has a strong reputation for the innovation of insertion and extraction systems, abseil and military vehicle fibre rope solutions.",sales@marlowropes.com,+44(0)1323.444444,https://www.marlowropes.com,"Diplocks Way Industrial Estate, BN27 3GU, Hailsham, United Kingdom",Hailsham,https://www.linkedin.com/company/marlowropes
Marom Dolphin Ltd,7 - 7-622,"Marom Dolphin - Beyond Limits For over 30 years, Marom Dolphin has delivered battle-proven tactical gear innovation to militaries, law enforcement, the private sector, and individuals worldwide. Our products are built to push the boundaries of performance, reflecting a deep understanding of the modern battlefield and the balance between functionality, survivability, and comfort. Global track record We are proud to be the choice of militaries, law enforcement, and private companies across the globe who put their trust in Marom Dolphin in mapping threats, defining needs and providing innovative solutions that address the complexities of modern warfare. Our past performance highlights include: The NATO standard VOSS system for the Netherlands Army Forces Marom X tactical camera for the GSG 9 German Federal Police tactical unit The first integrated K1 level stab protection ballistic armor and three-piece clothing set for the German Police Rhineland-Pfalz region Equipping European militaries with the Wild Goose our Infantry Modular Robotic System (IMRS) Female plate carriers for the IDF and undisclosed European armed forces Innovation driven by experience At Marom Dolphin, we are positioned at the intersection of end-user and supplier, with first-hand field experience in some of the most complex and recent warzones. Our extensive military backgrounds and active participation in current operations as reserves enable us to develop solutions for the continuously evolving arena, anticipating threats beyond those known today. Staying close to the frontlines drives our innovation and accelerated our path to Technology Readiness Level 9, achieved in a fraction of the industry standard. Unique combination of disciplines Our approach integrates expertise in ergonomics, robotics, ballistics, and advanced materials, all centered around the needs of the modern soldier. This unique combination serves as a platform for developing solutions that empower operators to go beyond limits, pushing the boundaries of performance in speed, accuracy, durability, and survivability. International Standards ISO 9001:2015 for Quality Management Systems ISO 14001 for Environmental Management System NIJ 0101.06 Standard for Ballistic Protection Flagshup Solutions Micro Fusion - The 3-in-1 Load Carriage Solution Optimizes weight distribution between shoulders and waist The core of the Marom Dolphin connectivity ecosystem Marom X - Operational Documentation Camera, Another Set of Eyes, Day & Night Mounted on the helmet, riffle, or on a remote extension 4G live video streaming to command & control The Dolphin - Ballistic Load Carriage Vest, Built to Protect & Save, in Battle & Water Removable CO2-activated flotation chamber (310 N), securely fitted under protective layers Automatic & manual flotation mechanism activation Wild Goose - Infantry Robotics Redefined Versatile mission support, designed to address a wide range of operational challenges Engineered to transport heavy loads across all terrains, including dense urban environments Innovative engineering, burden-free, maintenance-free",info@marom-dolphin.com,+972 4-640-0797,https://www.marom-dolphin.com,"Alon Tavor Industrial Zone, 1811101, Afula, Israel",Afula,
MARS Armor Ltd.,7 - 7-673,"MARS Armor ® is a leading manufacturer of high quality body armor for law enforcement, military and government worldwide.Production of full range configuration of ballistic vests including tactical, military, covert, overt, lady’s, VIP, floatation, and special modelsLight demining suitBallistic helmetsBullet proof inserts, ballistic shields, HAP and SAP.",web@marsarmor.com,+359 2 439 9088,https://www.marsarmor.com/,"2 Poleto, Industrial Zone, 2230, Kostinbrod, Bulgaria",Kostinbrod,https://www.linkedin.com/company/2059609/admin/feed/posts/
Marton Mills,8 - 8-216,"Based in Yorkshire, Marton Mills has been weaving fabric for ceremonial military uniforms for many decades. We are honoured to be producing the highest quality fabrics to the most prestigious military tailors in the UK and overseas. Our mission is to ensure those serving their country can wear their uniform with pride.",enquiries@martonmills.co.uk,+44 113 284 3364,https://martonmills.com/,"Marton Mills, LS21 1TA, Otley, United Kingdom",Otley,https://www.linkedin.com/company/marton-mills-co-ltd
MASKPOL S.A.,6 - 6-242,"Protective Equipment Company MASKPOL SA, part of the Polish Armaments Group, is a leading manufacturer in the defence industry, with modern research facilities and the latest production technologies. The company designs and manufactures ballistic protection products: helmets and bulletproof vests; chemical protection products: gas masks, protective clothing and decontamination equipment, as well as preventive protection products. Our main customers are the army, the police, the border guards and other uniformed services. Our products ensure the highest level of protection and are characterised by high ergonomics. Moreover, our products are continuously modernised so that they can meet the expectations and requirements of the users.",biuro@maskpol.com.pl,+48 34 310 94 16,https://www.maskpol.com.pl,"Konieczki, 42-140, Panki, Poland",Panki,
MATEI CONF GRUP SRL,6 - 6-431,,bogdan.bostina@mateiconfgrup.ro,+40 731 022 107,https://www.mateiconfgrup.ro,"Soseaua industriilor 251, 137388, Ghergani, Romania",Ghergani,
Materna Virtual Solution GmbH,8 - 8-202,,mail@virtual-solution.com,+49(0)89309057-0,https://www.virtual-solution.com/,"Mühldorfstraße 8, 81671, München, Germany",München,https://www.linkedin.com/company/materna-virtual-solution
Max Fuchs AG,6 - 6-436,"Max Fuchs AG is one of Europe’s leading wholesalers for clothing and equipment in the fields of outdoor, military, camping and surplus. Founded in 1981 by Max Fuchs in Bavarian Hinterschmiding, we have established as a wholesale company over the past 40 years. With the pursuit of providing high-quality products at a reasonable price, a range of products has developed which is designed for all types of outdoor activities and serves all customers setting store on an excellent price-performance ratio. We have established as a high-quality manufacturer of textiles and equipment items with our brands “MFH”, “MFH-Professional”, “Pure Trash” and “Fox Outdoor” and have been delivering several thousand customers worldwide for many years. We offer retailers the right product for any activity and demand with our wide product range. The portfolio comprises over 10000 different products, of which half are genuine military surplus items. With over 35000 square meters of warehouse space and an optimized process chain, orders can be dispatched within a few days. Due to continuous quality controls reaching from purchasing to manufacturing or shipment, a consistent high quality is guaranteed.",info@max-fuchs.de,+49 8551 96200,https://www.max-fuchs.de,"Industriestraße 1, 94078, Freyung, Germany",Freyung,https://www.linkedin.com/company/max-fuchs-ag/
Maxim Defense Industries,12.0 - 12.0-562,,info@maximdefense.com,+1 239-580-7800,https://www.maximdefense.com,"1265 Kuhn Dr. Ste 100, MN 56301, St Cloud, United States",St Cloud,
MAXXeGUARD Data Safety BV,6 - 6-208,"MAXXeGUARD company provides the only high security hard disk shredder of its kind. With minimum noise, MAXXeGUARD easily destroys hard disks (hard drives) up to the highest security levels as well as other digital data carriers like SSDs, LTOs, USBs, CDs, PDAs etc. With the MAXXeGUARD, you can vary the cut length from 70 – 1 mm. This allows you to choose the correct cut length for each product type and in accordance with the security classification of the stored data (classified / non-classified). The MAXXeGUARD was specifically designed to respond to the 3 principal criteria of destruction, being: Capable to meet the highest security standards For use in any office environment to avoid the risk of transporting your sensitive data outside the premises Provide real traceability of destruction",email@willemsmit.nl,+31(0)252.682444,https://www.maxxeguard.com,"Rietschar 24, 8607KH, Sneek, Netherlands",Sneek,https://www.linkedin.com/company/maxxeguard-data-safety/
MBDA Deutschland GmbH,7A - 7A-334,,marketing@mbda-systems.de,+49 8252 99 8814,https://www.mbda-deutschland.de,"Hagenauer Forst 27, 86529, Schrobenhausen, Germany",Schrobenhausen,https://de.linkedin.com/company/mbda-deutschland
Mechanix Wear,7 - 7-222,"Our commitment to anatomical design, industry leading material technology and rigorous testing standards has made us the preferred choice of service members around the world. Moving forward, we will build on that trust by continuing to look beyond conventional ideas in an effort to innovate the most advanced protection for working hands ever. We are proud to be celebrating 35 years of Trusted Protection.",malonso@mechanix.com,+34 936 28 22 00,https://www.mechanix.com,"Calle Diputacion, 256 2-2, 08007, Barcelona, Spain",Barcelona,https://www.linkedin.com/company/mechanix-wear/
medika medizintechnik gmbh Hof,9 - 9-124,,info@medika.de,+49 171 6757911,https://www.medika.de,"Suedring 84, 95032, Hof, Germany",Hof,
MEHLER ENGINEERED PRODUCTS GMBH,7 - 7-869,,sabrina.heil@mehler-ep.com,+49 661 103350,https://www.mehler-ep.com,"Edelzeller Str. 44, 36043, Fulda, Germany",Fulda,
Mehler Systems,7 - 7-628,"Mehler Systems comprises a group of globally active companies dedicated to manufacturing exceptional protection and tactical-gear solutions for law enforcement and military forces. Within the Mehler Systems group, each brand excels in its specialized domain. Mehler Protection, renowned for its commitment to dependable body and platform armour solutions, provides cutting-edge protective gear tailored for diverse operational needs. UF PRO, acknowledged as an industry expert, specializes in creating and producing top-tier tactical clothing. Their clothing incorporates innovative design and advanced materials to ensure optimal performance in the field. Lindnerhof, another integral member of the group, stands out for its pioneering carrying solutions. Their designs, born from real battlefield experiences, offer efficient and ergonomic solutions for the transport and organization of equipment. Over the past four decades, we have grown to become a global market leader known for our ability to innovate and consistently set new standards. Our comprehensive approach to designing, engineering, and manufacturing products is meticulously managed within our group. This encompasses every step from initial analysis and design, the prototyping, the development, the rigorous testing, the entire solution process right on through to timely delivery. Our commitment to excellence and customer satisfaction drives our continuous pursuit of advancements in protection and tactical-gear solutions. - For more information about Mehler Protection visit: https://mehler-protection.com/ - For more information about Lindnerhof visit: https://www.lindnerhof-taktik.de - For more information about UF PRO visit: https://ufpro.com",info@mehler-systems.com,+49 661 103 555,https://mehler-systems.com,"Edelzeller Straße 51, 36043, Fulda, Germany",Fulda,https://www.linkedin.com/company/mehler-systems/
Meier-Medizintechnik GmbH,7 - 7-520,"Meier-Medizintechnik GmbH – High-Tech, Hands-On and Tactical Medicine Meier-Medizintechnik GmbH is your established competence center for tactical operational medicine and rescue equipment. We offer more than just products; we drive innovation. We take a proactive approach, working closely with our partners and suppliers to develop new solutions for complex mission scenarios. Highlights & Live Demos: From Rescue to Care This year, we are demonstrating the modern rescue chain in action: Evacuation & Care: We are presenting the Ziesel (UGV CasEvac) for rapid, unmanned casualty evacuation, alongside our CTS (mobile treatment unit), designed to ensure flexible medical care in secure environments. Hands-On Training: Regarding consumables, our focus this year is on M (Massive Bleeding) and A (Airway). Test your wound management skills directly on our wound packing trainer. Action & Simulation: Things are getting loud! Test mechanical door breaching live with Holmatro. Additionally, Hensoldt is showcasing the future of training with Simulated Tactical Combat Casualty Care-XR, powered by Extended Reality. Our Partners at the Booth A strong network for your safety. We are lighting the way: XPLights is new to our portfolio. We are also pleased to feature MEQU and Holmatro directly at our booth for the first time this year. Naturally, our long-standing partners will also be on site: PAX, SAM Medical®, Safeguard Medical® (including H&H Medical, Persy Medical®, First Care Products, Prometheus Medical®), CELOX® Medical, nextRESCUE®, IVF Hartmann, Corpuls, Weinmann, ZOLL Medical, and Kärcher Futuretech. Visit us to experience the quality of our new emergency backpacks, transport systems, and hemorrhage control products firsthand. Meier-Medizintechnik GmbH – We develop safety.",info@meier-medizintechnik.de,+49(0)5704 167-301,https://www.meier-medizintechnik.de,"Friedewalder Str. 22, 32469, Petershagen, Germany",Petershagen,https://www.linkedin.com/company/94200066/
Meindl,7 - 7-474,,shoes@meindl.de,+49(0)8685.7709-0,https://www.meindl.de,"Lukas-Meindl-Straße 5 - 9, 83417, Kirchanschöring, Germany",Kirchanschöring,
Messer Waffenhandel und Sicherheitsgesellschaft mbH,7A - 7A-313,"Messer Waffenhandel & Sicherheitsgesellschaft mbH, based in the historic Hassia Factory in Offenbach am Main since 2018, stands for expertise, reliability and innovative strength within the governmental and military security sector. Our young, highly qualified team brings together specialists from across the security industry – each field is overseen by recognised experts with substantial hands‑on experience. Supported by an international network of carefully selected manufacturers and technology partners, we continuously monitor global markets and identify forward‑looking solutions with precision. Our ambition is to think deliberately beyond established standards and to integrate exactly those products and systems that serve those who bear responsibility for security. On this basis, we develop tailored, mission‑oriented system solutions that deliver demonstrable added value. Short decision‑making paths, high flexibility and consistently practice‑driven implementation define our way of working. We operate as structured as necessary and as dynamic as possible. Service, consultancy and execution always follow the principle of maximising value for our clients. As a one‑stop shop, we act, among other roles, as the general importer for selected international weapons and equipment manufacturers, and we cooperate with a broad portfolio of renowned defence and technology companies from Switzerland, the United States, Israel and other European countries. At Enforce Tac 2026, we present ourselves as a capable and dependable partner for government agencies, armed forces and security‑relevant organisations – from individual components to fully integrated system solutions. Our Brands and Partners Genesis Arms IWI – Israel Weapon Industries LTD. WarQ MEPROLIGHT (1990) LTD. Marom Dolphin Ltd. Camero-Tech Ltd. Manta Defense Holsterwerk GmbH Supergum Trango Systems Blue Force Gear Watershed S&S Precision Gatorz Crye Precision Princeton Tec Silynx Kore Essentials SLNT Fibrotex Alien Gear",info@waffenhandelmesser.de,+49(0)69.890090-41,https://www.waffenhandelmesser.de,"Christian-Pless-Straße 11-13, 63069, Offenbach, Germany",Offenbach,
Meyer & Meyer Holding SE & Co. KG,7 - 7-129,"As a specialist in transport, warehousing and integrated value-added services, Meyer & Meyer offers the best logistics solution for individual requirements with its WKS textile competence centre. With more than 1,400 employees, the company is one of the leading textile logistics experts and a growth partner for automotive and consumer goods in Germany, Europe and North Africa. Meyer & Meyer's partners in the defence and rescue sector benefit from consistent quality, traceability and security of supply along the entire value chain: reliable, auditable and innovative logistics solutions. These form the starting point for the strategic growth of our customers.",bplantholt@meyermeyer.com,+49 541 9585613,https://www.meyermeyer.com,"Hettlicher Masch 15/17, 49084, Osnabrück, Germany",Osnabrück,https://www.linkedin.com/company/meyermeyer-fashionlogistik
Micropol Fiberoptic GmbH,9 - 9-201,"Micropol is a Swedish manufacturer of communication solutions based on fiber optics. Serving defense organizations and solution providers, Micropol meets the highest standards for quality and performance. Established in 1988, Micropol is internationally renowned as a technology leader and innovator in secure tactical communication and critical infrastructure solutions. Micropol has production and headquarter in Sweden with sales offices in Germany, the U.K and USA.",info@micropol.com,+49 1511 0018316,https://www.micropol.com,"Stockholmer Platz 1 ePLAZA office center, 70173, Stuttgart, Germany",Stuttgart,https://se.linkedin.com/company/micropol-fiberoptic
microtec Sicherheitstechnik GmbH,9 - 9-613,,enforcetac26@microtec-online.de,+49 6126 560770,https://www.microtec-online.de,"Auf der Langwies 20, 65510, Hünstetten, Germany",Hünstetten,
Milliken & Company,8 - 8-212,"Milliken & Company is a key partner and trusted manufacturer of high-performance technical textiles to European defense and police personnel and other organizations around the world. Our responsibility as a military uniform supplier makes our primary mission clear: To develop and engineer protection for soldiers, police, and security personnel who wear our products daily. Many of our military technologies are patented and proprietary to Milliken — increasing protection levels while also providing enhanced comfort, moisture management, and wearability. We have a long history working with international military leaders, police forces, state, local, and federal agencies, and we know how to handle complex procurement processes. For your military and defense textile needs, Milliken should be your first stop.",textiles@milliken.com,+1 864 503 2020,https://www.milliken.com/en-us/businesses/textile/government-and-defense,"920 Milliken Road, 29303, Spartanburg, United States",Spartanburg,https://www.linkedin.com/company/millikentextiles/
Ming Chi University of Technology,7A - 7A-205,,joyang@mail.mcut.edu.tw,+886 921 874 071,https://www.mcut.edu.tw,"No. 84, Gongzhuan Rd., Taishan Dist, 243303, New Taipei City, Taiwan",New Taipei City,
MK Technology GmbH,7 - 7-564,,info@mktechnology.de,+49(0)2351.9592-0,https://www.mktechnology.eu,"Auf dem Schüffel 15, 58513, Lüdenscheid, Germany",Lüdenscheid,
MKS Ophir,11.0 - 11.0-222,"Leader in Advanced Infrared Optics for Critical Missions MKS Ophir Optics is a leading developer and manufacturer of advanced infrared thermal-imaging optics for mission-critical defense, law-enforcement, and security applications. For nearly five decades, the company has supported EO/IR systems that enhance situational awareness, force protection, and operational effectiveness across land, air, maritime, and unmanned platforms. Dual-Site Expertise Ensuring Innovation and Production Resilience Our dual-site structure provides both engineering depth and production resilience. R&D activities are led from Israel, where multidisciplinary teams specialize in optical design, materials engineering, thin-film coatings, mechanical development, and sensor-integration support. Complementing this, our European manufacturing site in Bucharest, Romania—located in a NATO member state—delivers high-volume production with secure supply chains and full lifecycle traceability. The facility, expanded in 2024 to approximately 6,500 sqm, integrates CNC machining, diamond turning, coating, metrology, and cleanroom assembly, and operates under AS9100, ISO 9001, and MIL-standards compliant processes. Comprehensive IR Ophitcs Capabilities for Diverse Mission Needs MKS Ophir’s capabilities span the full EO/IR spectrum, covering LWIR, MWIR, SWIR, and NIR. Our portfolio includes rugged long-range zoom lenses, multi-FOV systems, compact low-SWaP solutions, and custom Build-to-Spec assemblies designed for reliable performance under shock, vibration, thermal gradients, and harsh operational environments—all aligned with MIL-STD durability and environmental requirements. These optics support a wide range of mission profiles, including unmanned platforms, driver-vision enhancement, weapon stations, perimeter security, border surveillance, and C-UAS sensors requiring long-range detection and fast response. Precision Components for Advanced Sensing and Directed-Energy Applications Beyond imaging optics, we also manufacture precision components for advanced sensing and directed-energy applications, including laser-grade mirrors, domes, windows, reflective elements, and freeform optics engineered for high thermal stability, wavefront integrity, and elevated laser-damage thresholds, capabilities increasingly relevant to emerging European defense requirements. Collaborative Engineering for System-Level Excellence All products are developed through a collaborative engineering process that aligns optical performance with system-level requierments. Close cooperation with global defense OEMs ensures that our optics meet operational needs across modern multi-domain environments. Secure, Scalable, and Resilient Optical Solutions With end-to-end in-house manufacturing, rigorous QA practices, and a strong industrial base within both Israel and Europe, MKS Ophir Optics provides secure, scalable, high-performance optical solutions that support next-generation defense readiness and enhance the operational capabilities of users across Europe.",MKTG@mksinst.com,+972 2-548-4444,https://www.ophiropt.com/infrared-optics,"Hartum 6 st., 9777506, Jerusalem, Israel",Jerusalem,https://il.linkedin.com/company/ophiroptics
MKU Limited,7 - 7-456,"MKU is a global defense technology company on a mission to empower heroes. We are a leading manufacturer of smart soldier and platform solutions that deliver confidence to the military, paramilitary, homeland security, police, and special forces in challenging situations. Smart functionality, design and technologies are the foundations on which all our solutions are designed, developed and manufactured to ensure nothing but the best is delivered to the heroes. We strive to empower heroes who stand in the line of duty to ensure our safety and security. Our operations are based in India, Germany, Brazil & UAE. We have provided solutions to over 3 million soldiers and 3000+ platforms across 230 forces till date.",ankit.prajapati@mku.com,+91.512.710270,https://www.mku.com,"13, Gandhi Gram, 208007, Kanpur, India",Kanpur,https://www.linkedin.com/company/mku
MLA Tactical Solutions Ltd,9 - 9-657,,simon@mlaltd.co.uk,+44 1759 318557,,"The Guildhall Coney Street, YO1 9QL, York, United Kingdom",York,
MLV,6 - 6-350,,info@mlv-tactical.com,+45.93911908,https://mlv-tactical.com,"Kalbyvej 32, 4684, Holmegaard, Denmark",Holmegaard,
MoG - Masters of Gloves,7 - 7-116,"Masters of Gloves (MoG) designs and manufactures tactical gloves for professional use (defence, law enforcement, special forces, security) and are available through a retail network or developed for projects/tenders.",mog@moggloves.com,+32 (0)56 94 68 99,https://www.moggloves.com,"Mortierhoekstraat 8A, 8520, Kuurne, Belgium",Kuurne,
"MOHOC, Inc.",9 - 9-228,"MOHOC creates tactical helmet cameras for military, law enforcement, and first responders worldwide. With models for video recording and real-time video streaming, MOHOC® Cameras enhance both situational awareness and after-action review.",info@mohoc.com,+1 208-806-1391,https://www.mohoc.com,"PO Box 10087, 98110, Bainbridge Island, United States",Bainbridge Island,
MOIRA,7 - 7-721,"We know what we have been doing for more than 30 years. We are changing the standards of functional clothing and pushing them further. We never stop looking for ways to keep polar explorers, athletes or soldiers dry and warm. Beyond the Arctic Circle, during sports performance or in demanding deployments, our clothes can handle any situation and will not disappoint under any circumstances. We know what we are doing. We are MOIRA.",vlckova.marcela@moira.cz,+420 608 608 500,https://www.moira.cz,"Antala Staska 114/20, 140 00, Prague, Czechia",Prague,
MS SAFETY GmbH / X-Shut,7 - 7-775,,enforcetac@ms-safety.com,+49 6227 899410,https://www.x-shut.com,"Albert-Einstein-Straße 7, 69190, Walldorf, Germany",Walldorf,
MSS DEFENCE,9 - 9-203,"MSS Defence is a globally operating defence solutions provider, specializing in mission-critical products, technologies, and services for military, law enforcement, and security forces. Established in 2009 and headquartered in the Netherlands, the company offers a comprehensive portfolio ranging from personal protection and tactical gear to advanced communication systems and force protection solutions. MSS Defence collaborates with leading manufacturers and acts as a trusted partner, delivering high-quality, field-tested solutions to enhance operational effectiveness. The company also provides consultancy, training, and integration support to ensure optimal deployment and performance of its products.",info@mssdefence.com,+31 6 21592129,https://www.mssdefence.com,"Honderdland 201, 2676LV, Maasdijk, Netherlands",Maasdijk,https://www.linkedin.com/company/mss-group
Natalia AD,8 - 8-302,,kolev@natalia-sz.com,+359 42 263 137,https://www.natalia-sz.com,"173 Tzar Simeon Veliki Blvd, 6000, Stara Zagora, Bulgaria",Stara Zagora,
National Air Cargo (Deutschland) GmbH,9 - 9-625,"Our company mission! We aim to provide value-added end-to-end solutions, maximize client satisfaction and become a world-class logistics integrator with cutting-edge technology and innovative processes. To support our customers achieve above-market returns and serve as a strategic partner to manage their supply chains. We offer on-demand and industry specific solutions in Defense Logistics, Air Freight Forwarding, Ocean Freight, Multimodal Transport, Humanitarian Aid, 3rd Part Logistics, Warehousing, Customs Brokerage and Ground Handling Support Services. National’s own fleet of six B747-400F aircraft along with a host of accessible fleets, global partner airline network, and our 24*7 operations and tracking systems makes us a preferred choice for industry leaders. Our global operational networks, sustainable industry partnerships, unique business capabilities and specialized teams have been effectively serving the interests of various Government organizations, defense departments, international aid agencies, aerospace assemblers, automotive manufactures, e-Commerce conglomerates, pharmaceutical companies, FMCG producers, and many Entertainment & Event groups around the world.",shackbusch@nationalaircargo.com,+49 172 6880747,https://www.gonational.com,"Cargo City Süd, Gebäude 537F, 60549, Frankfurt am Main, Germany",Frankfurt am Main,https://www.linkedin.com/company/national-aircargo/posts/?feedView=all
Neuman Aluminium Fließpresswerk GmbH,12.0 - 12.0-140,,romana.gramm@neuman.at,+43(0)2762 500-693,https://www.neuman.at,"Werkstraße 1, 3182, Marktl im Traisental, Austria",Marktl im Traisental,https://www.linkedin.com/search/results/all/?heroEntityKey=urn%3Ali%3Aorganization%3A107327156&keywords=NEUMAN%20ALUMINIUM%20IMPACT%20EXTRUSION&origin=ENTITY_SEARCH_HOME_HISTORY&sid=OL2
Newco Safety Technologies GmbH,10.0 - 10.0-116,"70 years of competence. Three generations - leading in cooperations as shareholders and managing partners Newco Safety Technologies reached successfully the international market within a network of competence and is the pyrotechnic partner for special forces, police, armies worldwide and civilian institutions, with high reputation by providing budgetary, effective and safe solutions. NST has its Headquarter and the German production facilities in the surroundings of Hamburg - Trittau, Kiel and internationally in Abu Dhabi, U.A.E.. NST is certified under ISO 9001:2015 and MIL Standards for development, production, handling and sales and works in accordance with the REACH regulations for use of chemicals. The company provides a centre of competence in a netlab environment with international connectivity, develops and manufactures for general market demand, custom made solutions and participates in public tenders for human protection and realistic training. The NST classic line product range: Signal & Camouflage Smokes, Irritating & Diversion Flash Bangs, Illumination & Tracing Flares.",management@newcosafety.com,+49(0)40.22868899-0,https://www.newcosafety.com,"Bei der Feuerwerkerei 1, 22946, Trittau, Germany",Trittau,
Newcon Optik,11.0 - 11.0-303,,newconsales@newcon-optik.com,+1.416.663-6963,https://www.newcon-optik.com,"105 Sparks Avenue, M2H 2S5, Toronto, Canada",Toronto,
NEXTORCH Deutschland GmbH,7 - 7-442,"NEXTORCH - a company with high commitment, innovative spirit and ingenious products. NEXTORCH was founded in 2005 and has been developing at a breathtaking pace ever since. The great success of the NEXTORCH company is due to the high customer satisfaction, excellent quality and an outstanding price-performance ratio. NEXTORCH is the holder of over 140 patents for its products and has received numerous international awards for outstanding inventions. NEXTORCH has even received the prestigious Red Dot Award several times. NEXTORCH specializes in the development and manufacture of products for the protection of people and objects. As an equipment supplier to the German armed forces, police and security authorities, NEXTORCH stands for capability-oriented innovations and repeatedly sets technical standards. The broad portfolio for effective total solutions makes NEXTORCH a strong partner - especially when it comes to customized solutions.",email@nextorch.de,+49(0)2129 916390,https://www.nextorch.de,"Dieselstraße 12, 42781, Haan, Germany",Haan,
NFM AS / Hexonia GmbH,7 - 7-420,"The Group consists of two divisions: NFM and NOR Development Group. NFM Group is a leading supplier of personal protection equipment across Europe, as well as growing business opportunities in key markets in other regions. This is done through a series of subsidiaries, which focus on different aspects of our operation.",,+47 64 85 14 00,https://nfmgroup.no/,"Glynitveien 15, 1400, Ski, Norway",Ski,https://www.linkedin.com/company/nfmgroup/
Night Heron,7 - 7-860,"Night Heron was founded in 2020 by veterans of the Israeli Special Forces community. Specializing in development, design and manufacture of cutting-edge tactical gear and garments.We utilize the highest quality materials which our experts meticulously pick and test from all over the world, in order to bring our end users the best possible products.",info@nightherongear.com,,https://www.nightherongear.com,Israel,,https://il.linkedin.com/company/night-heron-gear?trk=ppro_cprof
Nightsearcher Lichttechnik GmbH,9 - 9-167,"NightSearcher continues to lead the way in portable and rechargeable LED lighting. Since 1989, we’ve been committed to advancing lighting and power technologies, designing high-performance solutions that professionals across the globe rely on every day. From rugged handheld torches to high-powered floodlights, our products areengineered to deliver durability, reliability, and precision in the most demanding environments. Whether you’re operating on industrial worksites, in emergency response zones, or in the rail and automotive sectors, NightSearcher provides dependable lighting built to meet real-world challenges. With over three decades of expertise, we’ve earned the confidence of leading organisations, including the Police, Fire & Rescue, the Armed Forces, Utility providers, and more. Our long-standing heritage and Commitment to product development ensure we stay ahead, bringing smarter, more sustainabletechnologies to market that support evolving industry needs. We recognise the growing demand for environmentally conscious alternatives. That’s why our portfolio increasingly focuses on zero-emission, zero-noise solutions. Designed to support the global response to climate change without compromising on performance or reliability.",bogna@nightsearcher.co.uk,+49 2822 6023110,https://www.nightsearcher-lichttechnik.de,"Stadtweide 17, 46446, Emmerich am Rhein, Germany",Emmerich am Rhein,https://www.linkedin.com/company/nightsearcher-limited/
Nordic Pocket Saw,7 - 7-652,"We are a Swedish-based company specializing in hand-powered chainsaws, multi-tools, and foldable saws. Compact, lightweight, and highly effective, our products are designed for demanding environments and are ideal for survival kits, vehicles, and field equipment. Nordic Pocket Saw tools provide reliable cutting capability for obstacle clearance, general field use, and a wide range of outdoor and preparedness applications.",,,https://www.nordicpocketsaw.com,Sweden,,
Nordrest Holding AB,6 - 6-171,,guy.garborg@nordrest.se,+46 72 733 63 06,https://www.nordrest.se/vara-tjanster/special-foods-division/,"Evenemangsgatan 31, 169 79, Solna, Sweden",Solna,
NORDRIDE AG,7 - 7-183,"NORDRIDE is a Swiss pioneer in mobile LED lighting. Since 2005 we have been offering professional and innovative lighting solutions, from flashlights to area illumination. Through our active exchange with end customers, sales partners and the LED industry, we ensure that we can offer individual products for demanding applications.The quality and functionality of our products is always our top priority and will not leave you in the dark. We look forward to meeting you at ENFORCE TAC!",info@nordride.ch,+41 41 448 41 93,https://www.nordride.ch,"Hostattstrasse 3, 6375, Beckenried, Switzerland",Beckenried,
NORTH STARS OPTICS LTD.,10.0 - 10.0-526,,tonylan@opteckmfg.com,+1 778-223-1030,https://www.opteckmfg.com,"6135 Garrison Court, V7C5S2, Richmond, Canada",Richmond,
NOVOFLEX Präzisionstechnik GmbH,10.0 - 10.0-615,,info@novoflex.com,+49 8331 94990,https://www.novoflex.com,"Brahmsstraße 7, 87700, Memmingen, Germany",Memmingen,
"NT Service, UAB",7 - 7-768,,vilnius@rtp.lt,+370.5.2685222,https://ntservice.eu/,"Ateities rd. 34, 52165, Kaunas, Lithuania",Kaunas,https://www.linkedin.com/company/nt-service-uab
NUNATAK TEKNIK TEKSTIL A.S.,7 - 7-734,"Nunatak Technical Textile and Foreign Trade Inc. Nunatak Technical Textile and Foreign Trade Inc. began its commercial operations in 1994 by producing Türkiye’s first sleeping bag and has since continued its activities as a pioneering manufacturer specialized in technical textiles and a trusted distributor of internationally recognized outdoor/tactical brands. Since its establishment, our company has adopted the principles of quality, durability, functionality and sustainability, designing and manufacturing its products to perform reliably under demanding natural and operational conditions. It contributes to strengthening domestic production while making global outdoor/tactical standards accessible in Türkiye. With our expertise in technical textiles and our strong R&D-focused approach, we offer a wide range of products including sleeping bags, tents, cold-weather clothing, outdoor equipment, military and tactical technical textile products and search and rescue gear. Our products are continuously improved based on user feedback and real-world field experience and are manufactured to meet the highest standards of performance, durability and comfort. Headquartered in Ankara, our company has office, warehouse and production infrastructure in Ankara, while our sales, marketing, wholesale and retail operations are managed from our office, showroom and retail store in Istanbul. Through our nationwide dealer network and solution partners, we serve individual users, public institutions and international customers. Operating with respect for nature, sustainability and responsibility, our company extends product life and reduces environmental impact through comprehensive after-sales support and repair services. By maintaining our identity as a manufacturer, distributor and retailer, we continue to strengthen our leading position in technical textiles and remain committed to delivering reliable, innovative and high-performance solutions to our users.",info@nunatak.com.tr,+90 312 4401821,https://www.nunatak.com.tr,"39/2, Asagi Ovecler Mah. 1324 Sok., 06460, Ankara, Turkey",Ankara,https://www.linkedin.com/company/nunatak-teknik-tekstil-vedis-ticaret-as
Nurol Teknoloji,9 - 9-460,"Nurol Teknoloji is one of the Nurol Holding Group of Companies established in 2008 to produce advanced technical ballistic ceramics. Since the day it was established, it has prioritized research and development, and has made significant progress in product development studies even by developing and producing the high temperature sinter furnaces required for production infrastructure. In the past years, it has continued the journey it started with advanced technical ceramics, together with ballistic solutions. In addition to Alumina, Silicon Carbide and Boron Carbide Ceramic production, Tungsten Carbide ceramics, which are used in the civilian area, take their place among the Nurol Teknoloji ceramic product range. Nurol Teknoloji produces advanced technical ballistic ceramics and hybrid ballistic protective armor solutions that are needed by all friendly and allied countries in the world, particularly by the Turkish Security Forces, under a single roof in three production facilities located in Ankara/Turkey. As the only advanced technical ballistic ceramic producer of Turkey, Nurol Teknoloji has made the mark of Turkey among the few countries in the world that can produce Boron Carbide ceramics thanks to the Boron Carbide ceramics that it produces with the processes it has developed. We are one of the world’s leading platform ballistic solution manufacturers who is using ballistic ceramics that we produce by our self. Our target customers in this field are; land, sea and air platform manufacturers. We provide their platform armor needs of all levels in the lightest and most cost-effective way. With its machine park, qualified human resources, quality infrastructure, accredited ballistic laboratories and accredited R&D center; the ballistic solutions that it has specially created for the needs of its customers in the fields of personal protection, land vehicle protection, air vehicle protection, naval vessels protection and structural protection are used with full confidence by the security forces both in our country and in various countries of the world.",info@nurolteknoloji.com,+90.312.6155511,https://www.nurolteknoloji.com,"Ogulbey mahallesi 3060 cadde no:5, 06830, ankara, Turkey",ankara,https://www.linkedin.com/company/nurolteknoloji/
NVLS,10.0 - 10.0-515,"NVLS is globally recognized for its expertise in advanced wide field-of-view night vision goggles, delivering the visual superiority defense and security forces need to operate with confidence in the dark.For decades, NVLS has driven innovation in night vision goggle innovation; designing, engineering and manufacturing systems that integrate high-performance image intensifier technology and meet the strict operational requirements of today’s military and security units.Deployed in frontline operations across multiple regions, NVLS solutions provide enhanced situational awareness, improved mobility and the assurance operators require to make decisive decisions in complex, low-light environments. In Europe, they are widely adopted as standard equipment by national defense and security organizations.At the forefront of its portfolio, NVLS offers lightweight binocular NVGs for fixed- and rotary-wing aircraft, multifunction combat monoculars, panoramic and driving NVGs for close-combat mobility, thermal weapon sights covering a wide range of calibers and compact laser rangefinders delivering a comprehensive suite of mission-ready optronic capabilities.As part of Exosens, the European leader in electro-optical technologies with more than 85 years of expertise, NVLS benefits from large-scale production capacity, advanced sensor developments and a global support network, strengthening its position as a trusted provider for defense and security forces worldwide.With more than 12 years of international deployment, NVLS systems are field-tested, combat-validated and operationally proven across NATO countries, Latin America and Asia, demonstrating consistent performance in diverse and demanding environments.NVLS operates under ISO 9001:2008 and AQAP/PECAL 2130 standards, enabling seamless compliance with international defense procurement requirements and ensuring unrestricted deployment in multinational operations.To further enhance operational readiness, NVLS provides expert technical assessments across all optronic domains, along with specialized training for both Repair and Maintenance Operations (RMO) and tactical use, ensuring operators and maintainers can achieve maximum capability from every system.",monica.cespedes@nvlspain.com,+34 913 810 600,https://www.nvls.es/,"Calle Aragoneses 3 Bis, 28108, Alcobendas (Madrid), Spain",Alcobendas (Madrid),https://www.linkedin.com/company/nightvision-lasers-spain-sl/
NYA-EVO / ILLUME DESIGNS BV,6 - 6-130,,jensen@nya-evo.com,+32 477 31 61 06,https://www.nya-evo.com,"Ijzerenpoortkaai 3, 2000, Antwerp, Belgium",Antwerp,
Oakley,7 - 7-524,"Oakley SI - develops safety glasses with unique, new technologies and unbeatable optical purity and quality.",,,,Germany,,
Oceania Defence,10.0 - 10.0-528,"Oceania Defence is licenced and controlled by the UK government/DIT to deal in the below products: • Small & Medium Arms Calibre’s • Small Arms & Related Spare Parts • EOD Equipment & Related Products • Weapon Accessories & Related Products • Day & Night Weapon Sighting Devices • Riot Control Equipment• Training System • Range System Equipment • Sky Dive Equipment & Accessories • Non-Lethal Equipment • Ammunition Our trusted relationship supply links across the EU and Internationally position us perfectly to supply and fulfil product requirements for foreign and national, police, military, and governments. Because of the nature of the products that we supply and the type of suppliers and end users that we deal with, our web site only shows UK civilian products for sale. This is an intentional policy to protect our suppliers, clients and staff mitigating the risk to all parties.",philip@odefence.com,+44.783.6336467,https://www.oceaniadefence.co.uk,"22 fabian road, SW6 7TZ, London, United Kingdom",London,
Odin Group Ltd,7 - 7-256,"In an ever-changing world where new threats constantly emerge, a select few stand ready to defend our way of life. In a world where failure is not an option and compromise is a threat ODIN was born.Founded in 2008, ODIN was built with a single mission:To supply military and law enforcement professionals at home and across allied nations with uncompromising tactical gear. Not just good gear. The best. Tested, proven, and battle-ready.We don’t manufacture illusions. We source and supply what works from trusted brands around the world. Gear that has earned its reputation under pressure, in the harshest environments, and in life-or-death moments.And when off-the-shelf isn’t enough? We build it ourselves.ODIN proudly designs and manufactures advanced load-carry systems right here in the UK, engineered for operational efficiency, custom-fit to mission-specific needs, and rigorously tested by those who depend on them.Built for endurance. Built for performance. Built for the field.From body armour and loadouts to optics, tools, and cutting-edge apparel — ODIN is where innovation meets reliability. Every product in our line-up is vetted by professionals, for professionals.If it doesn’t meet operational standards, it doesn’t carry the ODIN name.Our clients are not consumers.They are operators. Officers. Protectors — those who shoulder the burden of risk so others don’t have to.And they need gear that performs without question.",andy@odin.co.uk,01830520714,https://www.odin.co.uk,"Norse Park, NE19 1LP, Otterburn, United Kingdom",Otterburn,
ODM GmbH,7 - 7-744,"ODM GmbH offers a wide range of solutions precisely tailored to the dynamic requirements of military, law enforcement and public safety worldwide. As a provider of communication and reconnaissance technology, we specialize in developing products that meet the individual requirements of our customers. links.odm-gmbh.com",produkte@odm-gmbh.com,+49 6356 9621 134,https://www.odm-gmbh.com,"Hettenleidelheimer Straße 2A, 67319, Wattenheim, Germany",Wattenheim,https://www.linkedin.com/company/odm-gmbh
ODU GmbH & Co. KG Steckverbindungssysteme,9 - 9-543,"The ODU Group is one of the world’s leading suppliers of connector systems, employing 2,800 people around the world. In addition to its company headquarters in Muehldorf a. Inn (Germany), ODU also has an international distribution network, production and product development sites in Sibiu / Romania, Shanghai / China, Tijuana / Mexico and Camarillo / USA. ODU combines all relevant areas of expertise and key technologies including design and development, machine tooling and special machine construction, injection, stamping, turning, surface technology, assembly and cable assembly. The ODU Group sells its products globally through its sales offices in Austria, China, Denmark, France, Germany, Hong Kong, Italy, Japan, Korea, Sweden, UK and the US, as well as through numerous international sales partners. ODU connectors ensure a reliable transmission of power, signals, data and media for a variety of demanding applications including medical technology, military and security, automotive, industrial electronics, and test and measurement.",sales@odu.de,+49 8631 61560,https://odu-connectors.com,"Pregelstraße 11, 84453, Mühldorf a. Inn, Germany",Mühldorf a. Inn,https://www.linkedin.com/company/odu-connectors
OLTEKS LLC,7 - 7-480,"Ukrainian manufacturer of uniform and special clothing. Olteks company produces tactical shirts and pants, wind and waterproof clothes, fire retardant garments, combat shirts, jackets, fleece jackets, thermal underwear, tactical socks. We offer a full production cycle: design, patterns development, fabric and trims supplying, production, labeling and packing, delivery; if necessary, we customize fabric/trims and styles.",olteksinfo@gmail.com,+380 44 545 7030,https://www.olteks.com,"49a Sadova Street, Building 12, 02132, Kyiv, Ukraine",Kyiv,https://www.linkedin.com/company/olteks-export/?viewAsMember=true
"Omniteksas,UAB",6 - 6-133,,deimante@omniteksasfabrics.lt,+370 612 50782,https://www.omniteksas.eu,"Brastos g.5, 47184, Kaunas, Lithuania",Kaunas,
Openland Tactical SRL,7 - 7-245,"Openland Tactical SRL, a leading company in the military equipment and accessories sector, founded in 2016, our mission is to analyze and respond to market needs, always ensuring high standards of quality, efficiency and timeliness. Vision and Values• Quality: We are committed to offering excellent products, supported by attentive and available customer service. Customersatisfaction is our top priority.• Efficiency: We aim to satisfy every request quickly and accurately, maintaining high standards of service at every stage of theprocess.• Timing: We ensure punctual deliveries to build lasting relationships of trust with our business partners.Core BusinessOur core business focuses on the marketing of a wide range of military equipment and accessories, including: • Technical clothing• Amphibians and specialist footwear• Tactical accessories• Bags and backpacks• Accessory products for professional and tactical useTarget CustomersWe serve a wide range of customers, including:• All the Armed Forces on Italian territory• Shops specialized in the military and outdoor sector Recognitions and CertificationsOpenland Tactical SRL boasts the ISO 9001:2015 Certification and we are recognized by the Ministry of Defense as NATO supplierswith the NCAGE code AQ131. In 2023, we obtained the R.N.I. code 00984, which further strengthens our credibility inthe sector. Our active presence on MEPA is evidence of our commitment to meeting the needs of different categoriesthrough successful supplies over the years.Innovation and DevelopmentIn the last two years, we have dedicated ourselves to the research and development of ballistic plates with our brand, introducing Level 3 ZERO TRAUMA certified products to the market. We are currently in the process of being certified for Level 4 ZERO TRAUMA,demonstrating our continuous innovation.Openland Tactical is committed to maintaining an always updated offer, in line with market dynamics and the needs of ourcustomers. Thanks to our B2B dedicated to retailers and our two warehouses, we are able to quickly satisfy all therequests of institutions and retailers.",info@openlandtactical.com,+39 0434 551292,https://www.nerg.it,"Via Barcis 1/E, 33170, Pordenone, Italy",Pordenone,
Operator XR,11.0 - 11.0-221,"Operator XR was formed by a passionate group of special forces soldiers and specialized engineers with a deep understanding of operational environments and complexities. Operator XR systems enable Military personnel and Law Enforcement Officers to train operational tactics and procedures within a portable, virtual reality environment. Complimenting existing training methods, the virtual reality system allows end users to train more often, leading to increased preparedness across a broad range of scenarios centred on de-escalation tactics, use of force decision making, and operational procedures. The system has been developed in house from the ground up, using the latest innovations in immersive technology.",info@operatorxr.com,+65 8381 8588,https://operatorxr.com/,"106 Old Pittwater Road Suite 2A, 2100, Brookvale, Australia",Brookvale,https://www.linkedin.com/company/operatorxr
OPTO-MST Sensoren und Systeme GmbH,12.0 - 12.0-120,"We specialise in the Development and Production of Laser-Detection, -Reconnaissance and Tracking Systems. Due to our unique situation, we are able to provide our customers with unbeatable benefits. Discover our wide range of solutions that impress with their first-class quality and customer focus.",info@opto-mst.vision,+49 361 6632430,https://opto-mst.vision,"Konrad-Zuse-Straße 14, 99099, Erfurt, Germany",Erfurt,https://www.linkedin.com/company/opto-mst-sensoren-und-systeme-gmbh/
Orasio SAS,6 - 6-156,,alexis.renucci@orasio.com,+33 6 21 47 70 11,https://www.orasio.com/,"11. Rue Galvani, 75017, Paris, France",Paris,
OSMAR BUCKLE LTD.,7 - 7-772,,info@osmarbuckle.com,+886 912 556 787,https://www.osmarbuckle.com,"No 13, Shanjiao Ln., Waipu Dist.,, 438, TAICHUNG, Taiwan",TAICHUNG,
Otis Technology,10.0 - 10.0-523,"Otis Technology is known for manufacturing the most advanced firearms maintenance systems. The superior Breech-to-Muzzle® design combined with unmatched quality has positioned Otis as the gun care system of choice with the US Military, Hunters, Shooters and Law Enforcement professionals worldwide. Made in the USA, Otis Technology is AMERICA’S GUN CARE.",kwilcox@otistec.com,+1 315-348-4300,https://otistec.com/,"6987 Laura Street, 13368, Lyons Falls, United States",Lyons Falls,https://www.linkedin.com/company/otis-technology/
Otto Ganter GmbH & Co. KG,8 - 8-113,"Founded in 1894 as a mechanical workshop, Ganter introduced the first standard parts catalog already in1912 – five years before the establishment of the Deutsche Industrie Norm (DIN). The idea of standardizing industrial products, manufacturing them in economical batch sizes, storing them and selling them individually was completely new at the time. To this day, this principle is the keystone of company policy which ensures maximum customer benefit thanks to high availability and state-of-the-art manufacturing processes.",info@ganternorm.com,+49 7723 65070,https://www.ganternorm.com,"Triberger Straße 3, 78120, Furtwangen, Germany",Furtwangen,https://www.linkedin.com/company/otto-ganter-gmbh-&-co-kg/
outer-limits GMBH,7 - 7-841,,office@outer-limits.at,+43 664 1018089,https://www.outer-limits.at,"Wiener Straße 60, 7400, Oberwart, Austria",Oberwart,
P.R. PLASTIC SRL,7 - 7-579,"P.R. PLASTIC is a manufacturer company specialized, since 1994, in the design and production of MADE IN ITALY thermoplastic accessories such as buckles, sliders, ladderlocks, cordstoppers, D-rings, in different materials and colours (included I.R. colours); we have a large stock and guarantee a fast production lead time.",commerciale@prplastic.it,+39 030 685 7125,https://www.prplastic.it,"21/23 Via Generale Reverberi, 25050, Passirano, Italy",Passirano,https://it.linkedin.com/company/prplastic
Pack Innova GmbH,6 - 6-468,,info@packinnova.de,+49 6252 9668520,https://www.packinnova.de,"Von-Siemens-Straße 1, 64646, Heppenheim, Germany",Heppenheim,
Panaro Srl,10.0 - 10.0-509,,sales@panarocases.com,+39.059.793340,https://www.panarocases.com,"Via delle Scienze 313, 41058, Vignola, Italy",Vignola,https://www.linkedin.com/company/panaro-srl/
Panasonic Connect Europe GmbH TOUGHBOOK,7A - 7A-601,"Panasonic TOUGHBOOK offers fully ruggedized laptops and tablets, ready for deployment and tested for reliability and durability to military standards (MIL-STD 810G) and IP65/IP66. Our COTS-based devices are the ideal tool for any mission in the defense sector. Thanks to bright outdoor displays with glove mode, exceptionally long battery life, and hot-swap capabilities, they guarantee uninterrupted 24/7 operation. Modular customization options, such as integrated custom military ports and interfaces, encrypted SSDs, and a wide range of accessories, vehicle docking, and carrying solutions, make them the perfect companion. TOUGHBOOK devices are available with Windows and are also certified for Red Hat Enterprise Linux.",info@eu.panasonic.com,+49 611 2350,https://www.toughbook.de,"Hagenauer Straße 43, 65203, Wiesbaden, Germany",Wiesbaden,https://www.linkedin.com/company/panasonic-toughbook
"PANGRIM CO., LTD.",9 - 9-160,,psj@pangrim.com,+82 2-2085-2383,https://www.pangrim.com,"18F, 402 World Cup buk-ro, Mapo-gu, 03925, Seoul, South Korea",Seoul,
patch-werk,6 - 6-110,"Since 2011, patch-werk has stood for high-quality morale patches, badges and custom rubber designs – all produced in-house, without intermediaries. For you, this means fast, direct and uncomplicated processes. We combine quality, creativity and short production routes – whether for small quantities or large series. This is how an idea turns into a real eye-catcher people love to wear. Our customers trust us. Our patches are used worldwide, among others by: Soldiers & authorities Paintball & airsoft players Teams & clubs Companies & event organizers Whether as identification badges, team patches, event giveaways or merchandise – our products create identity and leave a lasting impression. Why patch-werk? In-house production – no middlemen Fast and uncomplicated production processes Individual designs & custom manufacturing Small quantities & series production possible Durable materials & proprietary Velcro backings Personal consultation on equal terms",info@patch-werk.com,+49 6182 8202988,https://www.patch-werk.com,"Brentanostraße 9, 63500, Seligenstadt, Germany",Seligenstadt,
Paxis LTD,8 - 8-312,,info@paxisceramics.com,+972 4-958-1050,https://www.paxisceramics.com,"Sderot Tefen 5, 2495900, Migdal Tefen, Israel",Migdal Tefen,
PBN Coatings / Cerakote Europa,12.0 - 12.0-547,"Over four decades ago, in 1984, we laid the foundations for our company with a modest paint shop north of Hamburg. In 2005, we reached an important milestone when we brought the innovative technology of Cerakote Ceramic coatings to our customers in Europe. This state-of-the-art coating not only offers exceptional durability and resistance, but also enables an impressive variety of colours and surface effects. Our pursuit of excellence and commitment to excellence was rewarded in 2008 when we were appointed as the European distributor for all NIC Industries Cerakote Ceramic products. This partnership has enabled us to offer our customers access to an even wider range of high quality coating solutions.With the increasing demand for our Cerakote Ceramic coatings, we began offering training courses for our customers in 2015. These training courses enable our customers to realise the full potential of our products and further develop their application and design skills.Another milestone in our success story was our appointment as the exclusive distributor for the NIC painting robot in Europe in 2019. This state-of-the-art technology has enabled our customers to benefit from more efficient and precise coating processes that increase their productivity and quality. Cerakote is used in the defence industry for several reasons: Corrosion protection: Cerakote provides excellent protection against corrosion. This is particularly important for weapons and other equipment that are often exposed to extreme environmental conditions, including moisture, dirt, salt and other corrosive substances. Abrasion resistance: Cerakote coating significantly improves the abrasion resistance of surfaces, which is crucial for weapons and equipment that are exposed to frequent use and heavy wear without the coating chipping or wearing off. Camouflage and aesthetic enhancements: Cerakote is available in a variety of colours and can be used to camouflage or aesthetically customise equipment. This is particularly important for military applications where camouflage plays a crucial role. Heat resistance: Cerakote also offers good heat resistance, making it ideal for weapons and other equipment that may be exposed to high temperatures, such as in prolonged firing sequences or in high ambient temperature environments. Chemical resistance: Cerakote coating provides protection against a wide range of chemicals that can be found in military and defence environments, including cleaning agents, solvents and other potentially harmful substances.",info@pbncoatings.de,+49 4106 6414121,https://www.cerakote.de,"Borsigkehre 6, 25451, Quickborn, Germany",Quickborn,https://www.linkedin.com/company/37101616/admin/dashboard/
Peli Products,10.0 - 10.0-219,"PELI Products is the global leader in the design and manufacture of high-performance protective case solutions and advanced portable lighting systems. Used by professionals in the most demanding markets, our products are designed and manufactured to last a lifetime. At ENFORCE TAC, Peli will also present its latest offering of tactical flashlights and rechargeable, fully portable remote area lighting systems.",info@peli.com,+49(0)211.8824-2401,https://www.peli.com,"Neudorfer Straße 285c, 09474, Crottendorf, Germany",Crottendorf,https://www.linkedin.com/company/peli_products/
PENTAGON® TACTICAL,7 - 7-243,"Pentagon Tactical is a trusted force in professional tactical and operational equipment, delivering advanced gear and apparel engineered for real-world performance. Every product is purpose-built to meet the rigorous demands of law enforcement and military personnel operating in high-risk, high-pressure environments where reliability is non-negotiable. Driven by innovation and precision engineering, our solutions combine mission-focused design, proven durability, and uncompromising functionality. From operational readiness to sustained field performance, Pentagon Tactical equips professionals with gear that performs when it matters most. Recognized for technical excellence and practical innovation, Pentagon Tactical provides dependable, field-tested solutions for modern security forces — empowering those who protect, serve, and operate at the highest level.",support@pentagon.com.gr,+30.2310.552844,https://www.pentagon-tactical.com/,"Lordou Vironos 3 Street, 57009, Thessaloniki, Greece",Thessaloniki,https://gr.linkedin.com/company/pentagon-tactical
Perfect Fit,6 - 6-128,,bmarden@perfectfitusa.com,+1 207-465-6208,https://perfectfitusa.com/,"42 Stetson Rd, 04928, Corinna, United States",Corinna,
Permabond Engineering Adhesives GmbH c/o Stümpges & Partner GmbH,6 - 6-154,,info.europe@permabond.com,+49 800 1013177,https://www.permabond.com,"Niederkasseler Lohweg 18, 40547, Düsseldorf, Germany",Düsseldorf,
PGD - Protection Group Denmark,7 - 7-729,"Since 2013 we have been supplying frontline professionals with high quality body armor and ballistic helmets to protect those who protect us. Protection Group Danmark manufactures and sells high-quality bulletproof and stab-proof vests, bulletproof helmets, hard armor plates and other ballistic equipment. To make the best possible quality at a price where everyone can participate We design and produce all of our protective gear within Denmark and across Europe. This localized production ensures that every ballistic product benefits from the high standards of European craftsmanship and stringent quality controls. By keeping production close to home, we can handle and closely monitor every single step of the production chain, starting from material selection to the final assembly and finish and deliver and follow-up with customers. This commitment to European production not only supports local industries but also guarantees that customers receive products that are both reliable and made with the utmost precision. Protection Group Denmark is ISO 9001:2015 certified. The certification reflects a commitment to quality management, ensuring consistent excellence in our processes, products, and customer satisfaction at every step.",contact@protectiongroup.dk,+45 60 54 25 83,https://protectiongroupdenmark.com/,"Messingvej 13, 8940, Randers SV, Denmark",Randers SV,https://www.linkedin.com/company/protectiongroupdenmark/
Phantomleaf Textiles GmbH,7 - 7-159,,rick.vanes@phantomleaf-textiles.com,+41 79 431 87 56,,"Magnusstrasse 3, 8739, Rieden, Switzerland",Rieden,
Phytec Messtechnik GmbH,6 - 6-301,"PHYTEC is a leading global developer and manufacturer of embedded systems. Headquartered and manufacturing in Mainz, Germany, we have been producing embedded computer modules and complete systems for the most demanding requirements for almost 40 years. Military grade for over 20 years Robust systems for industry (approx. 15% defense) Production and development in Germany Resilient supply chain Owner-managed company with investment grade rating",contact@phytec.de,+49 6131 92210,https://www.phytec.de,"Barcelona-Allee 1, 55129, Mainz, Germany",Mainz,https://linkedin.com/company/phytec-messtechnik-gmbh
Pinnecke & Engelhardt GmbH,11.0 - 11.0-321,"As a renowned German shooting target manufacturer, Pinnecke & Engelhardt GmbH has been producing and supplying shooting targets, combat targets, and forms for the police, Bundeswehr, authorities, and security services since the 1950s. With in-house production ""Made in Germany"" and the use of various printing processes, the company can print and process various materials such as plastic, wood, and cardboard according to customer preferences. In addition to targets for public sector clients, the company also offers all common targets and unique customizations. Trust the expertise of a traditional company, also in terms of accessories. Our range is diverse and includes, for example, gun oils, cleaning materials, shooting mats, adhesive patches, and more. By the way, wooden products such as shooting tables, support stands, target frames, and more are also available from us",info@pue.de,+49 531 236290,https://www.pue-schiessscheiben.de/,"Christian-Pommer-Straße 48, 38112, Braunschweig, Germany",Braunschweig,
Plasmateria GmbH,12.0 - 12.0-132,,bernhard.kohlhauser@plasmateria.com,+43 660 2123551,https://www.plasmateria.com,"Lemböckgasse 49/1/B/EG, 1230, Wien, Austria",Wien,https://www.linkedin.com/company/plasmateria
PLATH GmbH & Co. KG,7 - 7-817,"PLATH GmbH & Co. KG is an internationally active provider of integrated systems for data-driven crisis prevention based in Hamburg. Our innovative portfolio covers the entire reconnaissance cycle and has proven itself in strategic and tactical operations worldwide. As a family-run company with 70 years of industry experience, we support our customers in fulfilling their security mission.",henriette.brueser@plath.de,+49 40 23734266,https://www.plath.de,"Gotenstraße 18, 20097, Hamburg, Germany",Hamburg,https://www.linkedin.com/company/plath-gmbh-co-kg/
"PLESIUM, SL",7A - 7A-107,,orubira@gmsplesium.com,+34 607 11 19 23,https://www.gmsplesium.com,"Carretera Montmelo 68, 08403, Granollers, Spain",Granollers,
Pltech SA,9 - 9-342,,pl@pltech.fr,+33 6 40 36 31 61,https://www.pirateeye.net,"16 Rue Arago, 83310, Cogolin, France",Cogolin,
POL-TEC GmbH & Co. KG,12.0 - 12.0-511,,info@pol-tec.de,+49(0)911.569.222-0,https://www.pol-tec.de,"Siegelsdorfer Straße 32a, 90768, Fürth, Germany",Fürth,https://www.linkedin.com/company/pol-tec-gmbh-co-kg/
Polar Apex - Dominator,8 - 8-420,,info@polarapex.fi,+358 50 3303373,https://www.polarapex.fi,"Ruukintie 3, 02330, Espoo, Finland",Espoo,
Politas Europe,6 - 6-224,,einkauf@politas.eu,+49 7741 6973950,https://politas.eu,"Daimlerstraße 16, 79761, Waldshut-Tiengen, Germany",Waldshut-Tiengen,
Polytec GmbH,12.0 - 12.0-118,"With almost 500 employees worldwide, Polytec develops, produces and distributes optical measurement technology solutions for research and industry. Our headquarters are located in Waldbronn, Germany. We also have subsidiaries in the USA, England, France, Japan, Singapore and China. Polytec started selling electro-optical and IR test systems more than 50 years ago. The focus of the trade fair is on electro-optical measurement technology such as laser and laser rangefinder test systems, missile warning test systems, optical target and boresight testing as well as blackbody emitters, collimators, radiometers and spectroradiometers. The company will also be exhibiting multi-sensor test systems for sensors and cameras in the UV-VIS-IR range and measurement technology for digital image correlation for 3D deformation measurement (on rifle barrels as an example) as a further focus of the trade fair. Polytec develops and manufactures high-quality measuring systems for analysing vibration, length, speed and surface topography. The company is the market leader for non-contact, laser-based vibration and velocity measuring devices. It also specialises in the manufacture of optical spectrometer systems and components for various applications in process analytics. The distribution business is based on a broad portfolio: In addition to the above-mentioned electro-optical measurement technology, the company offers UV and IR sources and measurement systems, special cameras and 3D measurement solutions, fibre optic measurement technology for sensor and telecommunications applications, coating thickness measurement solutions as well as photovoltaic and semiconductor measurement technology.",info@polytec.de,+49 7243 6040,https://www.polytec.com,"Polytec-Platz 1-7, 76337, Waldbronn, Germany",Waldbronn,https://www.linkedin.com/company/polytec
Polytronic International AG,11.0 - 11.0-313,,info@polytronic.ch,+41 56 675 99 11,https://www.polytronic.ch,"Pilatusstraße 12, 5630, Muri, Switzerland",Muri,
Potti Corp EU B.V.,6 - 6-123,"European Distributor of Unique Health & Safety Products Potti Corp. EU provides mobile sanitaion for the crews in highly fluid environments. They provide a lean, sanitary, hygiene alternative for both men and women. Light weight, well thought out design, means portability, ease of use and quick deployment.”",j.vandijk@potticorp.eu,+31(0)610.416139,https://www.potticorp.eu,"Thorbeckewal 23, 8011WB, Zwolle, Netherlands",Zwolle,https://www.linkedin.com/company/13985662/admin/dashboard/
"Powertac LLC, Inc.",6 - 6-300,,info@powertac.com,+1 919-239-4470,https://www.powertac.com,"3702 Alliance Dr. Ste C, 27407, Greensboro, United States",Greensboro,
Prabos plus a.s.,7 - 7-650,"Czech manufacturer with tradition since 1860. We produce shoes for soldiers, police officers, prison services and other uniformed professions. Manufacturer and supplier of shoes for the Bundeswehr.",obchod@prabos.cz,+420.577.303-302,https://www.prabos.cz,"Komenskeho 9, 763 21, Slavicin, Czechia",Slavicin,
PREDILNICA LITIJA D.O.O.,9 - 9-172,,mateja.cvikl@litija.com,+386 1 899 02 07,https://www.litija.com,"Kidriceva Cesta 1, 1270, Litija, Slovenia",Litija,
Price Western Leather Company Ltd.,9 - 9-158,,info@pwluk.com,+44 643705071,https://www.pwluk.com,"Vennland Way, Ponsford Road, TA24 5DX, Minehead, Somerset, United Kingdom","Minehead, Somerset",
PRIMUS-SILVA SWEDEN AB,7 - 7-657,,support@primus-silva.com,+46 8 623 43 00,https://silvasweden.com,"Mariehällsvägen 37 A, SE-168 65, Bromma, Sweden",Bromma,
Princeton Tec,9 - 9-230,,info@princetontec.com,+1.800.257-9080,https://www.princetontec.com,United States,,
Pro-Systems Spa,7 - 7-482,"Pro-Systems produces advanced composites and ballistic/stab protection solutions. A thorough R&D dept. and the internally certified laboratory, undertake providing the highest industry standards. Company is certified UNI EN ISO 9001 and EN 9100 (Quality systems for defense, aeronautics, and aerospace) to guarantee technical excellence and durability.",pro-systems@pro-systems.it,+39 0331 576887,https://www.pro-systems.it,"Via al Corbè 63/65, 22076, Mozzate, Italy",Mozzate,https://www.linkedin.com/company/prosystemsspa
ProApto,8 - 8-214,"ProApto is an Irish company providing the widest worldwide selection of individual multispectral camouflage (VIS-NIR-TIR), ranging from 3D Ghillie suits to 2D thermal camouflage solutions.",orders@proapto-camouflage.com,,https://www.proapto-camouflage.com,Ireland,,https://www.linkedin.com/company/proapto/
Profile Equipment,6 - 6-308,"Profile Equipment is a leading provider of equipment and services to military and law enforcement agencies. We understand the unique challenges and demands faced by these organizations, and we are committed to providing the highest-quality equipment and services to meet their needs. Our product line includes a wide range of tactical gear, weapons, and other essential equipment, all designed to help our military and law enforcement customers perform their duties effectively and safely. We also offer comprehensive training and support services to ensure that our customers have the knowledge and skills they need to operate their equipment to its full potential. With a focus on innovation, reliability, and customer satisfaction, Profile Equipment is the trusted choice of military and law enforcement agencies worldwide.",info@profile-equipment.com,+31(0)168.471828,https://www.profile-equipment.com,"Steenpad 13, 4797 SG, Willemstad, Netherlands",Willemstad,https://nl.linkedin.com/company/profile-equipment
ProLux Systemtechnik GmbH & Co.KG,7 - 7-563,,info@prolux.de,+49 7304 96950,https://www.prolux.de,"Am Schinderwasen 7, 89134, Blaustein, Germany",Blaustein,
Proreta Tactical GmbH,7A - 7A-345,,info@proreta-tactical.com,+49 2602 9192580,https://www.proreta-tactical.com,"An der Schüttenwiese 1, 56412, Boden, Germany",Boden,
PROTECOP,6 - 6-348,,protecop@protecop.com,+33 6 24 10 22 66,https://www.protecop.com,"Route de Thiberville-BP 104 BP 104, 27300, Bernay, France",Bernay,
PROTECTILE,12.0 - 12.0-112,manufacturer of lesslethal bullets,office@lesslethal-protectile.com,+43(0)1.3688449-0,https://www.lesslethal-protectile.com,"Heiligenstädter Straße 67, 1190, Wien, Austria",Wien,
PROTEQ bodygear,7 - 7-214,,info@proteqbodygear.com,+49(0)5924.9999799,https://www.proteqbodygear.com,"Luxemburger Straße 11, 48455, Bad Bentheim, Germany",Bad Bentheim,
"Prototypa-ZM, s.r.o.",6 - 6-105,"The company Prototypa-ZM, s.r.o. was founded in the year 1993 through the separation of existing Arms and Ammunition Division from the parent state enterprise. The letters ""ZM"" in the name of the company are the abbreviation of Czech words ""Arms, Ammunition"". The company Prototypa-ZM, s.r.o. is a direct successor to world - wide known Czech arms and ammunition development and design centres, starting their business more than seventy years ago (e.g. Czech armouries in Brno and Strakonice). Main activities Ballistic Equipment for Testing of Cartridges Research, development and production of ballistic equipment for testing of the cartridges for hunting, sport or military weapons in accordance with the standards C.I.P., TP-VD, TPF, STANAG, MOPI, MIL, SAAMI etc. Measurement of chambre pressure, port pressure, action time, velocity and accuracy of cartridges. Ballistic Equipment for Testing of Weapons Testing of small arms and cannons at standard or worsening conditions. Measurement of recoil, rate of fire, velocity, and accuracy of weapons. Testing of protective materials in accordance with the standards STANAG 2920, AEP-55, NIJ 0101. Research, development and production of small arms, cannons and ammunition and mounting for weapons. Ballistic Equipment for Testing of Cartridges Design of measuring equipment for ballistic laboratories. Prototypa is a holder of the quality management system certificate EN ISO 9001:2016 and AQAP 2110 (research, development and production in the area of weapons, ammunition and engineering equipment) as well as a holder of NATO codification supplier code 0461G.",pzm@prototypa.cz,+420 544 501 800,https://www.prototypa.cz,"Hudcova 533/78c, 61200, Brno, Czechia",Brno,
PTO PolymerTechnik Ortrand GmbH,7 - 7-820,,info@pto-gmbh.com,+49 35755 5450,https://www.pto-gmbh.com,"Walkteichstraße 15, 01990, Ortrand, Germany",Ortrand,
Pulcra Chemicals GmbH,7 - 7-833,,rolf.poehlig@pulcrachem.com,+49 8171 628360,https://www.pulcrachem.com,"Isardamm 79-83, 82538, Geretsried, Germany",Geretsried,
Pulsar,11.0 - 11.0-204,"Pulsar is a global leader in high-performance thermal and night vision optics, trusted by hunters and outdoor professionals. Our mission is to develop cutting-edge technologies that enable people to see in challenging conditions, with a vision focused on technological innovation, social responsibility, and sustainability. For decades, Pulsar has advanced observation device s by combining innovative sensors, precision optics, and rugged design to create reliable, field-ready devices . Our products empower hunters to track game , monitor terrain, and make accurate decisions in every hunting scenario. Recognized for durability, accuracy, and intuitive usability, Pulsar optics are the preferred choice for serious hunting professionals .",support@pulsar-vision.com,,https://pulsarvision.com/,"Ateities g 21C, 06326, Vilnius, Lithuania",Vilnius,https://www.linkedin.com/company/yukon-advanced-optics-worldwide-pulsar
Quantum-Systems GmbH,7A - 7A-531,"Quantum Systems is at the forefront of AI-powered unmanned aerial intelligence. Our smart family of eVTOL systems, in combination with our robotized Drone Port, is designed for autonomous capturing of actionable data. Built on a foundation of in-house hardware, software, and AI developments, every facet of our systems is designed for ease of use through seamless modularity and interoperability. Our solution brings aerial intelligence to your fingertips, automating the entire process from deployment to data analysis. Featuring cutting-edge technology like onboard computing, edge AI sensing, and data fusion, Quantum Systems enables operators to focus on the gathered data. This way, we empower decision-making across security, defense, public safety, commercial, and GIS sectors.",info@quantum-systems.com,+49 8105 7709106,https://quantum-systems.com/,"Zeppelinstraße 18, 82205, Gilching, Germany",Gilching,https://www.linkedin.com/company/quantum-systems-gmbh/
QUICKSHIELD® by 100 LIFE GmbH,7 - 7-863,,admin@quickshield.at,+43 664 9716631,https://www.quickshield.at,"Losergasse 3, 6900, Bregenz, Austria",Bregenz,
Radiall GmbH,9 - 9-412,,babak.kazemian@radiall.com,+49 172 6298204,https://www.radiall.com,"Carl-Zeiss-Straße 10, 63322, Rödermark, Germany",Rödermark,
Radnik Auto Exports,9 - 9-477,"RADNIK group based in New Delhi, is a leading ISO 9001:2015 certified company with more than 50 years' of diverse experience in manufacturing and exporting active gear, protective textile, uniforms, extreme cold weather clothing, automotive textiles, ware housing textile solutions, parachutes and harnesses for world's most prestigious business houses, automotive industry and Military & Paramilitary Forces. We have more than 15 multi location facilities in Delhi NCR. More than 15000 workers working with us on direct company payroll.",contact@radnikauto.com,+91 98180 71102,https://www.radnikauto.com,"412, Ocean Building,, 110019, New Delhi, India",New Delhi,
Rafael Advanced Defense Systems Ltd.,10.0 - 10.0-125,,intl-mkt@rafael.co.il,+972 73-335-4714,https://www.rafael.co.il,"31021, Haifa, Israel",Haifa,
RAMP Global Technology GmbH,7 - 7-283,"Ramp act as Manufacturer’s Agents for a number of Technical product companies who specialize in Design, Production, Distribution and Supply of Plastic & Metal Fastener solutions to various International Industrial Market Segments. Ramp has particular expertise in the Defence Industry with a wide range of contacts in Europe at every level, From Senior Officers, to the Civil service and Tier 1 Manufacturers. Our main service is to support you on your standard and special requests. From initial networking & introductions to concept, to planning, developing, sourcing and production, we support you with our experience and international contacts and sourcing. Whatever your need we can put you in front of the right people at the right companies. We help you to find a wide range of products from many different product groups. SERVICES Engineered Plastic Buckles Metal Buckles made from Steel and Aluminum for various applications Specialty Safety Buckles Easy and Complex Assemblies. (Medical, Pets, Load Carrying and many more) Heavy Duty Assemblies used in Rescue and APC Vehicle Equipment Luggage Components, Wheels, Handles and much more Exclusive OEM Product Developments in above product categories",andreas@ramp-globaltec.de,+49(0)6183.807594,https://www.ramp-globaltec.com,"An den Römertürmen 4, 63543, Neuberg, Germany",Neuberg,https://www.linkedin.com/in/andreas-pless-79114745/
Rataj Sp. z o. o.,6 - 6-235,,biuro@securityshelters.pl,+48 513 034 665,https://securityshelters.pl/,"Poludniowa 8, 98-100, Lask, Poland",Lask,
RavenBelt GmbH,9 - 9-666,"I. Company background and professionalization 1. Development and Motivation Founded: March 2019 in Austria as RavenBelt e.U. by an active police officer. Motivation: Development of a superior tactical duty belt based on the founder's practical experience with the shortcomings and dissatisfaction of law enforcement officers. Conclusion: RavenBelt offers a practical, superior solution “by colleagues for colleagues.” 2. Current status and restructuring The company is in the process of transitioning from small-scale production to the professionally managed RavenBelt GmbH. • Professionalization: The transformation serves to capitalize and scale the processes for series production. • Team expansion: The founder is being joined by experienced experts: a manufacturing expert (series production), a lawyer (international structure/finance), and an experienced entrepreneur (market expansion). • Financing: The GmbH has more than enough capital to make the necessary investments and scale production for the future.",office@ravenbelt.com,+43(0)6601269503,https://www.ravenbelt.com,"Lobisserweg 18, 9551, Bodensdorf, Austria",Bodensdorf,
Rebstock Consulting GmbH & Co. KG,9 - 9-328,,marcel.moell@rebstockconsulting.de,+49 1515 7635282,https://rebstockconsulting.de/,"Maierhofstraße 23, 72461, Albstadt, Germany",Albstadt,
Recknagel GmbH & Co. KG,12.0 - 12.0-241,,info@recknagel.de,+49(0)9721.94810-0,https://www.recknagel.de,"Landwehr 4, 97493, Bergrheinfeld, Germany",Bergrheinfeld,
Recon Company,7 - 7-720,,info@recon-company.com,+49(0)5341.83344-0,https://www.recon-company.com,"Zuckerfabrik 2, 38259, Salzgitter Bad, Germany",Salzgitter Bad,
ReCover Tactical,11.0 - 11.0-422,"Recover Tactical products are designed by world renowned Israeli weaponsengineer and industrial designer Tamir Porat. Tamir has a long history of designing innovative weaponssystems including the new Tavor rifle used by the Israeli Defense Forces as well as other militaries andthe growing civilian markets around the world.Tamir has more than 15 years of experience in the defense industry, specializing within a wide range ofareas such as small arms, vehicles, and riot control. The values that guide his work are fresh visuallanguage, reliability and functionality, and we at Recover Tactical are committed to the higheststandards of performance, coupled with quality for the benefit of our customers.",office@recoverinnovations.com,+972 72-240-9154,https://www.recovertactical.com,"Road Kibuts Galuyot 34, 6655018, Tel Aviv, Israel",Tel Aviv,
Red Dot One s.r.o.,7 - 7-170,"At RED DOT ONE, our development team is driven by a constant pursuit of improvement. In every product, we focus on the details that truly matter—details that make a difference in combat and other demanding environments. We design our gear from the perspective of those who rely on it. Each element is created to enhance function, durability and performance ensuring our products deliver results. This is what makes RED DOT ONE a trusted name in tactical gear and equipment. 99% of our products are developed and manufactured in Europe. We work almost exclusively with European-made materials, allowing us to ensure consistent quality and reliability .",zizka@reddotone.com,+420 778 728 740,https://www.reddotone.com,"Svata Katerina 10, 34022, Chudenin, Czechia",Chudenin,
Regine IQtrim GmbH,7 - 7-182,"Regine IQtrim GmbH is a family-owned company with over 50 years of experience, specializing in reflective materials, heat transfers and ribbons/elastics . We offer innovative solutions that improve safety and visibility, particularly for protective clothing and workwear. Our products are designed to meet the highest standards of functionality and performance. In 2005, the company expanded its global presence by establishing a production facility in China, so that we can offer our services worldwide. Our key clients include companies in performance sportswear, childrenswear, workwear and of course in the apparel for law enforcement Our product range is divided into three main categories: IQseen™ – specialized solutions for retroreflective materials that provide superior visibility and safety. IQperform™ – functional trims, including flame-retardant transfers, offering additional protection where needed. IQlooks™ – decorative transfer prints that combine innovative design with advanced materials. With our expertise in reflective materials, we are the ideal partner for safety and protective clothing, including piping, labels, and other functional accessories.",tamara@regineiqtrim.com,+49 7432 907110,https://www.regineiqtrim.com,"Industriestraße 9, 72461, Albstadt, Germany",Albstadt,https://www.regineiqtrim.com/
Regulus,6 - 6-148,"Regulus Cyber is Israel-based and has been developing GNSS security-related technologies since 2016. Regulus’ main product family line is the RING C-UxS effector. Ring uniquely and effectively uses a combination of GNSS manipulation and RF jamming techniques. Ring is fully operational (TRL9) with hundreds of systems operationally deployed on a wide variety of platforms. Ring has dozens of confirmed combat kills of both aerial and maritime threats, with systems installed both as local tactical solutions and as a strategic long-range C-UxS system. Ring is effective against swarms, multi-direction attacks, dark drones, manually piloted drones, 4G/5G drones - without complex reverse-engineering of drone protocols, and with no whitelists' dependency. Ring is easily integrated with any existing C2 system, radar, or other sensor. Ring weighs less than 7 kilos and can be easily carried and operated by a single soldier.",yael@regulus.com,+972 52-487-8188,https://regulus.com/,"Nahum Het 5, 3508504, Haifa, Israel",Haifa,https://www.linkedin.com/company/regulus-cyber/
REICH GmbH - REICH MIM GmbH,12.0 - 12.0-148,"REICH GmbH and REICH MIM GmbH are experienced partners for high-precision components and bearing solutions in the defence sector. With decades of manufacturing expertise, a high degree of vertical integration and strictly controlled processes, we consistently meet the highest quality, reliability and safety standards. Our components are proven in challenging applications, ranging from land and air vehicles to critical safety systems. REICH stands for technical excellence, flexibility and collaborative partnerships throughout the entire value chain.",marco.straub@reich-gmbh.com,+49 9776 640,https://www.reich-gmbh.com/de/produkte/defence,"Industriestraße 1, 97638, Mellrichstadt, Germany",Mellrichstadt,https://www.linkedin.com/company/reich-gmbh-mellrichstadt/posts/?feedView=all
Reiser Holding Gmbh - Defense,11.0 - 11.0-312,,defense@reiserholding.de,+49 173 9449750,https://www.reiserholding.de,"Hans-Bunte-Strasse 45, 90431, Nürnberg, Germany",Nürnberg,
REMBE GmbH Safety+Control,7 - 7-210,"REMBE ® is a safety specialist in explosion safety and pressure relief. The independent family enterprise, founded in 1973, employs a global workforce of around 350. REMBE ® provides customers in all industries with safety systems for their plants and equipment. All products are engineered in Germany and meet the requirements of national and international regulations. The company's most important proprietary products and processes include the KUB reverse acting buckling pin rupture disc and flameless venting technology. Customers include market leaders in numerous sectors, such as the oil and gas, food, wood, chemical, pharmaceutical and petrochemical industries.",hello@rembe.de,+49 2961 74050,https://rembe.de/,"Gallbergweg 21, 59929, Brilon, Germany",Brilon,https://de.linkedin.com/company/rembe-gmbh-safety-control
Research Electronics International (REI),6 - 6-126,,sales@reiusa.net,+1 931-537-6032,https://www.reiusa.net,"455 Security Drive, 38506, Cookeville, United States",Cookeville,
Reshet Graf LTD,10.0 - 10.0-326,"Reshet Graf Ltd. (infrared-ID) est. 1977 develops and manufactures infrared ID solutions for night vision and thermal devices. IR patches, Vehicle IR&Thermal, thermal targets. Specialize in passive combat ID IFF products for personal and vehicles. Lead manufacturer of passive thermal targets for zeroing and training. IR patches include infrared flags, callsigns, IFF squares Vehicle IR&Thermal combat ID.Thermal ID panels, V markers, thermal targets —zeroing and shooting. New! NO-Tilt thermal targets for hunting wild boar, coyote, zeroing and more.",oron@reshet-graf.co.il,+972 54-456-3472,https://www.infrared-id.com,"Hayozrim st, 2211002, Nahariya, Israel",Nahariya,https://www.linkedin.com/company/reshet-graf-ltd
RETAY SAVUNMA SANAYI VE TICARET ANONIM SIRKETI (A.S.),12.0 - 12.0-368,,info@retayarms.com,+90 332 342 65 13,https://retayarms.com,"Büyükkayacik OSB. Mahallesi 103. cadde no 11/1 Selçuklu/KONYA, 42250, Konya, Turkey",Konya,
Rettungstechnik Doll GmbH,7A - 7A-607,"Rettungstechnik Doll GmbH has been based in Schönebeck since 2012 and is active in the fields of special vehicle construction, sales and installation of vehicle equipment, as well as maintenance and service of existing vehicles and medical equipment (safety and metrological testing of Class I and II medical devices), and the trade of vehicles and vehicle accessories. We specialize in the standards-compliant conversion of fire and disaster relief vehicles up to 7.5 tons gross vehicle weight, as well as the conversion of special-purpose vehicles for police authorities. We stand for customized vehicle construction according to customer specifications.",karsten.doll@rettungstechnik-doll.de,+49 3928 7285030,https://www.rettungstechnik-doll.de,"Grundweg 19, 39218, Schönebeck (Elbe), Germany",Schönebeck (Elbe),
Richa NV,7 - 7-388,,police@richa.be,+32(0)55.423435,https://www.richa.eu,"Westerring 27, 9700, Oudenaarde, Belgium",Oudenaarde,
RISEPORT EUROPE GmbH,6 - 6-365,,hamburg@riseport.eu,+49 40 328902706,https://www.riseport.tech,"Neuer Wall 80, 20354, Hamburg, Germany",Hamburg,https://www.linkedin.com/company/riseport
RMRC GmbH,11.0 - 11.0-220,"RMRC GmbH, based in Oberhaching, specializes in consulting, technical and commercial services, engineering, and qualified trading in the security and defense sector. Our focus is on quality, reliability, and partnership-based cooperation. We see ourselves as an operational interface between development, application, and the market. Our company is divided into three areas of expertise: Consulting Supporting SMEs in entering the security and defense industry Consulting and support for tenders and project plans in the SVI sector Training on operational topics such as drone defense and the application of relevant systems Knowledge transfer on market requirements, regulations, and strategic positioning Engineering+ Technical project management and development support, particularly in the field of weapons and equipment technology Design and development of mechanical and electrical components Preparation of technical documentation, reports, and evidence according to customer requirements Integration of systems and components in security-related environments Trade Supply of government and military customers Participation in national and European tenders Trade in weapons, ammunition, and security-related products Distribution of our own developments and special solutions in the SVI context",info@rmrc-gmbh.de,+49 89 452052010,https://www.rmrc-gmbh.de/,"Raiffeisenallee 12b, 82041, Oberhaching, Germany",Oberhaching,https://www.linkedin.com/company/rmrc-gmbh
ROBIJNS B.V. | TacticalGear.eu,7 - 7-774,"TacticalGear is the tactical and military department of Robijns BV, based in Aalsmeer (in the neighborhood of Schiphol Airport), The Netherlands. Robijns B.V., since 1915, is distributor in the Outdoor-, Travel- and Camping market. Over the years, Robijns B.V. has prided itself on our steadfast service and brand portfolio. For being a reliable & trustworthy company with excellent or outstanding performance for more than 100 years Robijns B.V. was decorated with the Royal predicate of purveyor to the Royal household. TacticalGear is your supplier for A-quallity brands for rugged and tough products made for tactical and military activities in the open outdoors as well as in an urban environment. We do have the following brands in our portfolio: Suunto, CamelBak, Katadyn, Optimus, Pacsafe, Rubytec, Steripen, Trek’n Eat. We supply: Trade Business Governments Police Emergency Services Army Force Troups Special Forces First Aid Teams Int. Aid Organizations We deliver: Watches Compasses Backpacks Waterfilters & Water purifiers Stoves Pots & Pans Bottles & Water bottles Insulated bottles and cups Lights and Lanterns",info@robijns.nl,+31(0)297.383200,https://www.robijns.nl,"Hornweg 196C, 1432GS, Aalsmeer, Netherlands",Aalsmeer,https://nl.linkedin.com/company/robijns-b-v-
roda computer GmbH,7A - 7A-642,"roda computer GmbH is a leading provider of rugged IT and electronics solutions in the European defence technology sector and has been part of the Swedish MilDef Group since 2025. As a global system integrator and full-service provider specialising in rugged IT for the defence and security sector, roda offers IT solutions from a single source. The product portfolio includes rugged notebooks, tablets, displays, mobile server solutions and vehicle systems. When it comes to customised solutions, we are your reliable partner for the development of products tailored to your needs and mission. The focus is on close cooperation with armed forces from various NATO countries. As part of the MilDef Group, roda computer is a long-standing partner for armed forces, government agencies and industrial users who rely on robust IT systems.",info@roda-computer.com,+49(0)7227.9579-0,https://www.roda-computer.com,"Landstraße 6, 77839, Lichtenau, Germany",Lichtenau,https://de.linkedin.com/company/roda-computer
Rohde & Schwarz,9 - 9-359,"Rohde & Schwarz is one of the world’s leading suppliers and a reliable partner for armed forces and industry partners. We develop, design, manufacture and implement turnkey end-to-end solutions for secure communications, SIGINT / EW, intelligence, test & measurement, and security for modern warfare. Our solutions contribute to effective C4ISR, enabling customers to master the EMS presenting a decisive edge in modern warfare - all from a single, trusted source. True spectrum dominance.",info@rohde-schwarz.com,+49-89-4129-12345,https://www.rohde-schwarz.com,"Muehldorfstraße 15, 81671, Munich, Germany",Munich,https://www.linkedin.com/company/rohde-schwarz-aerospace-defense-security/
Romold GmbH,6 - 6-370,"ROMOLD is the European market leader in the production of plastic cable and sewage chambers.ROMOLD cable chambers have been in use by the German Army for over 10 years and are also part of an IT regulation for field camps. To date, over 3,000 chambers have been installed in field camps and other facilities. The ROM-Trench combat trench system and ROM-Fort above-ground protection concept will be presented at EnforceTac.Development of the system began at the end of 2022, and the first prototype was tested at the Lehnin military training area in 2023. The tests showed that a squad without engineering expertise can construct combat trenches much morequickly – around 4-6 metres of trench per hour compared to around 1 metre with traditional wooden construction methods. The practical benefits quickly became evident during training and exercises. At the Engineer School in Ingolstadt, the system was installed in the school’s model trench complex, which means that the ROM-Trench will now be used in the construction of field fortifications (entrenchments) alongside traditional wooden and metal solutions. International testing has confirmed the system’s operational readiness. During the Austrian exercise WALDVIERTEL 25, the Austrian Armed Forces rapidly installed a ROM-Trench, a complete fighting position, under exercise conditions and subsequently dismantled it again — a clear proof that the system is suitable not only for training but also for real-world operations. In autumn 2025, a complete ROM-Trench system was purchased and installed for the WIWeB‘s ‘InnoLab System Soldat in Erding. In the future, various mission scenarios will be tested here in order to further develop the ‘Soldier’ System. All installations to date have shown that the ROM-Trench reduces set-up time, ogistics costs and noise, and increases flexibility in dynamic combat situations. Technically, the ROM-Trench is based on standardised plastic profiles and metal plug-in frames: the modules are lightweight, reusable and can be connected in any way to build trenches, covered fighting positions and shelters. Everything is based on a simple ‘click and plug’ principle.",info@romold.de,+49 8654 47680,https://www.romold.de,"Sägewerkstraße 5, 83416, Surheim, Germany",Surheim,
Royal Case Company,7 - 7-286,,jmanning@royalcase.com,+1 903-868-0288,https://royalcase.com,"419 E Lamar St, 75090-7017, Sherman, United States",Sherman,
ROYAL EX,6 - 6-120,,royalexpk@gmail.com,+92 333 8717500,https://www.royalex.pk,"A-41 Muhammad Pura Commissionar Road Sialkot, 51310, Sialkot, Pakistan",Sialkot,
RUBRIG SIA,10.0 - 10.0-608,,info@rubrig.com,+371 20 156 244,https://www.rubrig.com,"Rigas gatve 8, 2164, Adazi, Latvia",Adazi,
RUD-SGM,11.0 - 11.0-302,RUD-SGM is specialized in medical simulation for police and military forces for more than 20 years. We combine special make-up effects and pyrotechnical special effects with training for offering a realistic training scenario.,info.produkte@rud-sgm.de,004991228722571,https://www.rud-sgm.de,"Südliche Ringstraße 6, 91126, Schwabach, Germany",Schwabach,
Ruger,10.0 - 10.0-329,,mromeika@ruger.com,+1 406-595-7473,https://www.ruger.com,"700 S. Ayersville Rd., 27027, Mayodan, United States",Mayodan,
Rödl GmbH,8 - 8-208,"In a world where security is not a state but an ongoing process, we stand by the side of those who take responsibility. For organisations in the defense and law enforcement sectors, clear strategies, legal certainty, and operational reliability are essential - and this is exactly where we deliver the smart equipment to help you conquer new terrain. We pave the way when you … want to manage your defense projects more efficiently and secure them in terms of regulations. want to tap into international markets and be optimally positioned from a tax perspective. are planning complex M&A transactions in a security-critical environment and want to secure them legally. align your organisation for transparency, compliance, and sustainability. enter into strategic partnerships and rely on legal expertise.",info‎@‎roedl.com,+49 911 91930,https://www.roedl.com,"Äußere Sulzbacher Straße 100, 90491, Nürnberg, Germany",Nürnberg,https://www.linkedin.com/company/roedl/posts/?feedView=all
S-GARD Hubert Schmitz GmbH,6 - 6-127,,info@s-gard.de,+49 2452 99090,https://www.s-gard.de,"Düsseldorfer Straße 4, 52525, Heinsberg, Germany",Heinsberg,
Saab Deutschland GmbH,7A - 7A-322,,saab.deutschland@saabgroup.com,+49 30 40 89 96 60-0,https://www.saab.com,"Charlottenstr. 59, 10117, Berlin, Germany",Berlin,https://www.linkedin.com/company/saab
Sacci Pro,7 - 7-580,"We got your back. We create carrying equipment of the highest quality– built to endure when it truly matters, so you can feel confident in every step, in every situation. Sacci is with you all the way. Since 1914, we have carried those who carry responsibiliy. With roots deeply anchored in our long- standing collaboration with the armed forces and healthcare, we understand what it means to perform under pressure – in shifting terrain and unpredictable situations. In our head quarters in Borlänge, Sweden, we have our own development department, part of our production and showroom. Now introducing a brand new range of bags and backpacks for tactical medical use that is designed to meet modern demands for comfort, efficiency and flexibility in the field. Durable materials, high quality and a design that does not compromise on functionality or capacity. Meet our Team and explore our new products in our booth at Enforcetac!",support@sacci.se,+46 243 932 50,https://www.saccipro.com,"Paketgatan 8, 78472, Borlänge, Sweden",Borlänge,https://www.linkedin.com/company/sacci-since-1914
SAFE4U Security of Sweden AB Defensor Group,7 - 7-634,,info@safe4u.se,+46 70 897 89 97,https://www.safe4u.se,"Danavägen 2, 74652, Bålsta, Sweden",Bålsta,
Safran,9 - 9-520,"Safran Electronics & Defense is an international company with more than 10,000 employees and a leading global supplier of state-of-the-art opto-electronic equipment, systems and sensors for military and civilian use. Products and services enable users to observe, decide and act faster. At Enforce Tac, the company, represented by Safran Electronics & Defense Germany, will be offering its complete portfolio of solutions: e.g. hand-held observation devices with thermal imaging (JIM Compact, MOSKITO TI), optronic solutions for land-based systems (PASEO, VIGEO), ships (VIGY), helicopters (EUROFLIR) and the Skyjacker counterdrone system. PNT solutions include the inertial navigation systems EPSILON, GEONYX and Navkite.",sales@sensingde.safrangroup.com,+49 7144 8114 40,https://www.safran-group.com,"Gottlieb-Daimler-Strasse 60, 71711, Murr, Germany",Murr,https://www.linkedin.com/showcase/safran---defense
Sagamed Oy,6 - 6-356,,info@sagamed.fi,+358 10 2009999,https://www.sagamed.com,"PL 2, 62200, Kauhava, Finland",Kauhava,
"Sagres, S.L.",6 - 6-440,,partenon@partenon.net,+34 986 40 09 98,https://www.partenon.net,"Prego de Montaos, 7, 36800, Redondela, Spain",Redondela,
SAI - Small Arms Industries APS,7A - 7A-101,"For nearly half a century, Small Arms Industries has been a leading designer and manufacturer of small arms accessories, such as light weapons and suppressors to security forces, police, special forces worldwide, and NATO and NATO-associated states. Small Arms Industries is headquartered in Aarhus, Denmark. Our reputation for quality, innovation, and safety makes us a recognized leader in the development of technologically advanced products. And the long-term durability of all our products makes them especially cost-effective when subjected to total life cycle cost analysis.",sai@sai.dk,+45 40 30 77 26,https://www.sai.dk,"Mejlbyvej 613, Haarup, 8530, Hjortshoej, Denmark",Hjortshoej,https://www.linkedin.com/company/small-arms-industries-sai/?viewAsMember=true
SALZGITTER AG Defence,7A - 7A-723,,spanger.j@salzgitter-ag.de,+49 39452 853453,https://www.salzgitter-ag.de,"Veckenstedter Weg 10, 38871, Ilsenburg, Germany",Ilsenburg,
Sanjut Industries,7 - 7-773,"Sanjut Industries was founded 2007 in Sialkot Pakistan. The dedicated of equipping professionals with the highest qulaity standards internationally, using the best possible material ing all of our gears. Our commitment is to follow the needs, by choosing Innovative & reliable materials for Military, Law Enfocement and Outdoor products. Our Commitment to excellence only stands with the satisfaction of End User. We understand what is comes to Tactical Gear . Over the years. Our main products are Tactical Gloves, Belts, Vest, Backpacks, Gun Covers and Pouches. We take pride in being a trusted partner, Sanjut is known as being a reliable Producer of Top Notch Gear for Professionals. Customer Satisfaction is the core of our Business, Our Customer Centric Approach, combined with exceptional product quality, has earned us a loyal and over growing ever-growing customer base.",info@sanjut.com,+92 52 3544488,https://www.sanjut.com,"0.3 KM FROM BISMILLAH CHOWK, CHAUNI SULEHRIYAN ROAD,, 51310, Sialkot, Pakistan",Sialkot,
SAPPHIRE FINISHING MILLS LIMITED,9 - 9-251,"At Sapphire Mills, we craft tactical wear tailored for professionals in critical roles, including defense, law enforcement, and emergency services. When durability, functionality, and precision are non-negotiable, our solutions deliver. Through cutting-edge textile technology and meticulous manufacturing, our tactical gear is engineered to excel under the most demanding conditions. Designed to combine protection with flexibility, our products meet the highest benchmarks for durability, weather resistance, and mobility—empowering professionals to perform their best when it matters most. From high-performance fabrics to finished apparel, we provide a seamless end-to-end solution. Every product undergoes rigorous testing to ensure it withstands the challenges of tactical environments, delivering unmatched dependability when the stakes are high. Key Features: High-Resilience Fabrics: Engineered to endure the toughest conditions. Enhanced Mobility: Optimized for seamless movement in critical scenarios. Weather Resistance: Specialized treatments for diverse environments. Global Trust: Relied on by professionals in high-stakes roles worldwide. Discover tactical wear that combines strength, agility, and precision—crafted for those who stand ready for anything.",marketing@sapphiremills.com,+92.423.5393493,https://www.sapphiremills.com,"Raiwind Manga Road, 54000, Lahore, Pakistan",Lahore,https://www.linkedin.com/company/sfml
SARENA TEXTILE INDUSTRIES (PVT) LIM,9 - 9-165,"Sarena is a vertical textile factory. It specialises in producing a wide rangeof quality finished products for institutional users of functional textiles. Sarena’s expertise spans accessories and outerwear for use in Arctic regions, infrared detection-proof uniforms, fire-retardant functional wear, and a host of other special articles for Defense and heavy industry.",marketing@sarenapk.com,+92 321 8400247,https://www.sarenapk.com,"22 KM Lahore-Shekhupura Road., 39321, SHEIKHUPURA, Pakistan",SHEIKHUPURA,https://www.linkedin.com/company/sarena-industries/?lipi=urn%3Ali%3Apage%3Ad_flagship3_feed%3Bicw3ItjFQ6WiS6o5Y6wiHg%3D%3D
SARL VIGIP-BAAVA,12.0 - 12.0-567,"BAAVA, the first French manufacturer of removable security barriers, is a major player in securing public and private spaces against threats from vehicles. Designed to block both light and heavy vehicles, BAAVA barriers combine efficiency, modularity and mobility. BAAVA barriers offer the best performance in terms of stopping distance in crash tests and are certified to PAS68, IWA14 and ASTM. Thanks to their proven efficiency and unrivaled certification, these barriers protect public and private areas as well as civil, industrial and military infrastructures around the world. They are easy to handle by a single person without tools or lifting equipment and have also been designed to allow rapid access for emergency vehicles if required.",laura.lande@baava.fr,+33 6 01 59 09 67,https://www.haltbrac-defense.fr/,"1 Rue de Stockholm, 75008, Paris, France",Paris,
SARSILMAZ SILAH SANAYI A.S.,12.0 - 12.0-550,"SARSILMAZ has the ability to produce top of the line pistols, shotguns, submachine guns, assault rifles and machine guns for over 80 countries, thanks to continuous investment in R&D and growing product lines. SARSILMAZ is the leading private company of Türkiye with production capability of the widest range of weapons as the major official pistol supplier to the Turkish Armed Forces and Turkish Police.",sarsilmaz@sarsilmaz.com,+90 380 548 80 11,https://www.sarsilmaz.com,"Istiklal OSB1 MAH. 5.Cadde NO:12/0, 81600, Duzce, Turkey",Duzce,https://www.linkedin.com/company/sarsilmazsilah
SAS EXOSENS,10.0 - 10.0-521,"As a flagship brand of Exosens, Photonis is globally recognized for its unrivaled expertise in image intensifier tubes, a core technology empowering soldiers and security forces to excel during the night. For decades, Photonis has been at the forefront of innovation, designing and manufacturing high-performance tubes that deliver exceptional image quality, reliability, and durability in the most demanding operational environments. Integrated into the world’s leading night vision devices, Photonis’ technologies give defense and security professionals a decisive advantage, enhancing mobility, situational awareness, and mission success under any light condition. At Enforce Tac 2026, Photonis will present its latest innovation, the 5G image intensifier tube, setting a new benchmark in night vision. Offering unprecedented clarity, superior contrast, and outstanding performance across all light levels, the 5G redefines what professionals can see and achieve at night. In addition, Photonis will present the iLumos RED 5G, the next evolution in intensified imaging powered by the 5G image intensifier tube. This advanced integration delivers unmatched sensitivity, high resolution, and dynamic range, ensuring exceptional image quality even in the most challenging low-light conditions. Alongside the 5G innovations, Photonis will also showcase the OPS.4, a dedicated solution specially designed for security and law enforcement professionals, including reservists. Combining Photonis’ proven reliability with a design tailored to operational versatility, the OPS.4 ensures optimal performance and confidence in every mission. With its complete portfolio - 5G, 4G, 4G+ and OPS.4, Photonis continues to set the global standard in night vision, ensuring operational superiority for defense and security forces worldwide. Furthermore, Exosens will showcase its advancements in infrared technology, spanning the full spectrum from SWIR to LWIR. The Wildcat+ series in the SWIR range delivers superior dynamic range, ultra-low noise, and high frame rates, providing unmatched surveillance capability in the most demanding environments. Complementing this, the LWIR XP (Extreme Performance) portfolio, featuring Dione XP, Crius XP and MicroCube XP series that are purpose-built for mission-critical defense and surveillance operations. These solutions ensure absolute reliability and clarity when it matters most, empowering operators with the vision and confidence required to succeed in complex and high-stakes scenarios.",a.texier@exosens.com,+33 7 86 48 46 73,https://www.exosens.com/,"18 Avenue Pythagore, 33700, Mérignac, France",Mérignac,https://fr.linkedin.com/company/exosens-group
Savox Communications,8 - 8-307,"Savox Communications manufactures rugged communication and hearing protection for professionals in defense, public safety and search & rescue operations worldwide. We have around 40 years of experience providing communication solutions for the modern battlefield where access to information is critical. Our services include commissioning and training, design and engineering, manufacturing, repair and maintenance, testing, spare parts, and warranty. Savox Communications’ headquarters is located in Espoo, Finland.",sales.emea@savox.com,+358 (0)9 417 411 00,https://savox.com/,"Keilaranta 15 B, 02150, Espoo, Finland",Espoo,https://www.linkedin.com/company/savox-communications-ltd
Schmidt & Bender,12.0 - 12.0-341,"Schmidt & Bender GmbH & Co. KG is one of the world´s leading manufacturers of riflescopes and opto-electronic systems. The family-run company was founded in 1957 by Helmut Schmidt and Helmut Bender in Fellingshausen. With more than 90 employees Schmidt & Bender develops and produces products of the highest quality and reliability. The main focus is an optimal customer benefit in all fields of application Hunting, Competition and Defence. In addition to an extensive product portfolio for all operational distances, individual customer solutions and training courses are also part of the company's services. This is only one reason why numerous units of the police and military, as well as their special forces, are among the customers of Schmidt & Bender.",info@schmidt-bender.de,+49(0)6409.8115-0,https://www.schmidtundbender.de,"Am Großacker 42, 35444, Biebertal, Germany",Biebertal,
SchnackyProgress,6 - 6-338,,contact@schnackyprogress.com,+41 79 155 16 76,https://www.schnackyprogress.com,"Box 9, En Courta Rama 2, 1164, Etoy, Switzerland",Etoy,
Schröder Forschung und Entwicklung GmbH,7A - 7A-544,"Schröder Forschung und Entwicklung GmbH develops customized embedded electronics, robust display systems, and tailored HMI solutions for demanding applications. We transfer our extensive experience from automotive and industrial projects to security‑relevant challenges in the defence sector. Our certified management systems according to ISO 9001 and ISO 14001, combined with established development processes for safety‑critical electronics, ensure reliability, traceability, and high product quality. EnforceTac 2026 – Booth 7‑529 We are pleased to be exhibiting at EnforceTac 2026. On 24 February, Dr. Erich Vad, Brigadier General (ret.), will join us to support selected discussions and contribute valuable security‑policy perspectives. Stand Highlight Our interactive dartboard demonstration provides an engaging technical entry point for deeper conversations. It showcases: • precise signal processing • rugged embedded electronics • AI‑supported image and hit detection Current Development Focus • AI‑based image and sensor data processing • Hardware development for rugged, defence‑relevant electronics • Embedded software compliant with DO‑178C and DO‑254 • Vehicle energy management, including ECU and embedded system development We look forward to meeting visitors at EnforceTac and to engaging in in‑depth technical discussions.",info@schroeder-fe.de,+49 6181 490 51 34,https://schroeder-fe.de/,"Doorner Str. 1, 63456, Hanau, Germany",Hanau,https://www.linkedin.com/company/104533236/
SCHUBERTH GMBH,7 - 7-468,"We are a manufacturer of head protection systems building safety helmets for over 70 years, from Formula 1 to military. Our production is based in Magdeburg Germany. For this show we will display our brand new and ground breaking M100 ballistic head protection system which is NJI Level 3 A and VPAM 2 and our top selling market leader P100N A public order helmet. Our P100N A is our benchmark police helmet with integrated Avon gas mask. Make sure to also check out the P100N LPA, our flagship product with integrated laser protection.",militaer-polizei@schuberth.com,+49(0)391.8106-0,https://www.schuberth.com,"Stegelitzer Straße 12, 39126, Magdeburg, Germany",Magdeburg,https://www.linkedin.com/company/schuberth-gmbh
Schweikert Dog Equipment GmbH,7 - 7-582,,info@schweikert.de,+49 6206 70690,https://www.schweikert.de,"Zum Mühlgraben 10, 68642, Bürstadt, Germany",Bürstadt,
"Schöffel Sportbekleidung GmbH, Schöffel TEC",9 - 9-306,"Our Technical Wear Team supports you in the development and production of clothing with special requirements for technology and use with a focus on functional protective clothing. Whether tenders for authorities, technical motorcycle clothing or highly individual requirements of industrial customers - our experienced team implements your requirements.",technicalwear@schoeffel.com,+49(0)8232.5006-3000,https://www.schoeffel-tec.com,"Ludwig-Schöffel-Straße 15, 86830, Schwabmünchen, Germany",Schwabmünchen,
SE3 Labs GmbH,9 - 9-252,,isabel@se3.ai,,https://www.se3.ai,"Lichtenbergstraße 8, 85748, Garching, Germany",Garching,
SECUMAR,7 - 7-547,"Bernhardt Apparatebau specialises in complex airtight and watertight bodies in the marine rescue and automotive sectors. Under the SECUMAR brand, Bernhardt Apparatebau has been developing, manufacturing and selling lifejackets, immersion suits and other products that protect human life in an emergency since 1961. With a unique variety of products, SECUMAR offers a competitive product for a wide range of applications and mainly for European users in the sports, professional and military sectors. Thanks to an extensive vertical range of manufacture and rigorous quality management, SECUMAR products are unrivalled worldwide in terms of reliability. Together with strategic partners, Bernhardt Apparatebau develops and manufactures inflatable actuators that help automobile manufacturers achieve innovative aerodynamic and comfort functions. In high-frequency welding of thermoplastic polyurethane (TPU), Bernhardt Apparatebau has developed a process that enables geometries with minimised weld seams. Quality, technology and innovation characterise the culture of the fourth-generation family business, as well as tradition, integrity and team spirit - and the pride of contributing to the ""Made in Germany"" brand.",info@secumar.com,+49 4103 1250,https://www.secumar.com,"Bredhornweg 39, 25488, Holm, Germany",Holm,https://www.linkedin.com/company/secumar---bernhardt-apparatebau-gmbh-u-co-kg
Securiton Deutschland Alarm- und Sicherheitssysteme,9 - 9-370,"Securiton Germany is the most resourceful application specialist for security and offers comprehensive intelligent security technology for fire protection as well as object and perimeter protection. While fire protection is primarily dedicated to early fire detection and the associated alarm system, object and perimeter protection provides all-round protection for air and ground security. Securiton calls this ""Dome Security"". The focus here is on world-leading video analysis and video management systems, reliable drone detection with controlled defense and comprehensive alarm management, as well as fence detection, robotic security, access control and hazard detection systems. In line with the ""one-stop shop"" principle, Securiton's experts provide support with all the necessary security services, from analysis and evaluation to design, detailed planning, assembly and turnkey installation through to maintenance and servicing. This results in customized security and special solutions 'made in Germany'. SECURITON - Extra. Safe.",info@securiton.de,+49 7841 6223-0,https://www.securiton.de,"Hauptsitz: Von-Drais-Straße 33, 77855, Achern, Germany",Achern,https://www.linkedin.com/company/securiton-deutschland
SECURUS HUNGARY AG,6 - 6-470,"Your European manufacturing partner for ballistic and tactical textile systems — since 1962. With 120+ skilled professionals and fully integrated production facilities in Hungary, we provide scalable, discreet white label manufacturing for defense and security applications. We operate as a long-term industrial partner — combining engineering support, flexible production capacity, and commercial reliability to create solutions that work for both sides. WhatWe Manufacture Ballistic textile products - soft armor carriers, plate carriers, load-bearing systems, protective inserts Tactical backpacks and load-carrying systems - military packs, EDC variants, modular systems MOLLE-compatible pouches and modular accessories - utility pouches, admin pouches, magazine pouches, custom modules Tactical and transport bags - carry bags, equipment bags, deployment bags Field and mission equipment - tents, textile-based shelters, sleeping systems Technical and tactical garments - outerwear, mission wear, specialized sewn products Who we work with Tactical and outdoor brand owners requiring scalable white label manufacturing capacity. Defense consortiums and publicly funded project partnerships lacking in-house industrial sewing capabilities. National special forces and specialized law enforcement units with highly customized operational requirements. Defense equipment, vehicle, and system manufacturers requiring sewn or textile-integrated components as part of larger platforms. Wearable technology and electronic equipment manufacturers needing textile-based integration and carrier solutions. Defense research and development companies seeking industrial manufacturing partners for prototyping and small-to-medium series production. Private security contractors and security service providers requiring customized tactical textile equipment. Government procurement intermediaries and system suppliers outsourcing compliant production for public tenders. Medical and tactical rescue equipment providers integrating textile-based load-bearing or protective elements into their products. Why choose us White Label manufacturing for partners selling under their own brand Production based on your own samples or design drawings Full customization: design, colorways, layouts, materials, embroidery, etc. 60+ years of manufacturing experience in defense and protective apparel manufacturing ISO 9001 and NATO AQAP certified production processes Own manufacturing facilities with direct factory pricing – within the EU Flexible handling of both small and large-volume orders Visit our stand and tell us your requirements — together we’ll make it work.",securus@securus.hu,+36302788970,https://www.securus.hu/index.php/de/,"Nagykatai 35, 5100, Jaszbereny, Hungary",Jaszbereny,
SENTRY,6 - 6-457,"SENTRY crafts and delivers hardware-secured video wall systems able to connect videos from different networks - with different level of classification - to present all the information at the same time on video walls, keeping the networks physically segregated.",emmanuel.delorme@sentryvideowalls.com,+33 6 45 12 83 16,https://www.sentryvideowalls.com/en,"520 av joseph louis lambot, 83130, La Garde, France",La Garde,https://www.linkedin.com/company/sentryvideowalls
Sentrycs,6 - 6-473,"Sentrycs is a leader in integrated counter-drone solutions, supported by innovative technology designed to identify, mitigate and where necessary, intercept unauthorized drones custom-built for various environments – including airports, borders, prisons, critical infrastructure and mass events. Founded in 2017, Sentrycs’ has offices in Israel and the US, serving customers worldwide. By uniting its field-proven technology and expertise in global drone environments, Sentrycs is leading the way towards a safer and more secure drone-driven future. Learn more at www.sentrycs.com",audelia.boker@sentrycs.com,+972 54-6262365,https://www.sentrycs.com,"Yigal Alon St 114, 6744320, Tel Aviv, Israel",Tel Aviv,https://www.linkedin.com/company/sentrycs
Seppeler Rietbergwerke GmbH & Co. KG,7 - 7-115,"Seppeler Rietbergwerke GmbH & Co. KG: Your reliable partner for innovative container technology Seppeler Rietbergwerke GmbH & Co. KG has a long tradition of manufacturing high-quality containers. For over 100 years, we have been developing and producing innovative solutions for the safe storage and transport of liquids. Our expertise and extensive know-how make us a reliable partner for companies across a wide range of sectors, including gardening and landscaping. Visit our virtual showroom: Immerse yourself in the world of Seppeler container technology and experience our products in 3D! In our virtual showroom, you can find comprehensive information and view our complete range of mobile tank systems from every angle: https://www.seppeler.de/rietberg-behaelter/virtueller-showroom . Seppeler Rietbergwerke GmbH & Co. KG: High quality, reliability and durability A wide range of mobile and stationary tank systems Tailored solutions to meet your requirements Comprehensive advice and personalised service",rietbergbehaelter@seppeler.de,+49 5244 983200,https://www.seppeler.de/rietberg-behaelter,"Bahnhofstraße 55, 33397, Rietberg, Germany",Rietberg,https://de.linkedin.com/company/seppeler-gruppe
SEQPROTECT,7 - 7-678,,sales@seqprotect.com,02536 3309 500,https://www.seqprotect.com,"Bahnhofstraße 73, 48308, Senden, Germany",Senden,
Serious Simulations LLC,11.0 - 11.0-114,"Serious Simulations invents groundbreaking new technology and designs/produces simulator and live training hardware. Our innovations achieved 9 patents including instrumentation for real infantry weapons, drones, and intelligent munitions used for the U.S. Army. Our company won two international awards for electronics, and is featured in numerous news and technology publications.",info@serioussimulations.com,+1 407-538-1927,https://serioussimulations.com/,"5707 Dot Com Ct. Ste. 1043, 32765, Oviedo, United States",Oviedo,
servoprax GmbH,7 - 7-823,,info@servoprax.de,+49(0)281.95283.0,https://www.servoprax.de,"Am Marienbusch 9, 46485, Wesel, Germany",Wesel,
SEYNTEX,6 - 6-137,,sales@seyntex.com,+32(0)92533270,https://www.seyntex.com,"Brug-Zuid 51, 9880, Aalter, Belgium",Aalter,
SF Tech Sàrl,9 - 9-623,,info@sftech.ch,+41 21 946 29 88,https://www.sftech.ch,"Route du Verney 18, 1070, Puidoux, Switzerland",Puidoux,
SFC ENERGY AG,9 - 9-259,"SFC Energy AG is a leading provider of hydrogen and direct methanol fuel cells for stationary, portable and mobile hybrid power solutions. With the Clean Energy and Clean Power Management business segments, SFC Energy is a sustainably profitable fuel cell producer. The Company distributes its award-winning products worldwide and has sold more than 75,000 fuel cells to date. The Company is headquartered in Brunnthal/Munich, Germany, and has operating subsidiaries in Canada, India, the Netherlands, Romania, Denmark, the United Kingdom, and the United States of America. SFC Energy AG is listed on the Deutsche Boerse Prime Standard and has been part of the selection index SDAX since 2022 (GSIN: 756857 ISIN: DE0007568578).",florian.bernreiter@sfc.com,+49 89 673592340,https://www.sfc.com,"Eugen-Sänger-Ring 7, 85649, Brunnthal / München, Germany",Brunnthal / München,https://www.linkedin.com/company/sfc-energy-ag/?viewAsMember=true
SGL Technologies GmbH,7 - 7-101,"SGL Carbon supplies customized fiber-reinforced plastics (FRP) components and fiber-reinforced semi-finished products that meet the demanding requirements of modern security & defense applications, such as lightweight, non-corrosion, structural performance, impact protection, fatigue resistance, flame retardency, anti-ballistic protection. We are also one of the leading manufacturers of graphite materials and products. We combine our in-depth expertise in production, materials, and technology with advanced graphite materials and specialty graphite solutions. We can support our customers in series production as well as in the development and testing phases. Our experts specialize in component design, validation, and prototype manufacturing. SGL Carbon offers a wide range of high-purity carbon and graphite materials designed for use in the most extreme conditions. Whether you need to design next-generation propulsion systems, thermal shields, transport boxes, protective components, demanding protection or release layers, efficient EMI shielding, or high-performance heat management, our materials are ready to meet your toughest challenges. We are one of the worldwide leading manufacturers of specialty insulation components fabricated from a wide range of high-temperature fabrics, non-wovens and metal foils. Our extensive product range is used particularly for heat-sensitive parts such as exhaust pipes, fuel and oil lines, as well as in various areas of aircraft engines. In 2024, SGL Carbon SE generated sales of 1.0 billion euros. The company employs approximately 4,000 people at 29 locations in Europe, North America, and Asia. Further information on SGL Carbon can be found at www.sglcarbon.com.",info@sglcarbon.com,+49 8271 830,https://www.sglcarbon.com/en,"Werner-von-Siemens-Straße 18, 86405, Meitingen, Germany",Meitingen,https://www.linkedin.com/company/sglcarbon
SHAHZADA GLOVES CO INTERNATIONAL,9 - 9-379,,export@shahzada1913.com,00923367274709,https://www.shahzadagloves.com,"DR. PEER BASHIR STREET, 51310, SIALKOT, Pakistan",SIALKOT,
Shark Marine Technologies Inc.,8 - 8-215,"Since 1984, Shark Marine Technologies Inc. has been at the forefront of innovation in the underwater industry, designing and manufacturing state of the art equipment that meets the demanding needs of the defense, public safety and commercial sectors. Specializing in diver held sonar imaging and navigation systems for EOD and Combat Divers, we also offer advanced communication systems, drone controllers, diver propulsion and delivery systems, as well as remote and autonomous vehicles. Our intuitive software solutions are designed to support these technologies and enhance operational efficiency. At Shark Marine Technologies Inc., we work closely with our customers to create innovative solutions for their unique challenges. With products trusted by navies and special forces around the globe, we continue to push the boundaries of what's possible beneath the surface.",sales@sharkmarine.com,+1 905-687-6672,https://www.sharkmarine.com,"23 Nihan Drive, L2N 1L2, St. Catharines, Canada",St. Catharines,
Shieldex,9 - 9-378,"Shieldex offers textile solutions to protect against infrared detection and electromagnetic interference. Our lightweight, flexible materials minimise the thermal and electromagnetic signature of uniforms, vehicles and equipment. Through customisable fabric constructions and metal coatings, we provide tailored shielding that ensures optimal protection for troops and sensitive communications.",info@shieldex.de,+49 421 275047,https://www.shieldex.de/en,"Kleiner Ort 9-11, 28357, Bremen, Germany",Bremen,https://de.linkedin.com/company/shieldex-germany
SHS -Stahl-Holding-Saar & cCo. KgaA,7 - 7-509,,marc.rixecker@stahl-holding-saar.de,+49 6831 475659,https://www.stahl-holding-saar.de,"Werksstraße 1, 66763, Dillingen/Saar, Germany",Dillingen/Saar,
SI-KA-TEC GmbH engineering coating,8 - 8-109,"SI-KA-TEC GmbH engineering coating, based in Selb, Germany, is an internationally active company specializing in the development, production, and finishing of coated technical textiles, films, and laminates. We provide tailor-made material solutions for demanding technical and safety-related applications. With in-house development and manufacturing capabilities, we support projects from material selection and prototyping through to series production, working closely with our customers to create application-specific solutions.",office@si-ka-tec.de,+49 9287 99630,https://www.si-ka-tec.de,"Ascher Strasse 26, 95100, Selb, Germany",Selb,
"SIA ""Origin Robotics""",7A - 7A-232,,info@origin-robotics.com,+371 26 611 518,https://origin-robotics.com/,"""Kalniņi"", LV-2167, Marupe, Latvia",Marupe,https://www.linkedin.com/company/origin-robotics
SIA ISP Optics Latvia,12.0 - 12.0-568,,ispinfo@lightpath.com,+371 67 323 779,https://www.lightpath.com,"24A Ganibu Dambis Street, k-13, LV-1005, Riga, Latvia",Riga,
SIAMIDIS SA,7 - 7-535,"Founded in 1961, SIAMIDIS SA is a family-owned company specialized in the design and manufacture of technical textiles and clothing systems for Military, Law Enforcement, and Fire & Rescue professionals.",info@siamidis.gr,+30(0)22620.32992,https://www.siamidis.eu,"Industrial Zone Inofita, 32011, Inofita Viotia, Greece",Inofita Viotia,https://www.linkedin.com/company/siamidis-sa/
"SICH Ukraine, LLC",6 - 6-160,"SICH Ukraine is a company that has been producing the SICH-Tourniquet for over 10 years. Based on the experience of modern armed conflicts, it is designed to stop bleeding. SICH tourniquets are effective even in the presence of dirt, dust, moisture and temperature changes ranging from -40 to +50 degrees Celsius. This front-line-tested domestic product is recognised worldwide and recommended by leading first aid instructors. The SICH-Tourniquet's special design stops massive bleeding in the limbs in seconds and can withstand extreme overload. 1. The unique Velcro fastener provides a secure fit and prevents accidental loosening, even in stressful situations. 2. Metal fittings: reinforced elements increase the tourniquet's strength, ensuring stable operation in extreme conditions. 3. Adjustable size – the design easily adjusts to fit thin limbs (from 5 cm) and large ones (up to 40 cm), making the tourniquet suitable for all users. 4. Maximum tissue safety – a solid buckle and a patented telescopic mechanism minimise the risk of injury while ensuring comfort. 5. Patented fastening system: the triangular shape of the fastener securely holds the ratchet and the free end of the strap, which is crucial in emergency situations. 6. Compact and convenient: its small size makes it easy to carry the tourniquet with you and apply it quickly. 7. Time recording screen: a special coating enables you to record the application time using any sharp object, even without a marker The SICH-Tourniquet is currently the most popular haemostatic agent in modern first aid kits. Between 2023 and 2025, the company produced and delivered over 1,500,000 tourniquets, supplying both official IFAK kits to the Ministry of Defence and separate batches to meet the needs of defenders, rescuers, police officers, motorists, tourists, and other civilians.",sichtourniqet@gmail.com,+380 97 609 3379,https://www.sicheurope.com,"4 Lomonosova Street, Office 46, 03040, Kyiv, Ukraine",Kyiv,https://www.linkedin.com/company/sich-tourniquet/
SIEL srl,7 - 7-837,"For over 50 years, SIEL has placed the special forces operator at the core of its mission, delivering cutting-edge solutions tailored to the most demanding military operations. As a trusted supplier of the Italian Navy and over 50 countries worldwide, we provide elite units with our market-leading CAIMANO rebreathers, alongside advanced communication, navigation and diving equipment enabling the operators to conduct underwater, amphibious, counterterrorism, VBSS, and all types of SOF operations. On the surface, SIEL designs highly customizable Unmanned Surface Vehicles (USVs), ideal for Mine Sweeping, Mine Jamming, Mine Hunting, and Anti Submarine Warfare missions. With innovation, reliability, and direct user collaboration, we ensure superior performance in every operational scenario.",info@sielnet.com,+39 011 681 3840,https://www.sielnet.com,"Via Fortunato Postiglione, 24, 10024, Moncalieri, Italy",Moncalieri,
"SIG SAUER, Inc.",12.0 - 12.0-410,,samantha.knight@sigsauer.com,+1 603-995-1345,https://www.sigsauer.com,"72 Pease Blvd., 03801, Newington, United States",Newington,
Simpert Reiter GmbH travellunch lightweight food,7 - 7-608,"Simpert Reiter GmbH is an owner-managed family business in the food industry. We have been producing our products directly and in-house at our company location in Augsburg for over 95 years. In the early 1980s, we founded the brand ‘travellunch’ and became the first German company to offer freeze-dried food. Forty years later, ‘travellunch’ is one of the world's leading brands for outdoor food. The freeze-drying method has proven itself excellently to this day, as it preserves all the important nutrients, full flavour and natural colour of the food. Up to 95 per cent of the water content is removed, which reduces the weight accordingly and means that a portion bag weighs only 100 to 125 grams. Our products have a shelf life of up to five years. Our range includes mueslis, over 30 different main courses (with meat, vegetarian and vegan), soups, desserts and drinks. The meals can be used anywhere, which is why they are ideal for crisis preparedness as well as for special forces and emergency services. Contact: Simpert Reiter GmbH Weddigenstraße 2-6 86179 Augsburg Telephone: 0821 24075-0 Email: info@travellunch.de www.travellunch.de Visit us at Enfore Tac in Hall 7 / Booth 7-713",info@travellunch.de,+49 821 240750,https://www.travellunch.de,"Weddigenstraße 2-6, 86179, Augsburg, Germany",Augsburg,
SIMUNITION / FORCE ON FORCE,12.0 - 12.0-510,"Simunition is the pioneer and world leader in providing military, law enforcement and approved range members with the most realistic and non-lethal force-on-force, short-range, simulation training system. For the past 30 years, military and police officers around the world have placed their trust in Simunition to deliver realistic training.",nick.cruz@gd-ots.com,+1.727.309.8342,https://www.simunition.com,"100 Carillon Pkwy, 33716, St Petersburg, United States",St Petersburg,
Sioen Ballistics,7 - 7-370,"Sioen Ballistics is a manufacturer and provider of ballistic and stab proof protective products in various formats, including overt, covert and tactical vests, hard plate carriers, shields, and other protective solutions that are tailored upon customer requirements. For over 50 years, our products and expertise have been trusted by professionals working in the law enforcement, defense- and humanitarian fields. We are certified according to ISO9001, ISO14001 and AQAP2110 standards. Our headquarters are located in Ardooie, Belgium and Helsinki, Finland. Sioen Ballistics is part of Sioen Industries Group, a textile solution provider and a world market leader in technical textiles and professional protective garments.",info@sioenballistics.com,+3251740800,https://sioenballistics.com/,"Fabriekstraat, 23, 8850, Ardooie, Belgium",Ardooie,https://www.linkedin.com/company/sioen-ballistics
Siretessile srl,7 - 7-758,"Solid and reliable company with production site of 9.000 mq International production: we collaborate with clients worldwide Research and Development, with in-house laboratory for a tailored customer experience We have filed over 15 patents and are ISO 9001 certified. Italian producer of technical laminated fabrics and waterproof and breathable membranes for: Footwear Equiments Garments",technical.fabrics@siretessile.com,+39 0423 8301,https://www.sire-tex.com,"Via dell'industria, 75, 31041, Cornuda, Italy",Cornuda,https://www.linkedin.com/company/siretessile-srl/posts/?feedView=all
SKS Kontakttechnik GmbH,7 - 7-266,,info@sks-kontakt.de,+49 37296 930300,https://www.sks-kontakt.de,"Neue Schichtstraße 14, 09366, Niederdorf, Germany",Niederdorf,
Sky-Watch A/S,7A - 7A-208,"Sky-Watch A/S develops and manufactures mini-UAS and a software-driven mission platform that delivers decisive situational awareness in the tactical and sub-tactical field. Designed for contested environments, our solutions support rapid mission planning, real-time intelligence sharing, and faster sensor-to-decision cycles, even under electronic warfare and GPS-denied conditions. Founded in 2009 and headquartered in Støvring, Denmark, Sky-Watch has supported defense customers for more than a decade. We are ISO 9001:2015 certified, and the RQ-35 Heidrun holds EU BVLOS certification (PDRA-G02). RQ-35 Heidrun is combat-proven and equipped with Edge AI, enabling faster on-board processing, reduced latency, and actionable insights at the point of need. Trusted in demanding operations, including Ukraine, RQ-35 Heidrun helps forces detect, identify, and act with precision when it matters most.",marketing@sky-watch.com,+45 96 86 76 66,https://www.sky-watch.dk,"Oestre Alle 6, 9530, Stoevring, Denmark",Stoevring,https://www.linkedin.com/company/sky-watch
SKYLOTEC GmbH,7A - 7A-145,"SKYLOTEC is one of the world‘s leading brands for protective equipment. The family-owned company established, in 1947, has been developing and manufacturing fall protection and rescue system solutions in Europe for over 70 years and offers an extensive product range.The Law Enforcement Armed Forces (LEAF) business has always benefited from SKYLOTEC's 75-year experience in industry and sports resulting in customised product solutions and training packages for tactical work in the urban, mountain and maritime sectors. A designated global team around the world covers equipment consultation, sales, servicing and state of the art training in both products as well as tactical techniques for military and police customers.",tactical@skylotec.de,+49(0)2631.9680-0,https://www.skylotec.com,"Im Mühlengrund 6 - 8, 56566, Neuwied, Germany",Neuwied,https://de.linkedin.com/company/skylotec-gmbh
SMAG Mobile Antenna Masts GmbH,7 - 7-500,"SMAG masts can be mountedon trucks, trailers, armored vehicles, platforms, or integrated into mobile containers. With several thousand systems in use worldwide, SMAG masts support a wide range of critical applications: e.g. communication, data transmission, observation, reconnaissance and jamming.",contact@smam.de,+49 5341 302447,https://www.smam.de,"Windmühlenbergstraße 20 - 22, 38259, Salzgitter, Germany",Salzgitter,https://www.linkedin.com/company/36940021
SMI Unterkunftslösungen GmbH,7 - 7-864,"We create sleep solutions. Whether employee accommodation, accommodation for people in need or glamping – we make relaxation possible. For us, sleep is more than a basic need; it is the key to well-being, performance and motivation. With over 15 years of experience, a comprehensive market overview and an extensive network, we are the experts when it comes to temporary living in demanding situations.",mail@smi.gmbh,+49 (0) 40 228 670 940,https://smi.gmbh/,"Schellingstr. 43, 22089, Hamburg, Germany",Hamburg,https://linkedin.com/company/smi-unterkunftslösungen-gmbh
Smith & Wesson,10.0 - 10.0-119,"170 Years of american stories Since 1852 Smith & Wesson has empowered Americans with the freedom, equality, and security promised by the Declaration of Independence and guaranteed by the Bill of Rights. It is this sense of safety and security that frees us to pursue our goals and dreams, define our future, and fulfill the promise of America and in many other countries worldwide.",asmeets@smith-wesson.com,+1 413-747-3544,https://smith-wesson.com,"1852 Proffitt Springs Road, 37801, Maryville, United States",Maryville,https://www.linkedin.com/company/smith-&-wesson/
SnigelDesign AB,7 - 7-647,"WE ARE SNIGEL Snigel is an independent Swedish company, run by a group of officers, designers and engineers who are passionate about elevating the quality and function of personal equipment for modern soldiers and law enforcement officers. It was founded in 1990 by PH, an Airborne Ranger. He was driven by a personal quest to create the world’s ultimate backpack, combat vest and uniform. Guided by a “no compromises” approach to function, quality and comfort, he later earned an MFA in Industrial Design and started designing early versions of many of the carrying platforms we now offer. Today, Snigel continues to be powered by passion. We design the products ourselves and use them in the Swedish Army where we are part-time soldiers. Our experience, combined with our customers’ expertise, forms the basis for the improvements that we constantly make to our products. Like you, we are never 100% satisfied, always looking ahead, innovating and pushing the limits of what is possible. At the end of the day, our mission is to support you with the world’s best carrying systems and protective solutions to keep you safe and performing well. And since no two needs are exactly the same, we encourage you to get in touch and tell us your specific challenges. If we can’t find a solution, maybe we can invent one together. We’d love to hear from you.",info@snigeldesign.com,+46(0)8-530 404 61,https://www.snigel.se/,"Fryksdalsbacken 34, 123 43, Stockholm, Sweden",Stockholm,
SOAL Marine Group,7A - 7A-621,"SOAL Marine Group - cutting-edge maritime products and services from Sweden. We combine competence and innovation in a way that reaches beyond ordinary horizons. SOAL Marine Group includes Spectre Marine, Kraka and SOAL Lab. SPECTRE is renowned as a leading company within international specialist training for governments and military as well as SAR teams around the world. KRAKA is an electric jet driven inflatable board. It has been developed for operational work in critical and challenging situations at sea – where silence, low profile, accessibility, and agility are crucial for the mission’s success. Kraka can be dropped from Air, Sea and Land. It can be driven autonomously. SOAL LAB is our hub for creating and innovating cutting-edge maritime products and services. We combine curiosity, competence and innovation with the goal to let users reach beyond previous limitations.",sales@soalmarine.se,+46(0)703089874,https://www.soalmarine.se,"Sven Källfelts Gata 18, 426 71, Västra Frölunda, Sweden",Västra Frölunda,https://www.linkedin.com/company/soal-marine-group
SOFILETA,9 - 9-470,,virginie.wittmer@sofileta.com,+33 6 37 70 25 98,,"petite rue de la Plaine 25, 38300, Bourgoin, France",Bourgoin,
Soku,9 - 9-121,"At Soku, we are driven by the belief that true innovation in product design and production can spark real, positive change in the world. Our mission is to craft sustainable, top-notch sleeping solutions that provide unparalleled comfort and safety for those in need. We're not just about mattresses; we're about ensuring restful, restorative sleep for everyone, especially in times of crisis. As a trusted partner to relief aid organizations and first responders, we prioritize speed of deployment, cost-effective logistics, and hygiene safety. Our aim is to offer a sanctuary of rest and recovery for all those displaced from their homes, giving them a moment of peace amidst turmoil. We are fiercely committed to making our products entirely circular, embracing socially-driven production methods wherever possible. At Soku, we empower our customers to focus on their vital work, confident that they can rely on the superior quality and dependability of our products.",info@soku.global,+31 97010287006,https://www.soku.global/,"Molstraat 27, 2611EM, Delft, Netherlands",Delft,https://www.linkedin.com/showcase/soku-global/
Sonplas GmbH,7 - 7-810,"Sonplas GmbH is a medium-sized special-purpose machinery manufacturer headquartered in Straubing (Lower Bavaria). In line with our slogan “For your success”, we have been developing and building flexible, scalable machines and systems for machining, assembly, and testing to customer specifications for over 30 years. To date, more than 1,000 special-purpose machines have been delivered worldwide to customers across a range of industries — including aerospace. Since 2015, we have been active in the aerospace sector and are continuously expanding our expertise in assembly and test systems. For the defense industry, we contribute our decades of experience with dual-use applications. We deliver turnkey system solutions for the development and series production of technical components — tailored to project-specific requirements. Our systems stand for precision, safety, reliability, and flexibility.",info@sonplas.de,+49 9421 92750,https://www.sonplas.de/,"Sachsenring 57, 94315, Straubing, Germany",Straubing,https://www.linkedin.com/company/36923846
Sordin AB,7 - 7-649,"The world-class leader in high performance hearing protectors. Sordin has more than 30 years’ experience developing, manufacturing and selling personal protection equipment above the neck. We offer innovative, high quality and safe products, manufactured in a rational production process. Our customers are found in a variety of different markets such as industry, construction, mining, hunting, military, police, emergency service, and forest and garden. Our products are suitable for all customers requiring high-quality passive or electronical hearing protection.",felix.hassmund@sordin.com,+46370775784,https://www.sordin.com,"Rörläggarvägen 8, 33153, Värnamo, Sweden",Värnamo,https://www.linkedin.com/company/sordin
Source Tactical Gear,7 - 7-143,"30 Years Experience in Genuine Innovation & Manufacturing Highest Quality Gear SOURCE (est 1989) is Israel’s largest tactical gear manufacturer and exporter, a worldwide innovation leader in design and technology. SOURCE is a Israeli Defense Forces (IDF) supplier for 25 years as well as supplier for armed forces and hundreds of organizations in dozens of countries around the globe. Source Tactical Gear is the prime contractor of VIRTUS - The core of a scalable soldier architecture. Designed as a system to address the challenges of the current and future operating environments. Viewing the “soldier as a system” enables an integrated approach to reducing the cognitive physiological and mechanical impact on the individual. Enhancing the operational effectiveness of the combat infantry. In January 2015 SOURCE signed a multi-year contract with the UK MOD to supply integrated personal protection and load carriage systems to the British Military. The awarded contract is for a firm term of three years, and can be extended, by the UK MOD, until 2026.",itay@sourcetacticalgear.net,+972 54-787-1478,https://www.sourcetacticalgear.net,"Tnufa 7, 30250, Tirat Carmel, Israel",Tirat Carmel,
Spar-Tac d.o.o.,7 - 7-217,"Discover Spar-Tac, a Europe-based tactical military gear brand, specializing in high-performance equipment crafted with input from field experts. We develop gear that withstands demanding conditions and is trusted by military and tactical professionals.",info@spar-tac.com,+385 91 526 9286,https://www.spar-tac.com,"Pilanski put 1a, 10310, Ivanic Grad, Croatia",Ivanic Grad,https://hr.linkedin.com/company/spar-tac
Spectra Sol d.o.o.,8 - 8-203,"Spectra Sol d.o.o. is manufacturer of specialized technical materials for military, police and industrial purposes. The mission of SPECTRA SOL d.o.o. is the development and production of high-quality technical materials that meet the strict requirements of military, police and industrial users. Through a wide range, controlled production and constant process improvement, we aim to ensure the safety, functionality and reliability of our products. We build our business on the basis of innovation, responsibility and focus on the needs of customers at home and abroad. The long-term goal of Spectra Sol d.o.o. is to become a recognizable European brand based on innovation, sustainability and family tradition. We strive for greater market share and exports, new product development, cost optimization and strengthening competitiveness. Our focus is on quality, flexibility towards customers and knowledge transfer to the new generation, with constant investments in technology.",info@spectrasol.hr,+385 91 8888 268,https://www.spectrasol.hr,"Bregovita ulica 24, 49250, Zlatar, Croatia",Zlatar,
Spectralx,7 - 7-281,,info@spectral-x.com,+972 50-711-3949,https://www.spectral-x.com,"12 Shacham St. Caesarea Israel, 3079569, Caesarea, Israel",Caesarea,
Speed Care Mineral GmbH,6 - 6-455,"Speed Care Mineral GmbH is a high-tech company and uses its expertise of mineral processing and refinement primarily for the development, production and distribution of medical products in the field of hemostasis.The development and production of the products takes place 100% at locations in Germany.We combine our expertise in minerals with modern knowledge of medicine and technology to engineer new solutions for the treatment of acute bleeding wounds.",info@speedcaremineral.de,+49 172 4175488,https://www.speedcaremineral.de,"Genzkower Straße 7, 17034, Neubrandenburg, Germany",Neubrandenburg,https://www.linkedin.com/company/speed-care-mineral/
SPEEDSAFE Fleischhauer,9 - 9-651,"Speedsafe stands for individual products and competent, personalized service.Customizing (tailor-made solutions) is our top priority. We are a leading provider of custom-made personal protective equipment (PPE) and technical products. Our portfolio includes innovative in-house developments for authorities, industries, and security personnel. Since 1994, we have been designing and manufacturing products that are hard to find on the market – always with the ambition to offer our customers the best solutions.",info@speedsafe.de,+49(0)2317280243,https://www.speedsafe.de,"Dechenstrasse 29, 44147, Dortmund, Germany",Dortmund,https://www.linkedin.com/company/speedsafe-juergen-fleischhauer/
Springfield Armory,12.0 - 12.0-218,"Since 1974, Springfield Armory has been producing some of the most sought-after firearms in the nation. From the M1A and SAINT rifles line to our 1911, 911 and XD family of pistols. Springfield Armory is truly a name you can trust to defend your legacy. In Europe, the brand is placing its distribution in the safe hands of Ferkinghoff International. For an overview, visit www.waffen-ferkinghoff.com.",cs@springfield-armory.com,+1 800-617-6587,https://www.springfield-armory.com,"650 Weber Drive, 61254, Geneseo, United States",Geneseo,
SSAB EMEA AB,7 - 7-714,"If a plate of protective steel is the only thing standing between a person and a bullet coming with a speed of 925 m per second, than it shoud be the best Armox® safety steel. Whether you're building an armored vehicle for troop transport, a limousine for a corporate VIP, or a panic room for a celebrity, Armox® is a bulletproof steel with proven power to protect life and property.",christoph.bednarz@ssab.com,+49 173 9002689,https://www.ssab.com,"Aspaleden 1, 61380, Oxelösund, Sweden",Oxelösund,https://www.linkedin.com/showcase/armox%C2%AE/posts/?feedView=all
SSI - TURKISH DEFENCE AND AEROSPACE INDUSTRY EXPORTERS' ASSOCIATION (SSI ),12.0 - 12.0-354,,fuar@ssi.gov.tr,+90 3124472740164,https://www.oaib.org.tr,"Ceyhun Atuf Kansu Caddesi No: 120, 06520, Ankara, Turkey",Ankara,
SSZ Camouflage Technology AG,7 - 7-372,"Our products combine advanced camouflage technology with maximum protection. Using cutting-edge innovations, we create solutions that block detection by even the most sophisticated sensors across all relevant spectral ranges. Each product is custom-made to meet client needs, adapted to local conditions for tailored camouflage that exceeds the highest standards.",info@ssz-camouflage.ch,+41417680146,https://www.ssz-camouflage.ch,"Grienbachstrasse 11, 6300, Zug, Switzerland",Zug,https://www.linkedin.com/company/ssz-camouflage-technology-ag
STAHLKONTOR GmbH & Co. KG,7 - 7-660,,info@stahlkontor.de,+49(0)2331.90300,https://www.stahlkontor.com,"Preußerstr. 28, 58135, Hagen, Germany",Hagen,
Stark Future S.L.,7A - 7A-722,,dani.trius@starkfuture.com,+34 662 47 60 98,https://www.starkfuture.com,"Carrer Batan 2, 08830, Sant Boi del Llobregat, Spain",Sant Boi del Llobregat,
Steel Core Designs Ltd.,11.0 - 11.0-323,,mike@steelcoredesigns.com,+44 7834 536616,https://www.steelcoredesigns.com,"Unit 10 Honeycrest Industrial Park, Lodge Road,, TN12 0RX, Staplehurst, United Kingdom",Staplehurst,
STEINER eOptics,12.0 - 12.0-328,,sales@steiner-eoptics.com,+1.937.426-2341,https://www.steiner-defense.com/,"3475 Newmark Drive, 45342, Miamisburg, United States",Miamisburg,
STEINER-Optik,12.0 - 12.0-328,,military@steiner.de,+49-921-7879-0,https://www.steiner-defense.com,"Dr.-Hans-Frisch-Straße 9, 95448, Bayreuth, Germany",Bayreuth,
STERELA DEFENSE,10.0 - 10.0-607,"STERELA target systems for live-fire shooting training are made to help armed & security forces leverage their shooting skills from basic instruction to more advanced training, offering highly real-life-like conditions of training.",fiona.juan@sterela.fr,+33 5 62 11 78 78,https://www.sterela-defense.com,"5, Impasse Pédenau, 31860, Pins-Justaret, France",Pins-Justaret,https://www.linkedin.com/company/sterela-defense
STEYR ARMS,12.0 - 12.0-512,,office@steyr-arms.com,+43(0)7252.896-0,https://www.steyr-arms.com,"Ramingtal 46, 4442, Kleinraming, Austria",Kleinraming,
Strulik GmbH,11.0 - 11.0-101,,contact@strulik.com,+49(0)203.42946-0,https://www.strulik.com,"Am Alten Viehhof 7, 47138, Duisburg, Germany",Duisburg,https://de.linkedin.com/company/strulik-gmbh
Sturm Handels GmbH,7 - 7-250,"The wholesaler Sturm Handels GmbH was founded in 1971 in Rottenburg am Neckar and deals with the utilisation of ex-army stocks as well as the manufacturing and the distribution of clothing and pieces of equipment from the outdoor field. Since 1983 the company has been represented in the USA and since 1990 in Tangermünde, Saxony-Anhalt.",info@sturm-miltec.de,+49 7472 16080,https://www.miltec.de,"Graf-Bentzel-Straße 85, 72108, Rottenburg, Germany",Rottenburg,
Sumitomo (SHI) Cyclo Drive Germany GmbH,6 - 6-343,,scg.info@shi-g.com,+49 8136 660,https://emeia.sumitomodrive.com,"Cyclostraße 92, 85229, Markt Indersdorf, Germany",Markt Indersdorf,
"SureFire, LLC",12.0 - 12.0-537,"Located in Fountain Valley, California US, SureFire LLC is the leading manufacturer of high-performance flashlights, weapon-mounted lights and other tactical equipment for those who go in harm's way, or anyone who demands the ultimate in quality, innovation and performance. SureFire illumination tools are used by more SWAT teams and elite special operations groups than any other brand. SureFire is an ISO 9001:2015-certified company. SureFire LLC mit Sitz in Fountain Valley, Kalifornien, USA, ist der führende Hersteller von Hochleistungs-Taschenlampen, waffenmontierten Lichtern und anderen taktischen Ausrüstungen für diejenigen, die sich in Gefahr begeben, oder für alle, die höchste Qualität, Innovation und Leistung verlangen. SureFire-Beleuchtungsgeräte werden von mehr SWAT-Teams und Elite-Spezialeinsatzgruppen verwendet als jede andere Marke. SureFire ist ein ISO 9001:2015-zertifiziertes Unternehmen.",wwong@surefire.com,+1.714.545-9444,https://www.surefire.com,"18300 Mount Baldy Circle, 92708, Fountain Valley, United States",Fountain Valley,https://www.linkedin.com/company/sure-fire
Swarovski Optik,12.0 - 12.0-318,,info@swarovskioptik.at,+43(0)5223.511-0,https://www.swarovskioptik.com,"Daniel-Swarovski-Straße 70, 6067, Absam, Austria",Absam,
Swiss Eye International GmbH,7 - 7-250,"The product range tactical military & security offers high quality eye protection for special conditions such as for official users or for shooting sport. The ballistic protection glasses from Swisseye combine function and performance. Since years the Raptor is worn by members of police and special teams of the Federal Armed Forces. The participation for international tenders accomplished the sales of the model Raptor to the Spanish Airforce and the Army in Slovenia as well as the Nighthawk to the Turkish military. We delivered more than 750.000 x Raptor and more over 100.000 x F-Tac to the Ukraine. Ballistic protection glasses from Swisseye convince with shatterproof polycarbonate lenses. The ballistic protection glasses are produced according to the strict safety norm EN ISO 12312-1. All of our glasses provide 100% UVA, UVB and UVC protection up to 400 nm (nanometer) without distortion. These ballistic protection glasses also have a special antifog/antiscratch coating which prevents all lenses from steaming up and scratches. www.swisseye-tactical.com",info@swisseye-tactical.com,+49(0)52372316-0,https://www.swisseye-tactical.com,"Nord-West-Ring 14, 32832, Augustdorf, Germany",Augustdorf,
SWISSLOXX AG,10.0 - 10.0-304,"SWISSLOXX AG is a service and distribution company for technical equipment in the security and defense sector. SWISSLOXX AG serves as a service provider for procurement projects, an importer and exporter, and a master distributor for well-known manufacturers whose products are distributed throughout Europe. Behind SWISSLOXX AG is a team of passionate individuals who always go the extra mile to provide our customers with the best possible service, thereby standing out in the market. Located in the Greater Zurich area, we are optimally connected to international transport routes.",OFFICE@SWISSLOXX.COM,+41 43 211 03 22,https://WWW.SWISSLOXX.COM,"Riedstrasse 6, 8953, Dietikon, Switzerland",Dietikon,
Sächsisches Textil- forschungsinstitut e.V.,9 - 9-108,,stfi@stfi.de,+49 371 52740,https://www.stfi.de,"Annaberger Straße 240, 09125, Chemnitz, Germany",Chemnitz,
T.H.E. Company Marketing und Trading GmbH,9 - 9-515,,sales@camaro.at,+43 6232 4201,https://www.camaro.at,"Oberburgau 41, 4866, Unterach, Austria",Unterach,
Tacticagear,6 - 6-142,"Tactica is an Australian product innovation company designing tools that work when it matters. We specialise in mission-critical gear for search and rescue, law enforcement, defense, and serious end users who rely on performance under pressure. Our approach is simple: start with the user, not the trend. We work shoulder-to-shoulder with operators, gather field notes, test in real conditions, and iterate fast. Prototypes get built, broken, refined, and simplified until what remains is intuitive, durable, and ready for deployment. We remove what fails. We keep what works. From the K.220 Search & Rescue Knife with its patent-pending twist-lock sheath, to our precision drivers and firearm multitools developed in official collaboration with leading brands, every product is designed for reliability, safe carry, and effortless use in high-stress environments . Innovation at Tactica is not about adding features. It’s about making the right calls. We run our own race. We follow the user. We design gear that earns its place in the field.",info@tacticagear.com,+61 425 803 616,https://tacticagear.com,"123 Fitzroy st, 3182, St Kilda, Australia",St Kilda,https://www.linkedin.com/in/michaelchijoff/
Tactical Solutions GmbH,6 - 6-239,"Tactical Foodpack makes freeze-dried food you can trust when failure is not an option. Born from the real needs of Estonian Special Forces, our meals are designed for environments where kitchens, time, and logistics are limited or gone. Lightweight. Easy to prepare. No artificial additives. Shelf life up to 8 years. All meals are fully cooked before freeze-drying to preserve taste and nutrition. They work in extreme cold, heat, and stress. Eat straight from the pouch. Just add water. New at Enforce Tac 2026 – BIGBAG solution This year we introduce BIGBAG. A large-scale freeze-dried meal solution designed to feed groups fast, without kitchens or trained staff. One bag feeds 30 people. Just add hot water. Ideal for military units, crisis response, civil defense, and large-scale operations. Used by professionals who cannot compromise on food. Military. Emergency services. Real-world operators.",brigita@tacticalfoodpack.com,+4915209763704,https://www.tacticalfoodpack.com,"Siemensstraße 40, 40721, Hilden, Germany",Hilden,https://www.linkedin.com/company/26206814/
TACWRK,9 - 9-322,"""Action speaks louder than words!"" - at TACWRK we work with the very same principle. We won't make any grand promises but rather convince you with actions. Our goal is to offer our clients more than just equipment and apparel. Along with major international brands such as TASMANIAN TIGER, 5.11 TACTICAL or BLACKHAWK, we also offer exclusive brands like TRIPLE AUGHT DESIGN, ARC'TERYX LEAF, and CRYE PRECISION, which usually are very hard to find in retail stores. We expand our range constantly in order to keep an eye out for new developments. TACWRK offers one very special brand exclusively in Germany: BEAVERFIT. The British company manufactures innovative sports equipment for functional training - ideal for fitness and rehabilitation in deployment. BeaverFit's systems are easy to transport and quickly assembled. In addition, personal service is very important to us. We are convinced, that things can best be dealt with in person. Our team in Berlin consists of former soldiers and guys with experience from Afghanistan - most certainly enough background-knowledge to master your inquiries. We look forward to your challenges.",vertrieb@tacwrk.com,+49 (0)30 536 042 46,https://www.tacwrk.com,"Wilhelminenhofstraße 83-85, 12459, Berlin, Germany",Berlin,https://www.linkedin.com/company/tacwrk/
Taiga AB,7 - 7-644,"Taiga: Gear for the World’s Toughest Jobs For 40 years, Taiga has crafted sustainable, functional workwear to meet the demands of extreme environments and critical missions. From tropical heat to arctic chill, our gear is trusted by military special forces, police units, and emergency responders worldwide. Our military clothing systems, featuring advanced NIR and IRR camouflage, ensure optimal performance in desert heat or freezing mountain ranges. For law enforcement and emergency teams, we deliver tactical uniforms built to protect against harsh elements while meeting the highest safety and functionality standards. Stay dry, warm, and ready—whatever your mission. Explore our Military and Law Enforcement products today.",info@taiga.se,+46(0)340.6669-00,https://www.taiga.se,"Annebergsvägen 3, 432 21, Varberg, Sweden",Varberg,https://www.linkedin.com/company/taiga-ab/
Taiwan DI Technology Co. Ltd.,7 - 7-821,,malong32@gmail.com,+886 921 596 708,,"Rm. 11, 8 F., No. 155, Guanglun Rd., 920002, Chaozhou Township, Pingtung County, Taiwan","Chaozhou Township, Pingtung County",
Taiwan Textile Federation,7 - 7-857,,michaelliu@textiles.org.tw,+886 2 2341 7251,https://www.textiles.org.tw,"5F, #22 AiGuo East Rd., 100, Taipei City, Taiwan",Taipei City,
TAKTOMAT GmbH,12.0 - 12.0-301,,norbert.hofstetter@taktomat.de,+49 8253 99650,http://taktomat.de,"Rudolf-Diesel-Straße 14, 86554, Pöttmes, Germany",Pöttmes,
Tam Target B.V.,11.0 - 11.0-420,,contact@tamtarget.com,+32 486 91 29 74,https://www.tamtarget.com,"Rue victor Cuvelier 18, 7190, Ecaussinnes, Belgium",Ecaussinnes,
Tardigrade Tactical APS,7 - 7-729,,info@tardigradetactical.com,+45 29 21 73 70,https://www.tardigradetactical.dk,"Naverland 17, 1. sal, 2600, Glostrup, Denmark",Glostrup,
TARPA TEXTILE,7 - 7-831,"About Us Sektörün öncü firmalarından Tarpa Tekstil'in temelleri 1950 yılında atılmıştır. Teknik tekstil alanında kumaş üretimiyle başlayan yolculuğumuz, bugün teknik tekstiller konusundaki uzmanlığını ve deneyimini kullanarak hazır giyim ve aksesuar üretimiyle devam etmektedir. Modellemeden kumaş kesimine, dikimden paketlemeye kadar üretimin tüm aşamalarında geniş kabiliyetlerimizi kullanarak müşterilerimizin tüm ihtiyaçlarını karşılamaktayız. Tarpa Tekstil olarak her zaman kullanılabilirliği ve dayanıklılığı ön planda tutarak en kaliteli ürünleri sunmaktayız. Ayrıca müşterilerimizin ihtiyaçlarını dikkatle analiz ederek dürüst fiyatlandırma politikası yürütmekteyiz. 150'den fazla deneyimli çalışanımız ve geniş tedarikçi ağımızla sektöre yatırım yapmaya ve ürün ve hizmetlerimize değer katarak kendimizi geliştirmeye devam ediyoruz.",gokhan@tarpatekstil.com,+90 5072370994,https://www.tarpatekstil.com/,"Firüzköy Bul. No:114 Kat:2, 34325, Avcılar/Firüzköy, Turkey",Avcılar/Firüzköy,
Tasmanian Tiger,7 - 7-229,"As the premium supplier of professional military and police equipment, all Tasmanian Tiger products are made of the very best quality and with the best functionality. The comprehensive development work is always based on the users‘ specific needs and requirements. From prototype to series production, all products are manufactured in the company’s own production facilities. This ensures that a consistently high level of quality is maintained.",info@tatonka.com,+49(0)8205.9602-0,https://www.tasmaniantiger.info,"Robert-Bosch-Straße 3, 86453, Dasing, Germany",Dasing,
TAT3D Targets,7 - 7-485,"TAT3D offers the official user the opportunity to experience shooting training in a new way! TAT3D products make training not only more efficient but also more realistic! Due to the ever more complex tasks that firearms carriers from police, military and security authorities have to face, ever more sophisticated measures and training concepts are required. The life-size 3-dimensional shooting mannequins from TAT3D give the user the opportunity to realize the training concept that suits him best. Regardless of whether it is basic training, dynamic shooting, CQB or precision shooting training. TAT3D - Realistic Life Fire Training Targets",service@mgc-tactical.de,+49(0)9646.8099590,https://www.tat3d-germany.de,"Unterer Rofachweg 15, 92271, Freihung, Germany",Freihung,
Taubenreuther GmbH,7A - 7A-120,,info@taubenreuther.com,+49 9221 95620,https://www.taubenreuther.de,"Am Schwimmbad 8, 95326, Kulmbach, Germany",Kulmbach,
TBT Tiefbohrtechnik GmbH & Co,11.0 - 11.0-320,"TBT – these three letters have stood for the highest quality, precision and customer service in deep-hole drilling production technology for 60 years now. We manufacture deep-hole drilling machines and deep-hole drilling tools and carry out contract manufacturing. As the market leader in our industry, we are driven by one thing above all: To offer our customers full competence and reliability in all aspects of our business. Numerous renowned domestic and international manufacturers in the industry rely on us to process their barrels.",info@tbt.de,+49 7123 976125,https://www.tbt.de,"Siemensstraße 1, 72581, Dettingen an der Erms, Germany",Dettingen an der Erms,https://www.linkedin.com/company/tbt-tiefbohrtechnik
TCH (UK) Limited,9 - 9-158,"TCH is the UK’s leading quality handcuff and baton manufacturer. We emphasise design excellence and quality of manufacture throughout our range. Our Birmingham, UK, factory is ENISO9001 accredited and has EN14001 Environmental accreditation. Our handcuff range, used by every UK Police Force, all British Prison Services and numerous national Police and Prison services around the world, includes chain, hinged, rigid and folding rigid handcuffs. Uniquely, every handcuff in our range can be supplied with traditional one-sided keying or with our new Twinlock system which has keyholes on both sides. Twinlock simplifies training and reduces the likelihood of injury to officers or prisoners during the application and removal of the cuffs. We also offer a high security hinged handcuff with individual keying. TCH also manufactures a range of Police Batons. The TCH Push Button Baton, available in a range of sizes and options, retracts, “at the push of a button”. Our Friction Lock range can also be configured in a variety of sizes, finishes and optional features.",tch@tchuklimited.co.uk,+44(0)121.357-6363,https://www.tchuklimited.co.uk,"111-115 Baltimore Road, B42 1DN, Birmingham, United Kingdom",Birmingham,
Techs,6 - 6-131,"Techs® – Advanced Fabrics by Textil Santanderina At Techs, the technical fabrics division of Santanderina Group, we meet the most demanding challenges in security and defense. Our commitment is clear: to protect those who protect us. What makes us unique? Advanced protection: flame-retardant, antistatic, and resistant fabrics, certified under the strictest international standards. Constant innovation: materials that combine performance, comfort, and durability for high-risk missions. True sustainability: European production with full traceability and environmental commitment. Our fabrics are used in military, police, and tactical uniforms, designed to offer maximum protection without compromising comfort. Each development is the result of collaboration with manufacturers and end users, ensuring solutions adapted to real operational needs. Why choose Techs? Certified quality: ISO standards and EN regulations for total safety. Flexibility: projects tailored to each client. Trusted brand: part of Santanderina Group, a European leader in technical textiles. 📍 Visit us at EnforceTac – Hall 7A / Stand 7-700",techs@tsanta.es,+34 942 70 01 25,https://www.techs.es,"Avda. Textil Santanderina, s/n, 39500, Cabezon de la Sal, Spain",Cabezon de la Sal,https://www.linkedin.com/company/techs-santanderinagroup
TEIJIN ARAMID,7A - 7A-647,"Protected by Twaron® The rising threat of violence has led to an ever-increasing demand for ballistic protection. Teijin Aramid is dedicated to give this ballistic protection with its high-performance Twaron para-aramid fiber. With excellent energy absorption properties, tenacity and impact resistance, Twaron offers effective and comfortable ballistic solutions with an outstanding cost-performance ratio. In the more than 30 years that Twaron has been available on the market, it has helped to save thousands of lives worldwide. Key applications for Twaron are diverse, ranging from ballistic protection of vehicles, to bullet resistant helmets and vests. Armored vehicles based on Twaron protect against projectiles and fragments (including secondary fragments) and still remain light and maneuverable: compared to steel the weight will be reduced between 30-60%. Benefits for Twaron based helmets include a lower Back Face Deformation, low weight and protection against penetration of bullets, shrapnel and hot bomb fragments. Users of Twaron-based bullet resistant vests benefit every day from the lower weight, greater comfort and longer lifetimes of these vests. And, at the same time, also protecting them against the penetration of bullets and fragments. Twaron® is produced in The Netherlands. KEY PROPERTIES OF TWARON® PARA-ARAMID * High strength: excellent strength-to-weight ratio * High modulus * High dimensional stability: very low creep, small negative thermal expansion coefficient * Excellent thermal stability: usable across a wide temperature range, no melting point, high heat stability, low heat conductivity * High cut resistance * Low flammability * Electrically non-conductive * Long lifetime More information: www.teijinaramid.com/twaron",ballistics@teijinaramid.com,+49(0)202.7671-9800,https://www.teijinaramid.com,"Kasinostraße 19-21, 42103, Wuppertal, Germany",Wuppertal,https://www.linkedin.com/company/teijinaramid/?originalSubdomain=de
TEJIDOS ROYO SL - Royotec Division,6 - 6-461,"Royotec is the technical fabrics division of Tejidos Royo, one of the most sustainable textile companies in the world and leading manufacturer in fashion and denim for over 120 years. Fabrics intended for manufacturing protective garments, suitable for work protection and rider protection. Developed to provide a market differentiation and with an added value component. They are produced in Spain in accordance with the EU legislation, provided with official certifications, and with the utmost respect for the environment. Applying our expertise to protect people Advanced protective solutions tailored for a wide range of professional needs. Flame resistant cut resistant, anti static, tactical protection fabrics and more Deep and lasting colors for both piece and fibre dyed options Sustainable technologies and recycled cotton Meeting the requirements of the relevant international standards Discover our full range in Royotec website: https://royotec.com/ Sustainability woven in our DNA ROYOTEC is proud to be part of one of the most sustainable textile companies in the world. Unique sustainable technologies: DRY Indigo can dye with zero water, reducing chemicals and energy usage, and eliminating water discharge. Recycled cotton - GRS certified Textiles certified safe for human health - OEKO-TEX® Standard 100 Energy efficiency in every step",cristina.mkt@tejidos-royo.com,+34 961 24 03 00,https://www.royotec.com,"Pol. Ind. Picassent, Calle 4, N1, 46220, Valencia, Spain",Valencia,https://www.linkedin.com/company/royotec/
TEKONF AB,7 - 7-742,"At Tekonf, we specialise in cutting, punching, and assembling soft materials. We call it Technical Confection . In order to meet the needs and requirements of our clients, we have developed both expertise and machinery over the years to work with a wide range of soft materials, including PVC fabrics, textiles, foam, fibreglass fabrics, rubber sheeting and wool. Customer specific products with high requirements is in our DNA.",rfq@tekonf.se,+46 63 685 65 00,https://tekonf.se/,"Gripengränd 8, 832 56, Frösön, Sweden",Frösön,https://se.linkedin.com/company/tekonf
TEKSAM GMBH,6 - 6-244,"Teksam GmbH is the German sales subsidiary of the Belgian manufacturer Teksam Company NV. Under the brand names Teklite, Clark Masts and TekMast, we offer a wide range of lighting masts and pneumatic and mechanical telescopic masts for heights of up to 50m and a max. head load of 300kg. Our strength lies in the implementation of customer-specific requirements and the continuous development of our products.",info@teksam.de,+49 2202 2396300,https://www.teksam.de,"Senefelder Straße 19, 51469, Bergisch Gladbach, Germany",Bergisch Gladbach,www.linkedin.com/in/ralf-noerenberg-27b77992
Telerob Gesellschaft für Fernhantierungstechnik mbH,7A - 7A-118,"Telerob Gesellschaft für Fernhantierungstechnik mbH was founded in 1994 and is a leading manufacturer of defense and homeland security products based in Ostfildern near Stuttgart, Germany. The product range includes the industry's most advanced unmanned ground vehicles, including the EOD robot tEODor EVO and the various models of the telemax EVO family, as well as fully equipped mission vehicles that are individually configured according to customer requirements. Telerob's state-of-the-art solutions safely and effectively perform a variety of hazardous missions, such as explosive ordnance disposal (EOD), hazardous materials handling (HAZMAT) and chemical, biological, radiological and nuclear (CBRN) threat reconnaissance. The rugged ground vehicles are all-terrain and feature some of the most advanced, specialized precision manipulators, autonomy functions and intuitive operation, providing a high degree of mission flexibility. In 2021, AeroVironment Inc., a global leader in unmanned aerial systems (UAS), acquired Telerob. This transaction combines the two global leaders in the fields of unmanned aerial systems (UAS) and unmanned ground vehicles (UGV) into one provider of holistic, integrated system solutions on water, on land, in the air and in near space.",info@telerob.com,+49(0)711.34102-0,https://www.telerob.com,"Vogelsangstraße 8, 73760, Ostfildern, Germany",Ostfildern,
TERRA B GmbH,7 - 7-465,"TERRA B GmbH is a Berlin-based manufacturer of high-quality tactical equipment that develops products such as protective vests, belts, and various tactical accessories in close collaboration with active personnel and produces them in its own workshop.",sales@terra-b.de,+49 30 549070470,https://www.terra-b.de,"Lise-Meitner-Straße 39-41, 10589, Berlin, Germany",Berlin,https://de.linkedin.com/company/terra-b-gmbh
TFB Ballistic Systems GmbH,12.0 - 12.0-228,"Planning, construction and maintenance of shooting ranges, especially for military, police and security use Planning and development of bullet trap systems and elements for tactical training and further education Polyurethane bullet trap construction - over 10 years experience in construction and maintenance Interior construction of indoor shooting ranges RSA Import, export and trade in goods of all kinds, in particular ballistic security steel and engineering plastics Poly Urethane / PU /PUR",vetter@tfb-ballistic.de,+49(0)8442.9559589,https://www.TFB-ballistic.de,"Mühlweg 14, 85283, Wolnzach-Königsfeld, Germany",Wolnzach-Königsfeld,
Thales Deutschland,7 - 7-443,"We reliably support armed forces against threats of any kind and help them achieve and maintain tactical superiority and strategic independence. In complex military scenarios, far-reaching decisions must be made correctly in the shortest possible time. Thales supports this with innovative and integrated solutions for surveillance, reconnaissance, operations, as well as in the areas of training and simulation. Our comprehensive portfolio offers the widest possible range for every mission across the domains of land, sea, air, and cyber. From intelligent sensors to advanced defense systems for networked combat, to the connectivity and equipment of soldiers on the digital battlefield, our systems ensure information superiority.",DE-Communications@thalesgroup.com,+49(0)7156.303-0,https://www.thalesgroup.com/germany,"Thalesplatz 1, 71254, Ditzingen, Germany",Ditzingen,https://linkedin.com/company/thales
The Kinetic Group,10.0 - 10.0-136,,mkinn@tkghunt.com,+1.763.433-1000,https://www.thekineticgroup.com/,"900 Bob Ehlen Drive, 55303, Anoka, United States",Anoka,https://www.linkedin.com/company/thekineticgrp
THE MALAMUTE,7 - 7-568,,mail@the-malamute.com,+49 173 8327807,https://www.the-malamute.com,"Haferkornstraße 15, 04129, Leipzig, Germany",Leipzig,
The Original Footwear Company,6 - 6-173,"Original Footwear Co. is a pioneer and global leader in the manufacturing and distribution of tactical footwear since 1999. Our elite brands, ALTAMA® and Original SWAT®, provide superior, mission-built quality for military, first responders, and tactical personnel to keep those who serve standing tall and pushing forward.",hroach@originalfootwear.com,423.226.6816,https://originalfootwear.com/,"5968 Commerce Blvd., 37814, Morristown, United States",Morristown,https://www.linkedin.com/company/original-swat/
The Safariland Group,7 - 7-552,"The Safariland Group, a company with a rich heritage in the law enforcement and sporting markets, encompasses a group of recognized and well-respected brands known for their innovation and quality. We are committed to focusing on the customer first in all we do. Our mission, Together, We Save Lives, is much more than a statement; it is a creed we live by. Innovation. Performance. Excellence. Legacy. At The Safariland Group we live these values every day. We live them when we empower over two thousand people to design, engineer, research and deliver our protective equipment products to those that keep us safe. We live them as we continuously seek new innovations to add to the premier group of Safariland product lines that protect law enforcement, military and security professionals. We live them when we help save lives. Our Safariland SAVES CLUB® has chronicled and honored over 2,035 public safety professionals whose lives have been saved, in part through using our products. We’re proud of who we are and what we do.",jim.marth@safariland.com,+1 904-312-1136,https://www.safariland.com,"13386 International Parkway, 32218, Jacksonville, United States",Jacksonville,
Theissen Training Systems NV,12.0 - 12.0-206,,info@theissentraining.be,+32 89 65 13 70,https://www.theissentraining.com,"Industrieweg-Noord 1150, 3660, Oudsbergen, Belgium",Oudsbergen,
THEON SENSORS S.A.,12.0 - 12.0-554,"THEON SENSORS, part of THEON GROUP, is a leading developer and manufacturer of customizable night vision, thermal imaging systems and Electro-Optical ISR systems for military and security applications in Europe with a global footprint. THEON started its operations in 1997 from Greece and today occupies a leading role in the sector thanks to its international presence through subsidiaries and production facilities in Greece, Cyprus, Germany, the Baltics, the United States, the Gulf States, Switzerland, Denmark, Belgium, Singapore and South Korea. THEON has more than 200,000 systems in service with Armed and Special Forces in 71 countries around the world, 26 of which are NATO countries. All products are designed in house by an experienced team of engineers who are highly skilled experts in their fields, including optical, mechanical, electronic engineering, software engineering, computer vision engineering, AI engineering, as well as systems design. As a result, THEON is able to adjust, develop and customize its products to specific customer requirements, which it considers a comparative advantage in the market. Emphasis is given on providing high performing and ergonomically advanced systems that increase the soldier’s safety and mission success rate during night operations. THEON designs and manufactures cutting-edge optoelectronic devices across both man-portable and dismounted platform-based systems that allow the visualization of images in low light or obscure conditions using different state-of-the-art technologies. Moreover, THEON designs and manufactures Multi-Sensor Electro-Optical Systems either installed in vehicle/vessel platforms for “On the move” ISR Applications or used for “Fixed ground” Border/Coastal Surveillance. THEON develops tailored solutions in response to specific customer requirements and this in a shorter time than anyone else in the industry. Consulting and training courses at all levels, professional and complete after sales support are other key elements of the company’s international success. Additionally, complete local maintenance support solutions are provided that help the end user make the right investment decisions with the best logistic and support infrastructure. All THEON SENSORS’ systems are rigorously tested prior to market entry, following military standard test procedures and highest quality assurance and control criteria. The company maintains a Quality Management System which is in accordance with the requirements of EN ISO 9001:2015 and ISO 14001:2015 for the Design, Production and Trading of Electro-optical systems. The manufacturing facilities and the company’s personnel have NATO security clearance for defense related projects.",info@theon.com,+30 210 6641420,https://www.theon.com,"57, Ioannou Metaxa str., 19441, Koropi - Ατηενσ, Greece",Koropi - Ατηενσ,http://www.linkedin.com/company/theon-sensors-s-a-
Thirdeye Systems,7A - 7A-630,,mia@thirdeye-systems.com,+972 52-567-3421,https://www.thirdeye-systtems.com,"Beni Gaon 12 Natanya, 4250803, Natanya, Israel",Natanya,
"Tilak, a.s.",9 - 9-155,,tilak@tilak.cz,+420.583.211-425,https://www.tilak.cz,"Zerotinova 627/81, 787 01, Sumperk, Czechia",Sumperk,
TIMTEC d.o.o.,7A - 7A-201,"TIMTEC Ltd. specializes in the rapid design, development, and production of defense systems and components for complex platforms. Its expertise includes Class 3 UAV-OPVs, Class 1 FPVs-UAVs, multi-layer counter-drone systems, multi-link, multi-path tactical communication hubs, and related electronic hardware and software. We supplied advanced electro-optical devices to NATO marine forces and are developing a fleet of optionally piloted 750 kg MTOM systems with advanced defensive weapons concept with network centric warfare capabilities. The company is also actively working with partners on area-denial systems as well as network-centric warfare solutions, some of which have already been field tested with major armed forces .",info@timtec.eu,+386 51 628 790,https://www.timtec.eu,"Goriška cesta 6c, 5271, Vipava, Slovenia",Vipava,
Titan Technology GmbH,9 - 9-636,,info@titanscope.com,+49(0)2433.940180,https://www.titanscope.com,"An der Feuerwache 9, 41836, Hückelhoven, Germany",Hückelhoven,
TQ DNIPRO,6 - 6-345,"TQ DNIPRO™ (Ukraine) — Tactical Medical Solutions Built for Real Life Saving Founded in 2005 as a textile manufacturer and transformed in 2022 into a specialized developer of tactical medical equipment, TQ DNIPRO™ emerged from real battlefield needs. Today we are a Ukrainian manufacturer of certified, combat-tested medical and tactical gear designed for military personnel, medics, emergency services, and first responders worldwide. Our philosophy is simple: Effectiveness. Speed. Reliability. Every product is engineered so that in a critical moment, it works — immediately, intuitively, and without compromise. What makes us different: Evidence-based design and combat experience from Ukraine In-house R&D, testing laboratory, and production Multi-level quality control and full process traceability ISO 9001:2015 and ISO 13485:2016 certified Use of proven global materials + proprietary innovations Close cooperation with medics, military units, and EMS Our key product lines: TQ DNIPRO™ Gen 2 Hemostatic Tourniquet — NATO-codified (NSN 6515-61-017-6778), EUDAMED registered, MHRA & ARTG compliant, patented, and trusted across NATO countries Tactical and EMS gear (pouches, IFAKs, medic bags) We are not just a supplier — we are a life-saving partner. During the war, more than 450,000 tourniquets have reached the frontlines through charities, volunteers, and donations. We exhibit globally and work with partners across Europe, the UK, and Australia. At EnforceTac, we look forward to meeting professionals who share our mission: Working together to save lives.",globalsales@dnipro-tmt.com,+380671157047,https://tqdnipro.com/en,"Beleliubskoho Street, 68, 49019, Dnipro, Ukraine",Dnipro,https://www.linkedin.com/company/tqdnipro
TQ-Systems GmbH,6 - 6-409,"TQ, headquartered in Seefeld near Munich, is an electronics solution provider with strong roots as an E²MS service provider. Our customer base includes national and international companies from various industries such as energy, medicine, logistics, aerospace and building automation. Whether startup, medium-sized company or corporate group, TQ offers support for every company in every phase of the product life cycle. Certified and awarded several times.",info@tq-embedded.com,+49 8153 93080,https://www.tq-group.com,"Mühlstraße 2, 82229, Seefeld, Germany",Seefeld,https://www.linkedin.com/company/tq-systems-gmbh/
Trango Systems,12.0 - 12.0-163,,eitan@trango-sys.com,+972 54971447,https://www.trango-sys.com,"Hatahna 1 Kpar Saba, 4453001, Tel Aviv, Israel",Tel Aviv,
Trans-Textil GmbH,6 - 6-303,"Trans-Textil GmbH from Freilassing (Bavaria) counts among the most technologically advanced companies in the development and manufacture of functional textiles by means of lamination, membrane technologies, coating, finishing and printing processes. The “Made in Germany” functional textiles are used in the protective and call-out gear worn by defence and security forces, police and special task forces as well as in the protective public service clothing and personal protective equipment worn by fire and rescue services. Other areas of application include military personal protection and security services, both with and without signature suppression, functional components for safety shoes and duty boots as well as gloves, particle protection and technical applications, for instance in the VAP® lightweight construction process. Within these areas, the multilayer, multifunctional laminate systems – whether used as a custom development or as part of contract processing – meet the technical performance requirements and specifications of international tenders as well as the combined requirements of the European standards for high-visibility clothing (EN 20471), firefighter turnout gear (EN 469) and heat-protective clothing (EN 11612), clothing to protect against poor weather conditions (EN 343) and against cold (EN 342), antistatic protective clothing (EN 1149), surgical gowns and drapes (EN 13795) and safety shoes (EN 344-1). The Trans-Textil team, comprising around 100 members of staff, also documents its dedication beyond these statutory requirements, for instance by having its products certified according to the latest human ecology criteria under the Öko-Tex® Standard 100 as well as certification according to EN ISO 9001, EN ISO 14001 and the Global Recycled Standard (GRS). With its voluntary services, the company has gone the extra mile to support the Bavarian State Government’s Environmental and Climate Pact for many years now.",info@trans-textil.de,+49 8654 6607458,https://www.trans-textil.de,"Pommernstraße, 11-13, 83395, Freilassing, Germany",Freilassing,
Transvaro,6 - 6-432,"TRANSVARO is a leading company in the design and manufacturing of day/night vision systems, thermal imaging solutions, multi-sensor surveillance systems, fusion devices, tactical products, sniper detection systems, IR/Laser devices, gimbals and border surveillance systems. Based in Istanbul, Türkiye, TRANSVARO operates three facilities across the country, ensuring the highest level of service for our customers. With over 35 years of experience in providing high quality solutions in electronic and electro-optical systems, we proudly serve as a key supplier to the Turkish Armed Forces, Law Enforcement Agencies, Security Forces, Gendarmerie, Air Forces, and numerous international partners who rely on our advanced technologies.",info@transvaro.com,+90(0)2124730100,https://transvaro.com/en/,"Halkali Merkez Mahallesi, 34303, Kücükcekmece-Istanbul, Turkey",Kücükcekmece-Istanbul,https://tr.linkedin.com/company/transvaro
Trelleborg Engineered Coated Fabric,6 - 6-459,,julia.malo@trelleborg.com,+1 959-260-2933,https://www.trelleborg.com,"715 Railroad Avenue, 28139, Rutherfordton, United States",Rutherfordton,
Trijicon Inc,10.0 - 10.0-428,"FOR THOSE WHO DEFEND FREEDOM. AND THOSE WHO ENJOY IT. Trijicon® has led the industry in the development of superior any-light aiming systems since the company’s founding in 1981. We are proud to supply the Official Rifle Combat Optic (RCO) and official Squad Common Optic (SCO) of the U.S. Marine Corps (ACOG® and VCOG®), the official USSOCOM Miniature Aiming System Day Optic (RMR®), as well as partnering with government, state and local law enforcement agencies for decades (Night Sights). We are equally as excited, however, to create innovative aiming systems for shooting and hunting enthusiasts around the world. These systems include industry-leading riflescopes, red dot sights, electro optics and iron sights. MADE IN THE USA The vast majority of Trijicon products, including ACOG®, VCOG®, RMR®, RMR® HD, RMR®cc, RCR™, SRO®, MRO®, Iron Sights, MGRS®,Thermal Optics and Mounts are designed, engineered, machined, and assembled at our facilities in Wixom, Michigan or Auburn, California, and are therefore 100% Made in the USA. In Europe, the brand is placing its distribution in the safe hands of Ferkinghoff International. For an overview, visit www.waffen-ferkinghoff.com.",cvarner@trijicon.com,+1.248.960-7700,https://www.trijicon.com,"49385 Shafer Avenue, 48393, Wixom, United States",Wixom,
TROUT GmbH,6 - 6-447,,go-@trout-gmbh.de,+49 561 81049711,https://www.trout-gmbh.de,"Parkstraße 28, 34119, Kassel, Germany",Kassel,
TSS International BV,7A - 7A-109,"TSS International has been your trusted mobility specialist for armored vehicles for almost 50 years. The following products are available: complete heavy-duty wheel assemblies including runflat systems, Movit brakes and heavy-duty shock absorbers. This means we can offer you all components in the area of mobility and in perfect synergy. We can also protect your OEM fuel tank by coating it to make it self-sealing and flame retardant. Our Skydex floor mats absorb the extreme energy and impact of an IED explosion under the vehicle. Now we can also offer you Skydex upgrades for ballistic helmets, the ISOFIT. This gives you even better protection and further increases wearing comfort. Visit our stand, you can find us here: Hall 7-845",sales@tssh.com,+31(0)1806.18922,https://www.tssh.com,"Zuideinde 30-34, 2991 LK, Barendrecht, Netherlands",Barendrecht,
TWK-ELEKTRONIK GmbH,12.0 - 12.0-144,,info@twk.de,+49 211 961170,https://www.twk.de,"Bismarckstraße 108, 40210, Düsseldorf, Germany",Düsseldorf,
TÜV SÜD Product Service GmbH,9 - 9-655,"TÜV SÜD is a trusted partner of choice for safety, security and sustainability solutions. It specialises in testing, certification, auditing and advisory services. Since 1866, the company has remained committed to its purpose of enabling progress by protecting people, the environment and assets from technology-related risks. Through more than 28,000 employees across over 1,000 locations, it adds value to customers and partners by enabling market access and managing risks. By anticipating technological developments and facilitating change, TÜV SÜD inspires trust in a physical and digital world to create a safer and more sustainable future.",meineanfrage@tuvsud.com,+49 89 50084747,https://www.tuvsud.com/cybersecurity,"Ridlerstraße 65, 80339, München, Germany",München,https://www.linkedin.com/company/tuvsud
ULBRICHTS Protection,9 - 9-410,"ULBRICHTS Protection from Schwanenstadt (Upper Austria), a business unit of ULBRICHTS GmbH, develops and manufactures ballistic helmets made of polytanium. The company's international customer base includes first responders, special police units, and other police units, as well as military units. The company is a pioneer in ballistic head protection and regularly sets new technical standards in terms of genuine protection, comfort, and design. The OPTIO is the latest generation and offers TRUE boltless protection beyond NIJ IIIA level.",thomas.poandl@ulbrichts.com,+43(0)7673.2781-0,https://www.ulbrichts.com,"Kaufing 34, 4690, Schwanenstadt, Austria",Schwanenstadt,https://www.linkedin.com/company/ulbrichts/
UMX,7A - 7A-744,"Umarex Corporate Group is an internationally active group of companies headquartered in Germany. The owner-managed company employs over 1,300 people in its production facilities and distribution subsidiaries. As the world’s leading manufacturer of compressed air guns, Umarex has stood for performance, reliability, and customer service for more than 50 years. In the UMX division, Umarex in Germany develops and produces Less Lethal equipment for the government market.",umx@umarex.de,+49(0)2932 638 281,https://umx.solutions,"Donnerfeld 2, 59757, Arnsberg, Germany",Arnsberg,
UTACTIC LLC,6 - 6-337,,info@utactic.com,+380 68 863 1570,https://www.utactic.com,"str. Lviv highway 3, 81600, Mykolaiv, Lviv region, Ukraine","Mykolaiv, Lviv region",
UTEXBEL N.V.,6 - 6-270,"Founded in 1929 in Ronse – Belgium, UTEXBEL is a fully vertically integrated textile group from fiber to finished fabric, market leader in public procurement, industrial protective workwear, leisure wear and technical textiles. With passion and professionalism, UTEXBEL develops, produces & commercializes high-quality yarns and fabrics, where respect for the environment, the well-being of the employees as well as the safety and comfort of the end users are paramount. UTEXBEL is OEKO-TEX STeP certified, which means that various sustainability objectives are anchored in the daily policy.",info@utexbel.be,+32 55 23 12 11,https://utexbel.com/de/,"30 César Snoecklaan, 9600, Ronse, Belgium",Ronse,https://www.linkedin.com/company/utexbel/?viewAsMember=true
UVEX ARBEITSSCHUTZ GMBH,7 - 7-376,"The uvex group brings together four companies under one roof: the uvex safety group, the uvex sports group (uvex sports and Alpina), the Filtral group (Filtral and Primetta) and Protecting People GmbH for B2C operations. The uvex group is represented in 22 countries by 49 subsidiaries but chooses to do most of its manufacturing in Germany. As a partner of elite international sport, uvex equips countless top athletes around the globe. The guiding principle – protecting people – is the mission and the duty of the company. To this end, the uvex group develops, manufactures and distributes products and services for the protection of people in sports, leisure and at work.",serviceteam@uvex.de,+49(0)800.6644893,https://www.uvex-safety.de,"Würzburger Straße 181 - 189, 90766, Fürth, Germany",Fürth,https://www.linkedin.com/company/6229121
VANEDA,6 - 6-435,VANEDA is a Turkish shoes and boots manufacturer company founded in 2004. The main product group is 100% waterproof tactical boots and shoes with double injected outsole which provides durable and longterm using with comfort during your outdoor activities,info@vaneda.com,+90(0)212.472-5555,https://www.vaneda.com,"Omerli Mah.Hakki Ileri Cad., 34555, Arnavutkoy / Istanbul, Turkey",Arnavutkoy / Istanbul,https://www.youtube.com/redirect?event=channel_description&redir_token=QUFFLUhqbHNRMzhqTFNZWUl6LVRuTEFWa3M1UFJjNFU0UXxBQ3Jtc0trOEdzVFVvNlVDQVlwczZmalFYQklMaHgxbzJVV1ZHSmZrWTJhOElHRjZoV29oUlRIVVh3R2FzM0lVcGJ2X0F1VmI3eThFUlB0Nm1lX1BCMEVseVZXVWdmbzJZOUNCWFFHY1N4NDV5N3pkLXBaU3N2WQ&q=https%3A%2F%2Fwww.linkedin.com%2Fcompany%2Fvaneda
Varita Inc.,9 - 9-156,,admin@parraltac.com,+1 416-458-2750,https://www.parraltac.com,"43 Barrington Ave, R2M 2A4, Winnipeg, Canada",Winnipeg,
Varusteleka Oy,6 - 6-250,"Varusteleka is a Finnish military clothing and gear manufacturer founded in 2003. We employ over 70 dedicated professionals and had a turnover of 20.4 million euros in 2023. We make layered clothing, load-bearing equipment, and other mil-spec gear for military and law enforcement units, reservists, competitive shooters, and demanding hobbyists worldwide. Hailing from the North, we excel in producing gear for very challenging weather conditions. All our mil-spec products are manufactured in Europe to ensure high quality and supply security.",sales@varusteleka.com,+358 50 3553744,https://www.varusteleka.com,"Hankasuontie 11a, 00390, Helsinki, Finland",Helsinki,https://www.linkedin.com/company/varusteleka/
VDE,6 - 6-368,"About VDE VDE, one of the largest technology organizations in Europe, has been regarded as a synonym for innovation and technological progress for more than 130 years. VDE is the only organization in the world that combines science, standardization, testing, certification, and application consulting under one umbrella. The VDE mark has been synonymous with the highest safety standards and consumer protection for more than 100 years. Our passion is the advancement of technology, the next generation of engineers and technologists, and lifelong learning and career development “on the job”. Within the VDE network more than 2,000 employees at over 60 locations worldwide, more than 100,000 honorary experts, and around 1,500 companies are dedicated to ensuring a future worth living: networked, digital, electrical. Shaping the e-dialistic future. The VDE (VDE Association for Electrical, Electronic & Information Technologies) is headquartered in Frankfurt am Main. For more information, visit www.vde.com About the VDE Institute The VDE mark is synonymous with safety and quality in electrical devices, components and systems for more than 100 years. The VDE Institute - a subsidiary of the VDE Group - is a worldwide partner for industry customers, business, government authorities, the electrical trade and consumers. More than 100,000 devices per year are subjected to product, quality and safety tests by the VDE Institutes independent testing engineers before they receive the VDE mark. Around the globe, VDE experts monitor more than 7,000 production facilities. Cooperation agreements with more than 50 countries ensure that the tests performed by the VDE Institute are internationally recognized. 200,000 types of products with millions of model variants bear the VDE mark worldwide. The VDE Testing and Certification Institute GmbH, a non-profit organization, employs more than 500 people in Offenbach am Main. For more information, visit www.vde.com/institute",vde-institut@vde.com,+49 69 83060,https://www.vde.com,"Merianstraße 28, 63069, Offenbach am Main, Germany",Offenbach am Main,https://www.linkedin.com/company/vde-group/
VECTED GmbH,10.0 - 10.0-133,"A CLEAR LEAD IN THERMAL IMAGING TECHNOLOGY Thermal imaging technology is our core competency. From the front-end sensors to back-end displays, we develop and produce all our electronics and image processing systems in house. Thus, our components and devices are ITAR free. Instead of so-called thermal imaging cores, we use a fully integrated system that incorporates the sensor and display, with controls, image processing and a user interface forming a deeply networked overall system. That expertise allows us to both manufacture our own thermal imaging devices and develop tailored thermal imaging solutions for you, our customer.",info@vected.de,+49(0)911.960687-0,https://www.vected.de,"Melli-Beese-Straße 24, 90768, Fürth, Germany",Fürth,https://www.linkedin.com/company/vected-gmbh/
VEGA HOLSTER SRL,9 - 9-537,"Vega Holster is a leading international manufacturer of professional holsters and tactical equipment. We specialize in high-performance holsters, duty belts, magazine and handcuff cases, pouches, bags, gloves, and a wide range of accessories. Our products are crafted using premium materials, including top-grade Italian leather, rugged nylon/cordura, and advanced polymers engineered for thermo and injection molding.Our products are made for professional use by police, law enforcement, military personnel, security, personal defense, and shooting sports.",info@vegaholster.com,+39.0587.48-9190,https://www.vegaholster.com,"Via di Mezzo 31, 56012, Calcinaia, Italy",Calcinaia,
VERTX,9 - 9-147,"The Vertx story started when a top federal agency directly requested a more functional, comfortable and versatile low profile tactical pant. Leveraging over 175 years of experience, the Fechheimer Brothers Company worked side-by-side with operators to develop the industry’s first tactical pant that combined superior functionality with a low visual profile. After an incredible reception by the industry, Vertx continued to utilize world-class designers to develop low profile apparel, tactical garments and low profile concealed carry bags and packs. Today, Vertx is trusted by the nation’s top operators and prepared professionals for our innovative designs, functionality, fit and versatility. As we look to the future, we stand ready to work side-by-side with today's prepared professionals to continue to design, develop and offer the best and most innovative products possible.",abinion@vertx.com,+1.513.793.5400,https://www.vertx.com,"4545 Malsbary Rd, 45242, Cincinnati, United States",Cincinnati,https://www.linkedin.com/company/vertxfech/
Vibram SPA,7 - 7-521,,vibram@vibram.it,+39 0331 999777,https://www.vibram.com,"Via C.Colombo 5, 21041, Albizzate, Italy",Albizzate,
VIGOR d.o.o.,9 - 9-149,,darkovigor@gmail.com,+381.12250362,https://www.vigoretikete.com,"Baje Sekulica BB, 12000, Pozarevac, Serbia",Pozarevac,
VTQ Videotronik GmbH,9 - 9-174,"VTQ Videotronik GmbH is a medium-sized technology company specializing in the development, production, and distribution of electronic components, devices, and systems. Our portfolio ranges from high-quality end products for professional video and data transmission systems to comprehensive development, engineering, and manufacturing services. We support the entire product lifecycle, from the initial concept and development through series production and after-sales service. Customers and partners around the world rely on our customized services and solutions in the industrial, medical, railway, automotive (mobile equipment), and governmental sectors.",main@vtq.de,+49 34771 510,https://www.vtq.de,"Grüne Straße 2, 06268, Querfurt, Germany",Querfurt,https://www.linkedin.com/company/12235233/
VÖLKL GmbH & Co. KG,7 - 7-378,,info@voelkl-shoes.com,+49(0)3529.513345,https://www.voelkl-shoes.com,"August-Bebel-Straße 14, 01809, Heidenau, Germany",Heidenau,
W+R PRO GmbH,9 - 9-565,"The W+R Group is one of the largest manufacturers in Europe of high-quality and technically sophisticated gloves for a wide range of applications. In addition to the industrial and sports sectors, we have extensive experience from numerous international projects for tactical gloves in the military and police segment including special forces and customs authorities in Germany, Europe and all over the world. W+R was founded in 1928 and is still a family owned company. Our head office located in Metzingen, Germany, is the home of the administration department, a creative development team, a production department for small series and the entire warehouse logistics.",info@wr-pro.de,+49(0)7123.9674-0,https://www.wr-pro.de,"Carl-Zeiss-Straße 5, 72555, Metzingen, Germany",Metzingen,https://de.linkedin.com/company/wr-gloves
W. L. Gore & Associates GmbH,7 - 7-437,"W. L. Gore & Associates is a global materials science company dedicated to improving industries and lives. Since 1958, Gore has been solving complex technical challenges in demanding environments - from outer space to the world's highest peaks tothe inside of the human body. With approximately 13,000 employees and a strong, team-oriented culture, Gore generates annual revenues of $5.3 billion. gore.com",prezept3@wlgore.com,+49(0)89 4612-0,https://www.goretexprofessional.com,"Hermann-Oberth-Straße 24, 85640, Putzbrunn, Germany",Putzbrunn,https://www.linkedin.com/showcase/gore-tex-professional/
W.AG Funktion + Design GmbH,8 - 8-213,"Whether image-promoting presentation cases for sales representatives, functional machine cases for the automotive industry or protective photo cases for photographers: W.AG Funktion + Design is ""the"" case manufacturer for innovative companies when it comes to marketing and public image. With almost 100 injection-moulded case types and 6 attractive models, flexible design options, modern printing processes, custom-fit foam inlays and a high level of functionality and user-friendliness, we are unique among German case manufacturers. Our cases are used as professional and functional unique promotional items in both the B2B and B2C sectors and - depending on the model - are available with numerous add-ons and accessories. In short - we offer you Part of Perfection.",info@wag.de,+49 36967 6740,https://www.wag.de,"Wiesenweg 10, 36419, Geisa, Germany",Geisa,https://www.linkedin.com/company/5283373
WAIMEX Jagd-und Sportwaffen GmbH,12.0 - 12.0-448,"Since its foundation in 2009, Waimex has become an established partner of the specialized trade. As a wholesale company for hunting and sporting firearms, ammunition, reloading, optics and accessories, we exclusively serve licensed specialized traders, security companies and authorities. Top manufacturers such as Smith & Wesson, Heckler & Koch, Fabarm, Akkar, Tanfoglio, Noblex and many more have been trusted business partners of our company for many years.",info@waimex.com,+49(0)911-376632-0,https://www.waimex.com,"Benno-Strauß-Straße 41, 90763, Fürth, Germany",Fürth,
Waitkus Engineering GmbH,7A - 7A-717,"The WAITKUS Group is an owner-managed group of companies with over 30 years of experience in engineering, manufacturing and system solutions for security and defence-related applications. As a comprehensive industrial partner, the group covers industrial engineering, prototype and plant construction, modern manufacturing technologies including additive processes, and robust system solutions for authorities, security forces and civil defence. The focus is on functional, resilient and mission-critical solutions, developed and manufactured with a high degree of technical depth, quality and reliability. The WAITKUS Group supports projects from the concept phase to series production and stands for partnership-based cooperation in demanding, security-critical environments.",info@waitkus-engineering.com,+49 751 7649000,https://www.waitkus-group.com,"Hähnlehofstraße 71, 88250, Weingarten, Germany",Weingarten,https://www.linkedin.com/company/waitkus
Walaris GmbH,7A - 7A-720,"Walaris is a signal processing and sensor fusion software company that uses hardened artificial intelligence to fuse and process real-time data from sensor arrays. Walaris developes a computer vision AI software for the detection, classification and tracking of objects like drones , tanks and ships . In combination with our sensor fusion platform we use radar, RF and acoustic sensors for primary detection and Eo/IR cameras for the verification of threats. This way we are fit for various usecases in the air, land and maritime domain. Designed for processing at the edge, Walaris´s AI platform “AirScout” locally fuses data from deployed sensors, running billions of computations in real-time to identify known patterns or objects. AirScout’s hardware-agnostic software can be rapidly upgraded or downgraded with different sensors or optics and seamlessly integrated with third-party sensors and command-and-control systems through its easy-to-use API.",David.Sonntag@eu.walaris.com,+49 173 4604081,https://www.walaris.de,"Stephanstraße 49, 90478, Nürnberg, Germany",Nürnberg,
Walkstool,7 - 7-658,"Walkstool is a Swedish invention and the only three legged stool in the world with telescopic legs, patents and trade mark protections. The first model of Walkstool was introduced on the market at the end of 1997. Telescopic legs offer two sitting positions; with or without folding out the lower legs. Walkstool is small, compact, light and with an outstanding sitting comfort. Walkstool is sold to app 45 countries around the world with Germany and USA as the biggest markets. There are 6 different models of Walkstool. Walkstool Comfort 45cm/18in, 55cm/22in, 65cm/26in75cm/30in, Walkstool Basic 50cm/20in and Basic 60cm/24in. All models are produced in our own factory in Sweden. For Comfort models we offer an accessory called Walkstool Steady. Walkstool Comfort models have very big and comfortable seat sizes and big rubber feet. The seat is made of a black mesh material. The upper legs are black and the lower legs are of anodized aluminum in natural color. All Comfort models come with a handsome and practical bag for carriage and storage. Walkstool Basic 50cm/20in and 60cm/24in have a black seat and plastic feet. Both upper and lower legs are powder coated in a dark grey color. Walkstool Basic is being delivered without any bag. All Comfort models come with a blue leaflet with drawings, photos and instructions in English as well asadditional text in English, German, French, Spanish, Italian and Swedish. For the Basic models, there is a reference on the label to an online version of the leaflet. Some categories of people that use Walkstool a lot are photographers, hunters and fishermen, people in nor­mal outdoor activities, bird watchers, astronomers, people with limited physical ability, professional workers like electricians and service technicians who often work in low positions and have big problems with their knees. Most people have, from time to time, use for a product like Walkstool on various occasions. Walkstool is a perfect gift to both employees and for promotional activities. It´s hard to find a product that can be appreciated by everyone, independently of age or gender. Walkstool is such a product.",info@walkstool.com,+46703359333,https://www.walkstool.com,"Björkallen 17, 14266, Trångsund, Sweden",Trångsund,https://www.linkedin.com/company/walkstool
Walter Finkbeiner GmbH,7A - 7A-725,"The well-established and medium-sized family business Finkbeiner has its head office in Freudenstadt in the Black Forest. The development and production of lifting equipment began in 1967. Today, Finkbeiner is a well-known specialist in the production of vehicle lifts with a worldwide distribution and service network. Finkbeiner has acquired an excellent know-how through experience in the field of lifting equipment for decades. Finkbeiner lifts are technically leading, state-of-the-art and unique on the market. The high degree of quality, reliability and safety is recognised all over the world. Finkbeiner stands for quality, competence and innovation regarding to vehicle lifts wordwide. The objective is to develop the position of Finkbeiner as one of the leading manufacturers of lifts all over the world through consistent advancement and extension of the product range.",info@finkbeiner.eu,+49 7441 925210,https://www.finkbeiner-lifts.com/,"Alte Poststraße 9/11, 72250, Freudenstadt, Germany",Freudenstadt,https://www.linkedin.com/company/walter-finkbeiner-gmbh
Warne Scope Mounts,12.0 - 12.0-138,"Since 1991, Warne has been at the forefront of designing and manufacturing premier scope mounts and shooting accessories distributed worldwide. Headquartered proudly in Tualatin, Oregon, Warne embodies a hands-on approach throughout its entirely USA-based manufacturing process. With over 30 years of dedicated growth, Warne has evolved into a well-established firearms accessory business, renowned for its commitment to excellence. The extensive product line reflects dedication to quality, functional performance, and aesthetic appeal. Beyond impressive offerings, which have earned a stellar reputation, Warne remains committed to its founding ethos - ""built by shooters, for shooters.""",info@warnescopemounts.com,+1 503-657-5590,https://www.warnescopemounts.com,"9500 SW Tualatin Road, 97062, Tualatin, United States",Tualatin,
WARQ,7 - 7-576,WARQ PRO NEXT GENERATION FORCE-ON-FORCE TRAINING HELMET For use in training with marking rounds and FoF ammunition Developed specifically for Law Enforcement & Military Protects against all major brands of training and marking ammunition,support@warqhelmets.com,+32 486 91 29 74,https://www.warqhelmets.com,"Rue Victor Cuvelier 18, 7190, Ecaussinnes, Belgium",Ecaussinnes,
WARRIORLAND LLC,11.0 - 11.0-214,,sales7@usawarriorland.com,+1 310-431-5672,https://warriorland.net,"700 MILAM ST #8055, 77002, HOUSTON, United States",HOUSTON,
Waterproof Diving International AB,7 - 7-167,,klas@waterproof.eu,+46 70 584 34 95,https://www.waterproof.eu,"Industrivägen 39, 43361, Partille, Sweden",Partille,
WATTANA GmbH,7 - 7-545,,info@wattana.de,+49(0)3723.77880-0,https://www.wattana.de,"Gewerbering 19, 09337, Hohenstein-Ernstthal, Germany",Hohenstein-Ernstthal,
Weatherdock AG,8 - 8-225,"Weatherdock AG is a leading and globally recognized manufacturer of radio-based system solutions for the maritime sector. The focus is on localization, tracking and rescue.",info@weatherdock.de,+49 911 37663830,https://www.easyais.com,"Emmericher Strasse 17, 90411, Nürnberg, Germany",Nürnberg,https://www.linkedin.com/company/12860309/admin/dashboard/
WEBER-HYDRAULIK GMBH,7 - 7-671,"WEBER RESCUE SYSTEMS is a leading international, innovative manufacturer of high-quality hydraulic andpneumatic rescue systems for technical assistance. These are used in numerous areas. In addition to firebrigades and technical relief organisations, customers include the military and police. The equipment is alsoused in a wide range of industrial applications, for example in the dismantling and recycling of plants. As a pioneer in the digitalisation of aid organisations, WEBER RESCUE SYSTEMS integrates additional digitalfunctions into the rescue equipment and develops apps and software applications for alerting, management andtraining. A comprehensive training programme enables police forces to optimally use and maintain rescue systems. Inaddition to the handling and maintenance of rescue equipment, operational scenarios such as door opening andforced entry can also be trained.",info@weber-rescue.com,+49 7135 71-10270,https://www.weber-rescue.com,"Heilbronner Straße 30, 74363, Güglingen, Germany",Güglingen,https://www.linkedin.com/showcase/weberrescue
WEICON GmbH & Co. KG,6 - 6-404,"Operating internationally, our family business has been producing special products for the industrial sector since 1947. We keep the world’s industries running with our adhesives and sealants, technical sprays and high-performance assembly pastes and greases, which are used in production, repair, maintenance and servicing. Aside from our chemical products, we develop and distribute high-quality stripping tools under the brand name WEICON TOOLS.",info@weicon.de,+49 251 93220,https://www.weicon.de,"Königsberger Straße 255, 48157, Münster, Germany",Münster,https://www.linkedin.com/company/weicon-gmbh-%26-co--kg/
WELP Group,7A - 7A-519,"The best solution for security We provide bullet-proof vehicles and solutions designed to save lives. Designed and manufactured to the highest standard, tested under the most rigorous conditions in our ballistic laboratory, certified by the german ballistic laboratory (Beschussamt). Our portfolio includes off-road vehicles, limousines and commercial vehicles, which we customise for a wide range of applications. With decades of experience, state-of-the-art machines and our zero-tolerance policy when it comes to keeping people safe, there’s no room for compromises. The range covers fully armoured vehicles that comply with the highest military protection through to partial light armour. Our comprehensive range of services even includes repairs (including in the field), driver training and a global spare parts supply. With around 700 employees, seven locations across Europe and an impressive range of high-performance machinery at our disposal, we are ideally equipped to handle anything you require. We can safely say that we always offer the perfect solution.",protect@welp-group.com,+49 (0) 5401 490-555,https://www.welp-group.com,"Waldstraße 11, 08112, Wilkau-Haßlau, Germany",Wilkau-Haßlau,https://de.linkedin.com/company/welp-group
WERKSITZ GmbH W. Milewski,9 - 9-231,,info@werksitz.de,+49 9524 83450,https://www.werksitz.de,"Telefunkenstraße 9, 97475, Zeil, Germany",Zeil,
WERO GmbH & Co. KG,7 - 7-722,"With expertise, high flexibility and specialized emergency products, we supportorganizations and individuals in the treatment of life-threatening injuries. We are happy to share our expert knowledge with you and advise you personally - onsite, by phone, video chat or email - to put together the right emergency equipment foryou. Of course, you can also find all products in our online store at any time.",medx@wero.de,+49(0)6128.9757-0,https://www.wero.de/b2b/taktische-notfallausruestung/,"Idsteiner Straße 94, 65232, Taunusstein, Germany",Taunusstein,https://www.linkedin.com/company/wero-med-x/?viewAsMember=true
Westermo Data Communications GmbH,9 - 9-152,,rainer.grumann@westermo.com,+49 6131 3213010,https://www.westermo.com/de,"Galileo-Galilei-Str. 11, 55129, Mainz, Germany",Mainz,
"WidePlus International Co., Ltd.",7 - 7-384,"WidePlus is a global innovator in fabric solustions with expertise in warping, weaving, and dyeing. We have been a BLUESIGN system partner since 2012. Additionally, we hold GRS and OEKO-TEX certifications. As a factory-direct operation, WidePlus excels in delivering quick responses, offering comprehensive solutions, and maintaining a strong customer-oriented focus. Building strong partnerships is our priority, ensuring tailored services that maximize the success of your projects. Together, we weave the path to success.",service@wideplustex.com,+886 2 2902 5056,https://wideplustex.com/,"7F, No. 657-10, Chung Cheng Rd., HsinChuang Area, 242051, New Taipei City, Taiwan",New Taipei City,https://www.linkedin.com/company/103684014/admin/page-posts/published/
Wilhelm Lausberg & Sohn GmbH & Co KG,10.0 - 10.0-614,"Innovative, high-quality, certified by testing processes and thus safe dangerous goods packaging made of wood, woodwork and composite materials represent our core business. In addition, we develop, design, sample and check as part of your individual needs.Our goal is to be able to provide you with safe, high-quality, sustainable dangerous goods packaging and TuLB (Transport and Storage Containers, especially for the military sector) – both in series and in special production. As an owner-managed family business with 80 years of experience in the processing of wood, we find the most favorable solution for safe packaging for our customers in terms of storage, handling and transport. In order to achieve the highest quality standards, we use state-of-the-art machines and rely on a constantly growing CNC center which is perpetually optimized. Here, a wide variety of wood, woodwork and composite materials are processed according to your exact specifications. We do not only relate our values to ourselves: sustainability and quality in the sense of reusing packaging, long-term planning in conjunction with modernization and maximum customer satisfaction as well as maximum safety through our product.",w@lausberg.email,+49 2604 95520,https://www.lausberg-defence.de/,"Elisenhütte 8, 56377, Nassau/Lahn, Germany",Nassau/Lahn,
Wintex Apparel GmbH,9 - 9-346,"As a family owned company, we design, develop and manufacture safe, comfortable and high quality protective wear for our customers across Europe, in a wide variety of sectors. We are specialists in the development and production of clothing against moisture and cold and in protective work wear. Our apparel is made to withstand the extreme challenges in the field. Providing both, ideal fittin and unsurpassed wear comfort it is highly funtional and safe. We pay special attention to a smooth supply chain, which we have in our own hands, thanks to our in-house production facilities. Our many years of experience in textile manufacture ensure that we offer expertise, top quality and very short lead times for orders.",info@wintex.de,+49(0)781284283000,https://www.wintex.de,"Hubert-Burda-Platz 2, 77652, Offenburg, Germany",Offenburg,
Wolfiek Group,12.0 - 12.0-142,"Wolfiek Group stands at the forefront of airgun excellence, offering enthusiasts, hunters, and competitive shooters an unparalleled selection of airguns and accessories. With a commitment to quality, innovation, and customer satisfaction, we've curated our offerings across nine specialized brand-dedicated shops, ensuring that every shooter finds the perfect match for their needs.",marketing@wolfiekgroup.com,+34 685 59 95 40,https://www.wolfiekgroup.com,"C/Pallars 101. 1-1A, 08018, Barcelona, Spain",Barcelona,
WOOJIN PLASTIC,7 - 7-751,"Woojin is the leader of plastic buckles and hardwares for Outdoor and Tactical market with High quality, Best Service and Quick delivery based in Korea and Vietnam. Woojin develops and introduces innovative own designed buckles every season, but also can support customer projects whatever they want with 50years knowhow.",sales@woojinplastic.com,+82 31-572-6357,http://www.woojinplastic.com/,"45 Paryasandan-Ro, Jinjeop-Eup, Namyangju-si, 12017, Gyeonggi-Do, South Korea",Gyeonggi-Do,
WOOLPOWER AB,7 - 7-643,"Since 1972, Woolpower has designed and manufactured high-performance merino wool garments in our own factory in Östersund, Sweden. Today, we are a leading supplier of base and mid-layer clothing systems to defence forces, law enforcement agencies, emergency services, and civil security organizations worldwide. Our garments are trusted by professionals who operate in the most demanding environments, where performance, comfort, and reliability are essential. Our product range is built around four proprietary merino wool technologies: Ullfrotté Original, Mesh, LITE, and Single Jersey. Together, they provide complete clothing solutions for a wide range of climates, activity levels, and operational requirements. Ullfrotté Original features a unique terry-knit construction with insulating loops that trap warm air while efficiently transporting moisture away from the skin. Mesh is engineered for high-intensity activities where maximum ventilation and moisture management are critical. LITE & Single Jersey offers a lightweight, soft, and versatile base layer with exceptional next-to-skin comfort, making it ideal for year-round use or as part of a layered clothing system. All Woolpower materials are developed to maximize the natural benefits of fine merino wool—including insulation, temperature regulation, moisture management, and natural odour resistance—while strategically incorporating synthetic fibers to enhance durability and extend garment life. With more than 50 years of experience, in-house product development, and manufacturing entirely in Sweden, Woolpower has earned the trust of military organizations, police forces, rescue services, and security professionals around the world. Our commitment to quality, functionality, and long-term durability has established Woolpower as one of the leading suppliers of merino wool clothing systems for the defence, law enforcement, rescue, civil security, and outdoor life sectors.",info@woolpower.se,+46.63.148-520,https://www.woolpower.com,"Gärdsgårdsvägen 2, 83177, Östersund, Sweden",Östersund,https://www.linkedin.com/company/woolpower-ab/posts/?feedView=all
YAKUPOGLU TEKSTIL VE DERI SAN. TIC. A.S. (YDS),9 - 9-220,,export@yakupoglu.com.tr,+90 312 398 12 13,https://www.ydsgroup.com.tr,"Esenboga Havalimani Yolu, 06750, Ankara, Turkey",Ankara,
"Yaw Liamy Enterprise Co., Ltd.",9 - 9-106,"Yaw Liamy was founded in 1982 and serves clients worldwide. As a vertically integrated textile company, we provide dyeing, printing, laminating, and coating services, with branch offices in Hong Kong, China, and Vietnam to ensure close alignment with global market trends. Driven by innovation and R&D, we continuously enhance our quality management systems to deliver reliable, high-quality products. In response to growing environmental demands, Yaw Liamy actively develops high-efficiency, low-pollution, and energy-saving manufacturing processes. Leveraging over ten years of technical expertise and material resources, we are committed to sustainable development and creating long-term value for our customers.",graceliu@yawliamy.com.tw,+886 4 2252 8158,https://www.yawliamy.com/en/,"Rm 402, 4F-6, No. 1, Wuquan 1st Road, 24892, New Taipei City, Taiwan",New Taipei City,
YKK DEUTSCHLAND GmbH,6 - 6-369,,ykk_deutschland@ykk.com,+49 6182 8050,https://www.ykkdigitalshowroom.com,"Dr.-Hermann-Neubauer-Ring 36, 63500, Seligenstadt, Germany",Seligenstadt,
YUKKON OY | WILD OF FINLAND,9 - 9-420,SOLUTIONS FOR ARCTIC WARFARE ColdWeather Clothing WetWeather Clothing Arctic Sleeping Systems Special Sled-Transportation-Solutions Multispektral-Camouflage Solutions TECHNOLOGIES TACDown new Down-Insualtion Technology for Tactical-Clothing Aerogel Insualtion Metarials Special activatedCarbon Membran Solutions for ArcticClothing,info@wild.fi,+358.413124648,https://www.wild.fi,"Kilpisjärventie 2061a, 99320, Kätkäsuvanto, Finland",Kätkäsuvanto,
ZARGES,9 - 9-564,"For over 80 years, ZARGES has stood for uncompromising quality combined with continuous innovation in the areas of climbing, packaging and transport as well as special solutions. As Europe's first light metal construction company, ZARGES is now internationally active - with around 800 employees and three production sites in Europe. As an innovation and market leader, ZARGES offers its customers products and services that set the standards in the market in terms of safety, durability and ergonomics. ZARGES products combine the many advantages of the light metal aluminium, such as high stability with low weight, corrosion resistance and flexibility in use. ZARGES has the right product for everyone and offers individual solutions. Whether in the military, trade, craft or commercial sector. Translated with www.DeepL.com/Translator (free version)",thomas.hirschauer@zarges.de,015129230359,https://www.zarges.com/de/,"Zargesstraße 7, 82362, Weilheim in Oberbayern, Germany",Weilheim in Oberbayern,https://www.linkedin.com/company/zarges-gmbh/
ZCO Zero Compromise Optic GmbH,12.0 - 12.0-110,,r.artwohl@zcompoptic.com,+43(0)660.1137122,http://www.zcompoptic.com/,"Bäckerstrasse 1, 2433, Margarethen am Moos, Austria",Margarethen am Moos,
Zebra Protection,9 - 9-459,,ana@zebraprotection.com,+27 31 700 8096,https://www.zebraprotection.com,"45 Hillclimb Road, 3610, Westmead, South Africa",Westmead,
Ziegler Textil GmbH,9 - 9-367,"We, Ziegler Textil GmbH, are a leader in the production of authority clothing and equip the state police, federal police, justice, military, as well as a large number of other European and non-European public clients. In addition to the authority business, we have other mainstays in the area of outdoor clothing, work wear and corporate fashion (own brand). We have 25 years of experience and expertise in the fashion and functional clothing market and grow up every year. For our productes, we use high-quality materials, which guarantee best wearing comfort.",info@ziegler-textil.de,+49 7802 7000-30,https://www.ziegler-textil.de,"Hinter-Winterbach 1, 77794, Lautenbach, Germany",Lautenbach,
Zippermast GmbH,7 - 7-114,"Zippermast is a young company based in Bad Reichenhall that has been establishing itself as a partner in the security and defence sector and security-related industry since 2014. One guiding principle is to adapt commercially off-the-shelf (""COTS"") products that have proven themselves in the high-performance sector to the special requirements of authorities and organisations with security and defence tasks. With a focus on defence technology, Zippermast GmbH supports armed forces in the integration of sensors and effectors to be prepared for the battlefield of the future. Its key technologies meet the individual requirements of modern armed forces in terms of reliability, modularity, interoperability and flexibility. Zippermast strives to provide solutions that contribute to responsiveness and superiority in modern combat scenarios. The focus is on developing systems that directly support forces in harsh operational conditions and provide a bridging function between tactical and operational levels.",kontakt@zippermast.de,+49(0)8651.700752,https://zippermast.de,"Thumseestraße 44, 83435, Bad Reichenhall, Germany",Bad Reichenhall,https://www.linkedin.com/company/70962786
Ziu GmbH,6 - 6-449,,info@ziu-gmbh.de,+49 1512 9210373,https://www.ziu-gmbh.de,"Klarenplatz 2, 53578, Windhagen, Germany",Windhagen,
Zubaid & Sons Manufacturer of Tactical and Sports,7 - 7-748,"The company established in 1994 with the opening of manufacturing facility in own factory with production of Tactical, Safety and sports gear. The major subject of the company's activities is the production of vast range of Clothing, Bags and Gloves and all kind of protections related gear to Police , military , safety and sports industries. Zubaid &Sons is fully compliance and certified company .",info@zubaidsons.com,+92 333 8620941,https://zubaidsons.com,"Rehmat Pura Pasror Road, 51310, Sialkot, Pakistan",Sialkot,
