company_name,booth,description,email,mobile_primary,domain,full_address,city,linkedin_url
"""MASS"" CUSTOM SUIT - S.S.BAJWA & SONS",,,,,,,,
3D BETA,,,,,,,,
3PLUSMOTO - CCCME,,,,,,,,
100% - S.S.BAJWA & SONS,,,,,,,,
A MAN POWER TRANSMISSION CO. LTD,Pad. 5 - Stand C75,,,,,9F-2 NO. 12 ZHONGHUA RD YONGKANG DIST. TAINAN CITY YONGKANG DIST.,,
A S SPECIAL GARMENTS,,,,,,,,
A-SIDER INNOVACION SOBRE DOS RUEDAS SL - FORBIKES SRL,,,,,,,,
ABUS,Pad. 9 - Stand E81,"Fondata nel 1924 a Volmarstein, in Germania, da August Bremicker e dai suoi figli, ABUS è riconosciuta a livello mondiale per la qualità e per aver fissato standard elevati in materia di sicurezza per oltre 100 anni. Con una gamma di prodotti ampia e diversificata: dai caschi da bici adatti a tutti, fino a quelli utilizzati da squadre professionistiche come la Movistar; dai sistemi di chiusura impiegati al Ritz-Carlton di Berlino fino alla Torre dei Diamanti di Dubai; agli iconici antifurto per moto: ABUS offre soluzioni di sicurezza innovative per ogni esigenza. EN Founded in 1924 in Volmarstein, Germany, by August Bremicker and his sons, ABUS is recognized worldwide for its quality and for setting high standards in security for over 100 years. With a wide and diverse product range — from bike helmets suitable for everyone to those used by professional teams like Movistar; from locking systems installed at the Ritz-Carlton in Berlin to the Diamond Tower in Dubai; to its iconic motorcycle locks — ABUS provides innovative security solutions for every need. Fondata nel 1924 a Volmarstein, in Germania, da August Bremicker e dai suoi figli, ABUS è riconosciuta a livello mondiale per la qualità e per aver fissato standard elevati in materia di sicurezza per oltre 100 anni. Con una gamma di prodotti ampia e diversificata: dai caschi da bici adatti a tutti, fino a quelli utilizzati da squadre professionistiche come la Movistar; dai sistemi di chiusura impiegati al Ritz-Carlton di Berlino fino alla Torre dei Diamanti di Dubai; agli iconici antifurto per moto: ABUS offre soluzioni di sicurezza innovative per ogni esigenza. EN Founded in 1924 in Volmarstein, Germany, by August Bremicker and his sons, ABUS is recognized worldwide for its quality and for setting high standards in security for over 100 years. With a wide and diverse product range — from bike helmets suitable for everyone to those used by professional teams like Movistar; from locking systems installed at the Ritz-Carlton in Berlin to the Diamond Tower in Dubai; to its iconic motorcycle locks — ABUS provides innovative security solutions for every need.",,,https://abus.com,ALTENHOFER WEG 25 WETTER WETTER,,
ACCEL TECHNOLOGY CORPORATION,Pad. 18 - Stand D73,ACCEL is established in 1995 which has twenty-six years of experience in Original Equipment Manufacturer(OEM) and Design Equipment Manufacturer(OEM) for Motocross components and five years experiences in UTV components. ACCEL is established in 1995 which has twenty-six years of experience in Original Equipment Manufacturer(OEM) and Design Equipment Manufacturer(OEM) for Motocross components and five years experiences in UTV components.,,,https://accel.com.tw,"NO. 581,SEC. 4, JHANGSHUEI RD. PITOU HSIANG CHANGHUA TAIWAN",JHANGSHUEI RD. PITOU HSIANG CHANGHUA TAIWAN,
"ACCESS CO., LTD.",Pad. 5 - Stand U70,"Since 1980, Access Co., Ltd. has been in Motorcycle parts & accessories Industry field over than 40 years. Gracing to our sincerity, responsibility and ability we are known as the provider of the quality, on-time delivery and in-time information. Our fully experienced staff plus hundreds of closely cooperated factories help us keeping on growing steadily. Our products are widely exported to every corner of the world and get very warm reputation in return, that's our best harvest during last 40 years. Supplying the replacement parts for the after market is our major business in past. However, we involve more and more development currently. We research the new trend of the markets, create the new idea and develop the new products all the time. We also accept the customer's design, customer's packaging and customer's counsel. Since 1980, Access Co., Ltd. has been in Motorcycle parts & accessories Industry field over than 40 years. Gracing to our sincerity, responsibility and ability we are known as the provider of the quality, on-time delivery and in-time information. Our fully experienced staff plus hundreds of closely cooperated factories help us keeping on growing steadily. Our products are widely exported to every corner of the world and get very warm reputation in return, that's our best harvest during last 40 years. Supplying the replacement parts for the after market is our major business in past. However, we involve more and more development currently. We research the new trend of the markets, create the new idea and develop the new products all the time. We also accept the customer's design, customer's packaging and customer's counsel.",,,https://accesscycle.com.tw,"1F,NO. 50, LANE 112, SEC. 4, REN-AI ROAD. TAIPEI R.O.C.",REN-AI ROAD. TAIPEI R.O.C.,
ACCESS MOTOR CO LTD,Pad. 11 - Stand H30,"Established in 2005 in Taiwan, Access Motor specializes in the development and manufacturing of high-quality off-road vehicles, including ATVs, SSVs, and performance-oriented Sportquads. With vertically integrated capabilities—from design and engineering to in-house engine and drive-train production—Access Motor delivers reliable, precisely built machines for both recreational and utility use. Our product range is designed to meet the diverse needs of riders worldwide, from versatile ATVs built for work and adventure, to dynamic sport quads recognized for their agility, styling, and responsive performance. Each model reflects our dedication to thoughtful design, durability, and the rider experience. Access Motor continues to expand its global presence through a commitment to quality, innovation, and long-term customer satisfaction. Established in 2005 in Taiwan, Access Motor specializes in the development and manufacturing of high-quality off-road vehicles, including ATVs, SSVs, and performance-oriented Sportquads. With vertically integrated capabilities—from design and engineering to in-house engine and drive-train production—Access Motor delivers reliable, precisely built machines for both recreational and utility use. Our product range is designed to meet the diverse needs of riders worldwide, from versatile ATVs built for work and adventure, to dynamic sport quads recognized for their agility, styling, and responsive performance. Each model reflects our dedication to thoughtful design, durability, and the rider experience. Access Motor continues to expand its global presence through a commitment to quality, innovation, and long-term customer satisfaction.",,,https://accessmotorglobal.com,"NO.288, GUANXIN RD., TAINAN CITY TAINAN",TAINAN CITY TAINAN,
"ACCESS MOTOR PRODUCTS - ACCESS CO., LTD.",Pad. 5 - Stand U70,,,,,,,
ACCOSSATO RACING,Pad. 5 - Stand Q68,"Accossato, fondata nel 1969, è un marchio storico del motociclismo italiano. Da oltre 16 anni progettiamo e produciamo in Italia impianti frenanti e componenti di punta come pompe radiali, pinze, dischi e tubi freno. Qualità certificata, servizio rapido e la tradizione del Made in Italy ci rendono un riferimento per piloti e appassionati in tutto il mondo. Accossato, fondata nel 1969, è un marchio storico del motociclismo italiano. Da oltre 16 anni progettiamo e produciamo in Italia impianti frenanti e componenti di punta come pompe radiali, pinze, dischi e tubi freno. Qualità certificata, servizio rapido e la tradizione del Made in Italy ci rendono un riferimento per piloti e appassionati in tutto il mondo.",,,https://accossato.com,VIA DON EUGENIO BRUNO 6 VILLASTELLONE TO,,
ACERBIS ITALIA S.P.A.,Pad. 7 - Stand G46,"ACERBIS è un'azienda produttrice di materiali plastici e abbigliamento tecnico-sportivo impegnata a trovare soluzioni innovative e sperimentali in settori quali automotive, sport e racing. Il gruppo, suddiviso in tre business units - Motorsport, Sport e OEM - ha tre sedi di distribuzione (Italia, Stati Uniti e Regno Unito), due realtà produttive (Italia e Repubblica Ceca) e numerose basi logistiche. Con circa 450 dipendenti, distribuisce i propri prodotti in 100 paesi nel mondo e vende direttamente in Italia, Spagna, Portogallo, Francia, Germania, UK e Austria. ACERBIS è un'azienda produttrice di materiali plastici e abbigliamento tecnico-sportivo impegnata a trovare soluzioni innovative e sperimentali in settori quali automotive, sport e racing. Il gruppo, suddiviso in tre business units - Motorsport, Sport e OEM - ha tre sedi di distribuzione (Italia, Stati Uniti e Regno Unito), due realtà produttive (Italia e Repubblica Ceca) e numerose basi logistiche. Con circa 450 dipendenti, distribuisce i propri prodotti in 100 paesi nel mondo e vende direttamente in Italia, Spagna, Portogallo, Francia, Germania, UK e Austria.",,,https://acerbis.com,VIA SERIO 37 ALBINO BG,,
ACF-50 / LEAR CHEMICAL CORP. - LEAR CHEMICAL RESEARCH CORPORATION,,,,,,,,
ACF-50 ANTI-CORROSION FORMULA - LEAR CHEMICAL RESEARCH CORPORATION,,,,,,,,
ACSUD INDUSTRY - ACSUD SACIM DISTRIBUTION,Pad. 9 - Stand I51,,,,,,,
ACSUD SACIM DISTRIBUTION,Pad. 9 - Stand I51,,,,https://acsud-pro.com,BÂTIMENT D1 AVENUE PIERRE SÉMARD 135 AVIGNON AVIGNON,,
ACTIVE CO. LTD,Pad. 7 - Stand S35,"Company Overview Established: January 19, 1989 President: Kazuyoshi Ueda We are a specialized company engaged in the marketing, manufacturing, sales, import, and export of aftermarket motorcycle products. Since our establishment, we have built strong relationships with over 800 domestic companies and have expanded our global reach through business activities in more than 20 countries. Our Global Presence Includes: Australia, Canada, China, France, Germany, Hong Kong,Indonesia, Malaysia, the Netherlands, New Zealand, Philippines, Russia, Singapore, Slovenia, South Korea, Spain, Switzerland, Taiwan, Thailand, the United States, the United Kingdom, and Vietnam. Company Overview Established: January 19, 1989 President: Kazuyoshi Ueda We are a specialized company engaged in the marketing, manufacturing, sales, import, and export of aftermarket motorcycle products. Since our establishment, we have built strong relationships with over 800 domestic companies and have expanded our global reach through business activities in more than 20 countries. Our Global Presence Includes: Australia, Canada, China, France, Germany, Hong Kong,Indonesia, Malaysia, the Netherlands, New Zealand, Philippines, Russia, Singapore, Slovenia, South Korea, Spain, Switzerland, Taiwan, Thailand, the United States, the United Kingdom, and Vietnam.",,,,FUJIZUKA NISHIN-CITY AICHI,,
ADVENTURETEK LLC,,,,,,,,
AEGIS SPORTS INC.,,,,,,,,
"AELLA CO., LTD.",,,,,,,,
"AEONTEK CO., LTD - PELPI INTERNATIONAL S.R.L.","Pad. 14 - Stand C46,C45,C42",,,,https://pelpi.com,VIA GIACOMO MATTEOTTI 11 AROSIO CO,,
AEROSTAR HELMETS & ACCESSORIES,,,,,,,,
AIRBORN MASTER HELMETS - BEON HELMETS INDUSTRY LIMITED,Pad. 6 - Stand H24,,,,,,,
AIRKIT S.L. - AIRSAL,Pad. 10 - Stand C80,,,,,,,
AIRKIT S.L. - MANDELLI SRL,Pad. 10 - Stand C80,,,,,,,
AIROH HELMET,Pad. 18 - Stand E90,"Airoh è l'azienda leader nel settore di caschi moto on-line e nei migliori store d'Europa. Casco ufficiale della 6DAYS Spagna e partner dei migliori eventi. L'ampia gamma di caschi Airoh offre modelli dedicati al mondo strada , fullface, integrale come per esempio il Matryx, cross, fuoristrada, urban jet tra cui anche il J110 un casco 2in1 con mentoniera estraibile, o il nostro must-have Commander2 da utilizzare con e senza visiera e frontino. Tutti i nostri caschi sono realizzati rispettando gli standard di sicurezza, inserendo anche diverse tecnologie al suo interno; utilizzando diversi materiali tra cui il carbonio; includendo anche diversi colori e grafiche, comprensive di caschi da donna. Scoprite il nostro merchandising dove potrete trovare felpe, t-shirt , cappellini , zaino , giacche , helmet bag marchiati Airoh. Abbiamo aggiunto alla nostra gamma caschi, la maschera casco Blast XR1 che potrà essere utilizzata durante le sessioni di cross. Per la corretta manutenzione del casco, per sapere come pulire gli interni e la visiera mantenendolo sempre efficiente e protettivo, consulta il sito AIROH. Airoh è l'azienda leader nel settore di caschi moto on-line e nei migliori store d'Europa. Casco ufficiale della 6DAYS Spagna e partner dei migliori eventi. L'ampia gamma di caschi Airoh offre modelli dedicati al mondo strada , fullface, integrale come per esempio il Matryx, cross, fuoristrada, urban jet tra cui anche il J110 un casco 2in1 con mentoniera estraibile, o il nostro must-have Commander2 da utilizzare con e senza visiera e frontino. Tutti i nostri caschi sono realizzati rispettando gli standard di sicurezza, inserendo anche diverse tecnologie al suo interno; utilizzando diversi materiali tra cui il carbonio; includendo anche diversi colori e grafiche, comprensive di caschi da donna. Scoprite il nostro merchandising dove potrete trovare felpe, t-shirt , cappellini , zaino , giacche , helmet bag marchiati Airoh. Abbiamo aggiunto alla nostra gamma caschi, la maschera casco Blast XR1 che potrà essere utilizzata durante le sessioni di cross. Per la corretta manutenzione del casco, per sapere come pulire gli interni e la visiera mantenendolo sempre efficiente e protettivo, consulta il sito AIROH.",,,https://airoh.com,VIA RESISTENZA 5/A ALMENNO S. BARTOLOMEO BG,,
AIRSAL,Pad. 11 - Stand I31,"Airsl is dedicated to the manufacturing of aluminum cylinders with Scanimet coating (nickel + silicon carbide), pistons, and cylinder heads for mopeds, motorcycles, and ATVs. Production is carried out 100% at its facilities in Centelles (60 km from Barcelona) and is distributed to more than 25 countries worldwide. Airsl is dedicated to the manufacturing of aluminum cylinders with Scanimet coating (nickel + silicon carbide), pistons, and cylinder heads for mopeds, motorcycles, and ATVs. Production is carried out 100% at its facilities in Centelles (60 km from Barcelona) and is distributed to more than 25 countries worldwide.",,,https://airsal.com,POL. IND. LA GAVARRA 1-3 CENTELLES BARCELONA,,
AJP MOTOS LDA,,,,,,,,
"AKEEYO - SHENZHEN MUSHENG TECHNOLOGY CO.,LTD.",,,,,,,,
AKRAPOVIC D.D.,,,,,,,,
"AKRONT - D.MAG NEW MATERIAL TECHNOLOGY CO., LTD. (GLM)",Pad. 5 - Stand S71,,,,,,,
"AL FORGE TECH CO., LTD. - IMPORTERS & EXPORTERS ASSOCIATION OF TAIPEI",,,,,,,,
ALIENRIDER - INTENCE BIKES LLC,"Pad. 11 - Stand M26,E40","INTENCE BIKES LLC is a trading company dedicated to the Russian two-wheeler market. Deeply rooted in the local landscape, we leverage our extensive industry experience and robust resource network to provide Russian customers with a one-stop procurement service for a comprehensive range of two-wheeler products, including both whole vehicles and various accessories. From high-performance motorcycles to practical electric bicycles, and from critical components to exquisite accessories, we consistently deliver top-quality products and professional services to meet the diverse needs of Russian consumers. We are committed to becoming a leading enterprise in the Russian two-wheeler trading sector. INTENCE BIKES LLC is a trading company dedicated to the Russian two-wheeler market. Deeply rooted in the local landscape, we leverage our extensive industry experience and robust resource network to provide Russian customers with a one-stop procurement service for a comprehensive range of two-wheeler products, including both whole vehicles and various accessories. From high-performance motorcycles to practical electric bicycles, and from critical components to exquisite accessories, we consistently deliver top-quality products and professional services to meet the diverse needs of Russian consumers. We are committed to becoming a leading enterprise in the Russian two-wheeler trading sector.",,,,LENINSKIJ PROSPEKT D83 K2 KV5 MOSKVA MOSKVA,,
ALIKE - WHEELUP,Pad. 14 - Stand G14,"Siamo la catena di negozi specializzati in caschi, abbigliamento e accessori moto n.1 in Italia. Nei nostri 55 punti vendita e sul portale eCommerce Wheelup.it, troverai un assortimento delle migliori marche di Caschi e Abbigliamento e un’offerta completa di prodotti con il miglior rapporto qualità/prezzo del mercato, ideati e progettati dal nostro Centro di Sviluppo Prodotto con sede nel moto distretto produttivo Vicentino. Da motociclisti per i motociclisti con attenzione, cura, qualità e la giusta offerta di prodotti. Una realtà completamente Italiana che conta ad oggi 55 Punti vendita (con 1 negozio eCommerce) e oltre 250 persone impiegate. Siamo la catena di negozi specializzati in caschi, abbigliamento e accessori moto n.1 in Italia. Nei nostri 55 punti vendita e sul portale eCommerce Wheelup.it, troverai un assortimento delle migliori marche di Caschi e Abbigliamento e un’offerta completa di prodotti con il miglior rapporto qualità/prezzo del mercato, ideati e progettati dal nostro Centro di Sviluppo Prodotto con sede nel moto distretto produttivo Vicentino. Da motociclisti per i motociclisti con attenzione, cura, qualità e la giusta offerta di prodotti. Una realtà completamente Italiana che conta ad oggi 55 Punti vendita (con 1 negozio eCommerce) e oltre 250 persone impiegate.",,,https://wheelup.it,VIA TOMMASO GROSSI 5 CARATE BRIANZA MB,,
ALLTEAM 8 PLT,,,,,,,,
ALPINA RAGGI S.P.A.,Pad. 5 - Stand O61,"Alpina Raggi S.p.A. è una PMI manifatturiera a conduzione familiare fondata nel 1926, con sede a Lomagna (LC), leader nella produzione di raggi e nipples che collabora con i principali costruttori a livello globale di biciclette e moto. Alpina Raggi S.p.A. è una PMI manifatturiera a conduzione familiare fondata nel 1926, con sede a Lomagna (LC), leader nella produzione di raggi e nipples che collabora con i principali costruttori a livello globale di biciclette e moto.",,,https://alpinaraggi.it,VIA PIAVE 10 LOMAGNA LC,,
ALPMARS S.A.,Pad. 6 - Stand A44,"Hikerboy Scooters is a brand developed by AlpMars S.A., based in Geneva, Switzerland. Designed to meet the needs of its clients, Hikerboy Scooters designs and manufactures distinct scooter collections in-house, built for any terrain. Since 2018, Hikerboy has proudly expanded across European and international markets, reflecting its rich heritage and commitment to servicing B2B Reseller Partners through end-to-end After-Sales Services and Tailored Solutions. Hikerboy Scooters is dedicated to delivering the ultimate electric scooter experience, elevating adventures to new heights. Hikerboy Scooters is a brand developed by AlpMars S.A., based in Geneva, Switzerland. Designed to meet the needs of its clients, Hikerboy Scooters designs and manufactures distinct scooter collections in-house, built for any terrain. Since 2018, Hikerboy has proudly expanded across European and international markets, reflecting its rich heritage and commitment to servicing B2B Reseller Partners through end-to-end After-Sales Services and Tailored Solutions. Hikerboy Scooters is dedicated to delivering the ultimate electric scooter experience, elevating adventures to new heights.",,,,BD HELVÉTIQUE 36 GENEVA GENEVA,,
ALTIS - JADE TECH,Pad. 10 - Stand E93,"BSTABO, as a global electric off-road equipment company, is primarily engaged in the design, development, production, and global sales of products such as electric all-terrain vehicles, electric snowmobiles, and electric watercraft.The meaning of the ""BSTABO"" brand is ""Be Stable."" We are committed to providing reliable, comfortable and high-performance products to global users, while wholeheartedly promoting a lifestyle close to nature, creating joyful and passionate outdoor experiences for our customers. BSTABO, as a global electric off-road equipment company, is primarily engaged in the design, development, production, and global sales of products such as electric all-terrain vehicles, electric snowmobiles, and electric watercraft.The meaning of the ""BSTABO"" brand is ""Be Stable."" We are committed to providing reliable, comfortable and high-performance products to global users, while wholeheartedly promoting a lifestyle close to nature, creating joyful and passionate outdoor experiences for our customers.",,,,PALLASWIESENSTRABE 180 DARMSTADT DARMSTADT,,
AM - A MAN POWER TRANSMISSION CO. LTD,Pad. 5 - Stand C75,,,,,9F-2 NO. 12 ZHONGHUA RD YONGKANG DIST. TAINAN CITY YONGKANG DIST.,,
AMAZING INDUSTRIES,Pad. 14 - Stand B15,,,,https://amazingind.com,25-KM WAZIRABAD ROAD SIALKOT PUNJAB,,
AMPACE TECHNOLOGY LIMITED,Pad. 5 - Stand C88,,,,,,,
AMSA INTERNATIONAL,,,,,,,,
AMX ACCESSORIES,Pad. 9 - Stand N71,,,,,"RUA LODOVICO BENEDETTI, 196 BENTO GONCALVES - RS RS",196 BENTO GONCALVES - RS RS,
"ANCHILEX - TRINITY ELECTRONIC TRADING CO., LTD.",Pad. 18 - Stand A96,,,,,,,
ANDREANI GROUP INTERNATIONAL S.R.L.,Pad. 10 - Stand E78,,,,https://andreanigroup.com,STRADA DELLA ROMAGNA 361 PESARO PU,,
"ANGELLIC TECHNOLOGY LIMITED - YIH FENG METAL INDUSTRIAL CO., LTD.",Pad. 5 - Stand A88,,,,,,,
ANGER - RELIAN MFG,Pad. 9 - Stand U76,,,,,,,
"ANHUI DEERFU AUTO PARTS CO., LTD - SINOLIGHT INTERNATIONAL HOLDINGS CORPORATION (CLETC)","Pad. 14,4,6,9,7 - Stand C05,C08,E60,E64,E72,E76,I10,S85,U29,U30,E54,G61,S70,S68,S74,S76,S80,Q64,P82,E53,R64,I14,T94,C81,C87,A84,B87,A90,E55,S59",,,,https://cletc.com,SINOLIGHT PLAZA NO.4 WANG JING CHAOYANG DISTRICT BEIJING BEIJING,,
"ANHUI DEHONG WORK MANUFACTURE CO.,LTD - BRØDRESKIFT TECH AS",Pad. 18 - Stand H58,,,,https://brodreskifttech.top,BERGERVEIEN 26 ASKER VIKEN,,
"ANHUI YUSHI BRAKE SYSTEM CO., LTD - SINOLIGHT INTERNATIONAL HOLDINGS CORPORATION (CLETC)","Pad. 14,4,6,9,7 - Stand C05,C08,E60,E64,E72,E76,I10,S85,U29,U30,E54,G61,S70,S68,S74,S76,S80,Q64,P82,E53,R64,I14,T94,C81,C87,A84,B87,A90,E55,S59",,,,https://cletc.com,SINOLIGHT PLAZA NO.4 WANG JING CHAOYANG DISTRICT BEIJING BEIJING,,
ANLAS,Pad. 7 - Stand C33,"With 50+ years of expertise ANLAS is a global tyre manufacturer specializing in motorcycle, ATV, golf car, go-cart and agricultural tyres. Anlas, exports to all continents, ANLAS delivers innovation, safety and performance, positioning itself as a trusted suplier in the tyre industry. With 50+ years of expertise ANLAS is a global tyre manufacturer specializing in motorcycle, ATV, golf car, go-cart and agricultural tyres. Anlas, exports to all continents, ANLAS delivers innovation, safety and performance, positioning itself as a trusted suplier in the tyre industry.",,,https://anlas.com,AHI EVRAN ST. 42 MASLAK OFFICE 1 ISTANBUL SARIYER,,
ANLAS - RISEMOUSSE,,,,,,,,
"ANLIDA - GOODTIRE RUBBER INDUSTRIAL CO., LTD.",Pad. 5 - Stand T89,,,,,,,
"ANQ RU INDUSTRIAL CO., LTD. - TAIPEI EXHIBITION CENTER INC.","Pad. 18 - Stand I91,I92,L96",A professional exhibition service company that organizes groups to participate in major European exhibitions and provides booth decoration services. A professional exhibition service company that organizes groups to participate in major European exhibitions and provides booth decoration services.,,,,2F.-1 NO.309 DUNHUA N. RD. SONGSHAN DIST. TAIPEI TAIWAN,,
ANSELM TOURING COMPANY,,,,,,,,
ANTHER EUROPE S.R.L.,Pad. 14 - Stand I20,,,,,,,
"ANYANG GUTELON TECHNOLOGY INDUSTRIAL CO., LTD. - SHENG HE YUAN KFT",,,,,,,,
"AOLIDA BELT - FOSHAN AOLIDA TRANSMISSION BELT CO., LTD.",Pad. 4 - Stand O84,"Aolida Transmission Belt Co., Ltd., specializes in developing, producing ATV & UTV belts, Scooter V belts and motorcycle carbon belts etc. Our high-intensity belts are heat-resistant and highly durable. They are characterized by their fast heat dissipation and long service life. Aolida Transmission Belt Co., Ltd., specializes in developing, producing ATV & UTV belts, Scooter V belts and motorcycle carbon belts etc. Our high-intensity belts are heat-resistant and highly durable. They are characterized by their fast heat dissipation and long service life.",,,https://aolidabelt.com,"LINYUE INDUSTRIAL DISTRICT, PINGZHOU, NANHAI DISTRICT, FOSHAN CITY GUANGDONG",FOSHAN CITY GUANGDONG,
"AOLIDA TRANSMISSION BELT CO., LTD. - FOSHAN AOLIDA TRANSMISSION BELT CO., LTD.",Pad. 4 - Stand O84,"Aolida Transmission Belt Co., Ltd., specializes in developing, producing ATV & UTV belts, Scooter V belts and motorcycle carbon belts etc. Our high-intensity belts are heat-resistant and highly durable. They are characterized by their fast heat dissipation and long service life. Aolida Transmission Belt Co., Ltd., specializes in developing, producing ATV & UTV belts, Scooter V belts and motorcycle carbon belts etc. Our high-intensity belts are heat-resistant and highly durable. They are characterized by their fast heat dissipation and long service life.",,,https://aolidabelt.com,"LINYUE INDUSTRIAL DISTRICT, PINGZHOU, NANHAI DISTRICT, FOSHAN CITY GUANGDONG",FOSHAN CITY GUANGDONG,
AP RACING BRAKE PADS - WIND TRADING S.R.L.,Pad. 14 - Stand E35,,,,,,,
APEC - VOLTA MOTOR SAN. TIC. A.S.,Pad. 9 - Stand C71,,,,https://volta.com.tr,"SELAMLAR KÖYÜ, SELAMLAR MEVKII, GÜMÜSOVA OSB. 1. SOKAK VOLTA MOTOR SANAYI VE TICARET A.S., BLOK NO: 10, GÜMÜSOVA DÜZCE GUMUSOVA",GÜMÜSOVA DÜZCE GUMUSOVA,
APEX - MOTOR APEXHOLDINGS LLC,,,,,,,,
APO TOOL INTERNATIONAL LTD,Pad. 11 - Stand B24,Apo Tool International Ltd. has been producing and supplying mechanic tools for automotive as well as motorcycle for over four decades. Our in-house design team and strong supply chain are core competencies in providing OEM and ODM service solutions as well as a comprehensive range of aftermarket products for automotive maintenance and repair. Our production and operation is powered by renewable energy. We have obtained ISO 9001:2015 certification for quality management system. Never compromise on quality and prompt customer service result in achieving high customer satisfaction along with recognition. Apo Tool International Ltd. has been producing and supplying mechanic tools for automotive as well as motorcycle for over four decades. Our in-house design team and strong supply chain are core competencies in providing OEM and ODM service solutions as well as a comprehensive range of aftermarket products for automotive maintenance and repair. Our production and operation is powered by renewable energy. We have obtained ISO 9001:2015 certification for quality management system. Never compromise on quality and prompt customer service result in achieving high customer satisfaction along with recognition.,,,,"NO. 38, PING AN STREET CHANG HUA CHANG HUA",PING AN STREET CHANG HUA CHANG HUA,
APRILIA - PIAGGIO & C S.P.A.,Pad. 9 - Stand E76,,,,,,,
ARAI HELMET (EUROPE) BV,Pad. 5 - Stand O81,"This is Arai - Priority for Protection Helmets, made by the dedicated hands of those who work at Arai, have shown examples of supreme protection for decades. The numerous improvements by their experienced hands, and personal desire to further the protection of riders' heads, are among the many unique reasons Arai helmets perform the way they do. From our very first helmet, to those we make today, rider protection remains our first priority and we at Arai shall never forget the value of what we have been seeking to protect is priceless. This is Arai - Priority for Protection Helmets, made by the dedicated hands of those who work at Arai, have shown examples of supreme protection for decades. The numerous improvements by their experienced hands, and personal desire to further the protection of riders' heads, are among the many unique reasons Arai helmets perform the way they do. From our very first helmet, to those we make today, rider protection remains our first priority and we at Arai shall never forget the value of what we have been seeking to protect is priceless.",,,https://araihelmet.eu,ZUIDERINSLAG 10 HOEVELAKEN NEDERLAND,,
ARCAS INDUSTRIE S.R.L.,Pad. 6 - Stand I26,"Italian Hig Performance Exhaust Systems manufacturer Pure style with technology and esotheric materials, for the best look and performance. Match the personality of a Hand Made product, totally made in Italy with the top advanced technology; A real touch of style to make your bike unique. Italian Hig Performance Exhaust Systems manufacturer Pure style with technology and esotheric materials, for the best look and performance. Match the personality of a Hand Made product, totally made in Italy with the top advanced technology; A real touch of style to make your bike unique.",,,,"TANGENZIALE SUD, 40/44 VERCELLI VC",40/44 VERCELLI VC,
ARCESE,,,,,,,,
ARCHERS INTERNATIONAL - TDAP,Pad. 5 - Stand S72,,,,https://archers.com.pk,10/249 ROYAL STREET MOH. AWANA NEKAPURA SIALKOT PUNJAB,,
ARCHIVE MOTORCYCLE - ACSUD SACIM DISTRIBUTION,Pad. 9 - Stand I51,,,,,,,
"ARCTIC LEOPARD ELECTRIC TECHNOLOGY CO., LTD.",Pad. 10 - Stand I95,"Arctic leopard electric technology is the world's leading supplier of high-performance electric off-road motorcycles.The company is committed to providing global users with electric off-road vehicles with higher performance, longer battery life, lighter vehicle weight and better control. In 2024, it swept the top three spots in the Dakar M1000 electric category with its mass-produced model EXE880, using race technology to benefit civilian products and promote the development of green extreme sports. Currently products have been exported to 30+ countries including Southeast Asia and Europe, and the goal is to become one of the top 3 brands in the global high-performance electric off-road motorcycle sector. Arctic leopard electric technology is the world's leading supplier of high-performance electric off-road motorcycles.The company is committed to providing global users with electric off-road vehicles with higher performance, longer battery life, lighter vehicle weight and better control. In 2024, it swept the top three spots in the Dakar M1000 electric category with its mass-produced model EXE880, using race technology to benefit civilian products and promote the development of green extreme sports. Currently products have been exported to 30+ countries including Southeast Asia and Europe, and the goal is to become one of the top 3 brands in the global high-performance electric off-road motorcycle sector.",,,https://arctic-leopard.com,"NO.1001, CHENGXI AVENUE, WENLING CITY TAIZHOU ZHEJIANG",WENLING CITY TAIZHOU ZHEJIANG,
ARCTORA LIMITED,Pad. 5 - Stand T52,,,,https://arctora.com,"8 THE GREEN,STE R DOVER Delaware",STE R DOVER Delaware,
AREXONS S.P.A.,Pad. 18 - Stand C56,"Quello di Svitol è un mondo in continua evoluzione. Sono passati più di 80 anni da quando Arexons ha lanciato sul mercato Svitol: l’olio lubrificante solvente per ruggine espressamente studiato per la manutenzione dei tram di Milano. Un impiego “heavy duty” grazie al quale Svitol Lubrificante Multifunzione si afferma subito come un valido alleato per chi lavora sporcandosi le mani. Da allora, con le sue eccezionali qualità, Svitol non ha mai smesso di allargare i suoi campi di applicazione, divenendo via via insostituibile anche per la manutenzione di impianti industriali, nella sfera domestica, nel fai da te e nella cura dell’auto. Le performance del prodotto in ambito automotive vennero suggellate dalla prestigiosa partnership con la casa automobilistica più amata al mondo: Ferrari. È così che negli anni Ottanta il celebre Cavallino Rampante arriva sulle bombolette di Svitol! Il prodotto si evolve, recependo tutti i miglioramenti offerti dalle tecnologie, per rispondere alle diverse caratteristiche dei nuovi materiali sui quali Svitol può essere applicato. Oggi questo continuo impegno in Ricerca & Sviluppo ha fatto di Svitol una gamma completa per rispondere a ogni tipo di esigenza, garantendo sempre alta qualità e facilità d’uso! Quattro linee diverse, ognuna con le proprie caratteristiche che confermano l’anima funzionale del brand Svitol: una marca vicina alle persone, capace di soddisfare i bisogni di ciascuno nel modo più semplice possibile! Quello di Svitol è un mondo in continua evoluzione. Sono passati più di 80 anni da quando Arexons ha lanciato sul mercato Svitol: l’olio lubrificante solvente per ruggine espressamente studiato per la manutenzione dei tram di Milano. Un impiego “heavy duty” grazie al quale Svitol Lubrificante Multifunzione si afferma subito come un valido alleato per chi lavora sporcandosi le mani. Da allora, con le sue eccezionali qualità, Svitol non ha mai smesso di allargare i suoi campi di applicazione, divenendo via via insostituibile anche per la manutenzione di impianti industriali, nella sfera domestica, nel fai da te e nella cura dell’auto. Le performance del prodotto in ambito automotive vennero suggellate dalla prestigiosa partnership con la casa automobilistica più amata al mondo: Ferrari. È così che negli anni Ottanta il celebre Cavallino Rampante arriva sulle bombolette di Svitol! Il prodotto si evolve, recependo tutti i miglioramenti offerti dalle tecnologie, per rispondere alle diverse caratteristiche dei nuovi materiali sui quali Svitol può essere applicato. Oggi questo continuo impegno in Ricerca & Sviluppo ha fatto di Svitol una gamma completa per rispondere a ogni tipo di esigenza, garantendo sempre alta qualità e facilità d’uso! Quattro linee diverse, ognuna con le proprie caratteristiche che confermano l’anima funzionale del brand Svitol: una marca vicina alle persone, capace di soddisfare i bisogni di ciascuno nel modo più semplice possibile!",,,https://arexons.com,VIA ANTICA DI CASSANO 23 CERNUSCO SUL NAVIGLIO MI,,
"ARFASO INDUSTRY - WHITELAND INDUSTRIES (PVT), LTD",,,,,,,,
ARI THE ORIGINAL FORK OIL SEALS - ARIETE - SANDRO MENTASTI S.R.L.,Pad. 6 - Stand C35,,,,,,,
ARIETE - SANDRO MENTASTI S.R.L.,Pad. 6 - Stand C35,"Siamo un’orgogliosa Azienda “Made in Italy” la cui missione è farti esprimere le migliori prestazioni sportive e sfidare i tuoi più grandi obiettivi. Da oltre 75 anni trasformiamo idee in prodotti performanti, grazie a 3 generazioni di persone appassionate che lo hanno reso possibile. Ariete è ancora una “piccola grande” Azienda, fatta di persone e non solo di professionisti, che ha saputo mantenere la mentalità di un’autentica “Azienda familiare italiana“, dove il cliente è sempre il solo e unico grande eroe. È stato un viaggio incredibile dal 1947. Non abbiamo mai temuto il cambiamento, al contrario lo abbiamo cavalcato, sfida dopo sfida. Ed eccoci qui! La nostra risorsa più potente è la capacità di adattarsi e trasformarsi, esattamente “come la gomma“, per competere e vincere in nuovi scenari di mercato. Ariete è il partner per affrontare le tue più grandi sfide, esprimere le tue più alte prestazioni ed esaltare il tuo talento. La nostra nuova missione è ottimizzare i nostri metodi di produzione, diventare più sostenibili, ridurre la nostra impronta ecologica, rispettare il pianeta e tutte le creature viventi. Siamo un’orgogliosa Azienda “Made in Italy” la cui missione è farti esprimere le migliori prestazioni sportive e sfidare i tuoi più grandi obiettivi. Da oltre 75 anni trasformiamo idee in prodotti performanti, grazie a 3 generazioni di persone appassionate che lo hanno reso possibile. Ariete è ancora una “piccola grande” Azienda, fatta di persone e non solo di professionisti, che ha saputo mantenere la mentalità di un’autentica “Azienda familiare italiana“, dove il cliente è sempre il solo e unico grande eroe. È stato un viaggio incredibile dal 1947. Non abbiamo mai temuto il cambiamento, al contrario lo abbiamo cavalcato, sfida dopo sfida. Ed eccoci qui! La nostra risorsa più potente è la capacità di adattarsi e trasformarsi, esattamente “come la gomma“, per competere e vincere in nuovi scenari di mercato. Ariete è il partner per affrontare le tue più grandi sfide, esprimere le tue più alte prestazioni ed esaltare il tuo talento. La nostra nuova missione è ottimizzare i nostri metodi di produzione, diventare più sostenibili, ridurre la nostra impronta ecologica, rispettare il pianeta e tutte le creature viventi.",,,https://ariete.com,VIA GIOVANNI MACCHI 30 VARESE VA,,
ARIO - CCCME,,,,,,,,
ARMOR MANUFACTURING CORPORATION,,,,,,,,
ARMR - OXFORD PRODUCTS LTD,Pad. 9 - Stand I87,,,,https://oxfordproducts.com,"DE HAVILLAND WAY, RANGE ROAD WITNEY OXFORDSHIRE",RANGE ROAD WITNEY OXFORDSHIRE,
ARROW SPECIAL PARTS SPA,Pad. 10 - Stand C73,"Arrow Special Parts S.p.A. nasce come un’azienda con una fortissima vocazione sportiva, infatti dal 2000 ha collezionato più di 20 titoli mondiali, tra Superbike, Supersport, Motocross, Supermotard. L’impegno nelle attività sportive è cresciuto con l’introduzione delle classi Moto3, Moto2 e MotoGP: Arrow è stato il partner preferenziale di molti team e costruttori per lo sviluppo degli scarichi dedicati alle nuove moto prototipo che hanno preso parte alle gare di queste due classi. Negli ultimi anni le attività sportive dell’azienda si sono ulteriormente allargate nel mondo: accanto all’impegno nei campionati mondiali a tutti i livelli, Arrow sta lavorando fianco a fianco con top team in competizioni Nazionali di altissimo livello fornendo supporto diretto ai team grazie al lavoro fatto dagli importatori locali. Questo ha portato ad Arrow altri titoli quali: Daytona SuperSport, campionato STK MotoAmerica, Tourist Trophy. Successivamente Arrow ha iniziato la collaborazione con team Europei che partecipano al Mondiale Endurance. Lavorare con questi team ha permesso all’azienda di provare gli scarichi nelle peggiori condizioni possibili, portando al limite materiali, soluzioni e processi produttivi. Questo gran lavoro è stato ripagato poi con il titolo mondiale nella classe SST. Il lungo impegno nelle competizioni ha portato l’azienda a creare un solido bagaglio di conoscenze ed esperienza nel campo dello sviluppo e realizzazione di impianti di scarico, rafforzata ulteriormente negli anni grazie alle collaborazioni messe in atto con costruttori di moto di livello mondiale per lo sviluppo, messa a punto e produzione di scarichi di primo equipaggiamento e aftermarket. L’area di ricerca e sviluppo è situata nello stesso fabbricato che ospita l’officina di produzione, munita di: software all’avanguardia per la progettazione 3d, stampante 3d per la prototipazione istantanea e scanner 3d per reverse-engineering e controllo qualità. La linea di produzione di Arrow utilizza macchinari ad altissimo valore tecnologico per automatizzare per quanto possibile alcuni dei processi critici, per quanto riguarda taglio, piega, preparazione e stampaggio. Il tutto per garantire qualità costruttiva, alta produttività e flessibilità operativa. La realizzazione di sistemi di scarico di elevata qualità richiede comunque processi manuali: saldatura, preparazione componenti, assemblaggio ed imballaggio. Arrow ha reso famoso il suo marchio grazie ad una vastissima offerta di prodotti aftermarket, che copre praticamente tutti i veicoli a due ruote a motore. Arrow Special Parts S.p.A. nasce come un’azienda con una fortissima vocazione sportiva, infatti dal 2000 ha collezionato più di 20 titoli mondiali, tra Superbike, Supersport, Motocross, Supermotard. L’impegno nelle attività sportive è cresciuto con l’introduzione delle classi Moto3, Moto2 e MotoGP: Arrow è stato il partner preferenziale di molti team e costruttori per lo sviluppo degli scarichi dedicati alle nuove moto prototipo che hanno preso parte alle gare di queste due classi. Negli ultimi anni le attività sportive dell’azienda si sono ulteriormente allargate nel mondo: accanto all’impegno nei campionati mondiali a tutti i livelli, Arrow sta lavorando fianco a fianco con top team in competizioni Nazionali di altissimo livello fornendo supporto diretto ai team grazie al lavoro fatto dagli importatori locali. Questo ha portato ad Arrow altri titoli quali: Daytona SuperSport, campionato STK MotoAmerica, Tourist Trophy. Successivamente Arrow ha iniziato la collaborazione con team Europei che partecipano al Mondiale Endurance. Lavorare con questi team ha permesso all’azienda di provare gli scarichi nelle peggiori condizioni possibili, portando al limite materiali, soluzioni e processi produttivi. Questo gran lavoro è stato ripagato poi con il titolo mondiale nella classe SST. Il lungo impegno nelle competizioni ha portato l’azienda a creare un solido bagaglio di conoscenze ed esperienza nel campo dello sviluppo e realizzazione di impianti di scarico, rafforzata ulteriormente negli anni grazie alle collaborazioni messe in atto con costruttori di moto di livello mondiale per lo sviluppo, messa a punto e produzione di scarichi di primo equipaggiamento e aftermarket. L’area di ricerca e sviluppo è situata nello stesso fabbricato che ospita l’officina di produzione, munita di: software all’avanguardia per la progettazione 3d, stampante 3d per la prototipazione istantanea e scanner 3d per reverse-engineering e controllo qualità. La linea di produzione di Arrow utilizza macchinari ad altissimo valore tecnologico per automatizzare per quanto possibile alcuni dei processi critici, per quanto riguarda taglio, piega, preparazione e stampaggio. Il tutto per garantire qualità costruttiva, alta produttività e flessibilità operativa. La realizzazione di sistemi di scarico di elevata qualità richiede comunque processi manuali: saldatura, preparazione componenti, assemblaggio ed imballaggio. Arrow ha reso famoso il suo marchio grazie ad una vastissima offerta di prodotti aftermarket, che copre praticamente tutti i veicoli a due ruote a motore.",,,https://arrow.it,VIA CITERNESE 128-130 SAN GIUSTINO PG,,
ARWIC DIS TICARET LTD STI,Pad. 6 - Stand I27,,,,https://arwic.com.tr,OSMANLI SOKAK ISTANBUL YENIBOSNA,,
ASAP MOTORCYCLE,Pad. 7 - Stand T18,,,,,568 CHEMIN DES PLAINES VAUVENARGUES 13,,
ASTEMO LTD.,Pad. 5 - Stand A54,"Astemo, headquartered in Tokyo, Japan, is a joint venture between Hitachi, Ltd., Honda Motor Co., and JIC Capital, Ltd. With 80,000 employees worldwide and operations in Americas, Asia, China, Europe and Japan, the company is a global mega-supplier in the automotive industry. The Electrification Business Division, Vehicle Business Division, and Motorcycle Business Division are engaged in the development, manufacture, sales, and service of automotive parts as well as transportation and industrial machinery and systems. Astemo is committed to creating a sustainable society and delivering enhanced corporate value. Astemo, headquartered in Tokyo, Japan, is a joint venture between Hitachi, Ltd., Honda Motor Co., and JIC Capital, Ltd. With 80,000 employees worldwide and operations in Americas, Asia, China, Europe and Japan, the company is a global mega-supplier in the automotive industry. The Electrification Business Division, Vehicle Business Division, and Motorcycle Business Division are engaged in the development, manufacture, sales, and service of automotive parts as well as transportation and industrial machinery and systems. Astemo is committed to creating a sustainable society and delivering enhanced corporate value.",,,https://astemo.com,"Otemachi, Chiyoda tokyo KANTOU",Chiyoda tokyo KANTOU,
ATHENA S.P.A.,Pad. 5 - Stand E54,,,,https://athena.eu,VIA DELLE ALBERE 13 ALONTE VI,,
"ATIC (CHONGQING) CO., LTD. - VALUEDSHOW (SHAGNHAI) MANAGEMENT LLC",,,,,,,,
"ATNEN - SHENZHEN ATNEN TECH CO., LTD",Pad. 11 - Stand U12,"Since its establishment in 2014,ATNEN has always adhered to aprofessional and dedicated attitude and is committed to providing high-end charging solutions for the majority of users ATNEN always adheres to product quality first and user experience as the core. The products produced by the company have been certified by IS09001,GS, UL,CB, CE,SAA, PSE and other authoritative organizations, and the quality is guaranteed. The sales network covers all parts of the country and more than 20 countries and regions around the world.With its excellent quality, excellent service and good reputation, ATNEN has won unanimous praise from our customers. Since its establishment in 2014,ATNEN has always adhered to aprofessional and dedicated attitude and is committed to providing high-end charging solutions for the majority of users ATNEN always adheres to product quality first and user experience as the core. The products produced by the company have been certified by IS09001,GS, UL,CB, CE,SAA, PSE and other authoritative organizations, and the quality is guaranteed. The sales network covers all parts of the country and more than 20 countries and regions around the world.With its excellent quality, excellent service and good reputation, ATNEN has won unanimous praise from our customers.",,,https://szatnen.com,GUANHU SHENZHEN GUANGDONG,,
ATROX INDUSTRIES,Pad. 14 - Stand A46,,,,https://atrox-gear.com,10-KM SAMBRIAL ROAD SIALKOT PUNJAB,,
AUMOVIO SE,Pad. 9 - Stand M62,"Since its spin-off in September 2025 AUMOVIO continues the business of the former Continental group sector Automotive as an independent company. The technology and electronics company offers a wide-ranging portfolio that makes mobility safe, exciting, connected, and autonomous. This includes sensor solutions, displays, braking and comfort systems as well as comprehensive expertise in software, architecture platforms, and assistance systems for software-defined vehicles. In the fiscal year 2024 the business areas, which now belong to AUMOVIO, generated sales of 19.6 billion Euro. The company is headquartered in Frankfurt, Germany and has about 87.000 employees in more than 100 locations worldwide. Since its spin-off in September 2025 AUMOVIO continues the business of the former Continental group sector Automotive as an independent company. The technology and electronics company offers a wide-ranging portfolio that makes mobility safe, exciting, connected, and autonomous. This includes sensor solutions, displays, braking and comfort systems as well as comprehensive expertise in software, architecture platforms, and assistance systems for software-defined vehicles. In the fiscal year 2024 the business areas, which now belong to AUMOVIO, generated sales of 19.6 billion Euro. The company is headquartered in Frankfurt, Germany and has about 87.000 employees in more than 100 locations worldwide.",,,https://aumovio.com,GUERICKESTRASSE 7 FRANKFURT AM MAIN HESSEN,,
AUTO CONSULTING S.A.S.,,,,,,,,
"AUTO-STATE INDUSTRIAL CO., LTD.",Pad. 18 - Stand D59,"A Taiwan-based professional manufacturer and supplier of performance kick starters, gearshift levers, and various parts for motorcycles, Auto State has always devoted itself in product manufacturing and development. To stay at the leading edge of the industry in research and designing, Auto State continues to focus on providing products with the best quality, for we know that the very little detail can be the key driver for the entire bike performance. Furthermore, Auto State develops ultra-light aluminum parts with the combination of stylish exterior, high functionality, and innovative design. A Taiwan-based professional manufacturer and supplier of performance kick starters, gearshift levers, and various parts for motorcycles, Auto State has always devoted itself in product manufacturing and development. To stay at the leading edge of the industry in research and designing, Auto State continues to focus on providing products with the best quality, for we know that the very little detail can be the key driver for the entire bike performance. Furthermore, Auto State develops ultra-light aluminum parts with the combination of stylish exterior, high functionality, and innovative design.",,,https://auto-state.com,"NO.99, YUANQU RD., TAIPING DIST., TAICHUNG CITY TAIWAN",TAICHUNG CITY TAIWAN,
AUTOFANTASY SRL - LANTU LTD,,,,,,,,
AUVRAY SAS,Pad. 10 - Stand I61,"Since 1982, AUVRAY LOCKS ensures the protection of your motorcycle, scooter and bicycle against theft, thanks to a complete range of locks, made from the most effective materials in terms of security. With a perfect knowledge of the latest technologies, AUVRAY LOCKS offers an incomparable quality and resistance. Auvray always innovates with its Speedmarking solution with data traceability completed with affinity insurance services. Since 1982, AUVRAY LOCKS ensures the protection of your motorcycle, scooter and bicycle against theft, thanks to a complete range of locks, made from the most effective materials in terms of security. With a perfect knowledge of the latest technologies, AUVRAY LOCKS offers an incomparable quality and resistance. Auvray always innovates with its Speedmarking solution with data traceability completed with affinity insurance services.",,,https://auvray-security.com,225 ALLEE DU LYONNAIS BOURG DE PEAGE RA,,
AVANTI - RK GLOBALS FZE,,,,,,,,
AVOTECNICA,Pad. 11 - Stand G39,,,,https://avotecnica.com,VIA BETTINARDI NR.2 BRESSANVIDO VI,,
AXOR HELMETS,,,,,,,,
BADX GMBH,,,,,,,,
BAGSTER FRANCE SAS,Pad. 7 - Stand G38,"Founded in Normandy in 1984, Bagster is a company that has made its mark on the history of motorcycle accessories by offering iconic products such as tank protectors, soft luggage and leg covers for scooters and motorcycles since its inception. In addition to these flagship products, the company has expanded into the manufacture and customisation of seats, making it one of the most established brands in Europe, with 100% French production for seats and tank pads. Craftsmanship, innovation and expertise have always distinguished Bagster products. Founded in Normandy in 1984, Bagster is a company that has made its mark on the history of motorcycle accessories by offering iconic products such as tank protectors, soft luggage and leg covers for scooters and motorcycles since its inception. In addition to these flagship products, the company has expanded into the manufacture and customisation of seats, making it one of the most established brands in Europe, with 100% French production for seats and tank pads. Craftsmanship, innovation and expertise have always distinguished Bagster products.",,,https://bagster.com,ZI BEAUREGARD - 19 RUE DES PEUPLIERS LA FERTÉ-MACÉ NORMANDIE,,
BAJWA STARS,Pad. 9 - Stand U68,,,,https://bajwastar.com,STREET NO.4 SHAH SHAKOOR SIALKOT PUNJAB,,
BAJWA VISION,Pad. 6 - Stand E44,,,,https://w.w.w.bajwavision.com,VARIO ROAD SIALKOT PUNJAB,,
"BAOJI HONEST NEW METAL MATERIAL CO.,LTD - XIPU UNION SL",Pad. 18 - Stand D75,,,,,,,
"BAOJI SAFETY MANUFACTURING CO., LTD. - SICHUAN LIYANG INDUSTRY CO.,LTD",Pad. 4 - Stand A80,,,,,,,
"BAOJI SINO-SWISS TITANIUM CO.,LTD. - BE BEST INTERNATIONAL SP.ZO.O",,,,,,,,
BARDAHL - MAROIL S.R.L.,,,,,,,,
BARTUBELESS - RK TAKASAGO CHAIN & EXCEL RIM,Pad. 5 - Stand A70,,,,,,,
BARUFFALDI,,,,,,,,
BASHIR IMPEX,Pad. 7 - Stand B20,"Bashir Impex: Your Trusted Motorcycle Gear Partner As a pioneering FACTORY specialising in Motorcycle Boots, Gloves, Kevlar, and Textile Garments, we blend innovation with uncompromising safety. Our CE-certified products reflect our dedication to quality. With 25+ years of experience, we've earned the trust of top brands worldwide. Sustainability is at our core – from green energy to fair labor practices and ethical sourcing. Partner with us for exceptional motorcycle gear that combines style, safety, and unparalleled quality. Bashir Impex: Your Trusted Motorcycle Gear Partner As a pioneering FACTORY specialising in Motorcycle Boots, Gloves, Kevlar, and Textile Garments, we blend innovation with uncompromising safety. Our CE-certified products reflect our dedication to quality. With 25+ years of experience, we've earned the trust of top brands worldwide. Sustainability is at our core – from green energy to fair labor practices and ethical sourcing. Partner with us for exceptional motorcycle gear that combines style, safety, and unparalleled quality.",,,,OPP SHAMAS PURA MAIN DEFENCE ROAD SIALKOT PUNJAB,,
BCR - WHEELUP,Pad. 14 - Stand G14,"Siamo la catena di negozi specializzati in caschi, abbigliamento e accessori moto n.1 in Italia. Nei nostri 55 punti vendita e sul portale eCommerce Wheelup.it, troverai un assortimento delle migliori marche di Caschi e Abbigliamento e un’offerta completa di prodotti con il miglior rapporto qualità/prezzo del mercato, ideati e progettati dal nostro Centro di Sviluppo Prodotto con sede nel moto distretto produttivo Vicentino. Da motociclisti per i motociclisti con attenzione, cura, qualità e la giusta offerta di prodotti. Una realtà completamente Italiana che conta ad oggi 55 Punti vendita (con 1 negozio eCommerce) e oltre 250 persone impiegate. Siamo la catena di negozi specializzati in caschi, abbigliamento e accessori moto n.1 in Italia. Nei nostri 55 punti vendita e sul portale eCommerce Wheelup.it, troverai un assortimento delle migliori marche di Caschi e Abbigliamento e un’offerta completa di prodotti con il miglior rapporto qualità/prezzo del mercato, ideati e progettati dal nostro Centro di Sviluppo Prodotto con sede nel moto distretto produttivo Vicentino. Da motociclisti per i motociclisti con attenzione, cura, qualità e la giusta offerta di prodotti. Una realtà completamente Italiana che conta ad oggi 55 Punti vendita (con 1 negozio eCommerce) e oltre 250 persone impiegate.",,,https://wheelup.it,VIA TOMMASO GROSSI 5 CARATE BRIANZA MB,,
BE BEST INTERNATIONAL SP.ZO.O,,,,,,,,
BEACHMAN MOTOR COMPANY LTD.,"Pad. 10,9 - Stand A80,S82",,,,,,,
BECCANI ITALIA SRL,,,,,,,,
"BEIJING HAOBO TRADE & TECHNOLOGY CO., LTD.",,,,,,,,
BEIJING SHENZHOU RODIA INDUSTRY & TRADE CO. LTD,,,,,,,,
BEL-RAY TOTAL PERFORMANCE LUBRICANTS,,,,,,,,
BELGROVE SP. Z O.O. - MOTORPARTS SRL,Pad. 5 - Stand C66,,,,,,,
BELL HELMETS,,,,,,,,
"BENDA MOTORCYCLE ITALIA - HANGZHOU SATURN POWER TECHNOLOGY CO., LTD.",Pad. 18 - Stand A54,"Hangzhou Saturn Power Technology Co., Ltd. was established in 2016, and now we have north and south two factories. We are a high-tech enterprise with first-class access qualifications for the production of national road motor vehicles. We are also a provincial research and development center and a national-level “Professional Excellence and Innovation Enterprise”. The company has set up a digital simulation and analysis team and is equipped with the best design, R&D, and manufacturing system for engines, two-wheel and four-wheel vehicles. Hangzhou Saturn Power Technology Co., Ltd. was established in 2016, and now we have north and south two factories. We are a high-tech enterprise with first-class access qualifications for the production of national road motor vehicles. We are also a provincial research and development center and a national-level “Professional Excellence and Innovation Enterprise”. The company has set up a digital simulation and analysis team and is equipped with the best design, R&D, and manufacturing system for engines, two-wheel and four-wheel vehicles.",,,https://bendamoto.com,"NO.282 RENLANG RD, RENHE STREET. YUHANG DISTRICT HANGZHOU ZHEJIANG",RENHE STREET. YUHANG DISTRICT HANGZHOU ZHEJIANG,
BENELLI Q.J. S.R.L.,Pad. 6 - Stand D20,"Benelli produce motorcycles created to meet the requirements of every rider, even the most demanding, and ensure the ultimate riding experience and comfort. The most advanced technology and the innovative design concepts are implemented in all the models of the Company of Pesaro. Benelli produce motorcycles created to meet the requirements of every rider, even the most demanding, and ensure the ultimate riding experience and comfort. The most advanced technology and the innovative design concepts are implemented in all the models of the Company of Pesaro.",,,https://benelli.com,STRADA DELLA FORNACE VECCHIA SN PESARO PU,,
BENSERCA 18 S.A.,,,,,,,,
BENYCO GROUP SP. Z O.O.,,,,,,,,
"BEON AUTOMOTIVE, SL",Pad. 18 - Stand H73,Manufacturer of racing motorcycles Manufacturer of racing motorcycles,,,https://beonautomotive.es,"C/ SANTA RITA, Nº 3 SANT FOST DE CAMPSENTELLES BARCELONA",Nº 3 SANT FOST DE CAMPSENTELLES BARCELONA,
BEON HELMETS INDUSTRY LIMITED,Pad. 6 - Stand H24,"Beon helmets did start in 2005 in Guangzhou . so this year the company exists 20 years ! Today the company is located in MEIZHOU , 20.000 m2 and a yearly production of about 500.000 helmets , export to more then 25 countries , have 250 workers and do everything in house , like moulding , eps , development , decals ect ect. Beon helmets did start in 2005 in Guangzhou . so this year the company exists 20 years ! Today the company is located in MEIZHOU , 20.000 m2 and a yearly production of about 500.000 helmets , export to more then 25 countries , have 250 workers and do everything in house , like moulding , eps , development , decals ect ect.",,,https://beonhelmets.com,"GONGHE ZONGBAO ZONE, SHEJIANG TOWN, MEIXIAN DISTRICT, MEIZHOU KANTON",MEIZHOU KANTON,
BER RACING EUROPE SRL,,,,,,,,
BETA UTENSILI - GRAZIANO TOOLS,,,,,,,,
BETAC S.R.L.,Pad. 11 - Stand E07,,,,https://betac.it,VIA MONTE GRAPPA 10 NOVENTA PADOVANA PD,,
BETAMOTOR S.P.A.,"Pad. 7 - Stand M48,O48",,,,https://betamotor.com,PIAN DELL'ISOLA 72 RIGNANO SULL'ARNO FI,,
BETTELLA S.R.L.,Pad. 9 - Stand E52,,,,https://bettella.com,VIA CESARE BATTISTI 6 LIMENA PD,,
BIIKER SPORTS,Pad. 6 - Stand A34,"Biiker Sports is a Pakistan-based manufacturer of high-quality motocross and mountain bike clothing, supplying top-tier gear to several leading brands across Europe. With a state-of-the-art factory and skilled workforce, we specialize in producing durable, performance-driven apparel that meets the demands of both professional riders and outdoor enthusiasts. Biiker Sports is a Pakistan-based manufacturer of high-quality motocross and mountain bike clothing, supplying top-tier gear to several leading brands across Europe. With a state-of-the-art factory and skilled workforce, we specialize in producing durable, performance-driven apparel that meets the demands of both professional riders and outdoor enthusiasts.",,,https://biiker.com,"GUNJ MANDI, OPPOSITE RAILWAY STATION SIALKOT PUNJAB",OPPOSITE RAILWAY STATION SIALKOT PUNJAB,
BIKE IMAGE,,,,,,,,
BIKE-LIFT EUROPE S.R.L.,Pad. 5 - Stand G53,"Bike-Lift Europe è un’azienda specializzata nella produzione di attrezzature professionali per officine moto ed E-Bike. Da anni ci dedichiamo alla ricerca e allo sviluppo di soluzioni innovative e di alta qualità, al fine di soddisfare le esigenze dei nostri clienti. Abbiamo sempre messo al primo posto la volontà di rispondere alle necessità di un settore meraviglioso come quello delle gare agonistiche di moto e bici. Per farlo non siamo scesi a compromessi, ma abbiamo deciso di lavorare solo ed esclusivamente con materiali 100% Made in Italy, realizzando, personalizzando e distribuendo articoli professionali e innovativi. Ad oggi, la nostra gamma di prodotti è vasta e comprende tutto ciò che serve per gestire in modo efficace un garage che si rispetti. Tra i nostri prodotti figurano sollevatori centrali, cavalletti posteriori e sottocanotto, smontagomme e bilanciatrici, equilibratrici per ruote, morse per furgoni, e tanto altro ancora. Siamo un punto di riferimento su tutto il territorio nazionale e estero. Bike-Lift Europe è un’azienda specializzata nella produzione di attrezzature professionali per officine moto ed E-Bike. Da anni ci dedichiamo alla ricerca e allo sviluppo di soluzioni innovative e di alta qualità, al fine di soddisfare le esigenze dei nostri clienti. Abbiamo sempre messo al primo posto la volontà di rispondere alle necessità di un settore meraviglioso come quello delle gare agonistiche di moto e bici. Per farlo non siamo scesi a compromessi, ma abbiamo deciso di lavorare solo ed esclusivamente con materiali 100% Made in Italy, realizzando, personalizzando e distribuendo articoli professionali e innovativi. Ad oggi, la nostra gamma di prodotti è vasta e comprende tutto ciò che serve per gestire in modo efficace un garage che si rispetti. Tra i nostri prodotti figurano sollevatori centrali, cavalletti posteriori e sottocanotto, smontagomme e bilanciatrici, equilibratrici per ruote, morse per furgoni, e tanto altro ancora. Siamo un punto di riferimento su tutto il territorio nazionale e estero.",,,https://bikelifteurope.it,"DON MILANI, 40/42 FONTANELLATO PR",40/42 FONTANELLATO PR,
"BIKECOMM - LOOKING TECHNOLOGY CO.,LTD",,,,,,,,
BIKER TYCOON/HERO ITALIA - TDAP,,,,,,,,
BIKERS CROWN S.R.O. (TRILOBITE ),,,,,,,,
"BIKETECH CO., LTD. - ACCESS MOTOR CO LTD",Pad. 11 - Stand H30,"Established in 2005 in Taiwan, Access Motor specializes in the development and manufacturing of high-quality off-road vehicles, including ATVs, SSVs, and performance-oriented Sportquads. With vertically integrated capabilities—from design and engineering to in-house engine and drive-train production—Access Motor delivers reliable, precisely built machines for both recreational and utility use. Our product range is designed to meet the diverse needs of riders worldwide, from versatile ATVs built for work and adventure, to dynamic sport quads recognized for their agility, styling, and responsive performance. Each model reflects our dedication to thoughtful design, durability, and the rider experience. Access Motor continues to expand its global presence through a commitment to quality, innovation, and long-term customer satisfaction. Established in 2005 in Taiwan, Access Motor specializes in the development and manufacturing of high-quality off-road vehicles, including ATVs, SSVs, and performance-oriented Sportquads. With vertically integrated capabilities—from design and engineering to in-house engine and drive-train production—Access Motor delivers reliable, precisely built machines for both recreational and utility use. Our product range is designed to meet the diverse needs of riders worldwide, from versatile ATVs built for work and adventure, to dynamic sport quads recognized for their agility, styling, and responsive performance. Each model reflects our dedication to thoughtful design, durability, and the rider experience. Access Motor continues to expand its global presence through a commitment to quality, innovation, and long-term customer satisfaction.",,,https://accessmotorglobal.com,"NO.288, GUANXIN RD., TAINAN CITY TAINAN",TAINAN CITY TAINAN,
BIMPEX - BASHIR IMPEX,Pad. 7 - Stand B20,"Bashir Impex: Your Trusted Motorcycle Gear Partner As a pioneering FACTORY specialising in Motorcycle Boots, Gloves, Kevlar, and Textile Garments, we blend innovation with uncompromising safety. Our CE-certified products reflect our dedication to quality. With 25+ years of experience, we've earned the trust of top brands worldwide. Sustainability is at our core – from green energy to fair labor practices and ethical sourcing. Partner with us for exceptional motorcycle gear that combines style, safety, and unparalleled quality. Bashir Impex: Your Trusted Motorcycle Gear Partner As a pioneering FACTORY specialising in Motorcycle Boots, Gloves, Kevlar, and Textile Garments, we blend innovation with uncompromising safety. Our CE-certified products reflect our dedication to quality. With 25+ years of experience, we've earned the trust of top brands worldwide. Sustainability is at our core – from green energy to fair labor practices and ethical sourcing. Partner with us for exceptional motorcycle gear that combines style, safety, and unparalleled quality.",,,,OPP SHAMAS PURA MAIN DEFENCE ROAD SIALKOT PUNJAB,,
"BINZHOU ROAD CONQUEROR POWER CO.,LTD - HI-LIGHTING INT'L EXHIBITION BEIJING CO. LTD",Pad. 4 - Stand I56,,,,,,,
BISSOTU - CCCME,,,,,,,,
BITUBO S.R.L.,Pad. 10 - Stand C60,,,,https://bitubo.com,VIA A. VOLTA 24 TEOLO PD,,
BLACK RIDER RETRO HELMETS - BEON HELMETS INDUSTRY LIMITED,Pad. 6 - Stand H24,,,,,,,
BLADE - TAIWAN GOLDEN BEE CO. LTD,,,,,,,,
BLAISESYSTEM INC,,,,,,,,
BLD HELMET,Pad. 4 - Stand M83,"ZheJiang Bailide Motorcycle Fittings Co.,Ltd,established in 1999,have 20 years experience of manufacturing and selling motorcycle helmets.The factory is covered 60,000 square meter of construction area,with 8 engineers for mould design,new product developing and decal design,10 salespersons and 400 workers,and a testing center. We have 4 automatic production lines which are in European Advanced Technology for Electrostatic painting,to meet the requirements of environmental protection standard by Chinese government.Our main products are motocross helmets,full face helmets,flip-up helmets,open face helmets,half face helmets,and so on.More than 20 models of helmets are DOT approval,and 10 of that helmets are ECE approval as well.Our main markets are in South America,USA and Europe.In 2009,we carried out ISO 9001 quality system. As a trust motorcycle helmet supplier,we always insist on providing good quality to our customers,and keeping long term cooperation with our distributors. ZheJiang Bailide Motorcycle Fittings Co.,Ltd,established in 1999,have 20 years experience of manufacturing and selling motorcycle helmets.The factory is covered 60,000 square meter of construction area,with 8 engineers for mould design,new product developing and decal design,10 salespersons and 400 workers,and a testing center. We have 4 automatic production lines which are in European Advanced Technology for Electrostatic painting,to meet the requirements of environmental protection standard by Chinese government.Our main products are motocross helmets,full face helmets,flip-up helmets,open face helmets,half face helmets,and so on.More than 20 models of helmets are DOT approval,and 10 of that helmets are ECE approval as well.Our main markets are in South America,USA and Europe.In 2009,we carried out ISO 9001 quality system. As a trust motorcycle helmet supplier,we always insist on providing good quality to our customers,and keeping long term cooperation with our distributors.",,,,"YANZHOU ROAD,LANXI ECONOMIC DEVELOPMENT ZONE LANXI ZHEJIANG",LANXI ECONOMIC DEVELOPMENT ZONE LANXI ZHEJIANG,
BLEND BOOTS - WHEELUP,Pad. 14 - Stand G14,,,,,,,
BLUE LABEL - KOK INTERNATIONAL BUSINESS CORP,,,,,,,,
BLUE PAI - CCCME,,,,,,,,
BMC S.R.L.,Pad. 10 - Stand G64,"IT | BMC è leader globale nella progettazione e produzione di sistemi completi di filtrazione e di componenti ad alte prestazioni. Fondata a Bologna nel 1973, nel cuore della Motor Valley, BMC è cresciuta e conta ad oggi due filali in India e in Cina ed una presenza in oltre 50 paesi nel mondo. Grazie ad un know-how consolidato nella tecnologia di filtrazione avanzata e nell’uso di materiali compositi come la fibra di carbonio e di vetro, BMC progetta, sviluppa e produce componenti di alta gamma per diversi settori, tra i quali quello dell’automotive. BMC investe circa il 3% del proprio fatturato annuo in Ricerca & Sviluppo e Qualità e ha registrato oltre 100 brevetti internazionali, ponendosi come un partner OEM affidabile per i marchi di punta nei settori automobilistico e motociclistico. Da sempre protagonista nel mondo delle competizioni, BMC collabora con i principali team di Formula 1, Endurance, Rally, MotoGP e Superbike, fornendo componenti e filtri aria ad alte prestazioni che hanno contribuito a conquistare oltre 120 titoli mondiali Costruttori e Piloti. Decenni di collaborazione con il motorsport d’élite hanno costantemente elevato gli standard qualitativi di BMC, spingendo l’azienda verso una continua innovazione e migliorando la gamma di prodotti destinati al mercato aftermarket. Con oltre 10.000 prodotti disponibili sul mercato, i filtri BMC rappresentano la soluzione ideale per tutti i modelli di moto: dai marchi sportivi giapponesi alle V-Twin e custom, garantendo massime prestazioni e protezione. ------------------------------------------------------------------------------------------------- EN | BMC is a globally recognized leader in high-performance parts and filtration systems. Founded in Bologna in 1973, at the heart of the Motor Valley, BMC has expanded with branches in India and China, a presence in over 50 countries worldwide. With expertise in advanced filtration technology and composite materials like carbon and glass fiber, BMC designs, develops, and manufactures premium components for several sectors, in particular for automotive. Holding over 100 global patents, BMC invests around 3% of its annual turnover in R&D and Quality, making it a trusted OEM partner for top-tier brands in the automotive and motorcycle industries. A key player in racing, BMC collaborates with leading Formula 1, Endurance, Rally, MotoGP, and Superbike teams, supplying high-performance components and air filters that have contributed to over 120 World Constructors’ and Drivers’ Championships. Decades of collaboration in elite motorsports have continuously elevated BMC’s quality standards, driving constant innovation and enhancing its aftermarket product range. With over 10.000 products available on the market BMC filters are the ideal solution for all the motorbikes models, from the sportiest Japanese brands to the V-Twin and custom bikes, guaranteeing maximum performance and protection. IT | BMC è leader globale nella progettazione e produzione di sistemi completi di filtrazione e di componenti ad alte prestazioni. Fondata a Bologna nel 1973, nel cuore della Motor Valley, BMC è cresciuta e conta ad oggi due filali in India e in Cina ed una presenza in oltre 50 paesi nel mondo. Grazie ad un know-how consolidato nella tecnologia di filtrazione avanzata e nell’uso di materiali compositi come la fibra di carbonio e di vetro, BMC progetta, sviluppa e produce componenti di alta gamma per diversi settori, tra i quali quello dell’automotive. BMC investe circa il 3% del proprio fatturato annuo in Ricerca & Sviluppo e Qualità e ha registrato oltre 100 brevetti internazionali, ponendosi come un partner OEM affidabile per i marchi di punta nei settori automobilistico e motociclistico. Da sempre protagonista nel mondo delle competizioni, BMC collabora con i principali team di Formula 1, Endurance, Rally, MotoGP e Superbike, fornendo componenti e filtri aria ad alte prestazioni che hanno contribuito a conquistare oltre 120 titoli mondiali Costruttori e Piloti. Decenni di collaborazione con il motorsport d’élite hanno costantemente elevato gli standard qualitativi di BMC, spingendo l’azienda verso una continua innovazione e migliorando la gamma di prodotti destinati al mercato aftermarket. Con oltre 10.000 prodotti disponibili sul mercato, i filtri BMC rappresentano la soluzione ideale per tutti i modelli di moto: dai marchi sportivi giapponesi alle V-Twin e custom, garantendo massime prestazioni e protezione. ------------------------------------------------------------------------------------------------- EN | BMC is a globally recognized leader in high-performance parts and filtration systems. Founded in Bologna in 1973, at the heart of the Motor Valley, BMC has expanded with branches in India and China, a presence in over 50 countries worldwide. With expertise in advanced filtration technology and composite materials like carbon and glass fiber, BMC designs, develops, and manufactures premium components for several sectors, in particular for automotive. Holding over 100 global patents, BMC invests around 3% of its annual turnover in R&D and Quality, making it a trusted OEM partner for top-tier brands in the automotive and motorcycle industries. A key player in racing, BMC collaborates with leading Formula 1, Endurance, Rally, MotoGP, and Superbike teams, supplying high-performance components and air filters that have contributed to over 120 World Constructors’ and Drivers’ Championships. Decades of collaboration in elite motorsports have continuously elevated BMC’s quality standards, driving constant innovation and enhancing its aftermarket product range. With over 10.000 products available on the market BMC filters are the ideal solution for all the motorbikes models, from the sportiest Japanese brands to the V-Twin and custom bikes, guaranteeing maximum performance and protection.",,,,VIA ROSLÉ 115 MEDICINA BOLOGNA,,
BMW ITALIA SPA,,,,,,,,
BOMA - ZHEJIANG BENOD AUTOMOBILE MANUFACTURING CO. LTD.,,,,,,,,
BONAMICI RACING SRL,Pad. 5 - Stand E81,"Bonamici Racing utilizza macchinari CNC di ultima generazione e materiali di altissima qualità, come l’alluminio aeronautico, per garantire precisione, leggerezza e resistenza. Ogni componente nasce da un processo accurato di ricerca e sviluppo che parte direttamente dalla pista: il contatto diretto con il mondo racing permette di realizzare prodotti capaci di offrire prestazioni elevate, affidabilità e sicurezza. Oggi, a vent’anni dalla sua nascita, l’azienda continua a crescere, collaborando con i migliori team e ingegneri del panorama motociclistico internazionale. Rimane saldo il legame con il territorio e con i valori del Made in Italy, che si riflettono nella cura dei dettagli e nella qualità che contraddistingue ogni realizzazione. Bonamici Racing utilizza macchinari CNC di ultima generazione e materiali di altissima qualità, come l’alluminio aeronautico, per garantire precisione, leggerezza e resistenza. Ogni componente nasce da un processo accurato di ricerca e sviluppo che parte direttamente dalla pista: il contatto diretto con il mondo racing permette di realizzare prodotti capaci di offrire prestazioni elevate, affidabilità e sicurezza. Oggi, a vent’anni dalla sua nascita, l’azienda continua a crescere, collaborando con i migliori team e ingegneri del panorama motociclistico internazionale. Rimane saldo il legame con il territorio e con i valori del Made in Italy, che si riflettono nella cura dei dettagli e nella qualità che contraddistingue ogni realizzazione.",,,https://bonamiciracing.it,"VIA GIOVANNI BATTISTA TIEPOLO, 21 ROMA RM",21 ROMA RM,
BONAMICI RACING SRL - WRS S.R.L.,Pad. 5 - Stand E81,"Bonamici Racing utilizza macchinari CNC di ultima generazione e materiali di altissima qualità, come l’alluminio aeronautico, per garantire precisione, leggerezza e resistenza. Ogni componente nasce da un processo accurato di ricerca e sviluppo che parte direttamente dalla pista: il contatto diretto con il mondo racing permette di realizzare prodotti capaci di offrire prestazioni elevate, affidabilità e sicurezza. Oggi, a vent’anni dalla sua nascita, l’azienda continua a crescere, collaborando con i migliori team e ingegneri del panorama motociclistico internazionale. Rimane saldo il legame con il territorio e con i valori del Made in Italy, che si riflettono nella cura dei dettagli e nella qualità che contraddistingue ogni realizzazione. Bonamici Racing utilizza macchinari CNC di ultima generazione e materiali di altissima qualità, come l’alluminio aeronautico, per garantire precisione, leggerezza e resistenza. Ogni componente nasce da un processo accurato di ricerca e sviluppo che parte direttamente dalla pista: il contatto diretto con il mondo racing permette di realizzare prodotti capaci di offrire prestazioni elevate, affidabilità e sicurezza. Oggi, a vent’anni dalla sua nascita, l’azienda continua a crescere, collaborando con i migliori team e ingegneri del panorama motociclistico internazionale. Rimane saldo il legame con il territorio e con i valori del Made in Italy, che si riflettono nella cura dei dettagli e nella qualità che contraddistingue ogni realizzazione.",,,https://bonamiciracing.it,"VIA GIOVANNI BATTISTA TIEPOLO, 21 ROMA RM",21 ROMA RM,
BONTU - ITB AUTO SRL,Pad. 7 - Stand Q30,,,,,,,
BORILLI RACING PNEUMATICOS LTDA,,,,,,,,
"BOSHI ELECTRONIC TECHNOLOGY CO., LTD.",,,,,,,,
BOWTEX,Pad. 11 - Stand T12,,,,https://bowtex.store,AVENUE ROBERT SCHUMAN 51/D25 BRUSSELS BRUSSELS,,
BR-1 MOTORS S.R.L,Pad. 18 - Stand B71,,,,https://br-1motors.it,VIA GIOVANNI VERGA 3 CASALNUOVO DI NAPOLI NA,,
BREMBO N.V.,Pad. 5 - Stand O71,"Brembo è leader globale nella progettazione e produzione di sistemi e componenti frenanti ad alte prestazioni per i principali produttori di auto, moto e veicoli commerciali. Fondata in Italia nel 1961, Brembo è rinomata per le sue soluzioni innovative per il primo equipaggiamento e l’aftermarket. Brembo è inoltre protagonista dei campionati motorsport più impegnativi del mondo, nei quali ha vinto oltre 700 titoli. Guidata dalla sua visione strategica “Turning Energy into Inspiration”, Brembo ha l’ambizione di contribuire a plasmare la mobilità del futuro attraverso soluzioni all’avanguardia, digitali e sostenibili. Con oltre 16.000 persone in 18 paesi, 39 siti produttivi e sedi commerciali, 10 centri di ricerca e sviluppo, 2 Inspiration Lab e con un fatturato di € 3.840,6 milioni nel 2024, Brembo è il solution provider di fiducia per chi desidera la migliore esperienza di guida. Brembo leads the world in the design and production of high-performance braking systems and components for top-flight manufacturers of cars, motorbikes and commercial vehicles. Founded in 1961 in Italy, Brembo has a long-standing reputation for providing innovative solutions for original equipment and aftermarket. Brembo also competes in the most challenging motorsport championships in the world and has won over 700 titles. Guided by its strategic vision – “Turning Energy into Inspiration” – Brembo’s ambition is to help shape the future of mobility through cutting-edge, digital and sustainable solutions. With over 16,000 people across 18 countries, 39 production and business sites, 10 R&D centers, 2 Inspiration Labs and with a turnover of € 3,840.6 million in 2024, Brembo is the trusted solution provider for everyone who demands the best driving experience. Brembo è leader globale nella progettazione e produzione di sistemi e componenti frenanti ad alte prestazioni per i principali produttori di auto, moto e veicoli commerciali. Fondata in Italia nel 1961, Brembo è rinomata per le sue soluzioni innovative per il primo equipaggiamento e l’aftermarket. Brembo è inoltre protagonista dei campionati motorsport più impegnativi del mondo, nei quali ha vinto oltre 700 titoli. Guidata dalla sua visione strategica “Turning Energy into Inspiration”, Brembo ha l’ambizione di contribuire a plasmare la mobilità del futuro attraverso soluzioni all’avanguardia, digitali e sostenibili. Con oltre 16.000 persone in 18 paesi, 39 siti produttivi e sedi commerciali, 10 centri di ricerca e sviluppo, 2 Inspiration Lab e con un fatturato di € 3.840,6 milioni nel 2024, Brembo è il solution provider di fiducia per chi desidera la migliore esperienza di guida. Brembo leads the world in the design and production of high-performance braking systems and components for top-flight manufacturers of cars, motorbikes and commercial vehicles. Founded in 1961 in Italy, Brembo has a long-standing reputation for providing innovative solutions for original equipment and aftermarket. Brembo also competes in the most challenging motorsport championships in the world and has won over 700 titles. Guided by its strategic vision – “Turning Energy into Inspiration” – Brembo’s ambition is to help shape the future of mobility through cutting-edge, digital and sustainable solutions. With over 16,000 people across 18 countries, 39 production and business sites, 10 R&D centers, 2 Inspiration Labs and with a turnover of € 3,840.6 million in 2024, Brembo is the trusted solution provider for everyone who demands the best driving experience.",,,https://brembo.com,VIA STEZZANO 87 BERGAMO BG,,
BREMBO N.V. - MOTORPARTS SRL,Pad. 5 - Stand O71,"Brembo è leader globale nella progettazione e produzione di sistemi e componenti frenanti ad alte prestazioni per i principali produttori di auto, moto e veicoli commerciali. Fondata in Italia nel 1961, Brembo è rinomata per le sue soluzioni innovative per il primo equipaggiamento e l’aftermarket. Brembo è inoltre protagonista dei campionati motorsport più impegnativi del mondo, nei quali ha vinto oltre 700 titoli. Guidata dalla sua visione strategica “Turning Energy into Inspiration”, Brembo ha l’ambizione di contribuire a plasmare la mobilità del futuro attraverso soluzioni all’avanguardia, digitali e sostenibili. Con oltre 16.000 persone in 18 paesi, 39 siti produttivi e sedi commerciali, 10 centri di ricerca e sviluppo, 2 Inspiration Lab e con un fatturato di € 3.840,6 milioni nel 2024, Brembo è il solution provider di fiducia per chi desidera la migliore esperienza di guida. Brembo leads the world in the design and production of high-performance braking systems and components for top-flight manufacturers of cars, motorbikes and commercial vehicles. Founded in 1961 in Italy, Brembo has a long-standing reputation for providing innovative solutions for original equipment and aftermarket. Brembo also competes in the most challenging motorsport championships in the world and has won over 700 titles. Guided by its strategic vision – “Turning Energy into Inspiration” – Brembo’s ambition is to help shape the future of mobility through cutting-edge, digital and sustainable solutions. With over 16,000 people across 18 countries, 39 production and business sites, 10 R&D centers, 2 Inspiration Labs and with a turnover of € 3,840.6 million in 2024, Brembo is the trusted solution provider for everyone who demands the best driving experience. Brembo è leader globale nella progettazione e produzione di sistemi e componenti frenanti ad alte prestazioni per i principali produttori di auto, moto e veicoli commerciali. Fondata in Italia nel 1961, Brembo è rinomata per le sue soluzioni innovative per il primo equipaggiamento e l’aftermarket. Brembo è inoltre protagonista dei campionati motorsport più impegnativi del mondo, nei quali ha vinto oltre 700 titoli. Guidata dalla sua visione strategica “Turning Energy into Inspiration”, Brembo ha l’ambizione di contribuire a plasmare la mobilità del futuro attraverso soluzioni all’avanguardia, digitali e sostenibili. Con oltre 16.000 persone in 18 paesi, 39 siti produttivi e sedi commerciali, 10 centri di ricerca e sviluppo, 2 Inspiration Lab e con un fatturato di € 3.840,6 milioni nel 2024, Brembo è il solution provider di fiducia per chi desidera la migliore esperienza di guida. Brembo leads the world in the design and production of high-performance braking systems and components for top-flight manufacturers of cars, motorbikes and commercial vehicles. Founded in 1961 in Italy, Brembo has a long-standing reputation for providing innovative solutions for original equipment and aftermarket. Brembo also competes in the most challenging motorsport championships in the world and has won over 700 titles. Guided by its strategic vision – “Turning Energy into Inspiration” – Brembo’s ambition is to help shape the future of mobility through cutting-edge, digital and sustainable solutions. With over 16,000 people across 18 countries, 39 production and business sites, 10 R&D centers, 2 Inspiration Labs and with a turnover of € 3,840.6 million in 2024, Brembo is the trusted solution provider for everyone who demands the best driving experience.",,,https://brembo.com,VIA STEZZANO 87 BERGAMO BG,,
BRENTA - ENDURANCE TWO WHEELERS S.P.A,Pad. 6 - Stand C30,,,,,,,
BRØDRESKIFT TECH AS,Pad. 18 - Stand H58,,,,https://brodreskifttech.top,BERGERVEIEN 26 ASKER VIKEN,,
BS BATTERY INTL,Pad. 9 - Stand M71,,,,,,,
BSA COMPANY LTD - PELPI INTERNATIONAL S.R.L.,"Pad. 14 - Stand C46,C45,C42,C45SOP",,,,,,,
"BSTABO POWER TECHNOLOGY(WUXI)CO., LTD - JADE TECH",Pad. 10 - Stand E93,"BSTABO, as a global electric off-road equipment company, is primarily engaged in the design, development, production, and global sales of products such as electric all-terrain vehicles, electric snowmobiles, and electric watercraft.The meaning of the ""BSTABO"" brand is ""Be Stable."" We are committed to providing reliable, comfortable and high-performance products to global users, while wholeheartedly promoting a lifestyle close to nature, creating joyful and passionate outdoor experiences for our customers. BSTABO, as a global electric off-road equipment company, is primarily engaged in the design, development, production, and global sales of products such as electric all-terrain vehicles, electric snowmobiles, and electric watercraft.The meaning of the ""BSTABO"" brand is ""Be Stable."" We are committed to providing reliable, comfortable and high-performance products to global users, while wholeheartedly promoting a lifestyle close to nature, creating joyful and passionate outdoor experiences for our customers.",,,https://bstabo.com,PALLASWIESENSTRABE 180 DARMSTADT DARMSTADT,,
BUZZETTI SRL,Pad. 14 - Stand C25,,,,https://buzzetti.com,VIA RONCHETTI 11 OGGIONA SANTO STEFANO VA,,
BYBRE,"Pad. 5 - Stand O71,O71SOP",,,,,,,
BYBRE - BREMBO N.V.,"Pad. 5 - Stand O71,O71SOP",,,,,,,
C.I.F FERRIGNO S.R.L.,Pad. 11 - Stand E34,"CIF azienda leader attiva nel mercato italiano ed estero per la commercializzazione dei ricambi per Scooter, Vespa, Ciclomotori e Ape nasce nel 1959. CIF è anche esclusivista di: Ammortizzatori CARBONE. I punti di forza sono: qualità dei prodotti, al 95% made in Italy, rapidità nelle consegne e servizio. CIF, a leading company active in the Italian and foreign market for the marketing of spare parts for Scooter, Vespa, Moped and Ape, was founded in 1959. CIF is also the exclusive dealer of: CARBONE Shock Absorbers. The strong points are: product quality, 95% made in Italy, speed of delivery and service CIF azienda leader attiva nel mercato italiano ed estero per la commercializzazione dei ricambi per Scooter, Vespa, Ciclomotori e Ape nasce nel 1959. CIF è anche esclusivista di: Ammortizzatori CARBONE. I punti di forza sono: qualità dei prodotti, al 95% made in Italy, rapidità nelle consegne e servizio. CIF, a leading company active in the Italian and foreign market for the marketing of spare parts for Scooter, Vespa, Moped and Ape, was founded in 1959. CIF is also the exclusive dealer of: CARBONE Shock Absorbers. The strong points are: product quality, 95% made in Italy, speed of delivery and service",,,,VIA ARTURO TOSCANINI 2-8 COLOGNO MONZESE MI,,
C.TECHNOLOGY AG,Pad. 11 - Stand U40,"c.technology AG is a Software-as-a-Service company redefining how vehicle manufacturers connect, manage, and grow their digital ecosystems. Specializing in powersports and marine mobility, c.technology delivers a modular platform built on three integrated layers: secure cloud infrastructure, intelligent data services, and dynamic user interfaces. Trusted by leading two-wheeler OEMs, c.technology empowers manufacturers to offer personalized, app-based services, predictive maintenance, and regulatory-compliant data operations across global markets. From factory to fleet to rider, the company enables digital transformation through real-time connectivity, scalable backend systems, and AI-driven interaction—unlocking the full potential of connected mobility. Company Name: c.technology AG Type: Connected Vehicle Platform (SaaS) Country: Switzerland Website: www.ctechnology.io c.technology AG is a Software-as-a-Service company redefining how vehicle manufacturers connect, manage, and grow their digital ecosystems. Specializing in powersports and marine mobility, c.technology delivers a modular platform built on three integrated layers: secure cloud infrastructure, intelligent data services, and dynamic user interfaces. Trusted by leading two-wheeler OEMs, c.technology empowers manufacturers to offer personalized, app-based services, predictive maintenance, and regulatory-compliant data operations across global markets. From factory to fleet to rider, the company enables digital transformation through real-time connectivity, scalable backend systems, and AI-driven interaction—unlocking the full potential of connected mobility. Company Name: c.technology AG Type: Connected Vehicle Platform (SaaS) Country: Switzerland Website: www.ctechnology.io",,,https://ctechnology.io,"TESSINERPLATZ, 7 ZÜRICH ZÜRICH",7 ZÜRICH ZÜRICH,
C4 - SPARMART S.R.L.,Pad. 9 - Stand E71,,,,https://sparmart.it,VIA BORIMA 23 SUELLO LC,,
"CALYPSO MOTORS CO., LTD",,,,,,,,
CANBUZ GMBH - JADE TECH,Pad. 10 - Stand E93,"BSTABO, as a global electric off-road equipment company, is primarily engaged in the design, development, production, and global sales of products such as electric all-terrain vehicles, electric snowmobiles, and electric watercraft.The meaning of the ""BSTABO"" brand is ""Be Stable."" We are committed to providing reliable, comfortable and high-performance products to global users, while wholeheartedly promoting a lifestyle close to nature, creating joyful and passionate outdoor experiences for our customers. BSTABO, as a global electric off-road equipment company, is primarily engaged in the design, development, production, and global sales of products such as electric all-terrain vehicles, electric snowmobiles, and electric watercraft.The meaning of the ""BSTABO"" brand is ""Be Stable."" We are committed to providing reliable, comfortable and high-performance products to global users, while wholeheartedly promoting a lifestyle close to nature, creating joyful and passionate outdoor experiences for our customers.",,,,PALLASWIESENSTRABE 180 DARMSTADT DARMSTADT,,
CAP IT PERFORMANCE S.R.L.,Pad. 11 - Stand H31,,,,,VIA G. MATTEI 45 ARESE MI,,
CARBONE LOOK - HITECH CARBONE SRL,Pad. 11 - Stand G31,,,,,,,
CARDO SYSTEMS LTD.,Pad. 5 - Stand G70,"Cardo Systems is a global leader in wireless communication devices for powersports and outdoor activities, pioneering Bluetooth and MESH intercom technologies that keep groups connected on the move. Cardo Systems is a global leader in wireless communication devices for powersports and outdoor activities, pioneering Bluetooth and MESH intercom technologies that keep groups connected on the move.",,,https://cardosystems.com,101 E Park Blvd Plano TEXAS,,
CARENZI - ACSUD SACIM DISTRIBUTION,Pad. 9 - Stand I51,,,,,,,
CASALINI S.R.L.,,,,,,,,
CASTROL (BP ITALIA SPA ),Pad. 18 - Stand G62,,,,,,,
CAVALEIRO NEGRO TECNOLOGIA ELÉTRICA LTDA,,,,,,,,
CCCME,,,,,,,,
CCPIT AUTO,"Pad. 4 - Stand M56,M60,M64,M70,M55,O61",,,,https://auto-ccpit.org,3/F BAIYUN BUILDING 1 BAIYUN ROAD XICHENG BEIJING BEIJING,,
CEF - MECCANICA FINNORD SPA,,,,,,,,
CELLULARLINE S.P.A.,Pad. 14 - Stand E27,"La storia di Interphone inizia nel 2005, quando il primo prodotto fu realizzato combinando il know-how di Cellularline nell’audio per smartphone con l’innovazione tecnologica per produrre un auricolare per casco con un microfono speciale in grado di filtrare il rumore di fondo, permettendo una comunicazione più chiara mentre si guida la moto. Nel 2011, nacque la Business Unit di Interphone per concentrare risorse ed energie esclusivamente su soluzioni che rendessero la comunicazione in movimento innovativa, affidabile e sicura. La nostra azienda risiede a Reggio Emilia, nel cuore della Motor Valley, una regione rinomata per la sua eccellenza nel settore motoristico. La Business Unit è una vera e propria azienda all’interno dell’azienda, composta da un team di professionisti appassionati di motociclismo: product manager, sviluppatori, specialisti di marketing e assistenza clienti, tutti dediti a migliorare l’esperienza di guida per i motociclisti. La nostra visione è quella di rendere ogni percorso ed esperienza di guida più connesso, sicuro e godibile. Crediamo che la connettività e la sicurezza siano elementi fondamentali per un’esperienza di guida completa e appagante. Per questo ci impegniamo a sviluppare prodotti affidabili, creati con passione e conoscenza approfondita del settore, per equipaggiare ogni motociclista con la migliore tecnologia disponibile. Interphone si dedica a innovare continuamente per migliorare la vita di chi ama viaggiare su due ruote, garantendo che ogni viaggio sia un’esperienza unica e senza preoccupazioni. La storia di Interphone inizia nel 2005, quando il primo prodotto fu realizzato combinando il know-how di Cellularline nell’audio per smartphone con l’innovazione tecnologica per produrre un auricolare per casco con un microfono speciale in grado di filtrare il rumore di fondo, permettendo una comunicazione più chiara mentre si guida la moto. Nel 2011, nacque la Business Unit di Interphone per concentrare risorse ed energie esclusivamente su soluzioni che rendessero la comunicazione in movimento innovativa, affidabile e sicura. La nostra azienda risiede a Reggio Emilia, nel cuore della Motor Valley, una regione rinomata per la sua eccellenza nel settore motoristico. La Business Unit è una vera e propria azienda all’interno dell’azienda, composta da un team di professionisti appassionati di motociclismo: product manager, sviluppatori, specialisti di marketing e assistenza clienti, tutti dediti a migliorare l’esperienza di guida per i motociclisti. La nostra visione è quella di rendere ogni percorso ed esperienza di guida più connesso, sicuro e godibile. Crediamo che la connettività e la sicurezza siano elementi fondamentali per un’esperienza di guida completa e appagante. Per questo ci impegniamo a sviluppare prodotti affidabili, creati con passione e conoscenza approfondita del settore, per equipaggiare ogni motociclista con la migliore tecnologia disponibile. Interphone si dedica a innovare continuamente per migliorare la vita di chi ama viaggiare su due ruote, garantendo che ogni viaggio sia un’esperienza unica e senza preoccupazioni.",,,,VIA LAMBRAKIS 1/A REGGIO EMILIA RE,,
CENTAURO S.R.L.,Pad. 10 - Stand E71,"Dal 1958, Centauro è sinonimo di guarnizioni ed elementi di tenuta d'eccellenza e altamente performanti per ogni settore. Nel corso degli anni, la nostra crescita ci ha portato a diventare leader europei nel settore, con una presenza consolidata in oltre 50 Paesi. Centauro investe nello sviluppo di nuove tecnologie e nell’ampliamento del proprio parco macchine, mettendo a disposizione il know-how altamente specializzato di tecnici professionisti con oltre 60 anni di esperienza nel settore. Questi esperti collaborano strettamente con ogni cliente, guidandolo attraverso le fasi di progettazione e produzione per garantire soluzioni su misura che rispondano in modo preciso alle sue specifiche esigenze. Centauro offre soluzioni di eccellenza e qualità sia per l’industria, con soluzioni primo impianto, che per il mercato aftermarket con un forte focus sui componenti moto street e off-road coprendo un’ampia gamma di applicazioni. Tra i componenti moto troviamo: • Kit guarnizioni (come kit pompa acqua, kit banco) e guarnizioni sfuse per stradale, scooter, ATV, epoca, jet ski e off road •Cuscinetti e cuscinetti sterzo • Paraolio motore • Paraolio e parapolvere forcella • Tubi carburante e FLAP® • Lana di vetro per silenziatori • Filtri aria per scooter • Paste siliconiche. A completamento della propria offerta per il settore moto, da quest’anno Centauro è anche distributore del marchio SKF, sinonimo di affidabilità e prestazioni elevate. La gamma proposta include paraolio, parapolvere, kit raschiafango, monoammortizzatori, boccole forcella, cuscinetti e kit ruota, studiati per assicurare efficienza e lunga durata in ogni condizione di utilizzo. Dal 1958, Centauro è sinonimo di guarnizioni ed elementi di tenuta d'eccellenza e altamente performanti per ogni settore. Nel corso degli anni, la nostra crescita ci ha portato a diventare leader europei nel settore, con una presenza consolidata in oltre 50 Paesi. Centauro investe nello sviluppo di nuove tecnologie e nell’ampliamento del proprio parco macchine, mettendo a disposizione il know-how altamente specializzato di tecnici professionisti con oltre 60 anni di esperienza nel settore. Questi esperti collaborano strettamente con ogni cliente, guidandolo attraverso le fasi di progettazione e produzione per garantire soluzioni su misura che rispondano in modo preciso alle sue specifiche esigenze. Centauro offre soluzioni di eccellenza e qualità sia per l’industria, con soluzioni primo impianto, che per il mercato aftermarket con un forte focus sui componenti moto street e off-road coprendo un’ampia gamma di applicazioni. Tra i componenti moto troviamo: • Kit guarnizioni (come kit pompa acqua, kit banco) e guarnizioni sfuse per stradale, scooter, ATV, epoca, jet ski e off road •Cuscinetti e cuscinetti sterzo • Paraolio motore • Paraolio e parapolvere forcella • Tubi carburante e FLAP® • Lana di vetro per silenziatori • Filtri aria per scooter • Paste siliconiche. A completamento della propria offerta per il settore moto, da quest’anno Centauro è anche distributore del marchio SKF, sinonimo di affidabilità e prestazioni elevate. La gamma proposta include paraolio, parapolvere, kit raschiafango, monoammortizzatori, boccole forcella, cuscinetti e kit ruota, studiati per assicurare efficienza e lunga durata in ogni condizione di utilizzo.",,,https://centaurosrl.it,"VIA EUCLIDE, 4 AGRATE BRIANZA MB",4 AGRATE BRIANZA MB,
CENTAURO S.R.L. - MANDELLI SRL,Pad. 10 - Stand E71,"Dal 1958, Centauro è sinonimo di guarnizioni ed elementi di tenuta d'eccellenza e altamente performanti per ogni settore. Nel corso degli anni, la nostra crescita ci ha portato a diventare leader europei nel settore, con una presenza consolidata in oltre 50 Paesi. Centauro investe nello sviluppo di nuove tecnologie e nell’ampliamento del proprio parco macchine, mettendo a disposizione il know-how altamente specializzato di tecnici professionisti con oltre 60 anni di esperienza nel settore. Questi esperti collaborano strettamente con ogni cliente, guidandolo attraverso le fasi di progettazione e produzione per garantire soluzioni su misura che rispondano in modo preciso alle sue specifiche esigenze. Centauro offre soluzioni di eccellenza e qualità sia per l’industria, con soluzioni primo impianto, che per il mercato aftermarket con un forte focus sui componenti moto street e off-road coprendo un’ampia gamma di applicazioni. Tra i componenti moto troviamo: • Kit guarnizioni (come kit pompa acqua, kit banco) e guarnizioni sfuse per stradale, scooter, ATV, epoca, jet ski e off road •Cuscinetti e cuscinetti sterzo • Paraolio motore • Paraolio e parapolvere forcella • Tubi carburante e FLAP® • Lana di vetro per silenziatori • Filtri aria per scooter • Paste siliconiche. A completamento della propria offerta per il settore moto, da quest’anno Centauro è anche distributore del marchio SKF, sinonimo di affidabilità e prestazioni elevate. La gamma proposta include paraolio, parapolvere, kit raschiafango, monoammortizzatori, boccole forcella, cuscinetti e kit ruota, studiati per assicurare efficienza e lunga durata in ogni condizione di utilizzo. Dal 1958, Centauro è sinonimo di guarnizioni ed elementi di tenuta d'eccellenza e altamente performanti per ogni settore. Nel corso degli anni, la nostra crescita ci ha portato a diventare leader europei nel settore, con una presenza consolidata in oltre 50 Paesi. Centauro investe nello sviluppo di nuove tecnologie e nell’ampliamento del proprio parco macchine, mettendo a disposizione il know-how altamente specializzato di tecnici professionisti con oltre 60 anni di esperienza nel settore. Questi esperti collaborano strettamente con ogni cliente, guidandolo attraverso le fasi di progettazione e produzione per garantire soluzioni su misura che rispondano in modo preciso alle sue specifiche esigenze. Centauro offre soluzioni di eccellenza e qualità sia per l’industria, con soluzioni primo impianto, che per il mercato aftermarket con un forte focus sui componenti moto street e off-road coprendo un’ampia gamma di applicazioni. Tra i componenti moto troviamo: • Kit guarnizioni (come kit pompa acqua, kit banco) e guarnizioni sfuse per stradale, scooter, ATV, epoca, jet ski e off road •Cuscinetti e cuscinetti sterzo • Paraolio motore • Paraolio e parapolvere forcella • Tubi carburante e FLAP® • Lana di vetro per silenziatori • Filtri aria per scooter • Paste siliconiche. A completamento della propria offerta per il settore moto, da quest’anno Centauro è anche distributore del marchio SKF, sinonimo di affidabilità e prestazioni elevate. La gamma proposta include paraolio, parapolvere, kit raschiafango, monoammortizzatori, boccole forcella, cuscinetti e kit ruota, studiati per assicurare efficienza e lunga durata in ogni condizione di utilizzo.",,,https://centaurosrl.it,"VIA EUCLIDE, 4 AGRATE BRIANZA MB",4 AGRATE BRIANZA MB,
CFMOTO,Pad. 10 - Stand I52,"Founded in 1989, ZHEJIANG CFMOTO POWER CO., LTD. has been engaged in developing, manufacturing, marketing and delivering reliable motorcycles, off-road vehicles, engines, frames, parts, apparels and accessories, which are distributed through more than 5000+ dealers worldwide. Having its origin in Hangzhou, China, CFMOTO has built a robust market share in over 100 countries and regions. Teamed up with more than 8000 employees, CFMOTO is committed to exploring riding fun together with over 2 million users all over the world. Founded in 1989, ZHEJIANG CFMOTO POWER CO., LTD. has been engaged in developing, manufacturing, marketing and delivering reliable motorcycles, off-road vehicles, engines, frames, parts, apparels and accessories, which are distributed through more than 5000+ dealers worldwide. Having its origin in Hangzhou, China, CFMOTO has built a robust market share in over 100 countries and regions. Teamed up with more than 8000 employees, CFMOTO is committed to exploring riding fun together with over 2 million users all over the world.",,,https://global.cfmoto.com,"NO.116,WUZHOU ROAD, YUHANG ECONOMIC DEVELOPMENT ZONE,HANGZHOU HANGZHOU ZHEJIANG",HANGZHOU HANGZHOU ZHEJIANG,
CGM - CGMITALIA S.R.L.,Pad. 10 - Stand G79,"Eccellenza italiana nel mondo dei caschi Nata nel cuore della Campania nel 2004, CGMITALIA si è affermata in pochi anni come uno dei principali attori nel panorama internazionale dei caschi e accessori per moto. La nostra storia è una storia di passione, innovazione e impegno costante per la qualità. La nostra missione: Garantire la massima sicurezza e comfort ai motociclisti di tutto il mondo, offrendo prodotti innovativi dal design distintivo. La nostra forza: • Ricerca e sviluppo: Investiamo costantemente in ricerca e sviluppo per creare prodotti che anticipino le tendenze del mercato e soddisfino le esigenze dei motociclisti più esigenti. Ogni casco è frutto di studi approfonditi sull'aerodinamica, sulla ventilazione e sull'assorbimento degli impatti, per garantire le massime prestazioni in termini di sicurezza e comfort. • Produzione efficiente: La produzione è interamente realizzata in stabilimenti all'avanguardia in Estremo Oriente, sotto il rigoroso controllo dei nostri tecnici italiani. Questo ci permette di garantire un elevato standard qualitativo a costi competitivi, senza mai compromettere la sicurezza e la qualità dei nostri prodotti. • Distribuzione capillare: Siamo presenti nei principali mercati europei, in Medio Oriente e in Nord Africa, grazie a una rete di distributori selezionati e a una logistica efficiente. • Design italiano: Il nostro team di designers, composto da esperti del settore, crea caschi unici, che combinano stile e funzionalità. Il design italiano è un elemento distintivo di tutti i nostri prodotti, che si contraddistinguono per linee pulite, colori accattivanti e finiture di alta qualità. Eccellenza italiana nel mondo dei caschi Nata nel cuore della Campania nel 2004, CGMITALIA si è affermata in pochi anni come uno dei principali attori nel panorama internazionale dei caschi e accessori per moto. La nostra storia è una storia di passione, innovazione e impegno costante per la qualità. La nostra missione: Garantire la massima sicurezza e comfort ai motociclisti di tutto il mondo, offrendo prodotti innovativi dal design distintivo. La nostra forza: • Ricerca e sviluppo: Investiamo costantemente in ricerca e sviluppo per creare prodotti che anticipino le tendenze del mercato e soddisfino le esigenze dei motociclisti più esigenti. Ogni casco è frutto di studi approfonditi sull'aerodinamica, sulla ventilazione e sull'assorbimento degli impatti, per garantire le massime prestazioni in termini di sicurezza e comfort. • Produzione efficiente: La produzione è interamente realizzata in stabilimenti all'avanguardia in Estremo Oriente, sotto il rigoroso controllo dei nostri tecnici italiani. Questo ci permette di garantire un elevato standard qualitativo a costi competitivi, senza mai compromettere la sicurezza e la qualità dei nostri prodotti. • Distribuzione capillare: Siamo presenti nei principali mercati europei, in Medio Oriente e in Nord Africa, grazie a una rete di distributori selezionati e a una logistica efficiente. • Design italiano: Il nostro team di designers, composto da esperti del settore, crea caschi unici, che combinano stile e funzionalità. Il design italiano è un elemento distintivo di tutti i nostri prodotti, che si contraddistinguono per linee pulite, colori accattivanti e finiture di alta qualità.",,,https://cgmitalia.net,ZONA INDUSTRIALE AVERSA NORD GRICIGNANO DI AVERSA CE,,
CGMITALIA S.R.L.,Pad. 10 - Stand G79,"Eccellenza italiana nel mondo dei caschi Nata nel cuore della Campania nel 2004, CGMITALIA si è affermata in pochi anni come uno dei principali attori nel panorama internazionale dei caschi e accessori per moto. La nostra storia è una storia di passione, innovazione e impegno costante per la qualità. La nostra missione: Garantire la massima sicurezza e comfort ai motociclisti di tutto il mondo, offrendo prodotti innovativi dal design distintivo. La nostra forza: • Ricerca e sviluppo: Investiamo costantemente in ricerca e sviluppo per creare prodotti che anticipino le tendenze del mercato e soddisfino le esigenze dei motociclisti più esigenti. Ogni casco è frutto di studi approfonditi sull'aerodinamica, sulla ventilazione e sull'assorbimento degli impatti, per garantire le massime prestazioni in termini di sicurezza e comfort. • Produzione efficiente: La produzione è interamente realizzata in stabilimenti all'avanguardia in Estremo Oriente, sotto il rigoroso controllo dei nostri tecnici italiani. Questo ci permette di garantire un elevato standard qualitativo a costi competitivi, senza mai compromettere la sicurezza e la qualità dei nostri prodotti. • Distribuzione capillare: Siamo presenti nei principali mercati europei, in Medio Oriente e in Nord Africa, grazie a una rete di distributori selezionati e a una logistica efficiente. • Design italiano: Il nostro team di designers, composto da esperti del settore, crea caschi unici, che combinano stile e funzionalità. Il design italiano è un elemento distintivo di tutti i nostri prodotti, che si contraddistinguono per linee pulite, colori accattivanti e finiture di alta qualità. Eccellenza italiana nel mondo dei caschi Nata nel cuore della Campania nel 2004, CGMITALIA si è affermata in pochi anni come uno dei principali attori nel panorama internazionale dei caschi e accessori per moto. La nostra storia è una storia di passione, innovazione e impegno costante per la qualità. La nostra missione: Garantire la massima sicurezza e comfort ai motociclisti di tutto il mondo, offrendo prodotti innovativi dal design distintivo. La nostra forza: • Ricerca e sviluppo: Investiamo costantemente in ricerca e sviluppo per creare prodotti che anticipino le tendenze del mercato e soddisfino le esigenze dei motociclisti più esigenti. Ogni casco è frutto di studi approfonditi sull'aerodinamica, sulla ventilazione e sull'assorbimento degli impatti, per garantire le massime prestazioni in termini di sicurezza e comfort. • Produzione efficiente: La produzione è interamente realizzata in stabilimenti all'avanguardia in Estremo Oriente, sotto il rigoroso controllo dei nostri tecnici italiani. Questo ci permette di garantire un elevato standard qualitativo a costi competitivi, senza mai compromettere la sicurezza e la qualità dei nostri prodotti. • Distribuzione capillare: Siamo presenti nei principali mercati europei, in Medio Oriente e in Nord Africa, grazie a una rete di distributori selezionati e a una logistica efficiente. • Design italiano: Il nostro team di designers, composto da esperti del settore, crea caschi unici, che combinano stile e funzionalità. Il design italiano è un elemento distintivo di tutti i nostri prodotti, che si contraddistinguono per linee pulite, colori accattivanti e finiture di alta qualità.",,,https://cgmitalia.net,ZONA INDUSTRIALE AVERSA NORD GRICIGNANO DI AVERSA CE,,
CHAMPION - DRIV ITALY S.R.L. RACING DIVISION - DRIV ITALY S.R.L. RACING DIVISION,Pad. 5 - Stand C73,,,,,,,
"CHAN MAO TECHNOLOGY LTD. - SPRING TRADE CO., LTD.",,,,,,,,
CHANGHUA - CHINA ELECTRIC TWO-WHEELERS ASSOCIATION,,,,,,,,
"CHANGHZOU LUCKYWAY METAL TECHNOLOGY CO.,LTD - CCCME",Pad. 4 - Stand S85,"CHANGHZOU LUCKYWAY METAL TECHNOLOGY CO., LTD., is located in Changzhou City, Jiangsu Province was established in 2006. Based in Binjiang Machinery Plant. Via its good capacity and service, we have obtained the Quality System Certificates of ISO 2000. CHANGHZOU LUCKYWAY METAL TECHNOLOGY CO., LTD., is located in Changzhou City, Jiangsu Province was established in 2006. Based in Binjiang Machinery Plant. Via its good capacity and service, we have obtained the Quality System Certificates of ISO 2000.",,,https://luckywayracing.com,"51# Zhenxing Road, Anjia Industry Zone, Chunjiang Town, Xinbei District, Changzhou city, Jiangsu province, China CHANGZHOU JIANGSU",China CHANGZHOU JIANGSU,
"CHANGXING LAINENG IMPORT&EXPORT CO.,LTD. - INTENCE BIKES LLC",Pad. 4 - Stand S65,"We have 10 years of experience in designing and manufacturing lithium batteries. The company has ISO 9001:2008 certificate, battery cells are approved by CE, UN, and ROHS. Our products are used in E-bikes, electric scooters, electric golf trolleys, forklifts, e-tools, and other lithium batteries powered equipment. All the batteries are carefully approved by our battery experts. Our products have international liability insurance with 2 million USD coverage. Our mission is to produce the safest and reliable, cost-effective, and high-quality Li-ion batteries for our customers, offer the best warranty service. We have 10 years of experience in designing and manufacturing lithium batteries. The company has ISO 9001:2008 certificate, battery cells are approved by CE, UN, and ROHS. Our products are used in E-bikes, electric scooters, electric golf trolleys, forklifts, e-tools, and other lithium batteries powered equipment. All the batteries are carefully approved by our battery experts. Our products have international liability insurance with 2 million USD coverage. Our mission is to produce the safest and reliable, cost-effective, and high-quality Li-ion batteries for our customers, offer the best warranty service.",,,https://electricbikesbattery.com,"NO.298, Zhizhou Road, Huaxi Street, Changxing county, Huzhou City, Zhejiang Province, China HUZHOU ZHEJIANG",China HUZHOU ZHEJIANG,
"CHANGZHOU FENGGUANG VEHICLE ADORNMENT CO., LTD.",Pad. 4 - Stand Q89,"CHANGZHOU FENGGUANG VEHICLE ADORNMENT CO., LTD was established in 1990. We have been dedicated to the research and development and production of plastic parts, lighting fixtures, and accessories for motorcycles for over 30 years. We have always been committed to providing the highest quality products and services to global riders, and our products are exported to nearly 50 countries and regions such as Europe, Southeast Asia, South America, the Middle East, and Africa. CHANGZHOU FENGGUANG VEHICLE ADORNMENT CO., LTD was established in 1990. We have been dedicated to the research and development and production of plastic parts, lighting fixtures, and accessories for motorcycles for over 30 years. We have always been committed to providing the highest quality products and services to global riders, and our products are exported to nearly 50 countries and regions such as Europe, Southeast Asia, South America, the Middle East, and Africa.",,,,"2 QIMO ROAD, MENGHE TOWN, XINBEI AREA, CHANGZHOU, JIANGSU,CHINA CHANGZHOU JIANGSU",CHINA CHANGZHOU JIANGSU,
"CHANGZHOU LINGYUE EQUIPMENT CO.,LTD - SINOLIGHT INTERNATIONAL HOLDINGS CORPORATION (CLETC)","Pad. 14,4,6,9,7 - Stand C05,C08,E60,E64,E72,E76,I10,S85,U29,U30,E54,G61,S70,S68,S74,S76,S80,Q64,P82,E53,R64,I14,T94,C81,C87,A84,B87,A90,E55,S59",,,,,,,
"CHANGZHOU SCIWIL E-MOBILITY TECHNOLOGY CO., LTD. - VALUEDSHOW (SHAGNHAI) MANAGEMENT LLC",,,,,,,,
"CHANGZHOU WEIHAO VEHICLE PARTS CO.,LTD - SINOLIGHT INTERNATIONAL HOLDINGS CORPORATION (CLETC)","Pad. 14,4,6,9,7 - Stand C05,C08,E60,E64,E72,E76,I10,S85,U29,U30,E54,G61,S70,S68,S74,S76,S80,Q64,P82,E53,R64,I14,T94,C81,C87,A84,B87,A90,E55,S59",,,,,,,
CHANGZHOU YONGTUO CAR LIGHT FACTORY - SINOLIGHT INTERNATIONAL HOLDINGS CORPORATION (CLETC),"Pad. 14,4,6,9,7 - Stand C05,C08,E60,E64,E72,E76,I10,S85,U29,U30,E54,G61,S70,S68,S74,S76,S80,Q64,P82,E53,R64,I14,T94,C81,C87,A84,B87,A90,E55,S59",,,,https://cletc.com,SINOLIGHT PLAZA NO.4 WANG JING CHAOYANG DISTRICT BEIJING BEIJING,,
CHAO CHIA GEAR INDUSTRY CO.LTD,Pad. 9 - Stand N88,"Chao Chia gear is a company specialize manufacture all kind of gear. We have 40 years of experience manufacturing the gear. *RYO Racing Wear Enterprise Co., Ltd. Established in January, 2013 after a decade of experience with both motorcycle personal protective equipment and accessories, a like-minded team of individuals decided to set up a business that can provide better quality. We love motocross and racing. It's in our veins. So naturally, our most important concerns are safety and comfort. By offering a complete in-house quality control service system for all our products, we can ensure the highest quality of safe, comfortable product. Also, we will make the world highest quality, most affordable safety gear for our customers. We are confident and proud to provide all our customers the best quality, the most reasonable price, and the most courteous professional service. *Guangdong Zhihu Sportswear Co.,Ltd Focusing on motorcycle gloves and protector over 20 years Over 20 Years of Experience Established in 2003, Guangdong Zhihu Sportswear Co.,Ltd. focuses on motorcycle gloves,motorcycle knee and elbow protector,ski gloves,bicycle gloves over 20 years, Our products have also obtained CE certifications. Creating More than 600 New styles Every Year We have a 6-person R&D team consisting of 2 experienced designers,2 pattern makers, 2 experienced sample stitching experts,all with more than 15 years experience. giving us the ability to create more than 600 new styles every year for gloves,protector, and so on. We are especially good at motorcycle gloves and protectors keep our selection updated. We also have 8 QC technicians who monitor each of our 5 production lines and ensure our products comply with customers requirements. Self-owned brand We self-owned brand MASONTEX,our brand have become a well-known brand for motorcycle gloves in China.Also exported to all over the world,such as the PHILIPPINES,JAPAN,COLOMBIA,BRAZILE,MEXICO,ECUADOR,PERU and so on OEM brand In the past year,We have partnerships with many well-known international brands,such as KOMINNIE,Harley Davidson,LEATT ,4F,CF-MOTOR and so on Contact Us Today We are looking for distributors from all over the world.We also accept OEM and ODM orders, Contact us to get a reply within 24 hours. E-mail :lornalee@glove-china.com , ouyang@glove-china.com Mobile Phone:+86 15015157827,+86 13006838140 CTC:Lorna Lee ,Mason Ouyang Chao Chia gear is a company specialize manufacture all kind of gear. We have 40 years of experience manufacturing the gear. *RYO Racing Wear Enterprise Co., Ltd. Established in January, 2013 after a decade of experience with both motorcycle personal protective equipment and accessories, a like-minded team of individuals decided to set up a business that can provide better quality. We love motocross and racing. It's in our veins. So naturally, our most important concerns are safety and comfort. By offering a complete in-house quality control service system for all our products, we can ensure the highest quality of safe, comfortable product. Also, we will make the world highest quality, most affordable safety gear for our customers. We are confident and proud to provide all our customers the best quality, the most reasonable price, and the most courteous professional service. *Guangdong Zhihu Sportswear Co.,Ltd Focusing on motorcycle gloves and protector over 20 years Over 20 Years of Experience Established in 2003, Guangdong Zhihu Sportswear Co.,Ltd. focuses on motorcycle gloves,motorcycle knee and elbow protector,ski gloves,bicycle gloves over 20 years, Our products have also obtained CE certifications. Creating More than 600 New styles Every Year We have a 6-person R&D team consisting of 2 experienced designers,2 pattern makers, 2 experienced sample stitching experts,all with more than 15 years experience. giving us the ability to create more than 600 new styles every year for gloves,protector, and so on. We are especially good at motorcycle gloves and protectors keep our selection updated. We also have 8 QC technicians who monitor each of our 5 production lines and ensure our products comply with customers requirements. Self-owned brand We self-owned brand MASONTEX,our brand have become a well-known brand for motorcycle gloves in China.Also exported to all over the world,such as the PHILIPPINES,JAPAN,COLOMBIA,BRAZILE,MEXICO,ECUADOR,PERU and so on OEM brand In the past year,We have partnerships with many well-known international brands,such as KOMINNIE,Harley Davidson,LEATT ,4F,CF-MOTOR and so on Contact Us Today We are looking for distributors from all over the world.We also accept OEM and ODM orders, Contact us to get a reply within 24 hours. E-mail :lornalee@glove-china.com , ouyang@glove-china.com Mobile Phone:+86 15015157827,+86 13006838140 CTC:Lorna Lee ,Mason Ouyang",,+86 15015157827,,"NO.300, NANGANG 3RD RD., NANTOU COUNTY XXXXX",NANTOU COUNTY XXXXX,
CHAO YANG - ZHEJIANG BENOD AUTOMOBILE MANUFACTURING CO. LTD.,,,,,,,,
"CHAOPAO SONGSHANHU (DONGGUAN) TECHNOLOGY CO., LTD. - CCCME",,,,,,,,
CHENGDU E-MANUFACTURE CO. LTD. - XIPU UNION SL,,,,,,,,
"CHENGDU ZHENGHENG AUTO PARTS CO., LTD. - ZHEJIANG BENOD AUTOMOBILE MANUFACTURING CO. LTD.",,,,,,,,
CHINA ELECTRIC TWO-WHEELERS ASSOCIATION,,,,,,,,
"CHONGQING AIHUA MACHINE & ELECTRONIC CO.,LTD - SINOLIGHT INTERNATIONAL HOLDINGS CORPORATION (CLETC)","Pad. 14,4,6,9,7 - Stand C05,C08,E60,E64,E72,E76,I10,S85,U29,U30,E54,G61,S70,S68,S74,S76,S80,Q64,P82,E53,R64,I14,T94,C81,C87,A84,B87,A90,E55,S59",,,,,,,
"CHONGQING AJ1 MOTORCYCLE CO., LTD - CHONGQING GROUP","Pad. 14,4,6,9,7 - Stand C05,C08,E60,E64,E72,E76,I10,S85,U29,U30,E54,G61,S70,S68,S74,S76,S80,Q64,P82,E53,R64,I14,T94,C81,C87,A84,B87,A90,E55,S59",,,,,,,
"CHONGQING ANDES ZHUOOU TRADING CO.,LTD - ZHEJIANG BENOD AUTOMOBILE MANUFACTURING CO. LTD.",,,,,,,,
"CHONGQING ASTRONAUTIC BASHAN MOTORCYCLE MANUFACTURING CO., LTD. - HI-LIGHTING INT'L EXHIBITION BEIJING CO. LTD",Pad. 7 - Stand Q04,"CHONGQING ASTRONAUTIC BASHAN MOTORCYCLE MANUFACTURING CO.,LTD. www.chinabashan.com www.bashanspares.com gibbs_sale@chinabashan.com SHANDONG BENTU NEW ENERGY TECHNOLOGY CO.,LTD. www.bentu.com CHONGQING ASTRONAUTIC BASHAN MOTORCYCLE MANUFACTURING CO.,LTD. www.chinabashan.com www.bashanspares.com gibbs_sale@chinabashan.com SHANDONG BENTU NEW ENERGY TECHNOLOGY CO.,LTD. www.bentu.com",,,https://chinabashan.com,"no.1#, kangchao road, banan district chongqing chongqing",banan district chongqing chongqing,
"CHONGQING BNK MOTORCYCLE GROUP CO., LTD - CHONGQING GROUP",,,,,,,,
"CHONGQING BOCHENG ELECTRIC APPLIANCE CO.,LTD - SINOLIGHT INTERNATIONAL HOLDINGS CORPORATION (CLETC)","Pad. 14,4,6,9,7 - Stand C05,C08,E60,E64,E72,E76,I10,S85,U29,U30,E54,G61,S70,S68,S74,S76,S80,Q64,P82,E53,R64,I14,T94,C81,C87,A84,B87,A90,E55,S59",,,,,,,
"CHONGQING CHANGXING INDUSTRY CO., LTD. - HI-LIGHTING INT'L EXHIBITION BEIJING CO. LTD",Pad. 6 - Stand M31,,,,,,,
"CHONGQING COWELLS MACHINERY MANUFACTURING CO.,LTD - CCCME",,,,,,,,
"CHONGQING D-CHAMWIN MOTOR TECHNOLOGY CO., LTD - GOWOW ORION",,,,,,,,
"CHONGQING DCW GROUP CO ., LTD - GOWOW ORION",,,,,,,,
"CHONGQING DEGANG SCIENCE & TECHNOLOGY CO.,LTD. - ZHEJIANG TIANYING LOCOMOTIVE CO.,LTD",Pad. 11 - Stand Q48,,,,,,,
"CHONGQING DILIGENCE GENERAL MACHINERY CO., LTD - SINOLIGHT INTERNATIONAL HOLDINGS CORPORATION (CLETC)","Pad. 14,4,6,9,7 - Stand C05,C08,E60,E64,E72,E76,I10,S85,U29,U30,E54,G61,S70,S68,S74,S76,S80,Q64,P82,E53,R64,I14,T94,C81,C87,A84,B87,A90,E55,S59",,,,https://cletc.com,SINOLIGHT PLAZA NO.4 WANG JING CHAOYANG DISTRICT BEIJING BEIJING,,
CHONGQING DILIGENCE IMP AND EXP TRADING CO. LTD - SINOLIGHT INTERNATIONAL HOLDINGS CORPORATION (CLETC),"Pad. 14,4,6,9,7 - Stand C05,C08,E60,E64,E72,E76,I10,S85,U29,U30,E54,G61,S70,S68,S74,S76,S80,Q64,P82,E53,R64,I14,T94,C81,C87,A84,B87,A90,E55,S59",,,,https://cletc.com,SINOLIGHT PLAZA NO.4 WANG JING CHAOYANG DISTRICT BEIJING BEIJING,,
"CHONGQING EASY EXHIBITION CO., LTD - HI-LIGHTING INT'L EXHIBITION BEIJING CO. LTD","Pad. 4,9 - Stand I56,I60,I66,T80,S86",,,,https://hi-lighting.com,"12B07 BUILDING A U-SPACE, NO.8 GUANGQUMENWAI STREET CHAOYANG CHINA",NO.8 GUANGQUMENWAI STREET CHAOYANG CHINA,
"CHONGQING ENKEZHI DRIVETRAIN TECHNOLOGY CO., LTD (ENCORE POWERTRAIN) - CHONGQING GROUP",Pad. 18 - Stand C75,,,,,,,
"CHONGQING FIGHTER MACHINERY & ELECTRONIC CO., LTD - SINOLIGHT INTERNATIONAL HOLDINGS CORPORATION (CLETC)","Pad. 14,4,6,9,7 - Stand C05,C08,E60,E64,E72,E76,I10,S85,U29,U30,E54,G61,S70,S68,S74,S76,S80,Q64,P82,E53,R64,I14,T94,C81,C87,A84,B87,A90,E55,S59",,,,https://cletc.com,SINOLIGHT PLAZA NO.4 WANG JING CHAOYANG DISTRICT BEIJING BEIJING,,
"CHONGQING FUEGO POWER CO., LTD",Pad. 7 - Stand T31,"ChongQing FUEGOPOWER CO.,LTD was established in 2012 and is located in Qijiang District, Chongqing. We specialize in the design, development, production, assembly and export of motorcycles and related accessories. ChongQing FUEGOPOWER CO.,LTD was established in 2012 and is located in Qijiang District, Chongqing. We specialize in the design, development, production, assembly and export of motorcycles and related accessories.",,,https://fuegopower.com,JINFU ROAD 38# QIJIANG CHONGQING CHONGQING,,
CHONGQING GROUP,,,,,,,,
"CHONGQING GUANGYU MOTORCYCLE MANUFACTURE CO., LTD - CHONGQING GROUP",,,,,,,,
"CHONGQING HARDMAN CLUTCH CO., LTD. - CHUANGJI EXHIBITION",,,,,,,,
"CHONGQING HARMONY SCIENCE AND TECHNOLOGY CO.,LTD - CHONGQING GROUP",,,,,,,,
"CHONGQING HAWE NEW ENERGY CO.,LTD - HI-LIGHTING INT'L EXHIBITION BEIJING CO. LTD","Pad. 4,9 - Stand I56,I60,I66,T80,S86",,,,https://hi-lighting.com,"12B07 BUILDING A U-SPACE, NO.8 GUANGQUMENWAI STREET CHAOYANG CHINA",NO.8 GUANGQUMENWAI STREET CHAOYANG CHINA,
"CHONGQING HOTO ?ENGINE MANUFACTURING CO., LTD - FXCNC CO.,LTD",Pad. 18 - Stand I83,"FXCNC specializes in CNC precision machining and high-performance power sports parts. With advanced technology, strict quality control, and a skilled R&D team.We deliver reliable components to top global market Driven by innovation and committed to excellence. FXCNC specializes in CNC precision machining and high-performance power sports parts. With advanced technology, strict quality control, and a skilled R&D team.We deliver reliable components to top global market Driven by innovation and committed to excellence.",,,https://fxcnc.us,2310 S MIAMI BLVD STE 133 DURHAM NC,,
"CHONGQING HOTO MOTOR TECHNOLOGY CO.,LTD. - FXCNC CO.,LTD",Pad. 18 - Stand I83,"FXCNC specializes in CNC precision machining and high-performance power sports parts. With advanced technology, strict quality control, and a skilled R&D team.We deliver reliable components to top global market Driven by innovation and committed to excellence. FXCNC specializes in CNC precision machining and high-performance power sports parts. With advanced technology, strict quality control, and a skilled R&D team.We deliver reliable components to top global market Driven by innovation and committed to excellence.",,,https://fxcnc.us,2310 S MIAMI BLVD STE 133 DURHAM NC,,
"CHONGQING JIALI JIANQIAO LAMPS CO.,LTD. - ZHEJIANG TIANYING LOCOMOTIVE CO.,LTD",Pad. 11 - Stand Q48,"ZHEJIANG TIANYING LOCOMOTIVE CO.,LTD,is founded in Year 2002,located in Taizhou, Zhejiang, China.Factory covers an area of 50,000sqm and has 380 employees, including 80 professional and technical personnel.There are 2 assembly lines,2 engine lines,1 frame welding line,and 1 plastic painting line,with annual production capacity of 300,000 motorcycles & 200,000 engines. ZHEJIANG TIANYING LOCOMOTIVE CO.,LTD,is founded in Year 2002,located in Taizhou, Zhejiang, China.Factory covers an area of 50,000sqm and has 380 employees, including 80 professional and technical personnel.There are 2 assembly lines,2 engine lines,1 frame welding line,and 1 plastic painting line,with annual production capacity of 300,000 motorcycles & 200,000 engines.",,,,"No.211, New Street, Xinqiao town, Luqiao, Taizhou City, Zhejiang, China TAIZHOU CITY ZHEJIANG",China TAIZHOU CITY ZHEJIANG,
"CHONGQING JIECHENG VEHICLE FITTINGS CO.,LTD - SINOLIGHT INTERNATIONAL HOLDINGS CORPORATION (CLETC)","Pad. 14,4,6,9,7 - Stand C05,C08,E60,E64,E72,E76,I10,S85,U29,U30,E54,G61,S70,S68,S74,S76,S80,Q64,P82,E53,R64,I14,T94,C81,C87,A84,B87,A90,E55,S59",,,,,,,
"CHONGQING JINNA POWER TECHNOLOGY CO., LTD - SINOLIGHT INTERNATIONAL HOLDINGS CORPORATION (CLETC)","Pad. 14,4,6,9,7 - Stand C05,C08,E60,E64,E72,E76,I10,S85,U29,U30,E54,G61,S70,S68,S74,S76,S80,Q64,P82,E53,R64,I14,T94,C81,C87,A84,B87,A90,E55,S59",,,,,,,
"CHONGQING JIUBEN COMMERCE AND TRADE CO., LTD - SINOLIGHT INTERNATIONAL HOLDINGS CORPORATION (CLETC)","Pad. 14,4,6,9,7 - Stand C05,C08,E60,E64,E72,E76,I10,S85,U29,U30,E54,G61,S70,S68,S74,S76,S80,Q64,P82,E53,R64,I14,T94,C81,C87,A84,B87,A90,E55,S59",,,,https://cletc.com,SINOLIGHT PLAZA NO.4 WANG JING CHAOYANG DISTRICT BEIJING BEIJING,,
"CHONGQING JUNCHI MOTORCYCLE CO.,LTD. - BENYCO GROUP SP. Z O.O.",,,,,,,,
"CHONGQING KELIKELI INDUSTRIAL TECHNOLOGY CO., LTD. - FXCNC CO.,LTD",Pad. 18 - Stand I83,"FXCNC specializes in CNC precision machining and high-performance power sports parts. With advanced technology, strict quality control, and a skilled R&D team.We deliver reliable components to top global market Driven by innovation and committed to excellence. FXCNC specializes in CNC precision machining and high-performance power sports parts. With advanced technology, strict quality control, and a skilled R&D team.We deliver reliable components to top global market Driven by innovation and committed to excellence.",,,https://fxcnc.us,2310 S MIAMI BLVD STE 133 DURHAM NC,,
"CHONGQING LANDAI POWERTRAIN CO., LTD - CHONGQING GROUP",Pad. 18 - Stand C75,,,,,,,
"CHONGQING LANDAI PRECISION COMPONENTS CO., LTD - CHONGQING GROUP","Pad. 14,4,6,9,7 - Stand C05,C08,E60,E64,E72,E76,I10,S85,U29,U30,E54,G61,S70,S68,S74,S76,S80,Q64,P82,E53,R64,I14,T94,C81,C87,A84,B87,A90,E55,S59",,,,,,,
"CHONGQING LIDE INDUSTRY MANUFACTURE CO., LTD","Pad. 4,11,9 - Stand G60,G64,G70,I72,I76,B03,A04,B07,A10,B19,A16,B04,C05,C07,R81,S61,R71",,,,,,,
"CHONGQING LONCIN IMP & EXP CO.,LTD.",Pad. 10 - Stand A98,"LONCIN MOTOR CO., LTD. (SSE stock code: 603766) is a large-scale comprehensive manufacturing enterprise that integrates businesses of generating sets, agricultural machinery equipment, light-duty power units and two-wheeled motorcycles as well as active involvement in development and incubation of burgeoning businesses with core technology of internal combustion engine as platform, thereby performing constant expansion to relevant business areas. The Company adheres to strategic orientation of ""being a Leading Enterprise of Complete Set of Low-carbon Power System"", adequate research and meeting consumer demand. With technology as traction, it makes efforts to create ""Technological Loncin"" that highlights advantage in low-carbon technology of ""low emission and low fuel consumption"" to provide users with high-performance complete solutions of end products. The Company has established a stable strategic cooperative relation with world-famous enterprises such as BMW Motorrad, acting as a world-class power system manufacturer with operations in more than 100 countries and regions all over the world. Brands ""Loncin"" and ""Jin Long"" subordinated to the Company are both famous trademarks of China. Meanwhile, the Company was the first one that obtained title of qualified enterprise whose ""Registration of New Motorcycle Exempts from Safety and Technical Inspection"" in the motorcycle industry of China. In 2013, export business of its generating sets ranked first in the industry, with business of tricycle being among Top-Three in the industry for many years, production & sales of motorcycle ranking second in the industry in consecutive 8 years and its export volume ranking Top-Two in the industry in consecutive 7 years, and production & sales of its engines being among the best of the industry for many years. LONCIN MOTOR CO., LTD. (SSE stock code: 603766) is a large-scale comprehensive manufacturing enterprise that integrates businesses of generating sets, agricultural machinery equipment, light-duty power units and two-wheeled motorcycles as well as active involvement in development and incubation of burgeoning businesses with core technology of internal combustion engine as platform, thereby performing constant expansion to relevant business areas. The Company adheres to strategic orientation of ""being a Leading Enterprise of Complete Set of Low-carbon Power System"", adequate research and meeting consumer demand. With technology as traction, it makes efforts to create ""Technological Loncin"" that highlights advantage in low-carbon technology of ""low emission and low fuel consumption"" to provide users with high-performance complete solutions of end products. The Company has established a stable strategic cooperative relation with world-famous enterprises such as BMW Motorrad, acting as a world-class power system manufacturer with operations in more than 100 countries and regions all over the world. Brands ""Loncin"" and ""Jin Long"" subordinated to the Company are both famous trademarks of China. Meanwhile, the Company was the first one that obtained title of qualified enterprise whose ""Registration of New Motorcycle Exempts from Safety and Technical Inspection"" in the motorcycle industry of China. In 2013, export business of its generating sets ranked first in the industry, with business of tricycle being among Top-Three in the industry for many years, production & sales of motorcycle ranking second in the industry in consecutive 8 years and its export volume ranking Top-Two in the industry in consecutive 7 years, and production & sales of its engines being among the best of the industry for many years.",,,,"No.116 Juye road，C area of Jiulong industrial park， Jiulongpo district，Chongqing, ChinaG ECONOMIC DEVELOPMENT ZONE, CHONGQING, CHINA CHONGQING CHONGQING",CHINA CHONGQING CHONGQING,
"CHONGQING MAINOT TECHNOLOGY CO.,LTD - CHONGQING GROUP",,,,,,,,
"CHONGQING MAIXING ELECTROMECHANICAL CO., LTD. - CCCME",,,,,,,,
"CHONGQING MANKEN TECHNOLOGY CO., LTD - ZHEJIANG TIANYING LOCOMOTIVE CO.,LTD",Pad. 11 - Stand Q48,"ZHEJIANG TIANYING LOCOMOTIVE CO.,LTD,is founded in Year 2002,located in Taizhou, Zhejiang, China.Factory covers an area of 50,000sqm and has 380 employees, including 80 professional and technical personnel.There are 2 assembly lines,2 engine lines,1 frame welding line,and 1 plastic painting line,with annual production capacity of 300,000 motorcycles & 200,000 engines. ZHEJIANG TIANYING LOCOMOTIVE CO.,LTD,is founded in Year 2002,located in Taizhou, Zhejiang, China.Factory covers an area of 50,000sqm and has 380 employees, including 80 professional and technical personnel.There are 2 assembly lines,2 engine lines,1 frame welding line,and 1 plastic painting line,with annual production capacity of 300,000 motorcycles & 200,000 engines.",,,,"No.211, New Street, Xinqiao town, Luqiao, Taizhou City, Zhejiang, China TAIZHOU CITY ZHEJIANG",China TAIZHOU CITY ZHEJIANG,
"CHONGQING MIKE WAY MOTORCYCLE CO., LTD - CHONGQING GROUP","Pad. 14,4,6,9,7 - Stand C05,C08,E60,E64,E72,E76,I10,S85,U29,U30,E54,G61,S70,S68,S74,S76,S80,Q64,P82,E53,R64,I14,T94,C81,C87,A84,B87,A90,E55,S59",,,,,,,
"CHONGQING MOBIMAX TECHNOLOGY CO.,LTD. - SINOLIGHT INTERNATIONAL HOLDINGS CORPORATION (CLETC)","Pad. 14,4,6,9,7 - Stand C05,C08,E60,E64,E72,E76,I10,S85,U29,U30,E54,G61,S70,S68,S74,S76,S80,Q64,P82,E53,R64,I14,T94,C81,C87,A84,B87,A90,E55,S59",,,,,,,
"CHONGQING MOTOJOY INDUSTRY AND TRADE CO.,LTD - SINOLIGHT INTERNATIONAL HOLDINGS CORPORATION (CLETC)","Pad. 14,4,6,9,7 - Stand C05,C08,E60,E64,E72,E76,I10,S85,U29,U30,E54,G61,S70,S68,S74,S76,S80,Q64,P82,E53,R64,I14,T94,C81,C87,A84,B87,A90,E55,S59",,,,,,,
"CHONGQING MOTRIX TECHNOLOGY CO., LTD - SINOLIGHT INTERNATIONAL HOLDINGS CORPORATION (CLETC)","Pad. 14,4,6,9,7 - Stand C05,C08,E60,E64,E72,E76,I10,S85,U29,U30,E54,G61,S70,S68,S74,S76,S80,Q64,P82,E53,R64,I14,T94,C81,C87,A84,B87,A90,E55,S59",,,,https://cletc.com,SINOLIGHT PLAZA NO.4 WANG JING CHAOYANG DISTRICT BEIJING BEIJING,,
"CHONGQING NEWAY IMP.&EXP. CO., LTD - SINOLIGHT INTERNATIONAL HOLDINGS CORPORATION (CLETC)","Pad. 14,4,6,9,7 - Stand C05,C08,E60,E64,E72,E76,I10,S85,U29,U30,E54,G61,S70,S68,S74,S76,S80,Q64,P82,E53,R64,I14,T94,C81,C87,A84,B87,A90,E55,S59",,,,https://cletc.com,SINOLIGHT PLAZA NO.4 WANG JING CHAOYANG DISTRICT BEIJING BEIJING,,
"CHONGQING ORANGE POWER TRADING CO.,LTD. - CHONGQING GROUP",Pad. 18 - Stand C75,,,,,,,
"CHONGQING QING ZHUI TRADING CO., LTD. - FXCNC CO.,LTD",Pad. 18 - Stand I83,"FXCNC specializes in CNC precision machining and high-performance power sports parts. With advanced technology, strict quality control, and a skilled R&D team.We deliver reliable components to top global market Driven by innovation and committed to excellence. FXCNC specializes in CNC precision machining and high-performance power sports parts. With advanced technology, strict quality control, and a skilled R&D team.We deliver reliable components to top global market Driven by innovation and committed to excellence.",,,https://fxcnc.us,2310 S MIAMI BLVD STE 133 DURHAM NC,,
"CHONGQING QIULONG TECHNOLOGY CO.,LTD - MOTOR APEXHOLDINGS LLC",,,,,,,,
"CHONGQING QUZAI TECHNOLOGY CO., LTD - HI-LIGHTING INT'L EXHIBITION BEIJING CO. LTD","Pad. 4,9 - Stand I56,I60,I66,T80,S86",,,,,,,
"CHONGQING RATO TECHNOLOGY CO., LTD. - WUXI XIAODAO ELECTRIC SCIENCE AND TECHNOLOGY INC",,,,,,,,
"CHONGQING REXMOTOR CO., LTD - HI-LIGHTING INT'L EXHIBITION BEIJING CO. LTD",Pad. 7 - Stand Q05,,,,,,,
"CHONGQING RONG-JUE MOTORCYCLE CO.,LTD - CHONGQING GROUP",,,,,,,,
"CHONGQING RONGCAN TRADING CO., LTD. - CHUANGJI EXHIBITION",,,,,,,,
"CHONGQING SDONER MOTO INDUSTRY CO.,LTD - HI-LIGHTING INT'L EXHIBITION BEIJING CO. LTD","Pad. 4,9 - Stand I56,I60,I66,T80,S86",,,,https://hi-lighting.com,"12B07 BUILDING A U-SPACE, NO.8 GUANGQUMENWAI STREET CHAOYANG CHINA",NO.8 GUANGQUMENWAI STREET CHAOYANG CHINA,
"CHONGQING SEEDO PLASTICS CO., LTD. - VALUEDSHOW (SHAGNHAI) MANAGEMENT LLC",,,,,,,,
"CHONGQING SHENGLIN MACHINERY MANUFACTURING CO., LTD - SINOLIGHT INTERNATIONAL HOLDINGS CORPORATION (CLETC)","Pad. 14,4,6,9,7 - Stand C05,C08,E60,E64,E72,E76,I10,S85,U29,U30,E54,G61,S70,S68,S74,S76,S80,Q64,P82,E53,R64,I14,T94,C81,C87,A84,B87,A90,E55,S59",,,,https://cletc.com,SINOLIGHT PLAZA NO.4 WANG JING CHAOYANG DISTRICT BEIJING BEIJING,,
"CHONGQING SHUANGSHI MOTOR MANUFACTURING CO., LTD - HI-LIGHTING INT'L EXHIBITION BEIJING CO. LTD","Pad. 4,9 - Stand I56,I60,I66,T80,S86",,,,https://hi-lighting.com,"12B07 BUILDING A U-SPACE, NO.8 GUANGQUMENWAI STREET CHAOYANG CHINA",NO.8 GUANGQUMENWAI STREET CHAOYANG CHINA,
"CHONGQING SIX DAYS MOTOCROSS MANUFACTURING CO.,LTD - CCCME",,,,,,,,
"CHONGQING SONICS INTERNATIONAL CO., LTD - SINOLIGHT INTERNATIONAL HOLDINGS CORPORATION (CLETC)","Pad. 14,4,6,9,7 - Stand C05,C08,E60,E64,E72,E76,I10,S85,U29,U30,E54,G61,S70,S68,S74,S76,S80,Q64,P82,E53,R64,I14,T94,C81,C87,A84,B87,A90,E55,S59",,,,https://cletc.com,SINOLIGHT PLAZA NO.4 WANG JING CHAOYANG DISTRICT BEIJING BEIJING,,
"CHONGQING TOM AUTO PART CO.,LTD - CCCME",,,,,,,,
"CHONGQING VEHICLE IMPORT&EXPORT CO., LTD. - HI-LIGHTING INT'L EXHIBITION BEIJING CO. LTD","Pad. 4,9 - Stand I56,I60,I66,T80,S86",,,,https://hi-lighting.com,"12B07 BUILDING A U-SPACE, NO.8 GUANGQUMENWAI STREET CHAOYANG CHINA",NO.8 GUANGQUMENWAI STREET CHAOYANG CHINA,
"CHONGQING WELSTER INTELLIGENT EQUIPMENT CO., LTD - SINOLIGHT INTERNATIONAL HOLDINGS CORPORATION (CLETC)","Pad. 14,4,6,9,7 - Stand C05,C08,E60,E64,E72,E76,I10,S85,U29,U30,E54,G61,S70,S68,S74,S76,S80,Q64,P82,E53,R64,I14,T94,C81,C87,A84,B87,A90,E55,S59",,,,https://cletc.com,SINOLIGHT PLAZA NO.4 WANG JING CHAOYANG DISTRICT BEIJING BEIJING,,
"CHONGQING XINGUIZUN LOCOMOTIVE INDUSTRY CO., LTD - HI-LIGHTING INT'L EXHIBITION BEIJING CO. LTD","Pad. 4,9 - Stand I56,I60,I66,T80,S86",,,,https://hi-lighting.com,"12B07 BUILDING A U-SPACE, NO.8 GUANGQUMENWAI STREET CHAOYANG CHINA",NO.8 GUANGQUMENWAI STREET CHAOYANG CHINA,
"CHONGQING XINXING GEAR WHEEL CO., LTD - CHONGQING LIDE INDUSTRY MANUFACTURE CO., LTD",Pad. 7 - Stand T31,,,,,,,
"CHONGQING YINGANG INTERNATIONAL TRADING CO., LTD. - HI-LIGHTING INT'L EXHIBITION BEIJING CO. LTD","Pad. 4,9 - Stand I56,I60,I66,T80,S86",,,,https://hi-lighting.com,"12B07 BUILDING A U-SPACE, NO.8 GUANGQUMENWAI STREET CHAOYANG CHINA",NO.8 GUANGQUMENWAI STREET CHAOYANG CHINA,
"CHONGQING YINGANG SCIENCE AND TECHNOLOGY (GROUP) CO.,LTD (CHONGQING YINGANG INTERNATIONAL TRADING CO., LTD.) - CCCME",,,,,,,,
"CHONGQING YINGANG SCIENCE AND TECHNOLOGY(GROUP) CO., LTD - HENAN FEIBO AUTOMOBILE INDUSTRY CO. , LTD.",Pad. 4 - Stand C88,E-CAR FACTORY E-CAR FACTORY,,,https://cnfeibo.com,"No. 111 XIANGHE, Sanlidian Township Runan Henan",Sanlidian Township Runan Henan,
"CHONGQING YU'AN INTELLIGENT SUSPENSION CO., LTD - MOTOR APEXHOLDINGS LLC",Pad. 4 - Stand A80,,,,,"8 QIXIN EAST ROAD,YANJIA STREET,CHANGSHOU DISTRICT CHONGQING CHONGQING",CHANGSHOU DISTRICT CHONGQING CHONGQING,
"CHONGQING YUANXUN INDUSTRIAL DEVELOPMENT CO.,LTD - HI-LIGHTING INT'L EXHIBITION BEIJING CO. LTD","Pad. 14,4,6,9,7 - Stand C05,C08,E60,E64,E72,E76,I10,S85,U29,U30,E54,G61,S70,S68,S74,S76,S80,Q64,P82,E53,R64,I14,T94,C81,C87,A84,B87,A90,E55,S59",,,,,,,
"CHONGQING ZHANGXUE MOTORCYCLE INDUSTRY CO., LTD.",Pad. 4 - Stand A60,"ZXMOTO was founded by Zhang Xue with his name, from the founder to engineers, the supply chain team, quality control specialists, production staff, and sales service crew, everyone is a dynamic dreamer. Pursue the EXTREME performance, tech, safety and customer care. Drived by pure PASSION with motorcycle and ride life. We adhere to the core values of ""EXTREME and PASSION"" and are committed to creating products with ""ultimate quality and experience"", and providing pre-sales and after-sales services with ""ultimate care"". we look forward to seeing ZXMOTO's presence around the world in the near future. ZXMOTO was founded by Zhang Xue with his name, from the founder to engineers, the supply chain team, quality control specialists, production staff, and sales service crew, everyone is a dynamic dreamer. Pursue the EXTREME performance, tech, safety and customer care. Drived by pure PASSION with motorcycle and ride life. We adhere to the core values of ""EXTREME and PASSION"" and are committed to creating products with ""ultimate quality and experience"", and providing pre-sales and after-sales services with ""ultimate care"". we look forward to seeing ZXMOTO's presence around the world in the near future.",,,,"Building 4, No. 1008, Konggang Avenue, Shuangfeng Bridge Street Yubei district CHONGQING",Shuangfeng Bridge Street Yubei district CHONGQING,
"CHONGQING ZHANXIAN IM & EX CO.,LTD. - GOWOW ORION",,,,,,,,
CHONGQING ZHONGPENG SHIYE CO. LTD. - HI-LIGHTING INT'L EXHIBITION BEIJING CO. LTD,"Pad. 4,9 - Stand I56,I60,I66,T80,S86",,,,https://hi-lighting.com,"12B07 BUILDING A U-SPACE, NO.8 GUANGQUMENWAI STREET CHAOYANG CHINA",NO.8 GUANGQUMENWAI STREET CHAOYANG CHINA,
"CHONGQING ZXMOTO SALES CO., LTD. - CHONGQING ZHANGXUE MOTORCYCLE INDUSTRY CO., LTD.",Pad. 4 - Stand A60,,,,,,,
"CHU HSIANG TECHNOLOGY CO., LTD. - TAIWAN TRANSPORTATION VEHICLE MANUFACTURERS ASS.",,,,,,,,
CHUANGJI EXHIBITION,,,,,,,,
CINECO - ZONSEN MOTORCYCLE,Pad. 6 - Stand F20,,,,,,,
CIRCUIT EQUIPAMENTOS ESPORTIVOS LTDA,Pad. 7 - Stand U17,,,,,,,
"CIXI QUACONST PRECISION MACHINERY CO., LTD. - CCCME",,,,,,,,
CLICK N' RIDE - 360 TWO PTY LTD - FORBIKES SRL,,,,,,,,
CLOVER IT S.R.L.,Pad. 14 - Stand I29,100% Italian Advanced Motorcycle Technical Wear 100% Italian Advanced Motorcycle Technical Wear,,,https://clover.it,VIA TEZZE DI CEREDA 32 CORNEDO VICENTINO VI,,
COACHING SARL,,,,,,,,
COBIJA INDUSTRIES - WIND TRADING S.R.L.,Pad. 14 - Stand E31,"COBIJA INDUSTRIES is a prominent name among the leading manufacturers and exporters of Motorbike Textile & Leather Clothing, Gloves, Boots, Denim Bags and Motorbike Safety protection accessories for both amateur and professional motor-cycle riders. Establishment 1991, Textile Unit 1995 A new production facility of textiles was established with emerging demand from customers,Leather Unit 1999 Cobija always lived in Leathers from Day 1 and success of gloves & textiles become base of New Leather Unit Accessories 2008 A new facility of motorbike leather & textile accessories was established New Factory 2011 2nd Decade of 21st started with New Buidlings & Technologies to all existing units Boots Unit 2015 Cobija always remains at top being a technology company, the team decided to lauch the long awaited boots facility Denim Unit 2018 Growing trends and demand of denim forced the adaptive nature of company to final breaking the ground for Denims Bags Unit 2021 A long history of Leather Saddle Bags from early 90’s based the new textile bags project A complete range of products under 1 roof 1 name;A home to top brands all over the world MIssion: To develop a network of 100s of small manufacturing setups and develop strong economic growth. Vision: Global Recognition with its unique product line Slogan: Together We Can COBIJA INDUSTRIES is a prominent name among the leading manufacturers and exporters of Motorbike Textile & Leather Clothing, Gloves, Boots, Denim Bags and Motorbike Safety protection accessories for both amateur and professional motor-cycle riders. Establishment 1991, Textile Unit 1995 A new production facility of textiles was established with emerging demand from customers,Leather Unit 1999 Cobija always lived in Leathers from Day 1 and success of gloves & textiles become base of New Leather Unit Accessories 2008 A new facility of motorbike leather & textile accessories was established New Factory 2011 2nd Decade of 21st started with New Buidlings & Technologies to all existing units Boots Unit 2015 Cobija always remains at top being a technology company, the team decided to lauch the long awaited boots facility Denim Unit 2018 Growing trends and demand of denim forced the adaptive nature of company to final breaking the ground for Denims Bags Unit 2021 A long history of Leather Saddle Bags from early 90’s based the new textile bags project A complete range of products under 1 roof 1 name;A home to top brands all over the world MIssion: To develop a network of 100s of small manufacturing setups and develop strong economic growth. Vision: Global Recognition with its unique product line Slogan: Together We Can",,,https://cobija.biz,1-KM AMINABAD ROAD SIALKOT PUNJAB,,
COMERCIALIZADORA PRIMATERIA SA DE CV..,,,,,,,,
COMPAGNIA GUARDIA DI FINANZA,Pad. 18 - Stand M91,,,,,"VIALE XXI APRILE, 51 ROMA RM",51 ROMA RM,
CONFINDUSTRIA ANCMA,Pad. 11 - Stand M46,,,,https://ancma.it,"VIA FABIO FILZI, 25/A MILANO MI",25/A MILANO MI,
COOCASE - ACSUD SACIM DISTRIBUTION,Pad. 9 - Stand I51,,,,,,,
CORRIERE DELLO SPORT SRL,Pad. 10 - Stand A66,,,,,PIAZZA INDIPENDENZA 11-B ROMA RM,,
CORROSION BLOCK - LEAR CHEMICAL RESEARCH CORPORATION,,,,,,,,
CRM SRL,,,,,,,,
CROSSPRO LDA,Pad. 18 - Stand C66,,,,https://crosspro.pt,ZONA INDUSTRIAL DO PARAIMO 45 SANGALHOS ANADIA,,
CS MOTO DI SILVESTRI CARLO,Pad. 5 - Stand I55,,,,,,,
CST TIRES,Pad. 14 - Stand E46,"CST and Maxxis are both brands of Cheng Shin Rubber Ind.Co.,Ltd. — one of the largest tire manufacturers in the world. Headquartered in Taiwan, and with multiple state-of-the-art production facilities across China, Thailand, Vietnam, Indonesia and India, Cheng Shin Rubber operates on a global scale and has built a reputation for quality, innovation, and performance across a wide range of tire categories. With decades of manufacturing expertise, Cheng Shin Rubber produces tires for bicycles, motorcycles, passenger cars, trucks, industrial vehicles, and specialty applications. The company’s vertical integration — from raw material development to final product — ensures full quality control and consistency at every step. Together, CST and Maxxis represent the dual strengths of the Cheng Shin Rubber Group: Premium performance and world-class innovation — backed by one of the most advanced manufacturing networks in the global tire industry. CST and Maxxis are both brands of Cheng Shin Rubber Ind.Co.,Ltd. — one of the largest tire manufacturers in the world. Headquartered in Taiwan, and with multiple state-of-the-art production facilities across China, Thailand, Vietnam, Indonesia and India, Cheng Shin Rubber operates on a global scale and has built a reputation for quality, innovation, and performance across a wide range of tire categories. With decades of manufacturing expertise, Cheng Shin Rubber produces tires for bicycles, motorcycles, passenger cars, trucks, industrial vehicles, and specialty applications. The company’s vertical integration — from raw material development to final product — ensures full quality control and consistency at every step. Together, CST and Maxxis represent the dual strengths of the Cheng Shin Rubber Group: Premium performance and world-class innovation — backed by one of the most advanced manufacturing networks in the global tire industry.",,,https://csttires.com | https:,"15 XIBIN ROAD,XINGLIN,JIMEI DISTRICT,XIAMEN XIAMEN FUJIAN",XIAMEN XIAMEN FUJIAN,
CUBIQ® - INDUSTRIAS GALFER S.A.,Pad. 10 - Stand G76,"Industrias Galfer is a leading manufacturer of friction materials and components for braking systems for the motorcycling and bicycle sectors. Since our company was founded in 1952, we have been known for being at the forefront of innovation, quality and organization. Today we link our experience and tradition to new technologies, cutting-edge materials and the most advanced management systems. To stay at the forefront of the market and to get to know in depth the needs for the industry, the R&D department at GALFER works closely with top-level competition teams.All our products are strictly tested for quality to guarantee its safety. We are so committed with quality regulations that our quality controls exceed the ECE R-90 standards. GALFER business philosophy is based on the values that led us to become a world leader in braking systems. There’s only a thing that our brakes cannot stop: the speed at which we enter the future. Industrias Galfer is a leading manufacturer of friction materials and components for braking systems for the motorcycling and bicycle sectors. Since our company was founded in 1952, we have been known for being at the forefront of innovation, quality and organization. Today we link our experience and tradition to new technologies, cutting-edge materials and the most advanced management systems. To stay at the forefront of the market and to get to know in depth the needs for the industry, the R&D department at GALFER works closely with top-level competition teams.All our products are strictly tested for quality to guarantee its safety. We are so committed with quality regulations that our quality controls exceed the ECE R-90 standards. GALFER business philosophy is based on the values that led us to become a world leader in braking systems. There’s only a thing that our brakes cannot stop: the speed at which we enter the future.",,,https://galfer.eu,"CTRA. MONTMELÓ, 50 GRANOLLERS BARCELONA",50 GRANOLLERS BARCELONA,
CVM S.R.L.,Pad. 11 - Stand N21,,,,,VIA RIO N.18 BOSCOTRECASE NA,,
CYCLONE - ZONSEN MOTORCYCLE,Pad. 6 - Stand F20,,,,,,,
CYCLONE INDUSTRY,Pad. 6 - Stand F20,,,,,,,
CYCRA INC.,Pad. 7 - Stand I45,"Setting the highest standards of offroad protections and plastics since 1996. Proudly developed in the USA. Providing factory race teams like Honda, Yamaha, KTM, Suzuki and Kawasaki with aftermarket parts such as fenders, number plates, handguards, disc covers, moto stands & more. Setting the highest standards of offroad protections and plastics since 1996. Proudly developed in the USA. Providing factory race teams like Honda, Yamaha, KTM, Suzuki and Kawasaki with aftermarket parts such as fenders, number plates, handguards, disc covers, moto stands & more.",,,https://cycra.com,914 OLD HARGRAVE ROAD LEXINGTON NORTH CAROLINA,,
"D.MAG NEW MATERIAL TECHNOLOGY CO., LTD. (GLM)",Pad. 5 - Stand S71,,,,,,,
D&W ELECTRIC VEHICLE(CHINA)CO.;LTD - HI-LIGHTING INT'L EXHIBITION BEIJING CO. LTD,"Pad. 4,9 - Stand I56,I60,I66,T80,S86",,,,https://hi-lighting.com,"12B07 BUILDING A U-SPACE, NO.8 GUANGQUMENWAI STREET CHAOYANG CHINA",NO.8 GUANGQUMENWAI STREET CHAOYANG CHINA,
"DAO SIANG INDUSTRIAL CO., LTD. - ACCESS MOTOR CO LTD",Pad. 11 - Stand H30,"Established in 2005 in Taiwan, Access Motor specializes in the development and manufacturing of high-quality off-road vehicles, including ATVs, SSVs, and performance-oriented Sportquads. With vertically integrated capabilities—from design and engineering to in-house engine and drive-train production—Access Motor delivers reliable, precisely built machines for both recreational and utility use. Our product range is designed to meet the diverse needs of riders worldwide, from versatile ATVs built for work and adventure, to dynamic sport quads recognized for their agility, styling, and responsive performance. Each model reflects our dedication to thoughtful design, durability, and the rider experience. Access Motor continues to expand its global presence through a commitment to quality, innovation, and long-term customer satisfaction. Established in 2005 in Taiwan, Access Motor specializes in the development and manufacturing of high-quality off-road vehicles, including ATVs, SSVs, and performance-oriented Sportquads. With vertically integrated capabilities—from design and engineering to in-house engine and drive-train production—Access Motor delivers reliable, precisely built machines for both recreational and utility use. Our product range is designed to meet the diverse needs of riders worldwide, from versatile ATVs built for work and adventure, to dynamic sport quads recognized for their agility, styling, and responsive performance. Each model reflects our dedication to thoughtful design, durability, and the rider experience. Access Motor continues to expand its global presence through a commitment to quality, innovation, and long-term customer satisfaction.",,,https://accessmotorglobal.com,"NO.288, GUANXIN RD., TAINAN CITY TAINAN",TAINAN CITY TAINAN,
DARAD INNOVATION CORP.,,,,,,,,
"DAVINCI TECHNOLOGY SALES (BEIJING) CO., LTD",,,,,,,,
DAYCO EUROPE SRL,Pad. 18 - Stand E73,"Dayco è azienda leader globale nella ricerca, progettazione, produzione e distribuzione di sistemi di trasmissione di motori e servizi aftermarket per automobili, camion, macchinari edili, agricoli e industriali. La nostra missione è fornire al mercato prodotti e servizi innovativi che facciano progredire il mondo, sempre. Grazie all’esperienza nel trasferire potenza in maniera silenziosa ed efficiente, Dayco si propone come leader globale di soluzioni di sistema per veicoli elettrici ibridi. Con oltre 100 anni di esperienza in sistemi di trasmissione di potenza, Dayco fornisce soluzioni tecniche efficienti ed innovative che rispondono alle specifiche richieste dei clienti di tutto il mondo. La potente e capillare rete distributiva globale garantisce al cliente Dayco la fornitura di servizi nel settore aftermarket con una completa offerta di kit e prodotti in grado di soddisfare tutte le esigenze in qualsiasi mercato nel mondo. Tutto questo viene realizzato da un team globale dedicato, il cui rispetto reciproco e umiltà sono componenti fondamentali per l’apprendimento continuo, agendo come se fosse il proprietario in tutto ciò che viene svolto. Dayco è azienda leader globale nella ricerca, progettazione, produzione e distribuzione di sistemi di trasmissione di motori e servizi aftermarket per automobili, camion, macchinari edili, agricoli e industriali. La nostra missione è fornire al mercato prodotti e servizi innovativi che facciano progredire il mondo, sempre. Grazie all’esperienza nel trasferire potenza in maniera silenziosa ed efficiente, Dayco si propone come leader globale di soluzioni di sistema per veicoli elettrici ibridi. Con oltre 100 anni di esperienza in sistemi di trasmissione di potenza, Dayco fornisce soluzioni tecniche efficienti ed innovative che rispondono alle specifiche richieste dei clienti di tutto il mondo. La potente e capillare rete distributiva globale garantisce al cliente Dayco la fornitura di servizi nel settore aftermarket con una completa offerta di kit e prodotti in grado di soddisfare tutte le esigenze in qualsiasi mercato nel mondo. Tutto questo viene realizzato da un team globale dedicato, il cui rispetto reciproco e umiltà sono componenti fondamentali per l’apprendimento continuo, agendo come se fosse il proprietario in tutto ciò che viene svolto.",,,https://dayco.com,"VIA PAPA LEONE XIII, 45 CHIETI SCALO CH",45 CHIETI SCALO CH,
DAYCO EUROPE SRL - WIND TRADING S.R.L.,Pad. 18 - Stand E73,"Dayco è azienda leader globale nella ricerca, progettazione, produzione e distribuzione di sistemi di trasmissione di motori e servizi aftermarket per automobili, camion, macchinari edili, agricoli e industriali. La nostra missione è fornire al mercato prodotti e servizi innovativi che facciano progredire il mondo, sempre. Grazie all’esperienza nel trasferire potenza in maniera silenziosa ed efficiente, Dayco si propone come leader globale di soluzioni di sistema per veicoli elettrici ibridi. Con oltre 100 anni di esperienza in sistemi di trasmissione di potenza, Dayco fornisce soluzioni tecniche efficienti ed innovative che rispondono alle specifiche richieste dei clienti di tutto il mondo. La potente e capillare rete distributiva globale garantisce al cliente Dayco la fornitura di servizi nel settore aftermarket con una completa offerta di kit e prodotti in grado di soddisfare tutte le esigenze in qualsiasi mercato nel mondo. Tutto questo viene realizzato da un team globale dedicato, il cui rispetto reciproco e umiltà sono componenti fondamentali per l’apprendimento continuo, agendo come se fosse il proprietario in tutto ciò che viene svolto. Dayco è azienda leader globale nella ricerca, progettazione, produzione e distribuzione di sistemi di trasmissione di motori e servizi aftermarket per automobili, camion, macchinari edili, agricoli e industriali. La nostra missione è fornire al mercato prodotti e servizi innovativi che facciano progredire il mondo, sempre. Grazie all’esperienza nel trasferire potenza in maniera silenziosa ed efficiente, Dayco si propone come leader globale di soluzioni di sistema per veicoli elettrici ibridi. Con oltre 100 anni di esperienza in sistemi di trasmissione di potenza, Dayco fornisce soluzioni tecniche efficienti ed innovative che rispondono alle specifiche richieste dei clienti di tutto il mondo. La potente e capillare rete distributiva globale garantisce al cliente Dayco la fornitura di servizi nel settore aftermarket con una completa offerta di kit e prodotti in grado di soddisfare tutte le esigenze in qualsiasi mercato nel mondo. Tutto questo viene realizzato da un team globale dedicato, il cui rispetto reciproco e umiltà sono componenti fondamentali per l’apprendimento continuo, agendo come se fosse il proprietario in tutto ciò che viene svolto.",,,https://dayco.com,"VIA PAPA LEONE XIII, 45 CHIETI SCALO CH",45 CHIETI SCALO CH,
DAYCO POWER - DAYCO EUROPE SRL,Pad. 18 - Stand E73,,,,,,,
DAYCO RACING - DAYCO EUROPE SRL,Pad. 18 - Stand E73,,,,,,,
DAYTONA CORPORATION,Pad. 5 - Stand B56,"Founded in 1972 and proudly based in Japan, our company has built a legacy of excellence in crafting high-performance motorcycle parts and accessories. As a top brand in Japan across multiple categories, we are dedicated to reaching motorcycle lovers and riders worldwide with products that elevate every ride. With a strong global presence across Europe, North America, and key Asian markets, we continue to push the boundaries of performance and reliability. Our wide product range is driven by a deep commitment to quality, innovation, and rider satisfaction. Development-oriented and passionate about enhancing the riding experience, we strive to make every journey more exciting — wherever the road takes you. Founded in 1972 and proudly based in Japan, our company has built a legacy of excellence in crafting high-performance motorcycle parts and accessories. As a top brand in Japan across multiple categories, we are dedicated to reaching motorcycle lovers and riders worldwide with products that elevate every ride. With a strong global presence across Europe, North America, and key Asian markets, we continue to push the boundaries of performance and reliability. Our wide product range is driven by a deep commitment to quality, innovation, and rider satisfaction. Development-oriented and passionate about enhancing the riding experience, we strive to make every journey more exciting — wherever the road takes you.",,,https://daytona-europe.com,"4805 ICHIMIYA MORIMACHI, SHUCHIGUN SHIZUOKA",SHUCHIGUN SHIZUOKA,
DAYTONA CORPORATION - FORBIKES SRL,Pad. 5 - Stand B56,"Founded in 1972 and proudly based in Japan, our company has built a legacy of excellence in crafting high-performance motorcycle parts and accessories. As a top brand in Japan across multiple categories, we are dedicated to reaching motorcycle lovers and riders worldwide with products that elevate every ride. With a strong global presence across Europe, North America, and key Asian markets, we continue to push the boundaries of performance and reliability. Our wide product range is driven by a deep commitment to quality, innovation, and rider satisfaction. Development-oriented and passionate about enhancing the riding experience, we strive to make every journey more exciting — wherever the road takes you. Founded in 1972 and proudly based in Japan, our company has built a legacy of excellence in crafting high-performance motorcycle parts and accessories. As a top brand in Japan across multiple categories, we are dedicated to reaching motorcycle lovers and riders worldwide with products that elevate every ride. With a strong global presence across Europe, North America, and key Asian markets, we continue to push the boundaries of performance and reliability. Our wide product range is driven by a deep commitment to quality, innovation, and rider satisfaction. Development-oriented and passionate about enhancing the riding experience, we strive to make every journey more exciting — wherever the road takes you.",,,https://daytona-europe.com,"4805 ICHIMIYA MORIMACHI, SHUCHIGUN SHIZUOKA",SHUCHIGUN SHIZUOKA,
DB-RACE,Pad. 5 - Stand S86,"DB-RACE Srl nasce dalla passione di due amici per le moto, il design e la tecnologia applicata alla meccanica di precisione. Un designer ed un imprenditore che insieme decidono di investire tempo ed esperienza per creare un nuovo brand e produrre accessori per motocicli ad altissimo contenuto tecnologico e dal design emozionale. Per DB-RACE la moto è l'unione perfetta tra tecnologia e design realizzata utilizzando le competenze dei nostri artigiani migliori.Crediamo nella perfezione, che è il nostro obbiettivo, nulla è lasciato al caso, ogni minimo dettaglio viene valutato, studiato e risolto con uno stile tutto italiano.Tutti gli accessori per moto sono disegnati nel centro stile DB-RACE Design e realizzati nello stabilimento di produzione a Garbagna Novarese. DB-RACE Srl nasce dalla passione di due amici per le moto, il design e la tecnologia applicata alla meccanica di precisione. Un designer ed un imprenditore che insieme decidono di investire tempo ed esperienza per creare un nuovo brand e produrre accessori per motocicli ad altissimo contenuto tecnologico e dal design emozionale. Per DB-RACE la moto è l'unione perfetta tra tecnologia e design realizzata utilizzando le competenze dei nostri artigiani migliori.Crediamo nella perfezione, che è il nostro obbiettivo, nulla è lasciato al caso, ogni minimo dettaglio viene valutato, studiato e risolto con uno stile tutto italiano.Tutti gli accessori per moto sono disegnati nel centro stile DB-RACE Design e realizzati nello stabilimento di produzione a Garbagna Novarese.",,,https://db-race.com,VIA G.MATTEOTTI 5 GARBAGNA NOVARESE NO,,
DC-AFAM NV,Pad. 10 - Stand C80,,,,,,,
DC-AFAM NV - MANDELLI SRL,"Pad. 10 - Stand C80,C88","Azienda specializzata nei settori Ciclo e Moto, leader in Italia nel mercato delle 2 ruote. Distribuzione all'ingrosso di prodotti Ciclo e Moto 5 Premium Brand di proprietà: Tucano Urbano, T.ur, TAAC, Eleveit e Brera Cicli. Punto di riferimento per il settore a livello nazionale e internazionale. I nostri 4 pilastri: Passione, Innovazione, Concretezza, Valore. Azienda specializzata nei settori Ciclo e Moto, leader in Italia nel mercato delle 2 ruote. Distribuzione all'ingrosso di prodotti Ciclo e Moto 5 Premium Brand di proprietà: Tucano Urbano, T.ur, TAAC, Eleveit e Brera Cicli. Punto di riferimento per il settore a livello nazionale e internazionale. I nostri 4 pilastri: Passione, Innovazione, Concretezza, Valore.",,,https://mandelli.net,VIA TOMMASO GROSSI 5 CARATE BRIANZA MB,,
DCW - GOWOW ORION,,,,,,,,
"DDK GROUP CO., LTD. TAIWAN BRANCH - IMPORTERS & EXPORTERS ASSOCIATION OF TAIPEI",,,,,,,,
DE-MAKMADIN - TDAP,,,,,,,,
DEERMOTO INC,,,,,,,,
"DEGSON TECHNOLOGY CO., LTD. - HI-LIGHTING INT'L EXHIBITION BEIJING CO. LTD",Pad. 9 - Stand T80,,,,,,,
DELL'ORTO S.P.A.,Pad. 9 - Stand I73,"La Dell’Orto SpA ha iniziato la sua attività nel 1933 con la produzione di carburatori per moto, ampliandola negli anni con sistemi a iniezione, corpi farfallati e centraline elettroniche, fino ai recenti progetti sull’elettrificazione. Una costante evoluzione che la rende oggi un’azienda moderna e totalmente integrata a livello produttivo, che fa della ricerca tecnologica il suo punto di forza. Un DNA vincente fatto di passione, innovazione e motorsport, qualità che le hanno permesso di affermarsi a livello nazionale ed internazionale. DELLORTO began its activity in 1933 manufacturing carburetors for motorcycles, expanding its production over the years with injection systems, throttle bodies and electronic control units, up to the recent electrification projects. A constant evolution that today makes it a modern and totally integrated company at the production level, which makes technological research its point of strength. A winning DNA made of passion, innovation and motorsport, qualities that have allowed DELLORTO to establish itself on both national and international market. La Dell’Orto SpA ha iniziato la sua attività nel 1933 con la produzione di carburatori per moto, ampliandola negli anni con sistemi a iniezione, corpi farfallati e centraline elettroniche, fino ai recenti progetti sull’elettrificazione. Una costante evoluzione che la rende oggi un’azienda moderna e totalmente integrata a livello produttivo, che fa della ricerca tecnologica il suo punto di forza. Un DNA vincente fatto di passione, innovazione e motorsport, qualità che le hanno permesso di affermarsi a livello nazionale ed internazionale. DELLORTO began its activity in 1933 manufacturing carburetors for motorcycles, expanding its production over the years with injection systems, throttle bodies and electronic control units, up to the recent electrification projects. A constant evolution that today makes it a modern and totally integrated company at the production level, which makes technological research its point of strength. A winning DNA made of passion, innovation and motorsport, qualities that have allowed DELLORTO to establish itself on both national and international market.",,,https://dellorto.it,VIA KENNEDY 7 CABIATE CO,,
DELL'ORTO S.P.A. - MANDELLI SRL,Pad. 9 - Stand I73,"La Dell’Orto SpA ha iniziato la sua attività nel 1933 con la produzione di carburatori per moto, ampliandola negli anni con sistemi a iniezione, corpi farfallati e centraline elettroniche, fino ai recenti progetti sull’elettrificazione. Una costante evoluzione che la rende oggi un’azienda moderna e totalmente integrata a livello produttivo, che fa della ricerca tecnologica il suo punto di forza. Un DNA vincente fatto di passione, innovazione e motorsport, qualità che le hanno permesso di affermarsi a livello nazionale ed internazionale. DELLORTO began its activity in 1933 manufacturing carburetors for motorcycles, expanding its production over the years with injection systems, throttle bodies and electronic control units, up to the recent electrification projects. A constant evolution that today makes it a modern and totally integrated company at the production level, which makes technological research its point of strength. A winning DNA made of passion, innovation and motorsport, qualities that have allowed DELLORTO to establish itself on both national and international market. La Dell’Orto SpA ha iniziato la sua attività nel 1933 con la produzione di carburatori per moto, ampliandola negli anni con sistemi a iniezione, corpi farfallati e centraline elettroniche, fino ai recenti progetti sull’elettrificazione. Una costante evoluzione che la rende oggi un’azienda moderna e totalmente integrata a livello produttivo, che fa della ricerca tecnologica il suo punto di forza. Un DNA vincente fatto di passione, innovazione e motorsport, qualità che le hanno permesso di affermarsi a livello nazionale ed internazionale. DELLORTO began its activity in 1933 manufacturing carburetors for motorcycles, expanding its production over the years with injection systems, throttle bodies and electronic control units, up to the recent electrification projects. A constant evolution that today makes it a modern and totally integrated company at the production level, which makes technological research its point of strength. A winning DNA made of passion, innovation and motorsport, qualities that have allowed DELLORTO to establish itself on both national and international market.",,,https://dellorto.it,VIA KENNEDY 7 CABIATE CO,,
DELTA BRAKING BV.,Pad. 9 - Stand U64,"Delta Braking produces Quality Brake Pads and Brake Discs. Production of Sintered, aswell as Organic Brake Pads. A famous Racing Compound CPRO. Longlasting Road Compounds RD-X (warranty 10.000 km, and ECE R90 certificated !). Several Offroad compounds, Heavy Duty or Long Life. A complete program of ATV, UTV and SXS Brake Pads. E-bike, ATB, Trail and Downhill. New in our program is the PowerClutch, a Full Metal clutch, to be used in Drag Racing, Road Racing, Flat Track Racing and Off Road Racing. Higher friction, Stable at high temperatures, more Oil Cooling , due to its futuristic shape. A completely new concept how to produce a motorcycle Clutch! Delta Braking produces Quality Brake Pads and Brake Discs. Production of Sintered, aswell as Organic Brake Pads. A famous Racing Compound CPRO. Longlasting Road Compounds RD-X (warranty 10.000 km, and ECE R90 certificated !). Several Offroad compounds, Heavy Duty or Long Life. A complete program of ATV, UTV and SXS Brake Pads. E-bike, ATB, Trail and Downhill. New in our program is the PowerClutch, a Full Metal clutch, to be used in Drag Racing, Road Racing, Flat Track Racing and Off Road Racing. Higher friction, Stable at high temperatures, more Oil Cooling , due to its futuristic shape. A completely new concept how to produce a motorcycle Clutch!",,,https://delta-braking.com,HOFVEEN 2 EIBERGEN GELDERLAND,,
DEMON RACE SRL,,,,,,,,
"DENAGO - ZHEJIANG LUQI INTELLIGENT TECHNOLOGY CO.,LTD","Pad. 10,9 - Stand A80,S82",,,,,,,
DENALI ELECTRONICS,Pad. 11 - Stand D28,,,,,,,
"DEPO RACING TECHNOLOGY CO., LTD - IMPORTERS & EXPORTERS ASSOCIATION OF TAIPEI",,,,,,,,
DESNER - ITB AUTO SRL,Pad. 7 - Stand Q30,"Desner, nella divisione automotive: progetta, sviluppa e commercializza quadricicli elettrici L6 ed L7. Si propone inoltre come player della mobilità elettrica urbana con soluzioni innovative e progettazione delle infrastrutture. Unisce il mercato cinese a quello Italiano dal 2022 con la sua prima sede operativa e logistica ad Ancona. Desner, nella divisione automotive: progetta, sviluppa e commercializza quadricicli elettrici L6 ed L7. Si propone inoltre come player della mobilità elettrica urbana con soluzioni innovative e progettazione delle infrastrutture. Unisce il mercato cinese a quello Italiano dal 2022 con la sua prima sede operativa e logistica ad Ancona.",,,https://desnerauto.com,GIOVANNI BATTISTA GRASSI 98 MILANO MI,,
DIAM,,,,,,,,
DID EUROPE S.R.L.,Pad. 10 - Stand G55,"DID Europe nasce in Italia nel 2004 come centro strategico europeo di DAIDO KOGYO Co., Ltd. (Giappone), leader mondiale nella produzione di catene di trasmissione e sinonimo di qualità e affidabilità con il marchio D.I.D. Grazie a una rete capillare e a una produzione d'eccellenza Made in Japan, D.I.D è oggi un punto di riferimento globale per catene e componenti ad alte prestazioni destinati a diversi settori: motociclismo, karting, industria e ciclismo. Con una rete di distributori riconosciuti in oltre 30 Paesi europei, DID Europe rappresenta ufficialmente il marchio D.I.D in Europa, consolidandone la reputazione nel mercato sia del primo equipaggiamento (OEM) che dell’aftermarket. Marchi prestigiosi come Ducati, Honda, Yamaha e molti altri scelgono D.I.D come partner di riferimento. DID Europe nasce in Italia nel 2004 come centro strategico europeo di DAIDO KOGYO Co., Ltd. (Giappone), leader mondiale nella produzione di catene di trasmissione e sinonimo di qualità e affidabilità con il marchio D.I.D. Grazie a una rete capillare e a una produzione d'eccellenza Made in Japan, D.I.D è oggi un punto di riferimento globale per catene e componenti ad alte prestazioni destinati a diversi settori: motociclismo, karting, industria e ciclismo. Con una rete di distributori riconosciuti in oltre 30 Paesi europei, DID Europe rappresenta ufficialmente il marchio D.I.D in Europa, consolidandone la reputazione nel mercato sia del primo equipaggiamento (OEM) che dell’aftermarket. Marchi prestigiosi come Ducati, Honda, Yamaha e molti altri scelgono D.I.D come partner di riferimento.",,,https://dideurope.com,"VIA DEL FONDITORE, 16 BOLOGNA (BO) BO",16 BOLOGNA (BO) BO,
"DIGILIFE TECHNOLOGIES CO., LTD. - TAIWAN TRANSPORTATION VEHICLE MANUFACTURERS ASS.",Pad. 5 - Stand A78,,,,,,,
DIMSPORT SRL,Pad. 18 - Stand D65,"Con oltre 30 anni di esperienza nella ricalibrazione motore, Dimsport ha conquistato la fiducia di migliaia di tuner, diventando il punto di riferimento per l’ottimizzazione delle prestazioni di qualsiasi motore. Un vero e proprio ecosistema hi-tech modulare, che offre soluzioni complete per il settore automotive: dalla gestione avanzata delle mappe motore ai moduli aggiuntivi, dai banchi prova potenza ai sistemi di diagnosi. Un’ampia gamma di servizi pensati per supportare ogni cliente a 360 gradi: formazione specialistica, assistenza post-vendita e strategie di marketing dedicate ai partner commerciali. Dimsport si distingue per la qualità dei suoi prodotti e per un approccio sempre attento alle esigenze del cliente. Grazie a una presenza consolidata sui mercati internazionali, l’azienda continua a innovare con soluzioni all’avanguardia, confermandosi un punto di riferimento per qualità, efficienza e supporto clienti. Con oltre 30 anni di esperienza nella ricalibrazione motore, Dimsport ha conquistato la fiducia di migliaia di tuner, diventando il punto di riferimento per l’ottimizzazione delle prestazioni di qualsiasi motore. Un vero e proprio ecosistema hi-tech modulare, che offre soluzioni complete per il settore automotive: dalla gestione avanzata delle mappe motore ai moduli aggiuntivi, dai banchi prova potenza ai sistemi di diagnosi. Un’ampia gamma di servizi pensati per supportare ogni cliente a 360 gradi: formazione specialistica, assistenza post-vendita e strategie di marketing dedicate ai partner commerciali. Dimsport si distingue per la qualità dei suoi prodotti e per un approccio sempre attento alle esigenze del cliente. Grazie a una presenza consolidata sui mercati internazionali, l’azienda continua a innovare con soluzioni all’avanguardia, confermandosi un punto di riferimento per qualità, efficienza e supporto clienti.",,,https://dimsport.it,LOCALITA SAN IORIO 8/B SERRALUNGA DI CREA AL,,
"DIPPER - K STAR CO., LTD.",Pad. 14 - Stand B21,,,,,,,
"DIRECT BUYING SUPPLY TAIWAN CO., LTD",,,,,,,,
DISC SHARK® - INDUSTRIAS GALFER S.A.,Pad. 10 - Stand G76,"Industrias Galfer is a leading manufacturer of friction materials and components for braking systems for the motorcycling and bicycle sectors. Since our company was founded in 1952, we have been known for being at the forefront of innovation, quality and organization. Today we link our experience and tradition to new technologies, cutting-edge materials and the most advanced management systems. To stay at the forefront of the market and to get to know in depth the needs for the industry, the R&D department at GALFER works closely with top-level competition teams.All our products are strictly tested for quality to guarantee its safety. We are so committed with quality regulations that our quality controls exceed the ECE R-90 standards. GALFER business philosophy is based on the values that led us to become a world leader in braking systems. There’s only a thing that our brakes cannot stop: the speed at which we enter the future. Industrias Galfer is a leading manufacturer of friction materials and components for braking systems for the motorcycling and bicycle sectors. Since our company was founded in 1952, we have been known for being at the forefront of innovation, quality and organization. Today we link our experience and tradition to new technologies, cutting-edge materials and the most advanced management systems. To stay at the forefront of the market and to get to know in depth the needs for the industry, the R&D department at GALFER works closely with top-level competition teams.All our products are strictly tested for quality to guarantee its safety. We are so committed with quality regulations that our quality controls exceed the ECE R-90 standards. GALFER business philosophy is based on the values that led us to become a world leader in braking systems. There’s only a thing that our brakes cannot stop: the speed at which we enter the future.",,,https://galfer.eu,"CTRA. MONTMELÓ, 50 GRANOLLERS BARCELONA",50 GRANOLLERS BARCELONA,
DISC WAVE® - INDUSTRIAS GALFER S.A.,Pad. 10 - Stand G76,"Industrias Galfer is a leading manufacturer of friction materials and components for braking systems for the motorcycling and bicycle sectors. Since our company was founded in 1952, we have been known for being at the forefront of innovation, quality and organization. Today we link our experience and tradition to new technologies, cutting-edge materials and the most advanced management systems. To stay at the forefront of the market and to get to know in depth the needs for the industry, the R&D department at GALFER works closely with top-level competition teams.All our products are strictly tested for quality to guarantee its safety. We are so committed with quality regulations that our quality controls exceed the ECE R-90 standards. GALFER business philosophy is based on the values that led us to become a world leader in braking systems. There’s only a thing that our brakes cannot stop: the speed at which we enter the future. Industrias Galfer is a leading manufacturer of friction materials and components for braking systems for the motorcycling and bicycle sectors. Since our company was founded in 1952, we have been known for being at the forefront of innovation, quality and organization. Today we link our experience and tradition to new technologies, cutting-edge materials and the most advanced management systems. To stay at the forefront of the market and to get to know in depth the needs for the industry, the R&D department at GALFER works closely with top-level competition teams.All our products are strictly tested for quality to guarantee its safety. We are so committed with quality regulations that our quality controls exceed the ECE R-90 standards. GALFER business philosophy is based on the values that led us to become a world leader in braking systems. There’s only a thing that our brakes cannot stop: the speed at which we enter the future.",,,https://galfer.eu,"CTRA. MONTMELÓ, 50 GRANOLLERS BARCELONA",50 GRANOLLERS BARCELONA,
DL& JONHSON FILTER - CCCME,,,,,,,,
DNA FILTERS,Pad. 14 - Stand E11,"Unleash Peak Performance with DNA High Performance Air Filters Experience the next level of engine efficiency with the DNA High Performance Air Filter — engineered for enthusiasts who demand more from their ride. Featuring four layers of advanced, oil-impregnated surgical-grade cotton gauze, this filter delivers maximum airflow with superior dust protection, even against particles as small as 5 microns. Built to last a lifetime, the cotton media is reinforced with epoxy-coated marine-grade aluminum mesh and precision-pleated using state-of-the-art technology. The result? High flow rates, low restriction, and outstanding filtration that keeps your engine breathing clean — no matter the conditions. The robust PU elastomer or rigid PU frame ensures a perfect fit in your airbox, eliminating leaks and vibration. Our specially formulated filter oil creates a static charge that captures even the finest dust particles, protecting your engine and enhancing performance. DNA Filters: Designed to Perform. Built to Last. Unleash Peak Performance with DNA High Performance Air Filters Experience the next level of engine efficiency with the DNA High Performance Air Filter — engineered for enthusiasts who demand more from their ride. Featuring four layers of advanced, oil-impregnated surgical-grade cotton gauze, this filter delivers maximum airflow with superior dust protection, even against particles as small as 5 microns. Built to last a lifetime, the cotton media is reinforced with epoxy-coated marine-grade aluminum mesh and precision-pleated using state-of-the-art technology. The result? High flow rates, low restriction, and outstanding filtration that keeps your engine breathing clean — no matter the conditions. The robust PU elastomer or rigid PU frame ensures a perfect fit in your airbox, eliminating leaks and vibration. Our specially formulated filter oil creates a static charge that captures even the finest dust particles, protecting your engine and enhancing performance. DNA Filters: Designed to Perform. Built to Last.",,,https://dnafilters.com,61 VITHINIAS STREET NIKEA GREEK,,
DOMINO S.R.L.,Pad. 5 - Stand O58,,,,https://domino-group.com,VIA DELLE INDUSTRIE 16/18 SIRTORI LC,,
DOMINO CREATIONS S.R.L.,Pad. 6 - Stand I31,,,,,,,
"DONGGUAN CHEDUODUO ELECTRONIC TECHNOLOGY CO., LTD. - SINOLIGHT INTERNATIONAL HOLDINGS CORPORATION (CLETC)","Pad. 14,4,6,9,7 - Stand C05,C08,E60,E64,E72,E76,I10,S85,U29,U30,E54,G61,S70,S68,S74,S76,S80,Q64,P82,E53,R64,I14,T94,C81,C87,A84,B87,A90,E55,S59",,,,https://cletc.com,SINOLIGHT PLAZA NO.4 WANG JING CHAOYANG DISTRICT BEIJING BEIJING,,
"DONGGUAN LAST&LONG FILTER CO., LTD., - BRØDRESKIFT TECH AS",Pad. 18 - Stand H58,,,,https://brodreskifttech.top,BERGERVEIEN 26 ASKER VIKEN,,
"DONGGUAN LUAO FILTER CO.,LTD - CCCME",,,,,,,,
"DONGGUAN RENXING SPORTS PRODUCTS CO., LTD. - CCCME",,,,,,,,
"DONGGUAN SUNTOUR GLOVES CO., LTD",,,,,,,,
"DONGGUAN TAILG TRADING CO., LTD - WUXI TAILG TECHNOLOGY TRADING CO.,LTD",Pad. 10 - Stand I90,,,,,,,
"DONGGUAN WIIKI-TECH ELECTRONIC CO.,LTD - VALUEDSHOW (SHAGNHAI) MANAGEMENT LLC",,,,,,,,
"DONGGUAN ZHUOSHI INTELLIGENT TECH CO.,LTD. - SARING SP. Z O.O","Pad. 11 - Stand M26,E40",,,,,,,
DORNA WSBK ORGANIZATION S.R.L.,,,,,,,,
DR - MOTORPARTS SRL,Pad. 5 - Stand C66,"Motorparts progetta distribuisce parti speciali, ricambi e accessori per moto e scooter, ereditando la tradizione di qualità e affidabilità di Motori Minarelli. Attiva dal 1965, ha ampliato la gamma a partire dagli anni '90 e serve oltre 1.000 clienti da una sede avanzata situata a Lippo di Calderara di Reno (Bo). Unisce performance a efficienza, offendo un servizio rapido e preciso. Motorparts progetta distribuisce parti speciali, ricambi e accessori per moto e scooter, ereditando la tradizione di qualità e affidabilità di Motori Minarelli. Attiva dal 1965, ha ampliato la gamma a partire dagli anni '90 e serve oltre 1.000 clienti da una sede avanzata situata a Lippo di Calderara di Reno (Bo). Unisce performance a efficienza, offendo un servizio rapido e preciso.",,,https://motorparts.it,VIA ALDINA 26 CALDERARA DI RENO BO,,
DR.PULLEY/UNION MATERIAL COMPANY LTD. - IMPORTERS & EXPORTERS ASSOCIATION OF TAIPEI,,,,,,,,
DRIV ITALY S.R.L. RACING DIVISION,,,,,,,,
DRURY PRECISION ENGINEERING LTD,,,,,,,,
DUCATI MOTOR HOLDING S.P.A.,Pad. 5 - Stand O82,,,,https://ducati.com,VIA A. CAVALIERI DUCATI 3 BOLOGNA BO,,
DUCHINNI AT FOWLERS,,,,,,,,
DUCHINNI YOUTH - DUCHINNI AT FOWLERS,,,,,,,,
DUERUOTE - XOFFROAD - EDITORIALE DOMUS S.P.A.,Pad. 5 - Stand Q74,,,,https://edidomus.it,VIA GIANNI MAZZOCCHI 1/3 ROZZANO MI,,
DUERUOTE PROFESSIONAL - EDITORIALE DOMUS S.P.A.,Pad. 5 - Stand Q74,,,,,,,
DURA SOURCE INTERNATIONAL LTD.,,,,,,,,
DYNAX - YOUNGPOONG FILLTEX,,,,,,,,
DYNO - DIMSPORT SRL,Pad. 18 - Stand D65,"Con oltre 30 anni di esperienza nella ricalibrazione motore, Dimsport ha conquistato la fiducia di migliaia di tuner, diventando il punto di riferimento per l’ottimizzazione delle prestazioni di qualsiasi motore. Un vero e proprio ecosistema hi-tech modulare, che offre soluzioni complete per il settore automotive: dalla gestione avanzata delle mappe motore ai moduli aggiuntivi, dai banchi prova potenza ai sistemi di diagnosi. Un’ampia gamma di servizi pensati per supportare ogni cliente a 360 gradi: formazione specialistica, assistenza post-vendita e strategie di marketing dedicate ai partner commerciali. Dimsport si distingue per la qualità dei suoi prodotti e per un approccio sempre attento alle esigenze del cliente. Grazie a una presenza consolidata sui mercati internazionali, l’azienda continua a innovare con soluzioni all’avanguardia, confermandosi un punto di riferimento per qualità, efficienza e supporto clienti. Con oltre 30 anni di esperienza nella ricalibrazione motore, Dimsport ha conquistato la fiducia di migliaia di tuner, diventando il punto di riferimento per l’ottimizzazione delle prestazioni di qualsiasi motore. Un vero e proprio ecosistema hi-tech modulare, che offre soluzioni complete per il settore automotive: dalla gestione avanzata delle mappe motore ai moduli aggiuntivi, dai banchi prova potenza ai sistemi di diagnosi. Un’ampia gamma di servizi pensati per supportare ogni cliente a 360 gradi: formazione specialistica, assistenza post-vendita e strategie di marketing dedicate ai partner commerciali. Dimsport si distingue per la qualità dei suoi prodotti e per un approccio sempre attento alle esigenze del cliente. Grazie a una presenza consolidata sui mercati internazionali, l’azienda continua a innovare con soluzioni all’avanguardia, confermandosi un punto di riferimento per qualità, efficienza e supporto clienti.",,,https://dimsport.it,LOCALITA SAN IORIO 8/B SERRALUNGA DI CREA AL,,
DYNO BIKE - DIMSPORT SRL,Pad. 18 - Stand D65,,,,,,,
DZE PRODUCTS,Pad. 9 - Stand S52,,,,,"RAMON FALCON 1851, EL PALOMAR EL PALOMAR BUENOS AIRES",EL PALOMAR EL PALOMAR BUENOS AIRES,
E RIDE PRO B.V.,Pad. 5 - Stand T86,"Discover the future of riding with E RIDE PRO at Motorcycle Live! Specializing in cutting-edge electric off road bikes, we offer a range of high-performance E-dirtbikes designed for thrill-seekers and eco-conscious riders alike. Explore our latest models, experience the power and agility of electric riding, and learn about our commitment to sustainable mobility. Visit our booth for our latest models, expert advice, and live demonstrations. Discover the future of riding with E RIDE PRO at Motorcycle Live! Specializing in cutting-edge electric off road bikes, we offer a range of high-performance E-dirtbikes designed for thrill-seekers and eco-conscious riders alike. Explore our latest models, experience the power and agility of electric riding, and learn about our commitment to sustainable mobility. Visit our booth for our latest models, expert advice, and live demonstrations.",,,https://eridepros.eu,VOLTASTRAAT 3 ZEVENAAR GELDERLAND,,
E-MOTIV SHIFT SYSTEMS LIMITED,,,,,,,,
EASTERN INTERNATIONAL EXPOSITIONS COMPANY,Pad. 18 - Stand E57,Trade event pavilion organizer Trade event pavilion organizer,,,https://easternexpo.com,"UNIT 901, 9/F. NEW MANDARIN PLAZA TOWER B, 14 SCIENCE MUSEUM ROAD, TSIMSHATSUI EAST, KOWLOON, HONG KONG HONG KONG",HONG KONG HONG KONG,
EASYBLOCK SRL,Pad. 14 - Stand I39,"EasyBlock, l'antifurto che usi davvero. EasyBlock, l'antifurto che usi davvero.",,,https://it.easyblock.com,VIALE ITALIA 5/C POLLENA TROCCHIA NA,,
"EATATRE CO.,LTD - TA YOUNG ELECTRONIC CO., LTD.",Pad. 11 - Stand C27,,,,,,,
EAZI-GRIP - HILLCROFT NORTH WEST LTD - FORBIKES SRL,,,,,,,,
EAZI-GRIP - RACING TECHNIQUE LTD T/A R&G.,,,,,,,,
EBAY MARKETPLACES GMBH.,,,,,,,,
EBC BRAKES,Pad. 5 - Stand T90,,,,https://ebcbrakes.com,"UPTON VALLEY WAY EAST, PINEHAM NORTHAMPTON NORTHAMPTONSHIRE",PINEHAM NORTHAMPTON NORTHAMPTONSHIRE,
EDGE - BENSERCA 18 S.A.,,,,,,,,
EDGE HELMETS - WIND TRADING S.R.L.,Pad. 10 - Stand I67,"EDGE Helmets – Experts in design, manufacturing, and safety for motorcyclists. Backed by over 16 years in the industry, We are an international company specializing in the design, development, manufacturing, and distribution of protective equipment and accessories for motorcyclists. Our flagship brand, EDGE Helmets, has sold and protected more than 4 million users worldwide, establishing itself as a benchmark for innovation, quality, and safety. We have a comprehensive product portfolio that includes certified helmets, jackets, gloves, trunks, raincoats, and other accessories, designed to guarantee protection and style on every ride. Our presence extends throughout South and Central America, where we work with major retail chains and maintain strategic alliances with major international licenses such as Marvel, DC, Warner Bros., Looney Tunes, among others. In this new phase of global expansion, we invite you to join our network of manufacturers, distributors, and business partners in Europe, Asia, and Africa. Our goal is to continue bringing EDGE protection to new markets and contribute to safer mobility worldwide. EDGE Helmets – Experts in design, manufacturing, and safety for motorcyclists. Backed by over 16 years in the industry, We are an international company specializing in the design, development, manufacturing, and distribution of protective equipment and accessories for motorcyclists. Our flagship brand, EDGE Helmets, has sold and protected more than 4 million users worldwide, establishing itself as a benchmark for innovation, quality, and safety. We have a comprehensive product portfolio that includes certified helmets, jackets, gloves, trunks, raincoats, and other accessories, designed to guarantee protection and style on every ride. Our presence extends throughout South and Central America, where we work with major retail chains and maintain strategic alliances with major international licenses such as Marvel, DC, Warner Bros., Looney Tunes, among others. In this new phase of global expansion, we invite you to join our network of manufacturers, distributors, and business partners in Europe, Asia, and Africa. Our goal is to continue bringing EDGE protection to new markets and contribute to safer mobility worldwide.",,,https://edgehelmets.com,"GALERAS DE VIA ESPANA, GALERA NO 1-B, CARRASQUILLA PANAMA PANAMA",CARRASQUILLA PANAMA PANAMA,
EDITORIALE DOMUS S.P.A.,Pad. 5 - Stand Q74,,,,https://edidomus.it,VIA GIANNI MAZZOCCHI 1/3 ROZZANO MI,,
EDMTECH,Pad. 10 - Stand C64,"We build tailored tech and energy in the intersection between Smart Cities, Mobility and Batteries, in Europe. Our focus is to deliver the best and safest batteries for you, as well the the perfect ecosystem that surrounds them. We are a full-stack engineering team with expertise in the areas of electronic and mechanical engineering, design and web technologies, as well as a production line set to deliver turn key solutions. We build tailored tech and energy in the intersection between Smart Cities, Mobility and Batteries, in Europe. Our focus is to deliver the best and safest batteries for you, as well the the perfect ecosystem that surrounds them. We are a full-stack engineering team with expertise in the areas of electronic and mechanical engineering, design and web technologies, as well as a production line set to deliver turn key solutions.",,,https://edmtech.pt,RUA DAS SUDAS S/N OIÃ AVEIRO,,
EGIMOTORS S.R.L.,"Pad. 14,18 - Stand I20,I76",,,,,"VIA FILIPPO DA DESIO, 49/51 DESIO MB",49/51 DESIO MB,
EHOMA INDUSTRIAL CORP.,Pad. 5 - Stand T69,"TAKEWAY is a leading brand of mobile phone holders in Taiwan, known for its strong sales performance. The holders are compatible with a wide range of phone sizes and cases, with multiple mounting options available to meet various needs—whether for scooters or motorcycles. Featuring exclusive U.S.-patented magnetic shock absorption technology, TAKEWAY holders provide superior protection, especially on rough roads, by significantly reducing vibration and impact on the phone camera lens. Our company, based in Taiwan, integrates in-house R&D and manufacturing capabilities, ensuring consistent quality and continuous innovation. TAKEWAY is a leading brand of mobile phone holders in Taiwan, known for its strong sales performance. The holders are compatible with a wide range of phone sizes and cases, with multiple mounting options available to meet various needs—whether for scooters or motorcycles. Featuring exclusive U.S.-patented magnetic shock absorption technology, TAKEWAY holders provide superior protection, especially on rough roads, by significantly reducing vibration and impact on the phone camera lens. Our company, based in Taiwan, integrates in-house R&D and manufacturing capabilities, ensuring consistent quality and continuous innovation.",,,,"17, Kuochung 2nd. Rd., Tali, TAICHUNG XXX",TAICHUNG XXX,
EICMA ADVENTOURING,,,,,,,,
EICMA GAMING,Pad. 9 - Stand I86,,,,,VIA FABIO FILZI 25 MILANO MI,,
EICMA STARTUP & SICUREZZA,Pad. 18 - Stand I86,,,,,VIA ANTONIO DA RECANATE MILANO MI,,
EKS SPECIALTIES CO LTD,Pad. 14 - Stand A18,"EKS is a professional motorcycle spare parts and accessories B2B exporter in Taiwan since 1985. ​We proudly present an extensive range of over 10,000 premium parts and accessories, catering to scooters, motorcycles, and off-road ATV and UTV vehicles. With three decades of industry experience, we have an in-depth understanding of the unique requirements of this field and are dedicated to fulfilling the diverse needs of retailers, repair shops, and distributors EKS is a professional motorcycle spare parts and accessories B2B exporter in Taiwan since 1985. ​We proudly present an extensive range of over 10,000 premium parts and accessories, catering to scooters, motorcycles, and off-road ATV and UTV vehicles. With three decades of industry experience, we have an in-depth understanding of the unique requirements of this field and are dedicated to fulfilling the diverse needs of retailers, repair shops, and distributors",,,https://www.eks.com.tw,"8F.-2, NO.296, SEC. 4, HSIN YI RD., TAIPEI R.O.C",TAIPEI R.O.C,
ELAI - MOTOR APEXHOLDINGS LLC,,,,,,,,
ELEONE BOOTS CO.,Pad. 18 - Stand C70,,,,https://eleone.co,DEFENCE ROAD SIALKOT PUNJAB,,
ELETTROMEDIA SPA,Pad. 14 - Stand C20,"Fondata nel 1987 nelle Marche, Elettromedia S.p.A. è oggi un gruppo internazionale specializzato nello sviluppo di soluzioni audio ad alte prestazioni per il settore automotive, marine, powersport e pro-audio. Grazie ai marchi Audison, Hertz, Lavoce Italiana e Connection, esportiamo in oltre 50 Paesi amplificatori, altoparlanti, processori DSP e cablaggi che coniugano ricerca acustica e design italiano. L’Headquarters di Potenza Picena ospita R&D, produzione e laboratorio di test certificato. La missione: “portare il piacere del suono ovunque”. Established in 1987 in the Marche region of Italy, Elettromedia S.p.A. is a global audio specialist delivering high-performance speakers, amplifiers, DSP processors and wiring accessories for automotive, marine, powersport and pro-audio markets. Through its award-winning brands Audison, Hertz, Lavoce Italiana and Connection, the company serves customers in more than 50 countries. R&D, manufacturing and a certified acoustic lab are all located at the Italian headquarters. Our mission: “bringing the joy of sound everywhere.” Fondata nel 1987 nelle Marche, Elettromedia S.p.A. è oggi un gruppo internazionale specializzato nello sviluppo di soluzioni audio ad alte prestazioni per il settore automotive, marine, powersport e pro-audio. Grazie ai marchi Audison, Hertz, Lavoce Italiana e Connection, esportiamo in oltre 50 Paesi amplificatori, altoparlanti, processori DSP e cablaggi che coniugano ricerca acustica e design italiano. L’Headquarters di Potenza Picena ospita R&D, produzione e laboratorio di test certificato. La missione: “portare il piacere del suono ovunque”. Established in 1987 in the Marche region of Italy, Elettromedia S.p.A. is a global audio specialist delivering high-performance speakers, amplifiers, DSP processors and wiring accessories for automotive, marine, powersport and pro-audio markets. Through its award-winning brands Audison, Hertz, Lavoce Italiana and Connection, the company serves customers in more than 50 countries. R&D, manufacturing and a certified acoustic lab are all located at the Italian headquarters. Our mission: “bringing the joy of sound everywhere.”",,,https://elettromedia.it,62018 POTENZA PICENA (MC) ITALY POTENZA PICENA MC,,
ELEVEIT - MANDELLI SRL,Pad. 10 - Stand C80,,,,,,,
ELF - TOTALENERGIES MARKETING ITALIA SPA,Pad. 7 - Stand S48,,,,https://services.totalenergies.it,"VIA ROMBON, 11 MILANO MI",11 MILANO MI,
"ELION NEW ENERGY (XIAMEN) CO., LTD.",,,,,,,,
"ELYSIUM CO., LTD.",Pad. 18 - Stand B70,"We are a professional powersport parts and accessories exporter in Taiwan since 1994. We have been helping our customers to manufacture various products over 100,000 items on our production line. Our main products include with Air/Oil/Fuel Filters, Sprockets, Levers, Gear Levers, Switches, Mirrors, Winkers/Tail/Head Lights, Cables, Gaskets, Footrest, Grips, CNC parts, Engine parts, Electronic parts, Transmission parts, Handle Bars, Mufflers, Tools and Accessories...etc. Not only provide the products, but also provide you with a promise! We are a professional powersport parts and accessories exporter in Taiwan since 1994. We have been helping our customers to manufacture various products over 100,000 items on our production line. Our main products include with Air/Oil/Fuel Filters, Sprockets, Levers, Gear Levers, Switches, Mirrors, Winkers/Tail/Head Lights, Cables, Gaskets, Footrest, Grips, CNC parts, Engine parts, Electronic parts, Transmission parts, Handle Bars, Mufflers, Tools and Accessories...etc. Not only provide the products, but also provide you with a promise!",,,https://elysiummotor.com,"7F., NO. 166, DAYE RD., BEITOU DIST. TAIPEI TAIWAN",BEITOU DIST. TAIPEI TAIWAN,
ENCHESS INTERNATIONAL CO. LTD.,,,,,,,,
ENDURANCE TWO WHEELERS S.P.A,Pad. 6 - Stand C30,"Endurance Overseas, la holding europea del Gruppo Endurance, ha creato Endurance Two Wheelers per costituire il primo gruppo industriale di produttori italiani di componenti per due ruote, per offrire al mondo OE e After-Market un partner italiano con un forte know-how e un'importante tradizione nella progettazione, nell'ingegnerizzazione, nell'industrializzazione e nella produzione di componenti ad alte prestazioni per il settore moto e bici. Endurance Two Wheelers possiede cinque noti marchi italiani: NEWFREN, BRENTA, ADLER, ADIGE e GRIMECA. NEWFREN nasce a Torino a fine anni ’50. Oggi può vantare un’invidiabile offerta come completezza di gamma comprendendo un’ampia scelta di pastiglie freno e dischi freno fissi e flottanti per uso Road, Off-Road e Racing oltre a ganasce freno e frizioni per tutti i principali veicoli a due ruote sul mercato. BRENTA nasce nel 1983 ed in breve tempo diventa una vera e propria realtà produttiva, specializzata nella progettazione e realizzazione di materiali d’attrito innovativi, performanti e 100% MADE IN ITALY. Sfruttando il proprio know-how di oltre 40 anni, unito a una solida collaborazione con i principali attori del settore sia OEM che aftermarket, Brenta è in grado di offrire un’ampia gamma di prodotti dedicati alle moto: pastiglie freno organiche e sinterizzate, ganasce freno, ed una linea di dischi freno dal design innovativo. Brenta, grazie all’esperienza accumulata nel settore motociclistico, ha sviluppato anche una gamma di prodotti per il mondo bici con una vasta scelta di pastiglie freno e dischi freno per bici ed e-bike. -------------------------------------------------------------------------- Endurance Overseas, the European Holding Company of the Endurance Group, created Endurance Two Wheelers to set up the first industrial group of Italian manufacturers of two-wheeler components, to offer to the OE and After-Market world an Italian partner with a strong know-how and an important tradition in design, engineering, industrialization and production of high-performance components for the motorcycle and bicycle sector. Endurance Two Wheelers owns five well-known Italian brands: NEWFREN, BRENTA, ADLER, ADIGE and GRIMECA. NEWFREN was founded in Turin in the late 1950s. Today it can boast an enviable offer in terms of range completeness, including a wide choice of brake pads and fixed and floating brake discs for Road, Off-Road and Racing use, together with brake shoes and clutches for all the main two-wheel vehicles on the market. BRENTA was founded in 1983 and in a short time became a real manufacturing reality, specialising in the design and production of innovative, high-performance and 100% MADE IN ITALY friction materials. With more than 40 years of know-how, combined with strong partnerships with major OEM and aftermarket players, Brenta is able to offer a wide range of products dedicated to motorbikes: organic and sintered brake pads, brake shoes, and a line of brake discs with an innovative design. Brenta, thanks to its experience in the motorbike sector, has also developed a product range for the bike world with a wide selection of brake pads and brake discs for bikes and e-bikes. Endurance Overseas, la holding europea del Gruppo Endurance, ha creato Endurance Two Wheelers per costituire il primo gruppo industriale di produttori italiani di componenti per due ruote, per offrire al mondo OE e After-Market un partner italiano con un forte know-how e un'importante tradizione nella progettazione, nell'ingegnerizzazione, nell'industrializzazione e nella produzione di componenti ad alte prestazioni per il settore moto e bici. Endurance Two Wheelers possiede cinque noti marchi italiani: NEWFREN, BRENTA, ADLER, ADIGE e GRIMECA. NEWFREN nasce a Torino a fine anni ’50. Oggi può vantare un’invidiabile offerta come completezza di gamma comprendendo un’ampia scelta di pastiglie freno e dischi freno fissi e flottanti per uso Road, Off-Road e Racing oltre a ganasce freno e frizioni per tutti i principali veicoli a due ruote sul mercato. BRENTA nasce nel 1983 ed in breve tempo diventa una vera e propria realtà produttiva, specializzata nella progettazione e realizzazione di materiali d’attrito innovativi, performanti e 100% MADE IN ITALY. Sfruttando il proprio know-how di oltre 40 anni, unito a una solida collaborazione con i principali attori del settore sia OEM che aftermarket, Brenta è in grado di offrire un’ampia gamma di prodotti dedicati alle moto: pastiglie freno organiche e sinterizzate, ganasce freno, ed una linea di dischi freno dal design innovativo. Brenta, grazie all’esperienza accumulata nel settore motociclistico, ha sviluppato anche una gamma di prodotti per il mondo bici con una vasta scelta di pastiglie freno e dischi freno per bici ed e-bike. -------------------------------------------------------------------------- Endurance Overseas, the European Holding Company of the Endurance Group, created Endurance Two Wheelers to set up the first industrial group of Italian manufacturers of two-wheeler components, to offer to the OE and After-Market world an Italian partner with a strong know-how and an important tradition in design, engineering, industrialization and production of high-performance components for the motorcycle and bicycle sector. Endurance Two Wheelers owns five well-known Italian brands: NEWFREN, BRENTA, ADLER, ADIGE and GRIMECA. NEWFREN was founded in Turin in the late 1950s. Today it can boast an enviable offer in terms of range completeness, including a wide choice of brake pads and fixed and floating brake discs for Road, Off-Road and Racing use, together with brake shoes and clutches for all the main two-wheel vehicles on the market. BRENTA was founded in 1983 and in a short time became a real manufacturing reality, specialising in the design and production of innovative, high-performance and 100% MADE IN ITALY friction materials. With more than 40 years of know-how, combined with strong partnerships with major OEM and aftermarket players, Brenta is able to offer a wide range of products dedicated to motorbikes: organic and sintered brake pads, brake shoes, and a line of brake discs with an innovative design. Brenta, thanks to its experience in the motorbike sector, has also developed a product range for the bike world with a wide selection of brake pads and brake discs for bikes and e-bikes.",,,https://endurancetwowheelers.com,"VIA GIUSEPPE DI VITTORIO, 20/22 ROVERETO TN",20/22 ROVERETO TN,
ENI I-RIDE - DELL'ORTO S.P.A.,Pad. 9 - Stand I73,"La Dell’Orto SpA ha iniziato la sua attività nel 1933 con la produzione di carburatori per moto, ampliandola negli anni con sistemi a iniezione, corpi farfallati e centraline elettroniche, fino ai recenti progetti sull’elettrificazione. Una costante evoluzione che la rende oggi un’azienda moderna e totalmente integrata a livello produttivo, che fa della ricerca tecnologica il suo punto di forza. Un DNA vincente fatto di passione, innovazione e motorsport, qualità che le hanno permesso di affermarsi a livello nazionale ed internazionale. DELLORTO began its activity in 1933 manufacturing carburetors for motorcycles, expanding its production over the years with injection systems, throttle bodies and electronic control units, up to the recent electrification projects. A constant evolution that today makes it a modern and totally integrated company at the production level, which makes technological research its point of strength. A winning DNA made of passion, innovation and motorsport, qualities that have allowed DELLORTO to establish itself on both national and international market. La Dell’Orto SpA ha iniziato la sua attività nel 1933 con la produzione di carburatori per moto, ampliandola negli anni con sistemi a iniezione, corpi farfallati e centraline elettroniche, fino ai recenti progetti sull’elettrificazione. Una costante evoluzione che la rende oggi un’azienda moderna e totalmente integrata a livello produttivo, che fa della ricerca tecnologica il suo punto di forza. Un DNA vincente fatto di passione, innovazione e motorsport, qualità che le hanno permesso di affermarsi a livello nazionale ed internazionale. DELLORTO began its activity in 1933 manufacturing carburetors for motorcycles, expanding its production over the years with injection systems, throttle bodies and electronic control units, up to the recent electrification projects. A constant evolution that today makes it a modern and totally integrated company at the production level, which makes technological research its point of strength. A winning DNA made of passion, innovation and motorsport, qualities that have allowed DELLORTO to establish itself on both national and international market.",,,https://dellorto.it,VIA KENNEDY 7 CABIATE CO,,
ENRICO BERGAMASCHI & FIGLIO S.P.A.,,,,,,,,
EOVOBO INTELLIGENT TECHNOLOGY NORWAY,Pad. 7 - Stand R47,,,,,"HAMANGSKOGEN 98, 0101, SANDVIKA SANDVIKA",SANDVIKA SANDVIKA,
ESJOT ANTRIEBSTECHNIK GMBH,,,,,,,,
ESTABLISH LEATHER,Pad. 9 - Stand S94,"Established in 2001, our company is a leading manufacturer of high-quality motorcycle garments, gloves, accessories, and bags. With over two decades of experience, we specialize in delivering premium protective gear tailored to the needs of professional riders and global brands. Operating with a strong workforce of over 250 people, including 50 skilled employees and 200 trained workers, our facility is equipped with 200 advanced sewing machines, ensuring precision, consistency, and efficiency in every product we manufacture. Our monthly production capacity includes: 5,000 motorcycle jackets 9,000 pairs of gloves A wide range of accessories and bags With a commitment to quality, performance, and timely delivery, we continue to grow as a trusted partner in the global motorcycle apparel industry. Established in 2001, our company is a leading manufacturer of high-quality motorcycle garments, gloves, accessories, and bags. With over two decades of experience, we specialize in delivering premium protective gear tailored to the needs of professional riders and global brands. Operating with a strong workforce of over 250 people, including 50 skilled employees and 200 trained workers, our facility is equipped with 200 advanced sewing machines, ensuring precision, consistency, and efficiency in every product we manufacture. Our monthly production capacity includes: 5,000 motorcycle jackets 9,000 pairs of gloves A wide range of accessories and bags With a commitment to quality, performance, and timely delivery, we continue to grow as a trusted partner in the global motorcycle apparel industry.",,,https://establishleather.com,DEFENCE ROAD NEAR OIL AGENCY NADAR TOWN FATEH GARH SIALKOT PUNJAB,,
"ESUVEHICLE - HENAN FEIBO AUTOMOBILE INDUSTRY CO. , LTD.",Pad. 4 - Stand C88,E-CAR FACTORY E-CAR FACTORY,,,https://cnfeibo.com,"No. 111 XIANGHE, Sanlidian Township Runan Henan",Sanlidian Township Runan Henan,
ETENDUE LIGHTING,Pad. 10 - Stand A76,"Etendue Lighting Co., Ltd. is a South Korean manufacturer specializing in innovative lighting solutions for the mobility and automotive sectors. Founded in 2020 by two co-founders and now comprising a multidisciplinary team of six, Etendue Lighting is dedicated to delivering high-quality, safety-focused lighting systems that combine design flexibility with full ECE regulatory compliance. At the core of the company’s offering is PIXEL, a durable, modular headlamp platform engineered to minimize development overhead, shorten time-to-market, and scale effortlessly across diverse vehicle segments. Designed with compactness and seamless OEM integration in mind, PIXEL is adaptable to a wide range of applications, from motorbikes and luxury sedans to commercial livelihood trucks. Etendue Lighting Co., Ltd. is a South Korean manufacturer specializing in innovative lighting solutions for the mobility and automotive sectors. Founded in 2020 by two co-founders and now comprising a multidisciplinary team of six, Etendue Lighting is dedicated to delivering high-quality, safety-focused lighting systems that combine design flexibility with full ECE regulatory compliance. At the core of the company’s offering is PIXEL, a durable, modular headlamp platform engineered to minimize development overhead, shorten time-to-market, and scale effortlessly across diverse vehicle segments. Designed with compactness and seamless OEM integration in mind, PIXEL is adaptable to a wide range of applications, from motorbikes and luxury sedans to commercial livelihood trucks.",,,https://etenduelighting.com,"202-DONG CHUNUI TECHNO PARK BD.II, BUCHEON-RO BUCHEON GYEONGGI-DO",BUCHEON-RO BUCHEON GYEONGGI-DO,
EUREKA INDUSTRIES,Pad. 18 - Stand E85,"Eureka Industries is a premier provider of high-quality motorcycle clothing and gear, dedicated to combining safety, comfort, and style for riders of all levels. Our mission is to elevate the riding experience by delivering products that not only protect but also embody the individuality and passion of the motorcycle community. Our Vision We envision a world where every rider feels both confident and stylish on the road. By continuously innovating and redefining motorcycle gear, we aim to lead the industry—ensuring that safety is never compromised for style. Product Range Specialists in Motorbike Gear • Leather Jackets • Leather Gloves • Textile Jackets • Denim Pants Quality and Innovation Our commitment to quality is absolute. Each product is crafted with precision, designed to deliver durability, performance, and innovation that meet the highest standards. Customer Focus At Eureka Industries, riders are at the core of everything we do. We provide personalized customer service to ensure every rider finds gear that is the perfect match for their needs and preferences. Sustainability We are firmly committed to sustainability and actively strive to minimize our environmental impact while continuing to deliver excellence in motorcycle gear. Eureka Industries is a premier provider of high-quality motorcycle clothing and gear, dedicated to combining safety, comfort, and style for riders of all levels. Our mission is to elevate the riding experience by delivering products that not only protect but also embody the individuality and passion of the motorcycle community. Our Vision We envision a world where every rider feels both confident and stylish on the road. By continuously innovating and redefining motorcycle gear, we aim to lead the industry—ensuring that safety is never compromised for style. Product Range Specialists in Motorbike Gear • Leather Jackets • Leather Gloves • Textile Jackets • Denim Pants Quality and Innovation Our commitment to quality is absolute. Each product is crafted with precision, designed to deliver durability, performance, and innovation that meet the highest standards. Customer Focus At Eureka Industries, riders are at the core of everything we do. We provide personalized customer service to ensure every rider finds gear that is the perfect match for their needs and preferences. Sustainability We are firmly committed to sustainability and actively strive to minimize our environmental impact while continuing to deliver excellence in motorcycle gear.",,,https://eureka.com.pk,9TH KM DASKA ROAD SIALKOT PUNJAB,,
EUROGRIP,Pad. 18 - Stand G62,,,,,,,
"EVERESTT GROUP CO.,LTD - HI-LIGHTING INT'L EXHIBITION BEIJING CO. LTD",Pad. 4 - Stand I66,,,,,,,
EVERESTT INTERNATIONAL INDUSTRIES LTD - HI-LIGHTING INT'L EXHIBITION BEIJING CO. LTD,"Pad. 4,9 - Stand I56,I60,I66,T80,S86",,,,https://hi-lighting.com,"12B07 BUILDING A U-SPACE, NO.8 GUANGQUMENWAI STREET CHAOYANG CHINA",NO.8 GUANGQUMENWAI STREET CHAOYANG CHINA,
EVO PROTECTORS,Pad. 14 - Stand B18,,,,,70 ABSOLUTE AVE MISSISSAUGA ONTARIO,,
EVOTECH PERFORMANCE - DRURY PRECISION ENGINEERING LTD,,,,,,,,
EVOTOOLS - HONEST GENERAL TRADING,,,,,,,,
EVR MOTORS,,,,,,,,
EWHEEL MOBILITY SL,Pad. 10 - Stand I77,,,,,,,
"EXACTITUDE INTL. CO., LTD. - TAIPEI EXHIBITION CENTER INC.","Pad. 18 - Stand I91,I92,L96",,,,,,,
EXAN S.R.L. - WIND TRADING S.R.L.,Pad. 14 - Stand E35,,,,,,,
EXCEL - RK TAKASAGO CHAIN & EXCEL RIM,Pad. 5 - Stand A70,,,,,,,
EXIDE TECHNOLOGIES SRL - MANDELLI SRL,Pad. 10 - Stand C80,,,,,,,
EXORYA - THE CORRECT WORKSHOP ARCHITECTURE - GGD GEAR GARAGE DESIGN - BY FAMI,,,,,,,,
EXPAQ GMBH,,,,,,,,
EXPERTS ENTERPRISES,Pad. 18 - Stand C80,LEADING MANUFACTURER OF MOTORBIKE RIDING JEANS IN PAKISTAN WITH THE EXPERIENCE OF 25 YEARS AND THE LARGEST MANUFACTURING JEANS PRODUCTION CAPACITY. LEADING MANUFACTURER OF MOTORBIKE RIDING JEANS IN PAKISTAN WITH THE EXPERIENCE OF 25 YEARS AND THE LARGEST MANUFACTURING JEANS PRODUCTION CAPACITY.,,,https://expertsenterprises.com,KALAMKAR ROAD 20 KM FEROZPEPUR ROAD LAHORE PUNJAB,,
EXPOTIME SRL,Pad. 11 - Stand D11,"40 ANNI DI ESPERIENZA Comunicare attraverso le fiere e gli eventi è il modo più semplice, vantaggioso e immediato per farsi conoscere da vicino e stabilire un rapporto diretto con un’infinità di possibili clienti. Expo Time da 40 anni opera nel settore degli eventi e delle fiere nazionali e internazionali, supportando le aziende in ogni aspetto: progettazione dello stand, allestimento, grafica, logistica, catering e staff. Tutti questi aspetti che per un’Azienda rappresentano una complicazione, per noi fanno ormai parte del “quotidiano”, grazie al nostro staff la cui alta professionalità rappresenta per il Cliente una garanzia per il perfetto raggiungimento del proprio obiettivo. 40 YEARS OF EXPERIENCE Communicating through trade fairs and events is the simplest, most advantageous, and immediate way to make yourself known and establish a direct relationship with countless potential customers. Expo Time has been operating in the national and international events and trade fair sector for 40 years, supporting companies in every aspect: stand design, set-up, graphics, logistics, catering, and staff. All these aspects, which can be complicated for a company, are now part of our “daily routine,” thanks to our highly professional staff, who guarantee that our clients achieve their goals. 40 ANNI DI ESPERIENZA Comunicare attraverso le fiere e gli eventi è il modo più semplice, vantaggioso e immediato per farsi conoscere da vicino e stabilire un rapporto diretto con un’infinità di possibili clienti. Expo Time da 40 anni opera nel settore degli eventi e delle fiere nazionali e internazionali, supportando le aziende in ogni aspetto: progettazione dello stand, allestimento, grafica, logistica, catering e staff. Tutti questi aspetti che per un’Azienda rappresentano una complicazione, per noi fanno ormai parte del “quotidiano”, grazie al nostro staff la cui alta professionalità rappresenta per il Cliente una garanzia per il perfetto raggiungimento del proprio obiettivo. 40 YEARS OF EXPERIENCE Communicating through trade fairs and events is the simplest, most advantageous, and immediate way to make yourself known and establish a direct relationship with countless potential customers. Expo Time has been operating in the national and international events and trade fair sector for 40 years, supporting companies in every aspect: stand design, set-up, graphics, logistics, catering, and staff. All these aspects, which can be complicated for a company, are now part of our “daily routine,” thanks to our highly professional staff, who guarantee that our clients achieve their goals.",,,https://expotime.com,"VIA TORRIGGIO, 2 ROZZANO MI",2 ROZZANO MI,
EXUSTAR ENTERPRISE CO. LTD,,,,,,,,
EYELIGHTS,Pad. 6 - Stand I41,"Founded in 2016 in Toulouse, the start-up EyeLights launched EyeRide in 2017, the first heads-up display for motorcyclists, based on HUD technology originally developed for fighter jets. The technology is already used by over 24,000 riders in Europe, the United States, and Japan. Since 2020, EyeLights has offered the second generation of its flagship product, improving rider safety in partnership with Sony. EyeLights has become a global leader in augmented reality mobility products. Its technology has been rewarded by NASA and 8 motorcycle and car manufacturers, including the Japanese world leader. Founded in 2016 in Toulouse, the start-up EyeLights launched EyeRide in 2017, the first heads-up display for motorcyclists, based on HUD technology originally developed for fighter jets. The technology is already used by over 24,000 riders in Europe, the United States, and Japan. Since 2020, EyeLights has offered the second generation of its flagship product, improving rider safety in partnership with Sony. EyeLights has become a global leader in augmented reality mobility products. Its technology has been rewarded by NASA and 8 motorcycle and car manufacturers, including the Japanese world leader.",,,https://eye-lights.com,308 ALLÉE DU LAC LABÈGE OCCITANIE,,
EZO - ACSUD SACIM DISTRIBUTION,Pad. 9 - Stand I51,,,,https://acsud-pro.com,BÂTIMENT D1 AVENUE PIERRE SÉMARD 135 AVIGNON AVIGNON,,
F.B MONDIAL - PELPI INTERNATIONAL S.R.L.,"Pad. 14 - Stand C46,C45,C42,C45SOP",,,,,,,
FA-BA S.R.L.,Pad. 11 - Stand D25,Dal 1974 progettiamo e produciamo ruote a raggi per Moto e Bici. Dal 1974 progettiamo e produciamo ruote a raggi per Moto e Bici.,,,,VIA DELL'ARTIGIANATO 40 MONTE SAN PIETRO BO,,
FAAZ INTERNATIONAL,Pad. 18 - Stand C64,"Faaz International was established with a singular ambition—to redefine motorcycle protective apparel through technical mastery, functional design, and unwavering purpose. As an official DuPont™ Kevlar® licensed manufacturer and OEM partner to globally recognized brands, we produce CE-certified motorcycle safety apparel engineered to meet the highest standards of rider protection. With ISO 9001:2015 and ISO 14001:2015 certifications, our operations exemplify superior quality management and environmental responsibility. We are the first in the industry to be awarded LEED Gold certification by US GREEN BUILDING (USGB), underscoring our commitment to sustainable, future-forward manufacturing. Our vertically integrated, LEED-certified production facility encompasses every stage of development—from advanced CAD design and bespoke manufacturing to dedicated sample production. With a diverse in-stock range of pre-tested technical fabrics and specialized accessories, we ensure rapid scalability and product consistency. Informed by comprehensive insight into motorcycle protective apparel, Faaz delivers high-performance garments that protect with precision, wear with distinction, and reflect a relentless pursuit of innovation. Tomorrow’s apparel, built today! Faaz International was established with a singular ambition—to redefine motorcycle protective apparel through technical mastery, functional design, and unwavering purpose. As an official DuPont™ Kevlar® licensed manufacturer and OEM partner to globally recognized brands, we produce CE-certified motorcycle safety apparel engineered to meet the highest standards of rider protection. With ISO 9001:2015 and ISO 14001:2015 certifications, our operations exemplify superior quality management and environmental responsibility. We are the first in the industry to be awarded LEED Gold certification by US GREEN BUILDING (USGB), underscoring our commitment to sustainable, future-forward manufacturing. Our vertically integrated, LEED-certified production facility encompasses every stage of development—from advanced CAD design and bespoke manufacturing to dedicated sample production. With a diverse in-stock range of pre-tested technical fabrics and specialized accessories, we ensure rapid scalability and product consistency. Informed by comprehensive insight into motorcycle protective apparel, Faaz delivers high-performance garments that protect with precision, wear with distinction, and reflect a relentless pursuit of innovation. Tomorrow’s apparel, built today!",,,https://faazintl.com,"22 KM OFF FEROZEPUR ROAD WEST SIDE, NEAR SABZI MANDI LAHORE PUNJAB",NEAR SABZI MANDI LAHORE PUNJAB,
FACTORY BIMPEX - BASHIR IMPEX,Pad. 7 - Stand B20,"Bashir Impex: Your Trusted Motorcycle Gear Partner As a pioneering FACTORY specialising in Motorcycle Boots, Gloves, Kevlar, and Textile Garments, we blend innovation with uncompromising safety. Our CE-certified products reflect our dedication to quality. With 25+ years of experience, we've earned the trust of top brands worldwide. Sustainability is at our core – from green energy to fair labor practices and ethical sourcing. Partner with us for exceptional motorcycle gear that combines style, safety, and unparalleled quality. Bashir Impex: Your Trusted Motorcycle Gear Partner As a pioneering FACTORY specialising in Motorcycle Boots, Gloves, Kevlar, and Textile Garments, we blend innovation with uncompromising safety. Our CE-certified products reflect our dedication to quality. With 25+ years of experience, we've earned the trust of top brands worldwide. Sustainability is at our core – from green energy to fair labor practices and ethical sourcing. Partner with us for exceptional motorcycle gear that combines style, safety, and unparalleled quality.",,,,OPP SHAMAS PURA MAIN DEFENCE ROAD SIALKOT PUNJAB,,
FANTIC MOTOR S.P.A.,,,,,,,,
FAR S.R.L. UNIPERSONALE,,,,,,,,
"FASEED GROUP CO., LIMITED",Pad. 6 - Stand G10,"FASEED HELMET-with the manufacture company named Jiangyin Dafeima Automobile Technology CO., Ltd is founded in 2009, and located in one of the industrial production parks in JiangSu Province of China. Since 2009, FASEED has invested a huge sum establishing the SEWC( Production and R&D base) for motorcycle helmets. Which, possesses with two large production buildings with 600 workers dedicated, occupying the area of 68,000 square meters. With a strong production capacity and thanks to FASEED strong R&D and testing team, FASEED can have over 1.4 million helmets with ECE, DOT and NBR standard manufactured annually. And by the pursuit of high-quality and good service, FASEED is equipped with the world most advanced production machines, 3 automatic painting lines，6 production lines in totally, 21 appearance patents and 19 utility model patents. FASEED HELMET is mainly producing and developing for the field of helmets of auto car, moto snow, moto racing,moto ride and moto off road. By its emerging growth in motorcycle helmets industry, Faseed establish its fully-integrated production process, and win the reputation for itself as a company of innovation and development. Particularly worth mentioning is the rapidly growing production and R&D development for FASEED in the composite materials helmet( Fiberglass and Carbon), equipped with 20 shell forming machines, manual and automatic sandblasting machines, which contribute to an impressively monthly capacity of 30,000 helmets. In the composite helmet area, FASEED already wins reputation for the mature and stable technology with CCC , ECE as well DOT standard covering not only open face, full face helmet but also cross and flip-up helmet with sharp edges and corners. “Credibility, quality, and profession” are our motto, and we provide complete package of OEM and ODM service and production. FASEED strive to provide users with more secure, more personalized, more cost-effective helmets! By our rich experience and smart design, as well as good quality control in helmets manufacturing and developing area, let alone a professional in-house laboratory, FASEED wins a good reputation among helmets industry, and aims to be an outstanding among helmet industry. We are favorably to receive any open approaches to cooperate. FASEED HELMET-with the manufacture company named Jiangyin Dafeima Automobile Technology CO., Ltd is founded in 2009, and located in one of the industrial production parks in JiangSu Province of China. Since 2009, FASEED has invested a huge sum establishing the SEWC( Production and R&D base) for motorcycle helmets. Which, possesses with two large production buildings with 600 workers dedicated, occupying the area of 68,000 square meters. With a strong production capacity and thanks to FASEED strong R&D and testing team, FASEED can have over 1.4 million helmets with ECE, DOT and NBR standard manufactured annually. And by the pursuit of high-quality and good service, FASEED is equipped with the world most advanced production machines, 3 automatic painting lines，6 production lines in totally, 21 appearance patents and 19 utility model patents. FASEED HELMET is mainly producing and developing for the field of helmets of auto car, moto snow, moto racing,moto ride and moto off road. By its emerging growth in motorcycle helmets industry, Faseed establish its fully-integrated production process, and win the reputation for itself as a company of innovation and development. Particularly worth mentioning is the rapidly growing production and R&D development for FASEED in the composite materials helmet( Fiberglass and Carbon), equipped with 20 shell forming machines, manual and automatic sandblasting machines, which contribute to an impressively monthly capacity of 30,000 helmets. In the composite helmet area, FASEED already wins reputation for the mature and stable technology with CCC , ECE as well DOT standard covering not only open face, full face helmet but also cross and flip-up helmet with sharp edges and corners. “Credibility, quality, and profession” are our motto, and we provide complete package of OEM and ODM service and production. FASEED strive to provide users with more secure, more personalized, more cost-effective helmets! By our rich experience and smart design, as well as good quality control in helmets manufacturing and developing area, let alone a professional in-house laboratory, FASEED wins a good reputation among helmets industry, and aims to be an outstanding among helmet industry. We are favorably to receive any open approaches to cooperate.",,,https://faseed-helmets.com,"NO.207, WEST LUHU ROAD, HUAXI FIVE VILLAGE, HUASHI TOWN, JIANGYIN CITY JIANGYIN JIANGSU",JIANGYIN CITY JIANGYIN JIANGSU,
FD DIPASQUALE MOTO RACING,Pad. 18 - Stand A84,,,,https://fdmotoracing.com,VIA GIOVANNI FALCONE 28 COMISO RG,,
FEDERAZIONE MOTOCICLISTICA ITALIANA,Pad. 5 - Stand E87,"La Federazione Motociclistica Italiana è l’unico organismo autorizzato a disciplinare, regolare e gestire lo sport del motociclismo nel territorio nazionale e a rappresentarlo in campo internazionale. È dotata di autonomia tecnica, organizzativa e di gestione, sotto la vigilanza del CONI. Riunisce in un unico Ente associativo, a carattere apartitico, apolitico e non lucrativo, tutte le società, associazioni sportive ed altri organismi similari a carattere ludico sportivo, regolarmente affiliati, che praticano il motociclismo sul territorio nazionale. È la sola rappresentante della Federazione Motociclistica Internazionale (FIM) e della FIM Europe. MISSIONE. La FMI guarda alle necessità dei motociclisti sportivi e non, per creare soddisfazione, nuove opportunità e standard di sicurezza. VISIONE. La FMI sviluppa, controlla, promuove e tutela sul territorio italiano tutte le attività motociclistiche sportive e non, attraverso l’organizzazione di iniziative che riguardano la diffusione di una cultura dell’educazione e sicurezza stradale, la tutela del patrimonio motociclistico nazionale, il rispetto delle regole, delle persone e dell’ambiente, in linea con i principi di trasparenza ed efficienza economica. La Federazione Motociclistica Italiana è l’unico organismo autorizzato a disciplinare, regolare e gestire lo sport del motociclismo nel territorio nazionale e a rappresentarlo in campo internazionale. È dotata di autonomia tecnica, organizzativa e di gestione, sotto la vigilanza del CONI. Riunisce in un unico Ente associativo, a carattere apartitico, apolitico e non lucrativo, tutte le società, associazioni sportive ed altri organismi similari a carattere ludico sportivo, regolarmente affiliati, che praticano il motociclismo sul territorio nazionale. È la sola rappresentante della Federazione Motociclistica Internazionale (FIM) e della FIM Europe. MISSIONE. La FMI guarda alle necessità dei motociclisti sportivi e non, per creare soddisfazione, nuove opportunità e standard di sicurezza. VISIONE. La FMI sviluppa, controlla, promuove e tutela sul territorio italiano tutte le attività motociclistiche sportive e non, attraverso l’organizzazione di iniziative che riguardano la diffusione di una cultura dell’educazione e sicurezza stradale, la tutela del patrimonio motociclistico nazionale, il rispetto delle regole, delle persone e dell’ambiente, in linea con i principi di trasparenza ed efficienza economica.",,,,VIALE TIZIANO 70 ROMA RM,,
FEIBO - ZHEJIANG BENOD AUTOMOBILE MANUFACTURING CO. LTD.,Pad. 4 - Stand C88,,,,,,,
FENRIR-MOTO CO.LTD - SINOLIGHT INTERNATIONAL HOLDINGS CORPORATION (CLETC),"Pad. 14,4,6,9,7 - Stand C05,C08,E60,E64,E72,E76,I10,S85,U29,U30,E54,G61,S70,S68,S74,S76,S80,Q64,P82,E53,R64,I14,T94,C81,C87,A84,B87,A90,E55,S59",,,,https://cletc.com,SINOLIGHT PLAZA NO.4 WANG JING CHAOYANG DISTRICT BEIJING BEIJING,,
FERODO - DRIV ITALY S.R.L. RACING DIVISION - DRIV ITALY S.R.L. RACING DIVISION,Pad. 5 - Stand C73,,,,,,,
FERRARI SERGIO METALMECCANICA,,,,,,,,
"FG TRANSMISSION TECHNOLOGY CO., LTD. - CHUANGJI EXHIBITION",,,,,,,,
FINE GARMENTS IND,,,,,,,,
FIRCOS (PVT),,,,,,,,
FIRCOS SHOES - FIRCOS (PVT),,,,,,,,
FIVE GLOVES,Pad. 6 - Stand F43,"We are the GLOVE specialists ! In 2005, FIVE Gloves was born, from a desire to develop real expertise and become THE renowned specialist that it is today…with a single, straightforward ambition: Enhance your riding pleasure by offering the most comfortable, safest, and highest-performance gloves possible. Because gloves are the essential link between a rider and their motorcycle. Our main strengths are innovative design, use of the finest materials, impeccable fit, comfort, and premium protection. All of this reflects the essence of our signature statement, “PROTECTION/FIT/DESIGN”. In 20 years, we’ve outfitted several million riders around the world. Whether they’re champions or amateurs, on the road, track, and off-road, for every day, they all say that they prefer riding with FIVE gloves. To understand why, just try a pair. We are the GLOVE specialists ! In 2005, FIVE Gloves was born, from a desire to develop real expertise and become THE renowned specialist that it is today…with a single, straightforward ambition: Enhance your riding pleasure by offering the most comfortable, safest, and highest-performance gloves possible. Because gloves are the essential link between a rider and their motorcycle. Our main strengths are innovative design, use of the finest materials, impeccable fit, comfort, and premium protection. All of this reflects the essence of our signature statement, “PROTECTION/FIT/DESIGN”. In 20 years, we’ve outfitted several million riders around the world. Whether they’re champions or amateurs, on the road, track, and off-road, for every day, they all say that they prefer riding with FIVE gloves. To understand why, just try a pair.",,,https://five-gloves.com,135 avenue Pierre Semard Bat D1 AVIGNON AVIGNON,,
FK VISORS - FORBIKES SRL,,,,,,,,
"FLINK INTERNATIONAL CO.,LIMITED - JIANGSU XINWEI POWER TECHNOLOGY CO.LTD",Pad. 18 - Stand H58,,,,,,,
FLOATECH® - INDUSTRIAS GALFER S.A.,Pad. 10 - Stand G76,"Industrias Galfer is a leading manufacturer of friction materials and components for braking systems for the motorcycling and bicycle sectors. Since our company was founded in 1952, we have been known for being at the forefront of innovation, quality and organization. Today we link our experience and tradition to new technologies, cutting-edge materials and the most advanced management systems. To stay at the forefront of the market and to get to know in depth the needs for the industry, the R&D department at GALFER works closely with top-level competition teams.All our products are strictly tested for quality to guarantee its safety. We are so committed with quality regulations that our quality controls exceed the ECE R-90 standards. GALFER business philosophy is based on the values that led us to become a world leader in braking systems. There’s only a thing that our brakes cannot stop: the speed at which we enter the future. Industrias Galfer is a leading manufacturer of friction materials and components for braking systems for the motorcycling and bicycle sectors. Since our company was founded in 1952, we have been known for being at the forefront of innovation, quality and organization. Today we link our experience and tradition to new technologies, cutting-edge materials and the most advanced management systems. To stay at the forefront of the market and to get to know in depth the needs for the industry, the R&D department at GALFER works closely with top-level competition teams.All our products are strictly tested for quality to guarantee its safety. We are so committed with quality regulations that our quality controls exceed the ECE R-90 standards. GALFER business philosophy is based on the values that led us to become a world leader in braking systems. There’s only a thing that our brakes cannot stop: the speed at which we enter the future.",,,https://galfer.eu,"CTRA. MONTMELÓ, 50 GRANOLLERS BARCELONA",50 GRANOLLERS BARCELONA,
"FLY DRAGON - SPRING TRADE CO., LTD.",,,,,,,,
FLYING BATS PVT LTD,Pad. 7 - Stand U16,"Flying Bats Pvt. Limited is a leading manufacturer of high-performance CE-certified motorbike body protectors, trusted by riders worldwide. We combine innovation, safety, and style to deliver gear that meets the demands of both professional racers and everyday riders. With premium materials and cutting-edge technology, our products ensure maximum protection and unmatched comfort, empowering riders to take on every journey with confidence. Flying Bats Pvt. Limited is a leading manufacturer of high-performance CE-certified motorbike body protectors, trusted by riders worldwide. We combine innovation, safety, and style to deliver gear that meets the demands of both professional racers and everyday riders. With premium materials and cutting-edge technology, our products ensure maximum protection and unmatched comfort, empowering riders to take on every journey with confidence.",,,https://flyingbatsce.com,JALAL TOWN UGGOKI SIALKOT PUNJAB,,
FOLDYLOCK - SEATYLOCK USA LLC,,,,,,,,
FORBIKES SRL,,,,,,,,
FORELETTRONICA S.R.L.,,,,,,,,
FORMABOOTS S.P.A.,Pad. 5 - Stand G54,"The Formaboots brand was founded in 1999 and from the very beginning Forma motorbike boots have been characterised as a high quality, comfortable and extremely technical product for a very demanding public. Thanks to the in-house research and development department and continuous technical innovations the company offers a wide range of products across all market categories. The highest quality standards, the continuous search for attractive designs and a production process that combines craftsmanship and the best innovations have allowed the Forma brand to become one of the best known and most appreciated motorbike boot brands in the world. The Formaboots brand was founded in 1999 and from the very beginning Forma motorbike boots have been characterised as a high quality, comfortable and extremely technical product for a very demanding public. Thanks to the in-house research and development department and continuous technical innovations the company offers a wide range of products across all market categories. The highest quality standards, the continuous search for attractive designs and a production process that combines craftsmanship and the best innovations have allowed the Forma brand to become one of the best known and most appreciated motorbike boot brands in the world.",,,https://formaboots.com,VIA GIORGIONE 5 ALTIVOLE TV,,
"FORSA ENTERPRISE CO., LTD",Pad. 11 - Stand S32,"Forsa Enterprise Co., Ltd was founded in 1987 and is a professional manufacturer specialized in of shock absorbers for a wide range of motorcycles and vehicles. Our products have passed IATF 16949 quality certification; the export market is dominated by a large customer base. Forsa Enterprise Co., Ltd was founded in 1987 and is a professional manufacturer specialized in of shock absorbers for a wide range of motorcycles and vehicles. Our products have passed IATF 16949 quality certification; the export market is dominated by a large customer base.",,,https://forsa-mdi.com,"NO. 6, JING CHUNG RO., YUNG KANG INDUSTRIAL PARK, TAINAN",TAINAN,
"FOSHAN AOLIDA TRANSMISSION BELT CO., LTD.",Pad. 4 - Stand O84,"Aolida Transmission Belt Co., Ltd., specializes in developing, producing ATV & UTV belts, Scooter V belts and motorcycle carbon belts etc. Our high-intensity belts are heat-resistant and highly durable. They are characterized by their fast heat dissipation and long service life. Aolida Transmission Belt Co., Ltd., specializes in developing, producing ATV & UTV belts, Scooter V belts and motorcycle carbon belts etc. Our high-intensity belts are heat-resistant and highly durable. They are characterized by their fast heat dissipation and long service life.",,,https://aolidabelt.com,"LINYUE INDUSTRIAL DISTRICT, PINGZHOU, NANHAI DISTRICT, FOSHAN CITY GUANGDONG",FOSHAN CITY GUANGDONG,
"FOSHAN CITY DRAGON VEHICLE ACCESSORIES TECHNOLOGY CO.,LTD - SINOLIGHT INTERNATIONAL HOLDINGS CORPORATION (CLETC)","Pad. 14,4,6,9,7 - Stand C05,C08,E60,E64,E72,E76,I10,S85,U29,U30,E54,G61,S70,S68,S74,S76,S80,Q64,P82,E53,R64,I14,T94,C81,C87,A84,B87,A90,E55,S59",,,,,,,
"FOSHAN CITY SHUNDE AREA WEN JIN MOTORCYCLE PARTS CO.,LTD",Pad. 11 - Stand S05,"Welcome to MY helmets. We are a professional helmet manufacturer based in Foshan, China, with over 20 years of experience in the industry. Our factory is fully integrated — from design and development to production and quality control. We are proud to offer certified helmets that meet ECE, DOT, and ISO standards, and we work with customers from over 50 countries worldwide. Welcome to MY helmets. We are a professional helmet manufacturer based in Foshan, China, with over 20 years of experience in the industry. Our factory is fully integrated — from design and development to production and quality control. We are proud to offer certified helmets that meet ECE, DOT, and ISO standards, and we work with customers from over 50 countries worldwide.",,,,"No.14/1 Wang Gang Sanlian Road Longjiang Town, Shunde District FOSHAN GUANGDONG",Shunde District FOSHAN GUANGDONG,
"FOSHAN HONGSUDA TRADING CO., LTD - ZHEJIANG BENOD AUTOMOBILE MANUFACTURING CO. LTD.",,,,,,,,
"FOSHAN MOTOWOLF TECHNOLOGY CO., LTD. - IONGSTAR PROYECTOS, S.R.L",Pad. 4 - Stand C58,"Foshan Motowolf Technology Co., Ltd. was established in 2015, and the well-known brand MOTOWOLF was established in the same year. For 13 years, it has focused on the production, research and sales of motorcycle equipment. Its benefits have continued to grow in the five years before and after the epidemic, and it has become a leading company in the domestic motorcycle equipment industry. With six major categories such as raincoats, cycling clothes, protective gear, gloves, cycling bags, and mobile phone holders as its core, Motowolf has become a high-quality brand that meets customers' one-stop shopping needs. It currently has more than 40 online direct-operated stores, a mature operating system, and its e-commerce sales are far ahead. Foshan Motowolf Technology Co., Ltd. was established in 2015, and the well-known brand MOTOWOLF was established in the same year. For 13 years, it has focused on the production, research and sales of motorcycle equipment. Its benefits have continued to grow in the five years before and after the epidemic, and it has become a leading company in the domestic motorcycle equipment industry. With six major categories such as raincoats, cycling clothes, protective gear, gloves, cycling bags, and mobile phone holders as its core, Motowolf has become a high-quality brand that meets customers' one-stop shopping needs. It currently has more than 40 online direct-operated stores, a mature operating system, and its e-commerce sales are far ahead.",,,https://motowolf.com.cn,"MOTOWOLF,GUIJIANG ROAD, NANHAI DISTRICT FOSHAN GUANGDONG",NANHAI DISTRICT FOSHAN GUANGDONG,
"FOSHAN NANAO METAL PRODUCTS CO., LTD. - SARING SP. Z O.O",Pad. 10 - Stand C56,,,,,,,
"FOSHAN NANHAI JIUJIANG JIADESHI HELMET CO.,LTD. - ZHEJIANG BENOD AUTOMOBILE MANUFACTURING CO. LTD.",Pad. 4 - Stand C88,,,,,,,
"FOSHAN NANHAI XINYUAN HELMETS CO.,LTD.",Pad. 4 - Stand E63,"Foshan Nanhai Xinyuan Helmet Co., Ltd. has been focusing on helmet technology research and development, manufacturing, and mass production at home and abroad for many years. Its customer base covers the north and south of China, as well as Europe, America, Asia, Africa, and Oceania. The company has been continuously cooperating with customers to integrate a complete production chain, providing customers with innovative and comfortable driving experiences, achieving high quality, high efficiency, low cost, and improving product competitiveness. Up to now, Xinyuan Helmet Co., Ltd. has an annual production capacity of over 3 million helmets. Strictly implement established quality policies and guidelines, actively participate in the drafting and discussion of the new helmet quality standard GB811-2010 by relevant departments, and finalize it later. We have a good reputation among multiple technical supervision bureaus in China, with strict quality standards of DOT, ECE, and NBR. Xinyuan Helmet Co., Ltd. covers an area of 30000 square meters and has over 600 skilled employees and technicians. It has a complete production plant and advanced mechanical equipment. Specializing in the production and design of various types of helmets, constantly innovating and transforming. Adhering to the entrepreneurial philosophy of ""stable operation, honest management, technological innovation, and achievement sharing"", Xinyuan Helmet Co., Ltd. aims to provide customers with low-cost, high-quality, and high-efficiency professional services. Foshan Nanhai Xinyuan Helmet Co., Ltd. has been focusing on helmet technology research and development, manufacturing, and mass production at home and abroad for many years. Its customer base covers the north and south of China, as well as Europe, America, Asia, Africa, and Oceania. The company has been continuously cooperating with customers to integrate a complete production chain, providing customers with innovative and comfortable driving experiences, achieving high quality, high efficiency, low cost, and improving product competitiveness. Up to now, Xinyuan Helmet Co., Ltd. has an annual production capacity of over 3 million helmets. Strictly implement established quality policies and guidelines, actively participate in the drafting and discussion of the new helmet quality standard GB811-2010 by relevant departments, and finalize it later. We have a good reputation among multiple technical supervision bureaus in China, with strict quality standards of DOT, ECE, and NBR. Xinyuan Helmet Co., Ltd. covers an area of 30000 square meters and has over 600 skilled employees and technicians. It has a complete production plant and advanced mechanical equipment. Specializing in the production and design of various types of helmets, constantly innovating and transforming. Adhering to the entrepreneurial philosophy of ""stable operation, honest management, technological innovation, and achievement sharing"", Xinyuan Helmet Co., Ltd. aims to provide customers with low-cost, high-quality, and high-efficiency professional services.",,,,"Huangji Road, Nanhai Jiujiang Town FOSHAN GUANGDONG",Nanhai Jiujiang Town FOSHAN GUANGDONG,
"FOSHAN QIKE PLASTIC PRODUCTS CO., LTD - HI-LIGHTING INT'L EXHIBITION BEIJING CO. LTD","Pad. 4,9 - Stand I56,I60,I66,T80,S86",,,,https://hi-lighting.com,"12B07 BUILDING A U-SPACE, NO.8 GUANGQUMENWAI STREET CHAOYANG CHINA",NO.8 GUANGQUMENWAI STREET CHAOYANG CHINA,
"FOSHAN SANMAK LIGHTING CO., LTD. - CHUANGJI EXHIBITION","Pad. 4 - Stand O62,O60,R85,R78",,,,,,,
"FOSHAN SCOYCO EXTREME SPORTS PRODUCT CO.,LTD - SINOLIGHT INTERNATIONAL HOLDINGS CORPORATION (CLETC)","Pad. 14,4,6,9,7 - Stand C05,C08,E60,E64,E72,E76,I10,S85,U29,U30,E54,G61,S70,S68,S74,S76,S80,Q64,P82,E53,R64,I14,T94,C81,C87,A84,B87,A90,E55,S59",,,,,,,
"FOSHAN SHENGTENG LUBRICANT CO., LTD. - CHUANGJI EXHIBITION",,,,,,,,
"FOSHAN SOMAN GEAR CO.,LTD. - SINOLIGHT INTERNATIONAL HOLDINGS CORPORATION (CLETC)","Pad. 14,4,6,9,7 - Stand C05,C08,E60,E64,E72,E76,I10,S85,U29,U30,E54,G61,S70,S68,S74,S76,S80,Q64,P82,E53,R64,I14,T94,C81,C87,A84,B87,A90,E55,S59",,,,https://cletc.com,SINOLIGHT PLAZA NO.4 WANG JING CHAOYANG DISTRICT BEIJING BEIJING,,
"FOSHAN ZIHONG LIGHTING TECHNOLOGY CO., LTD.",Pad. 4 - Stand G79,"With more than ten years of industry experience, we have been focusing on the original design of high-end auxiliary spotlights for motor vehicles. We have a complete factory supporting system and design team in Foshan, China to ensure that every product is an original design product with patent protection. We provide 12 months warranty and free replacement service worldwide . FUTURE EYES advocates safe riding and serves every user wholeheartedly. With more than ten years of industry experience, we have been focusing on the original design of high-end auxiliary spotlights for motor vehicles. We have a complete factory supporting system and design team in Foshan, China to ensure that every product is an original design product with patent protection. We provide 12 months warranty and free replacement service worldwide . FUTURE EYES advocates safe riding and serves every user wholeheartedly.",,,,"Room 101, Building 15, Block A, Phase 1, Shenke Chuangzhi Park, No. 6 Xingye East Road, Shishan Town FOSHAN GUANGDONG",Shishan Town FOSHAN GUANGDONG,
FREEWAY GMBH,,,,,,,,
FRENOTECNICA S.R.L. - MANDELLI SRL,Pad. 10 - Stand C80,,,,,,,
"FU AN INDUSTRIAL CO., LTD. - TAIPEI EXHIBITION CENTER INC.","Pad. 18 - Stand I91,I92,L96",,,,,,,
"FUDING XINJINGYI TECHNOLOGY CO., LTD. - CCCME",,,,,,,,
"FUJIAN DYNAVOLT POWER TECHNOLOGY CO.,LTD CHENGHAI BRANCH COMPANY","Pad. 14,4,6,9,7 - Stand C05,C08,E60,E64,E72,E76,I10,S85,U29,U30,E54,G61,S70,S68,S74,S76,S80,Q64,P82,E53,R64,I14,T94,C81,C87,A84,B87,A90,E55,S59",,,,,,,
"FUJIAN HEXING RUBBER CO., LTD",,,,,,,,
"FUJIAN MINHUA POWER SOURCE CO., LTD - SINOLIGHT INTERNATIONAL HOLDINGS CORPORATION (CLETC)","Pad. 14,4,6,9,7 - Stand C05,C08,E60,E64,E72,E76,I10,S85,U29,U30,E54,G61,S70,S68,S74,S76,S80,Q64,P82,E53,R64,I14,T94,C81,C87,A84,B87,A90,E55,S59",,,,https://cletc.com,SINOLIGHT PLAZA NO.4 WANG JING CHAOYANG DISTRICT BEIJING BEIJING,,
FUJIAN SCUD POWER TECHNOLOGY CO. LTD.,Pad. 4 - Stand P71,"SCUD Power, the global leading provider of customized Li-ion battery packs and energy storage systems. Since 1997, based in Fuzhou, China, SCUD Power has led the lithium battery pack manufacturing industry. We pride ourselves on providing reliable, high-performance battery solutions for e-mobilities, cordless appliances (both home and professional), and portable and stationary energy storage systems. To drive innovation, we've established massive production lines, advanced R&D centers, and rigorous in-house testing labs. These enable us to stay at the forefront of technological advancements. Our dedication has won us respected global clients, who trust us to deliver exceptional products that power their success. SCUD Power, the global leading provider of customized Li-ion battery packs and energy storage systems. Since 1997, based in Fuzhou, China, SCUD Power has led the lithium battery pack manufacturing industry. We pride ourselves on providing reliable, high-performance battery solutions for e-mobilities, cordless appliances (both home and professional), and portable and stationary energy storage systems. To drive innovation, we've established massive production lines, advanced R&D centers, and rigorous in-house testing labs. These enable us to stay at the forefront of technological advancements. Our dedication has won us respected global clients, who trust us to deliver exceptional products that power their success.",,,https://scudpowertech.com,"NO.135, RUJIANG EAST FUZHOU FUJIAN",RUJIANG EAST FUZHOU FUJIAN,
"FUJIAN SCUD POWER TECHNOLOGY CO.,LTD - SINOLIGHT INTERNATIONAL HOLDINGS CORPORATION (CLETC)",Pad. 4 - Stand P71,"SCUD Power, the global leading provider of customized Li-ion battery packs and energy storage systems. Since 1997, based in Fuzhou, China, SCUD Power has led the lithium battery pack manufacturing industry. We pride ourselves on providing reliable, high-performance battery solutions for e-mobilities, cordless appliances (both home and professional), and portable and stationary energy storage systems. To drive innovation, we've established massive production lines, advanced R&D centers, and rigorous in-house testing labs. These enable us to stay at the forefront of technological advancements. Our dedication has won us respected global clients, who trust us to deliver exceptional products that power their success. SCUD Power, the global leading provider of customized Li-ion battery packs and energy storage systems. Since 1997, based in Fuzhou, China, SCUD Power has led the lithium battery pack manufacturing industry. We pride ourselves on providing reliable, high-performance battery solutions for e-mobilities, cordless appliances (both home and professional), and portable and stationary energy storage systems. To drive innovation, we've established massive production lines, advanced R&D centers, and rigorous in-house testing labs. These enable us to stay at the forefront of technological advancements. Our dedication has won us respected global clients, who trust us to deliver exceptional products that power their success.",,,https://scudpowertech.com,"NO.135, RUJIANG EAST FUZHOU FUJIAN",RUJIANG EAST FUZHOU FUJIAN,
FULBAT SAS,Pad. 10 - Stand C70,,,,https://fulbat.com,30 RUE PASTEUR SURESNES PARIS,,
FULLSIX D.O.O. - MOTO CORSE S.R.L.,Pad. 5 - Stand Q57,,,,,,,
FUNRUN - CHINA ELECTRIC TWO-WHEELERS ASSOCIATION,,,,,,,,
FUORI&STRADA SRL,,,,,,,,
"FUQING HUOLI NEW ENERGY TECHNOLOGY CO., LTD. - SINOLIGHT INTERNATIONAL HOLDINGS CORPORATION (CLETC)","Pad. 14,4,6,9,7 - Stand C05,C08,E60,E64,E72,E76,I10,S85,U29,U30,E54,G61,S70,S68,S74,S76,S80,Q64,P82,E53,R64,I14,T94,C81,C87,A84,B87,A90,E55,S59",,,,https://cletc.com,SINOLIGHT PLAZA NO.4 WANG JING CHAOYANG DISTRICT BEIJING BEIJING,,
FUSPORT - FORBIKES SRL,,,,,,,,
"FUZHOU ZHUGUANG VEHICLE PARTS CO.,LTD - HI-LIGHTING INT'L EXHIBITION BEIJING CO. LTD",Pad. 4 - Stand I66,,,,,,,
"FXCNC CO.,LTD",Pad. 18 - Stand I83,"FXCNC specializes in CNC precision machining and high-performance power sports parts. With advanced technology, strict quality control, and a skilled R&D team.We deliver reliable components to top global market Driven by innovation and committed to excellence. FXCNC specializes in CNC precision machining and high-performance power sports parts. With advanced technology, strict quality control, and a skilled R&D team.We deliver reliable components to top global market Driven by innovation and committed to excellence.",,,https://fxcnc.us,2310 S MIAMI BLVD STE 133 DURHAM NC,,
G-LUBRICANT - GRAPHENE MANUFACTURING GROUP LTD. – GMG,,,,,,,,
G. & D. SYSTEM SRLS,,,,,,,,
G.H.GROUP S.R.L.,"Pad. 4,18 - Stand G85,C81","G.H. GROUP S.R.L. è un'impresa internazionale con sede in Italia, attiva nel commercio elettronico e nella distribuzione all'ingrosso e al dettaglio di prodotti ad alto valore aggiunto. L'azienda è specializzata in articoli per la mobilità elettrica, attrezzature sportive e beni di consumo, con un forte orientamento all'export e al servizio completo dalla progettazione alla post-vendita. Operiamo in numerosi mercati globali, tra cui Europa, Asia e Americhe. G.H. GROUP S.R.L. è un'impresa internazionale con sede in Italia, attiva nel commercio elettronico e nella distribuzione all'ingrosso e al dettaglio di prodotti ad alto valore aggiunto. L'azienda è specializzata in articoli per la mobilità elettrica, attrezzature sportive e beni di consumo, con un forte orientamento all'export e al servizio completo dalla progettazione alla post-vendita. Operiamo in numerosi mercati globali, tra cui Europa, Asia e Americhe.",,,,VIA GIOSUE' CARDUCCI 6 VEDANO AL LAMBRO MB,,
G.P.R. EXHAUST SYSTEM - GPR ITALIA S.R.L.,Pad. 9 - Stand G53,,,,,,,
G.P.R. TECH - GPR ITALIA S.R.L.,Pad. 9 - Stand G53,,,,,,,
G&H INTERNATIONAL CO. LTD,Pad. 9 - Stand R70,,,,,2F 629 CHEONHO-DAERO GWANGJIN-GU SEOUL ASIA,,
GAERNE S.P.A.,Pad. 5 - Stand G64,,,,https://gaerne.com,VIA CALDIRORO 81 COSTE DI MASER TV,,
GALESPEED - ACTIVE CO. LTD,Pad. 7 - Stand S35,,,,,,,
GALFER - INDUSTRIAS GALFER S.A.,Pad. 10 - Stand G76,,,,,,,
"GALLOP ELECTRIC (SUZHOU) CO.,LTD",Pad. 4 - Stand H79,"T&D, a brand of Gallop Electric, is a one-stop solution provider for electric mobility (E-Mobility), based in the city of Suzhou, a major hub in eastern China. With a highly efficient and convenient international logistics network, we ensure strong support for global marketing, supply chain collaboration, and rapid response. T&D is committed to providing comprehensive drive system solutions and one-stop services for the electrification and intelligent transformation of the global electric two-wheeler industry. We offer high-performance, customizable semi-solid battery solutions; integrated electric motorcycle drive system solutions with a unified supply chain; and complete vehicle products developed in partnership with our customers. T&D, a brand of Gallop Electric, is a one-stop solution provider for electric mobility (E-Mobility), based in the city of Suzhou, a major hub in eastern China. With a highly efficient and convenient international logistics network, we ensure strong support for global marketing, supply chain collaboration, and rapid response. T&D is committed to providing comprehensive drive system solutions and one-stop services for the electrification and intelligent transformation of the global electric two-wheeler industry. We offer high-performance, customizable semi-solid battery solutions; integrated electric motorcycle drive system solutions with a unified supply chain; and complete vehicle products developed in partnership with our customers.",,,,"NO. 11-8 CHUNXING ROAD, CAOHU STREET, XIANGCHENG DISTRICT, SUZHOU JIANGSU",SUZHOU JIANGSU,
"GAO JIN INDUSTRIAL CO., LTD. - TAIWAN TRANSPORTATION VEHICLE MANUFACTURERS ASS.",,,,,,,,
GARDSTAR INDUSTRIAL,Pad. 18 - Stand D75,,,,https://gardstar-industrial.com,759 GREAT CAMBRIDGE RD ENFIELD GREATER LONDON,,
GARIBALDI S.A.,Pad. 9 - Stand M58,"Garibaldi has been manufacturing garments, gloves and accessories for motorbikers since 1972. At this first stage their founders Josep Maria Guillamet and Isabel Garibaldi mainly produced handmade competition leather suits and greasing garments in their workshop in Igualada (Barcelona) and signed up the best riders such as Ricardo Tormo, Sito Pons, Aspar, Alex Crivillé, Alex Barros, Carlos Checa, Sete Gibernau, Toni Elias, Dani Pedrosa, Jordi Tarrés, Marc Colomer and Carlos Mas. Most of them became World Champions with Garibaldi: 18 World Champion titles are the final result of this successful period. At that time most riders in Spain had their first leather suit made by Isabel Garibaldi, who was the soul of the company. Having free access to a handmade leather suit was an opportunity to start riding. She was a beloved person for all riders. The company is well known today by the quality of our gloves (heating gloves and Primaloft gloves) and textile jackets, being the Heritage jacket the flagship of our brand. The Wax Cotton Look fabric is an evolution of the first spanish wax cotton barbour, known as the Original Garibaldi jacket. Isabel and his husband manufactured it following the English trends. They also became the exclusive distributor in Spain for the italian helmet manufacturer Nolangroup and held a meaningful partnership of the group. It was an intense relationship that lasted for more than 40 years until late 2019 when it was time to let go and build up an own range of helmets with the brand Gari, diminutive of Garibaldi, on the basis of this long-lasting experience. The Gari Helmets were born in 2019 on the basis of the experience gathered since 1972 and are the perfect match for the Garibaldi garments. At the moment, a cohesive team manages the company. Georgina Guillamet, the founders´daughter, took over the lead in 2008. Since then, achieving excellence in all work aspects and fostering a high-quality culture has always been her purpose. Fabrics and suppliers are relentlessly sought to guarantee an utmost safety and the best value for money. Garibaldi has been manufacturing garments, gloves and accessories for motorbikers since 1972. At this first stage their founders Josep Maria Guillamet and Isabel Garibaldi mainly produced handmade competition leather suits and greasing garments in their workshop in Igualada (Barcelona) and signed up the best riders such as Ricardo Tormo, Sito Pons, Aspar, Alex Crivillé, Alex Barros, Carlos Checa, Sete Gibernau, Toni Elias, Dani Pedrosa, Jordi Tarrés, Marc Colomer and Carlos Mas. Most of them became World Champions with Garibaldi: 18 World Champion titles are the final result of this successful period. At that time most riders in Spain had their first leather suit made by Isabel Garibaldi, who was the soul of the company. Having free access to a handmade leather suit was an opportunity to start riding. She was a beloved person for all riders. The company is well known today by the quality of our gloves (heating gloves and Primaloft gloves) and textile jackets, being the Heritage jacket the flagship of our brand. The Wax Cotton Look fabric is an evolution of the first spanish wax cotton barbour, known as the Original Garibaldi jacket. Isabel and his husband manufactured it following the English trends. They also became the exclusive distributor in Spain for the italian helmet manufacturer Nolangroup and held a meaningful partnership of the group. It was an intense relationship that lasted for more than 40 years until late 2019 when it was time to let go and build up an own range of helmets with the brand Gari, diminutive of Garibaldi, on the basis of this long-lasting experience. The Gari Helmets were born in 2019 on the basis of the experience gathered since 1972 and are the perfect match for the Garibaldi garments. At the moment, a cohesive team manages the company. Georgina Guillamet, the founders´daughter, took over the lead in 2008. Since then, achieving excellence in all work aspects and fostering a high-quality culture has always been her purpose. Fabrics and suppliers are relentlessly sought to guarantee an utmost safety and the best value for money.",,,https://garibaldimoto.com,"Carrer CICLISME 23, nave 5 Rubí BARCELONA",nave 5 Rubí BARCELONA,
GARMIN ITALIA S.R.L.,Pad. 5 - Stand E63,,,,https://garmin.it,VIALE DEL GHISALLO 12 MILANO MI,,
"GARY WANG TRADING CO., LTD. - TAIPEI EXHIBITION CENTER INC.","Pad. 18 - Stand I91,I92,L96",,,,,,,
GAS GAS GMBH,,,,,,,,
GAS GAS GMBH - HUSQVARNA MOBILITY GMBH,,,,,,,,
GAS GAS GMBH - KTM SPORTMOTORCYCLE GMBH,,,,,,,,
GATES,Pad. 5 - Stand I85,"Gates Belt Drive systems are revolutionizing the way to get from A to B, whether you’re on the daily commute or racing across the wildest of landscapes. We’re transforming urban mobility and powersports with our materials science technologies, unique design capabilities, and engineering expertise that stretches back over a century. The result? Compact, lightweight drive systems with high power density to outperform the rest. Gates Belt Drives are freeing riders and manufacturers from chains. This means freedom from metal-on-metal clatter, freedom from rust, freedom from lubrication. Our innovative synchronous belt designs combine a high-stiffness, long-lasting synthetic compound with our long-proven carbon fiber tensile cord reinforcement. The result? Incredible strength and a significantly increased power-to-weight ratio. Whatever the reason, it’s time to unchain your ride. Gates Belt Drive systems are revolutionizing the way to get from A to B, whether you’re on the daily commute or racing across the wildest of landscapes. We’re transforming urban mobility and powersports with our materials science technologies, unique design capabilities, and engineering expertise that stretches back over a century. The result? Compact, lightweight drive systems with high power density to outperform the rest. Gates Belt Drives are freeing riders and manufacturers from chains. This means freedom from metal-on-metal clatter, freedom from rust, freedom from lubrication. Our innovative synchronous belt designs combine a high-stiffness, long-lasting synthetic compound with our long-proven carbon fiber tensile cord reinforcement. The result? Incredible strength and a significantly increased power-to-weight ratio. Whatever the reason, it’s time to unchain your ride.",,,https://gatesbeltdrive.com,RUE DE GASPERICH 33 HESPERANGE LU,,
GATES - MANDELLI SRL,Pad. 5 - Stand I85,"Gates Belt Drive systems are revolutionizing the way to get from A to B, whether you’re on the daily commute or racing across the wildest of landscapes. We’re transforming urban mobility and powersports with our materials science technologies, unique design capabilities, and engineering expertise that stretches back over a century. The result? Compact, lightweight drive systems with high power density to outperform the rest. Gates Belt Drives are freeing riders and manufacturers from chains. This means freedom from metal-on-metal clatter, freedom from rust, freedom from lubrication. Our innovative synchronous belt designs combine a high-stiffness, long-lasting synthetic compound with our long-proven carbon fiber tensile cord reinforcement. The result? Incredible strength and a significantly increased power-to-weight ratio. Whatever the reason, it’s time to unchain your ride. Gates Belt Drive systems are revolutionizing the way to get from A to B, whether you’re on the daily commute or racing across the wildest of landscapes. We’re transforming urban mobility and powersports with our materials science technologies, unique design capabilities, and engineering expertise that stretches back over a century. The result? Compact, lightweight drive systems with high power density to outperform the rest. Gates Belt Drives are freeing riders and manufacturers from chains. This means freedom from metal-on-metal clatter, freedom from rust, freedom from lubrication. Our innovative synchronous belt designs combine a high-stiffness, long-lasting synthetic compound with our long-proven carbon fiber tensile cord reinforcement. The result? Incredible strength and a significantly increased power-to-weight ratio. Whatever the reason, it’s time to unchain your ride.",,,https://gatesbeltdrive.com,RUE DE GASPERICH 33 HESPERANGE LU,,
GBRACING - WRS S.R.L.,Pad. 5 - Stand Q53,"WRS, azienda specializzata nella produzione di cupolini per moto, grazie a materiali di primissima scelta, design Made in Italy e finiture impeccabili è sinonimo di qualità assoluta. Con un costante impegno verso l’ottimizzazione aerodinamica e delle performance. Fornitore ufficiale di alcuni tra i più prestigiosi team in MotoGP e WorldSBK, tra cui Ducati Lenovo Factory, KTM Factory, BMW Motorrad WSBK, Yamaha WSBK, Pramac e VR46, affermandosi come punto di riferimento a livello internazionale. Nel 2024 ha segnato un traguardo storico anche nel mondo della vela, realizzando il primo cupolino della storia dell’America’s Cup per il team Luna Rossa Prada Pirelli. Attraverso il proprio e-commerce, WRS offre a motociclisti e appassionati un’ampia gamma di accessori e parti speciali uniti ad un servizio logistico all'avanguardia, portando la tecnologia e l’esperienza del racing sulle strade di tutti i giorni. WRS, azienda specializzata nella produzione di cupolini per moto, grazie a materiali di primissima scelta, design Made in Italy e finiture impeccabili è sinonimo di qualità assoluta. Con un costante impegno verso l’ottimizzazione aerodinamica e delle performance. Fornitore ufficiale di alcuni tra i più prestigiosi team in MotoGP e WorldSBK, tra cui Ducati Lenovo Factory, KTM Factory, BMW Motorrad WSBK, Yamaha WSBK, Pramac e VR46, affermandosi come punto di riferimento a livello internazionale. Nel 2024 ha segnato un traguardo storico anche nel mondo della vela, realizzando il primo cupolino della storia dell’America’s Cup per il team Luna Rossa Prada Pirelli. Attraverso il proprio e-commerce, WRS offre a motociclisti e appassionati un’ampia gamma di accessori e parti speciali uniti ad un servizio logistico all'avanguardia, portando la tecnologia e l’esperienza del racing sulle strade di tutti i giorni.",,,https://wrs.it,"VIA PIRANO, 6/M TAVULLIA PU",6/M TAVULLIA PU,
"GDGT MECHANICAL ELECTRONIC RESEARCH CO.,LTD - CCPIT AUTO","Pad. 4 - Stand M56,M60,M64,M70,M55,O61",,,,https://auto-ccpit.org,3/F BAIYUN BUILDING 1 BAIYUN ROAD XICHENG BEIJING BEIJING,,
GEAR SHIELD - FIRCOS (PVT),,,,,,,,
GENSPOW GMBH,Pad. 5 - Stand T70,"Grepow is a leading provider of lithium batteries and energy storage solutions. The company specializes in the development, production, and distribution of high-performance batteries and innovative energy storage technologies. With years of experience and a clear focus on research and development, Grepow offers tailored solutions for a wide range of applications, including electric mobility, renewable energy, and industrial uses. Grepow’s products are known for their high efficiency, safety, and longevity. Lokithor – The Future of Portable Power Solutions A standout product line from Grepow is Lokithor, which focuses on portable energy storage solutions. Lokithor offers a wide range of innovative, high-performance power stations that allow users to power their devices anytime and anywhere – whether for outdoor use, camping, traveling, or as emergency backup for home appliances. The Lokithor products combine the latest battery technology with user-friendly features, making them ideal for both personal and commercial use. By utilizing Lithium Iron Phosphate (LiFePO4) batteries, Lokithor power stations ensure high safety standards and long-lasting performance. Furthermore, the devices are known for their fast charging times, compact designs, and a wide array of ports, making them capable of powering a broad range of devices. Some key features of Lokithor Power Stations include: High Capacity: They provide enough power to charge multiple devices simultaneously, from smartphones to laptops and even small appliances. Fast Charging: The devices can be charged in a very short time, ensuring they are always ready for use. Durable and Reliable: Lokithor power stations are designed to operate reliably under extreme conditions, making them perfect for outdoor adventures or emergency situations. Versatile Outputs: With USB, AC, and DC outputs, a wide variety of devices can be powered. Thanks to Grepow's advanced technology, Lokithor products not only offer a reliable power source but also provide an environmentally friendly and cost-effective way to store and use energy. The combination of performance, safety, and ease of use makes Lokithor products a preferred choice for many users worldwide. Grepow and Lokithor are committed to providing sustainable, reliable, and innovative solutions for the energy needs of the future. Grepow is a leading provider of lithium batteries and energy storage solutions. The company specializes in the development, production, and distribution of high-performance batteries and innovative energy storage technologies. With years of experience and a clear focus on research and development, Grepow offers tailored solutions for a wide range of applications, including electric mobility, renewable energy, and industrial uses. Grepow’s products are known for their high efficiency, safety, and longevity. Lokithor – The Future of Portable Power Solutions A standout product line from Grepow is Lokithor, which focuses on portable energy storage solutions. Lokithor offers a wide range of innovative, high-performance power stations that allow users to power their devices anytime and anywhere – whether for outdoor use, camping, traveling, or as emergency backup for home appliances. The Lokithor products combine the latest battery technology with user-friendly features, making them ideal for both personal and commercial use. By utilizing Lithium Iron Phosphate (LiFePO4) batteries, Lokithor power stations ensure high safety standards and long-lasting performance. Furthermore, the devices are known for their fast charging times, compact designs, and a wide array of ports, making them capable of powering a broad range of devices. Some key features of Lokithor Power Stations include: High Capacity: They provide enough power to charge multiple devices simultaneously, from smartphones to laptops and even small appliances. Fast Charging: The devices can be charged in a very short time, ensuring they are always ready for use. Durable and Reliable: Lokithor power stations are designed to operate reliably under extreme conditions, making them perfect for outdoor adventures or emergency situations. Versatile Outputs: With USB, AC, and DC outputs, a wide variety of devices can be powered. Thanks to Grepow's advanced technology, Lokithor products not only offer a reliable power source but also provide an environmentally friendly and cost-effective way to store and use energy. The combination of performance, safety, and ease of use makes Lokithor products a preferred choice for many users worldwide. Grepow and Lokithor are committed to providing sustainable, reliable, and innovative solutions for the energy needs of the future.",,,https://genspow.com,OTTOSTR. 11 KORSCHENBROICH NRW,,
GEOBIKE MFC SP. Z O.O.,,,,,,,,
GGD GEAR GARAGE DESIGN - BY FAMI,,,,,,,,
GHAURI TYRE & TUBE PVT LTD - TDAP,,,,,,,,
GILLES TOOLING GMBH,Pad. 14 - Stand H24,"GILLES Tooling is a premium manufacturer of high-performance motorcycle accessories, renowned for its innovative design and precision engineering. The company combines technical excellence with a passion for motorsports. All products – from rearsets to levers and chain adjusters – are developed and manufactured in Luxembourg and trusted by riders and racing teams worldwide. Driven by function and committed to quality, GILLES Tooling stands for advanced solutions and uncompromising performance. GILLES Tooling is a premium manufacturer of high-performance motorcycle accessories, renowned for its innovative design and precision engineering. The company combines technical excellence with a passion for motorsports. All products – from rearsets to levers and chain adjusters – are developed and manufactured in Luxembourg and trusted by riders and racing teams worldwide. Driven by function and committed to quality, GILLES Tooling stands for advanced solutions and uncompromising performance.",,,https://gillestooling.com,26 OP DER AHLKERRECH Z.I. POTASCHBIERG GREVENMACHER LUXEMBOURG,,
GIMOTO SRL,Pad. 10 - Stand C78,"PRODUZIONE DI ABBIGLIAMENTO PER MOTOCICLISTI , TUTE SUMISURA E PERSONALIZZATE, AIRBAG E ACCESSORI PRODUZIONE DI ABBIGLIAMENTO PER MOTOCICLISTI , TUTE SUMISURA E PERSONALIZZATE, AIRBAG E ACCESSORI",,,https://gimoto.com,VIA CASOTTA 20 CASSANO D'ADDA MI,,
GIULIARI - ACSUD SACIM DISTRIBUTION,Pad. 9 - Stand I51,,,,https://acsud-pro.com,BÂTIMENT D1 AVENUE PIERRE SÉMARD 135 AVIGNON AVIGNON,,
GIVI S.P.A.,Pad. 7 - Stand A50,"Passione, design italiano, forte attitudine tecnologica e profonda conoscenza dei materiali: sono questi gli ingredienti del successo internazionale di GIVI. La mission GIVI è racchiusa nell'impegno di progettare, realizzare e distribuire prodotti di qualità, in grado di elevare l'equipaggiamento della moto e del motociclista in termini di prestazioni tecnologiche e sicurezza. A più di 45 anni dalla sua nascita, GIVI ha raggiunto l'obiettivo di essere presente in tutto il mondo. Passione, design italiano, forte attitudine tecnologica e profonda conoscenza dei materiali: sono questi gli ingredienti del successo internazionale di GIVI. La mission GIVI è racchiusa nell'impegno di progettare, realizzare e distribuire prodotti di qualità, in grado di elevare l'equipaggiamento della moto e del motociclista in termini di prestazioni tecnologiche e sicurezza. A più di 45 anni dalla sua nascita, GIVI ha raggiunto l'obiettivo di essere presente in tutto il mondo.",,,https://givimoto.com,VIA UNGARETTI 48 FLERO BS,,
GIVI SPA (KAPPA),Pad. 7 - Stand A50,"Passione, design italiano, forte attitudine tecnologica e profonda conoscenza dei materiali: sono questi gli ingredienti del successo internazionale di GIVI. La mission GIVI è racchiusa nell'impegno di progettare, realizzare e distribuire prodotti di qualità, in grado di elevare l'equipaggiamento della moto e del motociclista in termini di prestazioni tecnologiche e sicurezza. A più di 45 anni dalla sua nascita, GIVI ha raggiunto l'obiettivo di essere presente in tutto il mondo. Passione, design italiano, forte attitudine tecnologica e profonda conoscenza dei materiali: sono questi gli ingredienti del successo internazionale di GIVI. La mission GIVI è racchiusa nell'impegno di progettare, realizzare e distribuire prodotti di qualità, in grado di elevare l'equipaggiamento della moto e del motociclista in termini di prestazioni tecnologiche e sicurezza. A più di 45 anni dalla sua nascita, GIVI ha raggiunto l'obiettivo di essere presente in tutto il mondo.",,,https://givimoto.com,VIA UNGARETTI 48 FLERO BS,,
"GLARING SPORTS (PVT), LTD",Pad. 9 - Stand U75,"We are the manufacturers of Motorbike Garments & Gloves, We have been in this manufacturing field Since 1964, Have developed New Articles to Satisfaction of our Customer, We are the manufacturers of Motorbike Garments & Gloves, We have been in this manufacturing field Since 1964, Have developed New Articles to Satisfaction of our Customer,",,,https://glaringsports.com,"HAJI PURA DASKA ROAD, SIALKOT PUNJAB",SIALKOT PUNJAB,
"GLM - D.MAG NEW MATERIAL TECHNOLOGY CO., LTD. (GLM)",Pad. 5 - Stand S71,,,,,,,
GOES - CFMOTO,Pad. 10 - Stand I52,"Founded in 1989, ZHEJIANG CFMOTO POWER CO., LTD. has been engaged in developing, manufacturing, marketing and delivering reliable motorcycles, off-road vehicles, engines, frames, parts, apparels and accessories, which are distributed through more than 5000+ dealers worldwide. Having its origin in Hangzhou, China, CFMOTO has built a robust market share in over 100 countries and regions. Teamed up with more than 8000 employees, CFMOTO is committed to exploring riding fun together with over 2 million users all over the world. Founded in 1989, ZHEJIANG CFMOTO POWER CO., LTD. has been engaged in developing, manufacturing, marketing and delivering reliable motorcycles, off-road vehicles, engines, frames, parts, apparels and accessories, which are distributed through more than 5000+ dealers worldwide. Having its origin in Hangzhou, China, CFMOTO has built a robust market share in over 100 countries and regions. Teamed up with more than 8000 employees, CFMOTO is committed to exploring riding fun together with over 2 million users all over the world.",,,https://global.cfmoto.com,"NO.116,WUZHOU ROAD, YUHANG ECONOMIC DEVELOPMENT ZONE,HANGZHOU HANGZHOU ZHEJIANG",HANGZHOU HANGZHOU ZHEJIANG,
GOLD FREN S. R. O,Pad. 6 - Stand G50,"GOLDfren is Czech manufacturer of brake systems with over 30 years of experience. Based in Holice, we specialize in the development and production of sintered brake pads, brake discs, and related accessories for motorcycles, scooters, ATVs, UTVs, bicycles, and even aviation applications. Our products combine cutting-edge technology, in-house R&D, and precision Czech manufacturing, ensuring top performance, durability, and reliability under the most demanding conditions - from racing tracks to everyday use thanks to our ECE R90 certification. With distribution partners in more than 40 countries worldwide, GOLDfren has become a trusted brand for both professional racers and everyday riders. The name GOLDfren stands for quality, durability, and dependability. GOLDfren is Czech manufacturer of brake systems with over 30 years of experience. Based in Holice, we specialize in the development and production of sintered brake pads, brake discs, and related accessories for motorcycles, scooters, ATVs, UTVs, bicycles, and even aviation applications. Our products combine cutting-edge technology, in-house R&D, and precision Czech manufacturing, ensuring top performance, durability, and reliability under the most demanding conditions - from racing tracks to everyday use thanks to our ECE R90 certification. With distribution partners in more than 40 countries worldwide, GOLDfren has become a trusted brand for both professional racers and everyday riders. The name GOLDfren stands for quality, durability, and dependability.",,,https://goldfren.com,POBEZOVICE 29 HOLICE PARDUBICKY KRAJ,,
GOODRIDE - MANDELLI SRL,Pad. 10 - Stand C80,,,,,,,
"GOODTIRE RUBBER INDUSTRIAL CO., LTD.",Pad. 5 - Stand T89,"GOODTIRE RUBBER INDUSTRIAL CO., LTD. was founded in 1976. It started with inner tubes for a limited number of vehicle models, after years of continuous improvement in production process, yield and investment in research and development energy, our product line now has covered a wide range of vehicle transportation tools to meet the needs of customers in various regions or transportation industries, GOODTIRE RUBBER has also expanded our business all over the world in supporting production, OEM products as well as our own name brand products. GOODTIRE RUBBER INDUSTRIAL CO., LTD. was founded in 1976. It started with inner tubes for a limited number of vehicle models, after years of continuous improvement in production process, yield and investment in research and development energy, our product line now has covered a wide range of vehicle transportation tools to meet the needs of customers in various regions or transportation industries, GOODTIRE RUBBER has also expanded our business all over the world in supporting production, OEM products as well as our own name brand products.",,,https://goodtire.com.tw,"15F-2, NO.432,SEC.1, KEELUNG RD. TAIPEI XINYI DIST.",KEELUNG RD. TAIPEI XINYI DIST.,
GORI - BETTELLA S.R.L.,Pad. 9 - Stand E52,,,,https://bettella.com,VIA CESARE BATTISTI 6 LIMENA PD,,
"GOTRAX - ZHEJIANG LUQI INTELLIGENT TECHNOLOGY CO.,LTD","Pad. 10,9 - Stand A80,S82",,,,,,,
GOWOW ORION,,,,,,,,
GP KOMPOZIT A.S.,Pad. 9 - Stand N84,,,,https://gpkompozit.com,SEYHLI MAH. HIZIR REIS CAD. NO:6 PENDIK ISTANBUL ISTANBUL,,
GP KOMPOZIT A.S. - FAR S.R.L. UNIPERSONALE,Pad. 9 - Stand N84,,,,https://gpkompozit.com,SEYHLI MAH. HIZIR REIS CAD. NO:6 PENDIK ISTANBUL ISTANBUL,,
GP MOTO LLC,,,,,,,,
GPR ITALIA S.R.L.,Pad. 9 - Stand G53,"G.P.R. Italia is a prestigious Italian company with over 50 years of expertise in the design and manufacturing of aftermarket exhaust systems in stainless steel and titanium. With a catalog of more than 8,000 references, G.P.R. delivers products that embody Italian design, uncompromising quality, and outstanding performance, catering to the most renowned motorcycles, scooters, and ATVs worldwide. Expanding beyond exhaust systems, the product range now also includes the innovative G.P.R. Tech line, featuring premium aluminum or titanium top cases and robust aluminum side hard cases, developed to meet the highest standards of durability and style. G.P.R. Italia is a prestigious Italian company with over 50 years of expertise in the design and manufacturing of aftermarket exhaust systems in stainless steel and titanium. With a catalog of more than 8,000 references, G.P.R. delivers products that embody Italian design, uncompromising quality, and outstanding performance, catering to the most renowned motorcycles, scooters, and ATVs worldwide. Expanding beyond exhaust systems, the product range now also includes the innovative G.P.R. Tech line, featuring premium aluminum or titanium top cases and robust aluminum side hard cases, developed to meet the highest standards of durability and style.",,,https://gpr.it,VIA VECCHIA CHIMICA 18 CERRO AL LAMBRO MI,,
GR XPLORE LLC,Pad. 18 - Stand I79,"The founder of the brand GRxplore, through years of motorcycle touring, deeply understood the challenges of using motorcycle gear in harsh conditions and the difficulties riders face when choosing the right equipment. Thus, GRxplore was born, dedicated to providing motorcycle enthusiasts worldwide with more professional, safe, comfortable, practical, and reliable touring gear. Since its establishment, GRxplore has continuously explored and innovated, enabling riders to enjoy safe and comfortable experiences even in extreme environments. With a strong overseas R&D team, we strive to make every rider's journey safer, easier, and more enjoyable. The brand name GRxplore is derived from the combination of ""Gear"" and ""Explore."" ""Gear"" represents professional and reliable equipment, while ""Explore"" symbolizes the spirit of fearless adventure. GRxplore accompanies every brave rider on their journey into the unknown, exploring and conquering every corner of the world. The founder of the brand GRxplore, through years of motorcycle touring, deeply understood the challenges of using motorcycle gear in harsh conditions and the difficulties riders face when choosing the right equipment. Thus, GRxplore was born, dedicated to providing motorcycle enthusiasts worldwide with more professional, safe, comfortable, practical, and reliable touring gear. Since its establishment, GRxplore has continuously explored and innovated, enabling riders to enjoy safe and comfortable experiences even in extreme environments. With a strong overseas R&D team, we strive to make every rider's journey safer, easier, and more enjoyable. The brand name GRxplore is derived from the combination of ""Gear"" and ""Explore."" ""Gear"" represents professional and reliable equipment, while ""Explore"" symbolizes the spirit of fearless adventure. GRxplore accompanies every brave rider on their journey into the unknown, exploring and conquering every corner of the world.",,,https://www.grxplore.com,RECOMMENDATION EAST BRUNSWICK NJ,,
GR1T MOTORCYCLES GMBH,Pad. 9 - Stand S57,"GR1T is a European electric motorcycle manufacturer focused on building lightweight, high-performance machines designed for the realities of modern mobility. With Italian design at its core, GR1T combines precision engineering, sustainability, and everyday usability to create motorcycles that are fast, quiet, and unmistakably distinctive. Our debut model is tailored for urban and suburban riding, offering instant acceleration, agile handling, and a bold alternative to traditional combustion bikes. GR1T is a European electric motorcycle manufacturer focused on building lightweight, high-performance machines designed for the realities of modern mobility. With Italian design at its core, GR1T combines precision engineering, sustainability, and everyday usability to create motorcycles that are fast, quiet, and unmistakably distinctive. Our debut model is tailored for urban and suburban riding, offering instant acceleration, agile handling, and a bold alternative to traditional combustion bikes.",,,https://gritmotorcycles.com,SCHEDELSTRASSE 9 MUNICH BAYERN,,
GRAPHENE MANUFACTURING GROUP LTD. – GMG,,,,,,,,
"GREAT WALL SOUL TECHNOLOGY CO.,LTD - WUXI XIAODAO ELECTRIC SCIENCE AND TECHNOLOGY INC",,,,,,,,
GREENSTAR HONG KONG LTD,Pad. 10 - Stand I89,,,,,12/F LIVEN HOUSE 61/63 KING YIP STREET KWUN TONG KOWTOON,,
GREENTECH | ASIA BICYCLE TRADING CO. - IMPORTERS & EXPORTERS ASSOCIATION OF TAIPEI,,,,,,,,
GREENWAY BATTERY,Pad. 18 - Stand C76,"Greenway Battery – Powering the Future of Micro-Mobility At Greenway, we specialize in lithium-ion batteries for micro-mobility—including motorcycles and scooters. Our focus is on developing SAFE, SUSTAINABLE, and SMART battery solutions. With over 2,000 employees and 340+ R&D experts, we operate certified labs (TÜV Rheinland, UL, SGS) and ensure top-tier quality. Our NMC cells are sourced from leading global suppliers, including a strategic partnership with LG Energy Solution. Our LFP and LFMP cells are produced in-house for full quality and supply chain control. Our in-house BMS development ensures optimized performance, safety, and integration tailored to each application. Global footprint: • Publicly listed (SSE STAR Market: 688345) • EU HQ in Belgium for local support • New plant in Indonesia (2024) • EU production planned for 2025/26 We are committed to innovation and sustainability—driving the next generation of micro-mobility. Greenway Battery – Powering the Future of Micro-Mobility At Greenway, we specialize in lithium-ion batteries for micro-mobility—including motorcycles and scooters. Our focus is on developing SAFE, SUSTAINABLE, and SMART battery solutions. With over 2,000 employees and 340+ R&D experts, we operate certified labs (TÜV Rheinland, UL, SGS) and ensure top-tier quality. Our NMC cells are sourced from leading global suppliers, including a strategic partnership with LG Energy Solution. Our LFP and LFMP cells are produced in-house for full quality and supply chain control. Our in-house BMS development ensures optimized performance, safety, and integration tailored to each application. Global footprint: • Publicly listed (SSE STAR Market: 688345) • EU HQ in Belgium for local support • New plant in Indonesia (2024) • EU production planned for 2025/26 We are committed to innovation and sustainability—driving the next generation of micro-mobility.",,,https://greenway-battery.com,"NO.6 TONGHUAN ROAD,DONGCHENG STREET DONGGUAN GUANDONG",DONGCHENG STREET DONGGUAN GUANDONG,
GRO GLOBAL RACING OIL - ACSUD SACIM DISTRIBUTION,Pad. 9 - Stand I51,,,,https://acsud-pro.com,BÂTIMENT D1 AVENUE PIERRE SÉMARD 135 AVIGNON AVIGNON,,
GS YUASA BATTERY EUROPE LTD,Pad. 10 - Stand E75,,,,https://gs-yuasa.eu,UNIT 8 - IGNITION PARK SWINDON WILTSHIRE,,
GS YUASA BATTERY ITALY SRL - GS YUASA BATTERY EUROPE LTD,Pad. 10 - Stand E75,,,,,,,
GS27 - ACSUD SACIM DISTRIBUTION,Pad. 9 - Stand I51,,,,https://acsud-pro.com,BÂTIMENT D1 AVENUE PIERRE SÉMARD 135 AVIGNON AVIGNON,,
GSTONE - CHAO CHIA GEAR INDUSTRY CO.LTD,Pad. 9 - Stand N88,"Chao Chia gear is a company specialize manufacture all kind of gear. We have 40 years of experience manufacturing the gear. *RYO Racing Wear Enterprise Co., Ltd. Established in January, 2013 after a decade of experience with both motorcycle personal protective equipment and accessories, a like-minded team of individuals decided to set up a business that can provide better quality. We love motocross and racing. It's in our veins. So naturally, our most important concerns are safety and comfort. By offering a complete in-house quality control service system for all our products, we can ensure the highest quality of safe, comfortable product. Also, we will make the world highest quality, most affordable safety gear for our customers. We are confident and proud to provide all our customers the best quality, the most reasonable price, and the most courteous professional service. *Guangdong Zhihu Sportswear Co.,Ltd Focusing on motorcycle gloves and protector over 20 years Over 20 Years of Experience Established in 2003, Guangdong Zhihu Sportswear Co.,Ltd. focuses on motorcycle gloves,motorcycle knee and elbow protector,ski gloves,bicycle gloves over 20 years, Our products have also obtained CE certifications. Creating More than 600 New styles Every Year We have a 6-person R&D team consisting of 2 experienced designers,2 pattern makers, 2 experienced sample stitching experts,all with more than 15 years experience. giving us the ability to create more than 600 new styles every year for gloves,protector, and so on. We are especially good at motorcycle gloves and protectors keep our selection updated. We also have 8 QC technicians who monitor each of our 5 production lines and ensure our products comply with customers requirements. Self-owned brand We self-owned brand MASONTEX,our brand have become a well-known brand for motorcycle gloves in China.Also exported to all over the world,such as the PHILIPPINES,JAPAN,COLOMBIA,BRAZILE,MEXICO,ECUADOR,PERU and so on OEM brand In the past year,We have partnerships with many well-known international brands,such as KOMINNIE,Harley Davidson,LEATT ,4F,CF-MOTOR and so on Contact Us Today We are looking for distributors from all over the world.We also accept OEM and ODM orders, Contact us to get a reply within 24 hours. E-mail :lornalee@glove-china.com , ouyang@glove-china.com Mobile Phone:+86 15015157827,+86 13006838140 CTC:Lorna Lee ,Mason Ouyang Chao Chia gear is a company specialize manufacture all kind of gear. We have 40 years of experience manufacturing the gear. *RYO Racing Wear Enterprise Co., Ltd. Established in January, 2013 after a decade of experience with both motorcycle personal protective equipment and accessories, a like-minded team of individuals decided to set up a business that can provide better quality. We love motocross and racing. It's in our veins. So naturally, our most important concerns are safety and comfort. By offering a complete in-house quality control service system for all our products, we can ensure the highest quality of safe, comfortable product. Also, we will make the world highest quality, most affordable safety gear for our customers. We are confident and proud to provide all our customers the best quality, the most reasonable price, and the most courteous professional service. *Guangdong Zhihu Sportswear Co.,Ltd Focusing on motorcycle gloves and protector over 20 years Over 20 Years of Experience Established in 2003, Guangdong Zhihu Sportswear Co.,Ltd. focuses on motorcycle gloves,motorcycle knee and elbow protector,ski gloves,bicycle gloves over 20 years, Our products have also obtained CE certifications. Creating More than 600 New styles Every Year We have a 6-person R&D team consisting of 2 experienced designers,2 pattern makers, 2 experienced sample stitching experts,all with more than 15 years experience. giving us the ability to create more than 600 new styles every year for gloves,protector, and so on. We are especially good at motorcycle gloves and protectors keep our selection updated. We also have 8 QC technicians who monitor each of our 5 production lines and ensure our products comply with customers requirements. Self-owned brand We self-owned brand MASONTEX,our brand have become a well-known brand for motorcycle gloves in China.Also exported to all over the world,such as the PHILIPPINES,JAPAN,COLOMBIA,BRAZILE,MEXICO,ECUADOR,PERU and so on OEM brand In the past year,We have partnerships with many well-known international brands,such as KOMINNIE,Harley Davidson,LEATT ,4F,CF-MOTOR and so on Contact Us Today We are looking for distributors from all over the world.We also accept OEM and ODM orders, Contact us to get a reply within 24 hours. E-mail :lornalee@glove-china.com , ouyang@glove-china.com Mobile Phone:+86 15015157827,+86 13006838140 CTC:Lorna Lee ,Mason Ouyang",,+86 15015157827,,"NO.300, NANGANG 3RD RD., NANTOU COUNTY XXXXX",NANTOU COUNTY XXXXX,
"GUANGDONG DEXIN SPORTS INDUSTRY CO., LTD - SINOLIGHT INTERNATIONAL HOLDINGS CORPORATION (CLETC)","Pad. 14,4,6,9,7 - Stand C05,C08,E60,E64,E72,E76,I10,S85,U29,U30,E54,G61,S70,S68,S74,S76,S80,Q64,P82,E53,R64,I14,T94,C81,C87,A84,B87,A90,E55,S59",,,,https://cletc.com,SINOLIGHT PLAZA NO.4 WANG JING CHAOYANG DISTRICT BEIJING BEIJING,,
"GUANGDONG DUHAN CO-CREATION SPORTS TECHNOLOGY CO LTD - QINGDAO RZ-LABS PROTECTION CO.,LTD.",Pad. 4 - Stand G86,,,,,,,
"GUANGDONG KTOVOL LIGHTING CO., LTD",,,,,,,,
"GUANGDONG LVTONG NEW ENERGY ELECTRIC VEHICLE TECHNOLOGY CO., LTD. - CHUANGJI EXHIBITION",,,,,,,,
"GUANGDONG MOTOLED INTELLIGENT CO., LTD. - CHUANGJI EXHIBITION",,,,,,,,
"GUANGDONG MOTUOCHUANG TECHNOLOGY CO., LTD.",Pad. 10 - Stand I97,"MOTO-TRON RACING Was established 21 years ago by brothers dickson lee and leo lee,as well as third director of paul mai.Moto-tron racing now designs, develops,manufactures and markets road/off road and racing motocycle parts.They are sold in worldwide markets. We have 56 cnc machines in our factory,4 axis and 5 axis cnc service and dual-spindle y axis cnc lathe service are available. 10 Engineers and designers are working for our customers,our racing product R&D manager have more than 16 years motorcycle racing experience, he lead our team in the professional direction. If you want something but not in our catalogue, feel free to contact us, we will do our best to fulfill your requirements. MOTO-TRON RACING Was established 21 years ago by brothers dickson lee and leo lee,as well as third director of paul mai.Moto-tron racing now designs, develops,manufactures and markets road/off road and racing motocycle parts.They are sold in worldwide markets. We have 56 cnc machines in our factory,4 axis and 5 axis cnc service and dual-spindle y axis cnc lathe service are available. 10 Engineers and designers are working for our customers,our racing product R&D manager have more than 16 years motorcycle racing experience, he lead our team in the professional direction. If you want something but not in our catalogue, feel free to contact us, we will do our best to fulfill your requirements.",,,,"Building 68, Unit 101, Dongji Smart Innovation City, No. 1 Commercial Avenue East, Huanggang Community, Dongcheng Street, Sihui City zhaoqing GUANGDONG",Sihui City zhaoqing GUANGDONG,
"GUANGDONG SHUOWEI TECHNOLOGY CO., LTD. - VALUEDSHOW (SHAGNHAI) MANAGEMENT LLC",,,,,,,,
"GUANGDONG TONGLI POWER TECHNOLOGY CO.,LTD - CCCME",,,,,,,,
"GUANGDONG YIJIA SPORTS INDUSTRY CO., LTD. - IONGSTAR PROYECTOS, S.R.L",,,,,,,,
"GUANGDONG ZHIHU SPORTSWEAR CO.,LTD. - SARING SP. Z O.O",Pad. 9 - Stand N88,,,,,,,
"GUANGXI QICHI TRADING CO., LTD.",,,,,,,,
GUANGZHOU BOTAI OPTICAL TECHNOLOGY CO.LTD - SINOLIGHT INTERNATIONAL HOLDINGS CORPORATION (CLETC),"Pad. 14,4,6,9,7 - Stand C05,C08,E60,E64,E72,E76,I10,S85,U29,U30,E54,G61,S70,S68,S74,S76,S80,Q64,P82,E53,R64,I14,T94,C81,C87,A84,B87,A90,E55,S59",,,,https://cletc.com,SINOLIGHT PLAZA NO.4 WANG JING CHAOYANG DISTRICT BEIJING BEIJING,,
"GUANGZHOU BULLS MOTOR ACCESSORIES CO.,LTD - HI-LIGHTING INT'L EXHIBITION BEIJING CO. LTD","Pad. 4,9 - Stand I56,I60,I66,T80,S86",,,,https://hi-lighting.com,"12B07 BUILDING A U-SPACE, NO.8 GUANGQUMENWAI STREET CHAOYANG CHINA",NO.8 GUANGQUMENWAI STREET CHAOYANG CHINA,
"GUANGZHOU DEKADI AUTO ACCESSORIES CO., LTD. - CHUANGJI EXHIBITION","Pad. 4 - Stand O62,O60,R85,R78",,,,,,,
"GUANGZHOU DONGRIXIN PHOTOELECITY LIGHTING CO.,LTD - CCPIT AUTO","Pad. 4 - Stand M56,M60,M64,M70,M55,O61",,,,https://auto-ccpit.org,3/F BAIYUN BUILDING 1 BAIYUN ROAD XICHENG BEIJING BEIJING,,
"GUANGZHOU FORDA SIGNAL CO., LTD. - IONGSTAR PROYECTOS, S.R.L","Pad. 4 - Stand O62,O60,R85,R78",,,,,,,
"GUANGZHOU HANGBAO GROUP CO.,LTD",Pad. 6 - Stand I16,"Be the best SUPPORTER of helmet brands YAOHUI lens was founded in 2002 and is located in Huadu District, Guangzhou City. It covers an area of over 60,000 square meters and currently employees more than 350 people, Annual output of 500 sets of molds and 15 million visors. Botai is a comprehensive enterprise that integrates R &D , production, and marketing, specializing in optical molds, lenses, and sports products. It is a leading enterprise in helmet and optical industry of China. The main products include helmet lenses, helmet molds, ski goggles & visors, military protective glasses, and protective gear. Botai passed the ""ISO9001"" certification in 2006, the ""European ECE standard"" in 2008, and the ""American SNELL, DOT standard"" in 2010. The company has over 130 product patents! The technology. research and development center has over 40 technical personnel and 5 doctors , and the product technology and quality level are at the forefront of China. Botai occupies the market with its strength, innovates its brand with technology, wins customers with quality, and continuously achieves excellence in development. Be the best SUPPORTER of helmet brands YAOHUI lens was founded in 2002 and is located in Huadu District, Guangzhou City. It covers an area of over 60,000 square meters and currently employees more than 350 people, Annual output of 500 sets of molds and 15 million visors. Botai is a comprehensive enterprise that integrates R &D , production, and marketing, specializing in optical molds, lenses, and sports products. It is a leading enterprise in helmet and optical industry of China. The main products include helmet lenses, helmet molds, ski goggles & visors, military protective glasses, and protective gear. Botai passed the ""ISO9001"" certification in 2006, the ""European ECE standard"" in 2008, and the ""American SNELL, DOT standard"" in 2010. The company has over 130 product patents! The technology. research and development center has over 40 technical personnel and 5 doctors , and the product technology and quality level are at the forefront of China. Botai occupies the market with its strength, innovates its brand with technology, wins customers with quality, and continuously achieves excellence in development.",,,,"Room201,Ridgepole A1,NO.11-1,Xinnan Economic Society,Xinzhuang Section,Shiling Town,Huadu district GUANGZHOU GUANGDONG",Huadu district GUANGZHOU GUANGDONG,
"GUANGZHOU HAOJIN MOTORCYCLE CO., LTD",Pad. 10 - Stand I86,"Guangzhou Haojin Motorcycle Co., LTD is a large industrial enterprise specializing in research and development, production of motorcycle, motorcycle engine, general machinery and key parts. Haojin was founded in 2001. The headquarter is located in Guangzhou China with an area of over 333,000 square meters and the construction area more than 200,000 square meter. Haojin has a world-class motorcycle factory, a R&D center, a manufacturing center, a sales center, an operation management center and an export base, and also has a staff living area with elegant environment and complete cultural and entertainment facilities. Besides, Haojin has a producing capacity of more than 1 million motorcycles and engines a year and has won many honorary titles like ""Guangzhou excellent private enterprise"", ""Guangdong high-tech enterprise"", ""Guangdong top 100 manufacturing enterprises"" and ""China famous trademark"". Meanwhile, Haojin is one of the largest export enterprises of motorcycle industrial products in China. Haojin motorcycle series have been exported to 5 continents and more than 50 countries and regions in the world, among which Haojin has an advanced ranking in 30 countries and regions, earning a high popularity and reputation and has become a special supported brand by the Ministry of Commerce of China. Guangzhou Haojin Motorcycle Co., LTD is a large industrial enterprise specializing in research and development, production of motorcycle, motorcycle engine, general machinery and key parts. Haojin was founded in 2001. The headquarter is located in Guangzhou China with an area of over 333,000 square meters and the construction area more than 200,000 square meter. Haojin has a world-class motorcycle factory, a R&D center, a manufacturing center, a sales center, an operation management center and an export base, and also has a staff living area with elegant environment and complete cultural and entertainment facilities. Besides, Haojin has a producing capacity of more than 1 million motorcycles and engines a year and has won many honorary titles like ""Guangzhou excellent private enterprise"", ""Guangdong high-tech enterprise"", ""Guangdong top 100 manufacturing enterprises"" and ""China famous trademark"". Meanwhile, Haojin is one of the largest export enterprises of motorcycle industrial products in China. Haojin motorcycle series have been exported to 5 continents and more than 50 countries and regions in the world, among which Haojin has an advanced ranking in 30 countries and regions, earning a high popularity and reputation and has become a special supported brand by the Ministry of Commerce of China.",,,https://en.haojin.com.cn,"NO.38, LIXIN ROAD NO.12TH, XINTANG TOWN, ZENGCHENG, GUANGZHOU, CHINASTRICT GUANGZHOU GUANGDONG",CHINASTRICT GUANGZHOU GUANGDONG,
"GUANGZHOU HIMAX TECHNOLOGY CO.,LTD - SINOLIGHT INTERNATIONAL HOLDINGS CORPORATION (CLETC)","Pad. 14,4,6,9,7 - Stand C05,C08,E60,E64,E72,E76,I10,S85,U29,U30,E54,G61,S70,S68,S74,S76,S80,Q64,P82,E53,R64,I14,T94,C81,C87,A84,B87,A90,E55,S59",,,,,,,
"GUANGZHOU JINCHENG AOAN AUTO PARTS MANUFACTURING CO., LTD. - CHUANGJI EXHIBITION",,,,,,,,
"GUANGZHOU JINHAO SPORTING PRODUCT CO.,LTD LTD",,,,,,,,
"GUANGZHOU LOYO ELECTRONIC TECHNOLOGY CO.,LTD - HI-LIGHTING INT'L EXHIBITION BEIJING CO. LTD",Pad. 9 - Stand T80,,,,,,,
"GUANGZHOU LVQI OUTDOOR PRODUCTS CO.,LTD - HI-LIGHTING INT'L EXHIBITION BEIJING CO. LTD","Pad. 4,9 - Stand I56,I60,I66,T80,S86",,,,,,,
"GUANGZHOU RACEPRO INTERNATIONAL TRADE CO.,LTD",,,,,,,,
"GUANGZHOU RICH TECHNOLOGY CO., LTD",Pad. 4 - Stand O77,"We professtional supplier of Honda motorcycle parts with 11 years experience. All motorcycle spare parts and accesories sold by us is either original or OEM with good quality. XY motorcycle parts company is getting stronger with its broad brand and professional knowledge, the company has always implemented the corporate philosophy of ""people-oriented, honest management"", and has always adhered to the service purpose of ""where the product is sold, where the service is followed"", and has been deeply trusted and supported by the majority of users. We professtional supplier of Honda motorcycle parts with 11 years experience. All motorcycle spare parts and accesories sold by us is either original or OEM with good quality. XY motorcycle parts company is getting stronger with its broad brand and professional knowledge, the company has always implemented the corporate philosophy of ""people-oriented, honest management"", and has always adhered to the service purpose of ""where the product is sold, where the service is followed"", and has been deeply trusted and supported by the majority of users.",,,,"ROOM 701, NO 24, LANE 12, NEW WEST, LIANTANG, XINHUA STREET, HUADU DISTRICT, GUANGZHOU. GUANGZHOU GUANGDONG",GUANGZHOU. GUANGZHOU GUANGDONG,
GUANGZHOU SOMTA OPT TECH LTD - BRØDRESKIFT TECH AS,Pad. 18 - Stand H58,,,,https://brodreskifttech.top,BERGERVEIEN 26 ASKER VIKEN,,
"GUANGZHOU TANGZE MOTORCYCLE PARTS CO., LTD. - ARCTORA LIMITED",Pad. 5 - Stand T52,,,,https://arctora.com,"8 THE GREEN,STE R DOVER Delaware",STE R DOVER Delaware,
"GUANGZHOU TENGCHANG TRADING CO., LTD. - SINOLIGHT INTERNATIONAL HOLDINGS CORPORATION (CLETC)","Pad. 14,4,6,9,7 - Stand C05,C08,E60,E64,E72,E76,I10,S85,U29,U30,E54,G61,S70,S68,S74,S76,S80,Q64,P82,E53,R64,I14,T94,C81,C87,A84,B87,A90,E55,S59",,,,https://cletc.com,SINOLIGHT PLAZA NO.4 WANG JING CHAOYANG DISTRICT BEIJING BEIJING,,
"GUANGZHOU WEISEN E-COMMERCE CO., LTD. - BRØDRESKIFT TECH AS",Pad. 18 - Stand H58,,,,https://brodreskifttech.top,BERGERVEIEN 26 ASKER VIKEN,,
"GUANGZHOU WEIYI INTERNATIONAL IMPORT AND EXPORT CO., LTD - SINOLIGHT INTERNATIONAL HOLDINGS CORPORATION (CLETC)","Pad. 4 - Stand O62,O60,R85,R78",,,,,,,
"GUANGZHOU XINHUI PLASTIC&RUBBER MOULD CO.,LTD. - HI-LIGHTING INT'L EXHIBITION BEIJING CO. LTD",Pad. 4 - Stand I60,,,,,,,
GUARESCHI CLAUDIO & C. SRL - UPMAP SRL,Pad. 5 - Stand I55,,,,,,,
"GUMANDE TIRE - FUJIAN HEXING RUBBER CO., LTD",,,,,,,,
"GUSITE - YADEA TECHNOLOGY GROUP CO.,LTD",Pad. 11 - Stand M06,"Yadea (01585.HK) is the world's leading electric two-wheeler brand, with the product mainly covering electric motorcycles, electric mopeds, electric bicycles, electric tricycles, electric kick scooters, graphene lead-acid batteries, and sodium-ion batteries, along with their components and accessories. Headquartered in Wuxi, Jiangsu, Yadea operates 9 global production and R&D bases, spanning Jiangsu, Tianjin, Zhejiang, Guangdong, Chongqing, and Anhui, as well as overseas facilities in Vietnam, Indonesia and Thailand. Yadea’s products are sold in over 100 countries, with a retail network exceeding 40,000 stores worldwide. The company holds over 2,000 patents and boasts 3 national CNAS-certified laboratories, 6 technology research centers, and a national-level industrial design center. Yadea has also made groundbreaking advancements in the independent development of battery, motor, and electronic control technologies. Yadea is committed to its mission of ""Providing a wonderful journey for global users."" Yadea continuously delivers innovative, user-centric products and services by focusing on short- and medium-distance mobility. The company strives to make commuting more convenient and enjoyable, enhance people’s happiness, and contribute to a greener and more sustainable future, ensuring that users worldwide can experience the joy of electric mobility. Yadea (01585.HK) is the world's leading electric two-wheeler brand, with the product mainly covering electric motorcycles, electric mopeds, electric bicycles, electric tricycles, electric kick scooters, graphene lead-acid batteries, and sodium-ion batteries, along with their components and accessories. Headquartered in Wuxi, Jiangsu, Yadea operates 9 global production and R&D bases, spanning Jiangsu, Tianjin, Zhejiang, Guangdong, Chongqing, and Anhui, as well as overseas facilities in Vietnam, Indonesia and Thailand. Yadea’s products are sold in over 100 countries, with a retail network exceeding 40,000 stores worldwide. The company holds over 2,000 patents and boasts 3 national CNAS-certified laboratories, 6 technology research centers, and a national-level industrial design center. Yadea has also made groundbreaking advancements in the independent development of battery, motor, and electronic control technologies. Yadea is committed to its mission of ""Providing a wonderful journey for global users."" Yadea continuously delivers innovative, user-centric products and services by focusing on short- and medium-distance mobility. The company strives to make commuting more convenient and enjoyable, enhance people’s happiness, and contribute to a greener and more sustainable future, ensuring that users worldwide can experience the joy of electric mobility.",,,https://yadea.com,NO.515 XISHAN ROAD ANZHEN TOWN XISHAN DISTRICT WUXI JIANGSU,,
"H.T. - SPRING TRADE CO., LTD.",,,,,,,,
HAAN WHEELS - RK TAKASAGO CHAIN & EXCEL RIM,Pad. 5 - Stand A70,,,,,,,
"HAIBAO - SHANDONG BUS INTERNATIONAL TRADE CO, LTD.",,,,,,,,
"HAINING TELI HARDWARE TOOLS CO., LTD - CCPIT AUTO","Pad. 4 - Stand M56,M60,M64,M70,M55,O61",,,,,,,
HAIQON INDUSTRIES,Pad. 18 - Stand C68,,,,https://haiqonind.com,EIMANABAD ROAD SIALKOT PUNJAB,,
"HANERGY ENERGY TECHNOLOGY (CHONGQING) CO., LTD - HI-LIGHTING INT'L EXHIBITION BEIJING CO. LTD","Pad. 4,9 - Stand I56,I60,I66,T80,S86",,,,https://hi-lighting.com,"12B07 BUILDING A U-SPACE, NO.8 GUANGQUMENWAI STREET CHAOYANG CHINA",NO.8 GUANGQUMENWAI STREET CHAOYANG CHINA,
"HANGZHOU CASTLE ENTERPRISE CO., LTD - HI-LIGHTING INT'L EXHIBITION BEIJING CO. LTD",Pad. 4 - Stand I56,,,,,,,
"HANGZHOU CHENGSHUO INTERNATIONAL IMPORT AND EXPORT CO., LTD. - CHUANGJI EXHIBITION",,,,,,,,
"HANGZHOU DAYI INTELLIGENT TECHNOLOGY CO., LTD",Pad. 9 - Stand R75,"Hangzhou Dayi Intelligent Technology Co., LTD (known as DAYI Motor) is one of the leading manufacturers and exporters in the field of electric motorcycles & scooters in China. The company has been approved of ISO9001 quality management system certification. And all series products have been approved of EEC and COC certificate issued by the EU Ministry of Transport. DAYI Motor sticks to the belief of supreme quality and design on the products provided to various markets. DAYI Motor has setup its warehouse in the Netherlands from where the vehicles are deposited and dispatched to the customers covering the whole EU market. In the past decade, DAYI Motor devoted itself into the manufacturering, innovation and marketing of the electric two-wheelers vehicle. We kept launching new models at every exhibition EICMA and INTERMOT, the most two influential summits in the sector of two wheelers industry in the world. We look forward to working, sharing the dividends brought by the technological creation of electric vehicles and making the world better with our customers worldwide. Hangzhou Dayi Intelligent Technology Co., LTD (known as DAYI Motor) is one of the leading manufacturers and exporters in the field of electric motorcycles & scooters in China. The company has been approved of ISO9001 quality management system certification. And all series products have been approved of EEC and COC certificate issued by the EU Ministry of Transport. DAYI Motor sticks to the belief of supreme quality and design on the products provided to various markets. DAYI Motor has setup its warehouse in the Netherlands from where the vehicles are deposited and dispatched to the customers covering the whole EU market. In the past decade, DAYI Motor devoted itself into the manufacturering, innovation and marketing of the electric two-wheelers vehicle. We kept launching new models at every exhibition EICMA and INTERMOT, the most two influential summits in the sector of two wheelers industry in the world. We look forward to working, sharing the dividends brought by the technological creation of electric vehicles and making the world better with our customers worldwide.",,,https://dayimotor.com,"Room 1203, Building 9, Fengzhizhu, Yunkong City, Wuchang Sub-district, Yuhang District HANGZHOU ZHEJIANG",Yuhang District HANGZHOU ZHEJIANG,
"HANGZHOU DIANCHE INTELLIGENT TECHNOLOGY CO., LTD",Pad. 6 - Stand M13,,,,,,,
"HANGZHOU FLYER FASTENER CO., LTD - SINOLIGHT INTERNATIONAL HOLDINGS CORPORATION (CLETC)","Pad. 14,4,6,9,7 - Stand C05,C08,E60,E64,E72,E76,I10,S85,U29,U30,E54,G61,S70,S68,S74,S76,S80,Q64,P82,E53,R64,I14,T94,C81,C87,A84,B87,A90,E55,S59",,,,https://cletc.com,SINOLIGHT PLAZA NO.4 WANG JING CHAOYANG DISTRICT BEIJING BEIJING,,
HANGZHOU HAIJIU BATTERY CO. LTD - MANDELLI SRL,Pad. 10 - Stand C80,,,,,,,
HANGZHOU HIGH PER CORPORATION LTD. - CHINA ELECTRIC TWO-WHEELERS ASSOCIATION,,,,,,,,
"HANGZHOU HOPECHART IOT TECHNOLOGY CO., LTD - HOPECHART IOT MIDDLE EAST AUTO SPARE PART TRADING L.L.C",Pad. 5 - Stand S68,,,,,,,
"HANGZHOU HORECA TECHNOLOGY CO.,LTD.",Pad. 4 - Stand I77,"Hangzhou Horeca Technology Co., Ltd. was founded in 2017 and is based in Hangzhou, near Shanghai and Ningbo. As a manufacturer and trader, we operate factories in Hangzhou and Xuzhou, ensuring high-quality production and efficient supply chain management. Hangzhou Horeca Technology Co., Ltd. was founded in 2017 and is based in Hangzhou, near Shanghai and Ningbo. As a manufacturer and trader, we operate factories in Hangzhou and Xuzhou, ensuring high-quality production and efficient supply chain management.",,,,"R2603 Jiarui Building,No.1616 Jingcheng Road Beigan, Xiaoshan, Hangzhou, Zhejiang, China HANGZHOU ZHEJIANG",China HANGZHOU ZHEJIANG,
"HANGZHOU KUMOSHI TECHNOLOGY CO.,LTD - VALUEDSHOW (SHAGNHAI) MANAGEMENT LLC",,,,,,,,
"HANGZHOU LANTU TECHNOLOGY CO., LTD - AUTOFANTASY SRL - LANTU LTD",,,,,,,,
"HANGZHOU LEISHEN MOTORCYCLE CO.,LTD - HANGZHOU SFR TECHNOLOGY CO., LTD",Pad. 9 - Stand O89,,,,,"NO.12,HAISHU ROAD ,CANGQIAN INDUSTRIAL ZONE,YUHANG DISTRICT HANGZHOU ZHEJIANG",YUHANG DISTRICT HANGZHOU ZHEJIANG,
"HANGZHOU OKAI RUIXING NETWORK TECHNOLOGY CO., LTD. - CHUANGJI EXHIBITION",,,,,,,,
"HANGZHOU PULATO SCIENCE AND TECHNOLOGY CO., LTD - SINOLIGHT INTERNATIONAL HOLDINGS CORPORATION (CLETC)","Pad. 14,4,6,9,7 - Stand C05,C08,E60,E64,E72,E76,I10,S85,U29,U30,E54,G61,S70,S68,S74,S76,S80,Q64,P82,E53,R64,I14,T94,C81,C87,A84,B87,A90,E55,S59",,,,https://cletc.com,SINOLIGHT PLAZA NO.4 WANG JING CHAOYANG DISTRICT BEIJING BEIJING,,
"HANGZHOU QIULONG TECHNOLOGY CO.,LTD - MOTOR APEXHOLDINGS LLC",,,,,,,,
"HANGZHOU SATURN POWER TECHNOLOGY CO., LTD.",Pad. 18 - Stand A54,"Hangzhou Saturn Power Technology Co., Ltd. was established in 2016, and now we have north and south two factories. We are a high-tech enterprise with first-class access qualifications for the production of national road motor vehicles. We are also a provincial research and development center and a national-level “Professional Excellence and Innovation Enterprise”. The company has set up a digital simulation and analysis team and is equipped with the best design, R&D, and manufacturing system for engines, two-wheel and four-wheel vehicles. Hangzhou Saturn Power Technology Co., Ltd. was established in 2016, and now we have north and south two factories. We are a high-tech enterprise with first-class access qualifications for the production of national road motor vehicles. We are also a provincial research and development center and a national-level “Professional Excellence and Innovation Enterprise”. The company has set up a digital simulation and analysis team and is equipped with the best design, R&D, and manufacturing system for engines, two-wheel and four-wheel vehicles.",,,,"NO.282 RENLANG RD, RENHE STREET. YUHANG DISTRICT HANGZHOU ZHEJIANG",RENHE STREET. YUHANG DISTRICT HANGZHOU ZHEJIANG,
"HANGZHOU SFR TECHNOLOGY CO., LTD",Pad. 9 - Stand O89,,,,,"NO.12,HAISHU ROAD ,CANGQIAN INDUSTRIAL ZONE,YUHANG DISTRICT HANGZHOU ZHEJIANG",YUHANG DISTRICT HANGZHOU ZHEJIANG,
"HANGZHOU SKYRICH POWER CO.,LTD",Pad. 6 - Stand B42,"Hangzhou Skyrich Power CO.,LTD.was established in 2002, advocating for environmentally friendly new energy industries and devoting to the research, production and sales of high quality Li-polymer batteries. Skyrich products are mainly applied in the motorcycle,e-Motorcycle, and electric vehicle, the motorcycle engine start lithium battery that SKYRlCH developed, pioneered the motorcycle lithium battery in replacing the traditional lead acid battery. it can replace the motorcycle's original battery exactly with multiple benefits. SKYRICHH is supplying the world famous motorcycle manufacturers: Japan HONDA , ltaly DUCAT, Japan KAWASAKI, Austra KTM, UK TRIUMPH and the list goes on! Hangzhou Skyrich Power CO.,LTD.was established in 2002, advocating for environmentally friendly new energy industries and devoting to the research, production and sales of high quality Li-polymer batteries. Skyrich products are mainly applied in the motorcycle,e-Motorcycle, and electric vehicle, the motorcycle engine start lithium battery that SKYRlCH developed, pioneered the motorcycle lithium battery in replacing the traditional lead acid battery. it can replace the motorcycle's original battery exactly with multiple benefits. SKYRICHH is supplying the world famous motorcycle manufacturers: Japan HONDA , ltaly DUCAT, Japan KAWASAKI, Austra KTM, UK TRIUMPH and the list goes on!",,,https://skyrichpower.com,"NO118 LINBAN ROAD,HANGZHOU HANGZHOU ZHEJIANG",HANGZHOU HANGZHOU ZHEJIANG,
"HANGZHOU SKYRICH POWER CO.,LTD - MANDELLI SRL",Pad. 6 - Stand B42,"Hangzhou Skyrich Power CO.,LTD.was established in 2002, advocating for environmentally friendly new energy industries and devoting to the research, production and sales of high quality Li-polymer batteries. Skyrich products are mainly applied in the motorcycle,e-Motorcycle, and electric vehicle, the motorcycle engine start lithium battery that SKYRlCH developed, pioneered the motorcycle lithium battery in replacing the traditional lead acid battery. it can replace the motorcycle's original battery exactly with multiple benefits. SKYRICHH is supplying the world famous motorcycle manufacturers: Japan HONDA , ltaly DUCAT, Japan KAWASAKI, Austra KTM, UK TRIUMPH and the list goes on! Hangzhou Skyrich Power CO.,LTD.was established in 2002, advocating for environmentally friendly new energy industries and devoting to the research, production and sales of high quality Li-polymer batteries. Skyrich products are mainly applied in the motorcycle,e-Motorcycle, and electric vehicle, the motorcycle engine start lithium battery that SKYRlCH developed, pioneered the motorcycle lithium battery in replacing the traditional lead acid battery. it can replace the motorcycle's original battery exactly with multiple benefits. SKYRICHH is supplying the world famous motorcycle manufacturers: Japan HONDA , ltaly DUCAT, Japan KAWASAKI, Austra KTM, UK TRIUMPH and the list goes on!",,,https://skyrichpower.com,"NO118 LINBAN ROAD,HANGZHOU HANGZHOU ZHEJIANG",HANGZHOU HANGZHOU ZHEJIANG,
"HANGZHOU TROMOX TECHNOLOGY CO., LTD",Pad. 18 - Stand E53,"Hangzhou Tromox Technology Co., Ltd. is a high-tech enterprise focusing on creating an intelligent e-mobility ecology. With independent R&D of the core technology, Tromox adheres to the green way of mobility. By adopting trendy design, we create intelligent electric motorcycles and travel peripheral products, to provide Tromox users with a passionate lifestyle. Hangzhou Tromox Technology Co., Ltd. is a high-tech enterprise focusing on creating an intelligent e-mobility ecology. With independent R&D of the core technology, Tromox adheres to the green way of mobility. By adopting trendy design, we create intelligent electric motorcycles and travel peripheral products, to provide Tromox users with a passionate lifestyle.",,,,"Room 606, Block A6, Cainiao Smart Valley, Yuhang, Hangzhou, Zhejiang HANGZHOU Zhejiang",Zhejiang HANGZHOU Zhejiang,
"HANGZHOU WEISHI ELECTRONICS CO., LTD",,,,,,,,
"HANGZHOU XIBU TECHNOLOGY CO., LTD. - HANGZHOU TROMOX TECHNOLOGY CO., LTD",Pad. 18 - Stand E53,"Hangzhou Tromox Technology Co., Ltd. is a high-tech enterprise focusing on creating an intelligent e-mobility ecology. With independent R&D of the core technology, Tromox adheres to the green way of mobility. By adopting trendy design, we create intelligent electric motorcycles and travel peripheral products, to provide Tromox users with a passionate lifestyle. Hangzhou Tromox Technology Co., Ltd. is a high-tech enterprise focusing on creating an intelligent e-mobility ecology. With independent R&D of the core technology, Tromox adheres to the green way of mobility. By adopting trendy design, we create intelligent electric motorcycles and travel peripheral products, to provide Tromox users with a passionate lifestyle.",,,,"Room 606, Block A6, Cainiao Smart Valley, Yuhang, Hangzhou, Zhejiang HANGZHOU Zhejiang",Zhejiang HANGZHOU Zhejiang,
"HANGZHOU YANLI RAINWEAR CO.,LTD. - CCCME",,,,,,,,
"HANGZHOU YONGLI FRICTION MATERIAL CO.,LTD - SINOLIGHT INTERNATIONAL HOLDINGS CORPORATION (CLETC)","Pad. 14,4,6,9,7 - Stand C05,C08,E60,E64,E72,E76,I10,S85,U29,U30,E54,G61,S70,S68,S74,S76,S80,Q64,P82,E53,R64,I14,T94,C81,C87,A84,B87,A90,E55,S59",,,,,,,
"HANSA LEATHER GARMENTS (PVT), LTD",Pad. 18 - Stand D81,"One of the pioneers that started the leather garments and apparel business was HANSA Manufacturing in 1971. Located in Sialkot, Pakistan. Mr. Muhammad Hanif Khan (CEO), quickly established HANSA Manufacturing as one of the best producers of leather garments and gloves. We create a wide variety of Motorbike textile garments, Shoes, and Gloves. Being one of the largest buyers of cowhide and sheep leather from local markets HANSA also procures synthetic fabrics and materials from the world’s top-notch suppliers. The HANSA team of highly skilled and qualified specialists is always eager to pursue new concepts, colors, designs, and innovations using incredibly complicated materials and production methods. Because product innovation plays a significant part in business growth, our faculty has merged R&D teams with skilled designers who are working hard to elevate HANSA to the next level. Our goal is to stimulate original thinking through focused efforts and also help your reputation to boost production to meet demand. The company's continued commitment to satisfying customer demand is technologically affirmed by the HANSA innovative line. The company is ready to customize, style, and safety for bikers all over the world. We being exporters of motorbike apparel, textile, gloves, and shoes keep an eye on the latest trends for various markets and our buyers always stay high in the game. HANSA is an advanced manufacturing facility for established and emerging brands. One of the pioneers that started the leather garments and apparel business was HANSA Manufacturing in 1971. Located in Sialkot, Pakistan. Mr. Muhammad Hanif Khan (CEO), quickly established HANSA Manufacturing as one of the best producers of leather garments and gloves. We create a wide variety of Motorbike textile garments, Shoes, and Gloves. Being one of the largest buyers of cowhide and sheep leather from local markets HANSA also procures synthetic fabrics and materials from the world’s top-notch suppliers. The HANSA team of highly skilled and qualified specialists is always eager to pursue new concepts, colors, designs, and innovations using incredibly complicated materials and production methods. Because product innovation plays a significant part in business growth, our faculty has merged R&D teams with skilled designers who are working hard to elevate HANSA to the next level. Our goal is to stimulate original thinking through focused efforts and also help your reputation to boost production to meet demand. The company's continued commitment to satisfying customer demand is technologically affirmed by the HANSA innovative line. The company is ready to customize, style, and safety for bikers all over the world. We being exporters of motorbike apparel, textile, gloves, and shoes keep an eye on the latest trends for various markets and our buyers always stay high in the game. HANSA is an advanced manufacturing facility for established and emerging brands.",,,https://hansamfg.com,SADPUR ROAD SIALKOT PUNJAB,,
HARLEY-DAVIDSON EUROPE LTD,Pad. 14 - Stand E42,"In 1903, out of a small shed in Milwaukee, Wisconsin, four young men lit a cultural wildfire that would grow and spread across geographies and generations. Their innovation and imagination for what was possible on two wheels sparked a transportation revolution and lifestyle that would make Harley-Davidson the most desirable motorcycle and lifestyle brand in the world. Today, we continue to define motorcycle culture and lifestyle, evoking soul-stirring emotion reflected in every product and experience we deliver, like we have for well over a century and will for generations to come. In 1903, out of a small shed in Milwaukee, Wisconsin, four young men lit a cultural wildfire that would grow and spread across geographies and generations. Their innovation and imagination for what was possible on two wheels sparked a transportation revolution and lifestyle that would make Harley-Davidson the most desirable motorcycle and lifestyle brand in the world. Today, we continue to define motorcycle culture and lifestyle, evoking soul-stirring emotion reflected in every product and experience we deliver, like we have for well over a century and will for generations to come.",,,https://harley-davidson.com,"192B PARK DRIVE, MILTON PARK ABINGDON OXFORDSHIRE",MILTON PARK ABINGDON OXFORDSHIRE,
HARRI S - ARIETE - SANDRO MENTASTI S.R.L.,Pad. 6 - Stand C35,,,,,,,
HASSAN ZB INTERNATIONAL - TDAP,,,,,,,,
HAWK - SPARMART S.R.L.,Pad. 9 - Stand E71,,,,https://sparmart.it,VIA BORIMA 23 SUELLO LC,,
HAYEESONS CORPORATION,Pad. 11 - Stand C10,"“HAYEESONS CORPORATION” as; • A name in Leather and Textile, Motorcycle Apparels and Accessories. • A name in quality and workmanship. • A name that stands, just behind its products and commitments. • A name that has 4 Decades of manufacturing experience.The Company ""HAYEESONS"" was formed in 1965. We are proud of the reputation that we have developed over the years with regards to our customer service and quality. All of us at HAYEESONS CORPORATION, would like to let you know that you would not only a customer or just a client but, to us a very important business counterpart to whom we render our superior services at all the time. We are always proud of our efficiency with the knowledge of Technical know-how, style and fashion. When you produce from HAYEESONS,you are buying not only comfort, style and quality, but the experience of four decades. We know that “profit means responsibility” we boost our business by quality products in competitive prices with most advanced features and technical assistance. We strive to develop our organization have a strong team of dedicated professionals and satisfied customers. Providing total quality in product, services and customer satisfaction, our company is committed with environment, community and country. We are specialized in all type of Leather andTextile Garments i.e. (Jackets, Suits, Trousers, Bib Pants etc.) Gloves i.e. Motor Gloves, Motor Cross Gloves, Driving Gloves (Summer,Winter, Waterproof etc.). We are professionally working with all labs for CE certifications of CE EN17092 and CE EN13594. “HAYEESONS CORPORATION” as; • A name in Leather and Textile, Motorcycle Apparels and Accessories. • A name in quality and workmanship. • A name that stands, just behind its products and commitments. • A name that has 4 Decades of manufacturing experience.The Company ""HAYEESONS"" was formed in 1965. We are proud of the reputation that we have developed over the years with regards to our customer service and quality. All of us at HAYEESONS CORPORATION, would like to let you know that you would not only a customer or just a client but, to us a very important business counterpart to whom we render our superior services at all the time. We are always proud of our efficiency with the knowledge of Technical know-how, style and fashion. When you produce from HAYEESONS,you are buying not only comfort, style and quality, but the experience of four decades. We know that “profit means responsibility” we boost our business by quality products in competitive prices with most advanced features and technical assistance. We strive to develop our organization have a strong team of dedicated professionals and satisfied customers. Providing total quality in product, services and customer satisfaction, our company is committed with environment, community and country. We are specialized in all type of Leather andTextile Garments i.e. (Jackets, Suits, Trousers, Bib Pants etc.) Gloves i.e. Motor Gloves, Motor Cross Gloves, Driving Gloves (Summer,Winter, Waterproof etc.). We are professionally working with all labs for CE certifications of CE EN17092 and CE EN13594.",,,https://hayeesons.com,RAGHIB TOWN PASRUR ROAD SIALKOT PUNJAB,,
"HEBEI HEIYI RUBBER CO., LTD. - VALUEDSHOW (SHAGNHAI) MANAGEMENT LLC",Pad. 7 - Stand Q05,,,,,,,
"HEBEI XINSHITAI SEALING CO., LTD - SINOLIGHT INTERNATIONAL HOLDINGS CORPORATION (CLETC)","Pad. 14,4,6,9,7 - Stand C05,C08,E60,E64,E72,E76,I10,S85,U29,U30,E54,G61,S70,S68,S74,S76,S80,Q64,P82,E53,R64,I14,T94,C81,C87,A84,B87,A90,E55,S59",,,,,,,
HEDON-HEDKASE LIMITED,Pad. 14 - Stand I28,,,,,,,
"HEIYI RUBBER CO., LTD - IMPORTERS & EXPORTERS ASSOCIATION OF TAIPEI",,,,,,,,
HEL PERFORMANCE - FORBIKES SRL,,,,,,,,
HELD GMBH,Pad. 14 - Stand E39,"For 75 years: Motorcycling is our passion, safety and comfort are our mission, BE HEROIC is our motto. We are HELD, a renowned, family-run company, leading manufacturer of motorcycle clothing and accessories, with over 130 employees and sales representatives in approximately 50 countries worldwide. For 75 years: Motorcycling is our passion, safety and comfort are our mission, BE HEROIC is our motto. We are HELD, a renowned, family-run company, leading manufacturer of motorcycle clothing and accessories, with over 130 employees and sales representatives in approximately 50 countries worldwide.",,,https://held.de,AN DER OSTRACH 7 BURGBERG BAVARIA,,
"HELIOS - YADEA TECHNOLOGY GROUP CO.,LTD",Pad. 11 - Stand M06,"Yadea (01585.HK) is the world's leading electric two-wheeler brand, with the product mainly covering electric motorcycles, electric mopeds, electric bicycles, electric tricycles, electric kick scooters, graphene lead-acid batteries, and sodium-ion batteries, along with their components and accessories. Headquartered in Wuxi, Jiangsu, Yadea operates 9 global production and R&D bases, spanning Jiangsu, Tianjin, Zhejiang, Guangdong, Chongqing, and Anhui, as well as overseas facilities in Vietnam, Indonesia and Thailand. Yadea’s products are sold in over 100 countries, with a retail network exceeding 40,000 stores worldwide. The company holds over 2,000 patents and boasts 3 national CNAS-certified laboratories, 6 technology research centers, and a national-level industrial design center. Yadea has also made groundbreaking advancements in the independent development of battery, motor, and electronic control technologies. Yadea is committed to its mission of ""Providing a wonderful journey for global users."" Yadea continuously delivers innovative, user-centric products and services by focusing on short- and medium-distance mobility. The company strives to make commuting more convenient and enjoyable, enhance people’s happiness, and contribute to a greener and more sustainable future, ensuring that users worldwide can experience the joy of electric mobility. Yadea (01585.HK) is the world's leading electric two-wheeler brand, with the product mainly covering electric motorcycles, electric mopeds, electric bicycles, electric tricycles, electric kick scooters, graphene lead-acid batteries, and sodium-ion batteries, along with their components and accessories. Headquartered in Wuxi, Jiangsu, Yadea operates 9 global production and R&D bases, spanning Jiangsu, Tianjin, Zhejiang, Guangdong, Chongqing, and Anhui, as well as overseas facilities in Vietnam, Indonesia and Thailand. Yadea’s products are sold in over 100 countries, with a retail network exceeding 40,000 stores worldwide. The company holds over 2,000 patents and boasts 3 national CNAS-certified laboratories, 6 technology research centers, and a national-level industrial design center. Yadea has also made groundbreaking advancements in the independent development of battery, motor, and electronic control technologies. Yadea is committed to its mission of ""Providing a wonderful journey for global users."" Yadea continuously delivers innovative, user-centric products and services by focusing on short- and medium-distance mobility. The company strives to make commuting more convenient and enjoyable, enhance people’s happiness, and contribute to a greener and more sustainable future, ensuring that users worldwide can experience the joy of electric mobility.",,,https://yadea.com,NO.515 XISHAN ROAD ANZHEN TOWN XISHAN DISTRICT WUXI JIANGSU,,
HELITE AIRBAG TECHNOLOGY EXPERT.,,,,,,,,
HELMOLOCK,,,,,,,,
HELMOLOCK OY - HELMOLOCK,,,,,,,,
HELSTONS,,,,,,,,
"HENAN FEIBO AUTOMOBILE INDUSTRY CO. , LTD.",Pad. 4 - Stand C88,E-CAR FACTORY E-CAR FACTORY,,,https://cnfeibo.com,"No. 111 XIANGHE, Sanlidian Township Runan Henan",Sanlidian Township Runan Henan,
"HENAN FEIBO AUTOMOBILE INDUSTRY CO. , LTD. - ZHEJIANG BENOD AUTOMOBILE MANUFACTURING CO. LTD.",Pad. 4 - Stand C88,E-CAR FACTORY E-CAR FACTORY,,,https://cnfeibo.com,"No. 111 XIANGHE, Sanlidian Township Runan Henan",Sanlidian Township Runan Henan,
"HENAN SUPESUNR MOTORCYCLE CO., LTD. - CHUANGJI EXHIBITION",,,,,,,,
"HENGSHUI BRAKE HOSE MACHINERY CO., LTD. - CCCME","Pad. 4 - Stand M56,M60,M64,M70,M55,O61",,,,,,,
HENLYBEGINS - DAYTONA CORPORATION,Pad. 5 - Stand B56,"Founded in 1972 and proudly based in Japan, our company has built a legacy of excellence in crafting high-performance motorcycle parts and accessories. As a top brand in Japan across multiple categories, we are dedicated to reaching motorcycle lovers and riders worldwide with products that elevate every ride. With a strong global presence across Europe, North America, and key Asian markets, we continue to push the boundaries of performance and reliability. Our wide product range is driven by a deep commitment to quality, innovation, and rider satisfaction. Development-oriented and passionate about enhancing the riding experience, we strive to make every journey more exciting — wherever the road takes you. Founded in 1972 and proudly based in Japan, our company has built a legacy of excellence in crafting high-performance motorcycle parts and accessories. As a top brand in Japan across multiple categories, we are dedicated to reaching motorcycle lovers and riders worldwide with products that elevate every ride. With a strong global presence across Europe, North America, and key Asian markets, we continue to push the boundaries of performance and reliability. Our wide product range is driven by a deep commitment to quality, innovation, and rider satisfaction. Development-oriented and passionate about enhancing the riding experience, we strive to make every journey more exciting — wherever the road takes you.",,,https://daytona-europe.com,"4805 ICHIMIYA MORIMACHI, SHUCHIGUN SHIZUOKA",SHUCHIGUN SHIZUOKA,
HERO MOTOCORP LTD,Pad. 11 - Stand A48,,,,https://heromotocorp.com,"THE GRAND PLAZA, PLOT NO 2, NELSON MANDELA ROAD, VASANT KUNJ PHASE II NEW DELHI NEW DELHI",VASANT KUNJ PHASE II NEW DELHI NEW DELHI,
HERO MOTOCORP LTD - PELPI INTERNATIONAL S.R.L.,Pad. 11 - Stand A48,,,,https://heromotocorp.com,"THE GRAND PLAZA, PLOT NO 2, NELSON MANDELA ROAD, VASANT KUNJ PHASE II NEW DELHI NEW DELHI",VASANT KUNJ PHASE II NEW DELHI NEW DELHI,
"HESHAN CHUANGBO SPORTS GOODS CO., LTD. - HI-LIGHTING INT'L EXHIBITION BEIJING CO. LTD",Pad. 4 - Stand I60,,,,,,,
"HESHAN XINMEI PLASTIC CO., LTD - SINOLIGHT INTERNATIONAL HOLDINGS CORPORATION (CLETC)","Pad. 14,4,6,9,7 - Stand C05,C08,E60,E64,E72,E76,I10,S85,U29,U30,E54,G61,S70,S68,S74,S76,S80,Q64,P82,E53,R64,I14,T94,C81,C87,A84,B87,A90,E55,S59",,,,https://cletc.com,SINOLIGHT PLAZA NO.4 WANG JING CHAOYANG DISTRICT BEIJING BEIJING,,
HI-LIGHTING INT'L EXHIBITION BEIJING CO. LTD,"Pad. 4,9 - Stand I56,I60,I66,T80,S86",,,,https://hi-lighting.com,"12B07 BUILDING A U-SPACE, NO.8 GUANGQUMENWAI STREET CHAOYANG CHINA",NO.8 GUANGQUMENWAI STREET CHAOYANG CHINA,
HIFLO FILTRO - MOTORPARTS SRL,Pad. 5 - Stand C66,,,,,,,
"HIIN INDUSTRY CO., LTD. - ACCESS MOTOR CO LTD",Pad. 11 - Stand H30,"Established in 2005 in Taiwan, Access Motor specializes in the development and manufacturing of high-quality off-road vehicles, including ATVs, SSVs, and performance-oriented Sportquads. With vertically integrated capabilities—from design and engineering to in-house engine and drive-train production—Access Motor delivers reliable, precisely built machines for both recreational and utility use. Our product range is designed to meet the diverse needs of riders worldwide, from versatile ATVs built for work and adventure, to dynamic sport quads recognized for their agility, styling, and responsive performance. Each model reflects our dedication to thoughtful design, durability, and the rider experience. Access Motor continues to expand its global presence through a commitment to quality, innovation, and long-term customer satisfaction. Established in 2005 in Taiwan, Access Motor specializes in the development and manufacturing of high-quality off-road vehicles, including ATVs, SSVs, and performance-oriented Sportquads. With vertically integrated capabilities—from design and engineering to in-house engine and drive-train production—Access Motor delivers reliable, precisely built machines for both recreational and utility use. Our product range is designed to meet the diverse needs of riders worldwide, from versatile ATVs built for work and adventure, to dynamic sport quads recognized for their agility, styling, and responsive performance. Each model reflects our dedication to thoughtful design, durability, and the rider experience. Access Motor continues to expand its global presence through a commitment to quality, innovation, and long-term customer satisfaction.",,,https://accessmotorglobal.com,"NO.288, GUANXIN RD., TAINAN CITY TAINAN",TAINAN CITY TAINAN,
"HIKING SPORT CO., LTD","Pad. 14,4,6,9,7 - Stand C05,C08,E60,E64,E72,E76,I10,S85,U29,U30,E54,G61,S70,S68,S74,S76,S80,Q64,P82,E53,R64,I14,T94,C81,C87,A84,B87,A90,E55,S59",,,,,,,
"HILEY - NINGBO HILEY TECHNOLOGY CO.,LTD",Pad. 7 - Stand S27,,,,,,,
HINT FASHION - TDAP,,,,,,,,
HITECH CARBONE AMMORTIZZATORI - HITECH CARBONE SRL,Pad. 11 - Stand G31,,,,,,,
HITECH CARBONE SRL,Pad. 11 - Stand G31,"L’azienda Hitech Carbone srl è il proseguimento di un’attività nata nel 1979 che si occupa della progettazione e realizzazione di sospensioni per Vespa, Ape, Lambretta, ecc. Il risultato attuale è il frutto dell’esperienza acquisita in 45 anni di lavoro. The company Hitech Carbone srl is the continuation of a business born in 1979 that deals with the design and production of suspensions for Vespa, Ape, Lambretta, etc. The current result is the fruit of the experience acquired in 45 years of work. L’azienda Hitech Carbone srl è il proseguimento di un’attività nata nel 1979 che si occupa della progettazione e realizzazione di sospensioni per Vespa, Ape, Lambretta, ecc. Il risultato attuale è il frutto dell’esperienza acquisita in 45 anni di lavoro. The company Hitech Carbone srl is the continuation of a business born in 1979 that deals with the design and production of suspensions for Vespa, Ape, Lambretta, etc. The current result is the fruit of the experience acquired in 45 years of work.",,,https://hitechcarbone.it,VIA ASTI 51 SAN DAMIANO D'ASTI AT,,
HITECH CARBONE SRL - C.I.F FERRIGNO S.R.L.,Pad. 11 - Stand G31,"L’azienda Hitech Carbone srl è il proseguimento di un’attività nata nel 1979 che si occupa della progettazione e realizzazione di sospensioni per Vespa, Ape, Lambretta, ecc. Il risultato attuale è il frutto dell’esperienza acquisita in 45 anni di lavoro. The company Hitech Carbone srl is the continuation of a business born in 1979 that deals with the design and production of suspensions for Vespa, Ape, Lambretta, etc. The current result is the fruit of the experience acquired in 45 years of work. L’azienda Hitech Carbone srl è il proseguimento di un’attività nata nel 1979 che si occupa della progettazione e realizzazione di sospensioni per Vespa, Ape, Lambretta, ecc. Il risultato attuale è il frutto dell’esperienza acquisita in 45 anni di lavoro. The company Hitech Carbone srl is the continuation of a business born in 1979 that deals with the design and production of suspensions for Vespa, Ape, Lambretta, etc. The current result is the fruit of the experience acquired in 45 years of work.",,,https://hitechcarbone.it,VIA ASTI 51 SAN DAMIANO D'ASTI AT,,
"HITENA - TEXLAND CO., LTD.",,,,,,,,
HJC EUROPE,,,,,,,,
"HOBAO ENTERPRISING CO., LTD - IMPORTERS & EXPORTERS ASSOCIATION OF TAIPEI",,,,,,,,
HOLLEY PERFORMANCE PRODUCTS INC,,,,,,,,
HONDA ITALIA INDUSTRIALE S.P.A. - HONDA MOTOR EUROPE LTD.- ITALIA,"Pad. 7 - Stand D10,G10",,,,https://honda.it,VIA DELLA CECCHIGNOLA 13 ROMA RM,,
HONDA MOTOR EUROPE LTD.- ITALIA,"Pad. 7 - Stand D10,G10",,,,https://honda.it,VIA DELLA CECCHIGNOLA 13 ROMA RM,,
HONEST GENERAL TRADING,,,,,,,,
"HONHO - SPRING TRADE CO., LTD.",,,,,,,,
"HONHO PRECISION INDUSTRY CORPORATION - SPRING TRADE CO., LTD.",,,,,,,,
HONZ HELMET,Pad. 7 - Stand S30,,,,https://honz-sports.com,"Industrial Park, Sanqishi Town, Yuyao ningbo zhejiang",Yuyao ningbo zhejiang,
"HOOBO - SICHUAN LIYANG INDUSTRY CO.,LTD",Pad. 4 - Stand A80,,,,,,,
HOPECHART IOT MIDDLE EAST AUTO SPARE PART TRADING L.L.C,Pad. 5 - Stand S68,"We are a leading IOV (Intelligent of Vehicle) company with over 15 years history and over 50 OEM/Tier 1 clients. We offer customized solutions for all kinds of vehicles, including intelligent connected positioning terminal(T-box), driving recorder(DVR), dashboard, instrument cluster,HMI (Human-Machine Interface), controller, software platform and mobile app. We can offer customized development service with our own R&D center, manufacturing facilities, and laboratories, enabling us to provide solutions with the highest cost-effectiveness and quality. We are a leading IOV (Intelligent of Vehicle) company with over 15 years history and over 50 OEM/Tier 1 clients. We offer customized solutions for all kinds of vehicles, including intelligent connected positioning terminal(T-box), driving recorder(DVR), dashboard, instrument cluster,HMI (Human-Machine Interface), controller, software platform and mobile app. We can offer customized development service with our own R&D center, manufacturing facilities, and laboratories, enabling us to provide solutions with the highest cost-effectiveness and quality.",,,,AL KAZIM BUILDING-GARHOUD DUBAI XXX,,
HORWIN INC.,,,,,,,,
HOTTROAD - SYNT CHEMICAL S.R.L. - FORBIKES SRL,,,,,,,,
HSBRK - CCCME,,,,,,,,
HTR SUSPENSION - HITECH CARBONE SRL,Pad. 11 - Stand G31,"L’azienda Hitech Carbone srl è il proseguimento di un’attività nata nel 1979 che si occupa della progettazione e realizzazione di sospensioni per Vespa, Ape, Lambretta, ecc. Il risultato attuale è il frutto dell’esperienza acquisita in 45 anni di lavoro. The company Hitech Carbone srl is the continuation of a business born in 1979 that deals with the design and production of suspensions for Vespa, Ape, Lambretta, etc. The current result is the fruit of the experience acquired in 45 years of work. L’azienda Hitech Carbone srl è il proseguimento di un’attività nata nel 1979 che si occupa della progettazione e realizzazione di sospensioni per Vespa, Ape, Lambretta, ecc. Il risultato attuale è il frutto dell’esperienza acquisita in 45 anni di lavoro. The company Hitech Carbone srl is the continuation of a business born in 1979 that deals with the design and production of suspensions for Vespa, Ape, Lambretta, etc. The current result is the fruit of the experience acquired in 45 years of work.",,,https://hitechcarbone.it,VIA ASTI 51 SAN DAMIANO D'ASTI AT,,
HTS SUSPENSION - HITECH CARBONE SRL,Pad. 11 - Stand G31,"L’azienda Hitech Carbone srl è il proseguimento di un’attività nata nel 1979 che si occupa della progettazione e realizzazione di sospensioni per Vespa, Ape, Lambretta, ecc. Il risultato attuale è il frutto dell’esperienza acquisita in 45 anni di lavoro. The company Hitech Carbone srl is the continuation of a business born in 1979 that deals with the design and production of suspensions for Vespa, Ape, Lambretta, etc. The current result is the fruit of the experience acquired in 45 years of work. L’azienda Hitech Carbone srl è il proseguimento di un’attività nata nel 1979 che si occupa della progettazione e realizzazione di sospensioni per Vespa, Ape, Lambretta, ecc. Il risultato attuale è il frutto dell’esperienza acquisita in 45 anni di lavoro. The company Hitech Carbone srl is the continuation of a business born in 1979 that deals with the design and production of suspensions for Vespa, Ape, Lambretta, etc. The current result is the fruit of the experience acquired in 45 years of work.",,,https://hitechcarbone.it,VIA ASTI 51 SAN DAMIANO D'ASTI AT,,
"HUAI'AN FEIX SAFETY PRODUCTS CO., LTD., - SINOLIGHT INTERNATIONAL HOLDINGS CORPORATION (CLETC)","Pad. 14,4,6,9,7 - Stand C05,C08,E60,E64,E72,E76,I10,S85,U29,U30,E54,G61,S70,S68,S74,S76,S80,Q64,P82,E53,R64,I14,T94,C81,C87,A84,B87,A90,E55,S59",,,,https://cletc.com,SINOLIGHT PLAZA NO.4 WANG JING CHAOYANG DISTRICT BEIJING BEIJING,,
"HUAIAN PX INTELLIGENT MANUFACTURING CO., LTD. - TBA",Pad. 4 - Stand M87,"PXID was founded in 2013, initially focusing on industrial design. Over more than a decade of growth, the company has evolved into a comprehensive one-stop ODM service provider, integrating product design and R&D, mold manufacturing, testing, and inspection, along with in-house frame production and vehicle assembly lines. PXID was founded in 2013, initially focusing on industrial design. Over more than a decade of growth, the company has evolved into a comprehensive one-stop ODM service provider, integrating product design and R&D, mold manufacturing, testing, and inspection, along with in-house frame production and vehicle assembly lines.",,,,"Room 3 and Room 4, No. 18, Shenzhen East Road, Qinghe Street, Qingjiangpu District HUAIAN JIANGSU",Qingjiangpu District HUAIAN JIANGSU,
"HUAIAN RUNCHI MACHINERY CO., LTD - SINOLIGHT INTERNATIONAL HOLDINGS CORPORATION (CLETC)","Pad. 14,4,6,9,7 - Stand C05,C08,E60,E64,E72,E76,I10,S85,U29,U30,E54,G61,S70,S68,S74,S76,S80,Q64,P82,E53,R64,I14,T94,C81,C87,A84,B87,A90,E55,S59",,,,,,,
"HUAWEI POWER SOURCE (HONG KONG) CO.,LTD",Pad. 18 - Stand C75,,,,,,,
"HUAXIN TECHNOLOGY(ENSHI)CO.,LTD - CCCME",,,,,,,,
"HUBEI AEGIS SPORTS GOODS CO., LTD - WUXI PASSION SPORTS PRODUCT CO. LTD",,,,,,,,
"HUBEI HANGTE TECHNOLOGY CO., LTD - SINOLIGHT INTERNATIONAL HOLDINGS CORPORATION (CLETC)","Pad. 14,4,6,9,7 - Stand C05,C08,E60,E64,E72,E76,I10,S85,U29,U30,E54,G61,S70,S68,S74,S76,S80,Q64,P82,E53,R64,I14,T94,C81,C87,A84,B87,A90,E55,S59",,,,https://cletc.com,SINOLIGHT PLAZA NO.4 WANG JING CHAOYANG DISTRICT BEIJING BEIJING,,
"HUIZHOU CITY ZHONGXIN FLUORINE PLASTIC INDUSTRIAL CO., LTD. - VALUEDSHOW (SHAGNHAI) MANAGEMENT LLC",,,,,,,,
"HUIZHOU ROYPOW TECHNOLOGY CO., LTD. - CHUANGJI EXHIBITION",,,,,,,,
"HUMAX - TEXLAND CO., LTD.",,,,,,,,
HUN SAFETY TEXTILE,,,,,,,,
HURBA SRL,,,,,,,,
HUSQVARNA MOBILITY GMBH,,,,,,,,
HUSQVARNA MOBILITY GMBH - GAS GAS GMBH,,,,,,,,
HUSQVARNA MOBILITY GMBH - KTM SPORTMOTORCYCLE GMBH,,,,,,,,
HYP HELMETS - WHEELUP,Pad. 14 - Stand G14,,,,,,,
HYPERPRO SALES B.V,Pad. 7 - Stand R32,,,,https://hyperpro.com,HULSENBOSCHSTRAAT 26 WERKENDAM NOORD-BRABANT,,
HYPERPRO SUSPENSION - HYPERPRO SALES B.V,Pad. 7 - Stand R32,,,,,,,
I.CAR S.R.L,Pad. 5 - Stand U66,,,,,VIA CALZONI 8 BOLOGNA BO,,
I2M - WRS S.R.L.,Pad. 5 - Stand Q53,"WRS, azienda specializzata nella produzione di cupolini per moto, grazie a materiali di primissima scelta, design Made in Italy e finiture impeccabili è sinonimo di qualità assoluta. Con un costante impegno verso l’ottimizzazione aerodinamica e delle performance. Fornitore ufficiale di alcuni tra i più prestigiosi team in MotoGP e WorldSBK, tra cui Ducati Lenovo Factory, KTM Factory, BMW Motorrad WSBK, Yamaha WSBK, Pramac e VR46, affermandosi come punto di riferimento a livello internazionale. Nel 2024 ha segnato un traguardo storico anche nel mondo della vela, realizzando il primo cupolino della storia dell’America’s Cup per il team Luna Rossa Prada Pirelli. Attraverso il proprio e-commerce, WRS offre a motociclisti e appassionati un’ampia gamma di accessori e parti speciali uniti ad un servizio logistico all'avanguardia, portando la tecnologia e l’esperienza del racing sulle strade di tutti i giorni. WRS, azienda specializzata nella produzione di cupolini per moto, grazie a materiali di primissima scelta, design Made in Italy e finiture impeccabili è sinonimo di qualità assoluta. Con un costante impegno verso l’ottimizzazione aerodinamica e delle performance. Fornitore ufficiale di alcuni tra i più prestigiosi team in MotoGP e WorldSBK, tra cui Ducati Lenovo Factory, KTM Factory, BMW Motorrad WSBK, Yamaha WSBK, Pramac e VR46, affermandosi come punto di riferimento a livello internazionale. Nel 2024 ha segnato un traguardo storico anche nel mondo della vela, realizzando il primo cupolino della storia dell’America’s Cup per il team Luna Rossa Prada Pirelli. Attraverso il proprio e-commerce, WRS offre a motociclisti e appassionati un’ampia gamma di accessori e parti speciali uniti ad un servizio logistico all'avanguardia, portando la tecnologia e l’esperienza del racing sulle strade di tutti i giorni.",,,https://wrs.it,"VIA PIRANO, 6/M TAVULLIA PU",6/M TAVULLIA PU,
IDENTIBIKE - I.CAR S.R.L,Pad. 5 - Stand U66,,,,,VIA CALZONI 8 BOLOGNA BO,,
ILEX - JIUH HEAN COMPANY,Pad. 11 - Stand T31,"Our specialty is to do Brake Disc Rotor customization based on customer specification & requirement, for any info please contact us via Email：service@ilex.com.tw or sales02@ilex.com.tw Our specialty is to do Brake Disc Rotor customization based on customer specification & requirement, for any info please contact us via Email：service@ilex.com.tw or sales02@ilex.com.tw",,,https://ilex.com.tw,"NO.188, FUDONG RD., HEMEI TOWNSHIP CHANGHUA",HEMEI TOWNSHIP CHANGHUA,
ILM,Pad. 4 - Stand L85,,,,,,,
ILMBERGER CARBON - ILMBERGER CARBONPARTS,Pad. 14 - Stand G06,"Da decenni, Ilmberger Carbon è sinonimo di componenti in carbonio innovativi e di alta qualità per motociclette e automobili. L’azienda, con sede a Oberhaching vicino a Monaco di Baviera, sviluppa e produce parti perfettamente adattate in fibra di carbonio al 100%, realizzate con un’artigianalità raffinata e la più moderna tecnologia in autoclave. Grazie all’utilizzo di materiali prepreg sviluppati internamente—gli stessi impiegati in Formula 1 e nell’aerospaziale—i prodotti Ilmberger raggiungono una rigidità eccezionale con un peso minimo, fino al 70% più leggeri rispetto ai componenti di serie. Tutti i componenti in carbonio sono rifiniti con uno speciale rivestimento plastico certificato TÜV, che offre una protezione ottimale contro i raggi UV, le intemperie e i graffi, esaltando al contempo la profondità unica della struttura del carbonio. Ilmberger Carbon garantisce la massima qualità, precisione delle forme e durata—sia su strada che in pista. Grazie alla combinazione di precisione tecnica, design innovativo e funzionalità senza compromessi, i prodotti Ilmberger godono di un’eccellente reputazione tra i clienti più esigenti e nel motorsport internazionale. Da decenni, Ilmberger Carbon è sinonimo di componenti in carbonio innovativi e di alta qualità per motociclette e automobili. L’azienda, con sede a Oberhaching vicino a Monaco di Baviera, sviluppa e produce parti perfettamente adattate in fibra di carbonio al 100%, realizzate con un’artigianalità raffinata e la più moderna tecnologia in autoclave. Grazie all’utilizzo di materiali prepreg sviluppati internamente—gli stessi impiegati in Formula 1 e nell’aerospaziale—i prodotti Ilmberger raggiungono una rigidità eccezionale con un peso minimo, fino al 70% più leggeri rispetto ai componenti di serie. Tutti i componenti in carbonio sono rifiniti con uno speciale rivestimento plastico certificato TÜV, che offre una protezione ottimale contro i raggi UV, le intemperie e i graffi, esaltando al contempo la profondità unica della struttura del carbonio. Ilmberger Carbon garantisce la massima qualità, precisione delle forme e durata—sia su strada che in pista. Grazie alla combinazione di precisione tecnica, design innovativo e funzionalità senza compromessi, i prodotti Ilmberger godono di un’eccellente reputazione tra i clienti più esigenti e nel motorsport internazionale.",,,https://ilmberger-carbon.com,HAHILINGASTRASSE 5 OBERHACHING BAVARIA,,
ILMBERGER CARBONPARTS,Pad. 14 - Stand G06,"Da decenni, Ilmberger Carbon è sinonimo di componenti in carbonio innovativi e di alta qualità per motociclette e automobili. L’azienda, con sede a Oberhaching vicino a Monaco di Baviera, sviluppa e produce parti perfettamente adattate in fibra di carbonio al 100%, realizzate con un’artigianalità raffinata e la più moderna tecnologia in autoclave. Grazie all’utilizzo di materiali prepreg sviluppati internamente—gli stessi impiegati in Formula 1 e nell’aerospaziale—i prodotti Ilmberger raggiungono una rigidità eccezionale con un peso minimo, fino al 70% più leggeri rispetto ai componenti di serie. Tutti i componenti in carbonio sono rifiniti con uno speciale rivestimento plastico certificato TÜV, che offre una protezione ottimale contro i raggi UV, le intemperie e i graffi, esaltando al contempo la profondità unica della struttura del carbonio. Ilmberger Carbon garantisce la massima qualità, precisione delle forme e durata—sia su strada che in pista. Grazie alla combinazione di precisione tecnica, design innovativo e funzionalità senza compromessi, i prodotti Ilmberger godono di un’eccellente reputazione tra i clienti più esigenti e nel motorsport internazionale. Da decenni, Ilmberger Carbon è sinonimo di componenti in carbonio innovativi e di alta qualità per motociclette e automobili. L’azienda, con sede a Oberhaching vicino a Monaco di Baviera, sviluppa e produce parti perfettamente adattate in fibra di carbonio al 100%, realizzate con un’artigianalità raffinata e la più moderna tecnologia in autoclave. Grazie all’utilizzo di materiali prepreg sviluppati internamente—gli stessi impiegati in Formula 1 e nell’aerospaziale—i prodotti Ilmberger raggiungono una rigidità eccezionale con un peso minimo, fino al 70% più leggeri rispetto ai componenti di serie. Tutti i componenti in carbonio sono rifiniti con uno speciale rivestimento plastico certificato TÜV, che offre una protezione ottimale contro i raggi UV, le intemperie e i graffi, esaltando al contempo la profondità unica della struttura del carbonio. Ilmberger Carbon garantisce la massima qualità, precisione delle forme e durata—sia su strada che in pista. Grazie alla combinazione di precisione tecnica, design innovativo e funzionalità senza compromessi, i prodotti Ilmberger godono di un’eccellente reputazione tra i clienti più esigenti e nel motorsport internazionale.",,,https://ilmberger-carbon.com,HAHILINGASTRASSE 5 OBERHACHING BAVARIA,,
ILMBERGER CARBONPARTS - WRS S.R.L.,Pad. 14 - Stand G06,"Da decenni, Ilmberger Carbon è sinonimo di componenti in carbonio innovativi e di alta qualità per motociclette e automobili. L’azienda, con sede a Oberhaching vicino a Monaco di Baviera, sviluppa e produce parti perfettamente adattate in fibra di carbonio al 100%, realizzate con un’artigianalità raffinata e la più moderna tecnologia in autoclave. Grazie all’utilizzo di materiali prepreg sviluppati internamente—gli stessi impiegati in Formula 1 e nell’aerospaziale—i prodotti Ilmberger raggiungono una rigidità eccezionale con un peso minimo, fino al 70% più leggeri rispetto ai componenti di serie. Tutti i componenti in carbonio sono rifiniti con uno speciale rivestimento plastico certificato TÜV, che offre una protezione ottimale contro i raggi UV, le intemperie e i graffi, esaltando al contempo la profondità unica della struttura del carbonio. Ilmberger Carbon garantisce la massima qualità, precisione delle forme e durata—sia su strada che in pista. Grazie alla combinazione di precisione tecnica, design innovativo e funzionalità senza compromessi, i prodotti Ilmberger godono di un’eccellente reputazione tra i clienti più esigenti e nel motorsport internazionale. Da decenni, Ilmberger Carbon è sinonimo di componenti in carbonio innovativi e di alta qualità per motociclette e automobili. L’azienda, con sede a Oberhaching vicino a Monaco di Baviera, sviluppa e produce parti perfettamente adattate in fibra di carbonio al 100%, realizzate con un’artigianalità raffinata e la più moderna tecnologia in autoclave. Grazie all’utilizzo di materiali prepreg sviluppati internamente—gli stessi impiegati in Formula 1 e nell’aerospaziale—i prodotti Ilmberger raggiungono una rigidità eccezionale con un peso minimo, fino al 70% più leggeri rispetto ai componenti di serie. Tutti i componenti in carbonio sono rifiniti con uno speciale rivestimento plastico certificato TÜV, che offre una protezione ottimale contro i raggi UV, le intemperie e i graffi, esaltando al contempo la profondità unica della struttura del carbonio. Ilmberger Carbon garantisce la massima qualità, precisione delle forme e durata—sia su strada che in pista. Grazie alla combinazione di precisione tecnica, design innovativo e funzionalità senza compromessi, i prodotti Ilmberger godono di un’eccellente reputazione tra i clienti più esigenti e nel motorsport internazionale.",,,https://ilmberger-carbon.com,HAHILINGASTRASSE 5 OBERHACHING BAVARIA,,
"IMN - WUXI SHENYUN TECHNOLOGY DEVELOPMENT CO., LTD.",,,,,,,,
IMPACTEC,,,,,,,,
IMPACTEC - HUN SAFETY TEXTILE,,,,,,,,
IMPETUS,Pad. 7 - Stand B21,"we do produce quality products according to require standards around the world. impetus team is well experienced as well equipped with inhouse washing, printing, embroidery facilities. we also established inhouse lab to measure/test all raw materials before go to bulk production. we do produce quality products according to require standards around the world. impetus team is well experienced as well equipped with inhouse washing, printing, embroidery facilities. we also established inhouse lab to measure/test all raw materials before go to bulk production.",,,https://impetus.pk,PASRUR ROAD GUNAH KALAN SIALKOT PUNJAB,,
IMPORTERS & EXPORTERS ASSOCIATION OF TAIPEI,,,,,,,,
IN & MOTION,Pad. 9 - Stand C70,"Since its establishment in 2014, In&motion, a French company with 100 employees based in Annecy (French Alps), has been developing cutting-edge expertise in airbag protection, leveraging advanced technological know-how.​ Thanks to predictive algorithms, In&motion technology can detect and protect against falls in real time. ​Initially proven at the highest levels by equipping athletes in competition such as Johann Zarco in MotoGP™, In&motion products are now distributed to the general public through over 2,200 points of sale. ​ In&motion collaborates with 12 partner brands / equipment manufacturers in Europe, the United States and Japan, to integrate its technology with the standards of these practices. Today, In&motion products are used by 110,000 riders across three disciplines: motorcycling, horse riding, and urban cycling, protecting them from an average of 17 falls per day. Since its establishment in 2014, In&motion, a French company with 100 employees based in Annecy (French Alps), has been developing cutting-edge expertise in airbag protection, leveraging advanced technological know-how.​ Thanks to predictive algorithms, In&motion technology can detect and protect against falls in real time. ​Initially proven at the highest levels by equipping athletes in competition such as Johann Zarco in MotoGP™, In&motion products are now distributed to the general public through over 2,200 points of sale. ​ In&motion collaborates with 12 partner brands / equipment manufacturers in Europe, the United States and Japan, to integrate its technology with the standards of these practices. Today, In&motion products are used by 110,000 riders across three disciplines: motorcycling, horse riding, and urban cycling, protecting them from an average of 17 falls per day.",,,https://inemotion.com,10 RUE DE LA LYRE CRAN GEVRIER HAUTE SAVOIE,,
IN.CO.FIN SRL - STABILUS - MANDELLI SRL,"Pad. 10 - Stand C80,C88","Azienda specializzata nei settori Ciclo e Moto, leader in Italia nel mercato delle 2 ruote. Distribuzione all'ingrosso di prodotti Ciclo e Moto 5 Premium Brand di proprietà: Tucano Urbano, T.ur, TAAC, Eleveit e Brera Cicli. Punto di riferimento per il settore a livello nazionale e internazionale. I nostri 4 pilastri: Passione, Innovazione, Concretezza, Valore. Azienda specializzata nei settori Ciclo e Moto, leader in Italia nel mercato delle 2 ruote. Distribuzione all'ingrosso di prodotti Ciclo e Moto 5 Premium Brand di proprietà: Tucano Urbano, T.ur, TAAC, Eleveit e Brera Cicli. Punto di riferimento per il settore a livello nazionale e internazionale. I nostri 4 pilastri: Passione, Innovazione, Concretezza, Valore.",,,https://mandelli.net,VIA TOMMASO GROSSI 5 CARATE BRIANZA MB,,
INDIAN MOTORCYCLE,Pad. 18 - Stand I76,,,,,,,
INDUSTRIAS GALFER S.A.,Pad. 10 - Stand G76,"Industrias Galfer is a leading manufacturer of friction materials and components for braking systems for the motorcycling and bicycle sectors. Since our company was founded in 1952, we have been known for being at the forefront of innovation, quality and organization. Today we link our experience and tradition to new technologies, cutting-edge materials and the most advanced management systems. To stay at the forefront of the market and to get to know in depth the needs for the industry, the R&D department at GALFER works closely with top-level competition teams.All our products are strictly tested for quality to guarantee its safety. We are so committed with quality regulations that our quality controls exceed the ECE R-90 standards. GALFER business philosophy is based on the values that led us to become a world leader in braking systems. There’s only a thing that our brakes cannot stop: the speed at which we enter the future. Industrias Galfer is a leading manufacturer of friction materials and components for braking systems for the motorcycling and bicycle sectors. Since our company was founded in 1952, we have been known for being at the forefront of innovation, quality and organization. Today we link our experience and tradition to new technologies, cutting-edge materials and the most advanced management systems. To stay at the forefront of the market and to get to know in depth the needs for the industry, the R&D department at GALFER works closely with top-level competition teams.All our products are strictly tested for quality to guarantee its safety. We are so committed with quality regulations that our quality controls exceed the ECE R-90 standards. GALFER business philosophy is based on the values that led us to become a world leader in braking systems. There’s only a thing that our brakes cannot stop: the speed at which we enter the future.",,,https://galfer.eu,"CTRA. MONTMELÓ, 50 GRANOLLERS BARCELONA",50 GRANOLLERS BARCELONA,
"INFOTRADE MEDIA CO., LTD. - IMPORTERS & EXPORTERS ASSOCIATION OF TAIPEI",,,,,,,,
INNOVA RUBBER CO. LTD,Pad. 9 - Stand O86,"Innova Rubber Co., Ltd. was founded in 1995, headquarters in Taiwan; factories at Taiwan and China, mainly producing bicycle tires; wheelchair tires; baby stroller tires and all kinds of leisure race tires such as ATV tires; golf cart tires; motocross tires and others. The company aims to focus on the creation of innovation, the pursuit of quality and customer satisfaction. Innova has an excellent RD team and strong production bases in Taiwan and China. Our factories are all awarded ISO -9001 certification to ensure the production of the best tires/tubes and to deliver the best quality to the final consumers. Innova Rubber Co., Ltd. was founded in 1995, headquarters in Taiwan; factories at Taiwan and China, mainly producing bicycle tires; wheelchair tires; baby stroller tires and all kinds of leisure race tires such as ATV tires; golf cart tires; motocross tires and others. The company aims to focus on the creation of innovation, the pursuit of quality and customer satisfaction. Innova has an excellent RD team and strong production bases in Taiwan and China. Our factories are all awarded ISO -9001 certification to ensure the production of the best tires/tubes and to deliver the best quality to the final consumers.",,,https://innovatires.com,"No.23, Jingcheng Rd., Chang hua",Chang hua,
INNOVATION & TECHNOLOGY SCOOTER,,,,,,,,
INNTECK S.R.L.,Pad. 5 - Stand M53,"Innteck è un punto di riferimento nel settore dei ricambi e dell'abbigliamento per moto e bici, con un’offerta dedicata anche agli amanti dell’outdoor. Parte del gruppo internazionale Athena S.p.A., l’azienda si distingue per innovazione, originalità dei prodotti e attenzione alle esigenze del mercato. Con una rete capillare in Italia e una sede negli Stati Uniti, garantisce un servizio efficiente, rapido e orientato al cliente, collaborando con i più prestigiosi brand del settore. Innteck è un punto di riferimento nel settore dei ricambi e dell'abbigliamento per moto e bici, con un’offerta dedicata anche agli amanti dell’outdoor. Parte del gruppo internazionale Athena S.p.A., l’azienda si distingue per innovazione, originalità dei prodotti e attenzione alle esigenze del mercato. Con una rete capillare in Italia e una sede negli Stati Uniti, garantisce un servizio efficiente, rapido e orientato al cliente, collaborando con i più prestigiosi brand del settore.",,,https://innteck.com,LOCALITÀ PONTE TALLORIA 7 RODDI CN,,
INPROOF - WHEELUP,Pad. 14 - Stand G14,,,,,,,
INSTA360 GMBH,Pad. 14 - Stand E47,,,,https://insta360.com,GARTENFELDER STR. 29-37 BERLIN BERLIN,,
INTENCE BIKES LLC,"Pad. 11 - Stand M26,E40","INTENCE BIKES LLC is a trading company dedicated to the Russian two-wheeler market. Deeply rooted in the local landscape, we leverage our extensive industry experience and robust resource network to provide Russian customers with a one-stop procurement service for a comprehensive range of two-wheeler products, including both whole vehicles and various accessories. From high-performance motorcycles to practical electric bicycles, and from critical components to exquisite accessories, we consistently deliver top-quality products and professional services to meet the diverse needs of Russian consumers. We are committed to becoming a leading enterprise in the Russian two-wheeler trading sector. INTENCE BIKES LLC is a trading company dedicated to the Russian two-wheeler market. Deeply rooted in the local landscape, we leverage our extensive industry experience and robust resource network to provide Russian customers with a one-stop procurement service for a comprehensive range of two-wheeler products, including both whole vehicles and various accessories. From high-performance motorcycles to practical electric bicycles, and from critical components to exquisite accessories, we consistently deliver top-quality products and professional services to meet the diverse needs of Russian consumers. We are committed to becoming a leading enterprise in the Russian two-wheeler trading sector.",,,,LENINSKIJ PROSPEKT D83 K2 KV5 MOSKVA MOSKVA,,
"IONGSTAR PROYECTOS, S.R.L",,,,,,,,
IPONE - MANDELLI SRL,Pad. 10 - Stand C80,,,,,,,
IRC S.R.L.,Pad. 10 - Stand I81,"We design and manufacture high-quality components for motorbikes, including: Tire warmers Quickshifters Blippers Heated shirts All our products are engineered and produced in our Italian facility. We also specialize in developing custom projects, so feel free to contact us for special requests. We design and manufacture high-quality components for motorbikes, including: Tire warmers Quickshifters Blippers Heated shirts All our products are engineered and produced in our Italian facility. We also specialize in developing custom projects, so feel free to contact us for special requests.",,,,"VIA INFERIORE RIOMAGGIORE, 8C GENOVA GE",8C GENOVA GE,
IRID TECHNOLOGY,Pad. 6 - Stand F44,"IRID® è la visiera dinamica a cristalli liquidi, in grado di adattare la propria scurezza alla luce circostante. In meno di 1 secondo, automaticamente e senza batterie. Perché vogliamo che tu sia più sicuro, mentre fai quello che ami. IRID® è la visiera dinamica a cristalli liquidi, in grado di adattare la propria scurezza alla luce circostante. In meno di 1 secondo, automaticamente e senza batterie. Perché vogliamo che tu sia più sicuro, mentre fai quello che ami.",,,https://iridtechnology.com,VIA LEONIDA MAGNOLINI 14 BRESCIA BS,,
ISOTTA - RC MOTOR PROJECTS,Pad. 14 - Stand C12,"La storia di Isotta è una storia di passione, dedizione, tradizione e, soprattutto, una storia legata alla sua famiglia e a una terra che, nel tempo, ha visto nascere uno dei più importanti distretti industriali italiani, la Motor Valley. ​ Fondata con l'obiettivo di coniugare l'eccellenza artigianale con l'innovazione tecnologica, Isotta è diventata sinonimo di qualità e affidabilità nel settore motociclistico. ​ L'azienda opera nella progettazione e nella realizzazione di accessori per motocicli, con una specializzazione particolare nello sviluppo di parabrezza per scooter, cupolini e vari accessori per moto. ​ Ogni prodotto è frutto di un attento processo di ricerca e sviluppo, volto a garantire le massime prestazioni e la sicurezza del motociclista. ​ La nostra dedizione all'innovazione ci permette di anticipare le tendenze del mercato, proponendo soluzioni all'avanguardia che migliorano l'esperienza di guida. ​ Negli anni, l'azienda è cresciuta e si è fatta spazio in un mercato sempre più competitivo, grazie alla grande attenzione all'innovazione, alla qualità, alla sicurezza e al design dei propri prodotti, cercando di offrire la miglior esperienza al consumatore. ​ Isotta non si limita a soddisfare le aspettative dei clienti, ma mira a superarle, attraverso un approccio proattivo e orientato al cliente. ​ Ad oggi, l'azienda continua a prestare la massima attenzione ai bisogni dei clienti e del mercato, mantenendo un contatto diretto e costante con essi. ​ Ascoltiamo attentamente le loro necessità e troviamo continuamente soluzioni innovative per soddisfarle, rafforzando così il nostro impegno a rimanere leader nel settore. ​ La nostra missione è di creare prodotti che non solo migliorano la vita quotidiana dei motociclisti, ma che rappresentano anche la passione e l'orgoglio di un'azienda familiare radicata in una tradizione di eccellenza. La storia di Isotta è una storia di passione, dedizione, tradizione e, soprattutto, una storia legata alla sua famiglia e a una terra che, nel tempo, ha visto nascere uno dei più importanti distretti industriali italiani, la Motor Valley. ​ Fondata con l'obiettivo di coniugare l'eccellenza artigianale con l'innovazione tecnologica, Isotta è diventata sinonimo di qualità e affidabilità nel settore motociclistico. ​ L'azienda opera nella progettazione e nella realizzazione di accessori per motocicli, con una specializzazione particolare nello sviluppo di parabrezza per scooter, cupolini e vari accessori per moto. ​ Ogni prodotto è frutto di un attento processo di ricerca e sviluppo, volto a garantire le massime prestazioni e la sicurezza del motociclista. ​ La nostra dedizione all'innovazione ci permette di anticipare le tendenze del mercato, proponendo soluzioni all'avanguardia che migliorano l'esperienza di guida. ​ Negli anni, l'azienda è cresciuta e si è fatta spazio in un mercato sempre più competitivo, grazie alla grande attenzione all'innovazione, alla qualità, alla sicurezza e al design dei propri prodotti, cercando di offrire la miglior esperienza al consumatore. ​ Isotta non si limita a soddisfare le aspettative dei clienti, ma mira a superarle, attraverso un approccio proattivo e orientato al cliente. ​ Ad oggi, l'azienda continua a prestare la massima attenzione ai bisogni dei clienti e del mercato, mantenendo un contatto diretto e costante con essi. ​ Ascoltiamo attentamente le loro necessità e troviamo continuamente soluzioni innovative per soddisfarle, rafforzando così il nostro impegno a rimanere leader nel settore. ​ La nostra missione è di creare prodotti che non solo migliorano la vita quotidiana dei motociclisti, ma che rappresentano anche la passione e l'orgoglio di un'azienda familiare radicata in una tradizione di eccellenza.",,,https://shop.isotta-srl.com,"VIA M.CALARI, 1 ZOLA PREDOSA BO",1 ZOLA PREDOSA BO,
"ISPEED - HIKING SPORT CO., LTD","Pad. 14,4,6,9,7 - Stand C05,C08,E60,E64,E72,E76,I10,S85,U29,U30,E54,G61,S70,S68,S74,S76,S80,Q64,P82,E53,R64,I14,T94,C81,C87,A84,B87,A90,E55,S59",,,,,,,
ITALIANRP SRL,,,,,,,,
ITALJET S.P.A.,Pad. 5 - Stand Q54,"Italjet: il prossimo capitolo dell'innovazione italiana su due ruote Italjet è uno dei due soli produttori italiani storici del settore automotive rimasti di proprietà della famiglia fondatrice. Oggi, a più di 60 anni dalla sua fondazione, Italjet sta scrivendo un nuovo capitolo, che fonde la sua gloriosa tradizione con un'audace innovazione per il futuro. Fondata a Bologna nel 1959 da Leopoldo Tartarini, Italjet si è distinta per il suo design anticonformista e la sua creatività audace. Dalle imprese da record ai modelli esposti in musei di fama mondiale, il marchio si è sempre distinto per stile e ingegnosità, anticipando i tempi. Ora, sotto la guida di Massimo Tartarini, Italjet è di nuovo all'avanguardia sulla scena mondiale. Il Dragster 125/200/300 ha ridefinito il concetto di scooter hyper sportivo urbano mentre il nuovissimo Dragster 700 Twin va oltre un semplice ritorno alle motociclette. Italjet sta definendo un nuovo segmento nel settore, allontanandosi dal tradizionale segmento degli scooter per entrare nel mondo delle motociclette, ma in realtà sfumando i confini tra i due mondi, forgiando una nuova categoria con grande coraggio. A EICMA 2025, Italjet si spingerà ancora oltre, svelando non solo la sua famiglia Dragster ampliata, ma anche due modelli completamente nuovi, tra cui uno che segna un deciso distacco dal nome Dragster e segnala un'entusiasmante espansione della visione del marchio. Fedele al suo DNA, Italjet continua a essere un punto di svolta nel mondo delle motociclette, voltando le spalle alle convenzioni e rifiutandosi di costruire ciò che il mercato impone. Al contrario, Italjet spinge i limiti e osa creare moto che altri non rischierebbero mai, combinando un design visionario con prestazioni senza compromessi. Questo approccio coraggioso garantisce che Italjet non si limiti a seguire le tendenze, ma le definisca. Presente in 48 paesi e in rapida crescita, Italjet rappresenta il design italiano, la passione e l'eccellenza ingegneristica per una nuova generazione di motociclisti. Il suo futuro è guidato dagli stessi valori che hanno costruito il suo passato: creatività, coraggio e determinazione a sfidare le convenzioni. Italjet non si limita a far rivivere la sua tradizione, ma sta plasmando il futuro delle due ruote. Italjet: il prossimo capitolo dell'innovazione italiana su due ruote Italjet è uno dei due soli produttori italiani storici del settore automotive rimasti di proprietà della famiglia fondatrice. Oggi, a più di 60 anni dalla sua fondazione, Italjet sta scrivendo un nuovo capitolo, che fonde la sua gloriosa tradizione con un'audace innovazione per il futuro. Fondata a Bologna nel 1959 da Leopoldo Tartarini, Italjet si è distinta per il suo design anticonformista e la sua creatività audace. Dalle imprese da record ai modelli esposti in musei di fama mondiale, il marchio si è sempre distinto per stile e ingegnosità, anticipando i tempi. Ora, sotto la guida di Massimo Tartarini, Italjet è di nuovo all'avanguardia sulla scena mondiale. Il Dragster 125/200/300 ha ridefinito il concetto di scooter hyper sportivo urbano mentre il nuovissimo Dragster 700 Twin va oltre un semplice ritorno alle motociclette. Italjet sta definendo un nuovo segmento nel settore, allontanandosi dal tradizionale segmento degli scooter per entrare nel mondo delle motociclette, ma in realtà sfumando i confini tra i due mondi, forgiando una nuova categoria con grande coraggio. A EICMA 2025, Italjet si spingerà ancora oltre, svelando non solo la sua famiglia Dragster ampliata, ma anche due modelli completamente nuovi, tra cui uno che segna un deciso distacco dal nome Dragster e segnala un'entusiasmante espansione della visione del marchio. Fedele al suo DNA, Italjet continua a essere un punto di svolta nel mondo delle motociclette, voltando le spalle alle convenzioni e rifiutandosi di costruire ciò che il mercato impone. Al contrario, Italjet spinge i limiti e osa creare moto che altri non rischierebbero mai, combinando un design visionario con prestazioni senza compromessi. Questo approccio coraggioso garantisce che Italjet non si limiti a seguire le tendenze, ma le definisca. Presente in 48 paesi e in rapida crescita, Italjet rappresenta il design italiano, la passione e l'eccellenza ingegneristica per una nuova generazione di motociclisti. Il suo futuro è guidato dagli stessi valori che hanno costruito il suo passato: creatività, coraggio e determinazione a sfidare le convenzioni. Italjet non si limita a far rivivere la sua tradizione, ma sta plasmando il futuro delle due ruote.",,125/200/300,https://italjet.com,VIA DELL' AGRICOLTURA 2 CASTEL GUELFO BO,,
ITB AUTO SRL,Pad. 7 - Stand Q30,,,,,,,
ITHINKBETA TECH LLC,Pad. 6 - Stand M31,"iThinkBeta Tech LLC is a trailblazing technology-driven enterprise rooted in Ontario, California, USA. Since our founding, our core mission has been to dissolve boundaries between innovation and global commerce, merging cutting-edge software solutions with seamless international trade services—with a specialized focus on the motorcycle and parts industry. iThinkBeta Tech LLC is a trailblazing technology-driven enterprise rooted in Ontario, California, USA. Since our founding, our core mission has been to dissolve boundaries between innovation and global commerce, merging cutting-edge software solutions with seamless international trade services—with a specialized focus on the motorcycle and parts industry.",,,https://ithinkbeta.com,3690 MUSTANG DR ONTARIO CALIFORNIA,,
IXS AG,Pad. 6 - Stand A10,"Since 1979, iXS has been redefining what protection means for motorcyclists and mountain bikers worldwide. With a legacy built on innovation, performance, and safety, we create gear that’s trusted on trails, tracks, and everything in between. Recognised for award-winning design and industry-leading innovation, iXS continues to raise the bar. From our headquarters in Sursee, Switzerland, a dedicated team of experts designs high-performance products that push boundaries — combining maximum protection with uncompromising performance. The introduction of our 100% Airbag Ready standard marked a major milestone — making us the first brand to fully commit to the next era of motorcycle safety. Since 1979, iXS has been redefining what protection means for motorcyclists and mountain bikers worldwide. With a legacy built on innovation, performance, and safety, we create gear that’s trusted on trails, tracks, and everything in between. Recognised for award-winning design and industry-leading innovation, iXS continues to raise the bar. From our headquarters in Sursee, Switzerland, a dedicated team of experts designs high-performance products that push boundaries — combining maximum protection with uncompromising performance. The introduction of our 100% Airbag Ready standard marked a major milestone — making us the first brand to fully commit to the next era of motorcycle safety.",,,https://ixs.com,HALDENMATTSTRASSE 3 SURSEE LUZERN,,
J.JUAN - BREMBO N.V.,"Pad. 5 - Stand O71,O71SOP",,,,,,,
JADE TECH,Pad. 10 - Stand E93,"BSTABO, as a global electric off-road equipment company, is primarily engaged in the design, development, production, and global sales of products such as electric all-terrain vehicles, electric snowmobiles, and electric watercraft.The meaning of the ""BSTABO"" brand is ""Be Stable."" We are committed to providing reliable, comfortable and high-performance products to global users, while wholeheartedly promoting a lifestyle close to nature, creating joyful and passionate outdoor experiences for our customers. BSTABO, as a global electric off-road equipment company, is primarily engaged in the design, development, production, and global sales of products such as electric all-terrain vehicles, electric snowmobiles, and electric watercraft.The meaning of the ""BSTABO"" brand is ""Be Stable."" We are committed to providing reliable, comfortable and high-performance products to global users, while wholeheartedly promoting a lifestyle close to nature, creating joyful and passionate outdoor experiences for our customers.",,,,PALLASWIESENSTRABE 180 DARMSTADT DARMSTADT,,
JAGDISH ELECTRONICS INDIA PRIVATE LIMITED,Pad. 18 - Stand C75,"Power Group – Energizing the Automotive Industry Since 1971 Power Group, under the brand Powercoils, comprises Jagdish Electronics India Pvt. Ltd. (est. 1971) and Chheda Electricals & Electronics Pvt. Ltd. (est. 1995), with manufacturing facilities in Maharashtra and Uttarakhand. Both companies are IATF 16949:2016 and ISO 9001:2015 certified, specializing in Ignition Coils and a wide range of automotive electrical & electronic parts including Sensor, Magnetos, Relays, Flashers, Starter Motors, Regulator Rectifiers, Horns, Switches, and Instrument Clusters. We supply to leading two- and three-wheeler OEMs such as Honda, Yamaha, Suzuki, TVS, Bajaj, Hero, KTM, Harley Davidson, Royal Enfield, Atul Auto, Piaggio, Mahindra, Jawa, and Continental. With state-of-the-art facilities, strict quality control, and strong R&D, Power Group delivers high-performance, reliable, and competitively priced solutions trusted for over five decades. Power Group – Energizing the Automotive Industry Since 1971 Power Group, under the brand Powercoils, comprises Jagdish Electronics India Pvt. Ltd. (est. 1971) and Chheda Electricals & Electronics Pvt. Ltd. (est. 1995), with manufacturing facilities in Maharashtra and Uttarakhand. Both companies are IATF 16949:2016 and ISO 9001:2015 certified, specializing in Ignition Coils and a wide range of automotive electrical & electronic parts including Sensor, Magnetos, Relays, Flashers, Starter Motors, Regulator Rectifiers, Horns, Switches, and Instrument Clusters. We supply to leading two- and three-wheeler OEMs such as Honda, Yamaha, Suzuki, TVS, Bajaj, Hero, KTM, Harley Davidson, Royal Enfield, Atul Auto, Piaggio, Mahindra, Jawa, and Continental. With state-of-the-art facilities, strict quality control, and strong R&D, Power Group delivers high-performance, reliable, and competitively priced solutions trusted for over five decades.",,,,"LAVALE ROAD, PIRANGUT PUNE MAHARASHTRA",PIRANGUT PUNE MAHARASHTRA,
JALYN - CCCME,,,,,,,,
JASIL - J. ANTONIO DA SILVA LDA,Pad. 9 - Stand M63,"JASIL has over 40 years of experience in the production of parts and accessories for motorcycles and scooters including the high-quality motorcycle crankshaft. JASIL has a long experience producing also other engine parts such as gears and shaﬅs with very tight tolerances and stringent standards. At JASIL, we understand the unique demands placed on motorcycles and their components. Our meticulous engineering and manufacturing processes ensure that each metal part meets the highest standards allowing riders to experience the thrill of the road with confidence. JASIL has over 40 years of experience in the production of parts and accessories for motorcycles and scooters including the high-quality motorcycle crankshaft. JASIL has a long experience producing also other engine parts such as gears and shaﬅs with very tight tolerances and stringent standards. At JASIL, we understand the unique demands placed on motorcycles and their components. Our meticulous engineering and manufacturing processes ensure that each metal part meets the highest standards allowing riders to experience the thrill of the road with confidence.",,,https://jasil.com,PARQUE INDUSTRIAL DE ADAUFE LOTE I 6 BRAGA BRAGA,,
JASIL - J. ANTONIO DA SILVA LDA - MANDELLI SRL,"Pad. 10 - Stand C80,C88","Azienda specializzata nei settori Ciclo e Moto, leader in Italia nel mercato delle 2 ruote. Distribuzione all'ingrosso di prodotti Ciclo e Moto 5 Premium Brand di proprietà: Tucano Urbano, T.ur, TAAC, Eleveit e Brera Cicli. Punto di riferimento per il settore a livello nazionale e internazionale. I nostri 4 pilastri: Passione, Innovazione, Concretezza, Valore. Azienda specializzata nei settori Ciclo e Moto, leader in Italia nel mercato delle 2 ruote. Distribuzione all'ingrosso di prodotti Ciclo e Moto 5 Premium Brand di proprietà: Tucano Urbano, T.ur, TAAC, Eleveit e Brera Cicli. Punto di riferimento per il settore a livello nazionale e internazionale. I nostri 4 pilastri: Passione, Innovazione, Concretezza, Valore.",,,https://mandelli.net,VIA TOMMASO GROSSI 5 CARATE BRIANZA MB,,
JC LATINO IMP. & EXP. S.A.C,Pad. 7 - Stand Q05,"JC LATINO IMP. & EXP. S.A.C. es una empresa de importación y exportación dinámica y de rápido crecimiento con sede en Lima, Perú, especializada en la industria de motocicletas. Nos especializamos en la importación de motocicletas y sus repuestos, satisfaciendo la creciente demanda de movilidad en dos ruedas en Perú y los mercados vecinos. Nuestra empresa tiene una estrategia de rápido desarrollo multimarca, y las marcas de vehículos para diferentes niveles de mercado son: HJ, REX, accesorios son NS, FY, SH, Z y así sucesivamente. Con un profundo conocimiento del mercado local y sólidas relaciones con fabricantes internacionales de confianza, JC LATINO se ha consolidado como un socio confiable para el suministro de motocicletas, motores, neumáticos, baterías y una amplia gama de accesorios de alta calidad. Nuestro portafolio incluye productos adaptados a las necesidades tanto de consumidores individuales como de clientes comerciales. En JC LATINO, nos comprometemos a ofrecer precios competitivos, un excelente servicio posventa y colaboraciones a largo plazo. Nuestro objetivo es traer los mejores productos globales a Latinoamérica, impulsando la movilidad y mejorando las soluciones de transporte en toda la región. Si usted es un fabricante que busca un distribuidor confiable en Perú o una empresa que busca productos de motocicletas de calidad, JC LATINO es su puerta de entrada confiable al mercado latinoamericano. JC LATINO IMP. & EXP. S.A.C. es una empresa de importación y exportación dinámica y de rápido crecimiento con sede en Lima, Perú, especializada en la industria de motocicletas. Nos especializamos en la importación de motocicletas y sus repuestos, satisfaciendo la creciente demanda de movilidad en dos ruedas en Perú y los mercados vecinos. Nuestra empresa tiene una estrategia de rápido desarrollo multimarca, y las marcas de vehículos para diferentes niveles de mercado son: HJ, REX, accesorios son NS, FY, SH, Z y así sucesivamente. Con un profundo conocimiento del mercado local y sólidas relaciones con fabricantes internacionales de confianza, JC LATINO se ha consolidado como un socio confiable para el suministro de motocicletas, motores, neumáticos, baterías y una amplia gama de accesorios de alta calidad. Nuestro portafolio incluye productos adaptados a las necesidades tanto de consumidores individuales como de clientes comerciales. En JC LATINO, nos comprometemos a ofrecer precios competitivos, un excelente servicio posventa y colaboraciones a largo plazo. Nuestro objetivo es traer los mejores productos globales a Latinoamérica, impulsando la movilidad y mejorando las soluciones de transporte en toda la región. Si usted es un fabricante que busca un distribuidor confiable en Perú o una empresa que busca productos de motocicletas de calidad, JC LATINO es su puerta de entrada confiable al mercado latinoamericano.",,,https://jclatino.pro,AV. DEL PARQUE SUR NRO. 786 SAN BORJA LIMA LIMA,,
JE PISTONS - RACE WINNING BRANDS EUROPE BV,Pad. 7 - Stand O27,,,,,,,
JEC - CCCME,,,,,,,,
"JEC - SICHUAN LIYANG INDUSTRY CO.,LTD",Pad. 4 - Stand A80,,,,,,,
"JESSICA - ZHEJIANG JESSICA TRANSMISSION CO., LTD.",,,,,,,,
"JESSICA MEXICO TRANSMISSION, S.A. DE C.V. - ZHEJIANG JESSICA TRANSMISSION CO., LTD.",,,,,,,,
JETPRIME,Pad. 5 - Stand S75,"La Jetprime è specializzata nello sviluppo di parti speciali e soluzioni innovative per moto da corsa e stradali. Il nostro obiettivo è migliorare le performance delle moto sia su strada che in pista, offrendo prodotti tecnologicamente avanzati e affidabili di nostra progettazione e produzione. Tutti i componenti Jetprime sono realizzati artigianalmente in Italia, utilizzando esclusivamente materie prime non nocive e certificate, nel pieno rispetto dell’ambiente. Investiamo costantemente in ricerca e sviluppo per offrire soluzioni tecniche all’avanguardia. La Jetprime è specializzata nello sviluppo di parti speciali e soluzioni innovative per moto da corsa e stradali. Il nostro obiettivo è migliorare le performance delle moto sia su strada che in pista, offrendo prodotti tecnologicamente avanzati e affidabili di nostra progettazione e produzione. Tutti i componenti Jetprime sono realizzati artigianalmente in Italia, utilizzando esclusivamente materie prime non nocive e certificate, nel pieno rispetto dell’ambiente. Investiamo costantemente in ricerca e sviluppo per offrire soluzioni tecniche all’avanguardia.",,,https://jetprime.it,EUGENIO MONTALE 1 ROVERETO SUL SECCHIA MO,,
JHL - BENYCO GROUP SP. Z O.O.,,,,,,,,
"JIANDE WUXING BICYCLE CO.,LTD. - SANWA MOTORCYCLE CO.",,,,,,,,
"JIANGEMN CHANGHUA GROUP CO., LTD - CHINA ELECTRIC TWO-WHEELERS ASSOCIATION",,,,,,,,
"JIANGMEN CHANGLING MOTORCYCLE MANUFACTURE CO., LTD - CCPIT AUTO","Pad. 4 - Stand M56,M60,M64,M70,M55,O61",,,,https://auto-ccpit.org,3/F BAIYUN BUILDING 1 BAIYUN ROAD XICHENG BEIJING BEIJING,,
"JIANGMEN CHAOYANG PRECISION MANUFACTURING CO., LTD. - ZHEJIANG BENOD AUTOMOBILE MANUFACTURING CO. LTD.",,,,,,,,
"JIANGMEN DIHAO MOTORCYCLE CO., LTD. - EASTERN INTERNATIONAL EXPOSITIONS COMPANY",Pad. 18 - Stand E57,,,,,,,
"JIANGMEN DILUNG IMPORT & EXPORT TRADE CO., LTD. - EASTERN INTERNATIONAL EXPOSITIONS COMPANY",Pad. 18 - Stand E57,,,,,,,
"JIANGMEN MOTOUR TECHNOLOGY CO., LTD. - CHUANGJI EXHIBITION","Pad. 14,4,6,9,7 - Stand C05,C08,E60,E64,E72,E76,I10,S85,U29,U30,E54,G61,S70,S68,S74,S76,S80,Q64,P82,E53,R64,I14,T94,C81,C87,A84,B87,A90,E55,S59",,,,,,,
"JIANGMEN RUIYUE INDUSTRY CO., LTD. - HI-LIGHTING INT'L EXHIBITION BEIJING CO. LTD",Pad. 4 - Stand I60,,,,,,,
"JIANGMEN TDSRACING PRECISION MANUFACTURING CO., LTD. - INTENCE BIKES LLC","Pad. 11 - Stand M26,E40","INTENCE BIKES LLC is a trading company dedicated to the Russian two-wheeler market. Deeply rooted in the local landscape, we leverage our extensive industry experience and robust resource network to provide Russian customers with a one-stop procurement service for a comprehensive range of two-wheeler products, including both whole vehicles and various accessories. From high-performance motorcycles to practical electric bicycles, and from critical components to exquisite accessories, we consistently deliver top-quality products and professional services to meet the diverse needs of Russian consumers. We are committed to becoming a leading enterprise in the Russian two-wheeler trading sector. INTENCE BIKES LLC is a trading company dedicated to the Russian two-wheeler market. Deeply rooted in the local landscape, we leverage our extensive industry experience and robust resource network to provide Russian customers with a one-stop procurement service for a comprehensive range of two-wheeler products, including both whole vehicles and various accessories. From high-performance motorcycles to practical electric bicycles, and from critical components to exquisite accessories, we consistently deliver top-quality products and professional services to meet the diverse needs of Russian consumers. We are committed to becoming a leading enterprise in the Russian two-wheeler trading sector.",,,,LENINSKIJ PROSPEKT D83 K2 KV5 MOSKVA MOSKVA,,
"JIANGMEN TENGHUI RUBBER CO., LTD. - EASTERN INTERNATIONAL EXPOSITIONS COMPANY",Pad. 18 - Stand E57,,,,,,,
"JIANGMEN YELONG METAL PRODUCTS CO.,LTD - BRØDRESKIFT TECH AS",Pad. 18 - Stand H58,,,,https://brodreskifttech.top,BERGERVEIEN 26 ASKER VIKEN,,
"JIANGSU DAVY NEW ENERGY AUTO MOTIVE TECHNOLOGY CO.,LTD - COMERCIALIZADORA PRIMATERIA SA DE CV..","Pad. 14,4,6,9,7 - Stand C05,C08,E60,E64,E72,E76,I10,S85,U29,U30,E54,G61,S70,S68,S74,S76,S80,Q64,P82,E53,R64,I14,T94,C81,C87,A84,B87,A90,E55,S59",,,,,,,
"JIANGSU ELEGANCE VEHICLE CO., LTD. - CHUANGJI EXHIBITION",Pad. 4 - Stand Q84,"JIANGSU ELEGANCE VEHICLE CO., LTD. has its own production plant, product molds, and has independent development and complete production equipment. Our company guarantees that all products are independently developed and sold by our company. The electric tricycles and fuel tricycles produced by our company have obtained the first-level catalog of the Ministry of Industry and Information Technology of China, and can be used on the roads in China. The electric tricycles and four-wheeled electric vehicles have been exported to more than 20 countries in Europe, America, Southeast Asia etc. Welcome to inquire. JIANGSU ELEGANCE VEHICLE CO., LTD. has its own production plant, product molds, and has independent development and complete production equipment. Our company guarantees that all products are independently developed and sold by our company. The electric tricycles and fuel tricycles produced by our company have obtained the first-level catalog of the Ministry of Industry and Information Technology of China, and can be used on the roads in China. The electric tricycles and four-wheeled electric vehicles have been exported to more than 20 countries in Europe, America, Southeast Asia etc. Welcome to inquire.",,,,"No. 111, Housosng Road, Wuxi City, Jiangsu Province, China WUXI JIANGSU",China WUXI JIANGSU,
"JIANGSU FEIBEN TECHNOLOGY CO.,LTD",,,,,,,,
"JIANGSU JINTAIBAO SHOCK ABSORBER CO.,LTD","Pad. 14,4,6,9,7 - Stand C05,C08,E60,E64,E72,E76,I10,S85,U29,U30,E54,G61,S70,S68,S74,S76,S80,Q64,P82,E53,R64,I14,T94,C81,C87,A84,B87,A90,E55,S59",,,,,,,
"JIANGSU JUNYOU AUTO PARTS CO.,LTD - CCPIT AUTO","Pad. 4 - Stand M56,M60,M64,M70,M55,O61",,,,,,,
"JIANGSU KEYROAD TRANSPORTATION TECHNOLOGY CO.,LTD. - JOALLE GMBH",,,,,,,,
"JIANGSU LUOBEI ELECTRIC VEHICLE CO., LTD.",,,,,,,,
JIANGSU LVNENG ELECTRICAL BICYCLE TECHNOLOGY CO. LTD,"Pad. 10,9 - Stand A80,S82","Our company was established in 1999, and we have been engaging specially in electric motorcycle and electric bicycle for 24 years. All products have been certified by EEC & EN15194 and max speed varies from 25 km/h to 90 km/h, coming with our own mould and patent, exporting to over 50 countries. Our company was established in 1999, and we have been engaging specially in electric motorcycle and electric bicycle for 24 years. All products have been certified by EEC & EN15194 and max speed varies from 25 km/h to 90 km/h, coming with our own mould and patent, exporting to over 50 countries.",,,https://lvnengebike.com,NO.158 SHENGJIA VILLAGE WUYI VILLAGE HENG SHAN QIAO TOWN CHANGZHOU JIANGSU,,
"JIANGSU NANFANG PRECISION CO., LTD - SINOLIGHT INTERNATIONAL HOLDINGS CORPORATION (CLETC)","Pad. 14,4,6,9,7 - Stand C05,C08,E60,E64,E72,E76,I10,S85,U29,U30,E54,G61,S70,S68,S74,S76,S80,Q64,P82,E53,R64,I14,T94,C81,C87,A84,B87,A90,E55,S59",,,,https://cletc.com,SINOLIGHT PLAZA NO.4 WANG JING CHAOYANG DISTRICT BEIJING BEIJING,,
"JIANGSU SACIN MOTORCYCLE CO., LTD. - CHUANGJI EXHIBITION",Pad. 10 - Stand A66,,,,,,,
"JIANGSU SANYUAN TIRE CO., LTD",,,,,,,,
"JIANGSU SANYUAN TIRE CO.,LTD - SINOLIGHT INTERNATIONAL HOLDINGS CORPORATION (CLETC)",,,,,,,,
"JIANGSU SINSKI VEHICLE SCIENCE & TECHNOLOGY CO.,LTD - CCCME",,,,,,,,
"JIANGSU WANNA INTELLIGENT TECHNOLOGY CO., LTD.","Pad. 14,4,6,9,7 - Stand C05,C08,E60,E64,E72,E76,I10,S85,U29,U30,E54,G61,S70,S68,S74,S76,S80,Q64,P82,E53,R64,I14,T94,C81,C87,A84,B87,A90,E55,S59",,,,,,,
"JIANGSU XINWEI POWER TECHNOLOGY CO.,LTD. - YIBEN MOTOR","Pad. 11 - Stand S25,T34","Jiangsu Xinwei Power Technology Co., Ltd. was founded in 2001, headquartered in Wuxi, Jiangsu Province, we are professional engaged in the production of high-speed electric motorcycle motors, electric bicycle motors, electric high-speed motors, tricycle motors, electric vehicle motors, fitness equipment motors, garden tools motors and display, wheel manufacturing and sales in one of the private enterprises.We have four major production bases in Wuxi, Tianjin, Guangdong and Anhui, Jiangsu, with an annual capacity of over 20 million units. Our motor includes 180W-40KW, 36-100V various models; Our instrument includes 16 series of more than 2000 varieties, and we provide our customers with best systematic solutions for EV. Jiangsu Xinwei Power Technology Co., Ltd. was founded in 2001, headquartered in Wuxi, Jiangsu Province, we are professional engaged in the production of high-speed electric motorcycle motors, electric bicycle motors, electric high-speed motors, tricycle motors, electric vehicle motors, fitness equipment motors, garden tools motors and display, wheel manufacturing and sales in one of the private enterprises.We have four major production bases in Wuxi, Tianjin, Guangdong and Anhui, Jiangsu, with an annual capacity of over 20 million units. Our motor includes 180W-40KW, 36-100V various models; Our instrument includes 16 series of more than 2000 varieties, and we provide our customers with best systematic solutions for EV.",,,,"NO.6,XIANGAN ROAD,DACHENG INDUSTRIAL PARK,ANZHEN STREET,XISHAN DISTRICT,WUXI CITY,JIANGSU PROVINCE,CHINA WUXI JIANGSU",CHINA WUXI JIANGSU,
JIANGSU XINWEI POWER TECHNOLOGY CO.LTD,"Pad. 11 - Stand S25,T34","Jiangsu Xinwei Power Technology Co., Ltd. was founded in 2001, headquartered in Wuxi, Jiangsu Province, we are professional engaged in the production of high-speed electric motorcycle motors, electric bicycle motors, electric high-speed motors, tricycle motors, electric vehicle motors, fitness equipment motors, garden tools motors and display, wheel manufacturing and sales in one of the private enterprises.We have four major production bases in Wuxi, Tianjin, Guangdong and Anhui, Jiangsu, with an annual capacity of over 20 million units. Our motor includes 180W-40KW, 36-100V various models; Our instrument includes 16 series of more than 2000 varieties, and we provide our customers with best systematic solutions for EV. Jiangsu Xinwei Power Technology Co., Ltd. was founded in 2001, headquartered in Wuxi, Jiangsu Province, we are professional engaged in the production of high-speed electric motorcycle motors, electric bicycle motors, electric high-speed motors, tricycle motors, electric vehicle motors, fitness equipment motors, garden tools motors and display, wheel manufacturing and sales in one of the private enterprises.We have four major production bases in Wuxi, Tianjin, Guangdong and Anhui, Jiangsu, with an annual capacity of over 20 million units. Our motor includes 180W-40KW, 36-100V various models; Our instrument includes 16 series of more than 2000 varieties, and we provide our customers with best systematic solutions for EV.",,,,"NO.6,XIANGAN ROAD,DACHENG INDUSTRIAL PARK,ANZHEN STREET,XISHAN DISTRICT,WUXI CITY,JIANGSU PROVINCE,CHINA WUXI JIANGSU",CHINA WUXI JIANGSU,
"JIANGSU ZHENLONG SHOCK ABSORBER CO.,LTD - SINOLIGHT INTERNATIONAL HOLDINGS CORPORATION (CLETC)","Pad. 14,4,6,9,7 - Stand C05,C08,E60,E64,E72,E76,I10,S85,U29,U30,E54,G61,S70,S68,S74,S76,S80,Q64,P82,E53,R64,I14,T94,C81,C87,A84,B87,A90,E55,S59",,,,https://cletc.com,SINOLIGHT PLAZA NO.4 WANG JING CHAOYANG DISTRICT BEIJING BEIJING,,
"JIANGXI HUABO MOTORCYCLE PARTS CO., LTD. - SICHUAN LIYANG INDUSTRY CO.,LTD",Pad. 4 - Stand A80,,,,,,,
JIANGXI TIANYUE AUTOMOBILE ELECTRIC APPLIANCE CO LTD - YUANHAN INTERNATIONAL TRADING LIMITED,,,,,,,,
"JIANGYIN DAFEIMA AUTOMOBILE TECHNOLOGY CO., LTD. - SINOLIGHT INTERNATIONAL HOLDINGS CORPORATION (CLETC)","Pad. 14,4,6,9,7 - Stand C05,C08,E60,E64,E72,E76,I10,S85,U29,U30,E54,G61,S70,S68,S74,S76,S80,Q64,P82,E53,R64,I14,T94,C81,C87,A84,B87,A90,E55,S59",,,,https://cletc.com,SINOLIGHT PLAZA NO.4 WANG JING CHAOYANG DISTRICT BEIJING BEIJING,,
"JIAXING HONGFA TECH CO., LTD.","Pad. 14,4,6,9,7 - Stand C05,C08,E60,E64,E72,E76,I10,S85,U29,U30,E54,G61,S70,S68,S74,S76,S80,Q64,P82,E53,R64,I14,T94,C81,C87,A84,B87,A90,E55,S59",,,,,,,
"JIAXING HUASION (HUAXIN) ELECTRONIC ACCESSARY OF BIKE CO., LTD - SINOLIGHT INTERNATIONAL HOLDINGS CORPORATION (CLETC)","Pad. 14,4,6,9,7 - Stand C05,C08,E60,E64,E72,E76,I10,S85,U29,U30,E54,G61,S70,S68,S74,S76,S80,Q64,P82,E53,R64,I14,T94,C81,C87,A84,B87,A90,E55,S59",,,,https://cletc.com,SINOLIGHT PLAZA NO.4 WANG JING CHAOYANG DISTRICT BEIJING BEIJING,,
"JIAXING LIFTOOL MACHINERY AND ELECTRICAL CO.,LTD","Pad. 14,4,6,9,7 - Stand C05,C08,E60,E64,E72,E76,I10,S85,U29,U30,E54,G61,S70,S68,S74,S76,S80,Q64,P82,E53,R64,I14,T94,C81,C87,A84,B87,A90,E55,S59",,,,,,,
"JIAXING LUTU CAR ACCESSORY CO.,LTD - SINOLIGHT INTERNATIONAL HOLDINGS CORPORATION (CLETC)","Pad. 14,4,6,9,7 - Stand C05,C08,E60,E64,E72,E76,I10,S85,U29,U30,E54,G61,S70,S68,S74,S76,S80,Q64,P82,E53,R64,I14,T94,C81,C87,A84,B87,A90,E55,S59",,,,,,,
"JIAXING SHENGTIAN INTERNATIONAL TRADE CO., LTD. - CHUANGJI EXHIBITION",,,,,,,,
"JIAXING ZHUOYUWEI TECHNOLOGY CO., LTD - SINOLIGHT INTERNATIONAL HOLDINGS CORPORATION (CLETC)","Pad. 14,4,6,9,7 - Stand C05,C08,E60,E64,E72,E76,I10,S85,U29,U30,E54,G61,S70,S68,S74,S76,S80,Q64,P82,E53,R64,I14,T94,C81,C87,A84,B87,A90,E55,S59",,,,https://cletc.com,SINOLIGHT PLAZA NO.4 WANG JING CHAOYANG DISTRICT BEIJING BEIJING,,
"JINAN JEDI MOTOR TECHNOLOGY CO,.LTD - CCPIT AUTO","Pad. 4 - Stand M56,M60,M64,M70,M55,O61",,,,https://auto-ccpit.org,3/F BAIYUN BUILDING 1 BAIYUN ROAD XICHENG BEIJING BEIJING,,
"JINAN MAXVIEW INDUSTRIAL CO., LTD",,,,,,,,
"JINHUA FUNRUN VEHICLE TECHNOLOGY CO.,LTD - CHINA ELECTRIC TWO-WHEELERS ASSOCIATION",,,,,,,,
"JINHUA HUADUN MOTORCYCLE ARTICLES CO.,LTD",Pad. 4 - Stand N79,"Jinhua Huadun Motorcycles Articles Co., Ltd. was established in 1990. Our company is located in the economic development zone of Lanxi City, with a land area of 20,000 square meters. Our company specializes in producing motorcycle motorcycle helmets, ATV helmets, cross helmets. Our helmets with ECE R22.06,DOT,INMETRO standards.Our company owned the International advanced Italy AD test equipment.We introduce nationally and internationally advanced production and quality control equipment, which enhances our capability of production and quality control in a large scale. Our annual output is more than 1000,000 pieces of all kinds of motorcycle helmets, and 400,000 pieces of tool cases. ""Quality First, Reputation First, Delivery Timely"" is our principle. Jinhua Huadun Motorcycles Articles Co., Ltd. was established in 1990. Our company is located in the economic development zone of Lanxi City, with a land area of 20,000 square meters. Our company specializes in producing motorcycle motorcycle helmets, ATV helmets, cross helmets. Our helmets with ECE R22.06,DOT,INMETRO standards.Our company owned the International advanced Italy AD test equipment.We introduce nationally and internationally advanced production and quality control equipment, which enhances our capability of production and quality control in a large scale. Our annual output is more than 1000,000 pieces of all kinds of motorcycle helmets, and 400,000 pieces of tool cases. ""Quality First, Reputation First, Delivery Timely"" is our principle.",,,https://hua-dun.com,NO.20 HUILAN ROAD LANXI ZHEJIANG,,
JINHUA KKE TECHNOLOGY CO LTD - SINOLIGHT INTERNATIONAL HOLDINGS CORPORATION (CLETC),"Pad. 14,4,6,9,7 - Stand C05,C08,E60,E64,E72,E76,I10,S85,U29,U30,E54,G61,S70,S68,S74,S76,S80,Q64,P82,E53,R64,I14,T94,C81,C87,A84,B87,A90,E55,S59",,,,https://cletc.com,SINOLIGHT PLAZA NO.4 WANG JING CHAOYANG DISTRICT BEIJING BEIJING,,
"JINHUA KKE TECHNOLOGY CO.,LTD",Pad. 10 - Stand I93,"We are specializing on designing and producing suspension parts (front fork and rear shock ,spoked wheels set ) for two wheels and four wheels for motorcycle and e-motor and e-bike. We are specializing on designing and producing suspension parts (front fork and rear shock ,spoked wheels set ) for two wheels and four wheels for motorcycle and e-motor and e-bike.",,,,1518 SHENLI ROAD WUCHENG DISTRICT JINHUA ZHEJIANG,,
"JINHUA KKE TECHNOLOGY CO.,LTD",Pad. 10 - Stand I93,"We are specializing on designing and producing suspension parts (front fork and rear shock ,spoked wheels set ) for two wheels and four wheels for motorcycle and e-motor and e-bike. We are specializing on designing and producing suspension parts (front fork and rear shock ,spoked wheels set ) for two wheels and four wheels for motorcycle and e-motor and e-bike.",,,,1518 SHENLI ROAD WUCHENG DISTRICT JINHUA ZHEJIANG,,
"JINHUA LITIAN METAL TECHNOLOGY CO.,LTD - SINOLIGHT INTERNATIONAL HOLDINGS CORPORATION (CLETC)","Pad. 14,4,6,9,7 - Stand C05,C08,E60,E64,E72,E76,I10,S85,U29,U30,E54,G61,S70,S68,S74,S76,S80,Q64,P82,E53,R64,I14,T94,C81,C87,A84,B87,A90,E55,S59",,,,,,,
"JINHUA QUEENPHEN IMP.AND EXP.CO., LTD - SINOLIGHT INTERNATIONAL HOLDINGS CORPORATION (CLETC)","Pad. 14,4,6,9,7 - Stand C05,C08,E60,E64,E72,E76,I10,S85,U29,U30,E54,G61,S70,S68,S74,S76,S80,Q64,P82,E53,R64,I14,T94,C81,C87,A84,B87,A90,E55,S59",,,,https://cletc.com,SINOLIGHT PLAZA NO.4 WANG JING CHAOYANG DISTRICT BEIJING BEIJING,,
"JINHUA WANGCHENG TECHNOLOGY CO., LTD",,,,,,,,
"JINHUA XUANCHENG INDUSTRY AND TRADE CO., LTD. - CCCME",,,,,,,,
"JINLANG SCIENCE AND TECHNOLOGY CO.,LTD - RA ENGINEERING CO LTD,",,,,,,,,
JIUH HEAN COMPANY,Pad. 11 - Stand T31,"Our specialty is to do Brake Disc Rotor customization based on customer specification & requirement, for any info please contact us via Email：service@ilex.com.tw or sales02@ilex.com.tw Our specialty is to do Brake Disc Rotor customization based on customer specification & requirement, for any info please contact us via Email：service@ilex.com.tw or sales02@ilex.com.tw",,,,"NO.188, FUDONG RD., HEMEI TOWNSHIP CHANGHUA",HEMEI TOWNSHIP CHANGHUA,
JMC - LARSSON ITALIA S.R.L.,Pad. 11 - Stand E41,"Larsson Italia si propone a tutti gli operatori del settore moto italiano, meccanici, preparatori, gommisti, ricambisti e rivenditori a banco oppure online. Siamo specializzati nella distribuzione di ricambi ed attrezzatura tecnica, la gamma prodotti conta oltre 111.000 parti per oltre 27.500 motocicli, scooters e ATVs. Larsson Italia si propone a tutti gli operatori del settore moto italiano, meccanici, preparatori, gommisti, ricambisti e rivenditori a banco oppure online. Siamo specializzati nella distribuzione di ricambi ed attrezzatura tecnica, la gamma prodotti conta oltre 111.000 parti per oltre 27.500 motocicli, scooters e ATVs.",,,https://larsson-italia.it,"VIA DELL'INCISORE, 7 BOLOGNA BO",7 BOLOGNA BO,
"JMO TECH CO., LTD - RIGHTWARE OY",,,,,,,,
JMP - LARSSON ITALIA S.R.L.,Pad. 11 - Stand E41,"Larsson Italia si propone a tutti gli operatori del settore moto italiano, meccanici, preparatori, gommisti, ricambisti e rivenditori a banco oppure online. Siamo specializzati nella distribuzione di ricambi ed attrezzatura tecnica, la gamma prodotti conta oltre 111.000 parti per oltre 27.500 motocicli, scooters e ATVs. Larsson Italia si propone a tutti gli operatori del settore moto italiano, meccanici, preparatori, gommisti, ricambisti e rivenditori a banco oppure online. Siamo specializzati nella distribuzione di ricambi ed attrezzatura tecnica, la gamma prodotti conta oltre 111.000 parti per oltre 27.500 motocicli, scooters e ATVs.",,,https://larsson-italia.it,"VIA DELL'INCISORE, 7 BOLOGNA BO",7 BOLOGNA BO,
JMT - LARSSON ITALIA S.R.L.,Pad. 11 - Stand E41,"Larsson Italia si propone a tutti gli operatori del settore moto italiano, meccanici, preparatori, gommisti, ricambisti e rivenditori a banco oppure online. Siamo specializzati nella distribuzione di ricambi ed attrezzatura tecnica, la gamma prodotti conta oltre 111.000 parti per oltre 27.500 motocicli, scooters e ATVs. Larsson Italia si propone a tutti gli operatori del settore moto italiano, meccanici, preparatori, gommisti, ricambisti e rivenditori a banco oppure online. Siamo specializzati nella distribuzione di ricambi ed attrezzatura tecnica, la gamma prodotti conta oltre 111.000 parti per oltre 27.500 motocicli, scooters e ATVs.",,,https://larsson-italia.it,"VIA DELL'INCISORE, 7 BOLOGNA BO",7 BOLOGNA BO,
JN SEATS,,,,,,,,
JOALLE GMBH,,,,,,,,
"JOYCUBE - WUXI SHENYUN TECHNOLOGY DEVELOPMENT CO., LTD.",,,,,,,,
JS MUFFLER - RK TAKASAGO CHAIN & EXCEL RIM,Pad. 5 - Stand A70,"RK Excel Group is a leading manufacturer of motorcycle drive chains (both sealed and non-sealed), drive and driven sprockets, aluminum rims, aluminum hubs, spokes, and nipples. We also offer assembled spoke wheels and tubeless solutions tailored to meet our customers' specific requirements. Our products are supplied to global OE manufacturers such as HONDA, YAMAHA, KAWASAKI, SUZUKI, TRIUMPH, STARK, BENELLI, CF MOTO, ZONTES, SURRON, ARCTIC LEOPARD, ROYAL ENFIELD, among others. Additionally, we actively serve replacement markets across Europe, North America, South America, Asia, Oceania, and South Africa. Guided by our commitment to excellence, “Being the Best is a Commitment” remains the core principle driving our innovation and operations. RK Excel Group is a leading manufacturer of motorcycle drive chains (both sealed and non-sealed), drive and driven sprockets, aluminum rims, aluminum hubs, spokes, and nipples. We also offer assembled spoke wheels and tubeless solutions tailored to meet our customers' specific requirements. Our products are supplied to global OE manufacturers such as HONDA, YAMAHA, KAWASAKI, SUZUKI, TRIUMPH, STARK, BENELLI, CF MOTO, ZONTES, SURRON, ARCTIC LEOPARD, ROYAL ENFIELD, among others. Additionally, we actively serve replacement markets across Europe, North America, South America, Asia, Oceania, and South Africa. Guided by our commitment to excellence, “Being the Best is a Commitment” remains the core principle driving our innovation and operations.",,,,"668, KABUTOYAMA, KUMAGAYA-CITY SAITAMA",KUMAGAYA-CITY SAITAMA,
"JUI-DENG INDUSTRIAL CORP., - IMPORTERS & EXPORTERS ASSOCIATION OF TAIPEI",,,,,,,,
"JUNENG MOTORCYCLE TECHNOLOGY CO.,LTD.",Pad. 6 - Stand I21,,,,,,,
JUST1 - SHANGHAI HEHUI SAFETY PRODUCTS MANUFACTURE CO.,,,,,,,,
"JUTE INDUSTRIAL CO., LTD. - TAIWAN TRANSPORTATION VEHICLE MANUFACTURERS ASS.",Pad. 5 - Stand A78,,,,,,,
"K STAR CO., LTD.",Pad. 14 - Stand B21,"K STAR CO., LTD. is one of the professional exporters and manufacturers who specializes in spare parts of scooter, motorcycle, bicycle and maintenance tools. The tenet of our company is serving our customers with full of effort, energy and speed. And we are focus on providing the best manufacturing, trade and logistics integration service. K STAR CO., LTD. is one of the professional exporters and manufacturers who specializes in spare parts of scooter, motorcycle, bicycle and maintenance tools. The tenet of our company is serving our customers with full of effort, energy and speed. And we are focus on providing the best manufacturing, trade and logistics integration service.",,,https://k-star.com,"NO. 37, GUNGMING 2ND ROAD, AN-NAN DISTRICT TAINAN CITY TAIWAN",AN-NAN DISTRICT TAINAN CITY TAIWAN,
"K-STAR - K STAR CO., LTD.",Pad. 14 - Stand B21,"K STAR CO., LTD. is one of the professional exporters and manufacturers who specializes in spare parts of scooter, motorcycle, bicycle and maintenance tools. The tenet of our company is serving our customers with full of effort, energy and speed. And we are focus on providing the best manufacturing, trade and logistics integration service. K STAR CO., LTD. is one of the professional exporters and manufacturers who specializes in spare parts of scooter, motorcycle, bicycle and maintenance tools. The tenet of our company is serving our customers with full of effort, energy and speed. And we are focus on providing the best manufacturing, trade and logistics integration service.",,,https://k-star.com,"NO. 37, GUNGMING 2ND ROAD, AN-NAN DISTRICT TAINAN CITY TAIWAN",AN-NAN DISTRICT TAINAN CITY TAIWAN,
K&R BROTHERS CO. - TDAP,,,,,,,,
"KABUTO - OGK KABUTO CO., LTD.",Pad. 7 - Stand C24,,,,,,,
KADIA INTERNATIONAL COMPANY,Pad. 6 - Stand D05,"KADIA International Company is one of the leading manufacture and exporters of leather and textile Garments for 3 decades. Our company was established in 1997 and have been producing the best quality Garments, Sports Goods & Gloves and our company is very well experienced in leather and textile products and doing our best for our customers satisfaction in term of best quality standard, best competitive price & in time Deliveries, besides a newness and variety in our products we are proud to have a reputation of using best quality raw materials in our entire productions. Certainly, you will find us better than your existing suppliers in all respect price wise, quality wise and delivery wise. We’re equally concerned and cared about the international market standards. We provide our labor a friendly a working environment. Our experts examine every little detail to guarantee our now well-known quality and we co-operate with Brand name products suppliers to develop our products. Therefore, we today run one of the world’s most technically developed companies in its field our products definitely represent the best quality of the market in all the world. COMPANY STRENGTH: We are a company having very good grip in our Productions and Exports because this is our family business as you can see in Company Management, Managing Director is Mr. Ch. Muhammad Akram and his two Son as directors Mr. Ch. Irfan Akram and Mr. Imran Akram because of our family business we are controlling very well the quality and productions in all different units and we are proud to say that with our unity and best control we are providing always better and better quality products to our customers all over the globe and our customers are completely satisfied with our work. Company Certification: • ISO-9001:2015 • ISO-14001:2015 • Amfori (BSCI) • OekoTex 100 • Global Organic Textile Standard (GOTS) • Step by Oeko Tex • Global Recycled Standard (GRS) • Sedex Products range: • Motorcycle/Fashion Leather & Textile Garments • Sports Wear ( Tracksuits, Shorts, T-Shirts, Polo Shirts, Vest, Hoodies etc) • Motorcycle/Motorcross Gloves, Ski Gloves, Fashion & Garden Gloves • Sports Garments Mission Statement Kadia International’s Mission is to:  Provide High quality, professional grade Sports & leather Goods.  Create and Cultivate long-term relationship with customers and clients.  Respond immediately to the Changing needs of our Customers and clients.  Achieve Complete Customer satisfaction.  Improve our Services continuously.  Maintain professional relationship with all stakeholders to achieve the highest standards of Performance. Vision The Vision of Kadia International is to train and Develop the efficient Team of all departments so that the team should ready for best and quick response to the customer needs. Telephone Factory: +0092-52-3614827, 3610422 +0092-300-9612361 +0092-321-6142276 E-mail: Info@kadia.pk - info@kadiasports.com Website: https://www.kadiapakistan.com https://www.kadiasports.com Chief Executive Officer: Ch. Muhammad Akram Factory address: - KADIA Street, Akbarabad Chowk, Defence Road, 51310 Sialkot Pakistan. KADIA International Company is one of the leading manufacture and exporters of leather and textile Garments for 3 decades. Our company was established in 1997 and have been producing the best quality Garments, Sports Goods & Gloves and our company is very well experienced in leather and textile products and doing our best for our customers satisfaction in term of best quality standard, best competitive price & in time Deliveries, besides a newness and variety in our products we are proud to have a reputation of using best quality raw materials in our entire productions. Certainly, you will find us better than your existing suppliers in all respect price wise, quality wise and delivery wise. We’re equally concerned and cared about the international market standards. We provide our labor a friendly a working environment. Our experts examine every little detail to guarantee our now well-known quality and we co-operate with Brand name products suppliers to develop our products. Therefore, we today run one of the world’s most technically developed companies in its field our products definitely represent the best quality of the market in all the world. COMPANY STRENGTH: We are a company having very good grip in our Productions and Exports because this is our family business as you can see in Company Management, Managing Director is Mr. Ch. Muhammad Akram and his two Son as directors Mr. Ch. Irfan Akram and Mr. Imran Akram because of our family business we are controlling very well the quality and productions in all different units and we are proud to say that with our unity and best control we are providing always better and better quality products to our customers all over the globe and our customers are completely satisfied with our work. Company Certification: • ISO-9001:2015 • ISO-14001:2015 • Amfori (BSCI) • OekoTex 100 • Global Organic Textile Standard (GOTS) • Step by Oeko Tex • Global Recycled Standard (GRS) • Sedex Products range: • Motorcycle/Fashion Leather & Textile Garments • Sports Wear ( Tracksuits, Shorts, T-Shirts, Polo Shirts, Vest, Hoodies etc) • Motorcycle/Motorcross Gloves, Ski Gloves, Fashion & Garden Gloves • Sports Garments Mission Statement Kadia International’s Mission is to:  Provide High quality, professional grade Sports & leather Goods.  Create and Cultivate long-term relationship with customers and clients.  Respond immediately to the Changing needs of our Customers and clients.  Achieve Complete Customer satisfaction.  Improve our Services continuously.  Maintain professional relationship with all stakeholders to achieve the highest standards of Performance. Vision The Vision of Kadia International is to train and Develop the efficient Team of all departments so that the team should ready for best and quick response to the customer needs. Telephone Factory: +0092-52-3614827, 3610422 +0092-300-9612361 +0092-321-6142276 E-mail: Info@kadia.pk - info@kadiasports.com Website: https://www.kadiapakistan.com https://www.kadiasports.com Chief Executive Officer: Ch. Muhammad Akram Factory address: - KADIA Street, Akbarabad Chowk, Defence Road, 51310 Sialkot Pakistan.",,+0092-52-3614827,https://kadiasports.com,"KADIA STREET, AKBARABAD CHOWK, DEFENCE ROAD SIALKOT PAKISTAN",DEFENCE ROAD SIALKOT PAKISTAN,
KAGE GROUP,,,,,,,,
"KAGUISAI (JIAXING) RUBBER & PLASTIC CO., LTD. - CHUANGJI EXHIBITION",,,,,,,,
"KAIFA INDUSTRY CO., LTD. - IMPORTERS & EXPORTERS ASSOCIATION OF TAIPEI",,,,,,,,
"KALLOY INDUSTRIAL CO., LTD. - IMPORTERS & EXPORTERS ASSOCIATION OF TAIPEI",,,,,,,,
KANZI - RIGHTWARE OY,,,,,,,,
KAOKO - FORBIKES SRL,,,,,,,,
KAPPA - GIVI SPA (KAPPA),Pad. 7 - Stand C48,"Uscire dal proprio tracciato, azzardare l'ignoto, percorrere distanze impensabili o semplicemente sfidare il traffico per raggiungere l'ufficio. Per KAPPA non fa differenza, l'importante è farlo in pieno comfort e sicurezza. Su due ruote, ciascuna a modo suo. Da 60 anni KAPPA dedica tutti i suoi sforzi a migliorare la vita dei motociclisti. La strada, gli spazi e gli orizzonti diventano protagonisti, la nostra storia e quella dei nostri prodotti fanno da contorno alle avventure di chi vive la moto. Uscire dal proprio tracciato, azzardare l'ignoto, percorrere distanze impensabili o semplicemente sfidare il traffico per raggiungere l'ufficio. Per KAPPA non fa differenza, l'importante è farlo in pieno comfort e sicurezza. Su due ruote, ciascuna a modo suo. Da 60 anni KAPPA dedica tutti i suoi sforzi a migliorare la vita dei motociclisti. La strada, gli spazi e gli orizzonti diventano protagonisti, la nostra storia e quella dei nostri prodotti fanno da contorno alle avventure di chi vive la moto.",,,https://kappamoto.com,UNGARETTI 48 FLERO BS,,
"KATARI ENTERPRISE CO., LTD.",Pad. 11 - Stand A30,"Katari Enterprise., Co., Ltd as a manufacturer, exporter, and supplier of various repairing tools & accessories mainly for motorcycles. We have experienced R&D team with professional knowledge, best service, and strict delivery schedule that have helped gaining high reputation from customers. Katari Enterprise., Co., Ltd as a manufacturer, exporter, and supplier of various repairing tools & accessories mainly for motorcycles. We have experienced R&D team with professional knowledge, best service, and strict delivery schedule that have helped gaining high reputation from customers.",,,https://katari.com.tw,"NO.112-19, LN. 189, WUGUANG RD., WURI DIST, TAICHUNG CITY TAIWAN",TAICHUNG CITY TAIWAN,
"KAWAGO - YADEA TECHNOLOGY GROUP CO.,LTD",Pad. 11 - Stand M06,"Yadea (01585.HK) is the world's leading electric two-wheeler brand, with the product mainly covering electric motorcycles, electric mopeds, electric bicycles, electric tricycles, electric kick scooters, graphene lead-acid batteries, and sodium-ion batteries, along with their components and accessories. Headquartered in Wuxi, Jiangsu, Yadea operates 9 global production and R&D bases, spanning Jiangsu, Tianjin, Zhejiang, Guangdong, Chongqing, and Anhui, as well as overseas facilities in Vietnam, Indonesia and Thailand. Yadea’s products are sold in over 100 countries, with a retail network exceeding 40,000 stores worldwide. The company holds over 2,000 patents and boasts 3 national CNAS-certified laboratories, 6 technology research centers, and a national-level industrial design center. Yadea has also made groundbreaking advancements in the independent development of battery, motor, and electronic control technologies. Yadea is committed to its mission of ""Providing a wonderful journey for global users."" Yadea continuously delivers innovative, user-centric products and services by focusing on short- and medium-distance mobility. The company strives to make commuting more convenient and enjoyable, enhance people’s happiness, and contribute to a greener and more sustainable future, ensuring that users worldwide can experience the joy of electric mobility. Yadea (01585.HK) is the world's leading electric two-wheeler brand, with the product mainly covering electric motorcycles, electric mopeds, electric bicycles, electric tricycles, electric kick scooters, graphene lead-acid batteries, and sodium-ion batteries, along with their components and accessories. Headquartered in Wuxi, Jiangsu, Yadea operates 9 global production and R&D bases, spanning Jiangsu, Tianjin, Zhejiang, Guangdong, Chongqing, and Anhui, as well as overseas facilities in Vietnam, Indonesia and Thailand. Yadea’s products are sold in over 100 countries, with a retail network exceeding 40,000 stores worldwide. The company holds over 2,000 patents and boasts 3 national CNAS-certified laboratories, 6 technology research centers, and a national-level industrial design center. Yadea has also made groundbreaking advancements in the independent development of battery, motor, and electronic control technologies. Yadea is committed to its mission of ""Providing a wonderful journey for global users."" Yadea continuously delivers innovative, user-centric products and services by focusing on short- and medium-distance mobility. The company strives to make commuting more convenient and enjoyable, enhance people’s happiness, and contribute to a greener and more sustainable future, ensuring that users worldwide can experience the joy of electric mobility.",,,https://yadea.com,NO.515 XISHAN ROAD ANZHEN TOWN XISHAN DISTRICT WUXI JIANGSU,,
KAWASAKI MOTORS EUROPE N.V,Pad. 11 - Stand N46,,,,https://kawasaki.it,VIA LUIGI MERAVIGLIA 31 LAINATE MI,,
KAYO MOTO,Pad. 18 - Stand E63,,,,,,,
KEEPTECH PROTECTION,Pad. 11 - Stand U07,"Keeptech Protection started in a 2015 from providing limb and Back Protectors for motorbike industry .We’ve done our best for the best. We’ve improved and grown. Looking ahead to the future and now, we are providing world best and slimmest Full body Personal Protection Equipment in the world for all sports industry. Keeptech Protection started in a 2015 from providing limb and Back Protectors for motorbike industry .We’ve done our best for the best. We’ve improved and grown. Looking ahead to the future and now, we are providing world best and slimmest Full body Personal Protection Equipment in the world for all sports industry.",,,https://keeptechprotection.com,"DEFENCE ROAD, STREET NO-1 NEAR OIL AGENCY, NADIR TOWN, FATEH GARH SIALKOT PUNJAB",FATEH GARH SIALKOT PUNJAB,
KEIHIN - ASTEMO LTD.,Pad. 5 - Stand A54,,,,,,,
"KEITI HARDWARE INDUSTRIAL CO., LTD. - TAIWAN TRANSPORTATION VEHICLE MANUFACTURERS ASS.",,,,,,,,
KENBO - GOWOW ORION,,,,,,,,
KENDA RUBBER IND. CO. LTD.,Pad. 18 - Stand I63,"Kenda is a name people trust; from wheels on baby strollers to tires on heavy equipment, Kenda is meeting the needs of millions of people worldwide. Since 1962, Kenda has been offering high-quality rubber products for cars, light trucks, bicycles, motorcycles, ATVs, trailers, karts, golf cars, lawn and garden, wheelchairs, and skid loader/agricultural vehicles. Operating in Asia, North America, and Europe, Kenda distributes its products in over 150 countries and employs more than 10,000 people. Kenda was named 'one' of the world's largest tire manufacturers. All seven of our factories have achieved ISO 9001 certification; even so, Kenda has continually upgraded its manufacturing equipment in order to improve production efficiency so we may offer the most cost competitive products and pass the savings on to consumers. At Kenda, we understand that only the best performance will yield the highest efficiencies and keep us in the forefront of today’s competitive market. Kenda is a name people trust; from wheels on baby strollers to tires on heavy equipment, Kenda is meeting the needs of millions of people worldwide. Since 1962, Kenda has been offering high-quality rubber products for cars, light trucks, bicycles, motorcycles, ATVs, trailers, karts, golf cars, lawn and garden, wheelchairs, and skid loader/agricultural vehicles. Operating in Asia, North America, and Europe, Kenda distributes its products in over 150 countries and employs more than 10,000 people. Kenda was named 'one' of the world's largest tire manufacturers. All seven of our factories have achieved ISO 9001 certification; even so, Kenda has continually upgraded its manufacturing equipment in order to improve production efficiency so we may offer the most cost competitive products and pass the savings on to consumers. At Kenda, we understand that only the best performance will yield the highest efficiencies and keep us in the forefront of today’s competitive market.",,,https://kendatire.com,146 SEC. 1 CHUNG SHAN ROAD YUANLIN CHANGHUA TAIWAN,,
KENYSPAN - YOUNGPOONG FILLTEX,,,,,,,,
KENYTEC - YOUNGPOONG FILLTEX,,,,,,,,
KENYTEX - YOUNGPOONG FILLTEX,,,,,,,,
KEWIG - SARING SP. Z O.O,Pad. 10 - Stand C56,"Saring Sp. z o.o. is a professional two wheeler trading company in Poland. Our main products include bicycles, motorcycles, as well as various accessories and equipment. Saring Sp. z o.o. is a professional two wheeler trading company in Poland. Our main products include bicycles, motorcycles, as well as various accessories and equipment.",,,https://saring.com.pl,"AL. JANA PAWLA II 27, 00-867 WARSZAWA WARSZAWA",00-867 WARSZAWA WARSZAWA,
"KEWS, SIX DAYS - CCCME",,,,,,,,
"KINETIX CO., LTD - IMPORTERS & EXPORTERS ASSOCIATION OF TAIPEI",,,,,,,,
"KINGLEE CO., LTD - SINOLIGHT INTERNATIONAL HOLDINGS CORPORATION (CLETC)","Pad. 14,4,6,9,7 - Stand C05,C08,E60,E64,E72,E76,I10,S85,U29,U30,E54,G61,S70,S68,S74,S76,S80,Q64,P82,E53,R64,I14,T94,C81,C87,A84,B87,A90,E55,S59",,,,https://cletc.com,SINOLIGHT PLAZA NO.4 WANG JING CHAOYANG DISTRICT BEIJING BEIJING,,
"KINON POWER TECHNOLOGY CO.,LTD",Pad. 4 - Stand Q70,"Our main products are clutches for ATVs, UTVs, golf carts, and motorcycles (ATV, UTV, and CVT clutches). Our main products are clutches for ATVs, UTVs, golf carts, and motorcycles (ATV, UTV, and CVT clutches).",,,https://kinonpower.com,"NORTH SIDE OF GONGSHANNEI STREET, WEST SIDE OF TONGDE AVENUE, HIGH SPEED RAILWAY NEW AREA, DONGSHAHE STREET, TENGZHOU CITY, ZAOZHUANG SHANDONG",ZAOZHUANG SHANDONG,
"KINON POWER TECHNOLOGY CO.,LTD - CCCME",Pad. 4 - Stand Q70,"Our main products are clutches for ATVs, UTVs, golf carts, and motorcycles (ATV, UTV, and CVT clutches). Our main products are clutches for ATVs, UTVs, golf carts, and motorcycles (ATV, UTV, and CVT clutches).",,,https://kinonpower.com,"NORTH SIDE OF GONGSHANNEI STREET, WEST SIDE OF TONGDE AVENUE, HIGH SPEED RAILWAY NEW AREA, DONGSHAHE STREET, TENGZHOU CITY, ZAOZHUANG SHANDONG",ZAOZHUANG SHANDONG,
KIRO CONCEPT,,,,,,,,
KL MOTORS - PELPI INTERNATIONAL S.R.L.,"Pad. 14 - Stand C46,C45,C42",,,,https://pelpi.com,VIA GIACOMO MATTEOTTI 11 AROSIO CO,,
KLIM - TECHNICAL RIDING GEAR,Pad. 14 - Stand I45,,,,https://klim.com,3753 country line rd rigby IDAHO,,
KMI S.R.L.,,,,,,,,
KOK INTERNATIONAL BUSINESS CORP,,,,,,,,
"KOMINE CO., LTD",Pad. 11 - Stand T21,"Our company was founded in 1947 and has grown alongside the evolution of motorization in Japan, adapting our business model to suit the times. Throughout its history, Komine has manufactured motorcycles, manufactured and sold specialized wear that takes rider safety into consideration, and developed helmets that have passed Snell standards. We have always been ahead of the times in our product development, always prioritizing what users need, what would be more beneficial, and how we can achieve greater safety. Our company philosophy is based on three elements: ""Better Safety - safer products,"" ""High Function - higher functioning products,"" and ""High Cost Effectiveness - more cost-effective products."" We believe that these three elements will ultimately provide motorcycle users with a richer experience. We believe that as a motorcycle equipment manufacturer, it is only natural that we provide products that are safe and have high functionality. How to make these high-value products more affordable for users is also our top priority in our quest to achieve ""High Cost Effectiveness - providing more cost-effective products."" This is because we believe that this will enable us to deliver safe, high-performance motorcycle equipment to more people. What lies beyond this is our belief and conviction that if as many riders as possible use our equipment, our products will have a direct or indirect effect and help reduce even one fatal motorcycle accident. Our vision was well-received, and we now have distributors in 14 countries around the world, primarily in Asia, and are expanding globally. We will continue to strive to provide all riders with innovative, safe products at affordable prices that provide a safer, more comfortable experience. Our company was founded in 1947 and has grown alongside the evolution of motorization in Japan, adapting our business model to suit the times. Throughout its history, Komine has manufactured motorcycles, manufactured and sold specialized wear that takes rider safety into consideration, and developed helmets that have passed Snell standards. We have always been ahead of the times in our product development, always prioritizing what users need, what would be more beneficial, and how we can achieve greater safety. Our company philosophy is based on three elements: ""Better Safety - safer products,"" ""High Function - higher functioning products,"" and ""High Cost Effectiveness - more cost-effective products."" We believe that these three elements will ultimately provide motorcycle users with a richer experience. We believe that as a motorcycle equipment manufacturer, it is only natural that we provide products that are safe and have high functionality. How to make these high-value products more affordable for users is also our top priority in our quest to achieve ""High Cost Effectiveness - providing more cost-effective products."" This is because we believe that this will enable us to deliver safe, high-performance motorcycle equipment to more people. What lies beyond this is our belief and conviction that if as many riders as possible use our equipment, our products will have a direct or indirect effect and help reduce even one fatal motorcycle accident. Our vision was well-received, and we now have distributors in 14 countries around the world, primarily in Asia, and are expanding globally. We will continue to strive to provide all riders with innovative, safe products at affordable prices that provide a safer, more comfortable experience.",,,https://komine.ac,"2F, 1-38-16, MACHIYA ARAKAWA-KU TOKYO",MACHIYA ARAKAWA-KU TOKYO,
KOMPERDELL SPORTARTIKEL GMBH,,,,,,,,
KOSO EUROPE GMBH & CO KG,Pad. 9 - Stand A60,,,,https://kosoeurope.com,DR.-WALTER-BRUCH-STRASSE 9 ST WENDEL DEUTSCHLAND,,
KOVE,Pad. 14 - Stand A52,"Founded in 2017, KOVE MOTO is a leading motorcycle manufacturing enterprise headquartered in Yubei District, Chongqing, China. With over 800 employees and eight subsidiary companies, KOVE integrates design, development, manufacturing, and sales, achieving full in-house research and production of critical components, including engines, frames, fuel tanks, and brakes. KOVE motorcycles meet stringent international standards, including E-mark, Euro 5+, and DOT certifications, and are distributed in over 70 countries, including Italy, Spain, Argentina, France, and the United States. A prominent contender in motorsport, KOVE actively participates in global racing events. In 2025, the KOVE Rally Racing Team achieved a remarkable 15th-place finish at the Dakar Rally with the self-developed 450Rally. Additionally, KOVE has secured three championships in the World Superbike Championship (WSBK) since joining, including two titles in the 2025 season alone. These achievements underscore KOVE's commitment to pushing performance and quality through rigorous competition, solidifying its reputation as a dynamic and innovative force in the motorcycle industry. Founded in 2017, KOVE MOTO is a leading motorcycle manufacturing enterprise headquartered in Yubei District, Chongqing, China. With over 800 employees and eight subsidiary companies, KOVE integrates design, development, manufacturing, and sales, achieving full in-house research and production of critical components, including engines, frames, fuel tanks, and brakes. KOVE motorcycles meet stringent international standards, including E-mark, Euro 5+, and DOT certifications, and are distributed in over 70 countries, including Italy, Spain, Argentina, France, and the United States. A prominent contender in motorsport, KOVE actively participates in global racing events. In 2025, the KOVE Rally Racing Team achieved a remarkable 15th-place finish at the Dakar Rally with the self-developed 450Rally. Additionally, KOVE has secured three championships in the World Superbike Championship (WSBK) since joining, including two titles in the 2025 season alone. These achievements underscore KOVE's commitment to pushing performance and quality through rigorous competition, solidifying its reputation as a dynamic and innovative force in the motorcycle industry.",,,https://kovemoto.com,"No.2, Xiangyu Road, Yubei District, Chongqing, China CHONGQING CHINA",China CHONGQING CHINA,
KROON - OIL B.V. (PUTOLINE OIL) - PUTOLINE OIL,Pad. 18 - Stand G72,,,,https://putoline.nl,DOLLEGOORWEG 15 ALMELO OVERIJSSEL,,
KSN INTERNATIONAL,Pad. 11 - Stand S50,"We at KSN INTERNATIONAL are specialized in production of all sorts of Motorbike CE Gloves, Soft Shell Jackets, Cordura Jackets, Leather Jackets and Pants. We are efficiently supplying products to world famous brands in Australia, New Zealand, France. Spain. USA, UK, and all over Europe. We are in this field for the last several years and are satisfying our clients for good quality, better prices and best services. Our products are well appreciated by our clients and some of our customers have their strong trust upon us for more than 20 years. We have our own manufacturing units equipped with latest machinery, skillful labors and most experienced staff to meet the requirements of our worthy buyers. We also have our own leather tannery where we are producing leather by using top quality chemicals to get durable leather with quality. We always purchase A grade raw leather to use them in our tannery and production. If you have any inquiry please feel free to discuss with us and enable us to serve you. We assure you our best quality. We at KSN INTERNATIONAL are specialized in production of all sorts of Motorbike CE Gloves, Soft Shell Jackets, Cordura Jackets, Leather Jackets and Pants. We are efficiently supplying products to world famous brands in Australia, New Zealand, France. Spain. USA, UK, and all over Europe. We are in this field for the last several years and are satisfying our clients for good quality, better prices and best services. Our products are well appreciated by our clients and some of our customers have their strong trust upon us for more than 20 years. We have our own manufacturing units equipped with latest machinery, skillful labors and most experienced staff to meet the requirements of our worthy buyers. We also have our own leather tannery where we are producing leather by using top quality chemicals to get durable leather with quality. We always purchase A grade raw leather to use them in our tannery and production. If you have any inquiry please feel free to discuss with us and enable us to serve you. We assure you our best quality.",,,https://ksn.com.pk,HAJI PURA DASKA ROAD SIALKOT PUNJAB,,
KTM SPORTMOTORCYCLE GMBH,,,,,,,,
KTM SPORTMOTORCYCLE GMBH - GAS GAS GMBH,,,,,,,,
KTM SPORTMOTORCYCLE GMBH - HUSQVARNA MOBILITY GMBH,,,,,,,,
"KUNSHAN SHANSHAN ELECTRONIC SCIENCE-TECHNOLOGY CO.,LTD.",Pad. 7 - Stand A26,"Shanshan was founded in 1998, after twenty-six years of development, Shanshan has a professional product design and development team and high-precision product quality testing equipment. The company undertakes product design, mould manufacturing and product production. Shanshan is a multi-species, high-quality all kinds of lithium battery box product design and production manufacturer. At present, we have 1,071 domestic and foreign customers, and all kinds of lithium battery case products are mainly sold to Japan, Europe, the United States and other countries. Shanshan is currently the world's leading manufacturer of various types of lithium battery packs for electric bicycles, disabled electric vehicles, electric forklifts, automobiles, etc. Shanshan has won a number of awards for its lithium battery packs. Our lithium battery cases have won the reputation of ""superior quality and reliability"", and have achieved the performance of ""leading sales"". We always adhere to the credibility of survival, quality and development, excellent product quality and good reputation make Shanshan at home and abroad users enjoy a high reputation. Shanshan here to all buyers solemn promise: the company produces and sells products in accordance with the provisions of the 100 percent implementation of the ""three packages"" service. Sincerely welcome new and old customers to visit our company to guide the negotiations! Shanshan was founded in 1998, after twenty-six years of development, Shanshan has a professional product design and development team and high-precision product quality testing equipment. The company undertakes product design, mould manufacturing and product production. Shanshan is a multi-species, high-quality all kinds of lithium battery box product design and production manufacturer. At present, we have 1,071 domestic and foreign customers, and all kinds of lithium battery case products are mainly sold to Japan, Europe, the United States and other countries. Shanshan is currently the world's leading manufacturer of various types of lithium battery packs for electric bicycles, disabled electric vehicles, electric forklifts, automobiles, etc. Shanshan has won a number of awards for its lithium battery packs. Our lithium battery cases have won the reputation of ""superior quality and reliability"", and have achieved the performance of ""leading sales"". We always adhere to the credibility of survival, quality and development, excellent product quality and good reputation make Shanshan at home and abroad users enjoy a high reputation. Shanshan here to all buyers solemn promise: the company produces and sells products in accordance with the provisions of the 100 percent implementation of the ""three packages"" service. Sincerely welcome new and old customers to visit our company to guide the negotiations!",,,,"NO. 338, WAPUHE ROAD, PENGLANG TOWN KUNSHAN JIANGSU",PENGLANG TOWN KUNSHAN JIANGSU,
"L&R SPORTS INTL GROUP CO., LTD - SINOLIGHT INTERNATIONAL HOLDINGS CORPORATION (CLETC)","Pad. 14,4,6,9,7 - Stand C05,C08,E60,E64,E72,E76,I10,S85,U29,U30,E54,G61,S70,S68,S74,S76,S80,Q64,P82,E53,R64,I14,T94,C81,C87,A84,B87,A90,E55,S59",,,,https://cletc.com,SINOLIGHT PLAZA NO.4 WANG JING CHAOYANG DISTRICT BEIJING BEIJING,,
LABA7,Pad. 6 - Stand B33,"LABA7 designs, develops, and manufactures high-performance solutions for testing and measuring vehicle components and assemblies. Our equipment delivers precision, reliability, and innovation for motorsports, manufacturing, and R&D testing applications. Current product line-up: ▪ Electromagnetic Damper Test Systems ▪ Shock Dynamometers (Shock Dynos) ▪ Spring Rate Testers ▪ Automatic Vacuum Shock Bleeders ▪ Racing Corner Weight Scales ▪ Suspension Setup & Service Tools Much more new testing equipment will be introduced in 2025! Follow our social media or get in touch now. 👉 Boost your suspension performance — contact us today! LABA7 designs, develops, and manufactures high-performance solutions for testing and measuring vehicle components and assemblies. Our equipment delivers precision, reliability, and innovation for motorsports, manufacturing, and R&D testing applications. Current product line-up: ▪ Electromagnetic Damper Test Systems ▪ Shock Dynamometers (Shock Dynos) ▪ Spring Rate Testers ▪ Automatic Vacuum Shock Bleeders ▪ Racing Corner Weight Scales ▪ Suspension Setup & Service Tools Much more new testing equipment will be introduced in 2025! Follow our social media or get in touch now. 👉 Boost your suspension performance — contact us today!",,,https://laba7.com,GILUŽIO G. 15 VILNIUS VILNIAUS,,
LAMBRETTA OPERATIONS LIMITED,Pad. 11 - Stand I48,,,,https://lambrettascooters.com,"OFFICE 14, GROVELANDS BUSINESS PARK WEST HADDON ROAD, EAST HADDON NORTHAMPTON, NORTHAMPTONSHIRE",NORTHAMPTONSHIRE,
LAMDA GERMANY GMBH,,,,,,,,
LAMPA S.P.A.,Pad. 6 - Stand E43,,,,https://lampa.it,VIA GUIDO ROSSA 53/55 VIADANA MN,,
"LAN-CHANG ELEC CO., LTD. - YIH FENG METAL INDUSTRIAL CO., LTD.",Pad. 5 - Stand A88,,,,,,,
LANDMAX - TAIWAN GOLDEN BEE CO. LTD,,,,,,,,
LANDPORT BATTERIES,Pad. 11 - Stand B34,"Landport Batteries is a trusted supplier of high-quality batteries for motorcycles, industrial applications, leisure, and the care segment. With over 30 years of experience and a strong European distribution network, Landport Batteries combines reliable performance with expert service. Landport Batteries is a trusted supplier of high-quality batteries for motorcycles, industrial applications, leisure, and the care segment. With over 30 years of experience and a strong European distribution network, Landport Batteries combines reliable performance with expert service.",,,https://landportbv.com,RAMGATSEWEG 63 RAAMSDONKSVEER NOORD-BRABANT,,
LANDSTAR GMBH,Pad. 9 - Stand Q90,,,,,"LÖRICKER STR. 4, DUSSELDORF NORTH RHINE-WESTPHALIA",DUSSELDORF NORTH RHINE-WESTPHALIA,
LANXI BLUE SPACE IMPORT AND EXPORT CO;LTD - CCPIT AUTO,"Pad. 4 - Stand M56,M60,M64,M70,M55,O61",,,,https://auto-ccpit.org,3/F BAIYUN BUILDING 1 BAIYUN ROAD XICHENG BEIJING BEIJING,,
"LANXI YEMA MOTORCYCLE FITTINGS CO., LTD",Pad. 4 - Stand O64,"YEMA is one of the biggest helmet manufacturers from China. In 2011 Yema helmets have promoted as a famous brand in the line of motorcycle helmets and fittings of China. Nowadays Yema Helmets have passed American DOT, European ECE R22.06, Brazilian NBR7471 etc quality standard certification. Our sales market has covered more than 40 nations and regions, such as America, Canada, Italy, Russia, Brazil and Argentina. YEMA is one of the biggest helmet manufacturers from China. In 2011 Yema helmets have promoted as a famous brand in the line of motorcycle helmets and fittings of China. Nowadays Yema Helmets have passed American DOT, European ECE R22.06, Brazilian NBR7471 etc quality standard certification. Our sales market has covered more than 40 nations and regions, such as America, Canada, Italy, Russia, Brazil and Argentina.",,,,"NO. 18,HUI-LAN ROAD, ECONOMIC DEVELOPMENT ZONE LANXI ZHEJIANG",ECONOMIC DEVELOPMENT ZONE LANXI ZHEJIANG,
"LANXISHI TONGLI ALUMINUM CO., LTD - SINOLIGHT INTERNATIONAL HOLDINGS CORPORATION (CLETC)",Pad. 18 - Stand H58,,,,,,,
LARSSON CZECH S.R.O. - LARSSON ITALIA S.R.L.,Pad. 11 - Stand E41,,,,,,,
LARSSON ESPANA S.L. - LARSSON ITALIA S.R.L.,Pad. 11 - Stand E41,,,,,,,
LARSSON FRANCE - LARSSON ITALIA S.R.L.,Pad. 11 - Stand E41,,,,,,,
LARSSON ITALIA S.R.L.,Pad. 11 - Stand E41,"Larsson Italia si propone a tutti gli operatori del settore moto italiano, meccanici, preparatori, gommisti, ricambisti e rivenditori a banco oppure online. Siamo specializzati nella distribuzione di ricambi ed attrezzatura tecnica, la gamma prodotti conta oltre 111.000 parti per oltre 27.500 motocicli, scooters e ATVs. Larsson Italia si propone a tutti gli operatori del settore moto italiano, meccanici, preparatori, gommisti, ricambisti e rivenditori a banco oppure online. Siamo specializzati nella distribuzione di ricambi ed attrezzatura tecnica, la gamma prodotti conta oltre 111.000 parti per oltre 27.500 motocicli, scooters e ATVs.",,,https://larsson-italia.it,"VIA DELL'INCISORE, 7 BOLOGNA BO",7 BOLOGNA BO,
LARSSON NEDERLAND B.V. - LARSSON ITALIA S.R.L.,Pad. 11 - Stand E41,,,,,,,
LARSSON POLSKA SP. Z O.O. - LARSSON ITALIA S.R.L.,Pad. 11 - Stand E41,,,,,,,
LARSSON UK LTD. - LARSSON ITALIA S.R.L.,Pad. 11 - Stand E41,,,,,,,
LAS HELMETS - ACERBIS ITALIA S.P.A.,Pad. 7 - Stand G46,"ACERBIS è un'azienda produttrice di materiali plastici e abbigliamento tecnico-sportivo impegnata a trovare soluzioni innovative e sperimentali in settori quali automotive, sport e racing. Il gruppo, suddiviso in tre business units - Motorsport, Sport e OEM - ha tre sedi di distribuzione (Italia, Stati Uniti e Regno Unito), due realtà produttive (Italia e Repubblica Ceca) e numerose basi logistiche. Con circa 450 dipendenti, distribuisce i propri prodotti in 100 paesi nel mondo e vende direttamente in Italia, Spagna, Portogallo, Francia, Germania, UK e Austria. ACERBIS è un'azienda produttrice di materiali plastici e abbigliamento tecnico-sportivo impegnata a trovare soluzioni innovative e sperimentali in settori quali automotive, sport e racing. Il gruppo, suddiviso in tre business units - Motorsport, Sport e OEM - ha tre sedi di distribuzione (Italia, Stati Uniti e Regno Unito), due realtà produttive (Italia e Repubblica Ceca) e numerose basi logistiche. Con circa 450 dipendenti, distribuisce i propri prodotti in 100 paesi nel mondo e vende direttamente in Italia, Spagna, Portogallo, Francia, Germania, UK e Austria.",,,https://acerbis.com,VIA SERIO 37 ALBINO BG,,
LEADERS SPORTS - TDAP,,,,,,,,
LEADVENTURE EUROPE,Pad. 6 - Stand I28,"LeadVenture is the global market-leading SaaS provider of dealership solutions, including digital retailing, e-commerce, digital marketing, dealer management and e-catalog solutions across 10 industry verticals, including powersports, marine, recreational vehicles, pre-owned auto, agriculture and more. We provide more than 55,000 dealerships with dealer management systems, e-catalog solutions, online storefronts and numerous layered apps such as inventory management, lead management, email marketing, e-commerce and many more. LeadVenture is the global market-leading SaaS provider of dealership solutions, including digital retailing, e-commerce, digital marketing, dealer management and e-catalog solutions across 10 industry verticals, including powersports, marine, recreational vehicles, pre-owned auto, agriculture and more. We provide more than 55,000 dealerships with dealer management systems, e-catalog solutions, online storefronts and numerous layered apps such as inventory management, lead management, email marketing, e-commerce and many more.",,,https://leadventure.com,Waldorpstraat 5 Den Haag zuid holland,,
LEAR CHEMICAL RESEARCH CORPORATION,,,,,,,,
LEATHER FAIR INDUSTRIES,Pad. 11 - Stand S36,"Overview Leather Fair Industries is a leading manufacturer of premium motorcycle garments, specializing in both leather and textile apparel. Renowned for our commitment to quality, performance, and innovation, we deliver durable, stylish, and protective gear tailored to meet the needs of riders worldwide. What Sets Us Apart At Leather Fair Industries, quality is not just a goal—it’s a standard we uphold at every stage of production. Our in-house tannery is a core strength that gives us full control over leather processing, ensuring consistent quality, superior finishes, and competitive pricing. This vertical integration allows us to offer a complete solution—leather tanning to garment manufacturing—under one roof. Our Products Motorcycle Leather Jackets Textile Motorcycle Jackets Riding Pants (Leather & Textile) Suits and Racing Gear Vests, Gloves, and Accessories Bags Why Choose Us Top-Notch Quality: Rigorous quality checks and high-grade materials for maximum safety and comfort. Competitive Pricing: Cost-efficiency achieved through integrated production and controlled sourcing. Customization: Tailored solutions for private labels and brand partners. Timely Delivery: Streamlined production and supply chain management for prompt fulfillment. Our Vision To be the global choice for riders seeking reliability, innovation, and style in motorcycle gear. Overview Leather Fair Industries is a leading manufacturer of premium motorcycle garments, specializing in both leather and textile apparel. Renowned for our commitment to quality, performance, and innovation, we deliver durable, stylish, and protective gear tailored to meet the needs of riders worldwide. What Sets Us Apart At Leather Fair Industries, quality is not just a goal—it’s a standard we uphold at every stage of production. Our in-house tannery is a core strength that gives us full control over leather processing, ensuring consistent quality, superior finishes, and competitive pricing. This vertical integration allows us to offer a complete solution—leather tanning to garment manufacturing—under one roof. Our Products Motorcycle Leather Jackets Textile Motorcycle Jackets Riding Pants (Leather & Textile) Suits and Racing Gear Vests, Gloves, and Accessories Bags Why Choose Us Top-Notch Quality: Rigorous quality checks and high-grade materials for maximum safety and comfort. Competitive Pricing: Cost-efficiency achieved through integrated production and controlled sourcing. Customization: Tailored solutions for private labels and brand partners. Timely Delivery: Streamlined production and supply chain management for prompt fulfillment. Our Vision To be the global choice for riders seeking reliability, innovation, and style in motorcycle gear.",,,https://leatherfairind.com,"10/44, MUNIR STREET NEKAPURA, MOHALLAH BORI WALA SIALKOT PUNJAB",MOHALLAH BORI WALA SIALKOT PUNJAB,
"LEEJO TEXTILE.CO.,LTD",Pad. 6 - Stand B37,"LEEJO Textile specializes in a wide range of fabrics, catering to the fashion, sports, and outdoor industries. With over 30 years of experience, we have consistently delivered high-quality fabrics to our valued customers worldwide. Through close collaborations with our specialized partners, we provide products known for their comfort, functionality, and exceptional durability. As pioneers and industry leaders, we are driven by a commitment to excellence and customer satisfaction. This dedication fuels our continuous efforts to introduce innovative, creative, and environmentally-friendly solutions, supported by strategic investments in research and development. LEEJO Textile specializes in a wide range of fabrics, catering to the fashion, sports, and outdoor industries. With over 30 years of experience, we have consistently delivered high-quality fabrics to our valued customers worldwide. Through close collaborations with our specialized partners, we provide products known for their comfort, functionality, and exceptional durability. As pioneers and industry leaders, we are driven by a commitment to excellence and customer satisfaction. This dedication fuels our continuous efforts to introduce innovative, creative, and environmentally-friendly solutions, supported by strategic investments in research and development.",,,,"YANGJAE-DAERO 71GIL 2-19, SONGPA-GU SEOUL SEOUL",SONGPA-GU SEOUL SEOUL,
LEM EUROPE,Pad. 14 - Stand A38,,,,,,,
LEM MOTOR - VIKY ITALY S.R.L.,Pad. 5 - Stand O52,"La Lem Motor nasce dal coraggio e dalla tenacia imprenditoriale di Vincenzo Marasco, il quale, dopo l'esperienza maturata nell'Azienda di famiglia, la pluridecennale Marasco spa, decise di esplorare un mercato tanto affascinante quanto arduo, quale, appunto, quello dei prodotti , come quad, cross e veicoli elettrici. La Lem Motor nasce dal coraggio e dalla tenacia imprenditoriale di Vincenzo Marasco, il quale, dopo l'esperienza maturata nell'Azienda di famiglia, la pluridecennale Marasco spa, decise di esplorare un mercato tanto affascinante quanto arduo, quale, appunto, quello dei prodotti , come quad, cross e veicoli elettrici.",,,https://lem-motor.com,LOCALITA' INGEGNO LOTTO 39 SARNO SA,,
LEMANIA ENERGY S.A.,Pad. 11 - Stand T04,,,,https://lemania-energy.com,28 ROUTE DU BOIS-DE-BAY SATIGNY GENÈVE,,
LEOVINCE,Pad. 14 - Stand G40,"La storia del marchio LeoVince inizia nel 1954 a Torino, Italia. Inizialmente la produzione era specializzata nelle marmitte di ricambio per motociclette 2 tempi e 4 tempi; questi prodotti sono ancora oggi conosciuti e sono commercializzati con i marchi Sito e Sito Plus. Nel corso degli anni, la produzione è cresciuta, estendendo la gamma a sistemi di scarico speciali per moto da strada, fuoristrada e scooter, conosciuta in tutto il mondo con il marchio LeoVince. Molti Team in MotoGP, Superbike, Motocross ed Enduro e molte squadre impegnate nelle più importanti competizioni nazionali ed internazionali hanno utilizzato scarichi LeoVince. Questa esperienza ha portato i tecnici del reparto ricerca e sviluppo LeoVince alla progettazione della gamma attuale di sistemi di scarico ed all’utilizzo di materiali sofisticati come il titanio e fibra di carbonio nella produzione. Nel febbraio 2014 Belgrove Sp. z o.o. ha acquisito tutti i marchi, il completo reparto R&D, l'intera organizzazione produttiva e la struttura di Sito Gruppo Industriale S.p.A., riavviando la produzione e la distribuzione dei prodotti a livello mondiale con i marchi LeoVince, Sito e Sito Plus. La storia del marchio LeoVince inizia nel 1954 a Torino, Italia. Inizialmente la produzione era specializzata nelle marmitte di ricambio per motociclette 2 tempi e 4 tempi; questi prodotti sono ancora oggi conosciuti e sono commercializzati con i marchi Sito e Sito Plus. Nel corso degli anni, la produzione è cresciuta, estendendo la gamma a sistemi di scarico speciali per moto da strada, fuoristrada e scooter, conosciuta in tutto il mondo con il marchio LeoVince. Molti Team in MotoGP, Superbike, Motocross ed Enduro e molte squadre impegnate nelle più importanti competizioni nazionali ed internazionali hanno utilizzato scarichi LeoVince. Questa esperienza ha portato i tecnici del reparto ricerca e sviluppo LeoVince alla progettazione della gamma attuale di sistemi di scarico ed all’utilizzo di materiali sofisticati come il titanio e fibra di carbonio nella produzione. Nel febbraio 2014 Belgrove Sp. z o.o. ha acquisito tutti i marchi, il completo reparto R&D, l'intera organizzazione produttiva e la struttura di Sito Gruppo Industriale S.p.A., riavviando la produzione e la distribuzione dei prodotti a livello mondiale con i marchi LeoVince, Sito e Sito Plus.",,,https://leovince.com,"UL. PULAWSKA, 2B VARSAVIA MASOVIA",2B VARSAVIA MASOVIA,
LET BE - PELPI INTERNATIONAL S.R.L.,"Pad. 14 - Stand C46,C45,C42",,,,https://pelpi.com,VIA GIACOMO MATTEOTTI 11 AROSIO CO,,
"LETBE MOTOR - GUANGZHOU HAOJIN MOTORCYCLE CO., LTD",Pad. 10 - Stand I86,,,,,,,
LHY TECH. CORP. - IMPORTERS & EXPORTERS ASSOCIATION OF TAIPEI,,,,,,,,
"LIAN TSAE TECHNOLOGY CO., LTD. - SPRING TRADE CO., LTD.",,,,,,,,
"LIANG IU TRADING CO., LTD",Pad. 11 - Stand C04,"Astone Helmets® – a French helmet brand, the slogan “FRENCH STYLE FOR YOUR HEAD” which represents exactly our expectation of introducing the pure French bloodline designs into the world. Astone Helmets® covers all segments of the market in order to meet the different needs of consumers, from full face to cross country helmets. Besides satisfying your basic demands in safe riding and comfortable wearing, it could even fulfill your requests on fashion and popularity with its own elegant and low profile style. All models are renewed to ECE 22.06 safety standard. Explore our new collection! Astone Helmets® – a French helmet brand, the slogan “FRENCH STYLE FOR YOUR HEAD” which represents exactly our expectation of introducing the pure French bloodline designs into the world. Astone Helmets® covers all segments of the market in order to meet the different needs of consumers, from full face to cross country helmets. Besides satisfying your basic demands in safe riding and comfortable wearing, it could even fulfill your requests on fashion and popularity with its own elegant and low profile style. All models are renewed to ECE 22.06 safety standard. Explore our new collection!",,,,"NO 34, LANE 1020, DAWAN ROAD, YONGKANG DISTRICT TAINAN TAINAN",YONGKANG DISTRICT TAINAN TAINAN,
"LIANGYU HARDWARE AND PLASITC CO., LTD - SINOLIGHT INTERNATIONAL HOLDINGS CORPORATION (CLETC)","Pad. 14,4,6,9,7 - Stand C05,C08,E60,E64,E72,E76,I10,S85,U29,U30,E54,G61,S70,S68,S74,S76,S80,Q64,P82,E53,R64,I14,T94,C81,C87,A84,B87,A90,E55,S59",,,,,,,
"LIDE - CHONGQING LIDE INDUSTRY MANUFACTURE CO., LTD","Pad. 4,11,9 - Stand G60,G64,G70,I72,I76,B03,A04,B07,A10,B19,A16,B04,C05,C07,R81,S61,R71",,,,,,,
"LIGHT YEAR PRECISION INDUSTRIAL CO., LTD. - TAIPEI EXHIBITION CENTER INC.","Pad. 18 - Stand I91,I92,L96",,,,,,,
LIMA VEHICLE GROUP CO. LTD - CCCME,,,,,,,,
"LINGBO - HANGZHOU TROMOX TECHNOLOGY CO., LTD",Pad. 18 - Stand E53,"Hangzhou Tromox Technology Co., Ltd. is a high-tech enterprise focusing on creating an intelligent e-mobility ecology. With independent R&D of the core technology, Tromox adheres to the green way of mobility. By adopting trendy design, we create intelligent electric motorcycles and travel peripheral products, to provide Tromox users with a passionate lifestyle. Hangzhou Tromox Technology Co., Ltd. is a high-tech enterprise focusing on creating an intelligent e-mobility ecology. With independent R&D of the core technology, Tromox adheres to the green way of mobility. By adopting trendy design, we create intelligent electric motorcycles and travel peripheral products, to provide Tromox users with a passionate lifestyle.",,,,"Room 606, Block A6, Cainiao Smart Valley, Yuhang, Hangzhou, Zhejiang HANGZHOU Zhejiang",Zhejiang HANGZHOU Zhejiang,
LIQUI MOLY GMBH,Pad. 7 - Stand Q40,"Tutto ciò che viaggia, lo fa meglio con LIQUI MOLY. Con circa 4000 articoli, LIQUI MOLY propone una gamma vastissima di prodotti chimici automotive unica al mondo: oli motore e additivi, grassi e paste, spray e prodotti per la cura dell'auto, incollanti e sigillanti. Con la sua ampia gamma, l'azienda serve quasi tutti i settori automobilistici. Fondata nel 1957, LIQUI MOLY sviluppa e produce i suoi oli motore e additivi in Germania per un mercato internazionale che oggi comprende più di 150 paesi partner. Nel suo laboratorio interno tecnologicamente all'avanguardia, il team LIQUI MOLY affronta ogni sfida tecnica sviluppando prodotti su misura che risolvono problemi individuali. Ecco perché LIQUI MOLY è sinonimo di qualità e innovazione. LIQUI MOLY presenterà la sua vasta gamma MOTORBIKE all'EICMA Motorcycle Show di Milano. Offre tutto da un'unica fonte: lubrificanti, additivi, prodotti per la manutenzione, pulizia e cura per tutti i motori a 2 e 4 tempi, nonché la giusta cura per le tute in pelle e gli equipaggiamenti di protezione. Con la gamma LIQUI MOLY MOTORBIKE, gli appassionati delle due ruote rimarranno sempre in carreggiata, sia dal punto di vista estetico che tecnico, su strada e fuoristrada. Tutto ciò che viaggia, lo fa meglio con LIQUI MOLY. Con circa 4000 articoli, LIQUI MOLY propone una gamma vastissima di prodotti chimici automotive unica al mondo: oli motore e additivi, grassi e paste, spray e prodotti per la cura dell'auto, incollanti e sigillanti. Con la sua ampia gamma, l'azienda serve quasi tutti i settori automobilistici. Fondata nel 1957, LIQUI MOLY sviluppa e produce i suoi oli motore e additivi in Germania per un mercato internazionale che oggi comprende più di 150 paesi partner. Nel suo laboratorio interno tecnologicamente all'avanguardia, il team LIQUI MOLY affronta ogni sfida tecnica sviluppando prodotti su misura che risolvono problemi individuali. Ecco perché LIQUI MOLY è sinonimo di qualità e innovazione. LIQUI MOLY presenterà la sua vasta gamma MOTORBIKE all'EICMA Motorcycle Show di Milano. Offre tutto da un'unica fonte: lubrificanti, additivi, prodotti per la manutenzione, pulizia e cura per tutti i motori a 2 e 4 tempi, nonché la giusta cura per le tute in pelle e gli equipaggiamenti di protezione. Con la gamma LIQUI MOLY MOTORBIKE, gli appassionati delle due ruote rimarranno sempre in carreggiata, sia dal punto di vista estetico che tecnico, su strada e fuoristrada.",,,https://liqui-moly.com,JERG-WIELAND-STRASSE 4 ULM-LEHR BADEN-WÜRTTEMBERG,,
LIUX,,,,,,,,
LIUX NATURAL MOVEMENT SL - LIUX,,,,,,,,
LIVEWIRE - HARLEY-DAVIDSON EUROPE LTD,Pad. 14 - Stand E42,,,,,,,
LIYON - CCCME,,,,,,,,
"LLZK - NINGBO KAABO TECHNOLOGY CO., LTD",Pad. 4 - Stand E63,,,,,,,
LOCK FORCE - ACSUD SACIM DISTRIBUTION,Pad. 9 - Stand I51,,,,,,,
"LONCIN - CHONGQING LONCIN IMP & EXP CO.,LTD.",Pad. 10 - Stand A98,"LONCIN MOTOR CO., LTD. (SSE stock code: 603766) is a large-scale comprehensive manufacturing enterprise that integrates businesses of generating sets, agricultural machinery equipment, light-duty power units and two-wheeled motorcycles as well as active involvement in development and incubation of burgeoning businesses with core technology of internal combustion engine as platform, thereby performing constant expansion to relevant business areas. The Company adheres to strategic orientation of ""being a Leading Enterprise of Complete Set of Low-carbon Power System"", adequate research and meeting consumer demand. With technology as traction, it makes efforts to create ""Technological Loncin"" that highlights advantage in low-carbon technology of ""low emission and low fuel consumption"" to provide users with high-performance complete solutions of end products. The Company has established a stable strategic cooperative relation with world-famous enterprises such as BMW Motorrad, acting as a world-class power system manufacturer with operations in more than 100 countries and regions all over the world. Brands ""Loncin"" and ""Jin Long"" subordinated to the Company are both famous trademarks of China. Meanwhile, the Company was the first one that obtained title of qualified enterprise whose ""Registration of New Motorcycle Exempts from Safety and Technical Inspection"" in the motorcycle industry of China. In 2013, export business of its generating sets ranked first in the industry, with business of tricycle being among Top-Three in the industry for many years, production & sales of motorcycle ranking second in the industry in consecutive 8 years and its export volume ranking Top-Two in the industry in consecutive 7 years, and production & sales of its engines being among the best of the industry for many years. LONCIN MOTOR CO., LTD. (SSE stock code: 603766) is a large-scale comprehensive manufacturing enterprise that integrates businesses of generating sets, agricultural machinery equipment, light-duty power units and two-wheeled motorcycles as well as active involvement in development and incubation of burgeoning businesses with core technology of internal combustion engine as platform, thereby performing constant expansion to relevant business areas. The Company adheres to strategic orientation of ""being a Leading Enterprise of Complete Set of Low-carbon Power System"", adequate research and meeting consumer demand. With technology as traction, it makes efforts to create ""Technological Loncin"" that highlights advantage in low-carbon technology of ""low emission and low fuel consumption"" to provide users with high-performance complete solutions of end products. The Company has established a stable strategic cooperative relation with world-famous enterprises such as BMW Motorrad, acting as a world-class power system manufacturer with operations in more than 100 countries and regions all over the world. Brands ""Loncin"" and ""Jin Long"" subordinated to the Company are both famous trademarks of China. Meanwhile, the Company was the first one that obtained title of qualified enterprise whose ""Registration of New Motorcycle Exempts from Safety and Technical Inspection"" in the motorcycle industry of China. In 2013, export business of its generating sets ranked first in the industry, with business of tricycle being among Top-Three in the industry for many years, production & sales of motorcycle ranking second in the industry in consecutive 8 years and its export volume ranking Top-Two in the industry in consecutive 7 years, and production & sales of its engines being among the best of the industry for many years.",,,,"No.116 Juye road，C area of Jiulong industrial park， Jiulongpo district，Chongqing, ChinaG ECONOMIC DEVELOPMENT ZONE, CHONGQING, CHINA CHONGQING CHONGQING",CHINA CHONGQING CHONGQING,
LONGGANG CITY LONGFAR IMP. AND EXP. CO;LTD. - CCPIT AUTO,"Pad. 4 - Stand M56,M60,M64,M70,M55,O61",,,,,,,
"LONGJIA - NINGBO LONGJIA POWER TECHNOLOGY CO., LTD.",Pad. 18 - Stand C75,,,,,,,
"LONGQUAN KAICHENG ELECTRONICS CO., LTD. - CCPIT AUTO","Pad. 4 - Stand M56,M60,M64,M70,M55,O61",,,,https://auto-ccpit.org,3/F BAIYUN BUILDING 1 BAIYUN ROAD XICHENG BEIJING BEIJING,,
"LONGYOU JIUHAO NEW ENERGY TECHNOLOGY CO., LTD. - EOVOBO INTELLIGENT TECHNOLOGY NORWAY",Pad. 7 - Stand R47,,,,,"HAMANGSKOGEN 98, 0101, SANDVIKA SANDVIKA",SANDVIKA SANDVIKA,
"LOOKING TECHNOLOGY CO.,LTD",Pad. 9 - Stand T86,,,,,,,
LS2 MOTOGEAR EUROPE SL,"Pad. 7 - Stand I18,I18SOP",,,,,,,
LSP NV,Pad. 11 - Stand I27,Motorcycle luggage production company Motorcycle luggage production company,,,https://longride.be - www.lsp-belgium.be,VIJVESTRAAT 94 WAKKEN WEST-VLAANDEREN,,
LUMALOCKS - NERVA ECO S.L.,Pad. 6 - Stand B44,"Nerva is revolutionizing the Electric Mobility Nerva, a leading innovator in electric mobility, makes the switch to electric easy. 5 Years guaranteed BYD Blade LFP battery. Durable, reliable, long-lasting. Our vehicles ar assembled in BYD facilities introducirg accesible innovation and cutting edge technology. Visit us at nerva.eco Nerva is revolutionizing the Electric Mobility Nerva, a leading innovator in electric mobility, makes the switch to electric easy. 5 Years guaranteed BYD Blade LFP battery. Durable, reliable, long-lasting. Our vehicles ar assembled in BYD facilities introducirg accesible innovation and cutting edge technology. Visit us at nerva.eco",,,https://nerva.eco,"CALLE ARBOLEDA, 18 - OF. EX 254 MADRID MADRID",18 - OF. EX 254 MADRID MADRID,
"LUMINA INTERNATIONAL CO., LTD. - IMPORTERS & EXPORTERS ASSOCIATION OF TAIPEI",,,,,,,,
LUNG KU MACHINERY CO.LTD,Pad. 7 - Stand A10,"LUNG KU was established in Taiwan in 1981 and specializes on engine crankshaft manufacturing. Chorng Ko IND., founded in 1993, is a professional connecting rod manufacturer from Taiwan. We are capable to deliver various kinds of connecting rods, including the customized order. Needle Roller Bearing Co., Ltd. (Taiwan NRB) has been a leading manufacturer of high-quality needle roller bearings for a wide range of combustion engine applications since its establishment in Taiwan, Chen Yieh Trading Co., Ltd. was established in 1997,wich mainly sells motorcycle parts and accessories to export all over the world. Factor Mobility Inc. is an aluminum alloy-based light-weight design specialized company in Taiwan. LUNG KU was established in Taiwan in 1981 and specializes on engine crankshaft manufacturing. Chorng Ko IND., founded in 1993, is a professional connecting rod manufacturer from Taiwan. We are capable to deliver various kinds of connecting rods, including the customized order. Needle Roller Bearing Co., Ltd. (Taiwan NRB) has been a leading manufacturer of high-quality needle roller bearings for a wide range of combustion engine applications since its establishment in Taiwan, Chen Yieh Trading Co., Ltd. was established in 1997,wich mainly sells motorcycle parts and accessories to export all over the world. Factor Mobility Inc. is an aluminum alloy-based light-weight design specialized company in Taiwan.",,,https://lungku.com.tw,"No. 12-1, Fude Rd., Dali Dist. TAICHUNG CITY XXX",Dali Dist. TAICHUNG CITY XXX,
LUYUAN,,,,,,,,
LUYUAN GROUP - LUYUAN,,,,,,,,
M.A.E. ELETTRONICA SRL,Pad. 9 - Stand T61,"M.A.E. Elettronica è leader nella progettazione e produzione di cruscotti avanzati, pulsantiere e sensori ad alta precisione per motocicli e veicoli automotive. Offriamo soluzioni chiavi in mano completamente personalizzate, coprendo ogni fase dello sviluppo, dalla progettazione hardware e meccanica allo sviluppo software, supportati da tecnologie all’avanguardia e impianti produttivi di ultima generazione. Fondata nel 1977, l’azienda è nata come produttore nei settori industriale e civile, per poi evolversi fino a diventare un punto di riferimento nel mercato motociclistico, dove qualità, flessibilità e competenza rappresentano i nostri principali punti di forza. M.A.E. Elettronica is a leader in the design and manufacture of advanced dashboards, handlebar switches, and high-precision sensors for motorcycles and automotive applications. We deliver fully customized turnkey solutions, covering every stage of development, from hardware and mechanical design to software engineering, supported by cutting-edge technologies and state-of-the-art production facilities. Founded in 1977, the company began as a producer in the industrial and civil sectors, before evolving to become a key player in the motorcycle market, where quality, flexibility, and expertise are our main strengths. M.A.E. Elettronica è leader nella progettazione e produzione di cruscotti avanzati, pulsantiere e sensori ad alta precisione per motocicli e veicoli automotive. Offriamo soluzioni chiavi in mano completamente personalizzate, coprendo ogni fase dello sviluppo, dalla progettazione hardware e meccanica allo sviluppo software, supportati da tecnologie all’avanguardia e impianti produttivi di ultima generazione. Fondata nel 1977, l’azienda è nata come produttore nei settori industriale e civile, per poi evolversi fino a diventare un punto di riferimento nel mercato motociclistico, dove qualità, flessibilità e competenza rappresentano i nostri principali punti di forza. M.A.E. Elettronica is a leader in the design and manufacture of advanced dashboards, handlebar switches, and high-precision sensors for motorcycles and automotive applications. We deliver fully customized turnkey solutions, covering every stage of development, from hardware and mechanical design to software engineering, supported by cutting-edge technologies and state-of-the-art production facilities. Founded in 1977, the company began as a producer in the industrial and civil sectors, before evolving to become a key player in the motorcycle market, where quality, flexibility, and expertise are our main strengths.",,,https://maeelettronica.it,VIA PRESOLANA 31/33 MEDOLAGO BG,,
"M.D. - SPRING TRADE CO., LTD.",,,,,,,,
"MACART INTERNATIONAL CO.,LTD - VALUEDSHOW (SHAGNHAI) MANAGEMENT LLC",,,,,,,,
MAFLOW BRS S.R.L,,,,,,,,
MAGICMOTORSPORT,Pad. 18 - Stand E87,"Magicmotorsport è un’azienda tecnologica italiana, con sede a Partinico (PA), specializzata in soluzioni avanzate per il settore automotive, in particolare per officine meccatroniche e per la diagnostica e sviluppo di prodotti ad alto contenuto tecnologico. Progettiamo e produciamo strumentazione e device tecnologici: strumenti diagnostici, soluzioni per climatizzazione (come “Fryon”), serie Dynomag, prodotti per il tuning, e piattaforme digitali come IXI e StageX. Offriamo supporto tecnico, formazione (Academy), una rete internazionale di distributori. Oltre 140 distributori ufficiali. Più di 40.000 utenti attivi. Una comunità sociale di oltre 105.000 follower/fans. Supporto clienti molto ampio: numerose ore settimanali dedicate. Magicmotorsport è un’azienda tecnologica italiana, con sede a Partinico (PA), specializzata in soluzioni avanzate per il settore automotive, in particolare per officine meccatroniche e per la diagnostica e sviluppo di prodotti ad alto contenuto tecnologico. Progettiamo e produciamo strumentazione e device tecnologici: strumenti diagnostici, soluzioni per climatizzazione (come “Fryon”), serie Dynomag, prodotti per il tuning, e piattaforme digitali come IXI e StageX. Offriamo supporto tecnico, formazione (Academy), una rete internazionale di distributori. Oltre 140 distributori ufficiali. Più di 40.000 utenti attivi. Una comunità sociale di oltre 105.000 follower/fans. Supporto clienti molto ampio: numerose ore settimanali dedicate.",,,https://magicmotorsport.com,C.DA MARGI SOPRANO SNC PARTINICO PA,,
"MAGICYO TECHNOLOGY CO.,LTD",,,,,,,,
"MAI DING ENTERPRISE CO., LTD. - SPRING TRADE CO., LTD.",,,,,,,,
MAIXING - CCCME,,,,,,,,
MALOSSI S.P.A.,Pad. 11 - Stand I03,,,,https://malossi.com,VIA ROMA 118/I CALDERARA DI RENO BO,,
MANDELLI SRL,"Pad. 10 - Stand C80,C88","Azienda specializzata nei settori Ciclo e Moto, leader in Italia nel mercato delle 2 ruote. Distribuzione all'ingrosso di prodotti Ciclo e Moto 5 Premium Brand di proprietà: Tucano Urbano, T.ur, TAAC, Eleveit e Brera Cicli. Punto di riferimento per il settore a livello nazionale e internazionale. I nostri 4 pilastri: Passione, Innovazione, Concretezza, Valore. Azienda specializzata nei settori Ciclo e Moto, leader in Italia nel mercato delle 2 ruote. Distribuzione all'ingrosso di prodotti Ciclo e Moto 5 Premium Brand di proprietà: Tucano Urbano, T.ur, TAAC, Eleveit e Brera Cicli. Punto di riferimento per il settore a livello nazionale e internazionale. I nostri 4 pilastri: Passione, Innovazione, Concretezza, Valore.",,,https://mandelli.net,VIA TOMMASO GROSSI 5 CARATE BRIANZA MB,,
MANLUNG - EASTERN INTERNATIONAL EXPOSITIONS COMPANY,Pad. 18 - Stand E57,,,,,,,
MAPETROL D.O.O,Pad. 18 - Stand A80,"At Mapetrol, success isn’t just about high-performance motor oil—it’s also about the people and partnerships behind every engine. Since 1922, we’ve honed our craft to become one of Europe’s oldest lubricant producers, combining tradition with cutting-edge research and development. Our Roots Founded on a simple commitment to quality, Mapetrol has grown into a trusted name for advanced lubricants in both automotive and industrial applications. Innovation and meticulous design guide every step, ensuring our products stand out in performance, reliability, and presentation. Our Commitment to Quality & Design Rigorous Standards: We meticulously source and test raw materials, oversee the blending process, and verify final packaging to guarantee each batch meets the highest performance benchmarks. Innovative Technology: Developed in our in-house laboratory, our lubricant solutions are at the forefront of research, providing enhanced engine performance and extended equipment life. Eye for Design: From labels to packaging, our modern designs reflect the precision and care poured into every liter of Mapetrol motor oil. Personal Relationships & Long-Term Partnerships What truly sets Mapetrol apart is our dedication to building personal, long-term relationships. We listen to your needs, offer custom solutions, and respond quickly to ensure your business runs smoothly. Beyond transactions, we value open communication and a genuine connection with every customer and partner. At Mapetrol, success isn’t just about high-performance motor oil—it’s also about the people and partnerships behind every engine. Since 1922, we’ve honed our craft to become one of Europe’s oldest lubricant producers, combining tradition with cutting-edge research and development. Our Roots Founded on a simple commitment to quality, Mapetrol has grown into a trusted name for advanced lubricants in both automotive and industrial applications. Innovation and meticulous design guide every step, ensuring our products stand out in performance, reliability, and presentation. Our Commitment to Quality & Design Rigorous Standards: We meticulously source and test raw materials, oversee the blending process, and verify final packaging to guarantee each batch meets the highest performance benchmarks. Innovative Technology: Developed in our in-house laboratory, our lubricant solutions are at the forefront of research, providing enhanced engine performance and extended equipment life. Eye for Design: From labels to packaging, our modern designs reflect the precision and care poured into every liter of Mapetrol motor oil. Personal Relationships & Long-Term Partnerships What truly sets Mapetrol apart is our dedication to building personal, long-term relationships. We listen to your needs, offer custom solutions, and respond quickly to ensure your business runs smoothly. Beyond transactions, we value open communication and a genuine connection with every customer and partner.",,,https://mapetrol.eu,LINHARTOVA ULICA 17A MARIBOR MARIBOR,,
MARCHALD FILTERS - ACSUD SACIM DISTRIBUTION,Pad. 9 - Stand I51,,,,,,,
MARCHESINI - BREMBO N.V.,"Pad. 5 - Stand O71,O71SOP",,,,,,,
MAROIL S.R.L.,,,,,,,,
MAROLOTEST,Pad. 14 - Stand G50,"Established in France in 1958, MAROLO specializes in the development, manufacture and distribution of professional workshop equipment. Our activity focuses on different markets: Motorcycle, Motoculture, Marine and Cycling. By tradition, MAROLO is a family company that invests every year in research and development, with several objectives: To achieve innovative and efficient solutions for professionals, while respecting the environment and working conditions for our employees and our clients. As the European leader in our field, we are proud to offer our partners a wide range of products mainly manufactured in our factory in France. The equipment marked ""MAROLO"" is recognized and chosen by professionals for its robust design, quality of manufacture, practicality and ingenuity. Customer satisfaction is the main concern of our teams, and our strategy is organized around this axis. Established in France in 1958, MAROLO specializes in the development, manufacture and distribution of professional workshop equipment. Our activity focuses on different markets: Motorcycle, Motoculture, Marine and Cycling. By tradition, MAROLO is a family company that invests every year in research and development, with several objectives: To achieve innovative and efficient solutions for professionals, while respecting the environment and working conditions for our employees and our clients. As the European leader in our field, we are proud to offer our partners a wide range of products mainly manufactured in our factory in France. The equipment marked ""MAROLO"" is recognized and chosen by professionals for its robust design, quality of manufacture, practicality and ingenuity. Customer satisfaction is the main concern of our teams, and our strategy is organized around this axis.",,+33/6/14831850,https://marolotest.com,11 BOULEVARD DU CORMIER CHOLET +33/6/14831850,,
MASONTEX - SARING SP. Z O.O,Pad. 10 - Stand C56,"Saring Sp. z o.o. is a professional two wheeler trading company in Poland. Our main products include bicycles, motorcycles, as well as various accessories and equipment. Saring Sp. z o.o. is a professional two wheeler trading company in Poland. Our main products include bicycles, motorcycles, as well as various accessories and equipment.",,,https://saring.com.pl,"AL. JANA PAWLA II 27, 00-867 WARSZAWA WARSZAWA",00-867 WARSZAWA WARSZAWA,
MASTERISE,,,,,,,,
MATTHIES GMBH & CO. KG - LARSSON ITALIA S.R.L.,Pad. 11 - Stand E41,,,,,,,
MAY LAND ACCESSORIES CO. LTD,Pad. 6 - Stand B35,"We are the leading suppliers for TPU/Carbon/Metal protectors, which is suitable for gloves, garments & boots. We are the leading suppliers for TPU/Carbon/Metal protectors, which is suitable for gloves, garments & boots.",,,,7/F ZHONG KE NUO INDUSTRIAL PARK HE ZHOU DEVELOPMENT ZONE XIXIANG BAOAN SHENZHEN,,
MBM CICLI S.R.L. - WIND TRADING S.R.L.,Pad. 14 - Stand E35,,,,,,,
MBP MOTO S.R.L. - KEEWAY GROUP,Pad. 6 - Stand B20,,,,,,,
MC INTERNATIONAL INC.,,,,,,,,
ME & JOY INDUSTRIAL AB,Pad. 6 - Stand B31,"ME & JOY INDUSTRIAL CO LTD is manufactured of sports wear and outdoor fabric since 1999. we are manufacturing the motorcycle Garment's fabric, sports wear fabric indoor and outdoor. single layer and multi layer. Cotton Wax Fabric. All range of our fabric is CE Tested. ME & JOY INDUSTRIAL CO LTD is manufactured of sports wear and outdoor fabric since 1999. we are manufacturing the motorcycle Garment's fabric, sports wear fabric indoor and outdoor. single layer and multi layer. Cotton Wax Fabric. All range of our fabric is CE Tested.",,,,BUILDING NO 2 AGNESFRIDSVAGEN 186 MALMO SKANE,,
MECCA TANNERIES,,,,,,,,
MECCANICA FINNORD SPA,,,,,,,,
MEGMEET - ZHEJIANG BENOD AUTOMOBILE MANUFACTURING CO. LTD.,,,,,,,,
MENTOR GARMENT MANUFACTURING - CANLIOGLU,,,,,,,,
MENZEE CORPORATION - TDAP,,,,,,,,
MERNODI - EASTERN INTERNATIONAL EXPOSITIONS COMPANY,Pad. 18 - Stand E57,,,,,,,
METEOR PISTON S.R.L.,Pad. 18 - Stand G78,,,,https://meteorpiston.com,VIA MONTE AMIATA 9/11 BARANZATE MI,,
METRAKIT EUROPE S.L.,Pad. 11 - Stand T15,"Metrakit Europe, S.L. e una azienda specializzata nella produzione e vendita di componenti per motociclette, quali cilindri, alberi motore, tubi di scarico, etc Proprietaria del marchio Metrakit, fondato nel 1976. Metrakit Europe, S.L. e una azienda specializzata nella produzione e vendita di componenti per motociclette, quali cilindri, alberi motore, tubi di scarico, etc Proprietaria del marchio Metrakit, fondato nel 1976.",,,https://metrakit.eu,"C/ LA CANYELLA, NAVE 4 CANOVES I SAMALUS BARCELONA",NAVE 4 CANOVES I SAMALUS BARCELONA,
"MFZ SPORTS EQUIPMENT DEVELOPMENT CO.,LTD",Pad. 6 - Stand M13,"MFZ Sports Equipment Development Co., Ltd., formerly MFZ Racing Sports Parts R&D Center, is a company specializing in the development and manufacturing of track and performance motorcycles and auto parts. With fifteen years of experience in developing top track products, we have long developed and customized exclusive high-end accessories for major racing teams and brand car manufacturers. We advocate the ultimate professional and innovative design concept, adhering to the craftsman mentality of ""fine, perfect, professional, and high-quality"". Our products have been highly recognized by domestic and foreign customers and have been exported to Japan, the United States, Southeast Asia, and other countries and regions for a long time. Our products are now used in major racing sports competition vehicles, modified car dealers, and major brand car manufacturers to adapt to the top configuration of different models. MFZ Sports Equipment Development Co., Ltd., formerly MFZ Racing Sports Parts R&D Center, is a company specializing in the development and manufacturing of track and performance motorcycles and auto parts. With fifteen years of experience in developing top track products, we have long developed and customized exclusive high-end accessories for major racing teams and brand car manufacturers. We advocate the ultimate professional and innovative design concept, adhering to the craftsman mentality of ""fine, perfect, professional, and high-quality"". Our products have been highly recognized by domestic and foreign customers and have been exported to Japan, the United States, Southeast Asia, and other countries and regions for a long time. Our products are now used in major racing sports competition vehicles, modified car dealers, and major brand car manufacturers to adapt to the top configuration of different models.",,,,"Building B, Xiaofeijiang Industrial Park, No. 9 Yongcheng North Road, Xiaolan ZHONGSHAN GUANGDONG",Xiaolan ZHONGSHAN GUANGDONG,
MG BIKETEC GMBH,Pad. 7 - Stand A24,"MG Biketec produces premium motorcycle components for the racing industry, motorcycle manufacturers and for riders around the globe. Over 15 years of racing experience ensure first-class development and production of CNC milled components with the goal of increasing motorcycle performance, optics and finally, rider ergonomics & safety. All MG Biketec products are proudly designed, manufactured and assembled in Austria and are backed by a lifetime warranty! MG Biketec produces premium motorcycle components for the racing industry, motorcycle manufacturers and for riders around the globe. Over 15 years of racing experience ensure first-class development and production of CNC milled components with the goal of increasing motorcycle performance, optics and finally, rider ergonomics & safety. All MG Biketec products are proudly designed, manufactured and assembled in Austria and are backed by a lifetime warranty!",,,https://mg-biketec.com,GEWERBERING 18 PIRKA STYRIA,,
MIDLAND EUROPE SRL.,Pad. 5 - Stand E60,"Dal 1959, uniamo innovazione e tradizione per offrirti dispositivi elettronici di alta gamma, progettati con passione e cura dei dettagli. Ogni nostro prodotto è sinonimo di stile, affidabilità ed eccellenti prestazioni. Da oltre 65 anni sviluppiamo prodotti in ambito radio e da 20 anni interfoni per il settore motociclistico, sia in ambito consumer che professional tramite progetti OEM. Con Midland porti con te l'eccellenza del design italiano in ogni avventura. Dal 1959, uniamo innovazione e tradizione per offrirti dispositivi elettronici di alta gamma, progettati con passione e cura dei dettagli. Ogni nostro prodotto è sinonimo di stile, affidabilità ed eccellenti prestazioni. Da oltre 65 anni sviluppiamo prodotti in ambito radio e da 20 anni interfoni per il settore motociclistico, sia in ambito consumer che professional tramite progetti OEM. Con Midland porti con te l'eccellenza del design italiano in ogni avventura.",,,https://midlandeurope.com,VIA ROBERTO SEVARDI 7 REGGIO EMILIA RE,,
MIN HSIANG CORPORATION - ACCESS MOTOR CO LTD,Pad. 11 - Stand H30,"Established in 2005 in Taiwan, Access Motor specializes in the development and manufacturing of high-quality off-road vehicles, including ATVs, SSVs, and performance-oriented Sportquads. With vertically integrated capabilities—from design and engineering to in-house engine and drive-train production—Access Motor delivers reliable, precisely built machines for both recreational and utility use. Our product range is designed to meet the diverse needs of riders worldwide, from versatile ATVs built for work and adventure, to dynamic sport quads recognized for their agility, styling, and responsive performance. Each model reflects our dedication to thoughtful design, durability, and the rider experience. Access Motor continues to expand its global presence through a commitment to quality, innovation, and long-term customer satisfaction. Established in 2005 in Taiwan, Access Motor specializes in the development and manufacturing of high-quality off-road vehicles, including ATVs, SSVs, and performance-oriented Sportquads. With vertically integrated capabilities—from design and engineering to in-house engine and drive-train production—Access Motor delivers reliable, precisely built machines for both recreational and utility use. Our product range is designed to meet the diverse needs of riders worldwide, from versatile ATVs built for work and adventure, to dynamic sport quads recognized for their agility, styling, and responsive performance. Each model reflects our dedication to thoughtful design, durability, and the rider experience. Access Motor continues to expand its global presence through a commitment to quality, innovation, and long-term customer satisfaction.",,,https://accessmotorglobal.com,"NO.288, GUANXIN RD., TAINAN CITY TAINAN",TAINAN CITY TAINAN,
"MINGTAI EQUIPMENT MANUFACTURING (JIANGSU) CO., LTD.",,,,,,,,
"MINGZHEN INDUSTRIAL HOLDING GROUP - YUFENG GLOBAL(TIANJIN) TECHNOLOGY CO., LTD.",Pad. 18 - Stand A90,,,,,,,
MINTAKE - UPMAP SRL,Pad. 5 - Stand I55,"La ditta UpMap SRL sviluppa applicazioni hardware e software nel modo automotive , particolarmente specializzata nel settore motocicli. Si occupa principalmente di sviluppo di attrezzature per la riprogrammazione delle centraline, reverse engineering e sviluppo calibrazioni motore. La ditta UpMap SRL sviluppa applicazioni hardware e software nel modo automotive , particolarmente specializzata nel settore motocicli. Si occupa principalmente di sviluppo di attrezzature per la riprogrammazione delle centraline, reverse engineering e sviluppo calibrazioni motore.",,,https://up-map.it,ALFREDO VERONI 11A PARMA PR,,
MIPS AB,,,,,,,,
MIR YOUSAF LEATHERWARE (PVT) LTD,"Pad. 10 - Stand G58,H63","Since 1954, Mir Yousaf LEATHERWARE PVT LTD has been the name of quality and consistency in motorbike safety apparel. We strive to provide our customers with the best services and in time production. A good motorcyclist always needs a good pair of PPE equipment as a motorcyclist's body alone doesn't make a rider safe in case of a crash. We at Mir Yousaf produce such kinds of PPE products, i.e. EN-17092 approved Denim jeans, EN-17092 approved Wax jackets, EN-17092 Leather jackets and other safety apparel which provides maximum safety for the rider's body against impact and abrasion. Nonetheless, we were the first ones in Pakistan to CE certify our leather suits back in 1997 and are currently offering CE approved garments, which is the need of the future Since 1954, Mir Yousaf LEATHERWARE PVT LTD has been the name of quality and consistency in motorbike safety apparel. We strive to provide our customers with the best services and in time production. A good motorcyclist always needs a good pair of PPE equipment as a motorcyclist's body alone doesn't make a rider safe in case of a crash. We at Mir Yousaf produce such kinds of PPE products, i.e. EN-17092 approved Denim jeans, EN-17092 approved Wax jackets, EN-17092 Leather jackets and other safety apparel which provides maximum safety for the rider's body against impact and abrasion. Nonetheless, we were the first ones in Pakistan to CE certify our leather suits back in 1997 and are currently offering CE approved garments, which is the need of the future",,,https://miryousaf.com,5 KM DASKA ROAD SADRA BADRA SIALKOT PUNJAB,,
MIR'S INTERNATIONAL - TDAP,,,,,,,,
MIRZ INTERNATIONAL - TDAP,,,,,,,,
MITAC EUROPE,Pad. 9 - Stand T89,,,,,"PULAWSKA 405 A, APT. 803 MIO WARSZAWA MAZOWIECKIE",APT. 803 MIO WARSZAWA MAZOWIECKIE,
MIW FILTERS - WIND TRADING S.R.L.,Pad. 14 - Stand E35,"For over 40 years, Wind Trading has grown to serve the needs of the motorcycle industry. Wind Trading is oriented in sales and trade marketing at an international level, operating on behalf of manufacturers within the industry, and it is also specialized in the development of its own brands. With years of business know-how in the motorcycle industry, Wind Trading has thousands of contacts that ensure a head start at identifying the best and most suitable distributors, wholesalers, online shops and dealer chains for the products/brand. With a matured participation in the racing world, Wind Trading is vividly committed to roadracing and off-road sponsorships for both in-house products and for those represented. For over 40 years, Wind Trading has grown to serve the needs of the motorcycle industry. Wind Trading is oriented in sales and trade marketing at an international level, operating on behalf of manufacturers within the industry, and it is also specialized in the development of its own brands. With years of business know-how in the motorcycle industry, Wind Trading has thousands of contacts that ensure a head start at identifying the best and most suitable distributors, wholesalers, online shops and dealer chains for the products/brand. With a matured participation in the racing world, Wind Trading is vividly committed to roadracing and off-road sponsorships for both in-house products and for those represented.",,,https://windtrading.it,VIA DISMANO 114/G RAVENNA RA,,
"MJ CYCLE INTERNATIONAL CO., LTD. - TAIWAN TRANSPORTATION VEHICLE MANUFACTURERS ASS.",,,,,,,,
MKA TRADING (HK) LTD.,Pad. 7 - Stand C05,,,,,,,
MKBS INC.,,,,,,,,
"MO LEI SI SPORTING PRODUCTS (GUANGZHOU) CO., LTD - GUANGDONG MOTUOCHUANG TECHNOLOGY CO., LTD.",Pad. 10 - Stand I97,,,,,,,
MOBILITY TRADE SRL,,,,,,,,
"MOFUNS - SPRING TRADE CO., LTD.",,,,,,,,
MONIMOTO UAB,Pad. 10 - Stand D63,,,,,,,
MONTESA HONDA S.A. - HONDA MOTOR EUROPE LTD.- ITALIA,"Pad. 7 - Stand D10,G10",,,,https://honda.it,VIA DELLA CECCHIGNOLA 13 ROMA RM,,
MOONBIKES - GEOBIKE MFC SP. Z O.O.,,,,,,,,
MOOVE S.R.L.,,,,,,,,
"MORSUN TECHNOLOGY CO.,LTD - CCCME",,,,,,,,
"MOTION TECH (CHONGQING) CO., LTD. - HI-LIGHTING INT'L EXHIBITION BEIJING CO. LTD","Pad. 4,9 - Stand I56,I60,I66,T80,S86",,,,https://hi-lighting.com,"12B07 BUILDING A U-SPACE, NO.8 GUANGQUMENWAI STREET CHAOYANG CHINA",NO.8 GUANGQUMENWAI STREET CHAOYANG CHINA,
MOTO CORSE S.R.L.,Pad. 5 - Stand Q57,"Motocorse, azienda specializzata nella ideazione e progettazione di accessori per moto ad alte prestazioni in alluminio, titanio aeronautico e fibra di carbonio, è sinonimo di qualità assoluta. Escusività, Stile e Cura Costruttiva sono i valori che hanno permesso ai prodotti Motocorse di imporsi come oggetti di eccellenza nel settore motociclistico. Ogni accessorio Motocorse racchiude la passione per l'esclusività, la cura del design e il forte senso di appartenenza all'azienda, il cui patrimonio più prezioso sono le persone che ne fanno parte. I clienti Motocorse sono persone che cercano unicità, innovazione e qualità costruttiva ai massimi livelli, che fanno di ogni prodotto un capolavoro di stile. Nata nel 2001, negli anni ha saputo conquistare le preferenze e la fedeltà dei propri clienti, grazie alla crescita costante dei contenuti stilistici ed innovativi dei propri prodotti, nel pieno rispetto delle tradizioni e della cura artigianale, che la hanno resa conosciuta in tutto il mondo. Motocorse, azienda specializzata nella ideazione e progettazione di accessori per moto ad alte prestazioni in alluminio, titanio aeronautico e fibra di carbonio, è sinonimo di qualità assoluta. Escusività, Stile e Cura Costruttiva sono i valori che hanno permesso ai prodotti Motocorse di imporsi come oggetti di eccellenza nel settore motociclistico. Ogni accessorio Motocorse racchiude la passione per l'esclusività, la cura del design e il forte senso di appartenenza all'azienda, il cui patrimonio più prezioso sono le persone che ne fanno parte. I clienti Motocorse sono persone che cercano unicità, innovazione e qualità costruttiva ai massimi livelli, che fanno di ogni prodotto un capolavoro di stile. Nata nel 2001, negli anni ha saputo conquistare le preferenze e la fedeltà dei propri clienti, grazie alla crescita costante dei contenuti stilistici ed innovativi dei propri prodotti, nel pieno rispetto delle tradizioni e della cura artigianale, che la hanno resa conosciuta in tutto il mondo.",,,https://motocorsestore.com,VIA O. RESPIGHI 56 INT. 3 CATTOLICA RN,,
MOTO GUZZI - PIAGGIO & C S.P.A,Pad. 9 - Stand E76,,,,,,,
MOTO MORINI S.R.L.,Pad. 10 - Stand A54,"Fondata nel 1937 in Italia, Moto Morini è sempre stata riconosciuta nell’ambito dell'industria motociclistica per il suo spirito pionieristico, l'attenzione ai dettagli, l'affidabilità, il design e i successi sportivi ottenuti nel corso della sua storia. La capacità di sviluppare progetti innovativi e all’avanguardia, pur mantenendo solida la forte tradizione, il prestigio dello stile italiano e gli stilemi che l’hanno sempre contraddistinta, rappresentano le costanti nel percorso di crescita e consolidamento del marchio. La passione del fondatore Alfonso Morini, grande pilota e progettista bolognese, permea ancora oggi il marchio che continua ad accogliere le sfide del cambiamento e le richieste di un mercato sempre più esigente. In più di ottant’anni di storia il Costruttore ha dato alla luce modelli iconici e leggendari, come la 175, la 250 Bialbero, il Corsarino 48 e la 3 1⁄2, le più recenti Corsaro, Super Scrambler e Milano fino ad arrivare alla famiglia delle adventure X-CAPE, alle SEIEMMEZZO, alla Custom CALIBRO e alla nuova AlltrHike 450. Attualmente l'azienda fa parte del gruppo Zhongneng Vehicle Group, che ha l'obiettivo di ampliare la gamma, garantendo la presenza del brand in diversi segmenti, e aumentarne la presenza sul mercato, mantenendo viva la sua ispirazione tipicamente italiana e la sua garanzia di eccellenza in tutta Europa. Fondata nel 1937 in Italia, Moto Morini è sempre stata riconosciuta nell’ambito dell'industria motociclistica per il suo spirito pionieristico, l'attenzione ai dettagli, l'affidabilità, il design e i successi sportivi ottenuti nel corso della sua storia. La capacità di sviluppare progetti innovativi e all’avanguardia, pur mantenendo solida la forte tradizione, il prestigio dello stile italiano e gli stilemi che l’hanno sempre contraddistinta, rappresentano le costanti nel percorso di crescita e consolidamento del marchio. La passione del fondatore Alfonso Morini, grande pilota e progettista bolognese, permea ancora oggi il marchio che continua ad accogliere le sfide del cambiamento e le richieste di un mercato sempre più esigente. In più di ottant’anni di storia il Costruttore ha dato alla luce modelli iconici e leggendari, come la 175, la 250 Bialbero, il Corsarino 48 e la 3 1⁄2, le più recenti Corsaro, Super Scrambler e Milano fino ad arrivare alla famiglia delle adventure X-CAPE, alle SEIEMMEZZO, alla Custom CALIBRO e alla nuova AlltrHike 450. Attualmente l'azienda fa parte del gruppo Zhongneng Vehicle Group, che ha l'obiettivo di ampliare la gamma, garantendo la presenza del brand in diversi segmenti, e aumentarne la presenza sul mercato, mantenendo viva la sua ispirazione tipicamente italiana e la sua garanzia di eccellenza in tutta Europa.",,,https://motomorini.eu,VIA BERI 24 TRIVOLZIO PV,,
MOTOCROSS MARKETING S.R.L.,Pad. 7 - Stand O27,"Operiamo, sin dal 1984, distribuendo all'ingrosso sul territorio nazionale, prestigiosi marchi mondiali di ricambi ed accessori per moto, con una marcata specializzazione per i modelli da fuoristrada. Operiamo, sin dal 1984, distribuendo all'ingrosso sul territorio nazionale, prestigiosi marchi mondiali di ricambi ed accessori per moto, con una marcata specializzazione per i modelli da fuoristrada.",,,https://motocrossmarketing.com,VIA G. VERDI 26/A CARNAGO VA,,
MOTOFAST INTERNATIONAL,,,,,,,,
MOTOPLASTIC S.A.,Pad. 11 - Stand M40,"PUIG designs, manufactures, and distributes its own products since 1964. The experience throughout these years is directly applied to each and every single product designed; for this reason, PUIG has been able to acquire the trust of many professional riders and motorcyclists that have used and are using our products. Our commitment to plan, carry out, and distribute quality products, which are able to improve the OEM equipment of the motorcycle and motorcyclist on technology and safety performances, is achieved thanks to the synergy of the PUIG team whose values are always related to the best product development. The technolgy is, in this industry, a must, and from the very beginning PUIG has entrusted its future to it. On top of a continued improvement on quality product through technology integration, PUIG nowadays has a specialized department of design and development of new products, creating, adapting, and testing all new products that year by year are being included in our catalog. PUIG designs, manufactures, and distributes its own products since 1964. The experience throughout these years is directly applied to each and every single product designed; for this reason, PUIG has been able to acquire the trust of many professional riders and motorcyclists that have used and are using our products. Our commitment to plan, carry out, and distribute quality products, which are able to improve the OEM equipment of the motorcycle and motorcyclist on technology and safety performances, is achieved thanks to the synergy of the PUIG team whose values are always related to the best product development. The technolgy is, in this industry, a must, and from the very beginning PUIG has entrusted its future to it. On top of a continued improvement on quality product through technology integration, PUIG nowadays has a specialized department of design and development of new products, creating, adapting, and testing all new products that year by year are being included in our catalog.",,,,PASSEIG DE LA RIBERA 29 GRANOLLERS BARCELONA,,
MOTOR APEXHOLDINGS LLC,,,,,,,,
MOTORCYCLES & POWERSPORTS S.R.O.,Pad. 7 - Stand U05,"Motorcycles & Powersports is a leading Czech distributor and retailer of premium motorcycle equipment, accessories, and spare parts, with over 20 years of experience in the market. We offer a wide range of helmets, protective gear, and premium clothing SPARK for both everyday riders and motorsport enthusiasts. Our mission at Motorcycles & Powersports is to provide top-quality products with excellent customer service, ensuring safety, comfort, and style for all motorcyclists. We work closely with renowned international brands to bring the latest innovations to the Czech and Central European markets. Whether you are looking for professional gear, touring essentials, or premium clothing SPARK, Motorcycles & Powersports is your trusted partner for everything on two wheels. Motorcycles & Powersports is a leading Czech distributor and retailer of premium motorcycle equipment, accessories, and spare parts, with over 20 years of experience in the market. We offer a wide range of helmets, protective gear, and premium clothing SPARK for both everyday riders and motorsport enthusiasts. Our mission at Motorcycles & Powersports is to provide top-quality products with excellent customer service, ensuring safety, comfort, and style for all motorcyclists. We work closely with renowned international brands to bring the latest innovations to the Czech and Central European markets. Whether you are looking for professional gear, touring essentials, or premium clothing SPARK, Motorcycles & Powersports is your trusted partner for everything on two wheels.",,,,JIŽNÍ SPOJKA 3247 PRAHA - ZÁBEHLICE CZ,,
MOTORPARTS SRL,Pad. 5 - Stand C66,"Motorparts progetta distribuisce parti speciali, ricambi e accessori per moto e scooter, ereditando la tradizione di qualità e affidabilità di Motori Minarelli. Attiva dal 1965, ha ampliato la gamma a partire dagli anni '90 e serve oltre 1.000 clienti da una sede avanzata situata a Lippo di Calderara di Reno (Bo). Unisce performance a efficienza, offendo un servizio rapido e preciso. Motorparts progetta distribuisce parti speciali, ricambi e accessori per moto e scooter, ereditando la tradizione di qualità e affidabilità di Motori Minarelli. Attiva dal 1965, ha ampliato la gamma a partire dagli anni '90 e serve oltre 1.000 clienti da una sede avanzata situata a Lippo di Calderara di Reno (Bo). Unisce performance a efficienza, offendo un servizio rapido e preciso.",,,https://motorparts.it,VIA ALDINA 26 CALDERARA DI RENO BO,,
MOTORQUALITY S.P.A.,Pad. 10 - Stand E87,"Motorquality è un’azienda specializzata nella distribuzione di prodotti ad altissime prestazioni, realizzati da Marchi leader nei rispettivi settori e sinonimo di indiscussa qualità: AFAM, AKRAPOVIC, ALLEGRI, BREMBO, H&R, KONI, ISON, MARCHESINI, NITRO, PAGID, RACE CHIP, RECARO, RED ATTACK, SACHS, SPRINT FILTER, TOTIM RACING. Motorquality è un’azienda specializzata nella distribuzione di prodotti ad altissime prestazioni, realizzati da Marchi leader nei rispettivi settori e sinonimo di indiscussa qualità: AFAM, AKRAPOVIC, ALLEGRI, BREMBO, H&R, KONI, ISON, MARCHESINI, NITRO, PAGID, RACE CHIP, RECARO, RED ATTACK, SACHS, SPRINT FILTER, TOTIM RACING.",,,https://motorquality.it,VIA CARDUCCI 125 SESTO SAN GIOVANNI MI,,
MOTOS BORDOY S.A.,,,,,,,,
MOTOSPEED,Pad. 18 - Stand B72,"We are manufacturer of Leather, Denim , Textile garments and Gloves all for the use of Motorcyclist. Our main export market is Europe. The company has been established since 1989 and we have 36 years experience in this line of business and supplying to European Renowned brands. We are manufacturer of Leather, Denim , Textile garments and Gloves all for the use of Motorcyclist. Our main export market is Europe. The company has been established since 1989 and we have 36 years experience in this line of business and supplying to European Renowned brands.",,,,"PLOT 9, SECTOR A-IV, KEPZ , LANDHI KARACHI SINDH",LANDHI KARACHI SINDH,
MOTOWAY INDUSTRIES (PVT) LTD,Pad. 6 - Stand E48,"I hope you are keeping well. I would like to take an opportunity for an introduction and seek for any new projects in the planning for a potential cooperation. I am the Sales & Marketing Director at Motoway Industries Pvt Ltd, specialised manufacturers for the premium and technologically advanced CE Certified Gloves, Jackets (both in leather and textile) and leather suits with the most innovative functionality and R&D offerings. We are one of the leading manufacturers and producing for credible brands including Dafy Moto in France, LS2 Helmet (Globally), Hostettler Group in Germany (GMS & IXS), BÜSE in Germany, Shima in Poland, UNIK Racing in Spain, Rokker in Switzerland, Feridex (Spada) in UK , Fowlers in UK, Motovan Corporation in Canada, Gryphon in Canada, Royal Group (Promax) in Canada & US & Degner in Japan and few more around the world. From the production point of view we have two factories in Sialkot & more than 1000 workers are working currently. We have state of the art production facilities with all the equipments including printing, sublimation, embroidery and laboratory online order production checks. We have an experienced designated team for the Certification Process. I hope you are keeping well. I would like to take an opportunity for an introduction and seek for any new projects in the planning for a potential cooperation. I am the Sales & Marketing Director at Motoway Industries Pvt Ltd, specialised manufacturers for the premium and technologically advanced CE Certified Gloves, Jackets (both in leather and textile) and leather suits with the most innovative functionality and R&D offerings. We are one of the leading manufacturers and producing for credible brands including Dafy Moto in France, LS2 Helmet (Globally), Hostettler Group in Germany (GMS & IXS), BÜSE in Germany, Shima in Poland, UNIK Racing in Spain, Rokker in Switzerland, Feridex (Spada) in UK , Fowlers in UK, Motovan Corporation in Canada, Gryphon in Canada, Royal Group (Promax) in Canada & US & Degner in Japan and few more around the world. From the production point of view we have two factories in Sialkot & more than 1000 workers are working currently. We have state of the art production facilities with all the equipments including printing, sublimation, embroidery and laboratory online order production checks. We have an experienced designated team for the Certification Process.",,,https://motowaygroup.com,6 KM PASRUR ROAD SIALKOT PUNJAB,,
MOTOZ - FORBIKES SRL,,,,,,,,
"MOTRIX - ELYSIUM CO., LTD.",Pad. 18 - Stand B70,,,,,,,
MOTUL ITALIA,Pad. 9 - Stand M71,,,,,,,
MOVENDIS EBC LDA - MOVENDIS GROUP,Pad. 6 - Stand D47,,,,https://movendis-cvtbelts.com,"AVENIDA REBELO MESQUITA, 15 UNIÃO DAS FREGUESIAS ANTAS E ABADE VERMOIM, ART 966 VILA NOVA DE FAMALICÃO BRAGA",ART 966 VILA NOVA DE FAMALICÃO BRAGA,
MOVENDIS GROUP,,,,,,,,
MPH - MOTORPARTS SRL,Pad. 5 - Stand C66,"Motorparts progetta distribuisce parti speciali, ricambi e accessori per moto e scooter, ereditando la tradizione di qualità e affidabilità di Motori Minarelli. Attiva dal 1965, ha ampliato la gamma a partire dagli anni '90 e serve oltre 1.000 clienti da una sede avanzata situata a Lippo di Calderara di Reno (Bo). Unisce performance a efficienza, offendo un servizio rapido e preciso. Motorparts progetta distribuisce parti speciali, ricambi e accessori per moto e scooter, ereditando la tradizione di qualità e affidabilità di Motori Minarelli. Attiva dal 1965, ha ampliato la gamma a partire dagli anni '90 e serve oltre 1.000 clienti da una sede avanzata situata a Lippo di Calderara di Reno (Bo). Unisce performance a efficienza, offendo un servizio rapido e preciso.",,,https://motorparts.it,VIA ALDINA 26 CALDERARA DI RENO BO,,
MRIDE - UPMAP SRL,Pad. 5 - Stand I55,,,,,,,
"MT - MINGTAI EQUIPMENT MANUFACTURING (JIANGSU) CO., LTD.",,,,,,,,
MT HELMETS,Pad. 10 - Stand E60,,,,,,,
MT RACE SRLS,Pad. 14 - Stand C24,mt race srl progetta e realizza sistemi di scarico racing e omologati per tutte le tipologie di motocicli. mt race srl progetta e realizza sistemi di scarico racing e omologati per tutte le tipologie di motocicli.,,,https://mtrace.it,L.EINAUDI N45 MATERA MT,,
MTECH - WHEELUP,Pad. 14 - Stand G14,,,,,,,
MTP-RACING GMBH,,,,,,,,
MUC-OFF,Pad. 18 - Stand H76,,,,https://muc-off.com,"UNIT 23, BRANKSOME BUSINESS PARK, BOURNE VALLEY ROAD, POOLE, BH12 1DW POOLE DORSET",BH12 1DW POOLE DORSET,
MVT - ACSUD SACIM DISTRIBUTION,Pad. 9 - Stand I51,,,,https://acsud-pro.com,BÂTIMENT D1 AVENUE PIERRE SÉMARD 135 AVIGNON AVIGNON,,
MYRIDE - WHEELUP,Pad. 14 - Stand G14,,,,,,,
MYTECH,Pad. 5 - Stand O70,"Mytech è un marchio della Meroni F.lli, azienda che da 60 anni è presente sul mercato con progettazione e produzione di stampi. Le capacità produttive e il management hanno proiettato l’azienda in una realtà imprenditoriale rivolta a soddisfare un mercato sempre più esigente, affrontando sfide importanti come la produzione Mytech, oggi brand di riferimento nel settore del mototurismo. I prodotti, rigorosamente made in Italy, vengono realizzati nella sede di Dolzago – nel cuore della Brianza- negli stabilimenti di oltre 9000 mq con macchinari d’avanguardia e personale specializzato. Tutte le valigie Mytech si distinguono per l’elevato grado di innovazione e design, ma soprattutto per l’attenzione rivolta alle reali esigenze del mototurista. Mytech è un marchio della Meroni F.lli, azienda che da 60 anni è presente sul mercato con progettazione e produzione di stampi. Le capacità produttive e il management hanno proiettato l’azienda in una realtà imprenditoriale rivolta a soddisfare un mercato sempre più esigente, affrontando sfide importanti come la produzione Mytech, oggi brand di riferimento nel settore del mototurismo. I prodotti, rigorosamente made in Italy, vengono realizzati nella sede di Dolzago – nel cuore della Brianza- negli stabilimenti di oltre 9000 mq con macchinari d’avanguardia e personale specializzato. Tutte le valigie Mytech si distinguono per l’elevato grado di innovazione e design, ma soprattutto per l’attenzione rivolta alle reali esigenze del mototurista.",,,https://mytechaccessories.it,VIA A. VOLTA 18 DOLZAGO LC,,
N-COM - NOLANGROUP S.P.A.,Pad. 9 - Stand I63,"Nolangroup è un'azienda italiana leader nella produzione di caschi da moto con brand Nolan e sistemi di comunicazione ad essi applicabili con brand N-Com. Nolangroup è riconosciuta per l'eccellenza del Made in Italy, l'innovazione tecnologica e l'attenzione alla sicurezza e al comfort dei motociclisti. Nolangroup è un'azienda italiana leader nella produzione di caschi da moto con brand Nolan e sistemi di comunicazione ad essi applicabili con brand N-Com. Nolangroup è riconosciuta per l'eccellenza del Made in Italy, l'innovazione tecnologica e l'attenzione alla sicurezza e al comfort dei motociclisti.",,,,"G. TERZI DI S. AGATA, 2 BREMBATE DI SOPRA BG",2 BREMBATE DI SOPRA BG,
N.I.S.A. SRL - ACSUD SACIM DISTRIBUTION,Pad. 9 - Stand I51,,,,https://acsud-pro.com,BÂTIMENT D1 AVENUE PIERRE SÉMARD 135 AVIGNON AVIGNON,,
"NAN HOANG TRAFFIC INSTRUMENT CO., LTD. - IMPORTERS & EXPORTERS ASSOCIATION OF TAIPEI",,,,,,,,
"NANJING CHUHANG TECHNOLOGY CO., LTD. - BE BEST INTERNATIONAL SP.ZO.O",,,,,,,,
"NANJING DIAMOND HOPE MACHINERY TRADING CO., LTD. - CHUANGJI EXHIBITION","Pad. 4 - Stand O62,O60,R85,R78",,,,,,,
"NANJING DIAMOND HOPE MACHINERY TRADING CO.,LTD - SINOLIGHT INTERNATIONAL HOLDINGS CORPORATION (CLETC)","Pad. 4 - Stand O62,O60,R85,R78",,,,,,,
"NANJING HUANGBAO ELECTRIC VEHICLE MANUFACTURING CO.,LTD - COMERCIALIZADORA PRIMATERIA SA DE CV..",,,,,,,,
"NANJING VMOTO MANUFACTURING CO.,LTD",,,,,,,,
"NANTONG XIWOQIJI(CUSTOMWORLD) TRADING CO.,LTD - SANWA MOTORCYCLE CO.","Pad. 4 - Stand M56,M60,M64,M70,M55,O61",,,,,,,
"NANTONG YAMEI PLASTICS CO., LTD. - ZHEJIANG BENOD AUTOMOBILE MANUFACTURING CO. LTD.",,,,,,,,
"NANYANG JIABIN INDUSTRIAL CO.,LTD - SINOLIGHT INTERNATIONAL HOLDINGS CORPORATION (CLETC)","Pad. 14,4,6,9,7 - Stand C05,C08,E60,E64,E72,E76,I10,S85,U29,U30,E54,G61,S70,S68,S74,S76,S80,Q64,P82,E53,R64,I14,T94,C81,C87,A84,B87,A90,E55,S59",,,,,,,
"NARUBB - OMEXEY ENTERPRISE CO., LTD.",Pad. 9 - Stand O83,,,,,,,
NASKA SPORTS,,,,,,,,
NATIONAL CYCLE INC.,Pad. 7 - Stand S39,"National Cycle Inc. is the world leader in motorcycle windshield manufacturing, with more distribution than any other windshield company in the world. We are and have been the OEM supplier to BMW, Harley-Davidson, Honda, Kawasaki, Polaris, Suzuki, Triumph, and Yamaha – companies who share our philosophy of quality design and manufacturing. PCQ Technologies is the world's leading manufacturer of high grade, optical polycarbonate glazing for use in multiple vehicle applications. PCQ is an end-to-end manufacturing solution delivered to the E-vehicle markets worldwide. Our Quantum hardcoating and Quantum + delivers a finished product with abrasion resistance that meets and exceeds DOT and ECE R43 standards. National Cycle has developed more innovations and holds more patents for the design and production of windshields than any other company in the industry. We listen to our customers and work hard to maintain our leadership position. We are proud that we continue to design, engineer and manufacture our top-quality products at National Cycle, Inc. U.S.A. National Cycle Inc. is the world leader in motorcycle windshield manufacturing, with more distribution than any other windshield company in the world. We are and have been the OEM supplier to BMW, Harley-Davidson, Honda, Kawasaki, Polaris, Suzuki, Triumph, and Yamaha – companies who share our philosophy of quality design and manufacturing. PCQ Technologies is the world's leading manufacturer of high grade, optical polycarbonate glazing for use in multiple vehicle applications. PCQ is an end-to-end manufacturing solution delivered to the E-vehicle markets worldwide. Our Quantum hardcoating and Quantum + delivers a finished product with abrasion resistance that meets and exceeds DOT and ECE R43 standards. National Cycle has developed more innovations and holds more patents for the design and production of windshields than any other company in the industry. We listen to our customers and work hard to maintain our leadership position. We are proud that we continue to design, engineer and manufacture our top-quality products at National Cycle, Inc. U.S.A.",,,https://nationalcycle.com,2200 S. MAYWOOD DR. MAYWOOD ILLINOIS,,
NCX MOTO S.R.L.,Pad. 9 - Stand A86,"La storia Creare emozioni per chi ama le moto era sempre stato il sogno nel cassetto di Nello Cerbone, appassionato imprenditore del settore e ideatore del marchio e dei prodotti Ncx Moto. Questo ormai affermato brand ha radici lontane che risalgono al 1955, anno in cui suo padre, Nicola Cerbone, un giovane meccanico e pilota motociclistico, decide di aprire ad Afragola un centro vendita e assistenza per gli utenti della mitica Innocenti Lambretta che all'epoca rappresentava una forte antagonista della Vespa. In pochi anni diventa un punto di riferimento per la maggior parte dei motociclisti e mantiene la guida dell'azienda fino a metà degli anni 90, quando insieme ai figli Nello e Tony, cresciuti a ""pane e olio motore"" e sui campi di gara del motocross campano e nazionale, fonda la Cerbone Moto Racing. Dopo due anni, all'età di 60 anni, Nicola lascia la CMR la quale verrà gestita dai figli. Nel ventennio successivo Nello e Tony porteranno l'azienda ad essere leader nel settore moto commercializzando marchi importantissimi. Pochi anni fa, la CMR passa completamente sotto la guida di Nello. L'azienda da circa 10 anni ha iniziato l'impresa ardua di commercializzare prodotti di un segmento importante ma complicato come gli atv-quad, pitbike, minicross, minimoto e veicoli elettrici, cosí Nello ad inizio del 2015 decide di iniziare una nuova ed affascinante avventura, creando il brand italiano Ncx Moto con l'intento di produrre veicoli innovativi ed accattivanti nati dalla sua mente creativa, dall'esperienza maturata in quasi 50 anni nel settore e con la voglia di rivoluzionare e stupire un segmento che ancora oggi per la maggior parte propone prodotti obsoleti e senza identità. L'azienda Ncx Moto Alla Ncx Moto si è in primis lavorato per raggiungere importanti accordi di partnership con Motul, Acerbis e Unibat concludendo accordi fondamentali di joint venture che hanno portato in un biennio ad ideare, progettare e realizzare una gamma di veicoli nelle tipologie quad, minicross, pitbike e minimoto con un'innovativa serie di veicoli elettrici. Con la realizzazione di questi prodotti l'azienda ha dimostrato di aver come finalità la creazione di emozioni. I veicoli Ncx sono destinati ad un utenza di baby campioni in erba che potranno rappresentare i nuovi piloti del futuro. La forza della Ncx Moto sta nelle capacità del suo vulcanico ideatore Nello Cerbone capace di costituire in breve tempo una young company composta da ragazzi dinamici che si adoperano ogni giorno per rispondere alle sempre più esigenti richieste del settore. In azienda si lavora ogni giorno con i presupposti di dare assistenza e strumenti utili, messi a disposizione della propria rete di concessionari selezionati in tutta Italia, con l'intento di offrire un servizio post vendita sempre più efficiente, il Customer satisfaction rappresenta sicuramente un obiettivo primario per l'azienda. L’immagine aziendale e l’importanza del “Brand Identity” oggi sono fondamentali per un'azienda e per questo motivo si è scelto di sponsorizzare importantissime manifestazioni motoristiche come i campionati italiani di motocross organizzati dalla Fx Action e di partecipare ad importanti fiere di rilievo nazionale. Si da' cosí tanta importanza alla comunicazione che si è creato all'interno dell'azienda, oltre alle altre figure, una task force marketing formata da un graphic designer, un web specialist e un social media manager. Per tutti questi motivi, oggi si continua a lavorare con l'entusiasmo che aveva il fondatore ""papà"" Nicola nel 1955 e con le idee, l'amore e la dedizione per la moto che la famiglia Cerbone ha sempre avuto. Il passato per la Ncx Moto è stato importante, il presente è fondamentale ma il futuro è ADESSO. Ncx Moto....the future is now! La storia Creare emozioni per chi ama le moto era sempre stato il sogno nel cassetto di Nello Cerbone, appassionato imprenditore del settore e ideatore del marchio e dei prodotti Ncx Moto. Questo ormai affermato brand ha radici lontane che risalgono al 1955, anno in cui suo padre, Nicola Cerbone, un giovane meccanico e pilota motociclistico, decide di aprire ad Afragola un centro vendita e assistenza per gli utenti della mitica Innocenti Lambretta che all'epoca rappresentava una forte antagonista della Vespa. In pochi anni diventa un punto di riferimento per la maggior parte dei motociclisti e mantiene la guida dell'azienda fino a metà degli anni 90, quando insieme ai figli Nello e Tony, cresciuti a ""pane e olio motore"" e sui campi di gara del motocross campano e nazionale, fonda la Cerbone Moto Racing. Dopo due anni, all'età di 60 anni, Nicola lascia la CMR la quale verrà gestita dai figli. Nel ventennio successivo Nello e Tony porteranno l'azienda ad essere leader nel settore moto commercializzando marchi importantissimi. Pochi anni fa, la CMR passa completamente sotto la guida di Nello. L'azienda da circa 10 anni ha iniziato l'impresa ardua di commercializzare prodotti di un segmento importante ma complicato come gli atv-quad, pitbike, minicross, minimoto e veicoli elettrici, cosí Nello ad inizio del 2015 decide di iniziare una nuova ed affascinante avventura, creando il brand italiano Ncx Moto con l'intento di produrre veicoli innovativi ed accattivanti nati dalla sua mente creativa, dall'esperienza maturata in quasi 50 anni nel settore e con la voglia di rivoluzionare e stupire un segmento che ancora oggi per la maggior parte propone prodotti obsoleti e senza identità. L'azienda Ncx Moto Alla Ncx Moto si è in primis lavorato per raggiungere importanti accordi di partnership con Motul, Acerbis e Unibat concludendo accordi fondamentali di joint venture che hanno portato in un biennio ad ideare, progettare e realizzare una gamma di veicoli nelle tipologie quad, minicross, pitbike e minimoto con un'innovativa serie di veicoli elettrici. Con la realizzazione di questi prodotti l'azienda ha dimostrato di aver come finalità la creazione di emozioni. I veicoli Ncx sono destinati ad un utenza di baby campioni in erba che potranno rappresentare i nuovi piloti del futuro. La forza della Ncx Moto sta nelle capacità del suo vulcanico ideatore Nello Cerbone capace di costituire in breve tempo una young company composta da ragazzi dinamici che si adoperano ogni giorno per rispondere alle sempre più esigenti richieste del settore. In azienda si lavora ogni giorno con i presupposti di dare assistenza e strumenti utili, messi a disposizione della propria rete di concessionari selezionati in tutta Italia, con l'intento di offrire un servizio post vendita sempre più efficiente, il Customer satisfaction rappresenta sicuramente un obiettivo primario per l'azienda. L’immagine aziendale e l’importanza del “Brand Identity” oggi sono fondamentali per un'azienda e per questo motivo si è scelto di sponsorizzare importantissime manifestazioni motoristiche come i campionati italiani di motocross organizzati dalla Fx Action e di partecipare ad importanti fiere di rilievo nazionale. Si da' cosí tanta importanza alla comunicazione che si è creato all'interno dell'azienda, oltre alle altre figure, una task force marketing formata da un graphic designer, un web specialist e un social media manager. Per tutti questi motivi, oggi si continua a lavorare con l'entusiasmo che aveva il fondatore ""papà"" Nicola nel 1955 e con le idee, l'amore e la dedizione per la moto che la famiglia Cerbone ha sempre avuto. Il passato per la Ncx Moto è stato importante, il presente è fondamentale ma il futuro è ADESSO. Ncx Moto....the future is now!",,,https://ncxmoto.com - www.ncxmotostore.com - www.alienmotors.it,VIA BRECCELLE 12/A MONTEFORTE IRPINO AV,,
NERVA ECO S.L.,Pad. 6 - Stand B44,"Nerva is revolutionizing the Electric Mobility Nerva, a leading innovator in electric mobility, makes the switch to electric easy. 5 Years guaranteed BYD Blade LFP battery. Durable, reliable, long-lasting. Our vehicles ar assembled in BYD facilities introducirg accesible innovation and cutting edge technology. Visit us at nerva.eco Nerva is revolutionizing the Electric Mobility Nerva, a leading innovator in electric mobility, makes the switch to electric easy. 5 Years guaranteed BYD Blade LFP battery. Durable, reliable, long-lasting. Our vehicles ar assembled in BYD facilities introducirg accesible innovation and cutting edge technology. Visit us at nerva.eco",,,https://nerva.eco,"CALLE ARBOLEDA, 18 - OF. EX 254 MADRID MADRID",18 - OF. EX 254 MADRID MADRID,
NEU SPOTLITE,,,,,,,,
NEWFREN BRAKE AND CLUTCH TECHNOLOGY - ENDURANCE TWO WHEELERS S.P.A,Pad. 6 - Stand C30,,,,,,,
NEXX HELMETS,Pad. 9 - Stand C62,"A NEXX is immediately recognizable. The “wow” factor is our drive and what makes us different from others. Fueled by this obsession and energy, we transform our design and development skills into magic-filled products, ready to solve our customers’ challenges, no matter how big or small they are. Our ranges are the combination of hard work, dedication and passion with state-of-the-art and high-tech components that guarantee uncompromised safety and quality. NEXX – in over 60 nations throughout the world – embraces the dreams of different styles of Motorcyclists, with class-leading motorcycle helmets. A NEXX is immediately recognizable. The “wow” factor is our drive and what makes us different from others. Fueled by this obsession and energy, we transform our design and development skills into magic-filled products, ready to solve our customers’ challenges, no matter how big or small they are. Our ranges are the combination of hard work, dedication and passion with state-of-the-art and high-tech components that guarantee uncompromised safety and quality. NEXX – in over 60 nations throughout the world – embraces the dreams of different styles of Motorcyclists, with class-leading motorcycle helmets.",,,https://nexx-helmets.com,ZONA INDUSTRIAL LOTE Nº11 AMOREIRA DA GÂNDARA ANADIA,,
NG BRAKES,Pad. 6 - Stand C27,,,,https://ngbrakes.com,C/ CAMPO 83 CERDANYOLA DEL VALLÈS BARCELONA,,
NGK - NITERRA EMEA GMBH - MOTORPARTS SRL,Pad. 5 - Stand C66,"Motorparts progetta distribuisce parti speciali, ricambi e accessori per moto e scooter, ereditando la tradizione di qualità e affidabilità di Motori Minarelli. Attiva dal 1965, ha ampliato la gamma a partire dagli anni '90 e serve oltre 1.000 clienti da una sede avanzata situata a Lippo di Calderara di Reno (Bo). Unisce performance a efficienza, offendo un servizio rapido e preciso. Motorparts progetta distribuisce parti speciali, ricambi e accessori per moto e scooter, ereditando la tradizione di qualità e affidabilità di Motori Minarelli. Attiva dal 1965, ha ampliato la gamma a partire dagli anni '90 e serve oltre 1.000 clienti da una sede avanzata situata a Lippo di Calderara di Reno (Bo). Unisce performance a efficienza, offendo un servizio rapido e preciso.",,,https://motorparts.it,VIA ALDINA 26 CALDERARA DI RENO BO,,
NILS S.P.A.,Pad. 7 - Stand I41,"The history of NILS began in 1971. Then as now, our goal remained unvaried; to produce innovative quality lubricants, that not just solve but also prevent problems. Over the years, the endless striving for the highest possible quality has become our corporate culture. La storia di NILS inizia nel 1971. Allora come oggi, il nostro obiettivo è rimasto invariato: produrre lubrificanti innovativi di qualità, che non solo risolvano ma prevengano i problemi. Nel corso degli anni, la ricerca continua della massima qualità possibile è diventata la nostra cultura aziendale. The history of NILS began in 1971. Then as now, our goal remained unvaried; to produce innovative quality lubricants, that not just solve but also prevent problems. Over the years, the endless striving for the highest possible quality has become our corporate culture. La storia di NILS inizia nel 1971. Allora come oggi, il nostro obiettivo è rimasto invariato: produrre lubrificanti innovativi di qualità, che non solo risolvano ma prevengano i problemi. Nel corso degli anni, la ricerca continua della massima qualità possibile è diventata la nostra cultura aziendale.",,,https://nilsyourbike.com,VIA STAZIONE 30 POSTAL BZ,,
NILS LUBRICANTS - NILS S.P.A.,Pad. 7 - Stand I41,"The history of NILS began in 1971. Then as now, our goal remained unvaried; to produce innovative quality lubricants, that not just solve but also prevent problems. Over the years, the endless striving for the highest possible quality has become our corporate culture. La storia di NILS inizia nel 1971. Allora come oggi, il nostro obiettivo è rimasto invariato: produrre lubrificanti innovativi di qualità, che non solo risolvano ma prevengano i problemi. Nel corso degli anni, la ricerca continua della massima qualità possibile è diventata la nostra cultura aziendale. The history of NILS began in 1971. Then as now, our goal remained unvaried; to produce innovative quality lubricants, that not just solve but also prevent problems. Over the years, the endless striving for the highest possible quality has become our corporate culture. La storia di NILS inizia nel 1971. Allora come oggi, il nostro obiettivo è rimasto invariato: produrre lubrificanti innovativi di qualità, che non solo risolvano ma prevengano i problemi. Nel corso degli anni, la ricerca continua della massima qualità possibile è diventata la nostra cultura aziendale.",,,https://nilsyourbike.com,VIA STAZIONE 30 POSTAL BZ,,
NILS YOUR BIKE - NILS S.P.A.,Pad. 7 - Stand I41,"The history of NILS began in 1971. Then as now, our goal remained unvaried; to produce innovative quality lubricants, that not just solve but also prevent problems. Over the years, the endless striving for the highest possible quality has become our corporate culture. La storia di NILS inizia nel 1971. Allora come oggi, il nostro obiettivo è rimasto invariato: produrre lubrificanti innovativi di qualità, che non solo risolvano ma prevengano i problemi. Nel corso degli anni, la ricerca continua della massima qualità possibile è diventata la nostra cultura aziendale. The history of NILS began in 1971. Then as now, our goal remained unvaried; to produce innovative quality lubricants, that not just solve but also prevent problems. Over the years, the endless striving for the highest possible quality has become our corporate culture. La storia di NILS inizia nel 1971. Allora come oggi, il nostro obiettivo è rimasto invariato: produrre lubrificanti innovativi di qualità, che non solo risolvano ma prevengano i problemi. Nel corso degli anni, la ricerca continua della massima qualità possibile è diventata la nostra cultura aziendale.",,,https://nilsyourbike.com,VIA STAZIONE 30 POSTAL BZ,,
"NINGBO EIGHTYS INTERNATIONAL CO.,LTD. - CCPIT AUTO","Pad. 4 - Stand M56,M60,M64,M70,M55,O61",,,,https://auto-ccpit.org,3/F BAIYUN BUILDING 1 BAIYUN ROAD XICHENG BEIJING BEIJING,,
"NINGBO HESHUN MOTORCYCLE PRODUCTS CO.,LTD",Pad. 4 - Stand G86,"We are a young company established in Valencia, Spain in 2020. We will operate retail and OEM services of motorcycle helmets and accessories in more than 10 EU countries. We provide customers with the purchase of more than 100 motorcycle helmets. We have our own warehouse in Spain, which can guarantee last mile delivery to provide the best customer experience. Our manufacturing center is located in China, and any of our products comply with ECE R 22.05,DOT and CE EN1078 standards. Our vision is to quickly display higher-quality products to customers through faster logistics. We are a young company established in Valencia, Spain in 2020. We will operate retail and OEM services of motorcycle helmets and accessories in more than 10 EU countries. We provide customers with the purchase of more than 100 motorcycle helmets. We have our own warehouse in Spain, which can guarantee last mile delivery to provide the best customer experience. Our manufacturing center is located in China, and any of our products comply with ECE R 22.05,DOT and CE EN1078 standards. Our vision is to quickly display higher-quality products to customers through faster logistics.",,,https://heshunhelmet.com,"Dongmen qiao road, dapeng village, long shan town, Cixi city NINGBO ZHEJIANG",Cixi city NINGBO ZHEJIANG,
"NINGBO HILEY TECHNOLOGY CO.,LTD",Pad. 7 - Stand S27,"Since 2016, Hiley Mobility has been redefining the ride. From R&D to manufacturing, we build electric scooters that blend sleek design, solid safety, and everyday performance—for the city riders of today and tomorrow. Since 2016, Hiley Mobility has been redefining the ride. From R&D to manufacturing, we build electric scooters that blend sleek design, solid safety, and everyday performance—for the city riders of today and tomorrow.",,,https://hileymobility.com,"Building 4, No. 518, Binhai 3 Road, Hangzhou Bay New District NINGBO ZHEJIANG",Hangzhou Bay New District NINGBO ZHEJIANG,
NINGBO JALYN INTERNATIONAL TRADING CO LTD - CCCME,,,,,,,,
"NINGBO JIANGBEI JUNYUAN ELECTROMECHANICAL TECHNOLOGY CO., LTD - NINGBO KAABO TECHNOLOGY CO., LTD",Pad. 4 - Stand E63,,,,,,,
"NINGBO KAABO TECHNOLOGY CO., LTD",Pad. 4 - Stand E63,,,,,,,
"NINGBO LONGJIA POWER TECHNOLOGY CO., LTD.",Pad. 18 - Stand C75,,,,,,,
"NINGBO MAOYUAN VEHICLE PARTS CO., LTD - SINOLIGHT INTERNATIONAL HOLDINGS CORPORATION (CLETC)","Pad. 14,4,6,9,7 - Stand C05,C08,E60,E64,E72,E76,I10,S85,U29,U30,E54,G61,S70,S68,S74,S76,S80,Q64,P82,E53,R64,I14,T94,C81,C87,A84,B87,A90,E55,S59",,,,https://cletc.com,SINOLIGHT PLAZA NO.4 WANG JING CHAOYANG DISTRICT BEIJING BEIJING,,
"NINGBO SAFE BRAKES SYSTEMS CO.,LTD.","Pad. 4 - Stand M56,M60,M64,M70,M55,O61",,,,,,,
"NINGBO SINO POLYMAT MATERIAL CO., LTD. - IONGSTAR PROYECTOS, S.R.L",,,,,,,,
"NINGJIN ZHIYUAN NEW MATERIALS CO., LTD. - CCCME",,,,,,,,
NISSIN - ASTEMO LTD.,Pad. 5 - Stand A54,,,,,,,
NIU INTERNATIONAL CO. LTD,Pad. 11 - Stand I08,,,,https://niu.com,NO.5 LINGXIANG ROAD WEST TAIHU SCIENCE AND TECHNOLOGY INDUSTRIAL PARK CHANGZHOU JIANGSU,,
NOEND - ACSUD SACIM DISTRIBUTION,Pad. 9 - Stand I51,,,,,,,
NOLANGROUP S.P.A.,Pad. 9 - Stand I63,"Nolangroup è un'azienda italiana leader nella produzione di caschi da moto con brand Nolan e sistemi di comunicazione ad essi applicabili con brand N-Com. Nolangroup è riconosciuta per l'eccellenza del Made in Italy, l'innovazione tecnologica e l'attenzione alla sicurezza e al comfort dei motociclisti. Nolangroup è un'azienda italiana leader nella produzione di caschi da moto con brand Nolan e sistemi di comunicazione ad essi applicabili con brand N-Com. Nolangroup è riconosciuta per l'eccellenza del Made in Italy, l'innovazione tecnologica e l'attenzione alla sicurezza e al comfort dei motociclisti.",,,,"G. TERZI DI S. AGATA, 2 BREMBATE DI SOPRA BG",2 BREMBATE DI SOPRA BG,
NONOISE BV - FORBIKES SRL,,,,,,,,
NOS HELMETS - BER RACING EUROPE SRL,Pad. 10 - Stand E53,,,,https://nos-helmets.com,VIA TITO LIVIO 1. MODENA MO,,
NPA EUROPE NATIONAL POWERSPORT AUCTIONS EUROPE,Pad. 18 - Stand C75,,,,,,,
"NUVO ENT. CO., LTD. - IMPORTERS & EXPORTERS ASSOCIATION OF TAIPEI",,,,,,,,
NZI TECHNICAL PROTECTION S.A,Pad. 6 - Stand A26,,,,,,,
O.M.E. OFFICINE MECCANICHE ENSINI S.R.L.,Pad. 7 - Stand Q26,realizzazione particolari di meccanica di precisione e di componentistica per moto realizzazione particolari di meccanica di precisione e di componentistica per moto,,,,VIA DEI FABBRI N 5 ALFONSINE RA,,
OCTANE MOTOSPORT,Pad. 9 - Stand S62,,,,https://octanemotosport.com,"MUDASSAR SHAHEED ROAD , SIALKOT - PAKISTAN SIALKOT PUNJAB",SIALKOT - PAKISTAN SIALKOT PUNJAB,
"OGK KABUTO CO., LTD.",Pad. 7 - Stand C24,"Kabuto is a leading Japanese brand specializing in motorcycle and cycling helmets, trusted by riders around the world for their exceptional safety, performance, and comfort. Driven by the philosophy of ""Quality of Heart,"" Kabuto blends advanced innovation with meticulous craftsmanship to create helmets that inspire confidence and elevate every ride. From professional racers to everyday commuters, Kabuto helmets reflect Japan’s dedication to detail, protection, and rider-first design. Kabuto is a leading Japanese brand specializing in motorcycle and cycling helmets, trusted by riders around the world for their exceptional safety, performance, and comfort. Driven by the philosophy of ""Quality of Heart,"" Kabuto blends advanced innovation with meticulous craftsmanship to create helmets that inspire confidence and elevate every ride. From professional racers to everyday commuters, Kabuto helmets reflect Japan’s dedication to detail, protection, and rider-first design.",,,https://ogkkabuto.com,6-3-4 NAGATA NISHI HIGASHI -OSAKA OSAKA,,
OGNIBENE S.P.A.,Pad. 11 - Stand E21,,,,https://ognibenechaintech.com,DEL TIPOGRAFO 6 BOLOGNA BO,,
ÖHLINS GROUP AB,Pad. 5 - Stand M60,,,,https://ohlins.com,INSTRUMENTVÄGEN 8-10 UPPLANDS VÄSBY STOCKHOLM,,
OJ ATMOSFERE METROPOLITANE S.R.L.,Pad. 5 - Stand I59,,,,,VIA SOPERGA 32 MILANO MI,,
"OMEXEY ENTERPRISE CO., LTD.",Pad. 9 - Stand O83,"OMEXEY Group was founded year 1990 in Taiwan. Over 30 years, we have grown as a multi-national manufacturer/exporter based in Taiwan, China and Vietnam. RUNIX, NARUBB TIRE and OMEXEY RUBBER both under OMEXEY GROUP specialize in manufacturing/exporting TIREs & TUBEs. The factory, OMEXEY RUBBER, locates in south Vietnam where 1-1/2H from HCM Airport which used to be SAIGON Airport (SGN). OMEXEY Group was founded year 1990 in Taiwan. Over 30 years, we have grown as a multi-national manufacturer/exporter based in Taiwan, China and Vietnam. RUNIX, NARUBB TIRE and OMEXEY RUBBER both under OMEXEY GROUP specialize in manufacturing/exporting TIREs & TUBEs. The factory, OMEXEY RUBBER, locates in south Vietnam where 1-1/2H from HCM Airport which used to be SAIGON Airport (SGN).",,,,"9F., NO. 160, SEC. 2, NANJING E. RD., ZHONGSHAN DISTRICT ZHONGSHAN TAIPEI",ZHONGSHAN DISTRICT ZHONGSHAN TAIPEI,
"ONE SPORT INDUSTRY CO.,LTD",Pad. 9 - Stand Q74,"motorcycle protectors 'knee guard, elbow guard, safety jacket, safety belt so on'. As well as insert type protectors such as TPE insert type protector and PU insert type protectors. In addition to road motorcycle garment and other accessories such as high quality zippers. motorcycle protectors 'knee guard, elbow guard, safety jacket, safety belt so on'. As well as insert type protectors such as TPE insert type protector and PU insert type protectors. In addition to road motorcycle garment and other accessories such as high quality zippers.",,,,"B-510, GANGSEO HANGANG XI TOWER, 401, YANGCHEON-RO GANGSEO-GU SEOUL",YANGCHEON-RO GANGSEO-GU SEOUL,
ONEDESIGN BY PRINT S.R.L.,Pad. 9 - Stand C52,"ONEDESIGN è un marchio italiano nato per ridefinire il concetto di protezione nel mondo delle due ruote, unendo stile, innovazione e funzionalità. Dal 2014 rappresenta l’eccellenza nel design e nella produzione di soluzioni ad alte prestazioni per il settore powersport. Forte dell’esperienza maturata sin dal 1994 nella realizzazione di protezioni per moto, ONEDESIGN si distingue oggi a livello internazionale grazie all’esclusiva tecnologia HDR (High Definition Rubber): una superficie rivoluzionaria che offre un grip superiore e una protezione efficace, pensata per l’utilizzo in pista, off-road e nella guida quotidiana. Le radici di ONEDESIGN affondano nell’esperienza di Print srl, storica azienda italiana fondata nel 1968, da sempre impegnata nella ricerca e sviluppo di materiali tecnici innovativi. Con uno stile 100% italiano e uno sguardo costante al futuro, ONEDESIGN è il punto di riferimento per chi cerca performance, sicurezza e design. ONEDESIGN è un marchio italiano nato per ridefinire il concetto di protezione nel mondo delle due ruote, unendo stile, innovazione e funzionalità. Dal 2014 rappresenta l’eccellenza nel design e nella produzione di soluzioni ad alte prestazioni per il settore powersport. Forte dell’esperienza maturata sin dal 1994 nella realizzazione di protezioni per moto, ONEDESIGN si distingue oggi a livello internazionale grazie all’esclusiva tecnologia HDR (High Definition Rubber): una superficie rivoluzionaria che offre un grip superiore e una protezione efficace, pensata per l’utilizzo in pista, off-road e nella guida quotidiana. Le radici di ONEDESIGN affondano nell’esperienza di Print srl, storica azienda italiana fondata nel 1968, da sempre impegnata nella ricerca e sviluppo di materiali tecnici innovativi. Con uno stile 100% italiano e uno sguardo costante al futuro, ONEDESIGN è il punto di riferimento per chi cerca performance, sicurezza e design.",,,https://onedesign.bike,"VIA M. GANDHI, 12 LISSONE MB",12 LISSONE MB,
"OPEN ROAD SOLUTIONS, INC. - LOOKING TECHNOLOGY CO.,LTD",,,,,,,,
OPM - ACSUD SACIM DISTRIBUTION,Pad. 9 - Stand I51,,,,https://acsud-pro.com,BÂTIMENT D1 AVENUE PIERRE SÉMARD 135 AVIGNON AVIGNON,,
OPTILINE - LAMPA S.P.A.,Pad. 6 - Stand E43,,,,https://lampa.it,VIA GUIDO ROSSA 53/55 VIADANA MN,,
OPTIMATE - TECMATE INTERNATIONAL S.A.,Pad. 9 - Stand A64,,,,,,,
ORIGINE - SHANGHAI HEHUI SAFETY PRODUCTS MANUFACTURE CO.,,,,,,,,
OSAH - CCCME,,,,,,,,
OTTOPUNTOUNO,,,,,,,,
"OUTDO - HUAWEI POWER SOURCE (HONG KONG) CO.,LTD",Pad. 18 - Stand C75,,,,,,,
OUTPLORER LTD. - FORBIKES SRL,,,,,,,,
OXFORD PRODUCTS LTD,Pad. 9 - Stand I87,,,,https://oxfordproducts.com,"DE HAVILLAND WAY, RANGE ROAD WITNEY OXFORDSHIRE",RANGE ROAD WITNEY OXFORDSHIRE,
"OYA CARBON CO., LTD - SINOLIGHT INTERNATIONAL HOLDINGS CORPORATION (CLETC)","Pad. 14,4,6,9,7 - Stand C05,C08,E60,E64,E72,E76,I10,S85,U29,U30,E54,G61,S70,S68,S74,S76,S80,Q64,P82,E53,R64,I14,T94,C81,C87,A84,B87,A90,E55,S59",,,,,,,
"OYODENKI - TA YOUNG ELECTRONIC CO., LTD.",Pad. 11 - Stand C27,,,,,,,
P.B.R. SPROCKETS - WIND TRADING S.R.L.,Pad. 14 - Stand E35,,,,,,,
P.B.R. SPROCKETS S.R.L.,Pad. 10 - Stand E61,,,,,VIA CAMPANIA 19 OSTERIA GRANDE BO,,
P.M.T S.R.L.,Pad. 9 - Stand I62,,,,,VIA DELLA CHIMICA 2 APRILIA LT,,
"PAI HUNG SPORTING GOODS CO.,LTD. - IMPORTERS & EXPORTERS ASSOCIATION OF TAIPEI","Pad. 18 - Stand I91,I92,L96",,,,,,,
"PAI WEIH ENTERPRISE CO.,LTD - TAIPEI EXHIBITION CENTER INC.","Pad. 18 - Stand I91,I92,L96",,,,,,,
PANDO MOTO LTD.,Pad. 10 - Stand G54,"PANDOMOTO.com is a premium motorcycle apparel brand blending cutting-edge safety technology with modern design. Engineered by Riders who value protection, performance, and style, our gear is CE-certified, road-tested, and responsibly designed in Europe. PANDOMOTO.com is a premium motorcycle apparel brand blending cutting-edge safety technology with modern design. Engineered by Riders who value protection, performance, and style, our gear is CE-certified, road-tested, and responsibly designed in Europe.",,,https://pandomoto.com,DZUKU STR. 22 VILNIUS VILNIUS,,
PARAXITE - LAMPA S.P.A.,Pad. 6 - Stand E43,,,,https://lampa.it,VIA GUIDO ROSSA 53/55 VIADANA MN,,
PARTS EUROPE,Pad. 6 - Stand A48,"Parts Europe stands at the forefront of the motorsports industry as a premier wholesale distributor of top-tier spare parts, accessories, gear, and apparel for motorcycles, quads/ATVs, e-bikes, watercraft, and snowmobiles. As a proud subsidiary of the US-based LeMans Corporation — also known for Parts Unlimited and Parts Canada — we leverage over four decades of unparalleled industry experience and innovation. Our state-of-the-art headquarters, built at the confluence of the Saar and Mosel rivers in Wasserliesch, Germany, strategically position us to deliver exceptional service and prompt delivery across Europe, the Middle East, and South Africa. Our advanced facilities and prime location enable us to meet the diverse needs of our customers efficiently. At Parts Europe, we offer an expansive and ever-growing product portfolio that includes our renowned house brands such as Thor, Icon, Moose, and Drag Specialties, along with a wide range of other esteemed brands such as Alpinestars, Akrapovic, and hundreds more. Our long-standing relationships with the industry's best manufacturers allow us to supply an unparalleled variety of quality products to our dealers and end consumers. Discover the difference with Parts Europe. Use our online Dealer Search to find the nearest authorized dealer and become part of the largest distribution group in the powersports industry. Parts Europe. We Support the Sport®! Parts Europe stands at the forefront of the motorsports industry as a premier wholesale distributor of top-tier spare parts, accessories, gear, and apparel for motorcycles, quads/ATVs, e-bikes, watercraft, and snowmobiles. As a proud subsidiary of the US-based LeMans Corporation — also known for Parts Unlimited and Parts Canada — we leverage over four decades of unparalleled industry experience and innovation. Our state-of-the-art headquarters, built at the confluence of the Saar and Mosel rivers in Wasserliesch, Germany, strategically position us to deliver exceptional service and prompt delivery across Europe, the Middle East, and South Africa. Our advanced facilities and prime location enable us to meet the diverse needs of our customers efficiently. At Parts Europe, we offer an expansive and ever-growing product portfolio that includes our renowned house brands such as Thor, Icon, Moose, and Drag Specialties, along with a wide range of other esteemed brands such as Alpinestars, Akrapovic, and hundreds more. Our long-standing relationships with the industry's best manufacturers allow us to supply an unparalleled variety of quality products to our dealers and end consumers. Discover the difference with Parts Europe. Use our online Dealer Search to find the nearest authorized dealer and become part of the largest distribution group in the powersports industry. Parts Europe. We Support the Sport®!",,,https://partseurope.eu,CONRAD-RÖNTGEN STRASSE 2 WASSERLIESCH RHEINLAND PFALZ,,
PEAK - VOLTA MOTOR SAN. TIC. A.S.,Pad. 9 - Stand C71,,,,https://volta.com.tr,"SELAMLAR KÖYÜ, SELAMLAR MEVKII, GÜMÜSOVA OSB. 1. SOKAK VOLTA MOTOR SANAYI VE TICARET A.S., BLOK NO: 10, GÜMÜSOVA DÜZCE GUMUSOVA",GÜMÜSOVA DÜZCE GUMUSOVA,
PELPI INTERNATIONAL S.R.L.,"Pad. 14 - Stand C46,C45,C42",,,,https://pelpi.com,VIA GIACOMO MATTEOTTI 11 AROSIO CO,,
PHELON AND MOORE GROUP LIMITED,Pad. 14 - Stand E20,"About Phelon & Moore Re-established in 2022 to revive one of Britain’s most iconic motorcycle brands, Phelon & Moore is renowned for its distinctive style and engineering. Drawing inspiration from its colorful past and the iconic Panther models of the 20th century, the company now manufactures premium motorcycles for a global market, combining heritage, craftsmanship, and contemporary performance. About Phelon & Moore Re-established in 2022 to revive one of Britain’s most iconic motorcycle brands, Phelon & Moore is renowned for its distinctive style and engineering. Drawing inspiration from its colorful past and the iconic Panther models of the 20th century, the company now manufactures premium motorcycles for a global market, combining heritage, craftsmanship, and contemporary performance.",,,https://phelonandmoore.com,"COLLINGHAM HOUSE 6-12 GLADSTONE ROAD, WIMBLEDON LONDON WIMBLEDON",WIMBLEDON LONDON WIMBLEDON,
PHIL AYLIFF PRODUCTS LTD.,Pad. 11 - Stand T09,,,,,,,
"PHYLION BATTERY CO., LTD. - WUXI SHENYUN TECHNOLOGY DEVELOPMENT CO., LTD.",,,,,,,,
PIAGGIO & C S.P.A,Pad. 9 - Stand E76,,,,https://piaggiogroup.com,VIALE RINALDO PIAGGIO 25 PONTEDERA PI,,
PINASCO - BETTELLA S.R.L.,Pad. 9 - Stand E52,,,,,,,
PINLOCK SYSTEMS BV,Pad. 6 - Stand G48,"Pinlock changed the way we ride in challenging weather conditions with the award-winning Pinlock® technology. Explore new roads or cruise to work with a clear view. A big asset of the Pinlock® anti-fog technology is that it seamlessly integrates in the helmets of our partners. You can find our products in the helmet box or at the counter, ready for your next adventure. Pinlock® combines moisture absorbing nanostructures with high-class optics for a clear view of the road ahead. We push the boundaries of our core anti-fog technology, while improving the overall optical performance for our riders. Together with our partners, we create the optimal integration of our technology inside the worlds’ best motorcycle helmets. We believe in a future where good things are engineered even better. Pinlock changed the way we ride in challenging weather conditions with the award-winning Pinlock® technology. Explore new roads or cruise to work with a clear view. A big asset of the Pinlock® anti-fog technology is that it seamlessly integrates in the helmets of our partners. You can find our products in the helmet box or at the counter, ready for your next adventure. Pinlock® combines moisture absorbing nanostructures with high-class optics for a clear view of the road ahead. We push the boundaries of our core anti-fog technology, while improving the overall optical performance for our riders. Together with our partners, we create the optimal integration of our technology inside the worlds’ best motorcycle helmets. We believe in a future where good things are engineered even better.",,,https://pinlock.com,ZILVERPARKKADE 134 LELYSTAD NONE,,
PIONEER EUROPE NV,,,,,,,,
PIRITAS MB,,,,,,,,
PLASGOMMA SRL,Pad. 7 - Stand C20,,,,https://plasgomma.com,LOC. CAMPOCUIANO ESANATOGLIA MC,,
PLAST-MET AUTOMOTIVE SYSTEMS SPÓLKA Z O.O.,,,,,,,,
PLASTIC BIKE S.R.L.,Pad. 9 - Stand N69,,,,https://plastic-bike.com,"VIA DELLA RAMPINA, 18 PREDOSA AL",18 PREDOSA AL,
PLASTICHE CASSANO PROGRIP S.R.L.,Pad. 10 - Stand C80,,,,,,,
PLASTICHE CASSANO PROGRIP S.R.L. - WIND TRADING S.R.L.,Pad. 10 - Stand C80,,,,,,,
PMJ - UNLIMITED PROTECTION - DOMINO CREATIONS S.R.L.,Pad. 6 - Stand I31,,,,,,,
"POI DESIGNS - QINGDAO POI SPORT CO.,LTD.",Pad. 4 - Stand P88,,,,,,,
POLARIS INC.,,,,,,,,
POLINI MOTORI S.P.A.,Pad. 7 - Stand M10,,,,https://polini.com,VIALE PIAVE 30 ALZANO LOMBARDO BG,,
POLISPORT OFF-ROAD - POLISPORT PLASTICOS S.A.,Pad. 7 - Stand I31,"Polisport is a leading name in the development and production of plastic components and accessories for motorcycles. Based in Portugal, the brand has a strong presence in the global market, offering a comprehensive range of high-quality products, including replica plastic kits, handguards, headlights, body protectors, and other essential motorcycle accessories and protections. Polisport is also a trusted partner for OEM projects, supplying premium plastics and components to some of the world’s most renowned motorcycle brands. Driven by innovation, advanced manufacturing, and a firm commitment to sustainability, Polisport delivers reliable, cutting-edge solutions for the motorcycle industry. Polisport is a leading name in the development and production of plastic components and accessories for motorcycles. Based in Portugal, the brand has a strong presence in the global market, offering a comprehensive range of high-quality products, including replica plastic kits, handguards, headlights, body protectors, and other essential motorcycle accessories and protections. Polisport is also a trusted partner for OEM projects, supplying premium plastics and components to some of the world’s most renowned motorcycle brands. Driven by innovation, advanced manufacturing, and a firm commitment to sustainability, Polisport delivers reliable, cutting-edge solutions for the motorcycle industry.",,,https://polisport.com,"AVENIDA FERREIRA DE CASTRO, 818 CARREGOSA AVEIRO",818 CARREGOSA AVEIRO,
POLISPORT PLASTICOS S.A.,Pad. 7 - Stand I31,"Polisport is a leading name in the development and production of plastic components and accessories for motorcycles. Based in Portugal, the brand has a strong presence in the global market, offering a comprehensive range of high-quality products, including replica plastic kits, handguards, headlights, body protectors, and other essential motorcycle accessories and protections. Polisport is also a trusted partner for OEM projects, supplying premium plastics and components to some of the world’s most renowned motorcycle brands. Driven by innovation, advanced manufacturing, and a firm commitment to sustainability, Polisport delivers reliable, cutting-edge solutions for the motorcycle industry. Polisport is a leading name in the development and production of plastic components and accessories for motorcycles. Based in Portugal, the brand has a strong presence in the global market, offering a comprehensive range of high-quality products, including replica plastic kits, handguards, headlights, body protectors, and other essential motorcycle accessories and protections. Polisport is also a trusted partner for OEM projects, supplying premium plastics and components to some of the world’s most renowned motorcycle brands. Driven by innovation, advanced manufacturing, and a firm commitment to sustainability, Polisport delivers reliable, cutting-edge solutions for the motorcycle industry.",,,https://polisport.com,"AVENIDA FERREIRA DE CASTRO, 818 CARREGOSA AVEIRO",818 CARREGOSA AVEIRO,
POWERCLUTCH BY DELTA - DELTA BRAKING BV.,Pad. 9 - Stand U64,,,,,,,
POWERLAND AGRO TRACTOR VEHICLES PRIVATE LIMITED.,Pad. 18 - Stand C75,,,,,,,
POWERSPAN - YOUNGPOONG FILLTEX,,,,,,,,
POWERSPORTS,Pad. 10 - Stand H68,"Demon Powersports is a Canadian leader in high-performance, race-winning drivetrain components, trusted by competitive racers and off-road enthusiasts alike. We’re proud to be the official Canadian distributor for TGB and Segway Powersports, bringing cutting-edge ATVs and UTVs to riders nationwide. Expanding into electric mobility, our Demon Electric line delivers rugged, trail-ready e-bikes built with the same no-compromise durability as our core parts. Whether it’s on the track, the trail, or the job site, Demon Powersports provides the power, performance, and reliability to go farther, faster, and harder. Demon Powersports is a Canadian leader in high-performance, race-winning drivetrain components, trusted by competitive racers and off-road enthusiasts alike. We’re proud to be the official Canadian distributor for TGB and Segway Powersports, bringing cutting-edge ATVs and UTVs to riders nationwide. Expanding into electric mobility, our Demon Electric line delivers rugged, trail-ready e-bikes built with the same no-compromise durability as our core parts. Whether it’s on the track, the trail, or the job site, Demon Powersports provides the power, performance, and reliability to go farther, faster, and harder.",,,https://demonpowersports.com,"25A EAST PEARCE ST, UNIT 2 RICHMOND HILL ONTARIO",UNIT 2 RICHMOND HILL ONTARIO,
PREDIERI & ABBATE SRL,,,,,,,,
PREMIER HELMETS,Pad. 6 - Stand C44,"Our adventure began 70 years ago, in the United States. Premier Helmets began as a brand for the production of protectors and boards for skateboarding. Over the years, the business extended its product range to motorsports protectors, with excellent results in all American states. In 1982 Premier Helmets is moving to Europe Maintaining its values and further strengthening its image, it continues to protect anyone with a passion for two wheels, and continues the sporting vocation that had characterised the brand’s previous 30-year history in the United States. Today, Premier Helmets takes another step forward in its evolution. We present the market with a completely renewed range, with an unprecedented content of technology and innovation, while preserving the style and identity that have decreed its great success. The entire range of motorcycle helmets focuses on rider protection and comfort, combined with style, high technology and extreme functionality, a new step towards a future rooted in the brand’s long history of success. Our adventure began 70 years ago, in the United States. Premier Helmets began as a brand for the production of protectors and boards for skateboarding. Over the years, the business extended its product range to motorsports protectors, with excellent results in all American states. In 1982 Premier Helmets is moving to Europe Maintaining its values and further strengthening its image, it continues to protect anyone with a passion for two wheels, and continues the sporting vocation that had characterised the brand’s previous 30-year history in the United States. Today, Premier Helmets takes another step forward in its evolution. We present the market with a completely renewed range, with an unprecedented content of technology and innovation, while preserving the style and identity that have decreed its great success. The entire range of motorcycle helmets focuses on rider protection and comfort, combined with style, high technology and extreme functionality, a new step towards a future rooted in the brand’s long history of success.",,,https://premier.it,ZONA INDUSTRIALE LOC. ZINEPRI GALLICANO LUCCA LU,,
"PRO MEDIA CO., LTD. - TAIWAN TRANSPORTATION VEHICLE MANUFACTURERS ASS.",,,,,,,,
PROCOM ENGINEERING -ELECTROSPORT - DELTA BRAKING BV.,Pad. 9 - Stand U64,"Delta Braking produces Quality Brake Pads and Brake Discs. Production of Sintered, aswell as Organic Brake Pads. A famous Racing Compound CPRO. Longlasting Road Compounds RD-X (warranty 10.000 km, and ECE R90 certificated !). Several Offroad compounds, Heavy Duty or Long Life. A complete program of ATV, UTV and SXS Brake Pads. E-bike, ATB, Trail and Downhill. New in our program is the PowerClutch, a Full Metal clutch, to be used in Drag Racing, Road Racing, Flat Track Racing and Off Road Racing. Higher friction, Stable at high temperatures, more Oil Cooling , due to its futuristic shape. A completely new concept how to produce a motorcycle Clutch! Delta Braking produces Quality Brake Pads and Brake Discs. Production of Sintered, aswell as Organic Brake Pads. A famous Racing Compound CPRO. Longlasting Road Compounds RD-X (warranty 10.000 km, and ECE R90 certificated !). Several Offroad compounds, Heavy Duty or Long Life. A complete program of ATV, UTV and SXS Brake Pads. E-bike, ATB, Trail and Downhill. New in our program is the PowerClutch, a Full Metal clutch, to be used in Drag Racing, Road Racing, Flat Track Racing and Off Road Racing. Higher friction, Stable at high temperatures, more Oil Cooling , due to its futuristic shape. A completely new concept how to produce a motorcycle Clutch!",,,https://delta-braking.com,HOFVEEN 2 EIBERGEN GELDERLAND,,
PROFENDER,Pad. 10 - Stand I73,"Profender was established in Thailand since 1975. Our company specializes in developing shocks for pick-ups, commercial vehicles, and 4x4 vehicles, Motorcycle . We currently have 2 Factories located in Thailand, and we focus on producing Shock absorbers and Accessories for car and motorcycle. We have 800 staff members with 300 CNC machines and more than 150 Robots for making Aluminum parts and Steel Fabricated. Besides CNC machines, we also have welding, stamping, painting machine, and so on. Our factories pass Certified in global quality standards: ISO 9001: 2015 and IATF16949:2016, which is an Auto Industrial needs We utilize up to date technology in our production line resulting in we can manufacture mass production with precise quality as our high-performance specification standard. Profender was established in Thailand since 1975. Our company specializes in developing shocks for pick-ups, commercial vehicles, and 4x4 vehicles, Motorcycle . We currently have 2 Factories located in Thailand, and we focus on producing Shock absorbers and Accessories for car and motorcycle. We have 800 staff members with 300 CNC machines and more than 150 Robots for making Aluminum parts and Steel Fabricated. Besides CNC machines, we also have welding, stamping, painting machine, and so on. Our factories pass Certified in global quality standards: ISO 9001: 2015 and IATF16949:2016, which is an Auto Industrial needs We utilize up to date technology in our production line resulting in we can manufacture mass production with precise quality as our high-performance specification standard.",,,https://profender4x4.com,8/8 M.3 HOMKRET SAMPRAN NAKHONPATHOM THAI,,
PROMA - MANDELLI SRL,Pad. 10 - Stand C80,,,,,,,
PROTECH MANUFACTURING (PVT) LTD,,,,,,,,
PROX RACING PARTS - RACE WINNING BRANDS EUROPE BV,Pad. 7 - Stand O27,,,,,,,
PT INDUSTRI KARET DELI,Pad. 5 - Stand S90,,,,,,,
PT. NAGOYA MOTOR INTERNASIONAL,Pad. 7 - Stand B27,"PT. NAGOYA MOTOR INTERNASIONAL is a trading company that pioneers and specializes in exporting Indonesian Local and Genuine Parts for Japanese motorcycles such as HONDA, YAMAHA, SUZUKI, and KAWASAKI. We are the Genuine Parts Dealer of HONDA, YAMAHA, KAWASAKI, SUZUKI, and many more famous brands from Japanese Companies and Indonesian Local Products, which are all produced in Indonesia. Indonesia is the biggest market for Japanese motorcycles. Many of their products are produced in Indonesia and exported around the world. Therefore our price is very competitive compared to other countries. Our company has been established since 1998 and with the experience of 20 years, we have exported many high-quality products from Indonesia to around the world. With the support of ours teams, customers and social, Nagoya Motor obtained a Quality Management System (ISO9001) in 2020 for Wholesale Motorcycle Spare Parts And Accessories. PT. NAGOYA MOTOR INTERNASIONAL is a trading company that pioneers and specializes in exporting Indonesian Local and Genuine Parts for Japanese motorcycles such as HONDA, YAMAHA, SUZUKI, and KAWASAKI. We are the Genuine Parts Dealer of HONDA, YAMAHA, KAWASAKI, SUZUKI, and many more famous brands from Japanese Companies and Indonesian Local Products, which are all produced in Indonesia. Indonesia is the biggest market for Japanese motorcycles. Many of their products are produced in Indonesia and exported around the world. Therefore our price is very competitive compared to other countries. Our company has been established since 1998 and with the experience of 20 years, we have exported many high-quality products from Indonesia to around the world. With the support of ours teams, customers and social, Nagoya Motor obtained a Quality Management System (ISO9001) in 2020 for Wholesale Motorcycle Spare Parts And Accessories.",,,https://nagoyamotor.com,JL. PREPEDAN RAYA KOMP GUDANG G-198 BLOK DD-DE KAMAL-KALIDERES JAKARTA BARAT DKI JAKARTA,,
PUIG-MOTOPLASTIC - MOTOPLASTIC S.A.,Pad. 11 - Stand M40,"PUIG designs, manufactures, and distributes its own products since 1964. The experience throughout these years is directly applied to each and every single product designed; for this reason, PUIG has been able to acquire the trust of many professional riders and motorcyclists that have used and are using our products. Our commitment to plan, carry out, and distribute quality products, which are able to improve the OEM equipment of the motorcycle and motorcyclist on technology and safety performances, is achieved thanks to the synergy of the PUIG team whose values are always related to the best product development. The technolgy is, in this industry, a must, and from the very beginning PUIG has entrusted its future to it. On top of a continued improvement on quality product through technology integration, PUIG nowadays has a specialized department of design and development of new products, creating, adapting, and testing all new products that year by year are being included in our catalog. PUIG designs, manufactures, and distributes its own products since 1964. The experience throughout these years is directly applied to each and every single product designed; for this reason, PUIG has been able to acquire the trust of many professional riders and motorcyclists that have used and are using our products. Our commitment to plan, carry out, and distribute quality products, which are able to improve the OEM equipment of the motorcycle and motorcyclist on technology and safety performances, is achieved thanks to the synergy of the PUIG team whose values are always related to the best product development. The technolgy is, in this industry, a must, and from the very beginning PUIG has entrusted its future to it. On top of a continued improvement on quality product through technology integration, PUIG nowadays has a specialized department of design and development of new products, creating, adapting, and testing all new products that year by year are being included in our catalog.",,,https://puig.tv,PASSEIG DE LA RIBERA 29 GRANOLLERS BARCELONA,,
PURE - INTENCE BIKES LLC,"Pad. 11 - Stand M26,E40","INTENCE BIKES LLC is a trading company dedicated to the Russian two-wheeler market. Deeply rooted in the local landscape, we leverage our extensive industry experience and robust resource network to provide Russian customers with a one-stop procurement service for a comprehensive range of two-wheeler products, including both whole vehicles and various accessories. From high-performance motorcycles to practical electric bicycles, and from critical components to exquisite accessories, we consistently deliver top-quality products and professional services to meet the diverse needs of Russian consumers. We are committed to becoming a leading enterprise in the Russian two-wheeler trading sector. INTENCE BIKES LLC is a trading company dedicated to the Russian two-wheeler market. Deeply rooted in the local landscape, we leverage our extensive industry experience and robust resource network to provide Russian customers with a one-stop procurement service for a comprehensive range of two-wheeler products, including both whole vehicles and various accessories. From high-performance motorcycles to practical electric bicycles, and from critical components to exquisite accessories, we consistently deliver top-quality products and professional services to meet the diverse needs of Russian consumers. We are committed to becoming a leading enterprise in the Russian two-wheeler trading sector.",,,,LENINSKIJ PROSPEKT D83 K2 KV5 MOSKVA MOSKVA,,
PUTOLINE OIL,Pad. 18 - Stand G72,,,,https://putoline.nl,DOLLEGOORWEG 15 ALMELO OVERIJSSEL,,
PZRACING,,,,,,,,
QD EXHAUST - ARCAS INDUSTRIE S.R.L.,Pad. 6 - Stand I26,,,,,,,
"QINGDAO CHANGCHANG PROTECTION GOODS CO.,LTD - WUXI PASSION SPORTS PRODUCT CO. LTD",,,,,,,,
"QINGDAO CHOHO CHAIN TRANSMISSION CO.,LTD.",,,,,,,,
"QINGDAO POI SPORT CO.,LTD.",Pad. 4 - Stand P88,,,,,NO.19A JINYUAN ROAD XIFUZHEN SUBDISTRICT CHENGYANG DISTRICT QINGDAO SHANDONG,,
"QINGDAO PUREGAIN TYRE CO.,LTD. - BRØDRESKIFT TECH AS",Pad. 18 - Stand H58,,,,https://brodreskifttech.top,BERGERVEIEN 26 ASKER VIKEN,,
"QINGDAO RZ-LABS PROTECTION CO.,LTD.",,,,,,,,
"QINGDAO SUNSONG CO., LTD - SINOLIGHT INTERNATIONAL HOLDINGS CORPORATION (CLETC)","Pad. 14,4,6,9,7 - Stand C05,C08,E60,E64,E72,E76,I10,S85,U29,U30,E54,G61,S70,S68,S74,S76,S80,Q64,P82,E53,R64,I14,T94,C81,C87,A84,B87,A90,E55,S59",,,,https://cletc.com,SINOLIGHT PLAZA NO.4 WANG JING CHAOYANG DISTRICT BEIJING BEIJING,,
"QINGDAO TELSTAR TYRE CO.,LTD - HI-LIGHTING INT'L EXHIBITION BEIJING CO. LTD","Pad. 4,9 - Stand I56,I60,I66,T80,S86",,,,https://hi-lighting.com,"12B07 BUILDING A U-SPACE, NO.8 GUANGQUMENWAI STREET CHAOYANG CHINA",NO.8 GUANGQUMENWAI STREET CHAOYANG CHINA,
"QINGDAO YISHUO VEHICLE PARTS CO.,LTD - SINOLIGHT INTERNATIONAL HOLDINGS CORPORATION (CLETC)","Pad. 14,4,6,9,7 - Stand C05,C08,E60,E64,E72,E76,I10,S85,U29,U30,E54,G61,S70,S68,S74,S76,S80,Q64,P82,E53,R64,I14,T94,C81,C87,A84,B87,A90,E55,S59",,,,https://cletc.com,SINOLIGHT PLAZA NO.4 WANG JING CHAOYANG DISTRICT BEIJING BEIJING,,
"QINGDAO YUNLONG ECO TECHNOLOGIES CO., LTD. - ZHEJIANG LUQI INTELLIGENT TECHNOLOGY CO.,LTD","Pad. 10,9 - Stand A80,S82",,,,,,,
"QINHUANGDAO XINCHI PHOTOELECTRICITY TECHNOLOGY CO., LTD.","Pad. 14,4,6,9,7 - Stand C05,C08,E60,E64,E72,E76,I10,S85,U29,U30,E54,G61,S70,S68,S74,S76,S80,Q64,P82,E53,R64,I14,T94,C81,C87,A84,B87,A90,E55,S59",,,,,,,
"QSTK - BEIJING HAOBO TRADE & TECHNOLOGY CO., LTD.",,,,,,,,
"QU QIQI(CHONGQING)IMPORT AND EXPORT TRADING CO.,LTD - HI-LIGHTING INT'L EXHIBITION BEIJING CO. LTD","Pad. 4,9 - Stand I56,I60,I66,T80,S86",,,,https://hi-lighting.com,"12B07 BUILDING A U-SPACE, NO.8 GUANGQUMENWAI STREET CHAOYANG CHINA",NO.8 GUANGQUMENWAI STREET CHAOYANG CHINA,
QUACONST - CCCME,,,,,,,,
QUAD LOCK,Pad. 6 - Stand F48,,,,https://quadlockcase.com,299 TOORAK ROAD MELBOURNE VICTORIA,,
"QUANZHOU BESPOKE RECORD IMP & EXP. CO.,LTD. - CCCME",,,,,,,,
"QUANZHOU BLINK MINDS TRADING CO., LIMITED - SINOLIGHT INTERNATIONAL HOLDINGS CORPORATION (CLETC)","Pad. 14,4,6,9,7 - Stand C05,C08,E60,E64,E72,E76,I10,S85,U29,U30,E54,G61,S70,S68,S74,S76,S80,Q64,P82,E53,R64,I14,T94,C81,C87,A84,B87,A90,E55,S59",,,,https://cletc.com,SINOLIGHT PLAZA NO.4 WANG JING CHAOYANG DISTRICT BEIJING BEIJING,,
"QUANZHOU EVERSUCCESSBAGS CO.,LTD - VALUEDSHOW (SHAGNHAI) MANAGEMENT LLC",,,,,,,,
"QUANZHOU FIVE PLUS BAGS CO.,LTD - SINOLIGHT INTERNATIONAL HOLDINGS CORPORATION (CLETC)","Pad. 14,4,6,9,7 - Stand C05,C08,E60,E64,E72,E76,I10,S85,U29,U30,E54,G61,S70,S68,S74,S76,S80,Q64,P82,E53,R64,I14,T94,C81,C87,A84,B87,A90,E55,S59",,,,https://cletc.com,SINOLIGHT PLAZA NO.4 WANG JING CHAOYANG DISTRICT BEIJING BEIJING,,
"QUZHOU BENNENG VEHICLE CO.,LTD",Pad. 4 - Stand I81,"Quzhou Benneng Vehicle Co., Ltd. was established in 2013 and is located in Quzhou City, Zhejiang Province. It is a professional production and sales of electric bicycles , electric tricycles ,electric motorcycles and spare parts production and so on. Our company currently has 100 employees that made up of three parts, frame factory, painting factory and assembly plant. We output more than 30,000pcs and sales income of nearly 15 million US Dollar during one year. Our enterprise has advanced productions, technology and equipments, also own a batch of talents which ha high quality professional research and development. which are capable to conduct a comprehensive checking for all the specification and strictly control each procedure to ensure the reliability and stability of our product. We have various electric bikes, electric scooter and accept the reserving as you requested. Our products are widely recognized by local markets. The development of high quality is the enterprise's standard. To build an international brand is our ambition that we always strive for. We have consistently adhered to the tenet of ""Quality First, Customer Supreme, Quality Service, and abide by the contract"". With high quality products, good reputation and excellent service, the products were sold well in more than 50 countries. Dedicated to win-win cooperation with domestic and foreign merchants, and common development, create brilliant! we are looking forward to forming successful business relations hips with new clients around the world in the near future. Quzhou Benneng Vehicle Co., Ltd. was established in 2013 and is located in Quzhou City, Zhejiang Province. It is a professional production and sales of electric bicycles , electric tricycles ,electric motorcycles and spare parts production and so on. Our company currently has 100 employees that made up of three parts, frame factory, painting factory and assembly plant. We output more than 30,000pcs and sales income of nearly 15 million US Dollar during one year. Our enterprise has advanced productions, technology and equipments, also own a batch of talents which ha high quality professional research and development. which are capable to conduct a comprehensive checking for all the specification and strictly control each procedure to ensure the reliability and stability of our product. We have various electric bikes, electric scooter and accept the reserving as you requested. Our products are widely recognized by local markets. The development of high quality is the enterprise's standard. To build an international brand is our ambition that we always strive for. We have consistently adhered to the tenet of ""Quality First, Customer Supreme, Quality Service, and abide by the contract"". With high quality products, good reputation and excellent service, the products were sold well in more than 50 countries. Dedicated to win-win cooperation with domestic and foreign merchants, and common development, create brilliant! we are looking forward to forming successful business relations hips with new clients around the world in the near future.",,,,NO.21-2 Longxing Road QUZHOU ZHEJIANG,,
R PRO BOOTS,Pad. 7 - Stand S12,"Dear , We hereby take the liberty to introduce our self as a leading manufacturer and exporter of all sorts of Motorbike Boots and Denim Jeans / Trousers. For your review and reference we are attaching some of our product's photos, you please have a look on these. For our entire boots collection you may please visit our website i.e. www.rproboots.com and if you find something interesting, please don't hesitate to ask us, as we are always here to serve you better. Thank you and with best regards, Imran. Cell Whatsapp +92-300-9611896 www.rproboots.com info@rproboots.com rproboots@gmail.com Dear , We hereby take the liberty to introduce our self as a leading manufacturer and exporter of all sorts of Motorbike Boots and Denim Jeans / Trousers. For your review and reference we are attaching some of our product's photos, you please have a look on these. For our entire boots collection you may please visit our website i.e. www.rproboots.com and if you find something interesting, please don't hesitate to ask us, as we are always here to serve you better. Thank you and with best regards, Imran. Cell Whatsapp +92-300-9611896 www.rproboots.com info@rproboots.com rproboots@gmail.com",,+92-300-9611896,https://rproboots.com,UPER CHANAB SAMREAL SIALKOT PAKISTAN,,
R&G - RACING TECHNIQUE LTD T/A R&G.,,,,,,,,
R4R - SPARMART S.R.L.,Pad. 9 - Stand E71,,,,https://sparmart.it,VIA BORIMA 23 SUELLO LC,,
"RA ENGINEERING CO LTD,",,,,,,,,
RACE DEN,Pad. 14 - Stand C23,"RACE DEN is a world-renowned manufacturing and distribution company. We provide traditions of quality and excellence that extends throughout our history. For the 21st Century, We have fully modernized these traditions with computer aided design quality control procedures. Outstanding quality and excellent customer service have set RACE DEN apart from the competition since 2002. Our passion pushes us to go further in the design, research and development of our products. Design, comfort, technology and knowledge are our keywords and we include them in the service of our passion RACE DEN is a world-renowned manufacturing and distribution company. We provide traditions of quality and excellence that extends throughout our history. For the 21st Century, We have fully modernized these traditions with computer aided design quality control procedures. Outstanding quality and excellent customer service have set RACE DEN apart from the competition since 2002. Our passion pushes us to go further in the design, research and development of our products. Design, comfort, technology and knowledge are our keywords and we include them in the service of our passion",,,https://raceden.com,"JHAMMAT STREET, HAJI PURA BUN SIALKOT PUNJAB",HAJI PURA BUN SIALKOT PUNJAB,
RACE WINNING BRANDS EUROPE BV,Pad. 7 - Stand O27,,,,,,,
RACEHOLDERS S.R.O. - WRS S.R.L.,Pad. 5 - Stand Q53,"WRS, azienda specializzata nella produzione di cupolini per moto, grazie a materiali di primissima scelta, design Made in Italy e finiture impeccabili è sinonimo di qualità assoluta. Con un costante impegno verso l’ottimizzazione aerodinamica e delle performance. Fornitore ufficiale di alcuni tra i più prestigiosi team in MotoGP e WorldSBK, tra cui Ducati Lenovo Factory, KTM Factory, BMW Motorrad WSBK, Yamaha WSBK, Pramac e VR46, affermandosi come punto di riferimento a livello internazionale. Nel 2024 ha segnato un traguardo storico anche nel mondo della vela, realizzando il primo cupolino della storia dell’America’s Cup per il team Luna Rossa Prada Pirelli. Attraverso il proprio e-commerce, WRS offre a motociclisti e appassionati un’ampia gamma di accessori e parti speciali uniti ad un servizio logistico all'avanguardia, portando la tecnologia e l’esperienza del racing sulle strade di tutti i giorni. WRS, azienda specializzata nella produzione di cupolini per moto, grazie a materiali di primissima scelta, design Made in Italy e finiture impeccabili è sinonimo di qualità assoluta. Con un costante impegno verso l’ottimizzazione aerodinamica e delle performance. Fornitore ufficiale di alcuni tra i più prestigiosi team in MotoGP e WorldSBK, tra cui Ducati Lenovo Factory, KTM Factory, BMW Motorrad WSBK, Yamaha WSBK, Pramac e VR46, affermandosi come punto di riferimento a livello internazionale. Nel 2024 ha segnato un traguardo storico anche nel mondo della vela, realizzando il primo cupolino della storia dell’America’s Cup per il team Luna Rossa Prada Pirelli. Attraverso il proprio e-commerce, WRS offre a motociclisti e appassionati un’ampia gamma di accessori e parti speciali uniti ad un servizio logistico all'avanguardia, portando la tecnologia e l’esperienza del racing sulle strade di tutti i giorni.",,,https://wrs.it,"VIA PIRANO, 6/M TAVULLIA PU",6/M TAVULLIA PU,
"RACEPRO - GUANGZHOU RACEPRO INTERNATIONAL TRADE CO.,LTD",,,,,,,,
RACING TECHNIQUE LTD T/A R&G.,,,,,,,,
RACING TECHNIQUE LTD T/A R&G. - FORBIKES SRL,,,,,,,,
"RAINBOW TRUST IND. CO., LTD - TA YOUNG ELECTRONIC CO., LTD.",Pad. 11 - Stand C27,"The main products of TA YOUNG are Condenser Discharge Ignition unit (C.D.I), Flasher relay, Ignition coils, Regulator (Stabilized), Startor relay, Fuse boxes, Head light controllers (HLC), Resistor, Thermostat, Thermal switch, Thermal sensor, Digital keyless system, RFID security system, GPS, Oil/Fuel level sensors, Wiring harness, LED rear light module & bulbs, Digital LCD/LCM meter, Speedo sensor/meter, RPM sensor/meter, CAN-BUS meter and Rechargeable device/controller for e-motorcycle/scooter. We are able to produce these items as genuine products of the highest quality to our customers. From recent decades, globalization is one of our most important targets; even during the pandemic of 2020-2022 COVID surge wave over around the world. The company still developing and introducing on line marketing and commercial advertisement. We are therefore not only improving our productivity facilities and the hardware that enhances and secure quality, but also educational programs that emphasizes self-development through various tasks of regular training. In order to meet the criteria for worldwide quality Ta Young leads its alliances and has achieved the ISO9001, IATF14949:2016 and ISO 14001 whilst adhering to the green environmental process and contribute to society as an ESG enterprise to make a better earth. Currently the company is managed by Dr. SAM SHAW. The main products of TA YOUNG are Condenser Discharge Ignition unit (C.D.I), Flasher relay, Ignition coils, Regulator (Stabilized), Startor relay, Fuse boxes, Head light controllers (HLC), Resistor, Thermostat, Thermal switch, Thermal sensor, Digital keyless system, RFID security system, GPS, Oil/Fuel level sensors, Wiring harness, LED rear light module & bulbs, Digital LCD/LCM meter, Speedo sensor/meter, RPM sensor/meter, CAN-BUS meter and Rechargeable device/controller for e-motorcycle/scooter. We are able to produce these items as genuine products of the highest quality to our customers. From recent decades, globalization is one of our most important targets; even during the pandemic of 2020-2022 COVID surge wave over around the world. The company still developing and introducing on line marketing and commercial advertisement. We are therefore not only improving our productivity facilities and the hardware that enhances and secure quality, but also educational programs that emphasizes self-development through various tasks of regular training. In order to meet the criteria for worldwide quality Ta Young leads its alliances and has achieved the ISO9001, IATF14949:2016 and ISO 14001 whilst adhering to the green environmental process and contribute to society as an ESG enterprise to make a better earth. Currently the company is managed by Dr. SAM SHAW.",,2020-2022,https://tayoung.com.tw,"5F NO. 5 ZI-QIANG STREET INDUSTRY ZONE , TUCHENG DISTRICT NEW TAIPEI CITY TAIWAN",TUCHENG DISTRICT NEW TAIPEI CITY TAIWAN,
RAPID BIKE - DIMSPORT SRL,Pad. 18 - Stand D65,,,,,,,
RAPTOR - SPARMART S.R.L.,Pad. 9 - Stand E71,,,,,,,
RAVENNA APPAREL - WIND TRADING S.R.L.,Pad. 14 - Stand E35,,,,,,,
RB MAX - ACSUD SACIM DISTRIBUTION,Pad. 9 - Stand I51,,,,,,,
RC MOTOR PROJECTS,Pad. 14 - Stand C12,"La storia di Isotta è una storia di passione, dedizione, tradizione e, soprattutto, una storia legata alla sua famiglia e a una terra che, nel tempo, ha visto nascere uno dei più importanti distretti industriali italiani, la Motor Valley. ​ Fondata con l'obiettivo di coniugare l'eccellenza artigianale con l'innovazione tecnologica, Isotta è diventata sinonimo di qualità e affidabilità nel settore motociclistico. ​ L'azienda opera nella progettazione e nella realizzazione di accessori per motocicli, con una specializzazione particolare nello sviluppo di parabrezza per scooter, cupolini e vari accessori per moto. ​ Ogni prodotto è frutto di un attento processo di ricerca e sviluppo, volto a garantire le massime prestazioni e la sicurezza del motociclista. ​ La nostra dedizione all'innovazione ci permette di anticipare le tendenze del mercato, proponendo soluzioni all'avanguardia che migliorano l'esperienza di guida. ​ Negli anni, l'azienda è cresciuta e si è fatta spazio in un mercato sempre più competitivo, grazie alla grande attenzione all'innovazione, alla qualità, alla sicurezza e al design dei propri prodotti, cercando di offrire la miglior esperienza al consumatore. ​ Isotta non si limita a soddisfare le aspettative dei clienti, ma mira a superarle, attraverso un approccio proattivo e orientato al cliente. ​ Ad oggi, l'azienda continua a prestare la massima attenzione ai bisogni dei clienti e del mercato, mantenendo un contatto diretto e costante con essi. ​ Ascoltiamo attentamente le loro necessità e troviamo continuamente soluzioni innovative per soddisfarle, rafforzando così il nostro impegno a rimanere leader nel settore. ​ La nostra missione è di creare prodotti che non solo migliorano la vita quotidiana dei motociclisti, ma che rappresentano anche la passione e l'orgoglio di un'azienda familiare radicata in una tradizione di eccellenza. La storia di Isotta è una storia di passione, dedizione, tradizione e, soprattutto, una storia legata alla sua famiglia e a una terra che, nel tempo, ha visto nascere uno dei più importanti distretti industriali italiani, la Motor Valley. ​ Fondata con l'obiettivo di coniugare l'eccellenza artigianale con l'innovazione tecnologica, Isotta è diventata sinonimo di qualità e affidabilità nel settore motociclistico. ​ L'azienda opera nella progettazione e nella realizzazione di accessori per motocicli, con una specializzazione particolare nello sviluppo di parabrezza per scooter, cupolini e vari accessori per moto. ​ Ogni prodotto è frutto di un attento processo di ricerca e sviluppo, volto a garantire le massime prestazioni e la sicurezza del motociclista. ​ La nostra dedizione all'innovazione ci permette di anticipare le tendenze del mercato, proponendo soluzioni all'avanguardia che migliorano l'esperienza di guida. ​ Negli anni, l'azienda è cresciuta e si è fatta spazio in un mercato sempre più competitivo, grazie alla grande attenzione all'innovazione, alla qualità, alla sicurezza e al design dei propri prodotti, cercando di offrire la miglior esperienza al consumatore. ​ Isotta non si limita a soddisfare le aspettative dei clienti, ma mira a superarle, attraverso un approccio proattivo e orientato al cliente. ​ Ad oggi, l'azienda continua a prestare la massima attenzione ai bisogni dei clienti e del mercato, mantenendo un contatto diretto e costante con essi. ​ Ascoltiamo attentamente le loro necessità e troviamo continuamente soluzioni innovative per soddisfarle, rafforzando così il nostro impegno a rimanere leader nel settore. ​ La nostra missione è di creare prodotti che non solo migliorano la vita quotidiana dei motociclisti, ma che rappresentano anche la passione e l'orgoglio di un'azienda familiare radicata in una tradizione di eccellenza.",,,,"VIA M.CALARI, 1 ZOLA PREDOSA BO",1 ZOLA PREDOSA BO,
RCB - MKA TRADING (HK) LTD.,Pad. 7 - Stand C05,,,,,,,
RDM RICAMBI SRL,Pad. 9 - Stand E80,"La nostra azienda nasce per far fronte alle continue richieste di tanti clienti di reperire facilmente sul mercato prodotti simili all'originale ma con un prezzo contenuto. Dopo anni di esperienza nel settore abbiamo deciso di intraprendere questa attività specializzandoci solo in ricambi per minivetture. Abbiamo un vasto magazzino di ricambi di tutte le marche di minivetture non originali ,in particolare AIXAM, LIGIER, GRECAV, MICROCAR, MARANELLO, CHATENET e JDM.. Produciamo carrozzerie non originali in abs 4 mm, inoltre troverete qualità ed efficienza nella spedizione dei pezzi in 24\48 ore su tutto il territorio Italiano, mentre per il resto dell'Europa ci avvaliamo dei migliori trasportatori in grado di consegnare i nostri prodotti in 72 ore. Efficienza e qualità nel servizio internet e-commerce in grado di mantenere sempre aggiornati i nostri clienti in tempo reale. La nostra azienda nasce per far fronte alle continue richieste di tanti clienti di reperire facilmente sul mercato prodotti simili all'originale ma con un prezzo contenuto. Dopo anni di esperienza nel settore abbiamo deciso di intraprendere questa attività specializzandoci solo in ricambi per minivetture. Abbiamo un vasto magazzino di ricambi di tutte le marche di minivetture non originali ,in particolare AIXAM, LIGIER, GRECAV, MICROCAR, MARANELLO, CHATENET e JDM.. Produciamo carrozzerie non originali in abs 4 mm, inoltre troverete qualità ed efficienza nella spedizione dei pezzi in 24\48 ore su tutto il territorio Italiano, mentre per il resto dell'Europa ci avvaliamo dei migliori trasportatori in grado di consegnare i nostri prodotti in 72 ore. Efficienza e qualità nel servizio internet e-commerce in grado di mantenere sempre aggiornati i nostri clienti in tempo reale.",,,https://rdmricambi.it,ZONA INDUSTRIALE N 42 LANCIANO CH,,
REBAKE SUPPLY CO AB,,,,,,,,
RECKLESS RACING LAB,Pad. 7 - Stand Q31,,,,,,,
RED STAR LOCKS CO. LTD,Pad. 4 - Stand P85,"RED STAR LOCKS was founded in 1988, locates in the suburb of Guangzhou and covers more than 8,000 square meters. SXP brand name was founded in the same time. We are a manufacturer specialized in making various locks for bicycles and motorcycles. Our factory has advanced CNC facilities, strict product quality control and inspection measurements. There is a group of professional and experienced designers and engineers for R&D. We have ISO9001:2015 Quality Management System certification. We are leading manufacturer of chain locks, cable lock, disk lock, armoured cable lock and U shackle lock, which are all used in motorcycle and bicycle security and defending. Our locks have got various European approvals and American certificates. We’ve already supplied OEM and ODM locks for European and American brands for more than 20 years. When you choose Red Star products, you are choosing Security eXperienced Products. RED STAR LOCKS was founded in 1988, locates in the suburb of Guangzhou and covers more than 8,000 square meters. SXP brand name was founded in the same time. We are a manufacturer specialized in making various locks for bicycles and motorcycles. Our factory has advanced CNC facilities, strict product quality control and inspection measurements. There is a group of professional and experienced designers and engineers for R&D. We have ISO9001:2015 Quality Management System certification. We are leading manufacturer of chain locks, cable lock, disk lock, armoured cable lock and U shackle lock, which are all used in motorcycle and bicycle security and defending. Our locks have got various European approvals and American certificates. We’ve already supplied OEM and ODM locks for European and American brands for more than 20 years. When you choose Red Star products, you are choosing Security eXperienced Products.",,,,BICHONG INDUSTRIAL DISTRICT HUANGQI NANHAI GUANGDONG,,
REDMOTO S.R.L.,Pad. 7 - Stand G30,,,,https://redmoto.it,VIA FILIPPO DA DESIO 147 DESIO MB,,
REGINA CATENE CALIBRATE S.P.A.,Pad. 5 - Stand M59,"Regina is a world leading manufacturer of premium quality chains designed to provide innovative solutions to a diverse range of Motorcycle and Industrial applications. Established 1919, based in Italy but with several manufacturing and representative branches worldwide, Regina produces all motorcycle chains only in its Italian plants. Regina’s supplying partnership with the main 2 wheels OEM ensures a deep understanding of their needs, resulting in the ability to provide high quality and reliable products at all times as well as continuous technical innovation and support for new applications. Regina is a world leading manufacturer of premium quality chains designed to provide innovative solutions to a diverse range of Motorcycle and Industrial applications. Established 1919, based in Italy but with several manufacturing and representative branches worldwide, Regina produces all motorcycle chains only in its Italian plants. Regina’s supplying partnership with the main 2 wheels OEM ensures a deep understanding of their needs, resulting in the ability to provide high quality and reliable products at all times as well as continuous technical innovation and support for new applications.",,,https://reginachain.net,VIA MONZA 90 CERNUSCO LOMBARDONE LC,,
REGINA CATENE CALIBRATE S.P.A. - MANDELLI SRL,Pad. 5 - Stand M59,"Regina is a world leading manufacturer of premium quality chains designed to provide innovative solutions to a diverse range of Motorcycle and Industrial applications. Established 1919, based in Italy but with several manufacturing and representative branches worldwide, Regina produces all motorcycle chains only in its Italian plants. Regina’s supplying partnership with the main 2 wheels OEM ensures a deep understanding of their needs, resulting in the ability to provide high quality and reliable products at all times as well as continuous technical innovation and support for new applications. Regina is a world leading manufacturer of premium quality chains designed to provide innovative solutions to a diverse range of Motorcycle and Industrial applications. Established 1919, based in Italy but with several manufacturing and representative branches worldwide, Regina produces all motorcycle chains only in its Italian plants. Regina’s supplying partnership with the main 2 wheels OEM ensures a deep understanding of their needs, resulting in the ability to provide high quality and reliable products at all times as well as continuous technical innovation and support for new applications.",,,https://reginachain.net,VIA MONZA 90 CERNUSCO LOMBARDONE LC,,
REGINA CHAIN - REGINA CATENE CALIBRATE S.P.A.,Pad. 5 - Stand M59,,,,,,,
REGIONE PIEMONTE - REGIONE LIGURIA,,,,,,,,
"REISSA - TEXLAND CO., LTD.",,,,,,,,
REKLUSE - RACE WINNING BRANDS EUROPE BV,Pad. 7 - Stand O27,,,,,,,
RELIAN MFG,Pad. 9 - Stand U76,"Relian MFG is a trusted manufacturer of high-quality motorcycle clothing and gloves, with years of expertise in the industry. We specialize in designing and producing durable, performance-driven gear tailored for riders who demand both safety and comfort. Our vertically integrated operations allow us to maintain strict quality control across all stages of production—from material sourcing to final stitching. With an in-house production planning and control department, we optimize efficiency while ensuring timely delivery. Supported by a robust manufacturing supply chain, we consistently meet global standards and exceed customer expectations. At Relian MFG, we combine craftsmanship, innovation, and reliability to deliver premium motorcycle apparel that riders can depend on. Relian MFG is a trusted manufacturer of high-quality motorcycle clothing and gloves, with years of expertise in the industry. We specialize in designing and producing durable, performance-driven gear tailored for riders who demand both safety and comfort. Our vertically integrated operations allow us to maintain strict quality control across all stages of production—from material sourcing to final stitching. With an in-house production planning and control department, we optimize efficiency while ensuring timely delivery. Supported by a robust manufacturing supply chain, we consistently meet global standards and exceed customer expectations. At Relian MFG, we combine craftsmanship, innovation, and reliability to deliver premium motorcycle apparel that riders can depend on.",,,https://relianmfg.com,HABIBPURA HAMZA GHOUS SIALKOT PUNJAB,,
REPSOL,,,,,,,,
RESTOM - ACSUD SACIM DISTRIBUTION,Pad. 9 - Stand I51,,,,,,,
REVENO INC,,,,,,,,
REVO,,,,,,,,
REVOLT - VOLTA MOTOR SAN. TIC. A.S.,Pad. 9 - Stand C71,,,,,,,
REVV - ACCESS MOTOR CO LTD,Pad. 11 - Stand H30,"Established in 2005 in Taiwan, Access Motor specializes in the development and manufacturing of high-quality off-road vehicles, including ATVs, SSVs, and performance-oriented Sportquads. With vertically integrated capabilities—from design and engineering to in-house engine and drive-train production—Access Motor delivers reliable, precisely built machines for both recreational and utility use. Our product range is designed to meet the diverse needs of riders worldwide, from versatile ATVs built for work and adventure, to dynamic sport quads recognized for their agility, styling, and responsive performance. Each model reflects our dedication to thoughtful design, durability, and the rider experience. Access Motor continues to expand its global presence through a commitment to quality, innovation, and long-term customer satisfaction. Established in 2005 in Taiwan, Access Motor specializes in the development and manufacturing of high-quality off-road vehicles, including ATVs, SSVs, and performance-oriented Sportquads. With vertically integrated capabilities—from design and engineering to in-house engine and drive-train production—Access Motor delivers reliable, precisely built machines for both recreational and utility use. Our product range is designed to meet the diverse needs of riders worldwide, from versatile ATVs built for work and adventure, to dynamic sport quads recognized for their agility, styling, and responsive performance. Each model reflects our dedication to thoughtful design, durability, and the rider experience. Access Motor continues to expand its global presence through a commitment to quality, innovation, and long-term customer satisfaction.",,,https://accessmotorglobal.com,"NO.288, GUANXIN RD., TAINAN CITY TAINAN",TAINAN CITY TAINAN,
REZON MOTORCYCLES S.R.O,"Pad. 10,9 - Stand A80,S82",,,,,,,
RHEON LABS LTD.,Pad. 18 - Stand D71,"RHEON allows you to Rethink Possible.​ ​ Solving what were once unsolvable problems without compromise…​ ​ How do you Develop body armour that is protective without compromising comfort? Build a helmet that absorbs impact without compromising comfort?​ ​ Every so often, a breakthrough material changes the game - RHEON™ is one of them. A next-generation super-polymer, RHEON™ doesn’t just exist - it adapts.​ ​ While conventional materials remain static, RHEON™ dynamically responds to movement and impact, absorbing energy and impact pushing the limits of performance without ever compromising on user comfort.​ ​ But we don’t stop there…by combining this cutting-edge material with a patented computational design process, we supercharge it - integrating athlete data, biomechanics, and real-world needs into game-changing solutions.​ ​ RHEON™ can take many forms. Injection-moulded and film versions are already improving athlete performance and consumer comfort across multiple sport categories, while a groundbreaking fibre and 3D printing powder are in advanced development.​ ​ RHEON™ isn’t just a material; our innovations are shaping the future. Redefining industry standards, empowering athletes, and unlocking a world where the impossible no longer exists. RHEON allows you to Rethink Possible.​ ​ Solving what were once unsolvable problems without compromise…​ ​ How do you Develop body armour that is protective without compromising comfort? Build a helmet that absorbs impact without compromising comfort?​ ​ Every so often, a breakthrough material changes the game - RHEON™ is one of them. A next-generation super-polymer, RHEON™ doesn’t just exist - it adapts.​ ​ While conventional materials remain static, RHEON™ dynamically responds to movement and impact, absorbing energy and impact pushing the limits of performance without ever compromising on user comfort.​ ​ But we don’t stop there…by combining this cutting-edge material with a patented computational design process, we supercharge it - integrating athlete data, biomechanics, and real-world needs into game-changing solutions.​ ​ RHEON™ can take many forms. Injection-moulded and film versions are already improving athlete performance and consumer comfort across multiple sport categories, while a groundbreaking fibre and 3D printing powder are in advanced development.​ ​ RHEON™ isn’t just a material; our innovations are shaping the future. Redefining industry standards, empowering athletes, and unlocking a world where the impossible no longer exists.",,,https://rheonlabs.com,1 BROUGHTON STREET BATTERSEA LONDON,,
"RHINOWALK - HANGZHOU TROMOX TECHNOLOGY CO., LTD",Pad. 18 - Stand E53,"Hangzhou Tromox Technology Co., Ltd. is a high-tech enterprise focusing on creating an intelligent e-mobility ecology. With independent R&D of the core technology, Tromox adheres to the green way of mobility. By adopting trendy design, we create intelligent electric motorcycles and travel peripheral products, to provide Tromox users with a passionate lifestyle. Hangzhou Tromox Technology Co., Ltd. is a high-tech enterprise focusing on creating an intelligent e-mobility ecology. With independent R&D of the core technology, Tromox adheres to the green way of mobility. By adopting trendy design, we create intelligent electric motorcycles and travel peripheral products, to provide Tromox users with a passionate lifestyle.",,,,"Room 606, Block A6, Cainiao Smart Valley, Yuhang, Hangzhou, Zhejiang HANGZHOU Zhejiang",Zhejiang HANGZHOU Zhejiang,
RICHA MKCMOTO,Pad. 10 - Stand E65,"Richa, 70 Years of Motorcycle Passion For over seven decades, Richa has been dedicated to one mission: creating motorcycle gear that combines safety, innovation, and comfort. What started with handcrafted leather gloves has grown into a globally recognized brand, trusted by riders in every corner of the world. By listening to the needs of motorcyclists and pushing technology forward every day, we deliver premium gear that ensures protection, style, and riding pleasure. With a strong dealer network in over 60 countries, outstanding service, and an unwavering focus on quality, Richa continues to set the standard for motorcycle clothing worldwide. Richa. Ride Unlimited. Richa, 70 Years of Motorcycle Passion For over seven decades, Richa has been dedicated to one mission: creating motorcycle gear that combines safety, innovation, and comfort. What started with handcrafted leather gloves has grown into a globally recognized brand, trusted by riders in every corner of the world. By listening to the needs of motorcyclists and pushing technology forward every day, we deliver premium gear that ensures protection, style, and riding pleasure. With a strong dealer network in over 60 countries, outstanding service, and an unwavering focus on quality, Richa continues to set the standard for motorcycle clothing worldwide. Richa. Ride Unlimited.",,,https://richa.eu,WESTERRING 27 OUDENAARDE OOST-VLAANDEREN,,
RIDE VISION LTD,,,,,,,,
RIDE VISION MIRRORS - RIDE VISION LTD,,,,,,,,
RIDER DOME - RIDERDOME,Pad. 4 - Stand T61,"RiderDome is a Singapore-headquartered deep-tech company revolutionizing motorcycle safety through AI-powered collision alert systems. Our advanced rider assistance technology (ARAS) leverages real-time computer vision and predictive analytics to detect potential hazards and provide timely warnings, significantly reducing accidents for two-wheeled vehicles. Compatible with any motorcycle type, RiderDome’s solution is designed for both individual riders and large fleets. We currently partner with leading global organizations—including Coca-Cola, Singapore Post, and major European fleets—to protect riders worldwide. With deployments across Asia, Europe, and Latin America, RiderDome is shaping the future of urban mobility by making motorcycling safer, smarter, and more sustainable. RiderDome is a Singapore-headquartered deep-tech company revolutionizing motorcycle safety through AI-powered collision alert systems. Our advanced rider assistance technology (ARAS) leverages real-time computer vision and predictive analytics to detect potential hazards and provide timely warnings, significantly reducing accidents for two-wheeled vehicles. Compatible with any motorcycle type, RiderDome’s solution is designed for both individual riders and large fleets. We currently partner with leading global organizations—including Coca-Cola, Singapore Post, and major European fleets—to protect riders worldwide. With deployments across Asia, Europe, and Latin America, RiderDome is shaping the future of urban mobility by making motorcycling safer, smarter, and more sustainable.",,,https://riderdome.com,20A TANJONG PAGAR RD. SINGAPORE SINGAPORE,,
RIDER HEALTHCARE,Pad. 7 - Stand Q48,,,,,,,
RIDERDOME,Pad. 4 - Stand T61,"RiderDome is a Singapore-headquartered deep-tech company revolutionizing motorcycle safety through AI-powered collision alert systems. Our advanced rider assistance technology (ARAS) leverages real-time computer vision and predictive analytics to detect potential hazards and provide timely warnings, significantly reducing accidents for two-wheeled vehicles. Compatible with any motorcycle type, RiderDome’s solution is designed for both individual riders and large fleets. We currently partner with leading global organizations—including Coca-Cola, Singapore Post, and major European fleets—to protect riders worldwide. With deployments across Asia, Europe, and Latin America, RiderDome is shaping the future of urban mobility by making motorcycling safer, smarter, and more sustainable. RiderDome is a Singapore-headquartered deep-tech company revolutionizing motorcycle safety through AI-powered collision alert systems. Our advanced rider assistance technology (ARAS) leverages real-time computer vision and predictive analytics to detect potential hazards and provide timely warnings, significantly reducing accidents for two-wheeled vehicles. Compatible with any motorcycle type, RiderDome’s solution is designed for both individual riders and large fleets. We currently partner with leading global organizations—including Coca-Cola, Singapore Post, and major European fleets—to protect riders worldwide. With deployments across Asia, Europe, and Latin America, RiderDome is shaping the future of urban mobility by making motorcycling safer, smarter, and more sustainable.",,,https://riderdome.com,20A TANJONG PAGAR RD. SINGAPORE SINGAPORE,,
RIDEWORX PTY LTD - BARKBUSTERS - FORBIKES SRL,,,,,,,,
RIDING CULTURE - THE ROKKER COMPANY AG.,Pad. 18 - Stand I57,,,,https://therokkercompany.com,INDUSTRIESTRASSE 64 WIDNAU ST. GALLEN,,
RIEJU S.A.,Pad. 9 - Stand C65,"RIEJU began by manufacturing bicycles and later evolved into the production of mopeds and motorcycles. Over 80 years later, it remains the only independent Spanish motorcycle manufacturer, true to its artisanal spirit and attention to detail. Today, RIEJU blends tradition and innovation across different segments, with a constant focus on quality, performance, and international growth. RIEJU began by manufacturing bicycles and later evolved into the production of mopeds and motorcycles. Over 80 years later, it remains the only independent Spanish motorcycle manufacturer, true to its artisanal spirit and attention to detail. Today, RIEJU blends tradition and innovation across different segments, with a constant focus on quality, performance, and international growth.",,,https://rieju.com,"CALLE BORRASSÀ, 41 FIGUERES GIRONA",41 FIGUERES GIRONA,
RIGHT ENERGY - INTENCE BIKES LLC,"Pad. 11 - Stand M26,E40","INTENCE BIKES LLC is a trading company dedicated to the Russian two-wheeler market. Deeply rooted in the local landscape, we leverage our extensive industry experience and robust resource network to provide Russian customers with a one-stop procurement service for a comprehensive range of two-wheeler products, including both whole vehicles and various accessories. From high-performance motorcycles to practical electric bicycles, and from critical components to exquisite accessories, we consistently deliver top-quality products and professional services to meet the diverse needs of Russian consumers. We are committed to becoming a leading enterprise in the Russian two-wheeler trading sector. INTENCE BIKES LLC is a trading company dedicated to the Russian two-wheeler market. Deeply rooted in the local landscape, we leverage our extensive industry experience and robust resource network to provide Russian customers with a one-stop procurement service for a comprehensive range of two-wheeler products, including both whole vehicles and various accessories. From high-performance motorcycles to practical electric bicycles, and from critical components to exquisite accessories, we consistently deliver top-quality products and professional services to meet the diverse needs of Russian consumers. We are committed to becoming a leading enterprise in the Russian two-wheeler trading sector.",,,,LENINSKIJ PROSPEKT D83 K2 KV5 MOSKVA MOSKVA,,
RIGHTWARE OY,,,,,,,,
"RILAX - LOOKING TECHNOLOGY CO.,LTD",,,,,,,,
RIMATEK S.R.L.,,,,,,,,
RINALDI S.A.,Pad. 9 - Stand S60,"Rinaldi began its operations in 1969 producing tire retreading materials and has since undergone significant transformations and expansions. In 1974, the company diversified its production with inner tubes for the automotive, transport, and industrial sectors. Starting in 1980, it began manufacturing tires and inner tubes for motorcycles, agricultural equipment, industrial (non-motorized) applications, and carts. With a change in ownership in 1990, Rinaldi started placing greater emphasis on employee training and the modernization of its production processes. In the following years, Rinaldi achieved INMETRO product accreditation and earned quality certifications such as ISO 9001:2015, investing in technology, quality control, and brand expansion in both domestic and international markets. Today, with an industrial area of 35,000 m² and approximately 800 employees, also present in more than 30 countries, the company manufactures tires and inner tubes for on-road and off-road motorcycles, scooters, mopeds, light agricultural tractors, carts, and non-motorized industrial applications, with a monthly production capacity of up to 350,000 tires and 220,000 inner tubes. Rinaldi began its operations in 1969 producing tire retreading materials and has since undergone significant transformations and expansions. In 1974, the company diversified its production with inner tubes for the automotive, transport, and industrial sectors. Starting in 1980, it began manufacturing tires and inner tubes for motorcycles, agricultural equipment, industrial (non-motorized) applications, and carts. With a change in ownership in 1990, Rinaldi started placing greater emphasis on employee training and the modernization of its production processes. In the following years, Rinaldi achieved INMETRO product accreditation and earned quality certifications such as ISO 9001:2015, investing in technology, quality control, and brand expansion in both domestic and international markets. Today, with an industrial area of 35,000 m² and approximately 800 employees, also present in more than 30 countries, the company manufactures tires and inner tubes for on-road and off-road motorcycles, scooters, mopeds, light agricultural tractors, carts, and non-motorized industrial applications, with a monthly production capacity of up to 350,000 tires and 220,000 inner tubes.",,,https://rinaldi.com.br,RUA LUIZ ALEGRETTI 193 BENTO GONÇALVES RIO GRANDE DO SUL,,
RINALDI TYRES - RINALDI S.A.,Pad. 9 - Stand S60,,,,,,,
RISEMOUSSE,Pad. 5 - Stand S50,"La nostra gamma di mousse è stata ideata, sperimentata e prodotta in serie, con un'attenzione particolare derivante dalla nostra lunga esperienza nel settore delle materie plastiche. Nel corso dei decenni, con l'evoluzione della tecnologia, delle materie plastiche e delle caratteristiche dei tecnopolimeri, che hanno trovato sempre più applicazioni nel mondo industriale, anche la nostra azienda si è evoluta. Cambiare, adattarsi ai tempi, essere all'avanguardia: queste sono sempre state le parole chiave del nostro approccio imprenditoriale. Un percorso duro e complesso, che ci ha permesso di acquisire autorevolezza e credibilità a livello internazionale nei segmenti di mercato in cui abbiamo deciso di operare. La nostra gamma di mousse è stata ideata, sperimentata e prodotta in serie, con un'attenzione particolare derivante dalla nostra lunga esperienza nel settore delle materie plastiche. Nel corso dei decenni, con l'evoluzione della tecnologia, delle materie plastiche e delle caratteristiche dei tecnopolimeri, che hanno trovato sempre più applicazioni nel mondo industriale, anche la nostra azienda si è evoluta. Cambiare, adattarsi ai tempi, essere all'avanguardia: queste sono sempre state le parole chiave del nostro approccio imprenditoriale. Un percorso duro e complesso, che ci ha permesso di acquisire autorevolezza e credibilità a livello internazionale nei segmenti di mercato in cui abbiamo deciso di operare.",,,https://risemousse.com,VIA GIORGIO JAN 16 MILANO MI,,
RK GLOBALS FZE,,,,,,,,
RK TAKASAGO CHAIN & EXCEL RIM,Pad. 5 - Stand A70,"RK Excel Group is a leading manufacturer of motorcycle drive chains (both sealed and non-sealed), drive and driven sprockets, aluminum rims, aluminum hubs, spokes, and nipples. We also offer assembled spoke wheels and tubeless solutions tailored to meet our customers' specific requirements. Our products are supplied to global OE manufacturers such as HONDA, YAMAHA, KAWASAKI, SUZUKI, TRIUMPH, STARK, BENELLI, CF MOTO, ZONTES, SURRON, ARCTIC LEOPARD, ROYAL ENFIELD, among others. Additionally, we actively serve replacement markets across Europe, North America, South America, Asia, Oceania, and South Africa. Guided by our commitment to excellence, “Being the Best is a Commitment” remains the core principle driving our innovation and operations. RK Excel Group is a leading manufacturer of motorcycle drive chains (both sealed and non-sealed), drive and driven sprockets, aluminum rims, aluminum hubs, spokes, and nipples. We also offer assembled spoke wheels and tubeless solutions tailored to meet our customers' specific requirements. Our products are supplied to global OE manufacturers such as HONDA, YAMAHA, KAWASAKI, SUZUKI, TRIUMPH, STARK, BENELLI, CF MOTO, ZONTES, SURRON, ARCTIC LEOPARD, ROYAL ENFIELD, among others. Additionally, we actively serve replacement markets across Europe, North America, South America, Asia, Oceania, and South Africa. Guided by our commitment to excellence, “Being the Best is a Commitment” remains the core principle driving our innovation and operations.",,,,"668, KABUTOYAMA, KUMAGAYA-CITY SAITAMA",KUMAGAYA-CITY SAITAMA,
RKS OTOMOTIV SANAYI TICARET ANONIM SIRKETI,"Pad. 18 - Stand E75,E79",,,,,,,
RMS S.P.A.,Pad. 10 - Stand H84,"Rendere la manutenzione delle due ruote facile e accessibile a tutti è la missione che guida ogni giorno la divisione moto di RMS. Attraverso un’attenta selezione di prodotti e servizi, ci impegniamo a offrire soluzioni affidabili per tutti i professionisti del settore: dal piccolo meccanico al ricambista specializzato. Con un catalogo che supera i 20.000 articoli e oltre 40.000 ordini gestiti ogni anno, RMS rappresenta un punto di riferimento solido e riconosciuto nel mondo dei ricambi aftermarket. A rafforzare la nostra identità ci sono cinque brand di proprietà, ciascuno pensato per rispondere a esigenze tecniche, estetiche e prestazionali specifiche, mantenendo sempre al centro l’accessibilità e l’innovazione. Rendere la manutenzione delle due ruote facile e accessibile a tutti è la missione che guida ogni giorno la divisione moto di RMS. Attraverso un’attenta selezione di prodotti e servizi, ci impegniamo a offrire soluzioni affidabili per tutti i professionisti del settore: dal piccolo meccanico al ricambista specializzato. Con un catalogo che supera i 20.000 articoli e oltre 40.000 ordini gestiti ogni anno, RMS rappresenta un punto di riferimento solido e riconosciuto nel mondo dei ricambi aftermarket. A rafforzare la nostra identità ci sono cinque brand di proprietà, ciascuno pensato per rispondere a esigenze tecniche, estetiche e prestazionali specifiche, mantenendo sempre al centro l’accessibilità e l’innovazione.",,,https://rms.it,VIA MACALLÈ 156 SEREGNO MI,,
ROBERT BOSCH GMBH,Pad. 18 - Stand E66,"Mobility is the largest Bosch Group business sector. It generated sales of 55.8 billion euros in 2024, and thus contributed around 62 percent of total sales. This makes the Bosch Group one of the leading mobility suppliers. Bosch Mobility pursues a vision of mobility that is safe, sustainable, and exciting. For its customers, the outcome is integrated mobility solutions. The business sector’s main areas of activity are electrification, software and services, semiconductors and sensors, vehicle computers, advanced driver assistance systems, systems for vehicle dynamics control, repair-shop concepts, as well as technology and services for the automotive aftermarket and fleets. Bosch is synonymous with important automotive innovations, such as electronic engine management, the ESP anti-skid system, and common-rail diesel technology. The Bosch Group is a leading global supplier of technology and services. It employs roughly 418,000 associates worldwide (as of December 31, 2024). The company generated sales of 90.3 billion euros in 2024. Its operations are divided into four business sectors: Mobility, Industrial Technology, Consumer Goods, and Energy and Building Technology. With its business activities, the company aims to use technology to help shape universal trends such as automation, electrification, digitalization, connectivity, and an orientation to sustainability. In this context, Bosch’s broad diversification across regions and industries strengthens its innovativeness and robustness. Bosch uses its proven expertise in sensor technology, software, and services to offer customers cross-domain solutions from a single source. It also applies its expertise in connectivity and artificial intelligence in order to develop and manufacture user-friendly, sustainable products. With technology that is “Invented for life,” Bosch wants to help improve quality of life and conserve natural resources. The Bosch Group comprises Robert Bosch GmbH and its roughly 490 subsidiary and regional companies in over 60 countries. Including sales and service partners, Bosch’s global manufacturing, engineering, and sales network covers nearly every country in the world. Bosch’s innovative strength is key to the company’s further development. At 136 locations across the globe, Bosch employs some 87,000 associates in research and development. Additional information is available online at www.bosch-press.com, www.bosch-mobility.com, www.bosch.com. Mobility is the largest Bosch Group business sector. It generated sales of 55.8 billion euros in 2024, and thus contributed around 62 percent of total sales. This makes the Bosch Group one of the leading mobility suppliers. Bosch Mobility pursues a vision of mobility that is safe, sustainable, and exciting. For its customers, the outcome is integrated mobility solutions. The business sector’s main areas of activity are electrification, software and services, semiconductors and sensors, vehicle computers, advanced driver assistance systems, systems for vehicle dynamics control, repair-shop concepts, as well as technology and services for the automotive aftermarket and fleets. Bosch is synonymous with important automotive innovations, such as electronic engine management, the ESP anti-skid system, and common-rail diesel technology. The Bosch Group is a leading global supplier of technology and services. It employs roughly 418,000 associates worldwide (as of December 31, 2024). The company generated sales of 90.3 billion euros in 2024. Its operations are divided into four business sectors: Mobility, Industrial Technology, Consumer Goods, and Energy and Building Technology. With its business activities, the company aims to use technology to help shape universal trends such as automation, electrification, digitalization, connectivity, and an orientation to sustainability. In this context, Bosch’s broad diversification across regions and industries strengthens its innovativeness and robustness. Bosch uses its proven expertise in sensor technology, software, and services to offer customers cross-domain solutions from a single source. It also applies its expertise in connectivity and artificial intelligence in order to develop and manufacture user-friendly, sustainable products. With technology that is “Invented for life,” Bosch wants to help improve quality of life and conserve natural resources. The Bosch Group comprises Robert Bosch GmbH and its roughly 490 subsidiary and regional companies in over 60 countries. Including sales and service partners, Bosch’s global manufacturing, engineering, and sales network covers nearly every country in the world. Bosch’s innovative strength is key to the company’s further development. At 136 locations across the globe, Bosch employs some 87,000 associates in research and development. Additional information is available online at www.bosch-press.com, www.bosch-mobility.com, www.bosch.com.",,,https://bosch-motorcycle.com,POSTFACH 106050 STUTTGART BADEN-WUERTTEMBERG,,
ROBIQA ENTERPRISES,Pad. 9 - Stand T88,"ROBIQA ENTERPRISES, ESTABLISHED IN 1992, SPECIALIZES IN MOTORCYCLE AND STREETWEAR APPAREL WITH A FOCUS ON SUSTAINABILITY, RELIABILITY, AND LONGEVITY. WITH DECADES OF EXPERIENCE IN THE MARKET, THE COMPANY AIMS TO PROVIDE CUSTOMERS WITH QUALITY APPAREL THAT ENHANCES PERFORMANCE AND ENSURES A CAREFREE RIDING EXPERIENCE. ROBIQA ENTERPRISES, ESTABLISHED IN 1992, SPECIALIZES IN MOTORCYCLE AND STREETWEAR APPAREL WITH A FOCUS ON SUSTAINABILITY, RELIABILITY, AND LONGEVITY. WITH DECADES OF EXPERIENCE IN THE MARKET, THE COMPANY AIMS TO PROVIDE CUSTOMERS WITH QUALITY APPAREL THAT ENHANCES PERFORMANCE AND ENSURES A CAREFREE RIDING EXPERIENCE.",,,https://robiqa.com,"KOT KHIZRI, 5TH K.M. G.T. RD WAZIRABAD PUNJUB",5TH K.M. G.T. RD WAZIRABAD PUNJUB,
ROKIT OFF - WIND TRADING S.R.L.,Pad. 14 - Stand E35,"For over 40 years, Wind Trading has grown to serve the needs of the motorcycle industry. Wind Trading is oriented in sales and trade marketing at an international level, operating on behalf of manufacturers within the industry, and it is also specialized in the development of its own brands. With years of business know-how in the motorcycle industry, Wind Trading has thousands of contacts that ensure a head start at identifying the best and most suitable distributors, wholesalers, online shops and dealer chains for the products/brand. With a matured participation in the racing world, Wind Trading is vividly committed to roadracing and off-road sponsorships for both in-house products and for those represented. For over 40 years, Wind Trading has grown to serve the needs of the motorcycle industry. Wind Trading is oriented in sales and trade marketing at an international level, operating on behalf of manufacturers within the industry, and it is also specialized in the development of its own brands. With years of business know-how in the motorcycle industry, Wind Trading has thousands of contacts that ensure a head start at identifying the best and most suitable distributors, wholesalers, online shops and dealer chains for the products/brand. With a matured participation in the racing world, Wind Trading is vividly committed to roadracing and off-road sponsorships for both in-house products and for those represented.",,,https://windtrading.it,VIA DISMANO 114/G RAVENNA RA,,
ROOF INTERNATIONAL,Pad. 18 - Stand C52,"Since 1993, 30 years of passion devoted to innovation has been the essence of the ROOF International company. ROOF is a designer, manufacturer and an international distributor of jet, full-face and modular helmets. Our French company’s revolutionary technical concepts stand out using original and innovative materials for its helmets’ design. ROOF’s philosophy seeks to provide biker’s high protection through up to date research and innovation for the user’s safety and pleasure. In 1993, Claude MORIN propelled his new brand ROOF by imposing on the market the very first motorcycle helmet equipped with both a pilot visor and a removable Mask that can be attached to the shell: the ROADSTER. Numerous bold innovating helmets with many patents have followed then. Especially the BOXER, the first helmet with 180° rotative chinbar and the RO200 CARBON, the world’s lightest full face helmet! Since 1993, 30 years of passion devoted to innovation has been the essence of the ROOF International company. ROOF is a designer, manufacturer and an international distributor of jet, full-face and modular helmets. Our French company’s revolutionary technical concepts stand out using original and innovative materials for its helmets’ design. ROOF’s philosophy seeks to provide biker’s high protection through up to date research and innovation for the user’s safety and pleasure. In 1993, Claude MORIN propelled his new brand ROOF by imposing on the market the very first motorcycle helmet equipped with both a pilot visor and a removable Mask that can be attached to the shell: the ROADSTER. Numerous bold innovating helmets with many patents have followed then. Especially the BOXER, the first helmet with 180° rotative chinbar and the RO200 CARBON, the world’s lightest full face helmet!",,,https://roof.fr,2463 ROUTE DE LA FENERIE PEGOMAS PACA,,
ROTOBOX D.O.O.,,,,,,,,
ROYAL ENFIELD (EICHERMOTORS LTD) LTD,Pad. 5 - Stand I80,,,,https://royalenfield.com,GRAFICO 96 SETTORE 32 GURGHON GU,,
"ROYAL FORMOSA TIGER IND. CO., LTD. - TAIWAN TRANSPORTATION VEHICLE MANUFACTURERS ASS.",,,,,,,,
"RUI'AN OUHAO AUTO & MOTORCYCLE PARTS CO., LTD - SINOLIGHT INTERNATIONAL HOLDINGS CORPORATION (CLETC)","Pad. 14,4,6,9,7 - Stand C05,C08,E60,E64,E72,E76,I10,S85,U29,U30,E54,G61,S70,S68,S74,S76,S80,Q64,P82,E53,R64,I14,T94,C81,C87,A84,B87,A90,E55,S59",,,,,,,
"RUIAN HAOYI AUTOMOBILE & MOTORCYCLE PARTS CO., LTD. - HI-LIGHTING INT'L EXHIBITION BEIJING CO. LTD","Pad. 4,9 - Stand I56,I60,I66,T80,S86",,,,https://hi-lighting.com,"12B07 BUILDING A U-SPACE, NO.8 GUANGQUMENWAI STREET CHAOYANG CHINA",NO.8 GUANGQUMENWAI STREET CHAOYANG CHINA,
"RUIAN JIAXIONG AUTOMOBILE AND MOTORCYCLE PARTS CO.,LTD. - HI-LIGHTING INT'L EXHIBITION BEIJING CO. LTD",Pad. 18 - Stand H58,,,,,,,
"RUIAN JIAXIONG AUTOMOBILE AND MOTORCYCLE PARTS CO.,LTD. - SINOLIGHT INTERNATIONAL HOLDINGS CORPORATION (CLETC)",Pad. 18 - Stand H58,,,,,,,
"RUIAN RENGUANG AUTO&MOTORCYCLE PARTS CO.,LTD. - SINOLIGHT INTERNATIONAL HOLDINGS CORPORATION (CLETC)","Pad. 14,4,6,9,7 - Stand C05,C08,E60,E64,E72,E76,I10,S85,U29,U30,E54,G61,S70,S68,S74,S76,S80,Q64,P82,E53,R64,I14,T94,C81,C87,A84,B87,A90,E55,S59",,,,https://cletc.com,SINOLIGHT PLAZA NO.4 WANG JING CHAOYANG DISTRICT BEIJING BEIJING,,
"RUIAN XIANGTAI AUTO PARTS CO., LTD. - BRØDRESKIFT TECH AS",Pad. 18 - Stand H58,,,,https://brodreskifttech.top,BERGERVEIEN 26 ASKER VIKEN,,
"RUIAN XINDE FRICTION MATERIAL CO., LTD. - HI-LIGHTING INT'L EXHIBITION BEIJING CO. LTD","Pad. 4,9 - Stand I56,I60,I66,T80,S86",,,,https://hi-lighting.com,"12B07 BUILDING A U-SPACE, NO.8 GUANGQUMENWAI STREET CHAOYANG CHINA",NO.8 GUANGQUMENWAI STREET CHAOYANG CHINA,
"RUIAN YONGFEI FRICTION MATERIAL CO., LTD - SINOLIGHT INTERNATIONAL HOLDINGS CORPORATION (CLETC)","Pad. 14,4,6,9,7 - Stand C05,C08,E60,E64,E72,E76,I10,S85,U29,U30,E54,G61,S70,S68,S74,S76,S80,Q64,P82,E53,R64,I14,T94,C81,C87,A84,B87,A90,E55,S59",,,,,,,
"RUIAN YU-BANG IMP & EXP TRADING CO., LTD - SINOLIGHT INTERNATIONAL HOLDINGS CORPORATION (CLETC)","Pad. 14,4,6,9,7 - Stand C05,C08,E60,E64,E72,E76,I10,S85,U29,U30,E54,G61,S70,S68,S74,S76,S80,Q64,P82,E53,R64,I14,T94,C81,C87,A84,B87,A90,E55,S59",,,,https://cletc.com,SINOLIGHT PLAZA NO.4 WANG JING CHAOYANG DISTRICT BEIJING BEIJING,,
"RUNIX - OMEXEY ENTERPRISE CO., LTD.",Pad. 9 - Stand O83,,,,,,,
RXR PROTECT,,,,,,,,
RYO RACING WEAR ENTERPRISE CO. LTD,Pad. 9 - Stand N88,,,,,,,
S.S.BAJWA & SONS,,,,,,,,
S2 CONCEPT,Pad. 9 - Stand R62,"S2 Concept est une équipe de 11 personnes , plus de 3000 professionnels en France et dans le monde , produits sont exportés dans plus de 23 pays . Nous créons et fabriquons des pièces motos de route et de compétition moto . Nous sommes spécialisés dans le carénage de piste , les commandes reculées , les poignées passager etc ... Fin 2019 nous créont une nouvelle structure , USINAGE CONCEPT , installée dans les mêmes locaux cette société est prête à répondre à toutes les demandes de fabrication , fraisage , tournage , tôlerie , pliage , impression 3D , du prototypage au projet sur mesure de petites , moyennes séries en aluminium , acier , inox , titane et tous les plastiques usinables. Nous élargissons le domaine de la moto et déjà nous sommes reconnus dans le bateau , le médical , l'auto, le bâtiment. Equipée de machines dernière génération avec un tour Hwacheon CNC 4 axes , avec broches axiales et radiales permet de transformer toutes pièces cylindriques simple et complexes. Le centre usinage ROBODRILL 4 axes positionné à pilotage Fanuc permet des capacités d'usinage énormes et variables . Cette nouvelle structure nous permet de rester en autonomie pour S2 Concept et de fabriquer sur place les kits de fixation pour nos éléments , certaines pièces comme : les commandes reculées , les poignées passager , les pontets ....proposer du vrai made in France est un vrai challenge et désormais avec les savoir faire des 2 sociétés le challenge a un sens. S2 Concept est une équipe de 11 personnes , plus de 3000 professionnels en France et dans le monde , produits sont exportés dans plus de 23 pays . Nous créons et fabriquons des pièces motos de route et de compétition moto . Nous sommes spécialisés dans le carénage de piste , les commandes reculées , les poignées passager etc ... Fin 2019 nous créont une nouvelle structure , USINAGE CONCEPT , installée dans les mêmes locaux cette société est prête à répondre à toutes les demandes de fabrication , fraisage , tournage , tôlerie , pliage , impression 3D , du prototypage au projet sur mesure de petites , moyennes séries en aluminium , acier , inox , titane et tous les plastiques usinables. Nous élargissons le domaine de la moto et déjà nous sommes reconnus dans le bateau , le médical , l'auto, le bâtiment. Equipée de machines dernière génération avec un tour Hwacheon CNC 4 axes , avec broches axiales et radiales permet de transformer toutes pièces cylindriques simple et complexes. Le centre usinage ROBODRILL 4 axes positionné à pilotage Fanuc permet des capacités d'usinage énormes et variables . Cette nouvelle structure nous permet de rester en autonomie pour S2 Concept et de fabriquer sur place les kits de fixation pour nos éléments , certaines pièces comme : les commandes reculées , les poignées passager , les pontets ....proposer du vrai made in France est un vrai challenge et désormais avec les savoir faire des 2 sociétés le challenge a un sens.",,,https://s2-concept.com,146 CHEMIN ST EXUPERY ZONE ARTISANALE DE L'OREILLE AUBAIS OCCITANIE,,
SAB - SINOLIGHT INTERNATIONAL HOLDINGS CORPORATION (CLETC),"Pad. 14,4,6,9,7 - Stand C05,C08,E60,E64,E72,E76,I10,S85,U29,U30,E54,G61,S70,S68,S74,S76,S80,Q64,P82,E53,R64,I14,T94,C81,C87,A84,B87,A90,E55,S59",,,,https://cletc.com,SINOLIGHT PLAZA NO.4 WANG JING CHAOYANG DISTRICT BEIJING BEIJING,,
"SAFE BRAKES - NINGBO SAFE BRAKES SYSTEMS CO.,LTD.","Pad. 4 - Stand M56,M60,M64,M70,M55,O61",,,,,,,
"SAFETY CONTROL CABLE IND. CO., LTD. - IMPORTERS & EXPORTERS ASSOCIATION OF TAIPEI",,,,,,,,
SAHI STAR,Pad. 5 - Stand T53,"SAHI STAR is a well-established manufacturer of high-quality motorbike clothing, proudly serving the industry for over 40 years. With a strong focus on rider safety and performance, we produce a full range of CE-approved products including jackets, pants, gloves, and boots. Our long-standing experience, commitment to innovation, and dedication to quality have made SAHI STAR a trusted name among riders and distributors worldwide. SAHI STAR is a well-established manufacturer of high-quality motorbike clothing, proudly serving the industry for over 40 years. With a strong focus on rider safety and performance, we produce a full range of CE-approved products including jackets, pants, gloves, and boots. Our long-standing experience, commitment to innovation, and dedication to quality have made SAHI STAR a trusted name among riders and distributors worldwide.",,,https://sahistar.biz,"DEFECE LINK PASRUR ROAD, NEW HAMZA GHOUSE SIALKOT PUNJAB",NEW HAMZA GHOUSE SIALKOT PUNJAB,
SALIMUSA SPORTS - TDAP,,,,,,,,
SAMAUTO SPA,Pad. 7 - Stand Q48,"La Samauto è nata nel 1984 con l'esigenza di creare un punto di riferimento strategicamente importante nella distribuzione di batterie per autoveicoli. Dal 1994 la società ha intrapreso la commercializzazione anche delle batterie per motocicli, ed anche in questo settore ha raggiunto prestigiosi traguardi in termini di quota di mercato, sia a livello Italia sia anche sul mercato estero, arrivando a toccare oltre 1.500.000 di pezzi venduti nell'anno 2005, ai quali si aggiungono oltre 350.000 pezzi venduti nello stesso anno per il prodotto batteria auto e camion. In Italia il nostro prodotto per motociclo è noto al grande pubblico con il marchio Unibat, marchio che dal 2005 ha ricevuto un grande riconoscimento, entrando come primo impianto su moto prestigiose come BENELLI, BETA, MOTO MORINI, HM, MALAGUTI E DUCATI. Samauto was born in 1984 with the target of becoming an important and tactical referent of the distribution of car batteries. In 1994 started distributing also motorcycle batteries achieving important goals on the domestic market and abroad. In 2005 it sold more than 1,5million pieces of motorcycle batteries and more than 300.000 pieces of car and truck batteries. Its product is known on the national market with Unibat brand and in 2005 this brand got a big success entering in big and prestigious OEM since the batteries are actually installed as first equipement on BENELLI, BETA,MOTO MORINI, HM, MALAGUTI E DUCATI. Furhtermore the new computer system stll manage all accounting, marketing and stocking data in the most efficient and well organized way. La Samauto è nata nel 1984 con l'esigenza di creare un punto di riferimento strategicamente importante nella distribuzione di batterie per autoveicoli. Dal 1994 la società ha intrapreso la commercializzazione anche delle batterie per motocicli, ed anche in questo settore ha raggiunto prestigiosi traguardi in termini di quota di mercato, sia a livello Italia sia anche sul mercato estero, arrivando a toccare oltre 1.500.000 di pezzi venduti nell'anno 2005, ai quali si aggiungono oltre 350.000 pezzi venduti nello stesso anno per il prodotto batteria auto e camion. In Italia il nostro prodotto per motociclo è noto al grande pubblico con il marchio Unibat, marchio che dal 2005 ha ricevuto un grande riconoscimento, entrando come primo impianto su moto prestigiose come BENELLI, BETA, MOTO MORINI, HM, MALAGUTI E DUCATI. Samauto was born in 1984 with the target of becoming an important and tactical referent of the distribution of car batteries. In 1994 started distributing also motorcycle batteries achieving important goals on the domestic market and abroad. In 2005 it sold more than 1,5million pieces of motorcycle batteries and more than 300.000 pieces of car and truck batteries. Its product is known on the national market with Unibat brand and in 2005 this brand got a big success entering in big and prestigious OEM since the batteries are actually installed as first equipement on BENELLI, BETA,MOTO MORINI, HM, MALAGUTI E DUCATI. Furhtermore the new computer system stll manage all accounting, marketing and stocking data in the most efficient and well organized way.",,1.500.000,https://samauto.it,VIA L. LAROCCA 5 BARI BA,,
SAMTEX TECHNOLOGY,,,,,,,,
"SAN YAKOS ENTERPRISE CO., LTD - IMPORTERS & EXPORTERS ASSOCIATION OF TAIPEI",,,,,,,,
SANWA MOTORCYCLE CO.,,,,,,,,
SANYANG MOTOR CO.,Pad. 11 - Stand G48,"SANYANG MOTOR CO., LTD. established in 1954, cooperating with Honda, Japan at the first place. After 60 years of development, SANYANG stepping out to overseas market. Currently, the production centers are located in Taiwan, China, and Vietnam. Also set up their subsidiaries in China, Italy, and Germany. Having comprehensive developing technology in two wheelers industry, SANYANG produces multiple products in SYM brand - moped, scooter, bike and cub, selling to 90 countries all over the world with high praise. SANYANG MOTOR CO., LTD. established in 1954, cooperating with Honda, Japan at the first place. After 60 years of development, SANYANG stepping out to overseas market. Currently, the production centers are located in Taiwan, China, and Vietnam. Also set up their subsidiaries in China, Italy, and Germany. Having comprehensive developing technology in two wheelers industry, SANYANG produces multiple products in SYM brand - moped, scooter, bike and cub, selling to 90 countries all over the world with high praise.",,,,3 CHUNG HUA RD HUKOU HSINCHU,,
SANYOU - YIBEN MOTOR,"Pad. 11 - Stand S25,T34",,,,,,,
SARING SP. Z O.O,Pad. 10 - Stand C56,"Saring Sp. z o.o. is a professional two wheeler trading company in Poland. Our main products include bicycles, motorcycles, as well as various accessories and equipment. Saring Sp. z o.o. is a professional two wheeler trading company in Poland. Our main products include bicycles, motorcycles, as well as various accessories and equipment.",,,https://saring.com.pl,"AL. JANA PAWLA II 27, 00-867 WARSZAWA WARSZAWA",00-867 WARSZAWA WARSZAWA,
SBA BROTHERS,,,,,,,,
SBS FRICTION A/S,Pad. 5 - Stand M70,"SBS Friction - also known as SBS Brakes or in plain, SBS - is the preferred OE and aftermarket supplier of brake pads and friction solutions for motorcycles, scooters, ATV/UTVs, special cars, and industrial applications, including wind turbines. Our product portfolio also includes brake discs, clutch kits, brake shoes, brake shims, and more. SBS Friction has as an industry-first, received full approval according to the ECE R90 regulation, providing riders the most reliable quality in terms of design, manufacturing, and performance. Furthermore, SBS brake pads are reinforced with NUCAP NRS technology, which secures a mechanical and indestructible bonding of the compound. SBS Friction is your reliable brake part supplier when you seek braking excellence. Go Ahead - we have the power to stop you! Visit https://www.sbsbrakes.com/ SBS Friction - also known as SBS Brakes or in plain, SBS - is the preferred OE and aftermarket supplier of brake pads and friction solutions for motorcycles, scooters, ATV/UTVs, special cars, and industrial applications, including wind turbines. Our product portfolio also includes brake discs, clutch kits, brake shoes, brake shims, and more. SBS Friction has as an industry-first, received full approval according to the ECE R90 regulation, providing riders the most reliable quality in terms of design, manufacturing, and performance. Furthermore, SBS brake pads are reinforced with NUCAP NRS technology, which secures a mechanical and indestructible bonding of the compound. SBS Friction is your reliable brake part supplier when you seek braking excellence. Go Ahead - we have the power to stop you! Visit https://www.sbsbrakes.com/",,,,KUOPIOVEJ 11 SVENDBORG FYN,,
SCAPIN - BETTELLA S.R.L.,Pad. 9 - Stand E52,,,,,,,
SCHUBERTH GMBH,Pad. 5 - Stand G90,"SCHUBERTH Helmets represent the pinnacle of German engineering, blending a rich heritage of over 70 years with cutting-edge innovation and precision manufacturing. Proudly crafted in Germany, SCHUBERTH has set the global standard for premium modular and touring helmets, trusted by riders who demand uncompromising safety, comfort, and performance. From pioneering aerodynamic advancements in their in-house wind tunnel to integrating intelligent communication systems, every helmet is a fusion of technology and craftsmanship. SCHUBERTH's commitment to excellence has made it the choice of discerning motorcyclists worldwide - where every detail is designed to enhance the riding experience. SCHUBERTH Helmets represent the pinnacle of German engineering, blending a rich heritage of over 70 years with cutting-edge innovation and precision manufacturing. Proudly crafted in Germany, SCHUBERTH has set the global standard for premium modular and touring helmets, trusted by riders who demand uncompromising safety, comfort, and performance. From pioneering aerodynamic advancements in their in-house wind tunnel to integrating intelligent communication systems, every helmet is a fusion of technology and craftsmanship. SCHUBERTH's commitment to excellence has made it the choice of discerning motorcyclists worldwide - where every detail is designed to enhance the riding experience.",,,https://schuberth.com,STEGELITZER STR. 12 MAGDEBURG,,
"SCIWIL E-MOBILITY TECHNOLOGY CO., LTD. - IMPORTERS & EXPORTERS ASSOCIATION OF TAIPEI",,,,,,,,
SCORPION SPORTS EUROPE,Pad. 18 - Stand E60,,,,https://scorpionsports.eu,5 RUE GUTENBERG ZA DU RIED HOERDT ALSACE,,
SEATYLOCK USA LLC,,,,,,,,
SEBAC AMMORTIZZATORI - HITECH CARBONE SRL,Pad. 11 - Stand G31,,,,,,,
SEFO SRL,,,,,,,,
SEG AUTOMOTIVE GERMANY GMBH,,,,,,,,
"SEGWAY TECHNOLOGY CO., LTD.",Pad. 18 - Stand A74,"Segway was founded in the U.S in 1999. In 2015, Segway strategically merged with Ninebot, and Segway Powersports was established in 2018. Segway Powersports is a wholly-owned subsidiary of Ninebot. Our factory is occupying an area of 83,200 square meters, with a total investment of 1 billion yuan, approximately 14 million dollors. We specialize in the research and development, production, sales and service of all-terrain vehicles. Till now, we have launched products including ATV, UTV and SSV series, such as AT5, AT6, Villain SX10, UT10, UT10 Crew and Super Villain. Segway was founded in the U.S in 1999. In 2015, Segway strategically merged with Ninebot, and Segway Powersports was established in 2018. Segway Powersports is a wholly-owned subsidiary of Ninebot. Our factory is occupying an area of 83,200 square meters, with a total investment of 1 billion yuan, approximately 14 million dollors. We specialize in the research and development, production, sales and service of all-terrain vehicles. Till now, we have launched products including ATV, UTV and SSV series, such as AT5, AT6, Villain SX10, UT10, UT10 Crew and Super Villain.",,,https://powersports.segway.com,"395 XIACHENGNAN ROAD, NATIONAL HIGH-TECH INDUSTRY DEVELOPMENT ZONE, CHANGZHOU JIANGSU",CHANGZHOU JIANGSU,
SENA EUROPE GMBH,Pad. 7 - Stand I32,"Founded in 1998, SENA is a global leader in innovative communication systems, offering advanced connectivity solutions for adventure enthusiasts and professionals. SENA pushes the boundaries of technology with a range of products—from motorcycle helmets to communication systems for outdoor sports and industrial environments. Our products integrate cutting-edge technologies such as Bluetooth 5.0 and Mesh Intercom™, ensuring superior user experiences in terms of safety and performance. Whether on the road, in the mountains, or at sea, SENA accompanies its users wherever adventure takes them. Founded in 1998, SENA is a global leader in innovative communication systems, offering advanced connectivity solutions for adventure enthusiasts and professionals. SENA pushes the boundaries of technology with a range of products—from motorcycle helmets to communication systems for outdoor sports and industrial environments. Our products integrate cutting-edge technologies such as Bluetooth 5.0 and Mesh Intercom™, ensuring superior user experiences in terms of safety and performance. Whether on the road, in the mountains, or at sea, SENA accompanies its users wherever adventure takes them.",,,https://sena.com,PAUL-HENRI-SPAAK-STR. 22 COLOGNE RENANIA NORD WESTFALIA,,
SENLING - ZHEJIANG BENOD AUTOMOBILE MANUFACTURING CO. LTD.,,,,,,,,
SENUO - YIBEN MOTOR,"Pad. 11 - Stand S25,T34",,,,,,,
SF SPRINT FILTER - SIA SPRINTFILTER LATVIA,,,,,,,,
SHAD,Pad. 10 - Stand E70,"SHAD brand is part of the NAD industrial group, founded in 1973 in Barcelona (Spain). With more than 50 years of experience, NAD SL has become a leading seats and cases Original Equipment Manufacturer for the Motorcycle Industry. SHAD has presence in more than 80 countries, and our motorcycle cases are globally recognized as the most design-awarded with patents such as the unique eXpandable case for the Aftermarket. We are strongly committed to Innovation, Design and Quality as a basis to keep on delivering the best product to our customers. #EngineeredForRiding SHAD brand is part of the NAD industrial group, founded in 1973 in Barcelona (Spain). With more than 50 years of experience, NAD SL has become a leading seats and cases Original Equipment Manufacturer for the Motorcycle Industry. SHAD has presence in more than 80 countries, and our motorcycle cases are globally recognized as the most design-awarded with patents such as the unique eXpandable case for the Aftermarket. We are strongly committed to Innovation, Design and Quality as a basis to keep on delivering the best product to our customers. #EngineeredForRiding",,,https://shad.es,"OCTAVE LECANTE, 2-6 MOLLET DEL VALLES CATALUNYA",2-6 MOLLET DEL VALLES CATALUNYA,
SHAFI GROUP OF INDUSTRIES - TDAP,,,,,,,,
SHAMSHER IMPEX,,,,,,,,
"SHANDONG BUS INTERNATIONAL TRADE CO, LTD.",,,,,,,,
"SHANDONG JINGPIN ELECTRIC VEHICLE TECHNOLOGY CO., LTD.",,,,,,,,
"SHANDONG JUNCHENG METAL TECHNOLOGY CO., LTD - SINOLIGHT INTERNATIONAL HOLDINGS CORPORATION (CLETC)","Pad. 14,4,6,9,7 - Stand C05,C08,E60,E64,E72,E76,I10,S85,U29,U30,E54,G61,S70,S68,S74,S76,S80,Q64,P82,E53,R64,I14,T94,C81,C87,A84,B87,A90,E55,S59",,,,https://cletc.com,SINOLIGHT PLAZA NO.4 WANG JING CHAOYANG DISTRICT BEIJING BEIJING,,
"SHANDONG LONG-DISTANCE BONTU NEW ENERGY VEHICLE CO.,LTD. - ITB AUTO SRL",Pad. 7 - Stand Q30,,,,,,,
"SHANG HAI KING TECH CO.,LTD - SINOLIGHT INTERNATIONAL HOLDINGS CORPORATION (CLETC)","Pad. 14,4,6,9,7 - Stand C05,C08,E60,E64,E72,E76,I10,S85,U29,U30,E54,G61,S70,S68,S74,S76,S80,Q64,P82,E53,R64,I14,T94,C81,C87,A84,B87,A90,E55,S59",,,,,,,
"SHANGHAI SINYIM PRINTING CO.,LTD - SINOLIGHT INTERNATIONAL HOLDINGS CORPORATION (CLETC)","Pad. 14,4,6,9,7 - Stand C05,C08,E60,E64,E72,E76,I10,S85,U29,U30,E54,G61,S70,S68,S74,S76,S80,Q64,P82,E53,R64,I14,T94,C81,C87,A84,B87,A90,E55,S59",,,,https://cletc.com,SINOLIGHT PLAZA NO.4 WANG JING CHAOYANG DISTRICT BEIJING BEIJING,,
"SHANGHAI HALUO PUHUI TECHNOLOGY CO.,LTD - CCCME",,,,,,,,
SHANGHAI HEHUI SAFETY PRODUCTS MANUFACTURE CO.,,,,,,,,
SHANGHAI HEHUI SAFETY PRODUCTS MANUFACTURE CO.,,,,,,,,
"SHANGHAI MIDIYA NEW MATERIAL TECHNOLOGY CO., LTD - SINOLIGHT INTERNATIONAL HOLDINGS CORPORATION (CLETC)","Pad. 14,4,6,9,7 - Stand C05,C08,E60,E64,E72,E76,I10,S85,U29,U30,E54,G61,S70,S68,S74,S76,S80,Q64,P82,E53,R64,I14,T94,C81,C87,A84,B87,A90,E55,S59",,,,https://cletc.com,SINOLIGHT PLAZA NO.4 WANG JING CHAOYANG DISTRICT BEIJING BEIJING,,
"SHANGHAI NACHEE IMP.&EXP.CO.,LTD - SINOLIGHT INTERNATIONAL HOLDINGS CORPORATION (CLETC)","Pad. 4 - Stand M56,M60,M64,M70,M55,O61",,,,,,,
"SHANGHAI PUYUE SPORT GOODS CO.,LTD. - SARING SP. Z O.O",Pad. 10 - Stand C56,"Saring Sp. z o.o. is a professional two wheeler trading company in Poland. Our main products include bicycles, motorcycles, as well as various accessories and equipment. Saring Sp. z o.o. is a professional two wheeler trading company in Poland. Our main products include bicycles, motorcycles, as well as various accessories and equipment.",,,https://saring.com.pl,"AL. JANA PAWLA II 27, 00-867 WARSZAWA WARSZAWA",00-867 WARSZAWA WARSZAWA,
"SHANGHAI PYTES ENERGY CO., LTD.",,,,,,,,
"SHANGHAI YIZHAN INTELLIGENT TECHNOLOGY CO., LTD. - CCCME",,,,,,,,
"SHANGHAI YUANBEN INDUSTRIAL DESIGN CO., LTD. - CCCME",,,,,,,,
SHANGXIA - CCCME,,,,,,,,
"SHANSHAN - KUNSHAN SHANSHAN ELECTRONIC SCIENCE-TECHNOLOGY CO.,LTD.",Pad. 7 - Stand A26,,,,,,,
SHARK S.A.,Pad. 9 - Stand I54,"SHARK Helmets has been committed to competition and innovation since its inception. SHARK designs helmets that consistently exceed standards, ensuring the highest levels of safety and performance. SHARK has become the world leader in the design and manufacture of helmets for two-wheeler riders. SHARK Helmets has been committed to competition and innovation since its inception. SHARK designs helmets that consistently exceed standards, ensuring the highest levels of safety and performance. SHARK has become the world leader in the design and manufacture of helmets for two-wheeler riders.",,,https://shark-helmets.com,110 ROUTE DE LA VALENTINE MARSEILLE PACA,,
SHEIKH OF SIALKOT (PVT) LTD.,Pad. 9 - Stand U74,"Sheikh of Sialkot (Pvt) Ltd. is a family-owned enterprise with over four decades of of craftsmanship in premium leather and performance apparel. Founded in 1981, the company produces a full range of leather and textile motorcycle apparel and footwear, from protective jackets and trousers in high-tenacity nylon (e.g. Cordura®) and softshell fabrics to premium leather garments and footwear. With an LWG Gold-rated tannery in-house, Sheikh of Sialkot controls every stage of production, ensuring consistent quality, sustainability, and performance for riders and leading brands worldwide. Sheikh of Sialkot (Pvt) Ltd. is a family-owned enterprise with over four decades of of craftsmanship in premium leather and performance apparel. Founded in 1981, the company produces a full range of leather and textile motorcycle apparel and footwear, from protective jackets and trousers in high-tenacity nylon (e.g. Cordura®) and softshell fabrics to premium leather garments and footwear. With an LWG Gold-rated tannery in-house, Sheikh of Sialkot controls every stage of production, ensuring consistent quality, sustainability, and performance for riders and leading brands worldwide.",,,https://sheikhofsialkot.com,"9 K.M. ADDHA, DASKA ROAD SIALKOT PUNJAB",DASKA ROAD SIALKOT PUNJAB,
SHENG HE YUAN KFT,,,,,,,,
"SHENZHEN ASMAX INFINITE TECHNOLOGY CO., LTD.",Pad. 9 - Stand O84,"Shenzhen Asmax Infinite Technology Co., Ltd.is an outdoor sports communication service provider serving global customers, with R&D centers in Shenzhen, Shanghai, Hangzhou, Chengdu, Chongqing, etc. It has been cultivating in the professional fields of outdoor communication, integrated circuits, sensors, software and hardware R&D of smart devices and algorithms for more than 20 years, and is committed to building a perfect outdoor sports intelligent IOT ecosystem with the power of science and technology to bring users with personalized Intelligent services. Shenzhen Asmax Infinite Technology Co., Ltd.is an outdoor sports communication service provider serving global customers, with R&D centers in Shenzhen, Shanghai, Hangzhou, Chengdu, Chongqing, etc. It has been cultivating in the professional fields of outdoor communication, integrated circuits, sensors, software and hardware R&D of smart devices and algorithms for more than 20 years, and is committed to building a perfect outdoor sports intelligent IOT ecosystem with the power of science and technology to bring users with personalized Intelligent services.",,,https://asmax.net,"Room 803 Building B4, Kexing Science Park, No.15 Keyuan Road, Nanshan District SHENZHEN GUANGDONG",Nanshan District SHENZHEN GUANGDONG,
"SHENZHEN ATNEN TECH CO., LTD",Pad. 11 - Stand U12,"Since its establishment in 2014,ATNEN has always adhered to aprofessional and dedicated attitude and is committed to providing high-end charging solutions for the majority of users ATNEN always adheres to product quality first and user experience as the core. The products produced by the company have been certified by IS09001,GS, UL,CB, CE,SAA, PSE and other authoritative organizations, and the quality is guaranteed. The sales network covers all parts of the country and more than 20 countries and regions around the world.With its excellent quality, excellent service and good reputation, ATNEN has won unanimous praise from our customers. Since its establishment in 2014,ATNEN has always adhered to aprofessional and dedicated attitude and is committed to providing high-end charging solutions for the majority of users ATNEN always adheres to product quality first and user experience as the core. The products produced by the company have been certified by IS09001,GS, UL,CB, CE,SAA, PSE and other authoritative organizations, and the quality is guaranteed. The sales network covers all parts of the country and more than 20 countries and regions around the world.With its excellent quality, excellent service and good reputation, ATNEN has won unanimous praise from our customers.",,,https://szatnen.com,GUANHU SHENZHEN GUANGDONG,,
"SHENZHEN ATS ELECTRONICS TECHNOLOGY CO., LTD. - INTENCE BIKES LLC","Pad. 11 - Stand M26,E40","INTENCE BIKES LLC is a trading company dedicated to the Russian two-wheeler market. Deeply rooted in the local landscape, we leverage our extensive industry experience and robust resource network to provide Russian customers with a one-stop procurement service for a comprehensive range of two-wheeler products, including both whole vehicles and various accessories. From high-performance motorcycles to practical electric bicycles, and from critical components to exquisite accessories, we consistently deliver top-quality products and professional services to meet the diverse needs of Russian consumers. We are committed to becoming a leading enterprise in the Russian two-wheeler trading sector. INTENCE BIKES LLC is a trading company dedicated to the Russian two-wheeler market. Deeply rooted in the local landscape, we leverage our extensive industry experience and robust resource network to provide Russian customers with a one-stop procurement service for a comprehensive range of two-wheeler products, including both whole vehicles and various accessories. From high-performance motorcycles to practical electric bicycles, and from critical components to exquisite accessories, we consistently deliver top-quality products and professional services to meet the diverse needs of Russian consumers. We are committed to becoming a leading enterprise in the Russian two-wheeler trading sector.",,,,LENINSKIJ PROSPEKT D83 K2 KV5 MOSKVA MOSKVA,,
"SHENZHEN BAK POWER BATTERY CO.,LTD. - CCCME",Pad. 4 - Stand O82,"established in 2001 with a registered capital of 660 million yuan. It is a high-tech enterprise integrating the research and development, production and sales of lithium-ion battery cells. With a daily production capacity of 1.5 million lithium batteries, it is one of the world's largest professional lithium battery manufacturers and ranks fifth in China's cylindrical lithium battery shipments in 2024. The products include cylindrical batteries, prismatic batteries and polymer batteries. The application fields cover electric two-wheelers, cleaning appliances, power tools, and consumer electronics. established in 2001 with a registered capital of 660 million yuan. It is a high-tech enterprise integrating the research and development, production and sales of lithium-ion battery cells. With a daily production capacity of 1.5 million lithium batteries, it is one of the world's largest professional lithium battery manufacturers and ranks fifth in China's cylindrical lithium battery shipments in 2024. The products include cylindrical batteries, prismatic batteries and polymer batteries. The application fields cover electric two-wheelers, cleaning appliances, power tools, and consumer electronics.",,,https://bakpower.com,"BAK INDUSTRY PARK,KUIYONG TOWN, SHENZHEN GUANGDONG",SHENZHEN GUANGDONG,
"SHENZHEN BAK POWER BATTERY CO.,LTD. - WUXI XIAODAO ELECTRIC SCIENCE AND TECHNOLOGY INC",Pad. 4 - Stand O82,"established in 2001 with a registered capital of 660 million yuan. It is a high-tech enterprise integrating the research and development, production and sales of lithium-ion battery cells. With a daily production capacity of 1.5 million lithium batteries, it is one of the world's largest professional lithium battery manufacturers and ranks fifth in China's cylindrical lithium battery shipments in 2024. The products include cylindrical batteries, prismatic batteries and polymer batteries. The application fields cover electric two-wheelers, cleaning appliances, power tools, and consumer electronics. established in 2001 with a registered capital of 660 million yuan. It is a high-tech enterprise integrating the research and development, production and sales of lithium-ion battery cells. With a daily production capacity of 1.5 million lithium batteries, it is one of the world's largest professional lithium battery manufacturers and ranks fifth in China's cylindrical lithium battery shipments in 2024. The products include cylindrical batteries, prismatic batteries and polymer batteries. The application fields cover electric two-wheelers, cleaning appliances, power tools, and consumer electronics.",,,https://bakpower.com,"BAK INDUSTRY PARK,KUIYONG TOWN, SHENZHEN GUANGDONG",SHENZHEN GUANGDONG,
"SHENZHEN CITY XINGYAODA TECHNOLOGY CO., LIMITED - VALUEDSHOW (SHAGNHAI) MANAGEMENT LLC",,,,,,,,
"SHENZHEN CLOUD-ALLIES SMART CONTROL CO., LTD. - CHUANGJI EXHIBITION",,,,,,,,
"SHENZHEN EJEAS INTELLIGENT TECHNOLOGY CO., LTD.","Pad. 14,4,6,9,7 - Stand C05,C08,E60,E64,E72,E76,I10,S85,U29,U30,E54,G61,S70,S68,S74,S76,S80,Q64,P82,E53,R64,I14,T94,C81,C87,A84,B87,A90,E55,S59",,,,,,,
"SHENZHEN GONGCHUANG CHEN TECHNOLOGY CO., LTD.",,,,,,,,
"SHENZHEN HOBBYWING TECHNOLOGY CO., LTD",,,,,,,,
"SHENZHEN INVEER DIGITAL CO., LTD. - NINGBO HILEY TECHNOLOGY CO.,LTD",Pad. 7 - Stand S27,"Since 2016, Hiley Mobility has been redefining the ride. From R&D to manufacturing, we build electric scooters that blend sleek design, solid safety, and everyday performance—for the city riders of today and tomorrow. Since 2016, Hiley Mobility has been redefining the ride. From R&D to manufacturing, we build electric scooters that blend sleek design, solid safety, and everyday performance—for the city riders of today and tomorrow.",,,https://hileymobility.com,"Building 4, No. 518, Binhai 3 Road, Hangzhou Bay New District NINGBO ZHEJIANG",Hangzhou Bay New District NINGBO ZHEJIANG,
"SHENZHEN JADO TECHNOLOGY CO., LTD. - SHENZHEN XIANKE SUPPLY MANAGEMENT CO., LTD.",,,,,,,,
"SHENZHEN JADO TECHNOLOGY CO., LTD. - SINOLIGHT INTERNATIONAL HOLDINGS CORPORATION (CLETC)","Pad. 14,4,6,9,7 - Stand C05,C08,E60,E64,E72,E76,I10,S85,U29,U30,E54,G61,S70,S68,S74,S76,S80,Q64,P82,E53,R64,I14,T94,C81,C87,A84,B87,A90,E55,S59",,,,https://cletc.com,SINOLIGHT PLAZA NO.4 WANG JING CHAOYANG DISTRICT BEIJING BEIJING,,
"SHENZHEN JINGAOS INDUSTRIAL CO., LTD.",,,,,,,,
"SHENZHEN LOBOO MOTOR ACCESSORIES CO., LTD",Pad. 11 - Stand Q08,"SHENZHEN LOBOO MOTOR ACCESSORIES CO., LTD is a manufacturing enterprise focusing on the market of long-distance travel products for motorcycles. The company integrates R&D, production, brand promotion, sales, and motorcycle travel culture research. The company’s R&D team has accumulated rich experience and technology in the application of various materials such as hardware, electronics, plastics, and fabrics in motorcycle travel products through years of dedication. In addition to the main motorcycle aluminum alloy boxes and peripheral supporting products, it is also committed to the research of electronic modification parts around motorcycles, body protection parts, and personal wearable equipment. SHENZHEN LOBOO MOTOR ACCESSORIES CO., LTD is a manufacturing enterprise focusing on the market of long-distance travel products for motorcycles. The company integrates R&D, production, brand promotion, sales, and motorcycle travel culture research. The company’s R&D team has accumulated rich experience and technology in the application of various materials such as hardware, electronics, plastics, and fabrics in motorcycle travel products through years of dedication. In addition to the main motorcycle aluminum alloy boxes and peripheral supporting products, it is also committed to the research of electronic modification parts around motorcycles, body protection parts, and personal wearable equipment.",,,https://loboo.com,"No. 30-10 Laiyin Road, Xinsheng Community, Longgang Street SHENZHEN GUANGDONG",Longgang Street SHENZHEN GUANGDONG,
"SHENZHEN MEGMEET ELECTRICAL CO., LTD. - ZHEJIANG BENOD AUTOMOBILE MANUFACTURING CO. LTD.",,,,,,,,
"SHENZHEN MEIZHIYING ELECTRONICS CO., LTD - SINOLIGHT INTERNATIONAL HOLDINGS CORPORATION (CLETC)","Pad. 14,4,6,9,7 - Stand C05,C08,E60,E64,E72,E76,I10,S85,U29,U30,E54,G61,S70,S68,S74,S76,S80,Q64,P82,E53,R64,I14,T94,C81,C87,A84,B87,A90,E55,S59",,,,https://cletc.com,SINOLIGHT PLAZA NO.4 WANG JING CHAOYANG DISTRICT BEIJING BEIJING,,
"SHENZHEN MUSHENG TECHNOLOGY CO.,LTD.",,,,,,,,
"SHENZHEN RIDING ROBOT TECH CO., LTD. - SICHUAN LIYANG INDUSTRY CO.,LTD",Pad. 4 - Stand A80,,,,,,,
"SHENZHEN RYDER ELECTRONICS CO., LTD. - CHUANGJI EXHIBITION",,,,,,,,
"SHENZHEN SHENLAN ELECTRIC APPLIANCE CO ., LTD - SINOLIGHT INTERNATIONAL HOLDINGS CORPORATION (CLETC)","Pad. 14,4,6,9,7 - Stand C05,C08,E60,E64,E72,E76,I10,S85,U29,U30,E54,G61,S70,S68,S74,S76,S80,Q64,P82,E53,R64,I14,T94,C81,C87,A84,B87,A90,E55,S59",,,,https://cletc.com,SINOLIGHT PLAZA NO.4 WANG JING CHAOYANG DISTRICT BEIJING BEIJING,,
"SHENZHEN SHI JIAN CHUANG ELECTRONICS CO., LTD - SINOLIGHT INTERNATIONAL HOLDINGS CORPORATION (CLETC)","Pad. 14,4,6,9,7 - Stand C05,C08,E60,E64,E72,E76,I10,S85,U29,U30,E54,G61,S70,S68,S74,S76,S80,Q64,P82,E53,R64,I14,T94,C81,C87,A84,B87,A90,E55,S59",,,,https://cletc.com,SINOLIGHT PLAZA NO.4 WANG JING CHAOYANG DISTRICT BEIJING BEIJING,,
"SHENZHEN VENTUS TECHNOLOGY CO.,LTD - HI-LIGHTING INT'L EXHIBITION BEIJING CO. LTD","Pad. 4,9 - Stand I56,I60,I66,T80,S86",,,,https://hi-lighting.com,"12B07 BUILDING A U-SPACE, NO.8 GUANGQUMENWAI STREET CHAOYANG CHINA",NO.8 GUANGQUMENWAI STREET CHAOYANG CHINA,
"SHENZHEN XIANKE SUPPLY MANAGEMENT CO., LTD.",,,,,,,,
"SHENZHEN XINGTU LANYUE TECHNOLOGY CO., LTD.",,,,,,,,
"SHENZHEN YIXI TECHNOLOGY CO.,LTD - SINOLIGHT INTERNATIONAL HOLDINGS CORPORATION (CLETC)","Pad. 14,4,6,9,7 - Stand C05,C08,E60,E64,E72,E76,I10,S85,U29,U30,E54,G61,S70,S68,S74,S76,S80,Q64,P82,E53,R64,I14,T94,C81,C87,A84,B87,A90,E55,S59",,,,,,,
"SHENZHEN YUANDA SPORTS EQUIPMENT CO., LTD. - HI-LIGHTING INT'L EXHIBITION BEIJING CO. LTD",Pad. 9 - Stand T80,,,,,,,
"SHENZHEN YULAI ELECTRONIC COMMERCE CO.,LTD - SINOLIGHT INTERNATIONAL HOLDINGS CORPORATION (CLETC)","Pad. 14,4,6,9,7 - Stand C05,C08,E60,E64,E72,E76,I10,S85,U29,U30,E54,G61,S70,S68,S74,S76,S80,Q64,P82,E53,R64,I14,T94,C81,C87,A84,B87,A90,E55,S59",,,,https://cletc.com,SINOLIGHT PLAZA NO.4 WANG JING CHAOYANG DISTRICT BEIJING BEIJING,,
"SHENZHEN ZIWU CHUANGXIN TECHNOLOGY CO., LTD. - SICHUAN LIYANG INDUSTRY CO.,LTD",Pad. 4 - Stand N81,"RESO FOCUSES ON THE SMART TECHNOLOGY SECTOR AND IS COMMITTED TO CREATING HIGH-QUALITY PRODUCTS FOR OUTDOOR ENTHUSIASTS. ITS RESO PILOT PRO BLUETOOTH HEADSET IS SPECIALLY DESIGNED FOR CYCLING SCENARIOS. IT ADOPTS THE WORLD'S PIONEERING DUOSYNC DUAL-FREQUENCY HYBRID MESH TECHNOLOGY, ACHIEVING AN ULTRA-LOW LATENCY OF 150MS TO ENSURE SMOOTH CONVERSATIONS. EQUIPPED WITH AN SOS COLLISION ALERT FUNCTION, AS WELL AS A BUILT-IN GPS CHIP AND GYROSCOPE, IT SAFEGUARDS CYCLING SAFETY AT ALL TIMES. RESO FOCUSES ON THE SMART TECHNOLOGY SECTOR AND IS COMMITTED TO CREATING HIGH-QUALITY PRODUCTS FOR OUTDOOR ENTHUSIASTS. ITS RESO PILOT PRO BLUETOOTH HEADSET IS SPECIALLY DESIGNED FOR CYCLING SCENARIOS. IT ADOPTS THE WORLD'S PIONEERING DUOSYNC DUAL-FREQUENCY HYBRID MESH TECHNOLOGY, ACHIEVING AN ULTRA-LOW LATENCY OF 150MS TO ENSURE SMOOTH CONVERSATIONS. EQUIPPED WITH AN SOS COLLISION ALERT FUNCTION, AS WELL AS A BUILT-IN GPS CHIP AND GYROSCOPE, IT SAFEGUARDS CYCLING SAFETY AT ALL TIMES.",,,,"ROOM 1105-131B, QIANHAI XIANGBIN BUILDING, NO. 18, FREE TRADE WEST STREET, NANSHAN SUBDISTRICT, QIANHAI SHENZHEN-HONG KONG COOPERATION ZONE, SHENZHEN. SHENZHEN GUANGDONG",SHENZHEN. SHENZHEN GUANGDONG,
SHERCO SARL,Pad. 18 - Stand E70,"SHERCO is a French company, the leading motorbike manufacturer in France. The company was created in 1998 by Marc Teissier and Andreu Codina, both former trial riders. The head office and the motorbike production unit are located in Nîmes (30). SHERCO manufactures Trial and Enduro bikes. It is currently a range of more than 25 vehicles and 15,000 motorbikes are currently produced each year on the Gard site. The company is present throughout the world on 5 continents, in more than 74 countries and works with more than 1100 sales outlets. The company employs over 150 people in France. It is a team of enthusiasts who work every day with know-how and expertise to write the most beautiful pages of the motorbike. SHERCO is involved in the World Enduro, Extreme Enduro, Rally Raid and Trial championships. Since 1998, it has already won more than 10 world championship titles in all categories. And the adventure is not about to end there! SHERCO is a French company, the leading motorbike manufacturer in France. The company was created in 1998 by Marc Teissier and Andreu Codina, both former trial riders. The head office and the motorbike production unit are located in Nîmes (30). SHERCO manufactures Trial and Enduro bikes. It is currently a range of more than 25 vehicles and 15,000 motorbikes are currently produced each year on the Gard site. The company is present throughout the world on 5 continents, in more than 74 countries and works with more than 1100 sales outlets. The company employs over 150 people in France. It is a team of enthusiasts who work every day with know-how and expertise to write the most beautiful pages of the motorbike. SHERCO is involved in the World Enduro, Extreme Enduro, Rally Raid and Trial championships. Since 1998, it has already won more than 10 world championship titles in all categories. And the adventure is not about to end there!",,,https://sherco.com,927 AVENUE JOLIOT CURIE NÎMES GARD,,
SHIELDMOTO - SOLEHRE,Pad. 18 - Stand H72,,,,,,,
"SHIH JENG INDUSTRIAL CO., LTD - SPRING TRADE CO., LTD.",,,,,,,,
"SHIH YEH INDUSTRY CO., LTD. - IMPORTERS & EXPORTERS ASSOCIATION OF TAIPEI",,,,,,,,
"SHIMA TECHNOLOGY (GUANGDONG) CO. , LTD.",Pad. 4 - Stand Q57,"Shima Technology (Guangdong) Co., Ltd. is committed to the design, development and manufacture of motorcycle mobile phone holders, walkie-talkie holders, water cup holders and motorcycle charging systems. ""SMNU十玛"" is already an important domestic motorcycle bracket brand. Based on the concept of making it convenient for motorcycle partner to travel, the company has developed a variety of motorcycle holder related products and obtained nearly 60 related patents. The company's products have been recognized by many well-known domestic motorcycle brands and have reached close strategic cooperation relationship to design and produce relevant bracket products for various brands. Shima Technology (Guangdong) Co., Ltd. is committed to the design, development and manufacture of motorcycle mobile phone holders, walkie-talkie holders, water cup holders and motorcycle charging systems. ""SMNU十玛"" is already an important domestic motorcycle bracket brand. Based on the concept of making it convenient for motorcycle partner to travel, the company has developed a variety of motorcycle holder related products and obtained nearly 60 related patents. The company's products have been recognized by many well-known domestic motorcycle brands and have reached close strategic cooperation relationship to design and produce relevant bracket products for various brands.",,,,"Room 701, Unit 1, Building 6, Gaoxin Chuangzhi City, No.233 Jinou Road, ianghai District, Jiangmen City JIANGMEN GUANGDONG",Jiangmen City JIANGMEN GUANGDONG,
"SHINE LUX ENTERPRISE CO., LTD. - IMPORTERS & EXPORTERS ASSOCIATION OF TAIPEI",,,,,,,,
SHINIL SPORTS INC(POWERTECTOR),Pad. 18 - Stand C75,,,,,,,
SHINWIN - YIBEN MOTOR,"Pad. 11 - Stand S25,T34",,,,,,,
SHOEI DISTRIBUTION GMBH,Pad. 6 - Stand F40,,,,https://shoei-europe.com,ELISABETH-SELBERT-STR. 13 LANGENFELD NRW,,
SHOWA - ASTEMO LTD.,Pad. 5 - Stand A54,,,,,,,
SIA SPRINTFILTER LATVIA,,,,,,,,
SICHUAN CHUANNAN ABSORBER GROUP LIMITED - CHINA ELECTRIC TWO-WHEELERS ASSOCIATION,Pad. 4 - Stand N86,"● Sichuan Chuannan Shock Absorber Group Co., Ltd. was established in 1972, began to develop shock absorbers in 1984, and took the lead in developing China’s first hydraulic spring composite motorcycle shock absorber in 1986. It has developed into a collection of R&D, production, It is an enterprise group specialized in producing shock absorbers for motorcycles, electric vehicles and automobiles. Honda purchases the only shock absorber supplier in China. ●Main products: various types of motorcycles, electric vehicles and automobile shock absorbers, about 2500 models, covering motorcycles, curved beam vehicles, scooters, off-road vehicles, racing, ATVs, electric vehicles, cars, SUVs, MPVs, Various series of shock absorbers such as trucks are the most comprehensive production enterprise group in the industry. ● Honor: Won the ""National Consumer Satisfaction Product"", the ""Advanced Quality Award"" of Wuyang Honda, ""Excellent Supplier"" and the ""Excellent Supplier"" of Sundiro Honda, and excellent suppliers of other OEMs. ●Main customers: Honda global procurement (including Honda Japan, Honda Indonesia, Honda Thailand. Honda Malaysia, Philippine-Honda,Honda Italy and other overseas Honda factories), Wuyang Honda, Sundiro Honda, Haojue Suzuki, Peugeot, Qianjiang, Loncin, Tayo , Yadea, Emma, Chery, etc., and have been exported to more than 40 countries and regions. ● Sichuan Chuannan Shock Absorber Group Co., Ltd. was established in 1972, began to develop shock absorbers in 1984, and took the lead in developing China’s first hydraulic spring composite motorcycle shock absorber in 1986. It has developed into a collection of R&D, production, It is an enterprise group specialized in producing shock absorbers for motorcycles, electric vehicles and automobiles. Honda purchases the only shock absorber supplier in China. ●Main products: various types of motorcycles, electric vehicles and automobile shock absorbers, about 2500 models, covering motorcycles, curved beam vehicles, scooters, off-road vehicles, racing, ATVs, electric vehicles, cars, SUVs, MPVs, Various series of shock absorbers such as trucks are the most comprehensive production enterprise group in the industry. ● Honor: Won the ""National Consumer Satisfaction Product"", the ""Advanced Quality Award"" of Wuyang Honda, ""Excellent Supplier"" and the ""Excellent Supplier"" of Sundiro Honda, and excellent suppliers of other OEMs. ●Main customers: Honda global procurement (including Honda Japan, Honda Indonesia, Honda Thailand. Honda Malaysia, Philippine-Honda,Honda Italy and other overseas Honda factories), Wuyang Honda, Sundiro Honda, Haojue Suzuki, Peugeot, Qianjiang, Loncin, Tayo , Yadea, Emma, Chery, etc., and have been exported to more than 40 countries and regions.",,,https://cnabsorber.cn,"Group 9,Tonggao Village,Yujin Town,Qianwei County,Leshan City,Sichuan,China Leshan Sichuan",China Leshan Sichuan,
"SICHUAN JNNA MACHINERY CO., LTD. - CHUANGJI EXHIBITION",,,,,,,,
"SICHUAN LIYANG INDUSTRY CO.,LTD",Pad. 4 - Stand A80,,,,,,,
"SICHUAN LIYANG INDUSTRY CO.,LTD - CCCME",Pad. 4 - Stand A80,,,,,,,
"SICHUAN RUIQI XIANG AUTOMOTIVE SHOCK ABSORBER CO., LTD. - CHUANGJI EXHIBITION",,,,,,,,
"SICHUAN YUANXING RUBBER CO., LTD. - YADEA TECHNOLOGY GROUP CO.,LTD",Pad. 11 - Stand M06,"Yadea (01585.HK) is the world's leading electric two-wheeler brand, with the product mainly covering electric motorcycles, electric mopeds, electric bicycles, electric tricycles, electric kick scooters, graphene lead-acid batteries, and sodium-ion batteries, along with their components and accessories. Headquartered in Wuxi, Jiangsu, Yadea operates 9 global production and R&D bases, spanning Jiangsu, Tianjin, Zhejiang, Guangdong, Chongqing, and Anhui, as well as overseas facilities in Vietnam, Indonesia and Thailand. Yadea’s products are sold in over 100 countries, with a retail network exceeding 40,000 stores worldwide. The company holds over 2,000 patents and boasts 3 national CNAS-certified laboratories, 6 technology research centers, and a national-level industrial design center. Yadea has also made groundbreaking advancements in the independent development of battery, motor, and electronic control technologies. Yadea is committed to its mission of ""Providing a wonderful journey for global users."" Yadea continuously delivers innovative, user-centric products and services by focusing on short- and medium-distance mobility. The company strives to make commuting more convenient and enjoyable, enhance people’s happiness, and contribute to a greener and more sustainable future, ensuring that users worldwide can experience the joy of electric mobility. Yadea (01585.HK) is the world's leading electric two-wheeler brand, with the product mainly covering electric motorcycles, electric mopeds, electric bicycles, electric tricycles, electric kick scooters, graphene lead-acid batteries, and sodium-ion batteries, along with their components and accessories. Headquartered in Wuxi, Jiangsu, Yadea operates 9 global production and R&D bases, spanning Jiangsu, Tianjin, Zhejiang, Guangdong, Chongqing, and Anhui, as well as overseas facilities in Vietnam, Indonesia and Thailand. Yadea’s products are sold in over 100 countries, with a retail network exceeding 40,000 stores worldwide. The company holds over 2,000 patents and boasts 3 national CNAS-certified laboratories, 6 technology research centers, and a national-level industrial design center. Yadea has also made groundbreaking advancements in the independent development of battery, motor, and electronic control technologies. Yadea is committed to its mission of ""Providing a wonderful journey for global users."" Yadea continuously delivers innovative, user-centric products and services by focusing on short- and medium-distance mobility. The company strives to make commuting more convenient and enjoyable, enhance people’s happiness, and contribute to a greener and more sustainable future, ensuring that users worldwide can experience the joy of electric mobility.",,,https://yadea.com,NO.515 XISHAN ROAD ANZHEN TOWN XISHAN DISTRICT WUXI JIANGSU,,
SIDI SPORT S.R.L.,Pad. 14 - Stand G49,"Founded in 1960 in Maser (TV), Italy, Sidi is a company specializing in the production and sale of cycling and motorcycling footwear, used by top professional athletes and enthusiasts worldwide. Known for its dedication to quality and technological innovation, Sidi operates in over 70 countries, helping people continuously enhance their potential by offering products that stand the test of time while combining performance, comfort, and cutting-edge design. A philosophy summed up by the company’s tagline, ""Made to Progress."" Founded in 1960 in Maser (TV), Italy, Sidi is a company specializing in the production and sale of cycling and motorcycling footwear, used by top professional athletes and enthusiasts worldwide. Known for its dedication to quality and technological innovation, Sidi operates in over 70 countries, helping people continuously enhance their potential by offering products that stand the test of time while combining performance, comfort, and cutting-edge design. A philosophy summed up by the company’s tagline, ""Made to Progress.""",,,https://sidi.com,VIA DEI RIZZI 2/A MASER TV,,
SIEBENROCK GMBH,,,,,,,,
SIENNA GROUP CORP. - IMPORTERS & EXPORTERS ASSOCIATION OF TAIPEI,,,,,,,,
SIFAM ITALIA S.R.L.,Pad. 5 - Stand C73,"L'ESPERTO DELLE DUE RUOTE DAL 1994 Fondato nel 1994 da Pierre MANUEL, il suo attuale presidente, il Gruppo SIFAM progetta e distribuisce un'ampia gamma di prodotti tecnici e attrezzature dedicati ai motociclisti. Azienda familiare con un DNA fortemente orientato all'innovazione, SIFAM si afferma oggi come un attore di riferimento in Europa, grazie alle sue competenze nello sviluppo prodotti, logistica e digitalizzazione. L'ESPERTO DELLE DUE RUOTE DAL 1994 Fondato nel 1994 da Pierre MANUEL, il suo attuale presidente, il Gruppo SIFAM progetta e distribuisce un'ampia gamma di prodotti tecnici e attrezzature dedicati ai motociclisti. Azienda familiare con un DNA fortemente orientato all'innovazione, SIFAM si afferma oggi come un attore di riferimento in Europa, grazie alle sue competenze nello sviluppo prodotti, logistica e digitalizzazione.",,,https://sifam.it,CORSO ITALIA 43 LEGNANO MI,,
SIGMA SHOES (PVT) LTD,,,,,,,,
SILENCE,Pad. 14 - Stand I36,,,,https://silence.eco,"CARRER CORCEGA, 293 BARCELONA BARCELONA",293 BARCELONA BARCELONA,
SIMMOTO OTOMOTIV SAN.TIC.LTD.STI,,,,,,,,
SINOLIGHT INTERNATIONAL HOLDINGS CORPORATION (CLETC),"Pad. 14,4,6,9,7 - Stand C05,C08,E60,E64,E72,E76,I10,S85,U29,U30,E54,G61,S70,S68,S74,S76,S80,Q64,P82,E53,R64,I14,T94,C81,C87,A84,B87,A90,E55,S59",,,,https://cletc.com,SINOLIGHT PLAZA NO.4 WANG JING CHAOYANG DISTRICT BEIJING BEIJING,,
SITIS - INTENCE BIKES LLC,"Pad. 11 - Stand M26,E40","INTENCE BIKES LLC is a trading company dedicated to the Russian two-wheeler market. Deeply rooted in the local landscape, we leverage our extensive industry experience and robust resource network to provide Russian customers with a one-stop procurement service for a comprehensive range of two-wheeler products, including both whole vehicles and various accessories. From high-performance motorcycles to practical electric bicycles, and from critical components to exquisite accessories, we consistently deliver top-quality products and professional services to meet the diverse needs of Russian consumers. We are committed to becoming a leading enterprise in the Russian two-wheeler trading sector. INTENCE BIKES LLC is a trading company dedicated to the Russian two-wheeler market. Deeply rooted in the local landscape, we leverage our extensive industry experience and robust resource network to provide Russian customers with a one-stop procurement service for a comprehensive range of two-wheeler products, including both whole vehicles and various accessories. From high-performance motorcycles to practical electric bicycles, and from critical components to exquisite accessories, we consistently deliver top-quality products and professional services to meet the diverse needs of Russian consumers. We are committed to becoming a leading enterprise in the Russian two-wheeler trading sector.",,,,LENINSKIJ PROSPEKT D83 K2 KV5 MOSKVA MOSKVA,,
SITO - LEOVINCE,Pad. 14 - Stand G40,"La storia del marchio LeoVince inizia nel 1954 a Torino, Italia. Inizialmente la produzione era specializzata nelle marmitte di ricambio per motociclette 2 tempi e 4 tempi; questi prodotti sono ancora oggi conosciuti e sono commercializzati con i marchi Sito e Sito Plus. Nel corso degli anni, la produzione è cresciuta, estendendo la gamma a sistemi di scarico speciali per moto da strada, fuoristrada e scooter, conosciuta in tutto il mondo con il marchio LeoVince. Molti Team in MotoGP, Superbike, Motocross ed Enduro e molte squadre impegnate nelle più importanti competizioni nazionali ed internazionali hanno utilizzato scarichi LeoVince. Questa esperienza ha portato i tecnici del reparto ricerca e sviluppo LeoVince alla progettazione della gamma attuale di sistemi di scarico ed all’utilizzo di materiali sofisticati come il titanio e fibra di carbonio nella produzione. Nel febbraio 2014 Belgrove Sp. z o.o. ha acquisito tutti i marchi, il completo reparto R&D, l'intera organizzazione produttiva e la struttura di Sito Gruppo Industriale S.p.A., riavviando la produzione e la distribuzione dei prodotti a livello mondiale con i marchi LeoVince, Sito e Sito Plus. La storia del marchio LeoVince inizia nel 1954 a Torino, Italia. Inizialmente la produzione era specializzata nelle marmitte di ricambio per motociclette 2 tempi e 4 tempi; questi prodotti sono ancora oggi conosciuti e sono commercializzati con i marchi Sito e Sito Plus. Nel corso degli anni, la produzione è cresciuta, estendendo la gamma a sistemi di scarico speciali per moto da strada, fuoristrada e scooter, conosciuta in tutto il mondo con il marchio LeoVince. Molti Team in MotoGP, Superbike, Motocross ed Enduro e molte squadre impegnate nelle più importanti competizioni nazionali ed internazionali hanno utilizzato scarichi LeoVince. Questa esperienza ha portato i tecnici del reparto ricerca e sviluppo LeoVince alla progettazione della gamma attuale di sistemi di scarico ed all’utilizzo di materiali sofisticati come il titanio e fibra di carbonio nella produzione. Nel febbraio 2014 Belgrove Sp. z o.o. ha acquisito tutti i marchi, il completo reparto R&D, l'intera organizzazione produttiva e la struttura di Sito Gruppo Industriale S.p.A., riavviando la produzione e la distribuzione dei prodotti a livello mondiale con i marchi LeoVince, Sito e Sito Plus.",,,https://leovince.com,"UL. PULAWSKA, 2B VARSAVIA MASOVIA",2B VARSAVIA MASOVIA,
SITTA S.R.L. - RIMATEK S.R.L.,,,,,,,,
SKA-P - CGMITALIA S.R.L.,Pad. 10 - Stand G79,"Eccellenza italiana nel mondo dei caschi Nata nel cuore della Campania nel 2004, CGMITALIA si è affermata in pochi anni come uno dei principali attori nel panorama internazionale dei caschi e accessori per moto. La nostra storia è una storia di passione, innovazione e impegno costante per la qualità. La nostra missione: Garantire la massima sicurezza e comfort ai motociclisti di tutto il mondo, offrendo prodotti innovativi dal design distintivo. La nostra forza: • Ricerca e sviluppo: Investiamo costantemente in ricerca e sviluppo per creare prodotti che anticipino le tendenze del mercato e soddisfino le esigenze dei motociclisti più esigenti. Ogni casco è frutto di studi approfonditi sull'aerodinamica, sulla ventilazione e sull'assorbimento degli impatti, per garantire le massime prestazioni in termini di sicurezza e comfort. • Produzione efficiente: La produzione è interamente realizzata in stabilimenti all'avanguardia in Estremo Oriente, sotto il rigoroso controllo dei nostri tecnici italiani. Questo ci permette di garantire un elevato standard qualitativo a costi competitivi, senza mai compromettere la sicurezza e la qualità dei nostri prodotti. • Distribuzione capillare: Siamo presenti nei principali mercati europei, in Medio Oriente e in Nord Africa, grazie a una rete di distributori selezionati e a una logistica efficiente. • Design italiano: Il nostro team di designers, composto da esperti del settore, crea caschi unici, che combinano stile e funzionalità. Il design italiano è un elemento distintivo di tutti i nostri prodotti, che si contraddistinguono per linee pulite, colori accattivanti e finiture di alta qualità. Eccellenza italiana nel mondo dei caschi Nata nel cuore della Campania nel 2004, CGMITALIA si è affermata in pochi anni come uno dei principali attori nel panorama internazionale dei caschi e accessori per moto. La nostra storia è una storia di passione, innovazione e impegno costante per la qualità. La nostra missione: Garantire la massima sicurezza e comfort ai motociclisti di tutto il mondo, offrendo prodotti innovativi dal design distintivo. La nostra forza: • Ricerca e sviluppo: Investiamo costantemente in ricerca e sviluppo per creare prodotti che anticipino le tendenze del mercato e soddisfino le esigenze dei motociclisti più esigenti. Ogni casco è frutto di studi approfonditi sull'aerodinamica, sulla ventilazione e sull'assorbimento degli impatti, per garantire le massime prestazioni in termini di sicurezza e comfort. • Produzione efficiente: La produzione è interamente realizzata in stabilimenti all'avanguardia in Estremo Oriente, sotto il rigoroso controllo dei nostri tecnici italiani. Questo ci permette di garantire un elevato standard qualitativo a costi competitivi, senza mai compromettere la sicurezza e la qualità dei nostri prodotti. • Distribuzione capillare: Siamo presenti nei principali mercati europei, in Medio Oriente e in Nord Africa, grazie a una rete di distributori selezionati e a una logistica efficiente. • Design italiano: Il nostro team di designers, composto da esperti del settore, crea caschi unici, che combinano stile e funzionalità. Il design italiano è un elemento distintivo di tutti i nostri prodotti, che si contraddistinguono per linee pulite, colori accattivanti e finiture di alta qualità.",,,https://cgmitalia.net,ZONA INDUSTRIALE AVERSA NORD GRICIGNANO DI AVERSA CE,,
SKF INDUSTRIE SPA - MANDELLI SRL,Pad. 10 - Stand C80,,,,,,,
SKY II REVENGE - AUTOFANTASY SRL - LANTU LTD,,,,,,,,
"SKYRICH - HANGZHOU SKYRICH POWER CO.,LTD",Pad. 6 - Stand B42,,,,,,,
"SKYTRON - NINGBO LONGJIA POWER TECHNOLOGY CO., LTD.",Pad. 18 - Stand C75,,,,,,,
SMOOTH WAYS INTERNATIONAL,Pad. 6 - Stand F47,,,,https://smoothways.net,TOORABAD DASKA ROAD OPPOSITE SAGA SPORTS SIALKOT PUNJAB,,
SMRTRACE - INTENCE BIKES LLC,"Pad. 11 - Stand M26,E40","INTENCE BIKES LLC is a trading company dedicated to the Russian two-wheeler market. Deeply rooted in the local landscape, we leverage our extensive industry experience and robust resource network to provide Russian customers with a one-stop procurement service for a comprehensive range of two-wheeler products, including both whole vehicles and various accessories. From high-performance motorcycles to practical electric bicycles, and from critical components to exquisite accessories, we consistently deliver top-quality products and professional services to meet the diverse needs of Russian consumers. We are committed to becoming a leading enterprise in the Russian two-wheeler trading sector. INTENCE BIKES LLC is a trading company dedicated to the Russian two-wheeler market. Deeply rooted in the local landscape, we leverage our extensive industry experience and robust resource network to provide Russian customers with a one-stop procurement service for a comprehensive range of two-wheeler products, including both whole vehicles and various accessories. From high-performance motorcycles to practical electric bicycles, and from critical components to exquisite accessories, we consistently deliver top-quality products and professional services to meet the diverse needs of Russian consumers. We are committed to becoming a leading enterprise in the Russian two-wheeler trading sector.",,,,LENINSKIJ PROSPEKT D83 K2 KV5 MOSKVA MOSKVA,,
SOCIETA' GENERALE RICAMBI (EUROPA) P.A.,"Pad. 6 - Stand D40,B40","SGR – Società Generale Ricambi (Europa) S.p.A. Dal 1953, SGR è un punto di riferimento nella distribuzione di ricambi e accessori per moto e scooter. Con oltre 25.000 referenze a catalogo, un magazzino automatizzato all’avanguardia e una rete di aziende partner in tutta Europa, l’azienda garantisce un servizio rapido, affidabile e orientato al cliente. La costante attenzione alla qualità, l’innovazione tecnologica e una presenza attiva nel mondo della comunicazione rendono SGR un player di primo piano nel panorama motociclistico internazionale. SGR – Società Generale Ricambi (Europa) S.p.A. Dal 1953, SGR è un punto di riferimento nella distribuzione di ricambi e accessori per moto e scooter. Con oltre 25.000 referenze a catalogo, un magazzino automatizzato all’avanguardia e una rete di aziende partner in tutta Europa, l’azienda garantisce un servizio rapido, affidabile e orientato al cliente. La costante attenzione alla qualità, l’innovazione tecnologica e una presenza attiva nel mondo della comunicazione rendono SGR un player di primo piano nel panorama motociclistico internazionale.",,,,VIA ARMAROLI 12 CALDERARA DI RENO BO,,
SOFLOW - DARAD INNOVATION CORP.,,,,,,,,
SOFT WAY S.R.L. - EDITORIALE DOMUS S.P.A.,Pad. 5 - Stand Q74,,,,,,,
SOFT-ENGINE AUTOMOTIVE - SOFT-ENGINE S.R.L. DYNAMOMETERS,Pad. 14 - Stand I24,,,,,,,
SOFT-ENGINE S.R.L. DYNAMOMETERS,Pad. 14 - Stand I24,"SOFT-ENGINE BANCHI PROVA POTENZA. Il nostro core business sono i banchi prova potenza per auto, moto, kart, motore ecc. Interamente progettati e realizzati in Italia, produciamo circa 30 modelli di banchi prova potenza standard. Nel nostro catalogo prodotti abbiamo tanti altri prodotti per simulazione e misurazione, inoltre con SOFT-ENGINE AUTOMOTIVE siamo in grado di realizzare progetti custom made per prova potenza, fine linea, ecc personalizzati anche per case costruttrici. Tecnologia ed innovazione dal 1994. SOFT-ENGINE BANCHI PROVA POTENZA. Il nostro core business sono i banchi prova potenza per auto, moto, kart, motore ecc. Interamente progettati e realizzati in Italia, produciamo circa 30 modelli di banchi prova potenza standard. Nel nostro catalogo prodotti abbiamo tanti altri prodotti per simulazione e misurazione, inoltre con SOFT-ENGINE AUTOMOTIVE siamo in grado di realizzare progetti custom made per prova potenza, fine linea, ecc personalizzati anche per case costruttrici. Tecnologia ed innovazione dal 1994.",,,https://soft-engine.com,"VIA DEL CONSORZIO, 2 FALCONARA MARITTIMA AN",2 FALCONARA MARITTIMA AN,
SOLEHRE,Pad. 18 - Stand H72,"Premier Manufacturer of High-Performance Motorbike Gloves Since 1976, Solehre Brothers Industries has been at the forefront of glove manufacturing, earning a reputation for excellence, craftsmanship, and innovation. Originally renowned for our high-quality fitness gloves and accessories, we have successfully expanded our legacy into the world of motorbike gloves manufacturing, delivering products that combine advanced protection, ergonomic design, and enduring performance for riders across the globe. Expertise Rooted in Tradition and Innovation With nearly five decades of manufacturing excellence, Solehre Brothers Industries is more than just a factory, we are a full-service production powerhouse. Our expertise in glove-making spans diverse domains, and our motorbike gloves are no exception. Each pair is meticulously crafted to ensure maximum safety, comfort, and style, meeting the rigorous demands of both professional riders and everyday enthusiasts. Unmatched Capabilities and Skilled Workforce Backed by a workforce of 1,500 to 2,000 highly skilled employees, including 12 pattern masters, 20 professional designers, and a dedicated sample development department, we bring precision and innovation to every step of production. Our in-house capabilities allow us to manage the entire manufacturing lifecycle, from tanning and cutting to printing, sewing, inspecting, and packing, ensuring that every glove meets our uncompromising quality standards. Advanced Technology Meets Craftsmanship At Solehre, we utilize the latest in manufacturing machinery and material science to engineer gloves that offer: • Superior grip and abrasion resistance • Enhanced dexterity and tactile control • Impact protection and vibration dampening • Weather resistance for all-season riding Whether it’s high-speed racing, off-road adventures, or daily commuting, our gloves are designed to protect without compromising performance. Scalable Production for Global Demand Our massive production facilities are capable of producing millions of gloves annually, allowing us to meet bulk orders while maintaining consistency, quality, and timely delivery. Trusted by global brands and private label partners, Solehre is the manufacturer of choice for those who demand reliability at scale. Certified Quality, Trusted Worldwide We operate under strict international quality standards, ensuring every product leaving our facility is safe, durable, and market-ready. Our commitment to customer satisfaction and continuous improvement has made us a preferred supplier across North America, Europe, the Middle East, and Asia. Why Choose Solehre Brothers Industries for Motorbike Gloves? • Nearly 50 years of manufacturing experience • Complete vertical integration for unmatched quality control • Dedicated R&D and design teams for custom glove solutions • Commitment to innovation, safety, and rider performance • Proven ability to deliver at scale If you're seeking a trusted partner for high-performance motorbike gloves manufacturing, Solehre Brothers Industries is ready to deliver excellence, from concept to final product. Premier Manufacturer of High-Performance Motorbike Gloves Since 1976, Solehre Brothers Industries has been at the forefront of glove manufacturing, earning a reputation for excellence, craftsmanship, and innovation. Originally renowned for our high-quality fitness gloves and accessories, we have successfully expanded our legacy into the world of motorbike gloves manufacturing, delivering products that combine advanced protection, ergonomic design, and enduring performance for riders across the globe. Expertise Rooted in Tradition and Innovation With nearly five decades of manufacturing excellence, Solehre Brothers Industries is more than just a factory, we are a full-service production powerhouse. Our expertise in glove-making spans diverse domains, and our motorbike gloves are no exception. Each pair is meticulously crafted to ensure maximum safety, comfort, and style, meeting the rigorous demands of both professional riders and everyday enthusiasts. Unmatched Capabilities and Skilled Workforce Backed by a workforce of 1,500 to 2,000 highly skilled employees, including 12 pattern masters, 20 professional designers, and a dedicated sample development department, we bring precision and innovation to every step of production. Our in-house capabilities allow us to manage the entire manufacturing lifecycle, from tanning and cutting to printing, sewing, inspecting, and packing, ensuring that every glove meets our uncompromising quality standards. Advanced Technology Meets Craftsmanship At Solehre, we utilize the latest in manufacturing machinery and material science to engineer gloves that offer: • Superior grip and abrasion resistance • Enhanced dexterity and tactile control • Impact protection and vibration dampening • Weather resistance for all-season riding Whether it’s high-speed racing, off-road adventures, or daily commuting, our gloves are designed to protect without compromising performance. Scalable Production for Global Demand Our massive production facilities are capable of producing millions of gloves annually, allowing us to meet bulk orders while maintaining consistency, quality, and timely delivery. Trusted by global brands and private label partners, Solehre is the manufacturer of choice for those who demand reliability at scale. Certified Quality, Trusted Worldwide We operate under strict international quality standards, ensuring every product leaving our facility is safe, durable, and market-ready. Our commitment to customer satisfaction and continuous improvement has made us a preferred supplier across North America, Europe, the Middle East, and Asia. Why Choose Solehre Brothers Industries for Motorbike Gloves? • Nearly 50 years of manufacturing experience • Complete vertical integration for unmatched quality control • Dedicated R&D and design teams for custom glove solutions • Commitment to innovation, safety, and rider performance • Proven ability to deliver at scale If you're seeking a trusted partner for high-performance motorbike gloves manufacturing, Solehre Brothers Industries is ready to deliver excellence, from concept to final product.",,,,"12-KM, DASKA ROAD, NEAR MAHABAT KHAN PETROL PUMP SIALKOT PUNJAB",NEAR MAHABAT KHAN PETROL PUMP SIALKOT PUNJAB,
SOLONG - ZHEJIANG BENOD AUTOMOBILE MANUFACTURING CO. LTD.,,,,,,,,
SONORA,Pad. 4 - Stand O86,"Welcome to SONORA MOTOR,an established professional exporter of motorcycle spare parts since 2003. With 17 years of experience,SONORA MOTORS can supply spare parts for brands such as Yamaha,HONDA,PIAGGIO,PEUGEOT,KYMCO,KTM and many Chinese brands such as ZNEN,Baotian,Qingqi,Benzhou,Jonway,Taotao,ROKETA,Lifan,Wangye,Longcin etc. With a huge range of products,we specialize in Cylinders,Starter Motors,Stator Coil Magnetos,Carburetors,CDI, Rectifier,Scooter Cables,etc. We add new product lines monthly and constantly work to develop product lines.If you can't find the parts you want,please feel free to contact us.We will appreciate your questions and suggestions.We are always happy to hear from potential customers,constant communication is the key to our continued progress. We export spare parts widely to Europe,North America,South America,Southeast Asia and the Middle East.We sincerely look forward to future cooperation with your company to achieve mutually beneficial success. Quality is the soui of an enterprise.We are always dedicated to supply quality products at competitive prices. Our goal is to deliver 100% satisfaction, not only in the products supplied,but also in our service.We welcome your inquiries and are happy to supply trial orders;only then you will know SONORA MOTOR deserve your trust. Welcome to SONORA MOTOR,an established professional exporter of motorcycle spare parts since 2003. With 17 years of experience,SONORA MOTORS can supply spare parts for brands such as Yamaha,HONDA,PIAGGIO,PEUGEOT,KYMCO,KTM and many Chinese brands such as ZNEN,Baotian,Qingqi,Benzhou,Jonway,Taotao,ROKETA,Lifan,Wangye,Longcin etc. With a huge range of products,we specialize in Cylinders,Starter Motors,Stator Coil Magnetos,Carburetors,CDI, Rectifier,Scooter Cables,etc. We add new product lines monthly and constantly work to develop product lines.If you can't find the parts you want,please feel free to contact us.We will appreciate your questions and suggestions.We are always happy to hear from potential customers,constant communication is the key to our continued progress. We export spare parts widely to Europe,North America,South America,Southeast Asia and the Middle East.We sincerely look forward to future cooperation with your company to achieve mutually beneficial success. Quality is the soui of an enterprise.We are always dedicated to supply quality products at competitive prices. Our goal is to deliver 100% satisfaction, not only in the products supplied,but also in our service.We welcome your inquiries and are happy to supply trial orders;only then you will know SONORA MOTOR deserve your trust.",,,https://sonoramotor.com,GANGZHOU DADAO DONG JIANGMEN GUANGDONG,,
SOUO - WUXI XIAODAO ELECTRIC SCIENCE AND TECHNOLOGY INC,,,,,,,,
SP BIKE S.R.L.,Pad. 6 - Stand C46,,,,https://sp.bike,VIA DEI SAVORELLI 67 ROMA RM,,
"SPARD - YUNTONG POWER CO.,LTD",Pad. 4 - Stand Q85,,,,https://spardbattery.com,LINGGANG NEW INDUSTRIAL BUILDING ZHONGSHAN GUANGDONG,,
SPARK - BECCANI ITALIA SRL,Pad. 7 - Stand U05,,,,,,,
SPARMART S.R.L.,Pad. 9 - Stand E71,,,,https://sparmart.it,VIA BORIMA 23 SUELLO LC,,
SPEED EGO INTERNATIONAL,Pad. 5 - Stand T68,"Speed Ego International is a partnership firm based in Sialkot, Pakistan engaged in business of motorbike goods manufacturing. Starting from 1999 with the aim to mobilize the two wheelers industry through our skills and workmanship then added to manufacturing mx gears in 2016 and exporting our goods to European markets and continuously working hard to expand our business to more two wheelers markets. It’s always been our mission to maintain a high standard of production, quality control under skilled manpower and friendly staff, and over the years, speed ego international has gained the success as well as trust of our clients across the globe. Speed Ego International is a partnership firm based in Sialkot, Pakistan engaged in business of motorbike goods manufacturing. Starting from 1999 with the aim to mobilize the two wheelers industry through our skills and workmanship then added to manufacturing mx gears in 2016 and exporting our goods to European markets and continuously working hard to expand our business to more two wheelers markets. It’s always been our mission to maintain a high standard of production, quality control under skilled manpower and friendly staff, and over the years, speed ego international has gained the success as well as trust of our clients across the globe.",,,https://speed-ego.com,"11KM, ZAFARWAL ROAD RATTA ARRAIAN OPP PTCL EXCHANGE SIALKOT PUNJAB",ZAFARWAL ROAD RATTA ARRAIAN OPP PTCL EXCHANGE SIALKOT PUNJAB,
SPEEDWAYS TYRES,Pad. 14 - Stand C30,"Speedways Tyres established in 1984, today company is having presence over 100 countries worldwide. We are leading manufacturer of Farm Radial, Agricultural, Industrial, OTR, Two / Three Wheeler Tyres, Truck/Light Truck tyres and wide range of Tubes & Flaps. We also specialize in Pre-Cured & Conventional Tread Rubber. Speedways located in the industrial town of Jalandhar, Punjab is having state-of-the-art manufacturing facility. The Tyres manufactured in this facility are supplied to major original equipment manufacturers (OEM's) in India, North America, Europe & Africa. We have been awarded the ""CAPEXIL Export Award"" for a record eighth year in succession in recognition of our outstanding performance in exports. Built on the foundation of honesty, trust, lawful operation and scientific development, we strive to deliver maximum value to our Customers & Stakeholders. Over the years, we have established a distinct culture in the company through various HR policies. With an emphasis on TQM, continuous efforts are being undertaken at our R&D centre to improve product quality, manufacturing & production systems. Our target has always been to delight our customers with the best products and services. Speedways Tyres established in 1984, today company is having presence over 100 countries worldwide. We are leading manufacturer of Farm Radial, Agricultural, Industrial, OTR, Two / Three Wheeler Tyres, Truck/Light Truck tyres and wide range of Tubes & Flaps. We also specialize in Pre-Cured & Conventional Tread Rubber. Speedways located in the industrial town of Jalandhar, Punjab is having state-of-the-art manufacturing facility. The Tyres manufactured in this facility are supplied to major original equipment manufacturers (OEM's) in India, North America, Europe & Africa. We have been awarded the ""CAPEXIL Export Award"" for a record eighth year in succession in recognition of our outstanding performance in exports. Built on the foundation of honesty, trust, lawful operation and scientific development, we strive to deliver maximum value to our Customers & Stakeholders. Over the years, we have established a distinct culture in the company through various HR policies. With an emphasis on TQM, continuous efforts are being undertaken at our R&D centre to improve product quality, manufacturing & production systems. Our target has always been to delight our customers with the best products and services.",,,https://speedwaystyres.com,SUCHI PIND BYPASS G.T. ROAD JALANDHAR PUNJAB,,
SPIDER SRL,Pad. 10 - Stand G62,PRODUZIONE E VENDITA ACCESSORI MOTO DA CORSA PRODUZIONE E VENDITA ACCESSORI MOTO DA CORSA,,,https://spiderracing.it,VIA LAZIO 3 ZOLA PREDOSA BO,,
SPIDI SPORT S.R.L.,Pad. 5 - Stand E77,"Xpd è un marchio rinomato nel settore delle calzature da moto, impegnato a offrire soluzioni di alta qualità che coniugano sicurezza, comfort e stile. Con oltre vent’anni di esperienza nel settore, Xpd crea calzature che soddisfano le esigenze dei motociclisti più esigenti. La missione di Xpd è chiara: fornire ai motociclisti un'esperienza di guida superiore, garantendo al contempo la massima protezione per i loro piedi. Xpd si dedica costantemente alla ricerca e nell'innovazione per sviluppare stivali e calzature all'avanguardia, progettati per resistere alle sfide della strada e alle esigenze dei propri clienti. La sicurezza è elemento di riferimento principale in Xpd. Xpd collabora con i migliori esperti e piloti professionisti per sviluppare calzature che superino gli standard più rigidi di sicurezza. Xpd, pronto a guidarvi verso un mondo di emozionanti possibilità sulla strada. Xpd presenterà ad Eicma le proprie ultime creazioni, che incarnano il connubio tra prestazioni eccezionali e design accattivante. Xpd è un marchio rinomato nel settore delle calzature da moto, impegnato a offrire soluzioni di alta qualità che coniugano sicurezza, comfort e stile. Con oltre vent’anni di esperienza nel settore, Xpd crea calzature che soddisfano le esigenze dei motociclisti più esigenti. La missione di Xpd è chiara: fornire ai motociclisti un'esperienza di guida superiore, garantendo al contempo la massima protezione per i loro piedi. Xpd si dedica costantemente alla ricerca e nell'innovazione per sviluppare stivali e calzature all'avanguardia, progettati per resistere alle sfide della strada e alle esigenze dei propri clienti. La sicurezza è elemento di riferimento principale in Xpd. Xpd collabora con i migliori esperti e piloti professionisti per sviluppare calzature che superino gli standard più rigidi di sicurezza. Xpd, pronto a guidarvi verso un mondo di emozionanti possibilità sulla strada. Xpd presenterà ad Eicma le proprie ultime creazioni, che incarnano il connubio tra prestazioni eccezionali e design accattivante.",,,,"VIA ATTILIO POMPELE, 1 SAREGO VI",1 SAREGO VI,
SPORTUS - TDAP,,,,,,,,
"SPOTLITE (PVT), LTD",Pad. 18 - Stand A88,"Spotlite Pvt Ltd Riding Ahead Since 1967 For over 58 years, Spotlite has been fueling the passion of riders worldwide with gear built to go the distance. From the race track to the open road, our CE-certified motorcycle apparels are trusted for its protection, comfort, and uncompromising performance. Proudly crafted in Sialkot, Pakistan, our gear includes racing suits, touring jackets, gloves, pants, and urban wear—each piece engineered to keep riders safe, stylish, and ready for anything. Backed by a world-class manufacturing facility, we deliver OEM/ODM solutions for top global brands and distributors who demand quality without question. But we don’t stop at performance. Meet Neu Spotlite—our bold, street-ready sister brand redefining motorcycle style. Since 1998, Neu Spotlite has blended urban fashion with Kevlar-reinforced protection, offering denim and casual wear that looks great and stands up to real riding conditions. Ride to work. Ride through town. Ride protected. Whether you're chasing speed or cruising the city, Spotlite and Neu Spotlite have your back—on the bike and beyond. Spotlite – Gear Up. Ride Ahead. Neu Spotlite – Ride Safe. Look Sharp. Spotlite Pvt Ltd Riding Ahead Since 1967 For over 58 years, Spotlite has been fueling the passion of riders worldwide with gear built to go the distance. From the race track to the open road, our CE-certified motorcycle apparels are trusted for its protection, comfort, and uncompromising performance. Proudly crafted in Sialkot, Pakistan, our gear includes racing suits, touring jackets, gloves, pants, and urban wear—each piece engineered to keep riders safe, stylish, and ready for anything. Backed by a world-class manufacturing facility, we deliver OEM/ODM solutions for top global brands and distributors who demand quality without question. But we don’t stop at performance. Meet Neu Spotlite—our bold, street-ready sister brand redefining motorcycle style. Since 1998, Neu Spotlite has blended urban fashion with Kevlar-reinforced protection, offering denim and casual wear that looks great and stands up to real riding conditions. Ride to work. Ride through town. Ride protected. Whether you're chasing speed or cruising the city, Spotlite and Neu Spotlite have your back—on the bike and beyond. Spotlite – Gear Up. Ride Ahead. Neu Spotlite – Ride Safe. Look Sharp.",,,https://spotliteworld.com.,NASIR ROAD P.O.BOX NO.263 SIALKOT PUNJAB,,
"SPRING TRADE CO., LTD.",,,,,,,,
SPRINTFILTER - SIA SPRINTFILTER LATVIA,,,,,,,,
STAREL - STAR BIANCHI SRL,,,,,,,,
STEALTH - GEOBIKE MFC SP. Z O.O.,,,,,,,,
STEALTH ELECTRIC BIKES - GEOBIKE MFC SP. Z O.O.,,,,,,,,
STEGZ MOTO - FORBIKES SRL,,,,,,,,
STEP LAB,,,,,,,,
STM ITALY,Pad. 5 - Stand Q63,"STM ITALY srl è un’azienda italiana specializzata nella progettazione e produzione di componenti ad alte prestazioni per il settore motociclistico, con particolare attenzione alle frizioni antisaltellamento. Nata nel 1981 con un focus su robotica e strumenti di misura, si è rapidamente evoluta diventando un punto di riferimento nel mondo delle due ruote. Dalla fine degli anni '90, STM ha rivoluzionato il mercato introducendo la propria frizione antisaltellamento, inizialmente pensata per le competizioni e poi adottata anche nella produzione di serie, grazie ai successi ottenuti nelle più importanti categorie del motociclismo come MotoGP, Superbike e motocross. L’intero processo produttivo avviene internamente, utilizzando macchinari CNC all’avanguardia e materiali di alta qualità come Ergal, acciaio e titanio. La continua ricerca tecnologica e il miglioramento dei processi produttivi rappresentano il cuore della filosofia aziendale. Oggi STM guarda al futuro con l’obiettivo di ampliare la gamma prodotti, migliorare la qualità e rispondere con soluzioni sempre più efficienti alle esigenze di team e piloti professionisti. STM ITALY srl è un’azienda italiana specializzata nella progettazione e produzione di componenti ad alte prestazioni per il settore motociclistico, con particolare attenzione alle frizioni antisaltellamento. Nata nel 1981 con un focus su robotica e strumenti di misura, si è rapidamente evoluta diventando un punto di riferimento nel mondo delle due ruote. Dalla fine degli anni '90, STM ha rivoluzionato il mercato introducendo la propria frizione antisaltellamento, inizialmente pensata per le competizioni e poi adottata anche nella produzione di serie, grazie ai successi ottenuti nelle più importanti categorie del motociclismo come MotoGP, Superbike e motocross. L’intero processo produttivo avviene internamente, utilizzando macchinari CNC all’avanguardia e materiali di alta qualità come Ergal, acciaio e titanio. La continua ricerca tecnologica e il miglioramento dei processi produttivi rappresentano il cuore della filosofia aziendale. Oggi STM guarda al futuro con l’obiettivo di ampliare la gamma prodotti, migliorare la qualità e rispondere con soluzioni sempre più efficienti alle esigenze di team e piloti professionisti.",,,https://stmitaly.com,VIA ADRIANO OLIVETTI 15 RIVA PRESSO CHIERI TO,,
STOMP DISTRIBUTION LTD.,,,,,,,,
STOMPGRIP - WRS S.R.L.,Pad. 5 - Stand Q53,"WRS, azienda specializzata nella produzione di cupolini per moto, grazie a materiali di primissima scelta, design Made in Italy e finiture impeccabili è sinonimo di qualità assoluta. Con un costante impegno verso l’ottimizzazione aerodinamica e delle performance. Fornitore ufficiale di alcuni tra i più prestigiosi team in MotoGP e WorldSBK, tra cui Ducati Lenovo Factory, KTM Factory, BMW Motorrad WSBK, Yamaha WSBK, Pramac e VR46, affermandosi come punto di riferimento a livello internazionale. Nel 2024 ha segnato un traguardo storico anche nel mondo della vela, realizzando il primo cupolino della storia dell’America’s Cup per il team Luna Rossa Prada Pirelli. Attraverso il proprio e-commerce, WRS offre a motociclisti e appassionati un’ampia gamma di accessori e parti speciali uniti ad un servizio logistico all'avanguardia, portando la tecnologia e l’esperienza del racing sulle strade di tutti i giorni. WRS, azienda specializzata nella produzione di cupolini per moto, grazie a materiali di primissima scelta, design Made in Italy e finiture impeccabili è sinonimo di qualità assoluta. Con un costante impegno verso l’ottimizzazione aerodinamica e delle performance. Fornitore ufficiale di alcuni tra i più prestigiosi team in MotoGP e WorldSBK, tra cui Ducati Lenovo Factory, KTM Factory, BMW Motorrad WSBK, Yamaha WSBK, Pramac e VR46, affermandosi come punto di riferimento a livello internazionale. Nel 2024 ha segnato un traguardo storico anche nel mondo della vela, realizzando il primo cupolino della storia dell’America’s Cup per il team Luna Rossa Prada Pirelli. Attraverso il proprio e-commerce, WRS offre a motociclisti e appassionati un’ampia gamma di accessori e parti speciali uniti ad un servizio logistico all'avanguardia, portando la tecnologia e l’esperienza del racing sulle strade di tutti i giorni.",,,https://wrs.it,"VIA PIRANO, 6/M TAVULLIA PU",6/M TAVULLIA PU,
STRATEGIC SPORTS LTD,Pad. 6 - Stand A30,,,,,1016 CHINA AEROSPACE TOWER I SCIENCE MUSEUM RD HONG KONG ASIA,,
STRIX EMOTORS LTD.,Pad. 11 - Stand S08,"STRiX eMotors Ltd. is Slovenian based company, manufacturing high-performance electric hard enduro motorcycles. STRiX was established in Maribor in 2023 , with an idea to create an evolution in motorbike performance. Designed by passioned enduro rider and team of engineering experts in cooperation with Slovenian Special Forces, motorcycle is made for military and law enforcement units. We developed and manufactured the first-ever electric hard-enduro motorbike made by military standards and features that have the power to deliver next-gen driving performance for tactical uses. STRiX is optimizing the bike for commercial market, date of release yet to come. STRiX eMotors Ltd. is Slovenian based company, manufacturing high-performance electric hard enduro motorcycles. STRiX was established in Maribor in 2023 , with an idea to create an evolution in motorbike performance. Designed by passioned enduro rider and team of engineering experts in cooperation with Slovenian Special Forces, motorcycle is made for military and law enforcement units. We developed and manufactured the first-ever electric hard-enduro motorbike made by military standards and features that have the power to deliver next-gen driving performance for tactical uses. STRiX is optimizing the bike for commercial market, date of release yet to come.",,,https://strix-evolution.com,"MIKLAVŠKA CESTA 64, 2311 SLOVENIA HOCE HOCE",2311 SLOVENIA HOCE HOCE,
STUD - WHEELUP,Pad. 14 - Stand G14,"Siamo la catena di negozi specializzati in caschi, abbigliamento e accessori moto n.1 in Italia. Nei nostri 55 punti vendita e sul portale eCommerce Wheelup.it, troverai un assortimento delle migliori marche di Caschi e Abbigliamento e un’offerta completa di prodotti con il miglior rapporto qualità/prezzo del mercato, ideati e progettati dal nostro Centro di Sviluppo Prodotto con sede nel moto distretto produttivo Vicentino. Da motociclisti per i motociclisti con attenzione, cura, qualità e la giusta offerta di prodotti. Una realtà completamente Italiana che conta ad oggi 55 Punti vendita (con 1 negozio eCommerce) e oltre 250 persone impiegate. Siamo la catena di negozi specializzati in caschi, abbigliamento e accessori moto n.1 in Italia. Nei nostri 55 punti vendita e sul portale eCommerce Wheelup.it, troverai un assortimento delle migliori marche di Caschi e Abbigliamento e un’offerta completa di prodotti con il miglior rapporto qualità/prezzo del mercato, ideati e progettati dal nostro Centro di Sviluppo Prodotto con sede nel moto distretto produttivo Vicentino. Da motociclisti per i motociclisti con attenzione, cura, qualità e la giusta offerta di prodotti. Una realtà completamente Italiana che conta ad oggi 55 Punti vendita (con 1 negozio eCommerce) e oltre 250 persone impiegate.",,,https://wheelup.it,VIA TOMMASO GROSSI 5 CARATE BRIANZA MB,,
STUDDS ACCESSORIES LTD.,,,,,,,,
"SUCCESS ETC TECHNOLOGY CO.,LTD - SICHUAN LIYANG INDUSTRY CO.,LTD",Pad. 10 - Stand C56,,,,,,,
"SUKOKI - SPRING TRADE CO., LTD.",,,,,,,,
SUMAX EUROPE S.R.L. - REVO,Pad. 18 - Stand D63,"SUMAX è un'azienda private label, produttrice di kit catene per il mercato motorcycle e automotive, con esperienza nel mondo OE che ci permette di avere standard elevati nel mondo Aftermarket. SUMAX è un'azienda private label, produttrice di kit catene per il mercato motorcycle e automotive, con esperienza nel mondo OE che ci permette di avere standard elevati nel mondo Aftermarket.",,,https://sumax-auto.com,POLA 29 GIUSSANO MB,,
SUN.F RUBBER TYRE - SUNF TIRES,Pad. 4 - Stand P70,"Taizhou Taiyangfeng Rubber Co., LTD.Is a professionalmanufacturer of ATV/UTV tires located in China.Our main product line consists oftires for ATVs, Motocross, Go Karts,GolfCarts,Lawn Mowers,SnowThrowers, Scooters,Motorcycles andTrailers. Currently,we have about 300 Variations of tires which ourcustomers can select from.Our brand SUNF has achieved a good reputationon the market. Our factory has the capacity of producing 1.2million sets of tiresannually.We hold IS09001-2000/ISO45001/ISO14001/E4/CCC/DOT certifications. Taizhou Taiyangfeng Rubber Co., LTD.Is a professionalmanufacturer of ATV/UTV tires located in China.Our main product line consists oftires for ATVs, Motocross, Go Karts,GolfCarts,Lawn Mowers,SnowThrowers, Scooters,Motorcycles andTrailers. Currently,we have about 300 Variations of tires which ourcustomers can select from.Our brand SUNF has achieved a good reputationon the market. Our factory has the capacity of producing 1.2million sets of tiresannually.We hold IS09001-2000/ISO45001/ISO14001/E4/CCC/DOT certifications.",,09001-2000,https://sunf.com,"GUANSHAN VILLAGE, CHENGGUAN TOWN, XIANJU COUNTY, ZHEJIANG PROVINCE, CHINA XIANJU COUNTY TAIZHOU",CHINA XIANJU COUNTY TAIZHOU,
SUNDAY - YCF,,,,,,,,
SUNF TIRES,,,,,,,,
"SUNTOUR GLOVES (HONG KONG) LIMITED - DONGGUAN SUNTOUR GLOVES CO., LTD",,,,,,,,
SUOMY MOTOSPORT S.R.L.,,,,,,,,
SUPERLEGGERA - GGD GEAR GARAGE DESIGN - BY FAMI,,,,,,,,
SUPERLITE TECHNOLOGIES,,,,,,,,
SURRON - MOTOR APEXHOLDINGS LLC,,,,,,,,
SUTER RACING - WRS S.R.L.,Pad. 7 - Stand O27,,,,,,,
"SUZHOU CHUNJINHUI CULTURAL COMMUNICATION CO., LTD. - CCCME",,,,,,,,
"SUZHOU CHUNJINHUI CULTURAL COMMUNICATION CO., LTD. - CHINA ELECTRIC TWO-WHEELERS ASSOCIATION",,,,,,,,
SUZHOU HONGXINBO TEXTILES CO. LTD.,"Pad. 14,4,6,9,7 - Stand C05,C08,E60,E64,E72,E76,I10,S85,U29,U30,E54,G61,S70,S68,S74,S76,S80,Q64,P82,E53,R64,I14,T94,C81,C87,A84,B87,A90,E55,S59",,,,,,,
SUZUKI ITALIA S.P.A.,"Pad. 6 - Stand I42,I46",,,,https://suzuki.it,CORSO FRATELLI KENNEDY 12 ROBASSOMERO TO,,
SVITOL - AREXONS S.P.A.,Pad. 18 - Stand C56,,,,,,,
SW-MOTECH GMBH & CO. KG,Pad. 5 - Stand C54,,,,https://sw-motech.com,ERNTEWEG 7-10 RAUSCHENBERG HESSEN,,
SWM MOTORCYCLES S.R.L.,Pad. 11 - Stand O06,"SWM Motorcycles srl , storica casa motociclistica lombarda con sede a Biandronno sulle sponde del lago di Varese , azienda produttiva di motocicli - sidecar - scooter - quadricicli - motori. SWM Motorcycles srl , storica casa motociclistica lombarda con sede a Biandronno sulle sponde del lago di Varese , azienda produttiva di motocicli - sidecar - scooter - quadricicli - motori.",,,https://swm-motorcycles.it,VIA NINO BIXIO 8 BIANDRONNO VA,,
SWMOTECH - SW-MOTECH GMBH & CO. KG,Pad. 5 - Stand C54,,,,https://sw-motech.com,ERNTEWEG 7-10 RAUSCHENBERG HESSEN,,
SXP - RED STAR LOCKS CO. LTD,Pad. 4 - Stand P85,"RED STAR LOCKS was founded in 1988, locates in the suburb of Guangzhou and covers more than 8,000 square meters. SXP brand name was founded in the same time. We are a manufacturer specialized in making various locks for bicycles and motorcycles. Our factory has advanced CNC facilities, strict product quality control and inspection measurements. There is a group of professional and experienced designers and engineers for R&D. We have ISO9001:2015 Quality Management System certification. We are leading manufacturer of chain locks, cable lock, disk lock, armoured cable lock and U shackle lock, which are all used in motorcycle and bicycle security and defending. Our locks have got various European approvals and American certificates. We’ve already supplied OEM and ODM locks for European and American brands for more than 20 years. When you choose Red Star products, you are choosing Security eXperienced Products. RED STAR LOCKS was founded in 1988, locates in the suburb of Guangzhou and covers more than 8,000 square meters. SXP brand name was founded in the same time. We are a manufacturer specialized in making various locks for bicycles and motorcycles. Our factory has advanced CNC facilities, strict product quality control and inspection measurements. There is a group of professional and experienced designers and engineers for R&D. We have ISO9001:2015 Quality Management System certification. We are leading manufacturer of chain locks, cable lock, disk lock, armoured cable lock and U shackle lock, which are all used in motorcycle and bicycle security and defending. Our locks have got various European approvals and American certificates. We’ve already supplied OEM and ODM locks for European and American brands for more than 20 years. When you choose Red Star products, you are choosing Security eXperienced Products.",,,,BICHONG INDUSTRIAL DISTRICT HUANGQI NANHAI GUANGDONG,,
"SY MOTORCYCLES CO.,LTD. - SINOLIGHT INTERNATIONAL HOLDINGS CORPORATION (CLETC)","Pad. 14,4,6,9,7 - Stand C05,C08,E60,E64,E72,E76,I10,S85,U29,U30,E54,G61,S70,S68,S74,S76,S80,Q64,P82,E53,R64,I14,T94,C81,C87,A84,B87,A90,E55,S59",,,,https://cletc.com,SINOLIGHT PLAZA NO.4 WANG JING CHAOYANG DISTRICT BEIJING BEIJING,,
"SYEV - WUXI SHENYUN TECHNOLOGY DEVELOPMENT CO., LTD.",,,,,,,,
T.UR - MANDELLI SRL,"Pad. 10 - Stand C80,C88","Azienda specializzata nei settori Ciclo e Moto, leader in Italia nel mercato delle 2 ruote. Distribuzione all'ingrosso di prodotti Ciclo e Moto 5 Premium Brand di proprietà: Tucano Urbano, T.ur, TAAC, Eleveit e Brera Cicli. Punto di riferimento per il settore a livello nazionale e internazionale. I nostri 4 pilastri: Passione, Innovazione, Concretezza, Valore. Azienda specializzata nei settori Ciclo e Moto, leader in Italia nel mercato delle 2 ruote. Distribuzione all'ingrosso di prodotti Ciclo e Moto 5 Premium Brand di proprietà: Tucano Urbano, T.ur, TAAC, Eleveit e Brera Cicli. Punto di riferimento per il settore a livello nazionale e internazionale. I nostri 4 pilastri: Passione, Innovazione, Concretezza, Valore.",,,https://mandelli.net,VIA TOMMASO GROSSI 5 CARATE BRIANZA MB,,
T4TUNE - SPARMART S.R.L.,Pad. 9 - Stand E71,,,,,,,
T800 UPMAP - UPMAP SRL,Pad. 5 - Stand I55,,,,,,,
"TA YOUNG ELECTRONIC CO., LTD.",Pad. 11 - Stand C27,"The main products of TA YOUNG are Condenser Discharge Ignition unit (C.D.I), Flasher relay, Ignition coils, Regulator (Stabilized), Startor relay, Fuse boxes, Head light controllers (HLC), Resistor, Thermostat, Thermal switch, Thermal sensor, Digital keyless system, RFID security system, GPS, Oil/Fuel level sensors, Wiring harness, LED rear light module & bulbs, Digital LCD/LCM meter, Speedo sensor/meter, RPM sensor/meter, CAN-BUS meter and Rechargeable device/controller for e-motorcycle/scooter. We are able to produce these items as genuine products of the highest quality to our customers. From recent decades, globalization is one of our most important targets; even during the pandemic of 2020-2022 COVID surge wave over around the world. The company still developing and introducing on line marketing and commercial advertisement. We are therefore not only improving our productivity facilities and the hardware that enhances and secure quality, but also educational programs that emphasizes self-development through various tasks of regular training. In order to meet the criteria for worldwide quality Ta Young leads its alliances and has achieved the ISO9001, IATF14949:2016 and ISO 14001 whilst adhering to the green environmental process and contribute to society as an ESG enterprise to make a better earth. Currently the company is managed by Dr. SAM SHAW. The main products of TA YOUNG are Condenser Discharge Ignition unit (C.D.I), Flasher relay, Ignition coils, Regulator (Stabilized), Startor relay, Fuse boxes, Head light controllers (HLC), Resistor, Thermostat, Thermal switch, Thermal sensor, Digital keyless system, RFID security system, GPS, Oil/Fuel level sensors, Wiring harness, LED rear light module & bulbs, Digital LCD/LCM meter, Speedo sensor/meter, RPM sensor/meter, CAN-BUS meter and Rechargeable device/controller for e-motorcycle/scooter. We are able to produce these items as genuine products of the highest quality to our customers. From recent decades, globalization is one of our most important targets; even during the pandemic of 2020-2022 COVID surge wave over around the world. The company still developing and introducing on line marketing and commercial advertisement. We are therefore not only improving our productivity facilities and the hardware that enhances and secure quality, but also educational programs that emphasizes self-development through various tasks of regular training. In order to meet the criteria for worldwide quality Ta Young leads its alliances and has achieved the ISO9001, IATF14949:2016 and ISO 14001 whilst adhering to the green environmental process and contribute to society as an ESG enterprise to make a better earth. Currently the company is managed by Dr. SAM SHAW.",,2020-2022,https://tayoung.com.tw,"5F NO. 5 ZI-QIANG STREET INDUSTRY ZONE , TUCHENG DISTRICT NEW TAIPEI CITY TAIWAN",TUCHENG DISTRICT NEW TAIPEI CITY TAIWAN,
"TAI ERH ENTERPRISE CO., LTD - IMPORTERS & EXPORTERS ASSOCIATION OF TAIPEI",,,,,,,,
"TAILG SCIENCE AND TECHNOLOGY (DONGGUAN) CO., LTD. - CCCME",,,,,,,,
TAIPEI EXHIBITION CENTER INC.,"Pad. 18 - Stand I91,I92,L96",A professional exhibition service company that organizes groups to participate in major European exhibitions and provides booth decoration services. A professional exhibition service company that organizes groups to participate in major European exhibitions and provides booth decoration services.,,,,2F.-1 NO.309 DUNHUA N. RD. SONGSHAN DIST. TAIPEI TAIWAN,,
"TAIWAN DIHSHIANG ENT CO., LTD - IMPORTERS & EXPORTERS ASSOCIATION OF TAIPEI",,,,,,,,
TAIWAN EXTERNAL TRADE DEVELOPMENT COUNCIL (TAITRA),,,,,,,,
TAIWAN GOLDEN BEE CO. LTD,,,,,,,,
"TAIWAN PAN GUIDE ENTERPRISE CO., LTD. - TAIPEI EXHIBITION CENTER INC.","Pad. 18 - Stand I91,I92,L96",,,,,,,
TAIWAN TRANSPORTATION VEHICLE MANUFACTURERS ASS.,,,,,,,,
"TAIXING JIEANCHI HELMET MANUFACTURING CO.,LTD - SINOLIGHT INTERNATIONAL HOLDINGS CORPORATION (CLETC)","Pad. 4 - Stand O62,O60,R85,R78",,,,,,,
"TAIZHOU ANTELOPOWER NEW ENERGY CO.,LTD. - SINOLIGHT INTERNATIONAL HOLDINGS CORPORATION (CLETC)","Pad. 14,4,6,9,7 - Stand C05,C08,E60,E64,E72,E76,I10,S85,U29,U30,E54,G61,S70,S68,S74,S76,S80,Q64,P82,E53,R64,I14,T94,C81,C87,A84,B87,A90,E55,S59",,,,https://cletc.com,SINOLIGHT PLAZA NO.4 WANG JING CHAOYANG DISTRICT BEIJING BEIJING,,
"TAIZHOU DAHE IMP & EXP CO., LTD - ZHEJIANG BENOD AUTOMOBILE MANUFACTURING CO. LTD.",,,,,,,,
"TAIZHOU DONGWEI VEHICLE CO.,LTD.",Pad. 4 - Stand I87,"DONGWEI is a large high-tech enterprise integrating electric vehicle research and development, production, sales and service, has been rooted in new energy vehicle industry in China for many years. DONGWEI adheres to independent innovation and masters the core technologies. Owning three-wheeler and four-wheeler industry, DONGWEI is committed to diversified development in the future. DONGWEI is a large high-tech enterprise integrating electric vehicle research and development, production, sales and service, has been rooted in new energy vehicle industry in China for many years. DONGWEI adheres to independent innovation and masters the core technologies. Owning three-wheeler and four-wheeler industry, DONGWEI is committed to diversified development in the future.",,,https://dongweivehicle.com,"No. 3505, Jianan Main Road, Sanjia Street, Taizhou Bay New Area, Taizhou City, Zhejiang, China TAIZHOU ZEHJIANG",China TAIZHOU ZEHJIANG,
"TAIZHOU DOUFENG VEHICLE CO., LTD.",,,,,,,,
"TAIZHOU FENDER TRADE CO,LTD. - CCCME",,,,,,,,
"TAIZHOU FUJU RUBBER BELT MANUFACTURE CO.,LTD - CCCME",,,,,,,,
"TAIZHOU JIAYANG MACHINERY CO., LTD. - CHUANGJI EXHIBITION",,,,,,,,
"TAIZHOU JINYUXING IMPORT & EXPORT CO.,LTD. - SINOLIGHT INTERNATIONAL HOLDINGS CORPORATION (CLETC)","Pad. 14,4,6,9,7 - Stand C05,C08,E60,E64,E72,E76,I10,S85,U29,U30,E54,G61,S70,S68,S74,S76,S80,Q64,P82,E53,R64,I14,T94,C81,C87,A84,B87,A90,E55,S59",,,,,,,
"TAIZHOU MINGHAO AUTO PARTS CO., LTD - SINOLIGHT INTERNATIONAL HOLDINGS CORPORATION (CLETC)","Pad. 14,4,6,9,7 - Stand C05,C08,E60,E64,E72,E76,I10,S85,U29,U30,E54,G61,S70,S68,S74,S76,S80,Q64,P82,E53,R64,I14,T94,C81,C87,A84,B87,A90,E55,S59",,,,https://cletc.com,SINOLIGHT PLAZA NO.4 WANG JING CHAOYANG DISTRICT BEIJING BEIJING,,
"TAIZHOU QIANXIN VEHICLE CO., LTD - JIANGSU XINWEI POWER TECHNOLOGY CO.LTD",Pad. 4 - Stand C88,,,,,,,
"TAIZHOU SHENGLONG MOTORCYCLE PARTS CO., LTD. - CHUANGJI EXHIBITION",,,,,,,,
"TAIZHOU SIA SCIENCE AND TECHNOLOGY CO.,LTD. - SINOLIGHT INTERNATIONAL HOLDINGS CORPORATION (CLETC)","Pad. 14,4,6,9,7 - Stand C05,C08,E60,E64,E72,E76,I10,S85,U29,U30,E54,G61,S70,S68,S74,S76,S80,Q64,P82,E53,R64,I14,T94,C81,C87,A84,B87,A90,E55,S59",,,,https://cletc.com,SINOLIGHT PLAZA NO.4 WANG JING CHAOYANG DISTRICT BEIJING BEIJING,,
"TAIZHOU TAIPARTS IMPORT AND EXPORT CO.,LTD - SINOLIGHT INTERNATIONAL HOLDINGS CORPORATION (CLETC)","Pad. 14,4,6,9,7 - Stand C05,C08,E60,E64,E72,E76,I10,S85,U29,U30,E54,G61,S70,S68,S74,S76,S80,Q64,P82,E53,R64,I14,T94,C81,C87,A84,B87,A90,E55,S59",,,,https://cletc.com,SINOLIGHT PLAZA NO.4 WANG JING CHAOYANG DISTRICT BEIJING BEIJING,,
"TAIZHOU WANHE IMPORT&EXPORT CO.,LTD. - VALUEDSHOW (SHAGNHAI) MANAGEMENT LLC",,,,,,,,
"TAIZHOU XINYUE PLASTIC PRODUCTS CO., LTD. - CHUANGJI EXHIBITION","Pad. 4 - Stand O62,O60,R85,R78",,,,,,,
"TAIZHOU YINGHUA AUTOMOBIL ETECHNOLOGY CO.,LTD - HI-LIGHTING INT'L EXHIBITION BEIJING CO. LTD","Pad. 4,9 - Stand I56,I60,I66,T80,S86",,,,https://hi-lighting.com,"12B07 BUILDING A U-SPACE, NO.8 GUANGQUMENWAI STREET CHAOYANG CHINA",NO.8 GUANGQUMENWAI STREET CHAOYANG CHINA,
TAIZHOU YINGSHA TRADING CO. LTD.,Pad. 4 - Stand E57,"Moxie (Guangzhou) Co., Ltd. is a motorcycle modification parts enterprise integrating design, development, production and processing. We have professional production and processing technology and a scientific quality management system. Our integrity and product quality have won the recognition of the industry. Moxie (Guangzhou) Co., Ltd. is a motorcycle modification parts enterprise integrating design, development, production and processing. We have professional production and processing technology and a scientific quality management system. Our integrity and product quality have won the recognition of the industry.",,,,"Room 604, 6th Floor, Building 1, Baige Small and Micro Enterprise Entrepreneurship Park, No. 12 Yonggu Road, Jiangkou Street, Huangyan District, Taizhou City, Zhejiang Province (Workstation 0096) TAIZHOU ZHEJIANG",Zhejiang Province (Workstation 0096) TAIZHOU ZHEJIANG,
"TAIZHOU YINGSHA TRADING CO., LTD. - CHUANGJI EXHIBITION",Pad. 4 - Stand E57,"Moxie (Guangzhou) Co., Ltd. is a motorcycle modification parts enterprise integrating design, development, production and processing. We have professional production and processing technology and a scientific quality management system. Our integrity and product quality have won the recognition of the industry. Moxie (Guangzhou) Co., Ltd. is a motorcycle modification parts enterprise integrating design, development, production and processing. We have professional production and processing technology and a scientific quality management system. Our integrity and product quality have won the recognition of the industry.",,,,"Room 604, 6th Floor, Building 1, Baige Small and Micro Enterprise Entrepreneurship Park, No. 12 Yonggu Road, Jiangkou Street, Huangyan District, Taizhou City, Zhejiang Province (Workstation 0096) TAIZHOU ZHEJIANG",Zhejiang Province (Workstation 0096) TAIZHOU ZHEJIANG,
"TAIZHOU YOKI CARTS CO.,LTD. - SINOLIGHT INTERNATIONAL HOLDINGS CORPORATION (CLETC)","Pad. 14,4,6,9,7 - Stand C05,C08,E60,E64,E72,E76,I10,S85,U29,U30,E54,G61,S70,S68,S74,S76,S80,Q64,P82,E53,R64,I14,T94,C81,C87,A84,B87,A90,E55,S59",,,,,,,
"TAIZHOU YUTAI MOTORCYCLE SUPPLIES CO., LTD - SINOLIGHT INTERNATIONAL HOLDINGS CORPORATION (CLETC)","Pad. 14,4,6,9,7 - Stand C05,C08,E60,E64,E72,E76,I10,S85,U29,U30,E54,G61,S70,S68,S74,S76,S80,Q64,P82,E53,R64,I14,T94,C81,C87,A84,B87,A90,E55,S59",,,,https://cletc.com,SINOLIGHT PLAZA NO.4 WANG JING CHAOYANG DISTRICT BEIJING BEIJING,,
"TAIZHOU ZHILONG TECHNOLOGY CO., LTD. - YADEA TECHNOLOGY GROUP CO.,LTD",Pad. 6 - Stand I11,"Our company is Taizhou Zhilong Technology Co., Ltd. funded in 2008, located in the city of Taizhou, Zhejiang Province. We became the biggest manufacturer of gasoline scooters in Taizhou. Our company has over 500 staff, over 50000 square meters, our plant includes 2 painting lines, 2 engine assembly lines, and 2 scooter assembly lines, yearly capacity over 300000units of gasoline scooters. Our mission is focusing on manufacturing and creating qualify gasoline scooters with stability and durability, And deliver enjoyable riding experience to end users. We built our own R&D center, testing laboratory, serve our customers from domenstic and overseas. We built very strong partnerships with our customers, it made us keep continuely fast increasing in the past 7 years. We exported to around 20 different countries, includes Europe, USA, Latin America, South east Asia and Mid east. Total quantity over 200000units in 2023. And we keep No.1 postion in several main markets. Our company is Taizhou Zhilong Technology Co., Ltd. funded in 2008, located in the city of Taizhou, Zhejiang Province. We became the biggest manufacturer of gasoline scooters in Taizhou. Our company has over 500 staff, over 50000 square meters, our plant includes 2 painting lines, 2 engine assembly lines, and 2 scooter assembly lines, yearly capacity over 300000units of gasoline scooters. Our mission is focusing on manufacturing and creating qualify gasoline scooters with stability and durability, And deliver enjoyable riding experience to end users. We built our own R&D center, testing laboratory, serve our customers from domenstic and overseas. We built very strong partnerships with our customers, it made us keep continuely fast increasing in the past 7 years. We exported to around 20 different countries, includes Europe, USA, Latin America, South east Asia and Mid east. Total quantity over 200000units in 2023. And we keep No.1 postion in several main markets.",,,,"NO 2518, Juyingroad, Eastern New Area, Taizhou Bay New Area, Taizhou City, Zhejiang Province, China TAIZHOU ZHEJIANG",China TAIZHOU ZHEJIANG,
"TAIZHOU ZHONGNENG IMPORT AND EXPORT CO.,LTD LTD",,,,,,,,
"TAIZHOU ZOMET SPORTING GOODS CO. , LTD. - HANGZHOU HORECA TECHNOLOGY CO.,LTD.",Pad. 4 - Stand I80,,,,https://zomethelmets.com,"Workshop 52, Gongjian Area, Hailing Industrial Park TAIZHOU JIANGSU",Hailing Industrial Park TAIZHOU JIANGSU,
TAKEWAY - EHOMA INDUSTRIAL CORP.,Pad. 5 - Stand T69,,,,,,,
"TALARIA POWER TECH (CHONGQING) CO., LTD.",Pad. 18 - Stand C75,,,,,,,
TALI CONNECTED,,,,,,,,
TALOS PERFORMANCE,Pad. 14 - Stand C34,"Talos Performance is a leading manufacturer specializing in innovative brake systems engineered for optimal performance and safety. With a commitment to excellence, we combine advanced technology with precision engineering to deliver high-quality brake solutions that meet the rigorous demands of the industry. Talos Performance is a leading manufacturer specializing in innovative brake systems engineered for optimal performance and safety. With a commitment to excellence, we combine advanced technology with precision engineering to deliver high-quality brake solutions that meet the rigorous demands of the industry.",,,https://talosperformance.com,525 NORTH TRYON STREET CHARLOTTE NORTH CAROLINA,,
TALOS TECHNOLOGY,,,,,,,,
"TANG YANG DIES CO., LTD. - IMPORTERS & EXPORTERS ASSOCIATION OF TAIPEI",Pad. 5 - Stand A78,,,,,,,
"TAO MOTOR - ZHEJIANG LUQI INTELLIGENT TECHNOLOGY CO.,LTD","Pad. 10,9 - Stand A80,S82",,,,,,,
TBA,,,,,,,,
TDAP,,,,,,,,
TEAM MAYER PARTS,,,,,,,,
TECLIN - ACCESS MOTOR CO LTD,Pad. 5 - Stand B72,"OEM for aluminum alloy tube, offer customized product as handlebar, front fork tubes, shock absorber tubes etc. JEIN YEH INDUSTRIAL CO., LTD. Company Profile: JEIN YEH Industrial Co., Ltd is a professional factory of precision cold and hot forging. The materials of forged products are aluminum alloy. OEM for aluminum alloy tube, offer customized product as handlebar, front fork tubes, shock absorber tubes etc. JEIN YEH INDUSTRIAL CO., LTD. Company Profile: JEIN YEH Industrial Co., Ltd is a professional factory of precision cold and hot forging. The materials of forged products are aluminum alloy.",,,https://teclinal.com,"NO.121 QING NIAN RD., DAJIA DIST, TAICHUNG R.O.C.",TAICHUNG R.O.C.,
TECMATE INTERNATIONAL S.A.,Pad. 9 - Stand A64,"TecMate develops and manufactures professional and consumer battery chargers, battery testers, engine troubleshooting and tuning tools as well as CABLE, USB and LED accessories, aimed at the power sport, automotive, marine, light aircraft, medical and industrial equipment & battery industries. TecMate develops and manufactures professional and consumer battery chargers, battery testers, engine troubleshooting and tuning tools as well as CABLE, USB and LED accessories, aimed at the power sport, automotive, marine, light aircraft, medical and industrial equipment & battery industries.",,,,NERINGSTRAAT 14 TIENEN VLAAMS BRABANT,,
TECNECO FILTRI SRL,Pad. 5 - Stand C66,,,,,,,
TECNECO-RE - TECNECO FILTRI SRL,Pad. 5 - Stand C66,,,,,,,
TECNECOFILTRATION - TECNECO FILTRI SRL,Pad. 5 - Stand C66,,,,,,,
TECNIGAS PARTS SL,Pad. 10 - Stand C80,,,,,,,
TECNIGAS PARTS SL - MANDELLI SRL,"Pad. 10 - Stand C80,C88","Azienda specializzata nei settori Ciclo e Moto, leader in Italia nel mercato delle 2 ruote. Distribuzione all'ingrosso di prodotti Ciclo e Moto 5 Premium Brand di proprietà: Tucano Urbano, T.ur, TAAC, Eleveit e Brera Cicli. Punto di riferimento per il settore a livello nazionale e internazionale. I nostri 4 pilastri: Passione, Innovazione, Concretezza, Valore. Azienda specializzata nei settori Ciclo e Moto, leader in Italia nel mercato delle 2 ruote. Distribuzione all'ingrosso di prodotti Ciclo e Moto 5 Premium Brand di proprietà: Tucano Urbano, T.ur, TAAC, Eleveit e Brera Cicli. Punto di riferimento per il settore a livello nazionale e internazionale. I nostri 4 pilastri: Passione, Innovazione, Concretezza, Valore.",,,https://mandelli.net,VIA TOMMASO GROSSI 5 CARATE BRIANZA MB,,
"TERAMID(PARA-ARAMID) - TEXLAND CO., LTD.",,,,,,,,
TERRAVISION ELECTRIC S.P.A.,,,,,,,,
TEXA S.P.A.,Pad. 18 - Stand G68,,,,https://texa.com,VIA 1° MAGGIO 9 MONASTIER DI TREVISO TV,,
"TEXLAND CO., LTD.",,,,,,,,
THE MERLIN PARTNERSHIP LTD,,,,,,,,
THE NORTON MOTORCYCLES LTD,"Pad. 10,9 - Stand A80,S82",,,,,,,
THE ROKKER COMPANY AG.,Pad. 18 - Stand I57,,,,https://therokkercompany.com,INDUSTRIESTRASSE 64 WIDNAU ST. GALLEN,,
THE ROKKER COMPANY LTD - THE ROKKER COMPANY AG.,Pad. 18 - Stand I57,,,,https://therokkercompany.com,INDUSTRIESTRASSE 64 WIDNAU ST. GALLEN,,
THERMAL TECHNOLOGY - RIMATEK S.R.L.,Pad. 7 - Stand A30,,,,https://thermaltechrace.com,VIA MONTEGRAPPA 140 CAERANO DI S. MARCO TV,,
THYRUS - WHEELUP,Pad. 14 - Stand G14,,,,,,,
"TIANJIN AIK DESIGN CO.,LTD - CCPIT AUTO","Pad. 4 - Stand M56,M60,M64,M70,M55,O61",,,,https://auto-ccpit.org,3/F BAIYUN BUILDING 1 BAIYUN ROAD XICHENG BEIJING BEIJING,,
"TIANJIN FEELING MOTORCYCLE PARTS CO., LTD - HI-LIGHTING INT'L EXHIBITION BEIJING CO. LTD",Pad. 9 - Stand T80,,,,,,,
"TIANJIN JIAODU INDUSTRIAL PRODUCT DESIGN CO., LTD - CCPIT AUTO","Pad. 4 - Stand M56,M60,M64,M70,M55,O61",,,,https://auto-ccpit.org,3/F BAIYUN BUILDING 1 BAIYUN ROAD XICHENG BEIJING BEIJING,,
"TIANJIN PROMOTING MEDICAL TECHNOLOGY CO., LTD. - CHUANGJI EXHIBITION","Pad. 4 - Stand O62,O60,R85,R78",,,,,,,
"TIANJIN SANTROLL ELECTRIC TECHNOLOGY CO.,LTD",Pad. 11 - Stand S45,"Tianjin Santroll Electric Technology Co., Ltd., founded in 2o01, is located in Tianjin, China, covering an area of more than 40,000 square metres. The company now has more than 7o0 employees, including more than 400 R&D technicians. The company is committed to the development of various types of drive systems, and has applied for 1,233 patents. The main products are electric drive controllers and flat wire motors, which are widely used in electric industries. The company will always adhere to the concept of ""limitless technology creates unlimited energy""，actively embrace the era of global electrification, and be come a leader in the electric drive field. Tianjin Santroll Electric Technology Co., Ltd., founded in 2o01, is located in Tianjin, China, covering an area of more than 40,000 square metres. The company now has more than 7o0 employees, including more than 400 R&D technicians. The company is committed to the development of various types of drive systems, and has applied for 1,233 patents. The main products are electric drive controllers and flat wire motors, which are widely used in electric industries. The company will always adhere to the concept of ""limitless technology creates unlimited energy""，actively embrace the era of global electrification, and be come a leader in the electric drive field.",,,https://santroll.com,"NO.1 WEST 10TH ROAD, AIRPORT ECONOMIC AREA TIANJIN TIANJIN",AIRPORT ECONOMIC AREA TIANJIN TIANJIN,
"TIANJIN SHENGYUAN INTERNATIONAL TRADE CO.,LTD - HI-LIGHTING INT'L EXHIBITION BEIJING CO. LTD","Pad. 4,9 - Stand I56,I60,I66,T80,S86",,,,https://hi-lighting.com,"12B07 BUILDING A U-SPACE, NO.8 GUANGQUMENWAI STREET CHAOYANG CHINA",NO.8 GUANGQUMENWAI STREET CHAOYANG CHINA,
"TIANJIN WANDA TYRE GROUP CO., LTD. (PVT), LTD",Pad. 18 - Stand I89,"Since founding in 1988, TIANJIN WANDA TYRE GROUP CO., LTD has developed into a professional tire manufacturer with two production bases located in Tianjin and Hebei. We are striving to produce the most differentiation and high performance tire. Following core values---“Concentration, Innovation, Confidence, Responsibility, and Dedication”, Wanda has turned into one of the leading tire manufacturers in the world with ATV, Trailer , Golf car , L&G , PCR , LTR, AG , OTR , Bicycle and Motorcycle tires. Since founding in 1988, TIANJIN WANDA TYRE GROUP CO., LTD has developed into a professional tire manufacturer with two production bases located in Tianjin and Hebei. We are striving to produce the most differentiation and high performance tire. Following core values---“Concentration, Innovation, Confidence, Responsibility, and Dedication”, Wanda has turned into one of the leading tire manufacturers in the world with ATV, Trailer , Golf car , L&G , PCR , LTR, AG , OTR , Bicycle and Motorcycle tires.",,,https://tjwanda.com,"Beichen district of tianjin port town of yixing, institute of animal husbandry TIANJIN TIANJIN",institute of animal husbandry TIANJIN TIANJIN,
"TIANJIN ZHONGKE TECHNOLOGY DEVELOPMENT CO., LTD. - CCPIT AUTO","Pad. 4 - Stand M56,M60,M64,M70,M55,O61",,,,https://auto-ccpit.org,3/F BAIYUN BUILDING 1 BAIYUN ROAD XICHENG BEIJING BEIJING,,
TIANXI MACHINERY - CHUANGJI EXHIBITION,,,,,,,,
TINBOT TECHNOLOGY GMBH - JOALLE GMBH,Pad. 4 - Stand S69,"Tinbot Technology GmbH is a company specializing in electric scooters and brings German dealers high-quality e-scooters and other electric vehicles. ​ All our products guarantee quality and safety through production and assembly according to EU standards. Our experienced and professional team is constantly striving to offer our partners in Germany the best possible prices ex works, the shortest delivery times and the highest level of service. ​ Not only do we want to offer the most efficient and reliable form of transport, but we also want to introduce a new eco-friendly way to explore the city. Tinbot Technology GmbH is a company specializing in electric scooters and brings German dealers high-quality e-scooters and other electric vehicles. ​ All our products guarantee quality and safety through production and assembly according to EU standards. Our experienced and professional team is constantly striving to offer our partners in Germany the best possible prices ex works, the shortest delivery times and the highest level of service. ​ Not only do we want to offer the most efficient and reliable form of transport, but we also want to introduce a new eco-friendly way to explore the city.",,,,"Mergenthalerallee 77, 65760 Eschborn, Germany Eschborn hessen",Germany Eschborn hessen,
TITANIUM BIKE MOTOR SANAYI TICARET ANONIMSIRKETI,"Pad. 18 - Stand E75,E79",,,,https://rksmotor.eu,BASPINAR ( ORGANIZE ) OSB 4.BÖLGE 83422 NOLU CAD. NO:14/1 GAZIANTEP SEHITKAMIL,,
TM MOTO SRL UNIPERSONALE,Pad. 18 - Stand E69,,,,https://tm-moto.it,VIA FANO 6 PESARO PU,,
"TMI EP CO.,LTD - SINOLIGHT INTERNATIONAL HOLDINGS CORPORATION (CLETC)","Pad. 14,4,6,9,7 - Stand C05,C08,E60,E64,E72,E76,I10,S85,U29,U30,E54,G61,S70,S68,S74,S76,S80,Q64,P82,E53,R64,I14,T94,C81,C87,A84,B87,A90,E55,S59",,,,https://cletc.com,SINOLIGHT PLAZA NO.4 WANG JING CHAOYANG DISTRICT BEIJING BEIJING,,
TNT HELMETS - ACSUD SACIM DISTRIBUTION,Pad. 9 - Stand I51,,,,https://acsud-pro.com,BÂTIMENT D1 AVENUE PIERRE SÉMARD 135 AVIGNON AVIGNON,,
TNT MOTORS - ACSUD SACIM DISTRIBUTION,Pad. 9 - Stand I51,,,,,,,
TNT ORIGINAL - ACSUD SACIM DISTRIBUTION,Pad. 9 - Stand I51,,,,,,,
TNT RACING - ACSUD SACIM DISTRIBUTION,Pad. 9 - Stand I51,,,,,,,
TNT TUNING - ACSUD SACIM DISTRIBUTION,Pad. 9 - Stand I51,,,,,,,
TOP PERFORMANCES - MOTORPARTS SRL,Pad. 5 - Stand C66,,,,,,,
TOP4 - SPARMART S.R.L.,Pad. 9 - Stand E71,,,,https://sparmart.it,VIA BORIMA 23 SUELLO LC,,
TOPDON - AUTO CONSULTING S.A.S.,,,,,,,,
TORC HELMETS - SHANGHAI HEHUI SAFETY PRODUCTS MANUFACTURE CO.,,,,,,,,
TOSI SNC,Pad. 10 - Stand H64,"TOSI S.n.c. è un’azienda italiana specializzata nella produzione e fornitura di attrezzature professionali per gommisti e officine. Con una consolidata esperienza nel settore e un costante impegno verso l’innovazione, l’azienda offre soluzioni affidabili e sicure, valorizzando la qualità costruttiva e il servizio post-vendita. La presenza a EICMA testimonia l’attenzione di TOSI S.n.c. alle esigenze dei professionisti e la volontà di contribuire all’evoluzione del settore automotive. TOSI S.n.c. è un’azienda italiana specializzata nella produzione e fornitura di attrezzature professionali per gommisti e officine. Con una consolidata esperienza nel settore e un costante impegno verso l’innovazione, l’azienda offre soluzioni affidabili e sicure, valorizzando la qualità costruttiva e il servizio post-vendita. La presenza a EICMA testimonia l’attenzione di TOSI S.n.c. alle esigenze dei professionisti e la volontà di contribuire all’evoluzione del settore automotive.",,,https://tosisnc.net,VIA DELLA REPUBBLICA 134 LAVAIANO PI,,
TOTALENERGIES MARKETING ITALIA SPA,Pad. 7 - Stand S48,,,,https://services.totalenergies.it,"VIA ROMBON, 11 MILANO MI",11 MILANO MI,
TPR FACTORY - MOTORPARTS SRL,Pad. 5 - Stand C66,,,,,,,
TPZ ITALIA - WIND TRADING S.R.L.,Pad. 14 - Stand E35,"For over 40 years, Wind Trading has grown to serve the needs of the motorcycle industry. Wind Trading is oriented in sales and trade marketing at an international level, operating on behalf of manufacturers within the industry, and it is also specialized in the development of its own brands. With years of business know-how in the motorcycle industry, Wind Trading has thousands of contacts that ensure a head start at identifying the best and most suitable distributors, wholesalers, online shops and dealer chains for the products/brand. With a matured participation in the racing world, Wind Trading is vividly committed to roadracing and off-road sponsorships for both in-house products and for those represented. For over 40 years, Wind Trading has grown to serve the needs of the motorcycle industry. Wind Trading is oriented in sales and trade marketing at an international level, operating on behalf of manufacturers within the industry, and it is also specialized in the development of its own brands. With years of business know-how in the motorcycle industry, Wind Trading has thousands of contacts that ensure a head start at identifying the best and most suitable distributors, wholesalers, online shops and dealer chains for the products/brand. With a matured participation in the racing world, Wind Trading is vividly committed to roadracing and off-road sponsorships for both in-house products and for those represented.",,,https://windtrading.it,VIA DISMANO 114/G RAVENNA RA,,
TR INDUSTRIAL S.R.L.,,,,,,,,
TRAXMOTO,,,,,,,,
TRIGOL - SBA BROTHERS,,,,,,,,
"TRINITY ELECTRONIC TRADING CO., LTD.",Pad. 18 - Stand A96,,,,,,,
TRIUMPH MOTORCYCLES S.R.L.,,,,,,,,
"TROTTER EOCTECH CO., LTD. - CHUANGJI EXHIBITION",,,,,,,,
TTRX - SHENG HE YUAN KFT,,,,,,,,
TUCANO URBANO - MANDELLI SRL,Pad. 10 - Stand C80,,,,,,,
TUDEKS ATV EQUIPMENTS - TUDEKS MAKINE PLASTIK TARIM KALIP GIDA SAN. VE TIC.LTD.STI.,Pad. 11 - Stand C06,,,,https://tudeks.com.tr,AHMET YESEVI BURSA OSMANGAZI,,
TUDEKS MAKINE PLASTIK TARIM KALIP GIDA SAN. VE TIC.LTD.STI.,Pad. 11 - Stand C06,,,,https://tudeks.com.tr,AHMET YESEVI BURSA OSMANGAZI,,
TURRUT - CCCME,,,,,,,,
TUV RHEINLAND,,,,,,,,
TVS MOTOR (SINGAPORE) PTE. LIMITED,,,,,,,,
TVS SRICHAKRA LIMITED - EUROGRIP,Pad. 14 - Stand H38,,,,,,,
TWIN AIR - POLISPORT PLASTICOS S.A.,Pad. 7 - Stand I31,"Polisport is a leading name in the development and production of plastic components and accessories for motorcycles. Based in Portugal, the brand has a strong presence in the global market, offering a comprehensive range of high-quality products, including replica plastic kits, handguards, headlights, body protectors, and other essential motorcycle accessories and protections. Polisport is also a trusted partner for OEM projects, supplying premium plastics and components to some of the world’s most renowned motorcycle brands. Driven by innovation, advanced manufacturing, and a firm commitment to sustainability, Polisport delivers reliable, cutting-edge solutions for the motorcycle industry. Polisport is a leading name in the development and production of plastic components and accessories for motorcycles. Based in Portugal, the brand has a strong presence in the global market, offering a comprehensive range of high-quality products, including replica plastic kits, handguards, headlights, body protectors, and other essential motorcycle accessories and protections. Polisport is also a trusted partner for OEM projects, supplying premium plastics and components to some of the world’s most renowned motorcycle brands. Driven by innovation, advanced manufacturing, and a firm commitment to sustainability, Polisport delivers reliable, cutting-edge solutions for the motorcycle industry.",,,https://polisport.com,"AVENIDA FERREIRA DE CASTRO, 818 CARREGOSA AVEIRO",818 CARREGOSA AVEIRO,
TWINCO - GGD GEAR GARAGE DESIGN - BY FAMI,,,,,,,,
UFO PLAST ITALY S.R.L.,Pad. 7 - Stand C30,,,,https://ufoplast.com,VIA MARCO POLO 155 BIENTINA PI,,
UFO PLAST ITALY SRL - WIND TRADING S.R.L.,Pad. 7 - Stand C30,,,,https://ufoplast.com,VIA MARCO POLO 155 BIENTINA PI,,
"UGIN ADVANCED MATERIAL CO., LTD",Pad. 5 - Stand T83,"UGAM, the innovation developer, focus on OPTICAL THIN FILM Technology. Produce the best Nano Physical Anti-Fog Film in the world. Applying in various application appliances. Thin Film Technology combines multi-layer lamination technology, enhance all lens's value with amazing performances of hybrid function features. ULOOK, the own brand from UGAM, realize all UGAM multi-function thin film to become the innovated goggles by sports goggle, motorcycle helmet visor, medical face shield, PPE goggles and even lens of drones & camera. UGAM, the innovation developer, focus on OPTICAL THIN FILM Technology. Produce the best Nano Physical Anti-Fog Film in the world. Applying in various application appliances. Thin Film Technology combines multi-layer lamination technology, enhance all lens's value with amazing performances of hybrid function features. ULOOK, the own brand from UGAM, realize all UGAM multi-function thin film to become the innovated goggles by sports goggle, motorcycle helmet visor, medical face shield, PPE goggles and even lens of drones & camera.",,,,"9F-5,6, WenHua 2nd Road, Sec.1st, LinKou Dist. NEW TAIEPEI CITY XXX",LinKou Dist. NEW TAIEPEI CITY XXX,
"ULOOK - UGIN ADVANCED MATERIAL CO., LTD",Pad. 5 - Stand T83,,,,,,,
ULTRA - SEATYLOCK USA LLC,,,,,,,,
"ULTRA LIGHT RACING MOTORCYCLE PARTS CO., LTD. - CHUANGJI EXHIBITION",,,,,,,,
ULTRAVIOLETTE AUTOMOTIVE PVT LTD,Pad. 7 - Stand U47,"Ultraviolette (UV) is an innovator in future-ready Electric Vehicle Platforms and Battery Technology. Infused with Aviation DNA, this enterprise was conceived in 2016 by the founders, Narayan Subramaniam and Niraj Rajmohan. Ultraviolette is backed by a spectrum of global investors, including Lingotto (a subsidiary of Exor N.V., renowned for its majority or controlling stakes in iconic brands and global leaders such as Ferrari, Stellantis, CNH Industrial, The Economist Group, Via, and Juventus), Qualcomm Ventures, Zoho Corporation, TVS Motor, TDK Ventures, and Speciale Invest. Ultraviolette (UV) is an innovator in future-ready Electric Vehicle Platforms and Battery Technology. Infused with Aviation DNA, this enterprise was conceived in 2016 by the founders, Narayan Subramaniam and Niraj Rajmohan. Ultraviolette is backed by a spectrum of global investors, including Lingotto (a subsidiary of Exor N.V., renowned for its majority or controlling stakes in iconic brands and global leaders such as Ferrari, Stellantis, CNH Industrial, The Economist Group, Via, and Juventus), Qualcomm Ventures, Zoho Corporation, TVS Motor, TDK Ventures, and Speciale Invest.",,,https://ultraviolette.com,"NO 529-530, INTERMEDIATE RING ROAD, AMARJYOTI LAYOUT, DOMLUR BANGALORE KARNATAKA",DOMLUR BANGALORE KARNATAKA,
UM MOTORCYCLES,Pad. 6 - Stand I20,"UM Motorcycles is an American motorcycle manufacturer headquartered in Miami, Florida, founded in 1999. Partnering with leading manufacturers in China, South Korea, and Taiwan, UM expanded globally in the early 2000s. Today, the company operates in 40+ countries with 2,000+ dealers, supported by a network of distributors dedicated to customer satisfaction. Since 2017, UM has strengthened its presence in Europe, offering a diverse range of motorcycles and scooters backed by exceptional service. UM’s vision is to ignite passion through innovative, exquisitely designed motorcycles that create unforgettable experiences. UM blends function, technology, and aesthetics to deliver groundbreaking designs. Products are engineered in the U.S.A. and Turin, Italy (home to UM’s Global Design Center and European Sales/Marketing). UM Motorcycles is an American motorcycle manufacturer headquartered in Miami, Florida, founded in 1999. Partnering with leading manufacturers in China, South Korea, and Taiwan, UM expanded globally in the early 2000s. Today, the company operates in 40+ countries with 2,000+ dealers, supported by a network of distributors dedicated to customer satisfaction. Since 2017, UM has strengthened its presence in Europe, offering a diverse range of motorcycles and scooters backed by exceptional service. UM’s vision is to ignite passion through innovative, exquisitely designed motorcycles that create unforgettable experiences. UM blends function, technology, and aesthetics to deliver groundbreaking designs. Products are engineered in the U.S.A. and Turin, Italy (home to UM’s Global Design Center and European Sales/Marketing).",,,https://ummotorcycles.eu,1000 Brickell Ave Ste 1100 MIAMI FLORIDA,,
UMA RACING - MKA TRADING (HK) LTD.,Pad. 7 - Stand C05,,,,,,,
UNIBAT BATTERIES - WIND TRADING S.R.L.,Pad. 14 - Stand E35,,,,,,,
UNIK RACING S.L.,Pad. 9 - Stand M52,,,,https://unik.es,"CONSTITUCIÓN, Nº 18, LOCAL 1 CUARTE DE HUERVA ZARAGOZA",LOCAL 1 CUARTE DE HUERVA ZARAGOZA,
UNIPOLMOVE,Pad. 6 - Stand A38,"Con UnipolMove, il Gruppo Unipol, leader in Italia nel Business auto, è entrato nel mercato del telepedaggio e ha superato oggi i 2 Milioni di dispositivi attivi. UnipolMove è il servizio che permette il pagamento dei pedaggi autostradali e di altri servizi legati alla mobilità, realizzato da UnipolTech, la società del Gruppo che progetta ed eroga servizi telematici. Con UnipolMove, il Gruppo Unipol, leader in Italia nel Business auto, è entrato nel mercato del telepedaggio e ha superato oggi i 2 Milioni di dispositivi attivi. UnipolMove è il servizio che permette il pagamento dei pedaggi autostradali e di altri servizi legati alla mobilità, realizzato da UnipolTech, la società del Gruppo che progetta ed eroga servizi telematici.",,,https://unipolmove.it,"via Stalingrado, 37 bologna bo",37 bologna bo,
UNIVERSAL POWER TECHNOLOGY COMPANY LIMITED - SINOLIGHT INTERNATIONAL HOLDINGS CORPORATION (CLETC),"Pad. 14,4,6,9,7 - Stand C05,C08,E60,E64,E72,E76,I10,S85,U29,U30,E54,G61,S70,S68,S74,S76,S80,Q64,P82,E53,R64,I14,T94,C81,C87,A84,B87,A90,E55,S59",,,,https://cletc.com,SINOLIGHT PLAZA NO.4 WANG JING CHAOYANG DISTRICT BEIJING BEIJING,,
UPMAP SRL,Pad. 5 - Stand I55,"La ditta UpMap SRL sviluppa applicazioni hardware e software nel modo automotive , particolarmente specializzata nel settore motocicli. Si occupa principalmente di sviluppo di attrezzature per la riprogrammazione delle centraline, reverse engineering e sviluppo calibrazioni motore. La ditta UpMap SRL sviluppa applicazioni hardware e software nel modo automotive , particolarmente specializzata nel settore motocicli. Si occupa principalmente di sviluppo di attrezzature per la riprogrammazione delle centraline, reverse engineering e sviluppo calibrazioni motore.",,,https://up-map.it,ALFREDO VERONI 11A PARMA PR,,
UTD - YOUNGPOONG FILLTEX,,,,,,,,
V PERFORMANCE - ARCAS INDUSTRIE S.R.L.,Pad. 6 - Stand I26,,,,,,,
V-DUCT - WHITE MOTORCYCLE CONCEPTS,,,,,,,,
VALEO,Pad. 11 - Stand G38,,,,https://valeo.com,6 RUE DANIEL COSTANTINI CRÉTEIL ILE DE FRANCE,,
VALUEDSHOW (SHAGNHAI) MANAGEMENT LLC,,,,,,,,
VCOROS - SARING SP. Z O.O,Pad. 10 - Stand C56,"Saring Sp. z o.o. is a professional two wheeler trading company in Poland. Our main products include bicycles, motorcycles, as well as various accessories and equipment. Saring Sp. z o.o. is a professional two wheeler trading company in Poland. Our main products include bicycles, motorcycles, as well as various accessories and equipment.",,,https://saring.com.pl,"AL. JANA PAWLA II 27, 00-867 WARSZAWA WARSZAWA",00-867 WARSZAWA WARSZAWA,
VECCHI S.R.L.,Pad. 5 - Stand G57,,,,,,,
VEEMO ENVO - GEOBIKE MFC SP. Z O.O.,,,,,,,,
VENT MOTO SRL,Pad. 7 - Stand O10,"Vent Moto Srl produce moto da enduro e motard, dai modelli 50 cc ai 125 cc 4T. Le gamme Baja e Derapage sono da sempre un punto di riferimento per i giovani che vogliono far parte del mondo delle due ruote, grazie all’ampia scelta tra colori e accessori. Passione, esperienza, affidabilità e qualità. Questi sono solo alcuni degli ingredienti che caratterizzano tutte le nostre moto da enduro e motard. Vent nasce per raccogliere un’eredita importante… Infatti Vent continua le attività di HM MOTO con l’obiettivo strategico di rilanciare e sviluppare il patrimonio tecnico e di conoscenze maturate in trent’anni di presenza nel mercato del fuoristrada. Il 2025 vedrà il lancio di Vent Moto in nuovi settori con modelli destinati alle competizioni in fuoristrada e al tempo libero. Vent Moto Srl produce moto da enduro e motard, dai modelli 50 cc ai 125 cc 4T. Le gamme Baja e Derapage sono da sempre un punto di riferimento per i giovani che vogliono far parte del mondo delle due ruote, grazie all’ampia scelta tra colori e accessori. Passione, esperienza, affidabilità e qualità. Questi sono solo alcuni degli ingredienti che caratterizzano tutte le nostre moto da enduro e motard. Vent nasce per raccogliere un’eredita importante… Infatti Vent continua le attività di HM MOTO con l’obiettivo strategico di rilanciare e sviluppare il patrimonio tecnico e di conoscenze maturate in trent’anni di presenza nel mercato del fuoristrada. Il 2025 vedrà il lancio di Vent Moto in nuovi settori con modelli destinati alle competizioni in fuoristrada e al tempo libero.",,,https://ventmoto.it,"VIA BALICO LORENZO, 61 LECCO LC",61 LECCO LC,
VENT MOTO SRL - WIND TRADING S.R.L.,Pad. 7 - Stand O10,"Vent Moto Srl produce moto da enduro e motard, dai modelli 50 cc ai 125 cc 4T. Le gamme Baja e Derapage sono da sempre un punto di riferimento per i giovani che vogliono far parte del mondo delle due ruote, grazie all’ampia scelta tra colori e accessori. Passione, esperienza, affidabilità e qualità. Questi sono solo alcuni degli ingredienti che caratterizzano tutte le nostre moto da enduro e motard. Vent nasce per raccogliere un’eredita importante… Infatti Vent continua le attività di HM MOTO con l’obiettivo strategico di rilanciare e sviluppare il patrimonio tecnico e di conoscenze maturate in trent’anni di presenza nel mercato del fuoristrada. Il 2025 vedrà il lancio di Vent Moto in nuovi settori con modelli destinati alle competizioni in fuoristrada e al tempo libero. Vent Moto Srl produce moto da enduro e motard, dai modelli 50 cc ai 125 cc 4T. Le gamme Baja e Derapage sono da sempre un punto di riferimento per i giovani che vogliono far parte del mondo delle due ruote, grazie all’ampia scelta tra colori e accessori. Passione, esperienza, affidabilità e qualità. Questi sono solo alcuni degli ingredienti che caratterizzano tutte le nostre moto da enduro e motard. Vent nasce per raccogliere un’eredita importante… Infatti Vent continua le attività di HM MOTO con l’obiettivo strategico di rilanciare e sviluppare il patrimonio tecnico e di conoscenze maturate in trent’anni di presenza nel mercato del fuoristrada. Il 2025 vedrà il lancio di Vent Moto in nuovi settori con modelli destinati alle competizioni in fuoristrada e al tempo libero.",,,https://ventmoto.it,"VIA BALICO LORENZO, 61 LECCO LC",61 LECCO LC,
VERONA EST MOTORICAMBI SRL - UPMAP SRL,Pad. 5 - Stand I55,,,,,,,
VERTEX PISTONS-VP ITALY SRL ARROWHEAD GROUP,Pad. 11 - Stand N20,,,,,,,
VESPA - PIAGGIO & C S.P.A,Pad. 9 - Stand E76,,,,,,,
VESRAH CO. INC.,Pad. 9 - Stand S54,"Vesrah products : Brakes for roadracing , offroad , Vintagemotorcycle , Kart , Bicycle , Gymkhana , Scooter , ATV, UTV, Snowmobile. Clutches , Gaskets, Engine Valves, Oil Seals, Belts, Filters, Connecting Rods for motorcycle, Thermostat and gaskets , seal for Marine Outboards. Products are all made in Japan, The quatily is reliable. 75 years sales record. Vesrah is basically brake and clutch friction material manufacturer, we can supply them for many inductrial products like robot parts etc. Vesrah products : Brakes for roadracing , offroad , Vintagemotorcycle , Kart , Bicycle , Gymkhana , Scooter , ATV, UTV, Snowmobile. Clutches , Gaskets, Engine Valves, Oil Seals, Belts, Filters, Connecting Rods for motorcycle, Thermostat and gaskets , seal for Marine Outboards. Products are all made in Japan, The quatily is reliable. 75 years sales record. Vesrah is basically brake and clutch friction material manufacturer, we can supply them for many inductrial products like robot parts etc.",,,https://vesrah.com,1-23-9 SHINJUKU SHINJUKU-KU TOKYO TOKYO,,
VIBER ALERT,Pad. 18 - Stand ST5,"Viber Alert is an Italian–American startup redefining road safety through tactile communication. Our patented haptic interface, integrated directly into the seat, alerts riders of hazards and key vehicle information through intuitive vibrations—keeping eyes on the road and minds focused. We collaborate with OEM manufacturers to embed our technology into next-generation motorcycles, enhancing ADAS systems and rider awareness. In parallel, our aftermarket product, transforms any seat into a smart safety hub. It includes speed camera and hazard detection system, a rider-to-rider alert network, and even comfort features such as adaptive vibration massage for long-distance travel. As most road accidents stem from distraction, Viber Alert delivers a simple yet revolutionary solution that can save lives. Our international team—combining decades of expertise in automotive engineering, hardware innovation, and AI-driven mobility—bridges the worlds of design, safety, and technology to make tactile intelligence the new standard for every vehicle. Viber Alert is an Italian–American startup redefining road safety through tactile communication. Our patented haptic interface, integrated directly into the seat, alerts riders of hazards and key vehicle information through intuitive vibrations—keeping eyes on the road and minds focused. We collaborate with OEM manufacturers to embed our technology into next-generation motorcycles, enhancing ADAS systems and rider awareness. In parallel, our aftermarket product, transforms any seat into a smart safety hub. It includes speed camera and hazard detection system, a rider-to-rider alert network, and even comfort features such as adaptive vibration massage for long-distance travel. As most road accidents stem from distraction, Viber Alert delivers a simple yet revolutionary solution that can save lives. Our international team—combining decades of expertise in automotive engineering, hardware innovation, and AI-driven mobility—bridges the worlds of design, safety, and technology to make tactile intelligence the new standard for every vehicle.",,,https://viberalert.com,VIA DELLA LIBERTÀ 58 PALERMO PA,,
"VICTORIA MOTORRAD - NINGBO LONGJIA POWER TECHNOLOGY CO., LTD.",Pad. 18 - Stand C75,,,,,,,
VIDA - PELPI INTERNATIONAL S.R.L.,"Pad. 14 - Stand C46,C45,C42",,,,https://pelpi.com,VIA GIACOMO MATTEOTTI 11 AROSIO CO,,
VIKY ITALY S.R.L.,,,,,,,,
VINTO MOTOR - CCCME,,,,,,,,
VIP WEARS (PVT) LTD.,Pad. 18 - Stand C86,,,,,"RAHIM PUR KHICHIAN, SAID PUR GONDAL ROAD, SIALKOT PUNJAB",SIALKOT PUNJAB,
"VISION X OFFROAD, LLC - FORBIKES SRL",,,,,,,,
VIVA ROYAL TRADING LTD. - IMPORTERS & EXPORTERS ASSOCIATION OF TAIPEI,,,,,,,,
VIVIFY INTERNATIONAL,Pad. 9 - Stand S88,"VIVIFY GROUP OF INDUSTRIES: Your Motorbike Apparels & Gloves Destination VIVIFY GROUP OF INDUSTRIES has been producing top-quality motorbike leather/textile garments, gloves, and denim apparels for 20 years. We are certified with ISO-14001, BSCI, and SEDEX, demonstrating our commitment to quality and industry standards. With a monthly production capacity of 15,000 to 20,000 pieces' garments and 25,000 to 30,000 pairs Gloves, we're sucessfully producing & exporting our products to different well-known brands across the world. VIVIFY GROUP OF INDUSTRIES: Your Motorbike Apparels & Gloves Destination VIVIFY GROUP OF INDUSTRIES has been producing top-quality motorbike leather/textile garments, gloves, and denim apparels for 20 years. We are certified with ISO-14001, BSCI, and SEDEX, demonstrating our commitment to quality and industry standards. With a monthly production capacity of 15,000 to 20,000 pieces' garments and 25,000 to 30,000 pairs Gloves, we're sucessfully producing & exporting our products to different well-known brands across the world.",,,https://vivifyintl.com,"10TH K.M, PASRUR ROAD, LAKHAN PUR, SIALKOT PUNJAB",SIALKOT PUNJAB,
VM RACING,Pad. 5 - Stand S82,"VMRacing è un’azienda specializzata nel settore delle moto da cross, enduro e super motard e nell’allestimento di moto da cross per l’uso stradale. Offriamo un servizio completo che va dalla preparazione tecnica delle moto, alla manutenzione e revisione di motori, fino alla fornitura di ricambi e accessori. Ci occupiamo inoltre della trasformazione e omologazione delle moto da cross, integrando tutte le componenti necessarie per renderle idonee alla circolazione su strada. Passione, competenza e attenzione ai dettagli ci guidano in ogni progetto, con l’obiettivo di garantire prestazioni, affidabilità e sicurezza. VMRacing è un’azienda specializzata nel settore delle moto da cross, enduro e super motard e nell’allestimento di moto da cross per l’uso stradale. Offriamo un servizio completo che va dalla preparazione tecnica delle moto, alla manutenzione e revisione di motori, fino alla fornitura di ricambi e accessori. Ci occupiamo inoltre della trasformazione e omologazione delle moto da cross, integrando tutte le componenti necessarie per renderle idonee alla circolazione su strada. Passione, competenza e attenzione ai dettagli ci guidano in ogni progetto, con l’obiettivo di garantire prestazioni, affidabilità e sicurezza.",,,https://vmracing.it,VIA E. FERMI 42 VERONA VR,,
VOLTA MOTOR SAN. TIC. A.S.,Pad. 9 - Stand C71,,,,https://volta.com.tr,"SELAMLAR KÖYÜ, SELAMLAR MEVKII, GÜMÜSOVA OSB. 1. SOKAK VOLTA MOTOR SANAYI VE TICARET A.S., BLOK NO: 10, GÜMÜSOVA DÜZCE GUMUSOVA",GÜMÜSOVA DÜZCE GUMUSOVA,
VON DUTCH BY HELSTONS - HELSTONS,,,,,,,,
VOYGANICS JMS TRAEWELL INTERNATIONAL (PVT) LTD - TDAP,,,,,,,,
VR46 RACING APPAREL S.R.L.,Pad. 5 - Stand C53,,,,https://vr46racing.com,VIA F.LLI ROSSELLI 46 PESARO PU,,
VTA - VOLTA MOTOR SAN. TIC. A.S.,Pad. 9 - Stand C71,,,,https://volta.com.tr,"SELAMLAR KÖYÜ, SELAMLAR MEVKII, GÜMÜSOVA OSB. 1. SOKAK VOLTA MOTOR SANAYI VE TICARET A.S., BLOK NO: 10, GÜMÜSOVA DÜZCE GUMUSOVA",GÜMÜSOVA DÜZCE GUMUSOVA,
W.N. FURQAN IND.,Pad. 6 - Stand H47,"W.N.FURQAN, is one of the few companies in the world with full wet-end developmental and manufacturing capabilities. We follow all processes in our production and have full control on all departments that ensure that our products are the most acclaimed in the industry. We have the innovative R&D department for new designing and development & we are conducting aggressive research and development in the areas of information collection, modernization of product designing, use of new & better materials, improvement in quality and innovating new techniques for better comfort. W.N.FURQAN, is one of the few companies in the world with full wet-end developmental and manufacturing capabilities. We follow all processes in our production and have full control on all departments that ensure that our products are the most acclaimed in the industry. We have the innovative R&D department for new designing and development & we are conducting aggressive research and development in the areas of information collection, modernization of product designing, use of new & better materials, improvement in quality and innovating new techniques for better comfort.",,,https://wnfurqan.com,"PASRUR ROAD, DHEERA SANDHA SIALKOT PUNJAB",DHEERA SANDHA SIALKOT PUNJAB,
W2 BOOTS - WIND TRADING S.R.L.,Pad. 14 - Stand E35,,,,,,,
"WEIHAI EDGE GENUINE FORGED METAL TECHNOLOGY CO., LTD - VALUEDSHOW (SHAGNHAI) MANAGEMENT LLC",,,,,,,,
WELL PRODUCT INDUSTRIES,Pad. 9 - Stand R64,,,,https://wellproduct.com,"19-KM, PASRUR ROAD, GUNNA KALAN SIALKOT PUNJAB",GUNNA KALAN SIALKOT PUNJAB,
WELLFIT WEARS,Pad. 9 - Stand S92,"Wellfit Wears is Specialists in Manufacturing of CE rated Motorbike Riding Gears Jackets, Pants, Gloves and Foot Wear. Wellfit Wears is Specialists in Manufacturing of CE rated Motorbike Riding Gears Jackets, Pants, Gloves and Foot Wear.",,,https://wellfitwears.com,"2KM AIMANABAD RD, REHMAN PURA, SIALKOT PUNJAB",SIALKOT PUNJAB,
"WELLGREEN OUTDOOR CO.,LTD - CCCME",,,,,,,,
"WENLING HUAXIN MACHINERY MANUFACTURING CO., LTD - HI-LIGHTING INT'L EXHIBITION BEIJING CO. LTD",Pad. 4 - Stand I56,,,,,,,
"WENLING OUDI MACHINERY CO.,LTD. - ZHEJIANG TIANYING LOCOMOTIVE CO.,LTD",Pad. 11 - Stand Q48,,,,,,,
"WENZHOU CHAOSHENG ELECTRONIC TECHNOLOGY CO.,LTD. - HI-LIGHTING INT'L EXHIBITION BEIJING CO. LTD",Pad. 4 - Stand I66,,,,,,,
"WENZHOU CONCENT LOCKS CO., LTD. - HI-LIGHTING INT'L EXHIBITION BEIJING CO. LTD","Pad. 4,9 - Stand I56,I60,I66,T80,S86",,,,https://hi-lighting.com,"12B07 BUILDING A U-SPACE, NO.8 GUANGQUMENWAI STREET CHAOYANG CHINA",NO.8 GUANGQUMENWAI STREET CHAOYANG CHINA,
"WENZHOU JINJIAN SMART LOCK CO., LTD. - VALUEDSHOW (SHAGNHAI) MANAGEMENT LLC",,,,,,,,
"WENZHOU JIYOU MOTOR MANUFACTURING CO.,LTD. - HI-LIGHTING INT'L EXHIBITION BEIJING CO. LTD",Pad. 4 - Stand I66,,,,,,,
"WENZHOU JIYOU MOTOR MANUFACTURING CO.,LTD. - SINOLIGHT INTERNATIONAL HOLDINGS CORPORATION (CLETC)",Pad. 4 - Stand I66,,,,,,,
"WENZHOU KANAISI ELECTRONIC TECHNOLOGY CO., LTD - SINOLIGHT INTERNATIONAL HOLDINGS CORPORATION (CLETC)","Pad. 14,4,6,9,7 - Stand C05,C08,E60,E64,E72,E76,I10,S85,U29,U30,E54,G61,S70,S68,S74,S76,S80,Q64,P82,E53,R64,I14,T94,C81,C87,A84,B87,A90,E55,S59",,,,https://cletc.com,SINOLIGHT PLAZA NO.4 WANG JING CHAOYANG DISTRICT BEIJING BEIJING,,
"WENZHOU LIBANG ENTERPRISE CO.,LTD - HI-LIGHTING INT'L EXHIBITION BEIJING CO. LTD","Pad. 4,9 - Stand I56,I60,I66,T80,S86",,,,https://hi-lighting.com,"12B07 BUILDING A U-SPACE, NO.8 GUANGQUMENWAI STREET CHAOYANG CHINA",NO.8 GUANGQUMENWAI STREET CHAOYANG CHINA,
"WENZHOU MINGHONG ELECTROPLATING TECHNOLOGY CO.,LTD - SINOLIGHT INTERNATIONAL HOLDINGS CORPORATION (CLETC)","Pad. 14,4,6,9,7 - Stand C05,C08,E60,E64,E72,E76,I10,S85,U29,U30,E54,G61,S70,S68,S74,S76,S80,Q64,P82,E53,R64,I14,T94,C81,C87,A84,B87,A90,E55,S59",,,,https://cletc.com,SINOLIGHT PLAZA NO.4 WANG JING CHAOYANG DISTRICT BEIJING BEIJING,,
WENZHOU OUHAI KEYANG MOTORCYCLE ACCESSORY FACTORY - SINOLIGHT INTERNATIONAL HOLDINGS CORPORATION (CLETC),"Pad. 14,4,6,9,7 - Stand C05,C08,E60,E64,E72,E76,I10,S85,U29,U30,E54,G61,S70,S68,S74,S76,S80,Q64,P82,E53,R64,I14,T94,C81,C87,A84,B87,A90,E55,S59",,,,https://cletc.com,SINOLIGHT PLAZA NO.4 WANG JING CHAOYANG DISTRICT BEIJING BEIJING,,
"WENZHOU OUNAISI SPORTS GOODS CO., LTD. - XIPU UNION SL",,,,,,,,
"WENZHOU RUILI KORMEE AUTOMOTIVE ELECTRONIC CO., LTD. - SINOLIGHT INTERNATIONAL HOLDINGS CORPORATION (CLETC)","Pad. 14,4,6,9,7 - Stand C05,C08,E60,E64,E72,E76,I10,S85,U29,U30,E54,G61,S70,S68,S74,S76,S80,Q64,P82,E53,R64,I14,T94,C81,C87,A84,B87,A90,E55,S59",,,,,,,
"WENZHOU RUNTONG MOTOR VEHICLE PARTS CO., LTD. - CCPIT AUTO","Pad. 4 - Stand M56,M60,M64,M70,M55,O61",,,,,,,
"WENZHOU TONG QING VEHICLE PARTS INDUSTRY CO., LTD - SINOLIGHT INTERNATIONAL HOLDINGS CORPORATION (CLETC)","Pad. 14,4,6,9,7 - Stand C05,C08,E60,E64,E72,E76,I10,S85,U29,U30,E54,G61,S70,S68,S74,S76,S80,Q64,P82,E53,R64,I14,T94,C81,C87,A84,B87,A90,E55,S59",,,,https://cletc.com,SINOLIGHT PLAZA NO.4 WANG JING CHAOYANG DISTRICT BEIJING BEIJING,,
"WENZHOU TONGYONG LOCKS CO.,LTD. - BE BEST INTERNATIONAL SP.ZO.O",,,,,,,,
"WENZHOU VIRTUE MOTORCYCLE FITTINGS CO.,LTD.",,,,,,,,
"WENZHOU XINLI VEHICLE PARTS CO., LTD - HI-LIGHTING INT'L EXHIBITION BEIJING CO. LTD","Pad. 4,9 - Stand I56,I60,I66,T80,S86",,,,https://hi-lighting.com,"12B07 BUILDING A U-SPACE, NO.8 GUANGQUMENWAI STREET CHAOYANG CHINA",NO.8 GUANGQUMENWAI STREET CHAOYANG CHINA,
"WENZHOU XINLI VEHICLE PARTS CO., LTD - SINOLIGHT INTERNATIONAL HOLDINGS CORPORATION (CLETC)","Pad. 14,4,6,9,7 - Stand C05,C08,E60,E64,E72,E76,I10,S85,U29,U30,E54,G61,S70,S68,S74,S76,S80,Q64,P82,E53,R64,I14,T94,C81,C87,A84,B87,A90,E55,S59",,,,https://cletc.com,SINOLIGHT PLAZA NO.4 WANG JING CHAOYANG DISTRICT BEIJING BEIJING,,
"WENZHOU YERUN ELECTRICAL MACHINERY CO., LTD - SINOLIGHT INTERNATIONAL HOLDINGS CORPORATION (CLETC)","Pad. 14,4,6,9,7 - Stand C05,C08,E60,E64,E72,E76,I10,S85,U29,U30,E54,G61,S70,S68,S74,S76,S80,Q64,P82,E53,R64,I14,T94,C81,C87,A84,B87,A90,E55,S59",,,,,,,
"WENZHOU YIXIANG NEW INDUSTRY AND TRADE CO.,LTD. - BE BEST INTERNATIONAL SP.ZO.O",,,,,,,,
"WENZHOU YOUAI PLASTIC PRODUCTS CO., LTD.",Pad. 4 - Stand M82,"We have 20000 square meters of plant and more than 200 employees, including more than 40 product R & D personnel and quality inspectors. After more than ten years of rapid development, with the hard work of the R & D team, cooperation with European design companies and R & D funds of more than 6% of total revenue every year. We have 5 utility model patents, more than 20 design patents, 2 Invention patents and more than 20 ECE certified products for Europe. It has not only won various honors such as ""scientific and technological enterprises"" and ""national high-tech enterprises"", but also made the company stand at the leading edge of the helmet industry. We have 20000 square meters of plant and more than 200 employees, including more than 40 product R & D personnel and quality inspectors. After more than ten years of rapid development, with the hard work of the R & D team, cooperation with European design companies and R & D funds of more than 6% of total revenue every year. We have 5 utility model patents, more than 20 design patents, 2 Invention patents and more than 20 ECE certified products for Europe. It has not only won various honors such as ""scientific and technological enterprises"" and ""national high-tech enterprises"", but also made the company stand at the leading edge of the helmet industry.",,,https://chinayouai.com,"5 GUCHUAN ROAD, GETIAN INDUSTRIAL PARK, ZEYA, OUHAI WENZHOU ZHEJIANG",OUHAI WENZHOU ZHEJIANG,
"WENZHOU ZOREN AUTO ELECTRIC CONTROL CO.,LTD - ZHEJIANG MARUI POWER MACHINERY CO.,LTD","Pad. 14,4,6,9,7 - Stand C05,C08,E60,E64,E72,E76,I10,S85,U29,U30,E54,G61,S70,S68,S74,S76,S80,Q64,P82,E53,R64,I14,T94,C81,C87,A84,B87,A90,E55,S59",,,,,,,
WESTWIND MOTO LLC,Pad. 7 - Stand S36,"Born from countless motorcycle journeys across the rough landscapes of northwestern China, the Mongolian desert and the Tibetan Plateau, Westwind is driven by a passion for adventure riding and a deep understanding of riders' needs. Our mission is to provide simple, practical, reliable, and thoughtfully designed equipment for enthusiasts who are ready to push boundaries and explore uncharted terrain. The emblem in our logo, the intrepid honey badger, represents the brand’s spirit: Move Forward, Fearlessly! Founded in early 2020 Westwind Moto specializes in the design and creation of high quality soft motorcycle luggage, backpacks and apparel with a simple goal in mind: Maximum quality and features at a fair price, so our customers can spend less on their gear and more on their adventures. Born from countless motorcycle journeys across the rough landscapes of northwestern China, the Mongolian desert and the Tibetan Plateau, Westwind is driven by a passion for adventure riding and a deep understanding of riders' needs. Our mission is to provide simple, practical, reliable, and thoughtfully designed equipment for enthusiasts who are ready to push boundaries and explore uncharted terrain. The emblem in our logo, the intrepid honey badger, represents the brand’s spirit: Move Forward, Fearlessly! Founded in early 2020 Westwind Moto specializes in the design and creation of high quality soft motorcycle luggage, backpacks and apparel with a simple goal in mind: Maximum quality and features at a fair price, so our customers can spend less on their gear and more on their adventures.",,,https://westwindmoto.com,4233 129H PL SE APT 1 BELLEVUE WASHINGTON,,
WHEELUP,Pad. 14 - Stand G14,"Siamo la catena di negozi specializzati in caschi, abbigliamento e accessori moto n.1 in Italia. Nei nostri 55 punti vendita e sul portale eCommerce Wheelup.it, troverai un assortimento delle migliori marche di Caschi e Abbigliamento e un’offerta completa di prodotti con il miglior rapporto qualità/prezzo del mercato, ideati e progettati dal nostro Centro di Sviluppo Prodotto con sede nel moto distretto produttivo Vicentino. Da motociclisti per i motociclisti con attenzione, cura, qualità e la giusta offerta di prodotti. Una realtà completamente Italiana che conta ad oggi 55 Punti vendita (con 1 negozio eCommerce) e oltre 250 persone impiegate. Siamo la catena di negozi specializzati in caschi, abbigliamento e accessori moto n.1 in Italia. Nei nostri 55 punti vendita e sul portale eCommerce Wheelup.it, troverai un assortimento delle migliori marche di Caschi e Abbigliamento e un’offerta completa di prodotti con il miglior rapporto qualità/prezzo del mercato, ideati e progettati dal nostro Centro di Sviluppo Prodotto con sede nel moto distretto produttivo Vicentino. Da motociclisti per i motociclisti con attenzione, cura, qualità e la giusta offerta di prodotti. Una realtà completamente Italiana che conta ad oggi 55 Punti vendita (con 1 negozio eCommerce) e oltre 250 persone impiegate.",,,https://wheelup.it,VIA TOMMASO GROSSI 5 CARATE BRIANZA MB,,
"WHETRON ELECTRONICS CO., LTD.",,,,,,,,
WHITE MOTORCYCLE CONCEPTS,,,,,,,,
"WHITELAND INDUSTRIES (PVT), LTD",,,,,,,,
WIM MOTO WEARS,,,,,,,,
WIND TRADING S.R.L.,Pad. 14 - Stand E35,"For over 40 years, Wind Trading has grown to serve the needs of the motorcycle industry. Wind Trading is oriented in sales and trade marketing at an international level, operating on behalf of manufacturers within the industry, and it is also specialized in the development of its own brands. With years of business know-how in the motorcycle industry, Wind Trading has thousands of contacts that ensure a head start at identifying the best and most suitable distributors, wholesalers, online shops and dealer chains for the products/brand. With a matured participation in the racing world, Wind Trading is vividly committed to roadracing and off-road sponsorships for both in-house products and for those represented. For over 40 years, Wind Trading has grown to serve the needs of the motorcycle industry. Wind Trading is oriented in sales and trade marketing at an international level, operating on behalf of manufacturers within the industry, and it is also specialized in the development of its own brands. With years of business know-how in the motorcycle industry, Wind Trading has thousands of contacts that ensure a head start at identifying the best and most suitable distributors, wholesalers, online shops and dealer chains for the products/brand. With a matured participation in the racing world, Wind Trading is vividly committed to roadracing and off-road sponsorships for both in-house products and for those represented.",,,https://windtrading.it,VIA DISMANO 114/G RAVENNA RA,,
WINGBACK - CCCME,,,,,,,,
WISECO - RACE WINNING BRANDS EUROPE BV,Pad. 7 - Stand O27,,,,,,,
"WISLAND INDUSTRY CO.,LTD.",Pad. 5 - Stand S76,"Wisland Industry Co.,LTD. Manufacturing aluminum handlebar the company developed a reputation for designing and manufacturing durable E Bicycle / E Motorcycle / Medical aluminum tube in our owned manufacture. Wisland Industry Co.,LTD. Manufacturing aluminum handlebar the company developed a reputation for designing and manufacturing durable E Bicycle / E Motorcycle / Medical aluminum tube in our owned manufacture.",,,https://wislandbike.com,"NO. 529, ZHONGSHAN RD., QINGSHUI DIST., TAICHUNG CITY XXX",TAICHUNG CITY XXX,
WM SYSTEM S.R.L.,Pad. 11 - Stand T45,"WM System è un'azienda di riferimento nella progettazione e produzione di soluzioni innovative per l'allestimento di veicoli commerciali e la logistica. Con oltre 30 anni di esperienza, si distingue per la qualità, l'affidabilità e la capacità di rispondere alle esigenze specifiche dei clienti. Il nostro catalogo include rampe di accesso, carrelli modulari e sistemi di allestimento personalizzati, pensati per migliorare l'efficienza operativa e garantire maggiore sicurezza sul lavoro. WM System è un'azienda di riferimento nella progettazione e produzione di soluzioni innovative per l'allestimento di veicoli commerciali e la logistica. Con oltre 30 anni di esperienza, si distingue per la qualità, l'affidabilità e la capacità di rispondere alle esigenze specifiche dei clienti. Il nostro catalogo include rampe di accesso, carrelli modulari e sistemi di allestimento personalizzati, pensati per migliorare l'efficienza operativa e garantire maggiore sicurezza sul lavoro.",,,https://wmsystem.com,VIA 2 GIUGNO 5 ROLO RE,,
WOESSNER GMBH,Pad. 9 - Stand E53,,,,https://woessner-kolben.de,KONRAD-ZUSE STRASSE 2 WEIL AM RHEIN SOUTH,,
WOLFIN ENTERPRISE COMPANY LIMITED,Pad. 11 - Stand B33,"Wolfin is a company created by people coming from different horizons, with different cultures, but as common point more than 20 years experiences in global shoes market. Our main areas of expertise are especially the motorcycle boots, and high technical performance shoes. We have developed under our brand, a strong OEM basis in order to show our capability. From this base, our customers can make all the desired changes whether from a technical or aesthetic point of view (color, material...) thus defined, the product will be exclusive to them. We can also work on own customer' specifications. Here you can submit specific design project, all the technical characteristics and our R&D team will develop it to the final product. It becomes a completely customized and exclusive article. Our technical know-how, well connected to the industries, Europe designers working and easy communication will make you happy to work with this great team. Wolfin is a company created by people coming from different horizons, with different cultures, but as common point more than 20 years experiences in global shoes market. Our main areas of expertise are especially the motorcycle boots, and high technical performance shoes. We have developed under our brand, a strong OEM basis in order to show our capability. From this base, our customers can make all the desired changes whether from a technical or aesthetic point of view (color, material...) thus defined, the product will be exclusive to them. We can also work on own customer' specifications. Here you can submit specific design project, all the technical characteristics and our R&D team will develop it to the final product. It becomes a completely customized and exclusive article. Our technical know-how, well connected to the industries, Europe designers working and easy communication will make you happy to work with this great team.",,,,"5F-1, NO.631, SEC. 1,CHONGDE ROAD, NORTH DIST TAICHUNG CITY R.O.C.",NORTH DIST TAICHUNG CITY R.O.C.,
WORK SHOP S.R.L.,,,,,,,,
WOTTAN MOTOR SL,"Pad. 10,9 - Stand A80,S82",,,,,,,
WRP - WORKS RACING PARTS - WIND TRADING S.R.L.,Pad. 14 - Stand E35,"For over 40 years, Wind Trading has grown to serve the needs of the motorcycle industry. Wind Trading is oriented in sales and trade marketing at an international level, operating on behalf of manufacturers within the industry, and it is also specialized in the development of its own brands. With years of business know-how in the motorcycle industry, Wind Trading has thousands of contacts that ensure a head start at identifying the best and most suitable distributors, wholesalers, online shops and dealer chains for the products/brand. With a matured participation in the racing world, Wind Trading is vividly committed to roadracing and off-road sponsorships for both in-house products and for those represented. For over 40 years, Wind Trading has grown to serve the needs of the motorcycle industry. Wind Trading is oriented in sales and trade marketing at an international level, operating on behalf of manufacturers within the industry, and it is also specialized in the development of its own brands. With years of business know-how in the motorcycle industry, Wind Trading has thousands of contacts that ensure a head start at identifying the best and most suitable distributors, wholesalers, online shops and dealer chains for the products/brand. With a matured participation in the racing world, Wind Trading is vividly committed to roadracing and off-road sponsorships for both in-house products and for those represented.",,,https://windtrading.it,VIA DISMANO 114/G RAVENNA RA,,
WRS S.R.L.,Pad. 5 - Stand Q53,"WRS, azienda specializzata nella produzione di cupolini per moto, grazie a materiali di primissima scelta, design Made in Italy e finiture impeccabili è sinonimo di qualità assoluta. Con un costante impegno verso l’ottimizzazione aerodinamica e delle performance. Fornitore ufficiale di alcuni tra i più prestigiosi team in MotoGP e WorldSBK, tra cui Ducati Lenovo Factory, KTM Factory, BMW Motorrad WSBK, Yamaha WSBK, Pramac e VR46, affermandosi come punto di riferimento a livello internazionale. Nel 2024 ha segnato un traguardo storico anche nel mondo della vela, realizzando il primo cupolino della storia dell’America’s Cup per il team Luna Rossa Prada Pirelli. Attraverso il proprio e-commerce, WRS offre a motociclisti e appassionati un’ampia gamma di accessori e parti speciali uniti ad un servizio logistico all'avanguardia, portando la tecnologia e l’esperienza del racing sulle strade di tutti i giorni. WRS, azienda specializzata nella produzione di cupolini per moto, grazie a materiali di primissima scelta, design Made in Italy e finiture impeccabili è sinonimo di qualità assoluta. Con un costante impegno verso l’ottimizzazione aerodinamica e delle performance. Fornitore ufficiale di alcuni tra i più prestigiosi team in MotoGP e WorldSBK, tra cui Ducati Lenovo Factory, KTM Factory, BMW Motorrad WSBK, Yamaha WSBK, Pramac e VR46, affermandosi come punto di riferimento a livello internazionale. Nel 2024 ha segnato un traguardo storico anche nel mondo della vela, realizzando il primo cupolino della storia dell’America’s Cup per il team Luna Rossa Prada Pirelli. Attraverso il proprio e-commerce, WRS offre a motociclisti e appassionati un’ampia gamma di accessori e parti speciali uniti ad un servizio logistico all'avanguardia, portando la tecnologia e l’esperienza del racing sulle strade di tutti i giorni.",,,https://wrs.it,"VIA PIRANO, 6/M TAVULLIA PU",6/M TAVULLIA PU,
WTP - ACSUD SACIM DISTRIBUTION,Pad. 9 - Stand I51,,,,https://acsud-pro.com,BÂTIMENT D1 AVENUE PIERRE SÉMARD 135 AVIGNON AVIGNON,,
"WUHAN CARBIT TECHNOLOGY CO., LTD. - CHUANGJI EXHIBITION",,,,,,,,
"WUHAN YEESTEP TECHNOLOGY CO., LTD - SINOLIGHT INTERNATIONAL HOLDINGS CORPORATION (CLETC)","Pad. 14,4,6,9,7 - Stand C05,C08,E60,E64,E72,E76,I10,S85,U29,U30,E54,G61,S70,S68,S74,S76,S80,Q64,P82,E53,R64,I14,T94,C81,C87,A84,B87,A90,E55,S59",,,,https://cletc.com,SINOLIGHT PLAZA NO.4 WANG JING CHAOYANG DISTRICT BEIJING BEIJING,,
"WUNDER KRAFT CO., LTD. - CHUANGJI EXHIBITION",,,,,,,,
WUNDERLICH GMBH,Pad. 14 - Stand G24,,,,https://wunderlich.de,JOSEPH-VON-FRAUNHOFER-STR. 6-8 GRAFSCHAFT RHEINLAND-PFALZ,,
"WUXI ARK TECHNOLOGY ELECTRONIC CO.,LTD - CCCME",,,,,,,,
"WUXI BAIDE PRECISION MACHINERY CO., LTD - SINOLIGHT INTERNATIONAL HOLDINGS CORPORATION (CLETC)","Pad. 14,4,6,9,7 - Stand C05,C08,E60,E64,E72,E76,I10,S85,U29,U30,E54,G61,S70,S68,S74,S76,S80,Q64,P82,E53,R64,I14,T94,C81,C87,A84,B87,A90,E55,S59",,,,https://cletc.com,SINOLIGHT PLAZA NO.4 WANG JING CHAOYANG DISTRICT BEIJING BEIJING,,
"WUXI ESU ELECTRIC TECHNOLOGY CO., LTD. - HENAN FEIBO AUTOMOBILE INDUSTRY CO. , LTD.",Pad. 4 - Stand C88,E-CAR FACTORY E-CAR FACTORY,,,https://cnfeibo.com,"No. 111 XIANGHE, Sanlidian Township Runan Henan",Sanlidian Township Runan Henan,
"WUXI IMN TECHNOLOGY CO.,LTD - WUXI SHENYUN TECHNOLOGY DEVELOPMENT CO., LTD.","Pad. 11 - Stand S25,T34",,,,,,,
"WUXI LINGBO ELECTRONIC TECHNOLOGY CO., LTD. - HANGZHOU TROMOX TECHNOLOGY CO., LTD",Pad. 4 - Stand O81,"Wuxi Lingbo Electronic Technology Co., Ltd. is a scientific and technological innovation enterprise focusing on motor-driving technology and lithium battery management (BMS) technology. Our company is located in Wuxi Mayor Guangxi Wetland Park near the beautiful Taihu Lake. We focus on the research and development, manufacturing and sales of control systems for BLDCM and PMSM. We have a team of experienced engineers who have been devoted to product research and development in this field for many years, and have strong technical force. All of our products are completely independent research and development, and have independent intellectual property rights and patents. Wuxi Lingbo Electronic Technology Co., Ltd. is a scientific and technological innovation enterprise focusing on motor-driving technology and lithium battery management (BMS) technology. Our company is located in Wuxi Mayor Guangxi Wetland Park near the beautiful Taihu Lake. We focus on the research and development, manufacturing and sales of control systems for BLDCM and PMSM. We have a team of experienced engineers who have been devoted to product research and development in this field for many years, and have strong technical force. All of our products are completely independent research and development, and have independent intellectual property rights and patents.",,,https://lingbo-mc.com,"Building 10, NO.59 Xiuxi Road, Binhu District WUXI JIANGSU",Binhu District WUXI JIANGSU,
WUXI PASSION SPORTS PRODUCT CO. LTD,,,,,,,,
"WUXI RDB IMPORT AND EXPORT AGENCY CO., LTD.",,,,,,,,
"WUXI SHENYUN TECHNOLOGY DEVELOPMENT CO., LTD.",,,,,,,,
"WUXI SLANE AUTOCYCLE CO., LIMITED - YADEA TECHNOLOGY GROUP CO.,LTD",Pad. 11 - Stand M06,"Yadea (01585.HK) is the world's leading electric two-wheeler brand, with the product mainly covering electric motorcycles, electric mopeds, electric bicycles, electric tricycles, electric kick scooters, graphene lead-acid batteries, and sodium-ion batteries, along with their components and accessories. Headquartered in Wuxi, Jiangsu, Yadea operates 9 global production and R&D bases, spanning Jiangsu, Tianjin, Zhejiang, Guangdong, Chongqing, and Anhui, as well as overseas facilities in Vietnam, Indonesia and Thailand. Yadea’s products are sold in over 100 countries, with a retail network exceeding 40,000 stores worldwide. The company holds over 2,000 patents and boasts 3 national CNAS-certified laboratories, 6 technology research centers, and a national-level industrial design center. Yadea has also made groundbreaking advancements in the independent development of battery, motor, and electronic control technologies. Yadea is committed to its mission of ""Providing a wonderful journey for global users."" Yadea continuously delivers innovative, user-centric products and services by focusing on short- and medium-distance mobility. The company strives to make commuting more convenient and enjoyable, enhance people’s happiness, and contribute to a greener and more sustainable future, ensuring that users worldwide can experience the joy of electric mobility. Yadea (01585.HK) is the world's leading electric two-wheeler brand, with the product mainly covering electric motorcycles, electric mopeds, electric bicycles, electric tricycles, electric kick scooters, graphene lead-acid batteries, and sodium-ion batteries, along with their components and accessories. Headquartered in Wuxi, Jiangsu, Yadea operates 9 global production and R&D bases, spanning Jiangsu, Tianjin, Zhejiang, Guangdong, Chongqing, and Anhui, as well as overseas facilities in Vietnam, Indonesia and Thailand. Yadea’s products are sold in over 100 countries, with a retail network exceeding 40,000 stores worldwide. The company holds over 2,000 patents and boasts 3 national CNAS-certified laboratories, 6 technology research centers, and a national-level industrial design center. Yadea has also made groundbreaking advancements in the independent development of battery, motor, and electronic control technologies. Yadea is committed to its mission of ""Providing a wonderful journey for global users."" Yadea continuously delivers innovative, user-centric products and services by focusing on short- and medium-distance mobility. The company strives to make commuting more convenient and enjoyable, enhance people’s happiness, and contribute to a greener and more sustainable future, ensuring that users worldwide can experience the joy of electric mobility.",,,https://yadea.com,NO.515 XISHAN ROAD ANZHEN TOWN XISHAN DISTRICT WUXI JIANGSU,,
"WUXI TAILG TECHNOLOGY TRADING CO.,LTD",Pad. 10 - Stand I90,,,,,,,
"WUXI THAI-RACING TRADE CO., LTD. - HENAN FEIBO AUTOMOBILE INDUSTRY CO. , LTD.",Pad. 4 - Stand C88,E-CAR FACTORY E-CAR FACTORY,,,https://cnfeibo.com,"No. 111 XIANGHE, Sanlidian Township Runan Henan",Sanlidian Township Runan Henan,
"WUXI TOURWE ELECTRIC TECHNOLOGY CO.,LTD",Pad. 4 - Stand G78,"TourWe Electric Vehicle Co., Ltd. was established in 2012, committed to the R&D and manufacturing of e-bicycles, e-motorcycles, e-mopeds and e-tricycles. Covering an area of about 7,000 square meters, we possess perfect supporting facilities, R&D group, after-sales system. We mainly focus on the oversea market of the electric vehicle industry, major countries including Germany, France, India, Italy, Indonesia and Brazil. Our products are trusted and loved by more than 50 countries all over world. We also have one branch factory in India New Delhi, and one showroom in France. We pursue quality and innovation, Keeping ARAI, DOT, more than 15 models with EEC certificate, and more than 10 design patent models. 、 TourWe has a number of core technology that make the product more competitive, environmentally friendly and energy efficient. Welcome to join us, embracing new opportunities and revolution! TourWe Electric Vehicle Co., Ltd. was established in 2012, committed to the R&D and manufacturing of e-bicycles, e-motorcycles, e-mopeds and e-tricycles. Covering an area of about 7,000 square meters, we possess perfect supporting facilities, R&D group, after-sales system. We mainly focus on the oversea market of the electric vehicle industry, major countries including Germany, France, India, Italy, Indonesia and Brazil. Our products are trusted and loved by more than 50 countries all over world. We also have one branch factory in India New Delhi, and one showroom in France. We pursue quality and innovation, Keeping ARAI, DOT, more than 15 models with EEC certificate, and more than 10 design patent models. 、 TourWe has a number of core technology that make the product more competitive, environmentally friendly and energy efficient. Welcome to join us, embracing new opportunities and revolution!",,,https://wxtourwe.com,HUISHAN DISTRICT WUXI JIANGSU,,
WUXI XIAODAO ELECTRIC SCIENCE AND TECHNOLOGY INC,,,,,,,,
WUXI XUSHI THUNDER INTERNATIONAL TRADE CO. LTD.,Pad. 6 - Stand I21,,,,,,,
"WUXI ZHONGLI TECHNOLOGY CO., LTD. - EOVOBO INTELLIGENT TECHNOLOGY NORWAY",Pad. 18 - Stand H58,,,,,,,
"WUYI AICHI INDUSTRY&TRADE CO., LTD - SINOLIGHT INTERNATIONAL HOLDINGS CORPORATION (CLETC)","Pad. 14,4,6,9,7 - Stand C05,C08,E60,E64,E72,E76,I10,S85,U29,U30,E54,G61,S70,S68,S74,S76,S80,Q64,P82,E53,R64,I14,T94,C81,C87,A84,B87,A90,E55,S59",,,,,,,
"WUYI TURRUT VEHICLE INDUSTRY CO., LTD. - CCCME",,,,,,,,
"WYLEX - NINGBO LONGJIA POWER TECHNOLOGY CO., LTD.",Pad. 18 - Stand C75,,,,,,,
X-GRIP - BADX - BADX GMBH,,,,,,,,
X-LAND - SARING SP. Z O.O,Pad. 10 - Stand C56,"Saring Sp. z o.o. is a professional two wheeler trading company in Poland. Our main products include bicycles, motorcycles, as well as various accessories and equipment. Saring Sp. z o.o. is a professional two wheeler trading company in Poland. Our main products include bicycles, motorcycles, as well as various accessories and equipment.",,,https://saring.com.pl,"AL. JANA PAWLA II 27, 00-867 WARSZAWA WARSZAWA",00-867 WARSZAWA WARSZAWA,
X4 - SPARMART S.R.L.,Pad. 9 - Stand E71,,,,https://sparmart.it,VIA BORIMA 23 SUELLO LC,,
X09 SPORTS - SBA BROTHERS,,,,,,,,
XGM CORPORATION LIMITED - CCCME,,,,,,,,
"XI'AN FENGYU INFORMATION TECHNOLOGY CO., LTD. - HI-LIGHTING INT'L EXHIBITION BEIJING CO. LTD",Pad. 4 - Stand Q88,"Xi'an Fengyu Information Technology Co., Ltd., founded in 2015, is a provider of terminal equipment and solution services centered on specialized communications. We are committed to delivering smart, integrated, specialized communication terminals and solution services to both individual and industry users. Propelled by technology, we strive to build next-generation communication systems for the upcoming Internet of Everything era, bringing innovative products and solutions to society. Xi'an Fengyu Information Technology Co., Ltd., founded in 2015, is a provider of terminal equipment and solution services centered on specialized communications. We are committed to delivering smart, integrated, specialized communication terminals and solution services to both individual and industry users. Propelled by technology, we strive to build next-generation communication systems for the upcoming Internet of Everything era, bringing innovative products and solutions to society.",,,,"Room 01, 1st Floor, Building 16, Silk Road (Xi'an) Qianhai Park, No. 900 Xitai Road, High-tech Zone, Xi'an, Shaanxi Province, China XI AN SHAANXI",China XI AN SHAANXI,
"XIAMEN 3PLUS TEHCNOLOGY CO.,LTD - CCCME",,,,,,,,
"XIAMEN ANBO SPORTS GOODS CO.,LTD - SINOLIGHT INTERNATIONAL HOLDINGS CORPORATION (CLETC)","Pad. 14,4,6,9,7 - Stand C05,C08,E60,E64,E72,E76,I10,S85,U29,U30,E54,G61,S70,S68,S74,S76,S80,Q64,P82,E53,R64,I14,T94,C81,C87,A84,B87,A90,E55,S59",,,,https://cletc.com,SINOLIGHT PLAZA NO.4 WANG JING CHAOYANG DISTRICT BEIJING BEIJING,,
"XIAMEN BRIGHTBERG OUTDOOR PRODUCTS CO., LTD. - ARCTORA LIMITED",Pad. 4 - Stand I60,,,,,,,
"XIAMEN KINGUARD LOCKS CO., LTD. - TAIPEI EXHIBITION CENTER INC.","Pad. 18 - Stand I91,I92,L96",,,,,,,
"XIAMEN SHICHENXIN COMPOSITE TECHNOLOGY CO., LTD.",Pad. 4 - Stand C74,"Xiamen JYC was established in 2007, it is one of the largest manufacturers of FRP delivery boxes in Asia, with a number of patent certifications. We are committed to creating a one-stop service platform for logistics delivery. We integrate design, production and sales. At present, the company's products have been sold to more than 50 countries and regions. The industry leader in FRP delivery boxes. In 2020, we upgraded and launched an electric swing tricycle and a miniature fire truck. Xiamen JYC is committed to promoting green development and low-carbon development, and is determined to become a well-known brand in China's new energy transportation field and contribute its own strength to the world's environmental protection cause Xiamen JYC was established in 2007, it is one of the largest manufacturers of FRP delivery boxes in Asia, with a number of patent certifications. We are committed to creating a one-stop service platform for logistics delivery. We integrate design, production and sales. At present, the company's products have been sold to more than 50 countries and regions. The industry leader in FRP delivery boxes. In 2020, we upgraded and launched an electric swing tricycle and a miniature fire truck. Xiamen JYC is committed to promoting green development and low-carbon development, and is determined to become a well-known brand in China's new energy transportation field and contribute its own strength to the world's environmental protection cause",,,,"No.1, 4th floor, No.182 Siming garden, industrial concentration zone, Tong’an District, Xiamen City XIAMEN CITY FUJIAN",Xiamen City XIAMEN CITY FUJIAN,
"XIAMEN VELLAND GARMENTS CO., LTD - CCCME",,,,,,,,
XIAMENLENCO.CO.LTD - IMPORTERS & EXPORTERS ASSOCIATION OF TAIPEI,,,,,,,,
"XINGTAI FUMEIDA SHOCK ABSORBER SCIENCE AND TECHNOLOGIES CO., LTD - SINOLIGHT INTERNATIONAL HOLDINGS CORPORATION (CLETC)","Pad. 14,4,6,9,7 - Stand C05,C08,E60,E64,E72,E76,I10,S85,U29,U30,E54,G61,S70,S68,S74,S76,S80,Q64,P82,E53,R64,I14,T94,C81,C87,A84,B87,A90,E55,S59",,,,https://cletc.com,SINOLIGHT PLAZA NO.4 WANG JING CHAOYANG DISTRICT BEIJING BEIJING,,
"XINXING - CHONGQING LIDE INDUSTRY MANUFACTURE CO., LTD","Pad. 4,11,9 - Stand G60,G64,G70,I72,I76,B03,A04,B07,A10,B19,A16,B04,C05,C07,R81,S61,R71",,,,,,,
XIPU UNION SL,,,,,,,,
XPD SPEED ON WHEELS BOOTS - SPIDI SPORT S.R.L.,Pad. 5 - Stand E77,,,,,,,
XUANCHENG/COOLRIDE - CCCME,,,,,,,,
"XUZHOU ZHIBO LOCOMOTIVES CO.,LTD. - HENAN FEIBO AUTOMOBILE INDUSTRY CO. , LTD.",Pad. 4 - Stand C88,E-CAR FACTORY E-CAR FACTORY,,,https://cnfeibo.com,"No. 111 XIANGHE, Sanlidian Township Runan Henan",Sanlidian Township Runan Henan,
XZONE SP. Z O.O.,Pad. 18 - Stand G58,"Xzone is a brand specializing in the care, cleaning, and maintenance of motorcycle clothing and accessories. We develop high-quality products designed to clean, protect, and extend the life of riding gear, including helmets, leather suits, and technical textiles. Xzone is trusted by motorcyclists who value both performance and safety. Xzone is a brand specializing in the care, cleaning, and maintenance of motorcycle clothing and accessories. We develop high-quality products designed to clean, protect, and extend the life of riding gear, including helmets, leather suits, and technical textiles. Xzone is trusted by motorcyclists who value both performance and safety.",,,,LIGONIA 4 KRZYZOWICE SLASK,,
Y.S.S.(THAILAND) PUBLIC COMPANY LIMITED,Pad. 11 - Stand G43,"Y.S.S. (Thailand) Public Company Limited is a manufacturer and distributor of World-Class Suspension Systems for Motorcycles, Cars, Scooters, ATVs/UTVs, and Special-purpose vehicles. Our catalogue offers 8,000 items across 3,450 models covering the full product ranges. Backed by over 40 years of suspension expertise and a worldwide R&D teams spanning eight countries, YSS products are exported to 40 countries and supported by 60 distributors. We are committed to continuous innovation—leveraging complete in-house technology from design and materials to precision testing, to deliver optimal performance, reliability, and value for riders and partners around the globe. Y.S.S. (Thailand) Public Company Limited is a manufacturer and distributor of World-Class Suspension Systems for Motorcycles, Cars, Scooters, ATVs/UTVs, and Special-purpose vehicles. Our catalogue offers 8,000 items across 3,450 models covering the full product ranges. Backed by over 40 years of suspension expertise and a worldwide R&D teams spanning eight countries, YSS products are exported to 40 countries and supported by 60 distributors. We are committed to continuous innovation—leveraging complete in-house technology from design and materials to precision testing, to deliver optimal performance, reliability, and value for riders and partners around the globe.",,,,THEPHARAK RD. BANGPLA BANGPLEE SAMUTPRAKARN BANGKOK,,
"YADEA TECHNOLOGY GROUP CO.,LTD",Pad. 11 - Stand M06,"Yadea (01585.HK) is the world's leading electric two-wheeler brand, with the product mainly covering electric motorcycles, electric mopeds, electric bicycles, electric tricycles, electric kick scooters, graphene lead-acid batteries, and sodium-ion batteries, along with their components and accessories. Headquartered in Wuxi, Jiangsu, Yadea operates 9 global production and R&D bases, spanning Jiangsu, Tianjin, Zhejiang, Guangdong, Chongqing, and Anhui, as well as overseas facilities in Vietnam, Indonesia and Thailand. Yadea’s products are sold in over 100 countries, with a retail network exceeding 40,000 stores worldwide. The company holds over 2,000 patents and boasts 3 national CNAS-certified laboratories, 6 technology research centers, and a national-level industrial design center. Yadea has also made groundbreaking advancements in the independent development of battery, motor, and electronic control technologies. Yadea is committed to its mission of ""Providing a wonderful journey for global users."" Yadea continuously delivers innovative, user-centric products and services by focusing on short- and medium-distance mobility. The company strives to make commuting more convenient and enjoyable, enhance people’s happiness, and contribute to a greener and more sustainable future, ensuring that users worldwide can experience the joy of electric mobility. Yadea (01585.HK) is the world's leading electric two-wheeler brand, with the product mainly covering electric motorcycles, electric mopeds, electric bicycles, electric tricycles, electric kick scooters, graphene lead-acid batteries, and sodium-ion batteries, along with their components and accessories. Headquartered in Wuxi, Jiangsu, Yadea operates 9 global production and R&D bases, spanning Jiangsu, Tianjin, Zhejiang, Guangdong, Chongqing, and Anhui, as well as overseas facilities in Vietnam, Indonesia and Thailand. Yadea’s products are sold in over 100 countries, with a retail network exceeding 40,000 stores worldwide. The company holds over 2,000 patents and boasts 3 national CNAS-certified laboratories, 6 technology research centers, and a national-level industrial design center. Yadea has also made groundbreaking advancements in the independent development of battery, motor, and electronic control technologies. Yadea is committed to its mission of ""Providing a wonderful journey for global users."" Yadea continuously delivers innovative, user-centric products and services by focusing on short- and medium-distance mobility. The company strives to make commuting more convenient and enjoyable, enhance people’s happiness, and contribute to a greener and more sustainable future, ensuring that users worldwide can experience the joy of electric mobility.",,,https://yadea.com,NO.515 XISHAN ROAD ANZHEN TOWN XISHAN DISTRICT WUXI JIANGSU,,
YAMAHA MOTOR EUROPE,Pad. 10 - Stand E90,"Yamaha Motor Europe è responsabile della distribuzione, del marketing e delle vendite dei prodotti Yamaha nel continente europeo, oltre a svolgere attività di ricerca e sviluppo e produzione di alcune componenti e prodotti. Yamaha Motor Europe è responsabile della distribuzione, del marketing e delle vendite dei prodotti Yamaha nel continente europeo, oltre a svolgere attività di ricerca e sviluppo e produzione di alcune componenti e prodotti.",,,https://yamahamotor.eu,"KOOLHOVENLAAN,101 SCHIPHOL-RIJK NOORD HOLLAND",101 SCHIPHOL-RIJK NOORD HOLLAND,
YAMEITEX - ZHEJIANG BENOD AUTOMOBILE MANUFACTURING CO. LTD.,,,,,,,,
YANGJIANG YONGSHENG EXTREME SPORTS EQUIPMENT LTD,Pad. 18 - Stand A90,"YS Helmets is a motorcycle helmet manufacturer located in Guangdong, China. The company has quality testing equipment imported from Italy, automatic painting equipment, and a strong technical team well experienced on research and development and production. We produce helmets by DOT and ECE standards, and we have also passed the Japanese standard SG factory auditing and obtained the SG certificate. We mainly sell to Europe, America and Southeast Asia. We are working with more and more world famous brands. In addition to ABS helmets, the company has also established carbon fiber and fiberglass helmet projects. In order to make the products more in line with the needs of European and American customers, we cooperate with European and American local designers to develop new products. We get a strong team and we are in a position to develop and work together with customers on new projects. As a professional motorcycle helmet manufacturer, our goal is to be among the leading ones in the helmet industry. Welcome to visit us at any time to discuss mutual cooperations. YS Helmets is a motorcycle helmet manufacturer located in Guangdong, China. The company has quality testing equipment imported from Italy, automatic painting equipment, and a strong technical team well experienced on research and development and production. We produce helmets by DOT and ECE standards, and we have also passed the Japanese standard SG factory auditing and obtained the SG certificate. We mainly sell to Europe, America and Southeast Asia. We are working with more and more world famous brands. In addition to ABS helmets, the company has also established carbon fiber and fiberglass helmet projects. In order to make the products more in line with the needs of European and American customers, we cooperate with European and American local designers to develop new products. We get a strong team and we are in a position to develop and work together with customers on new projects. As a professional motorcycle helmet manufacturer, our goal is to be among the leading ones in the helmet industry. Welcome to visit us at any time to discuss mutual cooperations.",,,,"TECHNOLOGY 6TH RD SOUTH,FUGANG INDUSTRIAL PARK, GAOXIN DISTRICT YANGJIANG GUANGDONG",GAOXIN DISTRICT YANGJIANG GUANGDONG,
YANLI - CCCME,,,,,,,,
"YANTAI RFX OIL SEAL CO.,LTD - XIPU UNION SL",,,,,,,,
YAT FUNG APPAREL LTD,,,,,,,,
YCF,Pad. 18 - Stand I71,"YCF è un costruttore francese di moto da più di 20 anni, specializzato in minicross, minimotard e da qualche anno anche minigp e moto elettriche. YCF è un costruttore francese di moto da più di 20 anni, specializzato in minicross, minimotard e da qualche anno anche minigp e moto elettriche.",,,https://ycf-riding.com,RMD 3F JONSIM PLACE 228 QUEEN'S ROAD EAST WANCHAI HONG KONG HONG KONG,,
"YCM - YOUCHENG METAL PRODUCTS CO.,LTD",Pad. 11 - Stand A36,"YCM is a leading manufacturer based in China, specializing in the production of high-performance aluminum frames for electric motorcycles and bikes. Renowned for our expertise, we create lightweight yet exceptionally strong frames that provide unmatched durability and performance. Our commitment to innovation and precision engineering has made us the top choice for electric motorcycle manufacturers across the industry. With cutting-edge technology and rigorous quality control, we deliver top-tier solutions that help our clients achieve superior performance and reliability in every ride. YCM is a leading manufacturer based in China, specializing in the production of high-performance aluminum frames for electric motorcycles and bikes. Renowned for our expertise, we create lightweight yet exceptionally strong frames that provide unmatched durability and performance. Our commitment to innovation and precision engineering has made us the top choice for electric motorcycle manufacturers across the industry. With cutting-edge technology and rigorous quality control, we deliver top-tier solutions that help our clients achieve superior performance and reliability in every ride.",,,,"25-9,LIANDU RD.,LELIU TOWN,SHUNDE DISTRICT FOSHAN CHINA",SHUNDE DISTRICT FOSHAN CHINA,
"YEU CHUEH INDUSTRY CO., LTD. - TAIPEI EXHIBITION CENTER INC.","Pad. 18 - Stand I91,I92,L96",,,,,,,
YIBEN MOTOR,Pad. 11 - Stand T44,"As Yiben Motor Türkiye, we stand out in the industry through innovative and high-quality motorcycle production. With our advanced engineering approach and user-centric designs, we manufacture motorcycles that make urban transportation more practical and enjoyable. Our current product range includes the Palermo YB50 CC, Doohan 50CC, and CG50 CC models. As Yiben Motor Türkiye, we stand out in the industry through innovative and high-quality motorcycle production. With our advanced engineering approach and user-centric designs, we manufacture motorcycles that make urban transportation more practical and enjoyable. Our current product range includes the Palermo YB50 CC, Doohan 50CC, and CG50 CC models.",,,https://yibenmotor.com.tr,MUSTAFA KEMAL PASA CAD. NO:52 ISTANBUL YARIMBURGAZ MAH,,
"YIH FENG METAL INDUSTRIAL CO., LTD.",Pad. 5 - Stand A88,,,,,,,
"YING PAIO ENTERPRISE CO., LTD. - TAIWAN TRANSPORTATION VEHICLE MANUFACTURERS ASS.",Pad. 5 - Stand A78,,,,,,,
"YINGANG - HENAN FEIBO AUTOMOBILE INDUSTRY CO. , LTD.",Pad. 4 - Stand C88,E-CAR FACTORY E-CAR FACTORY,,,https://cnfeibo.com,"No. 111 XIANGHE, Sanlidian Township Runan Henan",Sanlidian Township Runan Henan,
"YINGKOU DARK HORSE SPORTS GOODS CO.,LTD - CCCME",Pad. 7 - Stand R47,,,,,,,
YINXIANG - GOWOW ORION,,,,,,,,
"YIWU GUANGSHU INTELLIGENT TECHNOLOGY CO.,LTD - CCCME","Pad. 14,4,6,9,7 - Stand C05,C08,E60,E64,E72,E76,I10,S85,U29,U30,E54,G61,S70,S68,S74,S76,S80,Q64,P82,E53,R64,I14,T94,C81,C87,A84,B87,A90,E55,S59",,,,,,,
"YOHE GROUP CO.,LTD",Pad. 11 - Stand E46,"Since 1993, YOHE Group Co.,Ltd. has been a leader in motorcycle helmet design and production. With over $100 million invested in three state-of-the-art factories spanning 1 million square feet, our 1,100+ skilled professionals deliver excellence in engineering, design, assembly, visor production, and decal printing. YOHE offers over 120 OEM public moulds annually, including full-face, open-face, half-face, motocross, and flip-up helmets under our trusted YOHE and RYMIC brands, alongside custom OEM orders. As one of China’s largest helmet manufacturers, we continuously expand our capacity to meet global demand. Our commitment to safety is unmatched, with certifications including SNELL, DOT, ECE, FIM, NBR, CCC, and JIS, rigorously tested in our advanced in-house laboratory featuring cutting-edge automated equipment from Italy and Canada. Our vertically integrated operation, including an in-house tooling factory, ensures precision and quality, backed by ISO9001:2015 certification and recognition from the Bureau of Quality and Technical Supervision. Serving customers in over 55 countries, YOHE is your trusted partner for innovative, high-quality helmet solutions. Visit our booth to explore our products and discuss how we can exceed your expectations. Contact us for more details! Since 1993, YOHE Group Co.,Ltd. has been a leader in motorcycle helmet design and production. With over $100 million invested in three state-of-the-art factories spanning 1 million square feet, our 1,100+ skilled professionals deliver excellence in engineering, design, assembly, visor production, and decal printing. YOHE offers over 120 OEM public moulds annually, including full-face, open-face, half-face, motocross, and flip-up helmets under our trusted YOHE and RYMIC brands, alongside custom OEM orders. As one of China’s largest helmet manufacturers, we continuously expand our capacity to meet global demand. Our commitment to safety is unmatched, with certifications including SNELL, DOT, ECE, FIM, NBR, CCC, and JIS, rigorously tested in our advanced in-house laboratory featuring cutting-edge automated equipment from Italy and Canada. Our vertically integrated operation, including an in-house tooling factory, ensures precision and quality, backed by ISO9001:2015 certification and recognition from the Bureau of Quality and Technical Supervision. Serving customers in over 55 countries, YOHE is your trusted partner for innovative, high-quality helmet solutions. Visit our booth to explore our products and discuss how we can exceed your expectations. Contact us for more details!",,,https://yohehelmets.com,"YANNAN INDUSTRY AREA LONGGAO ROAD, JIUJIANG , NANHAI FOSHAN GUANGDONG",NANHAI FOSHAN GUANGDONG,
"YONGKANG KABIN FOREIGN TRADE CO., LTD - SINOLIGHT INTERNATIONAL HOLDINGS CORPORATION (CLETC)","Pad. 14,4,6,9,7 - Stand C05,C08,E60,E64,E72,E76,I10,S85,U29,U30,E54,G61,S70,S68,S74,S76,S80,Q64,P82,E53,R64,I14,T94,C81,C87,A84,B87,A90,E55,S59",,,,https://cletc.com,SINOLIGHT PLAZA NO.4 WANG JING CHAOYANG DISTRICT BEIJING BEIJING,,
"YONGKANG KARMAN VEHICLE CO., LTD.",Pad. 4 - Stand Q81,"Yongkang Karman Vehicle CO., LTD. is an experienced ATV manufacturer with 17 years of production experience. Eight years of export experience, successful deliveries to Europe, Russia, Kazakhstan, and other Central Asian countries, Africa, and South America. Our main products are ATV, UTV, DIRT BIKE, GO KART for kids and adults. Yongkang Karman Vehicle CO., LTD. is an experienced ATV manufacturer with 17 years of production experience. Eight years of export experience, successful deliveries to Europe, Russia, Kazakhstan, and other Central Asian countries, Africa, and South America. Our main products are ATV, UTV, DIRT BIKE, GO KART for kids and adults.",,,,"1st Floor, Building 6, No. 7 Yinchuan East Road, Dongcheng Street, Yongkang City, Jinhua City, Zhejiang, Province JINHUA ZHEJIANG",Province JINHUA ZHEJIANG,
"YONGKANG LINGENIOUS TECH CO., LTD. - ARCTORA LIMITED",Pad. 5 - Stand T52,,,,https://arctora.com,"8 THE GREEN,STE R DOVER Delaware",STE R DOVER Delaware,
"YONGKANG SHANGXIA INDUSTRY AND TRADE CO., LTD. - CCCME","Pad. 4 - Stand M56,M60,M64,M70,M55,O61",,,,,,,
"YONGKANG TONLIM SPORTS CO.,LTD.","Pad. 14,4,6,9,7 - Stand C05,C08,E60,E64,E72,E76,I10,S85,U29,U30,E54,G61,S70,S68,S74,S76,S80,Q64,P82,E53,R64,I14,T94,C81,C87,A84,B87,A90,E55,S59",,,,,,,
"YOUCHENG METAL PRODUCTS CO.,LTD",Pad. 11 - Stand A36,"YCM is a leading manufacturer based in China, specializing in the production of high-performance aluminum frames for electric motorcycles and bikes. Renowned for our expertise, we create lightweight yet exceptionally strong frames that provide unmatched durability and performance. Our commitment to innovation and precision engineering has made us the top choice for electric motorcycle manufacturers across the industry. With cutting-edge technology and rigorous quality control, we deliver top-tier solutions that help our clients achieve superior performance and reliability in every ride. YCM is a leading manufacturer based in China, specializing in the production of high-performance aluminum frames for electric motorcycles and bikes. Renowned for our expertise, we create lightweight yet exceptionally strong frames that provide unmatched durability and performance. Our commitment to innovation and precision engineering has made us the top choice for electric motorcycle manufacturers across the industry. With cutting-edge technology and rigorous quality control, we deliver top-tier solutions that help our clients achieve superior performance and reliability in every ride.",,,,"25-9,LIANDU RD.,LELIU TOWN,SHUNDE DISTRICT FOSHAN CHINA",SHUNDE DISTRICT FOSHAN CHINA,
YOUNGPOONG FILLTEX,,,,,,,,
YUANHAN INTERNATIONAL TRADING LIMITED,,,,,,,,
YUASA - GS YUASA BATTERY EUROPE LTD,Pad. 10 - Stand E75,,,,,,,
"YUEQING HENGSHENG MOTORCYCLE FITTINGS CO.,LTD (PVT), LTD",,,,,,,,
"YUFENG GLOBAL(TIANJIN) TECHNOLOGY CO., LTD.",Pad. 18 - Stand A90,,,,,,,
"YUHUAN HUIXIN MACHINERY CO.,LTD. - ARCTIC LEOPARD ELECTRIC TECHNOLOGY CO., LTD.",Pad. 10 - Stand I95,"Arctic leopard electric technology is the world's leading supplier of high-performance electric off-road motorcycles.The company is committed to providing global users with electric off-road vehicles with higher performance, longer battery life, lighter vehicle weight and better control. In 2024, it swept the top three spots in the Dakar M1000 electric category with its mass-produced model EXE880, using race technology to benefit civilian products and promote the development of green extreme sports. Currently products have been exported to 30+ countries including Southeast Asia and Europe, and the goal is to become one of the top 3 brands in the global high-performance electric off-road motorcycle sector. Arctic leopard electric technology is the world's leading supplier of high-performance electric off-road motorcycles.The company is committed to providing global users with electric off-road vehicles with higher performance, longer battery life, lighter vehicle weight and better control. In 2024, it swept the top three spots in the Dakar M1000 electric category with its mass-produced model EXE880, using race technology to benefit civilian products and promote the development of green extreme sports. Currently products have been exported to 30+ countries including Southeast Asia and Europe, and the goal is to become one of the top 3 brands in the global high-performance electric off-road motorcycle sector.",,,https://arctic-leopard.com,"NO.1001, CHENGXI AVENUE, WENLING CITY TAIZHOU ZHEJIANG",WENLING CITY TAIZHOU ZHEJIANG,
"YUHUAN KAICHI MACHINERY CO., LTD. - CCCME",,,,,,,,
"YUHUAN KAILING MACHINERY GROUP CO.,LTD.",Pad. 4 - Stand O76,,,,https://kailingcn.com,M&E INDUSTRIAL ZONE OF YUHUAN TAIZHOU ZHEJIANG,,
"YUHUAN QIWEI MACHINERY CO.,LTD. - BE BEST INTERNATIONAL SP.ZO.O",Pad. 4 - Stand H75,"Yuhuan Qiwei Machinery Co., Ltd. is a manufacturer specializing in brake disc for motorcycle and bicycle, Set R & D, production, sales in one of the production company, established in 2010 and it is located in the city YuHuan. Since its establishment, we have always adhered to the principle that development is the first productive force, from product development, processing to finished products, each process is equipped with advanced production lines and strict testing system to ensure that the performance of each disc brake is higher than the industry standard. The company obtained the high-tech enterprise certificate in 2023. Our products are exported to all over the world, with good products and quality service, get the general approval of customers. Yuhuan Qiwei Machinery Co., Ltd. is a manufacturer specializing in brake disc for motorcycle and bicycle, Set R & D, production, sales in one of the production company, established in 2010 and it is located in the city YuHuan. Since its establishment, we have always adhered to the principle that development is the first productive force, from product development, processing to finished products, each process is equipped with advanced production lines and strict testing system to ensure that the performance of each disc brake is higher than the industry standard. The company obtained the high-tech enterprise certificate in 2023. Our products are exported to all over the world, with good products and quality service, get the general approval of customers.",,,https://zjqiwei.cn,"No. 10 Jindifu Road Lupu Industrial Zone Yuhuan, Taizhou Zhejiang, China YUHUAN ZHEJIANG",China YUHUAN ZHEJIANG,
"YUNTONG POWER CO.,LTD",Pad. 4 - Stand Q85,,,,,LINGGANG NEW INDUSTRIAL BUILDING ZHONGSHAN GUANGDONG,,
ZAC SPEED - FORBIKES SRL,,,,,,,,
ZANDONÀ SRL,,,,,,,,
ZEEHO - CFMOTO,Pad. 10 - Stand I52,,,,,,,
ZERO MOTORCYCLES,Pad. 7 - Stand O32,"Zero Motorcycles is the global leader in electric motorcycles and powertrains. Founded in 2006, Zero operates in over 40 countries and has 10 full-sized consumer models built on three different platforms for both street and dual-sport use. In addition, Zero offers models specifically designed for fleet use which are currently deployed by over 240 US-based agencies and scores more worldwide. With a relentless focus on innovation, Zero Motorcycles combines Silicon Valley technology with traditional motorcycle soul, elevating the motorcycling experience for intelligent, innovative riders around the world. Zero Motorcycles is the global leader in electric motorcycles and powertrains. Founded in 2006, Zero operates in over 40 countries and has 10 full-sized consumer models built on three different platforms for both street and dual-sport use. In addition, Zero offers models specifically designed for fleet use which are currently deployed by over 240 US-based agencies and scores more worldwide. With a relentless focus on innovation, Zero Motorcycles combines Silicon Valley technology with traditional motorcycle soul, elevating the motorcycling experience for intelligent, innovative riders around the world.",,,https://zeromotorcycles.com,OESTER 12 NOORD-SCHARWOUDE NOORD-HOLLAND,,
ZETA X BOOTS,Pad. 9 - Stand R66,"The company is headquartered in Sialkot, a region for footwear production in Pakistan. Zeta X works closely with local and international suppliers to ensure that the entire production process, from sourcing raw materials and components to other aspects of production such as finishing, is of the finest quality. Through this scrutiny and attention to every detail, Zeta X artisans extract the best from expert suppliers in the region, ensuring the exclusive comfort and fit of their finished products. Zeta X Boots operate only on the CE standards. The company is headquartered in Sialkot, a region for footwear production in Pakistan. Zeta X works closely with local and international suppliers to ensure that the entire production process, from sourcing raw materials and components to other aspects of production such as finishing, is of the finest quality. Through this scrutiny and attention to every detail, Zeta X artisans extract the best from expert suppliers in the region, ensuring the exclusive comfort and fit of their finished products. Zeta X Boots operate only on the CE standards.",,,https://zetaxboots.com,"19 KM, DASKA ROAD SIALKOT PUNJAB",DASKA ROAD SIALKOT PUNJAB,
ZF ITALIA - TRW - DELL'ORTO S.P.A.,Pad. 9 - Stand I73,"La Dell’Orto SpA ha iniziato la sua attività nel 1933 con la produzione di carburatori per moto, ampliandola negli anni con sistemi a iniezione, corpi farfallati e centraline elettroniche, fino ai recenti progetti sull’elettrificazione. Una costante evoluzione che la rende oggi un’azienda moderna e totalmente integrata a livello produttivo, che fa della ricerca tecnologica il suo punto di forza. Un DNA vincente fatto di passione, innovazione e motorsport, qualità che le hanno permesso di affermarsi a livello nazionale ed internazionale. DELLORTO began its activity in 1933 manufacturing carburetors for motorcycles, expanding its production over the years with injection systems, throttle bodies and electronic control units, up to the recent electrification projects. A constant evolution that today makes it a modern and totally integrated company at the production level, which makes technological research its point of strength. A winning DNA made of passion, innovation and motorsport, qualities that have allowed DELLORTO to establish itself on both national and international market. La Dell’Orto SpA ha iniziato la sua attività nel 1933 con la produzione di carburatori per moto, ampliandola negli anni con sistemi a iniezione, corpi farfallati e centraline elettroniche, fino ai recenti progetti sull’elettrificazione. Una costante evoluzione che la rende oggi un’azienda moderna e totalmente integrata a livello produttivo, che fa della ricerca tecnologica il suo punto di forza. Un DNA vincente fatto di passione, innovazione e motorsport, qualità che le hanno permesso di affermarsi a livello nazionale ed internazionale. DELLORTO began its activity in 1933 manufacturing carburetors for motorcycles, expanding its production over the years with injection systems, throttle bodies and electronic control units, up to the recent electrification projects. A constant evolution that today makes it a modern and totally integrated company at the production level, which makes technological research its point of strength. A winning DNA made of passion, innovation and motorsport, qualities that have allowed DELLORTO to establish itself on both national and international market.",,,https://dellorto.it,VIA KENNEDY 7 CABIATE CO,,
ZHAOQING MEICHENG EXTREME SPORTS GOODS CO.LTD,"Pad. 4,9 - Stand I56,I60,I66,T80,S86",,,,,,,
ZHAOQING MEICHENG EXTREME SPORTS GOODS CO.LTD - HI-LIGHTING INT'L EXHIBITION BEIJING CO. LTD,"Pad. 4,9 - Stand I56,I60,I66,T80,S86",,,,,,,
"ZHAOQING NANYUE INDUSTRY CO.,LTD. - CHUANGJI EXHIBITION","Pad. 4 - Stand O62,O60,R85,R78",,,,,,,
"ZHEJIANG AIJIU TECHNOLOGY CO.,LTD - HI-LIGHTING INT'L EXHIBITION BEIJING CO. LTD","Pad. 4,9 - Stand I56,I60,I66,T80,S86",,,,https://hi-lighting.com,"12B07 BUILDING A U-SPACE, NO.8 GUANGQUMENWAI STREET CHAOYANG CHINA",NO.8 GUANGQUMENWAI STREET CHAOYANG CHINA,
"ZHEJIANG AIJIU TECHNOLOGY CO.,LTD - SINOLIGHT INTERNATIONAL HOLDINGS CORPORATION (CLETC)","Pad. 14,4,6,9,7 - Stand C05,C08,E60,E64,E72,E76,I10,S85,U29,U30,E54,G61,S70,S68,S74,S76,S80,Q64,P82,E53,R64,I14,T94,C81,C87,A84,B87,A90,E55,S59",,,,https://cletc.com,SINOLIGHT PLAZA NO.4 WANG JING CHAOYANG DISTRICT BEIJING BEIJING,,
"ZHEJIANG AOLONG ELECTRICAL SOURCE CO.,LTD - ZHEJIANG BENOD AUTOMOBILE MANUFACTURING CO. LTD.",,,,,,,,
ZHEJIANG BENOD AUTOMOBILE MANUFACTURING CO. LTD.,,,,,,,,
"ZHEJIANG BOKAI MOTORCYCLE PARTS CO., LTD. - HI-LIGHTING INT'L EXHIBITION BEIJING CO. LTD","Pad. 4,9 - Stand I56,I60,I66,T80,S86",,,,https://hi-lighting.com,"12B07 BUILDING A U-SPACE, NO.8 GUANGQUMENWAI STREET CHAOYANG CHINA",NO.8 GUANGQUMENWAI STREET CHAOYANG CHINA,
"ZHEJIANG BOSUER MOTION APPARATUS CO., LTD. - CHUANGJI EXHIBITION",,,,,,,,
"ZHEJIANG CFMOTO POWER CO.,LTD - CFMOTO",Pad. 10 - Stand I52,,,,,,,
"ZHEJIANG CHUANGHUI SPORTS CO., LTD. - BEIJING HAOBO TRADE & TECHNOLOGY CO., LTD.",,,,,,,,
"ZHEJIANG DONGSHENG MOTORCYCLE ACCESSORIES CO.,LTD - CCCME",Pad. 4 - Stand I73,"Zhejiang Dongsheng Motorcycle Accessories Co.,Ltd. is located at No. 337, Lvgu Avenue, Nanmingshan Street, Liandu District, Lishui City. Since its establishment in 1998,Zhejiang Dongsheng has always adhered to the enterprise spirit of ""pragmatism, integrity and innovation"", adhered to the business philosophy of ""mutual benefit and common development"", and is committed to providing more people with safe and reliable products and services.It has developed into a modern enterprise integrating R & D, design and production, specializing in the R & D and manufacturing of motorcycle helmets, top case and other products, with an annual output of more than two million pieces, which was known as the representative of Made in China. Zhejiang Dongsheng Motorcycle Accessories Co.,Ltd. is located at No. 337, Lvgu Avenue, Nanmingshan Street, Liandu District, Lishui City. Since its establishment in 1998,Zhejiang Dongsheng has always adhered to the enterprise spirit of ""pragmatism, integrity and innovation"", adhered to the business philosophy of ""mutual benefit and common development"", and is committed to providing more people with safe and reliable products and services.It has developed into a modern enterprise integrating R & D, design and production, specializing in the R & D and manufacturing of motorcycle helmets, top case and other products, with an annual output of more than two million pieces, which was known as the representative of Made in China.",,,,"337th, Lvgu Avenue，Nanmingshan Street, Liandu District LISHUI ZHEJIANG",Liandu District LISHUI ZHEJIANG,
"ZHEJIANG E-SHINE MACHINERY TECHNOLOGY CO., LTD - SINOLIGHT INTERNATIONAL HOLDINGS CORPORATION (CLETC)","Pad. 14,4,6,9,7 - Stand C05,C08,E60,E64,E72,E76,I10,S85,U29,U30,E54,G61,S70,S68,S74,S76,S80,Q64,P82,E53,R64,I14,T94,C81,C87,A84,B87,A90,E55,S59",,,,https://cletc.com,SINOLIGHT PLAZA NO.4 WANG JING CHAOYANG DISTRICT BEIJING BEIJING,,
"ZHEJIANG ENHUA NEW MATERIAL TECHNOLOGY CO.,LTD. - BRØDRESKIFT TECH AS",Pad. 18 - Stand H58,,,,https://brodreskifttech.top,BERGERVEIEN 26 ASKER VIKEN,,
"ZHEJIANG FRANK MORINI NEW ENERGY CO., LTD. - CCCME",,,,,,,,
"ZHEJIANG FUNSHION LEISURE SUPPLIES CO.,LTD. - INTENCE BIKES LLC","Pad. 11 - Stand M26,E40",,,,,,,
"ZHEJIANG HANBAI IMPORT AND EXPORT CO.,LTD - SINOLIGHT INTERNATIONAL HOLDINGS CORPORATION (CLETC)","Pad. 14,4,6,9,7 - Stand C05,C08,E60,E64,E72,E76,I10,S85,U29,U30,E54,G61,S70,S68,S74,S76,S80,Q64,P82,E53,R64,I14,T94,C81,C87,A84,B87,A90,E55,S59",,,,https://cletc.com,SINOLIGHT PLAZA NO.4 WANG JING CHAOYANG DISTRICT BEIJING BEIJING,,
"ZHEJIANG HANGPAI ELECTRIC TECHNOLOGY CO., LTD - CCPIT AUTO","Pad. 4 - Stand M56,M60,M64,M70,M55,O61",,,,,,,
"ZHEJIANG HAOTAO TECHNOLOGY CO., LTD. - CCCME",,,,,,,,
"ZHEJIANG HAOXING TECHNOLOGY CO., LTD. - CHINA ELECTRIC TWO-WHEELERS ASSOCIATION",,,,,,,,
"ZHEJIANG HAYING INTELLIGENT TECHNOLOGY CO.,LTD.",,,,,,,,
"ZHEJIANG JESSICA TRANSMISSION CO., LTD.",,,,,,,,
"ZHEJIANG JIAERCHENG AUTO PARTS CO.,LTD. - SICHUAN LIYANG INDUSTRY CO.,LTD",Pad. 4 - Stand A80,,,,,,,
ZHEJIANG JINBANG SPORTS EQUIPMENT CO.LTD. - CCCME,,,,,,,,
"ZHEJIANG JINGHE TECHNOLOGY CO., LTD - SINOLIGHT INTERNATIONAL HOLDINGS CORPORATION (CLETC)","Pad. 14,4,6,9,7 - Stand C05,C08,E60,E64,E72,E76,I10,S85,U29,U30,E54,G61,S70,S68,S74,S76,S80,Q64,P82,E53,R64,I14,T94,C81,C87,A84,B87,A90,E55,S59",,,,,,,
"ZHEJIANG JINGLONG VEHICLE INDUSTRY CO., LTD. - CHUANGJI EXHIBITION",,,,,,,,
"ZHEJIANG JINMIVO TECHNOLOGY CO.,LTD. - HANGZHOU DAYI INTELLIGENT TECHNOLOGY CO., LTD",Pad. 9 - Stand R75,"Hangzhou Dayi Intelligent Technology Co., LTD (known as DAYI Motor) is one of the leading manufacturers and exporters in the field of electric motorcycles & scooters in China. The company has been approved of ISO9001 quality management system certification. And all series products have been approved of EEC and COC certificate issued by the EU Ministry of Transport. DAYI Motor sticks to the belief of supreme quality and design on the products provided to various markets. DAYI Motor has setup its warehouse in the Netherlands from where the vehicles are deposited and dispatched to the customers covering the whole EU market. In the past decade, DAYI Motor devoted itself into the manufacturering, innovation and marketing of the electric two-wheelers vehicle. We kept launching new models at every exhibition EICMA and INTERMOT, the most two influential summits in the sector of two wheelers industry in the world. We look forward to working, sharing the dividends brought by the technological creation of electric vehicles and making the world better with our customers worldwide. Hangzhou Dayi Intelligent Technology Co., LTD (known as DAYI Motor) is one of the leading manufacturers and exporters in the field of electric motorcycles & scooters in China. The company has been approved of ISO9001 quality management system certification. And all series products have been approved of EEC and COC certificate issued by the EU Ministry of Transport. DAYI Motor sticks to the belief of supreme quality and design on the products provided to various markets. DAYI Motor has setup its warehouse in the Netherlands from where the vehicles are deposited and dispatched to the customers covering the whole EU market. In the past decade, DAYI Motor devoted itself into the manufacturering, innovation and marketing of the electric two-wheelers vehicle. We kept launching new models at every exhibition EICMA and INTERMOT, the most two influential summits in the sector of two wheelers industry in the world. We look forward to working, sharing the dividends brought by the technological creation of electric vehicles and making the world better with our customers worldwide.",,,https://dayimotor.com,"Room 1203, Building 9, Fengzhizhu, Yunkong City, Wuchang Sub-district, Yuhang District HANGZHOU ZHEJIANG",Yuhang District HANGZHOU ZHEJIANG,
"ZHEJIANG JINMIVO TECHNOLOGY CO.,LTD. - SINOLIGHT INTERNATIONAL HOLDINGS CORPORATION (CLETC)","Pad. 14,4,6,9,7 - Stand C05,C08,E60,E64,E72,E76,I10,S85,U29,U30,E54,G61,S70,S68,S74,S76,S80,Q64,P82,E53,R64,I14,T94,C81,C87,A84,B87,A90,E55,S59",,,,https://cletc.com,SINOLIGHT PLAZA NO.4 WANG JING CHAOYANG DISTRICT BEIJING BEIJING,,
"ZHEJIANG JOLLO TECHNOLOGY CO.,LTD - QUZHOU BENNENG VEHICLE CO.,LTD",Pad. 4 - Stand I81,"Quzhou Benneng Vehicle Co., Ltd. was established in 2013 and is located in Quzhou City, Zhejiang Province. It is a professional production and sales of electric bicycles , electric tricycles ,electric motorcycles and spare parts production and so on. Our company currently has 100 employees that made up of three parts, frame factory, painting factory and assembly plant. We output more than 30,000pcs and sales income of nearly 15 million US Dollar during one year. Our enterprise has advanced productions, technology and equipments, also own a batch of talents which ha high quality professional research and development. which are capable to conduct a comprehensive checking for all the specification and strictly control each procedure to ensure the reliability and stability of our product. We have various electric bikes, electric scooter and accept the reserving as you requested. Our products are widely recognized by local markets. The development of high quality is the enterprise's standard. To build an international brand is our ambition that we always strive for. We have consistently adhered to the tenet of ""Quality First, Customer Supreme, Quality Service, and abide by the contract"". With high quality products, good reputation and excellent service, the products were sold well in more than 50 countries. Dedicated to win-win cooperation with domestic and foreign merchants, and common development, create brilliant! we are looking forward to forming successful business relations hips with new clients around the world in the near future. Quzhou Benneng Vehicle Co., Ltd. was established in 2013 and is located in Quzhou City, Zhejiang Province. It is a professional production and sales of electric bicycles , electric tricycles ,electric motorcycles and spare parts production and so on. Our company currently has 100 employees that made up of three parts, frame factory, painting factory and assembly plant. We output more than 30,000pcs and sales income of nearly 15 million US Dollar during one year. Our enterprise has advanced productions, technology and equipments, also own a batch of talents which ha high quality professional research and development. which are capable to conduct a comprehensive checking for all the specification and strictly control each procedure to ensure the reliability and stability of our product. We have various electric bikes, electric scooter and accept the reserving as you requested. Our products are widely recognized by local markets. The development of high quality is the enterprise's standard. To build an international brand is our ambition that we always strive for. We have consistently adhered to the tenet of ""Quality First, Customer Supreme, Quality Service, and abide by the contract"". With high quality products, good reputation and excellent service, the products were sold well in more than 50 countries. Dedicated to win-win cooperation with domestic and foreign merchants, and common development, create brilliant! we are looking forward to forming successful business relations hips with new clients around the world in the near future.",,,,NO.21-2 Longxing Road QUZHOU ZHEJIANG,,
"ZHEJIANG LANGXIANG INDUSTRIAL CO., LTD.",Pad. 9 - Stand Q81,"Zhejiang Langxiang Industrial Co., Ltd., formerly known as Taizhou Tongli Motorcycle Co., Ltd., was established in 1996. It is a leading provider of intelligent mobility solutions, incubator production and cold chain solutions in China. Since its establishment, company has continuously accumulated experience in product development, manufacturing, and marketing. Spend huge sums of money to develop new products, purchase industry-leading assembly lines and testing equipment, and pass the national first-class motorcycle production qualification and first-class catalog manufacturing enterprise. The company keeps pace with the times, responds to national policies, expands development ideas, and maintains rapid and healthy growth of the company. Its products are exported to more than 60 countries around the world, including the United States, Britain, Germany, Italy, Spain, and Canada and ect. Its brands ""Jianbu"" and ""vigorous"" recreational vehicles are committed to providing global users with ""more convenient and environmentally friendly"" intelligent transportation tools; changing the way of travel and making comfort closer to life, Jianbu has launched urban recreational vehicles and children's shuttle vehicles. , elderly scooters, food delivery vehicles, special vehicles for the disabled, sanitation cleaning vehicles and cool play three-wheeled series models, the products cover all core cities and potential areas across the country. For more than 20 years, Jianbu recreational vehicles have been innovating continuously, adhering to the spirit of ingenuity, and have won high recognition and evaluation from all walks of life. Established a strategic cooperation goal of production, education and research with Henan University of Technology, and developed the exclusive patented technology of MLS® front swing, which has been leading the direction of technological innovation in the industry. In 2020, Jianbu recreational vehicle obtained WMI (World Manufacturer Identification Code). Prior to this, Jianbu recreational vehicle had more than 40 patents, passed ISO9001 certification, EU EEC certification and national CCC certification, and also passed the announcement of the Ministry of Industry and Information Technology of the People's Republic of China. Langxiang Industrial is committed to the development and research of various cold and heat preservation packaging technologies. The cooler box are safe, environmentally, durable, non-toxic and tasteless. The product is suitable for cold chain transportation in various industries such as catering, medical treatment, and testing, and can also be used for thermal insulation distribution of food above 60 °C. During the corona virus disease in 2020, it has provided more than 400,000 reagent incubators to cities in China, making positive contributions to winning the epidemic. ""Create a high-quality brand and cast a first-class image"", Langxiang Industrial co.,ltd will take this as the core, constantly achieve self-transcendence, and enter a new age. Zhejiang Langxiang Industrial Co., Ltd., formerly known as Taizhou Tongli Motorcycle Co., Ltd., was established in 1996. It is a leading provider of intelligent mobility solutions, incubator production and cold chain solutions in China. Since its establishment, company has continuously accumulated experience in product development, manufacturing, and marketing. Spend huge sums of money to develop new products, purchase industry-leading assembly lines and testing equipment, and pass the national first-class motorcycle production qualification and first-class catalog manufacturing enterprise. The company keeps pace with the times, responds to national policies, expands development ideas, and maintains rapid and healthy growth of the company. Its products are exported to more than 60 countries around the world, including the United States, Britain, Germany, Italy, Spain, and Canada and ect. Its brands ""Jianbu"" and ""vigorous"" recreational vehicles are committed to providing global users with ""more convenient and environmentally friendly"" intelligent transportation tools; changing the way of travel and making comfort closer to life, Jianbu has launched urban recreational vehicles and children's shuttle vehicles. , elderly scooters, food delivery vehicles, special vehicles for the disabled, sanitation cleaning vehicles and cool play three-wheeled series models, the products cover all core cities and potential areas across the country. For more than 20 years, Jianbu recreational vehicles have been innovating continuously, adhering to the spirit of ingenuity, and have won high recognition and evaluation from all walks of life. Established a strategic cooperation goal of production, education and research with Henan University of Technology, and developed the exclusive patented technology of MLS® front swing, which has been leading the direction of technological innovation in the industry. In 2020, Jianbu recreational vehicle obtained WMI (World Manufacturer Identification Code). Prior to this, Jianbu recreational vehicle had more than 40 patents, passed ISO9001 certification, EU EEC certification and national CCC certification, and also passed the announcement of the Ministry of Industry and Information Technology of the People's Republic of China. Langxiang Industrial is committed to the development and research of various cold and heat preservation packaging technologies. The cooler box are safe, environmentally, durable, non-toxic and tasteless. The product is suitable for cold chain transportation in various industries such as catering, medical treatment, and testing, and can also be used for thermal insulation distribution of food above 60 °C. During the corona virus disease in 2020, it has provided more than 400,000 reagent incubators to cities in China, making positive contributions to winning the epidemic. ""Create a high-quality brand and cast a first-class image"", Langxiang Industrial co.,ltd will take this as the core, constantly achieve self-transcendence, and enter a new age.",,,https://langxiang.en.alibaba.com,"No.41 chenguang Road, East Industrial Zone,Wenling,Taizhou City,Zhejiang Province,China WENLING ZHEJIANG",China WENLING ZHEJIANG,
"ZHEJIANG LEIPAI AUTO PARTS .,LTD - SINOLIGHT INTERNATIONAL HOLDINGS CORPORATION (CLETC)","Pad. 14,4,6,9,7 - Stand C05,C08,E60,E64,E72,E76,I10,S85,U29,U30,E54,G61,S70,S68,S74,S76,S80,Q64,P82,E53,R64,I14,T94,C81,C87,A84,B87,A90,E55,S59",,,,https://cletc.com,SINOLIGHT PLAZA NO.4 WANG JING CHAOYANG DISTRICT BEIJING BEIJING,,
ZHEJIANG LIANMEI INDUSTRIAL CO. LTD,Pad. 4 - Stand C70,"Lianmei company is a ISO 9001 and BSCI qualified factory with 35 year of experience manufacturer and exporter. Specializing in the production of recreational vehicles and new energy vehicles (ATV, Dirt bike, E-scooter, E-bicycle and E-balance bike). Lianmei has his own workshops of metalworking, CNC, welding, color coating and assembling, with more than 300 employees. Lianmei as a professional ODM & OEM factory, we always highly focus on product quality, customer demand, fast delivery and good customer service. Lianmei company is a ISO 9001 and BSCI qualified factory with 35 year of experience manufacturer and exporter. Specializing in the production of recreational vehicles and new energy vehicles (ATV, Dirt bike, E-scooter, E-bicycle and E-balance bike). Lianmei has his own workshops of metalworking, CNC, welding, color coating and assembling, with more than 300 employees. Lianmei as a professional ODM & OEM factory, we always highly focus on product quality, customer demand, fast delivery and good customer service.",,,,"No.99, Jiuzhou Road, Hardware industrial area, Yongkang city, Zhejiang, China YONGKANG ZHEJIANG",China YONGKANG ZHEJIANG,
"ZHEJIANG LINGKU VEHCILE PARTS CO., LTD. - CHUANGJI EXHIBITION",,,,,,,,
"ZHEJIANG LINGSUN INDUSTRY & TRADING CO.,LTD - SINOLIGHT INTERNATIONAL HOLDINGS CORPORATION (CLETC)","Pad. 14,4,6,9,7 - Stand C05,C08,E60,E64,E72,E76,I10,S85,U29,U30,E54,G61,S70,S68,S74,S76,S80,Q64,P82,E53,R64,I14,T94,C81,C87,A84,B87,A90,E55,S59",,,,,,,
"ZHEJIANG LINGYU MACHINERY CO., LTD - YUHUAN KAILING MACHINERY GROUP CO.,LTD.",Pad. 4 - Stand O76,,,,https://kailingcn.com,M&E INDUSTRIAL ZONE OF YUHUAN TAIZHOU ZHEJIANG,,
"ZHEJIANG LUMIZONE ELECTRONIC TECH CO.,LTD. - CHUANGJI EXHIBITION",,,,,,,,
"ZHEJIANG LUQI INTELLIGENT TECHNOLOGY CO.,LTD","Pad. 10,9 - Stand A80,S82",,,,,,,
"ZHEJIANG LVHU VEHICLE CO., LTD. - CHUANGJI EXHIBITION",,,,,,,,
"ZHEJIANG MARUI POWER MACHINERY CO.,LTD","Pad. 14,4,6,9,7 - Stand C05,C08,E60,E64,E72,E76,I10,S85,U29,U30,E54,G61,S70,S68,S74,S76,S80,Q64,P82,E53,R64,I14,T94,C81,C87,A84,B87,A90,E55,S59",,,,,,,
"ZHEJIANG MINGFENG INDUSTRIAL CO., LTD - ZHEJIANG BENOD AUTOMOBILE MANUFACTURING CO. LTD.",,,,,,,,
"ZHEJIANG MORINI VEHICLE CO., LTD. - CCCME",,,,,,,,
"ZHEJIANG NETION AUTO SPARE PARTS CO.,LTD. - SINOLIGHT INTERNATIONAL HOLDINGS CORPORATION (CLETC)","Pad. 14,4,6,9,7 - Stand C05,C08,E60,E64,E72,E76,I10,S85,U29,U30,E54,G61,S70,S68,S74,S76,S80,Q64,P82,E53,R64,I14,T94,C81,C87,A84,B87,A90,E55,S59",,,,https://cletc.com,SINOLIGHT PLAZA NO.4 WANG JING CHAOYANG DISTRICT BEIJING BEIJING,,
"ZHEJIANG QIANJIANG MOTORCYCLE CO., LTD.,",Pad. 9 - Stand N54,"After more than 30 years of development, Qianjiang Motorcycle is a leader in China's large-displacement motorcycles, and has accumulated experience in motorcycle R&D and manufacturing, cutting-edge engine technology, Internet of Vehicles technology and other aspects. It has fuel brands such as QJMOTOR and BENELLI, and its products cover different series of fuel motorcycles with a displacement of 50cc-1200cc; Qianjiang Electric Technology Co., Ltd. owns new energy brands such as QJMOTOR e, Moling, and Qianjiang Electric, and its products cover electric bicycles, electric mopeds and electric motorcycles, spanning the two major markets of travel and entertainment; It has realized a comprehensive product layout of multiple tracks to meet the diversified consumer needs of the market, and has been exported to more than 130 countries and regions around the world. The company has established in-depth strategic cooperation with Harley Davidson and other world-leading motorcycle companies, linked the world's cutting-edge technology, formed a complete technology research and development system and advanced intelligent manufacturing level, and is committed to becoming a leader in the global cycling field. In terms of the improvement of the international production system and cycling culture ecology, Qianjiang Motorcycle has been empowered, continuously improving the global status of Qianjiang Motorcycle in terms of brand, product and cycling culture ecology, accelerating the integration of Qianjiang Motorcycle with the technology and culture of the international motorcycle industry, and moving towards the vision of becoming a leader in the global cycling field. After more than 30 years of development, Qianjiang Motorcycle is a leader in China's large-displacement motorcycles, and has accumulated experience in motorcycle R&D and manufacturing, cutting-edge engine technology, Internet of Vehicles technology and other aspects. It has fuel brands such as QJMOTOR and BENELLI, and its products cover different series of fuel motorcycles with a displacement of 50cc-1200cc; Qianjiang Electric Technology Co., Ltd. owns new energy brands such as QJMOTOR e, Moling, and Qianjiang Electric, and its products cover electric bicycles, electric mopeds and electric motorcycles, spanning the two major markets of travel and entertainment; It has realized a comprehensive product layout of multiple tracks to meet the diversified consumer needs of the market, and has been exported to more than 130 countries and regions around the world. The company has established in-depth strategic cooperation with Harley Davidson and other world-leading motorcycle companies, linked the world's cutting-edge technology, formed a complete technology research and development system and advanced intelligent manufacturing level, and is committed to becoming a leader in the global cycling field. In terms of the improvement of the international production system and cycling culture ecology, Qianjiang Motorcycle has been empowered, continuously improving the global status of Qianjiang Motorcycle in terms of brand, product and cycling culture ecology, accelerating the integration of Qianjiang Motorcycle with the technology and culture of the international motorcycle industry, and moving towards the vision of becoming a leader in the global cycling field.",,,,NO.169 JINPING ROAD TAIZHOU ZHEJIANG,,
"ZHEJIANG QIANXI VEHICLE CO.,LTD",,,,,,,,
"ZHEJIANG ROON INDUSTRIAL CO.,LTD - SINOLIGHT INTERNATIONAL HOLDINGS CORPORATION (CLETC)",Pad. 4 - Stand I88,"Manufacturer : atv accessories include atv lounger, atv storage box, luggage box , atv coffer, atv soft bag , loading ramp, atv cover, atv/moto heated grip, fuel tank etc ,snow plower, atv trailer motobike accessories, motobike aluminum pannier bag, moto cover etc. Manufacturer : atv accessories include atv lounger, atv storage box, luggage box , atv coffer, atv soft bag , loading ramp, atv cover, atv/moto heated grip, fuel tank etc ,snow plower, atv trailer motobike accessories, motobike aluminum pannier bag, moto cover etc.",,,,NO.258 XIANHUA SOUTH STREET JINHUA ZHEJIANG,,
"ZHEJIANG RUITAI MOTIVE CO.,LTD - CCPIT AUTO","Pad. 4 - Stand M56,M60,M64,M70,M55,O61",,,,https://auto-ccpit.org,3/F BAIYUN BUILDING 1 BAIYUN ROAD XICHENG BEIJING BEIJING,,
"ZHEJIANG SANYOU VEHICLE TECHNOLOGY CO.,LTD - YIBEN MOTOR","Pad. 11 - Stand S25,T34",,,,,,,
"ZHEJIANG SENLING MOTORCYCLE CO., LTD. - ZHEJIANG BENOD AUTOMOBILE MANUFACTURING CO. LTD.",Pad. 4 - Stand Q79,"Zhejiang Senling Motorcycle Co., Ltd. is founded in 2016, located in Taizhou City, Zhejiang Province, China, close to the port, and only 5 kilometers away from Taizhou Luqiao Airport. We are a global research and development, manufacturing, sales, and service in one of the motorcycle industry. We have our own motorcycle assembly line, technical department, foreign trade department, measuring room and advanced testing equipment, with an annual production capacity of more than 60,000 vehicles. We take scientific and technological innovation, quality first concept rooted in the running of company,all those result in a strict quality control system. In addition we has a complete pre-sale and post-sale system for each customer's products ,which can Provide solid guarantee in the customization ,mass production,packing and after-sale.Some motorcycles also pass the EPA and EEC to meet customer’s market requirement. With the mission of ""Discover your best "",We provide high quality products and superior service as well as most reasonable price for each customer in different regions.Thanks to the vision we insist, ,we accumulate a lot of stability division of customers and to establish a long-term cooperation. If you are interested in our products, please feel free to contact us. Zhejiang Senling Motorcycle Co., Ltd. is founded in 2016, located in Taizhou City, Zhejiang Province, China, close to the port, and only 5 kilometers away from Taizhou Luqiao Airport. We are a global research and development, manufacturing, sales, and service in one of the motorcycle industry. We have our own motorcycle assembly line, technical department, foreign trade department, measuring room and advanced testing equipment, with an annual production capacity of more than 60,000 vehicles. We take scientific and technological innovation, quality first concept rooted in the running of company,all those result in a strict quality control system. In addition we has a complete pre-sale and post-sale system for each customer's products ,which can Provide solid guarantee in the customization ,mass production,packing and after-sale.Some motorcycles also pass the EPA and EEC to meet customer’s market requirement. With the mission of ""Discover your best "",We provide high quality products and superior service as well as most reasonable price for each customer in different regions.Thanks to the vision we insist, ,we accumulate a lot of stability division of customers and to establish a long-term cooperation. If you are interested in our products, please feel free to contact us.",,,https://senlingmotor.com,"NO.19 AIRPORT SOUTH ROAD ,XIACHEN STREET,JIAOJIANG, TAIZHOU CITY,ZHEJIANG PROVINCE CHINA TAIZHOU ZHEJIANG",ZHEJIANG PROVINCE CHINA TAIZHOU ZHEJIANG,
"ZHEJIANG SITIS TECHNOLOGY CO., LTD. - INTENCE BIKES LLC",Pad. 4 - Stand S86,,,,,,,
"ZHEJIANG TAIJI FRICTION MATERIAL CO., LTD - SINOLIGHT INTERNATIONAL HOLDINGS CORPORATION (CLETC)","Pad. 14,4,6,9,7 - Stand C05,C08,E60,E64,E72,E76,I10,S85,U29,U30,E54,G61,S70,S68,S74,S76,S80,Q64,P82,E53,R64,I14,T94,C81,C87,A84,B87,A90,E55,S59",,,,https://cletc.com,SINOLIGHT PLAZA NO.4 WANG JING CHAOYANG DISTRICT BEIJING BEIJING,,
"ZHEJIANG TAOTAO VEHICLES CO.,LTD - ZHEJIANG LUQI INTELLIGENT TECHNOLOGY CO.,LTD",Pad. 5 - Stand C88,"40 years professional experience in ATVs, Dirt bike, Motorcycles and Electric Vehicles a comprehensive large group enterprise integrating the R&D, production and sale covering an area of 200,000 square meters approximately 1, 800 employees over 200 staff members with intermediate & senior technical titles 40 years professional experience in ATVs, Dirt bike, Motorcycles and Electric Vehicles a comprehensive large group enterprise integrating the R&D, production and sale covering an area of 200,000 square meters approximately 1, 800 employees over 200 staff members with intermediate & senior technical titles",,,https://taotaomotor.com,"NO.10 XINYUAN ROAD XINBI STREET,JINYUN OF LISHUI CITY,ZHEJIANG PROVINCE,CHINA Lishui Zhejiang",CHINA Lishui Zhejiang,
"ZHEJIANG TIANYING LOCOMOTIVE CO.,LTD",Pad. 11 - Stand Q48,"ZHEJIANG TIANYING LOCOMOTIVE CO.,LTD,is founded in Year 2002,located in Taizhou, Zhejiang, China.Factory covers an area of 50,000sqm and has 380 employees, including 80 professional and technical personnel.There are 2 assembly lines,2 engine lines,1 frame welding line,and 1 plastic painting line,with annual production capacity of 300,000 motorcycles & 200,000 engines. ZHEJIANG TIANYING LOCOMOTIVE CO.,LTD,is founded in Year 2002,located in Taizhou, Zhejiang, China.Factory covers an area of 50,000sqm and has 380 employees, including 80 professional and technical personnel.There are 2 assembly lines,2 engine lines,1 frame welding line,and 1 plastic painting line,with annual production capacity of 300,000 motorcycles & 200,000 engines.",,,,"No.211, New Street, Xinqiao town, Luqiao, Taizhou City, Zhejiang, China TAIZHOU CITY ZHEJIANG",China TAIZHOU CITY ZHEJIANG,
ZHEJIANG VISTA SPORTS GOODS CO. LTD,Pad. 10 - Stand C56,,,,,,,
"ZHEJIANG WATSON SPORTING GOODS CO., LTD - SINOLIGHT INTERNATIONAL HOLDINGS CORPORATION (CLETC)","Pad. 14,4,6,9,7 - Stand C05,C08,E60,E64,E72,E76,I10,S85,U29,U30,E54,G61,S70,S68,S74,S76,S80,Q64,P82,E53,R64,I14,T94,C81,C87,A84,B87,A90,E55,S59",,,,https://cletc.com,SINOLIGHT PLAZA NO.4 WANG JING CHAOYANG DISTRICT BEIJING BEIJING,,
"ZHEJIANG WEITE SPORTING GOODS CO.,LTD",Pad. 4 - Stand M89,,,,,,,
"ZHEJIANG XCEED SPORTS CO., LTD - HI-LIGHTING INT'L EXHIBITION BEIJING CO. LTD","Pad. 4,9 - Stand I56,I60,I66,T80,S86",,,,https://hi-lighting.com,"12B07 BUILDING A U-SPACE, NO.8 GUANGQUMENWAI STREET CHAOYANG CHINA",NO.8 GUANGQUMENWAI STREET CHAOYANG CHINA,
"ZHEJIANG XINGRONG AUTO MOTORCYCLE PARTS CO., LTD. - CHUANGJI EXHIBITION",,,,,,,,
"ZHEJIANG XINHAO REHABILITATION EQUIPMENT CO., LTD - ZHEJIANG TIANYING LOCOMOTIVE CO.,LTD",Pad. 11 - Stand Q48,,,,,,,
"ZHEJIANG XUJIA MOTORCYCLE FITTING CO., LTD.",,,,,,,,
"ZHEJIANG ZHANXIANG AUTO AND MOTORCYCLE PARTS CO., LTD. - CHUANGJI EXHIBITION",,,,,,,,
"ZHEJIANG ZHAOXIANG AUTOMOTIVE PART CO.,LTD - SINOLIGHT INTERNATIONAL HOLDINGS CORPORATION (CLETC)","Pad. 14,4,6,9,7 - Stand C05,C08,E60,E64,E72,E76,I10,S85,U29,U30,E54,G61,S70,S68,S74,S76,S80,Q64,P82,E53,R64,I14,T94,C81,C87,A84,B87,A90,E55,S59",,,,https://cletc.com,SINOLIGHT PLAZA NO.4 WANG JING CHAOYANG DISTRICT BEIJING BEIJING,,
"ZHEJIANG ZHENAN VEHICLE INDUSTRY CO.,LTD - CCPIT AUTO","Pad. 4 - Stand M56,M60,M64,M70,M55,O61",,,,,,,
"ZHEJIANG ZHIZHAN TECHNOLOGY CO.,LTD - SINOLIGHT INTERNATIONAL HOLDINGS CORPORATION (CLETC)",Pad. 4 - Stand L87,"Zhejiang Zhizhan Technology Co., Ltd. was founded in 2003, formerly known as Limited Company, the main products include motorcycles, off-road motorcycles, ATVs and so on, which are loved by the users in the global market.2023, the headquarter is located in Yongkang, Zhejiang Province, and builds an area of 50,000 square meters of intelligent mechanized production base. The company has a professional R&D, technology, manufacturing and quality control team with more than 200 employees including 20 R&D engineers. The R&D lab has advanced experimental equipment such as motorcycle chassis dynamometer, ATV chassis dynamometer, engine test bench, frame vibration tester, steering tester and so on. At present, we have 4 automatic production lines, 2 testing stations, laser cutting machines, automatic pipe bending machines, automatic welding equipment, etc. We can meet the production demand of 120,000 motorcycles and 50,000 beach bikes every year. Through years of market verification, SY brand has been recognized by many countries, the products are exported to Italy, Russia, the United States, Australia, Spain, Japan, Belgium, France, Brazil, Canada, Malaysia, Thailand, and other countries, and these countries have signed an agency agreement for the promotion of branded products, and in the United Kingdom, Poland, Australia, Malaysia, Belgium, and has set up its own We have also set up our own offices in the United Kingdom, Poland, Australia, Malaysia and Belgium. In order to realize the provision of more innovative, comprehensive, reliable and high quality recreational bikes to the global users, for this purpose, Sying has set up a special test laboratory, using advanced equipment and real race tracks to polish our products, providing professional and reliable vehicles for motorcyclists to fully enjoy the fun of riding on the road. At the same time, with professional knowledge, skills, and technology, we do a good job of making our products, aiming to become one of the industry's leading suppliers of leisure sport motorcycle parts and manufacturers of boutique complete bikes. Zhejiang Zhizhan Technology Co., Ltd. was founded in 2003, formerly known as Limited Company, the main products include motorcycles, off-road motorcycles, ATVs and so on, which are loved by the users in the global market.2023, the headquarter is located in Yongkang, Zhejiang Province, and builds an area of 50,000 square meters of intelligent mechanized production base. The company has a professional R&D, technology, manufacturing and quality control team with more than 200 employees including 20 R&D engineers. The R&D lab has advanced experimental equipment such as motorcycle chassis dynamometer, ATV chassis dynamometer, engine test bench, frame vibration tester, steering tester and so on. At present, we have 4 automatic production lines, 2 testing stations, laser cutting machines, automatic pipe bending machines, automatic welding equipment, etc. We can meet the production demand of 120,000 motorcycles and 50,000 beach bikes every year. Through years of market verification, SY brand has been recognized by many countries, the products are exported to Italy, Russia, the United States, Australia, Spain, Japan, Belgium, France, Brazil, Canada, Malaysia, Thailand, and other countries, and these countries have signed an agency agreement for the promotion of branded products, and in the United Kingdom, Poland, Australia, Malaysia, Belgium, and has set up its own We have also set up our own offices in the United Kingdom, Poland, Australia, Malaysia and Belgium. In order to realize the provision of more innovative, comprehensive, reliable and high quality recreational bikes to the global users, for this purpose, Sying has set up a special test laboratory, using advanced equipment and real race tracks to polish our products, providing professional and reliable vehicles for motorcyclists to fully enjoy the fun of riding on the road. At the same time, with professional knowledge, skills, and technology, we do a good job of making our products, aiming to become one of the industry's leading suppliers of leisure sport motorcycle parts and manufacturers of boutique complete bikes.",,,,"#357.Huacheng West Rd, West Industrial area YONGKANG ZHEJIANG",West Industrial area YONGKANG ZHEJIANG,
"ZHEJIANG ZHONGBEN MACHINERY CO., LTD. - CCCME",,,,,,,,
"ZHEJIANG ZUMA MOTO CO.,LTD - HI-LIGHTING INT'L EXHIBITION BEIJING CO. LTD",Pad. 5 - Stand A74,"zhejiang zuma moto co.,ltd. ,motorcycles, www.zuumavmoto.com lishen battery (suzhou) co., ltd, battery, www.lishen.com.cn wenzhou saimer import &export co., ltd., start motor, regulator, CDI, sensor, cylinder kit, manifold, filter, clutch, www.saimemoto.com zhejiang zuma moto co.,ltd. ,motorcycles, www.zuumavmoto.com lishen battery (suzhou) co., ltd, battery, www.lishen.com.cn wenzhou saimer import &export co., ltd., start motor, regulator, CDI, sensor, cylinder kit, manifold, filter, clutch, www.saimemoto.com",,,https://zuumavmoto.com,"no.13 plant, small industrial park, lishui high technology industry area, xinbi street, jinyun county lishui ZHEJIANG",jinyun county lishui ZHEJIANG,
"ZHENGZHOU SHANGXUAN SPORTS TECHNOLOGY CO., LTD. - CHUANGJI EXHIBITION",,,,,,,,
"ZHIDIAN POWER TECHNOLOGY(TAIZHOU) CO.,LTD - YADEA TECHNOLOGY GROUP CO.,LTD",Pad. 6 - Stand E06,,,,,"No. 78, Nongchang Road Jiaojiang Zhejiang",Nongchang Road Jiaojiang Zhejiang,
ZHONGCE RUBBER GROUP CO. LTD - MANDELLI SRL,Pad. 10 - Stand C88,,,,,,,
"ZHONGSHAN RIDING TRIBE SPORTS GOODS TRADING CO., LTD - SINOLIGHT INTERNATIONAL HOLDINGS CORPORATION (CLETC)","Pad. 14,4,6,9,7 - Stand C05,C08,E60,E64,E72,E76,I10,S85,U29,U30,E54,G61,S70,S68,S74,S76,S80,Q64,P82,E53,R64,I14,T94,C81,C87,A84,B87,A90,E55,S59",,,,,,,
"ZHONGXIN FLUORINE PLASTIC INDUSTRIAL CO., LTD. - IMPORTERS & EXPORTERS ASSOCIATION OF TAIPEI",,,,,,,,
"ZNEN - TAIZHOU ZHONGNENG IMPORT AND EXPORT CO.,LTD LTD",,,,,,,,
ZONSEN MOTORCYCLE,Pad. 6 - Stand F20,"Zonsen Industry Group Co., Ltd. (hereinafter referred to as ""Zonsen Group"")was established in 1982. In recent years, Zonsen Group has been transformed from traditional manufacturing to Industry, Financing and Internet incorporated Business Mode under the leadership of Mr. Zuo Zongshen, with a goal to realize a globally-leading industry-internet connected ecological platform. Industry serves as a solid foundation for Zonsen Group to launch into the industry-internet connected business mode. Known for Zonsen's core technology in engine, Zonsen Group offers a wide range of products, including engines for motorcycles, engines for special vehicles, general-purpose engines, engines for yachts. In addition, Zonsen Group also offers power terminal products, such as motorcycles, special vehicles, gardening machinery and all-sized farming machinery. Of them, engines for motorcycles, general-purpose engines and tricycles all are in the leading position in industry. Having been deepening its know-how and manufacturing processes for a period of 40 years, Zonsen Group has grown into an expert in powertrain integration and become an industry leader in fine manufacturing. Core concepts: Unique, Exquisite, Earnest, Creative Mission: a stock resources optimization enabler, an incremental breakthrough leader Vision: global influence and vitality for one hundred years! Zonsen Industry Group Co., Ltd. (hereinafter referred to as ""Zonsen Group"")was established in 1982. In recent years, Zonsen Group has been transformed from traditional manufacturing to Industry, Financing and Internet incorporated Business Mode under the leadership of Mr. Zuo Zongshen, with a goal to realize a globally-leading industry-internet connected ecological platform. Industry serves as a solid foundation for Zonsen Group to launch into the industry-internet connected business mode. Known for Zonsen's core technology in engine, Zonsen Group offers a wide range of products, including engines for motorcycles, engines for special vehicles, general-purpose engines, engines for yachts. In addition, Zonsen Group also offers power terminal products, such as motorcycles, special vehicles, gardening machinery and all-sized farming machinery. Of them, engines for motorcycles, general-purpose engines and tricycles all are in the leading position in industry. Having been deepening its know-how and manufacturing processes for a period of 40 years, Zonsen Group has grown into an expert in powertrain integration and become an industry leader in fine manufacturing. Core concepts: Unique, Exquisite, Earnest, Creative Mission: a stock resources optimization enabler, an incremental breakthrough leader Vision: global influence and vitality for one hundred years!",,,https://zonsenmotor.com,"ZONSEN INDUSTRY ZONE, BANAN DISTRICT, CHONGQING, CHINAG DISTRICT CHOGNQING CHONGQING",CHINAG DISTRICT CHOGNQING CHONGQING,
ZONTES,Pad. 7 - Stand M48,,,,,,,
ZONZO - WHEELUP,Pad. 14 - Stand G14,,,,,,,
"ZXJC - CHONGQING ZHANGXUE MOTORCYCLE INDUSTRY CO., LTD.",Pad. 4 - Stand A60,"ZXMOTO was founded by Zhang Xue with his name, from the founder to engineers, the supply chain team, quality control specialists, production staff, and sales service crew, everyone is a dynamic dreamer. Pursue the EXTREME performance, tech, safety and customer care. Drived by pure PASSION with motorcycle and ride life. We adhere to the core values of ""EXTREME and PASSION"" and are committed to creating products with ""ultimate quality and experience"", and providing pre-sales and after-sales services with ""ultimate care"". we look forward to seeing ZXMOTO's presence around the world in the near future. ZXMOTO was founded by Zhang Xue with his name, from the founder to engineers, the supply chain team, quality control specialists, production staff, and sales service crew, everyone is a dynamic dreamer. Pursue the EXTREME performance, tech, safety and customer care. Drived by pure PASSION with motorcycle and ride life. We adhere to the core values of ""EXTREME and PASSION"" and are committed to creating products with ""ultimate quality and experience"", and providing pre-sales and after-sales services with ""ultimate care"". we look forward to seeing ZXMOTO's presence around the world in the near future.",,,,"Building 4, No. 1008, Konggang Avenue, Shuangfeng Bridge Street Yubei district CHONGQING",Shuangfeng Bridge Street Yubei district CHONGQING,
"ZXMOTO - CHONGQING ZHANGXUE MOTORCYCLE INDUSTRY CO., LTD.",Pad. 4 - Stand A60,,,,,,,
