company_name,booth,description,email,mobile_primary,domain,full_address,city,linkedin_url
100% TURFRECYCLERS SRL,Hall B; Stand C12-D13,,info@turfrecyclers.it,+393511411766,https://turfrecyclers.it,"Via CAV. Pietro Radici, 19 24026 Cazzano Sant'Andrea BG - IT",,
Acquantis,Hall B; Stand B12-C15,,maurizio.gorato@coindpiscine.it,+3902 22226791,,"Corso di Porta Vittoria, 18 20122 Milano MI - IT",,
ADISPORT,Hall A; Stand C26,"ADIPORTABLE: AdiPortable è un sistema smontabile certificato FIBA, dotato di un aggancio brevettato ed innovativo. Sviluppato, ingegnerizzato e prodotto interamente all’interno dei nostri impianti produttivi, garantisce infinite possibilità di personalizzazione. Rappresenta la soluzione ideale nelle strutture dove l’attività sportiva è alternata ad eventi non sportivi: Vantaggi: Caratteristiche: ADITHERMO: AdiThermo è studiato e certificato appositamente per gli impianti sportivi dotati di riscaldamento a pavimento, garantisce prestazioni agonistiche di primo livello con una resistenza termica contenutissima. Lo speciale materassino unito ad un piano ripartitore specifico ad aumentare l’irradiamento del calore, fanno di questo sistema il leader nel mercato delle strutture dotate di riscaldamento a pavimento. Consigliato per: Caratteristiche: ADIBASIC 14: AdiBasic 14 è una garanzia nel panorama mondiale dei parquet sportivi. Una pavimentazione di primo livello con risposte elastiche importantissime ed un assorbimento degli urti da primato! La rapidità di installazione e le ottime risposte elastiche, unite all’assorbimento degli urti, lo rendono il più richiesto dalle società sportive agonistiche. Consigliato per: Caratteristiche: ADIBASIC 22: AdiBasic 22 rappresenta la soluzione ideale in tutti quegli impianti sportivi caratterizzati da un maggior uso. Grazie all’elasticità della sottostruttura e allo strato nobile di assoluto spessore non teme l’usura. Particolarmente indicato in tutte quelle strutture dove ci sono tribune telescopiche e impianti di canestri amovibili. Consigliato per: Caratteristiche: ADIPREMIUM: AdiPremium è un sistema sportivo che grazie al doppio piano ripartitore e ad uno speciale tampone elastico in gomma appositamente studiato e progettato, conferisce al pavimento la massima elasticità, unita ad un’elevata areazione in caso di palestre con problemi di reflusso di umidità dal basso. Consigliato per: Caratteristiche: ADIFLEX EVOLUTION: AdiFlex Evolution è un sistema sportivo innovativo che rappresenta l’unione tra l’elasticità, data dai listelli con tampone elastico in gomma, e l’alta resistenza ai carichi del piano ripartitore uniforme e continuo. La combinazione di questi elementi, unita al legno massello, dona a questo sistema elevatissime resistenze meccaniche. Consigliato per: Caratteristiche: ADIFLEX 4.5: AdiFlex 4.5 è un sistema sportivo che unisce eccellenti risposte tecniche ad uno spessore totale di soli 45 mm. Particolarmente indicato anche per gli impianti dotati di riscaldamento a pavimento, offre un’ottima elasticità ed un elevato irradiamento termico. Consigliato per: Caratteristiche: ADIFLEX: AdiFlex offre un’ottima elasticità ed un elevato irradiamento termico. Grazie allo speciale materassino elastico e al piano ripartitore ad alta conduttibilità termica, garantisce un irradiamento del calore uniforme. Consigliato per: Caratteristiche: ADIFLEX 2: AdiFlex 2 è un sistema sportivo che offre un’ottima elasticità e, grazie all’elevato spessore totale che lo contraddistingue, è in grado di garantire un cospicuo assorbimento degli urti. Il legno massello di finitura permette un uso estremo della pavimentazione ed una lunga durata nel tempo, grazie alla possibilità di molteplici lamature e riverniciature. Consigliato per: Caratteristiche:",offerte@adisportfloor.it,+390173 975664,https://adisportfloor.it,"Via San Martino Nisocco, 2 12046 Montà CN - IT",,
AEC Illuminazione,Hall A; Stand E41,,alessia.cini@aecilluminazione.it,+39305 75421575,https://aecilluminazione.it,"Via Righi, 4 Z.I. 52010 Castelnuovo AR - IT",,
AERAULIQA SRL,Hall B; Stand D26,,campigotto.anna@aerauliqa.it,+39030 674681,https://aerauliqa.it,"Via Mario Calderara, 39 25018 Montichiari BS - IT",,
ALLIANCE ASE SRL,Hall A; Stand A7/A9,,urska@aliansa.eu,+39351 3405726,,"Via Malta, 6 3417 Gorizia GO - IT",,
ALPHATEX,Hall B; Stand B15,,m.michot@alphatex.eu,+337 48889783,https://alphatex.eu,"869, Rue Maurice Allais 76 760 Bolbec - FR",,
ANGELEYE SRL,Hall B; Stand C19,"AngelEye LifeGuard: Una supervisione efficace dell’ambiente acquatico è fondamentale per la sicurezza dei bagnanti. AngelEye LifeGuard è il sistema di rilevamento degli annegamenti sviluppato per rispondere a questa esigenza attraverso il monitoraggio continuo della vasca mediante videocamere subacquee brevettate, videocamere aeree o una combinazione di esse. Conforme alla norma ISO 20380 , il sistema individua tempestivamente situazioni di annegamento potenzialmente critiche e, in caso di allarme, trasmette immediatamente posizione e immagini dell'evento ai dispositivi di notifica in dotazione al personale di salvataggio, consentendo un intervento rapido e mirato. AngelEye SafeGuard: AngelEye SafeGuard è la soluzione sviluppata per ottimizzare la gestione degli impianti natatori e degli spazi acquatici. Attraverso algoritmi di analisi video, fornisce informazioni in tempo reale sul numero e sulla posizione dei bagnanti presenti in vasca, oltre a dati su occupazione, densità dei bagnanti , e utilizzo delle aree . Le informazioni vengono rappresentate attraverso grafici, tabelle e mappe di calore che evidenziano distribuzione dei bagnanti, picchi di affluenza e modalità di utilizzo degli spazi. AngelEye SafeGuard aiuta gestori e responsabili dell'impianto a migliorare efficienza operativa , sicurezza e controllo della struttura, favorendo decisioni più informate. AngelEye for Trainers: AngelEye for Trainers è la soluzione sviluppata per supportare allenatori e atleti nell'analisi delle prestazioni in acqua attraverso riprese video subacquee. Grazie alle videocamere AngelEye e alla visualizzazione da diverse angolazioni, consente di analizzare con precisione tecnica di nuotata, postura e movimenti durante gli allenamenti. La soluzione include inoltre strumenti per l'analisi del movimento, come la misurazione di angoli e segmenti corporei e la visualizzazione al rallentatore . Le sessioni possono essere registrate, archiviate e riviste in qualsiasi momento, permettendo di confrontare prestazioni nel tempo e documentare i progressi degli atleti. AngelEye for Trainers offre uno strumento pratico e immediato per migliorare l'analisi tecnica, supportare l'attività degli allenatori e valorizzare il percorso di crescita sportiva.",riccardo.casadei@angeleye.it,+390471 726038,https://angeleye.it,"Via Sant'Osvaldo, 1B 39100 Bolzano BZ - IT",,
APEN GROUP SPA,Hall A; Stand E14,"AquaPump Hybrid: Sistema monoblocco integrato caldaia e pompa di calore. Sistema unico con regolazione integrata Smart control che permette di ottimizzare in modo intelligente la produzione di energia in funzione delle temperature esterne e del fabbisogno istantaneo dell’utenza. Progettato per la produzione di acqua calda e fredda attraverso l’utilizzo di energia rinnovabile a servizio di ambienti industriali e terziari, questo sistema ibrido integra l’alta efficienza della tecnologia a condensazione (caldaia da 34 kW con bruciatore premix modulante in classe di emissione NOx n. 6 stelle) con le prestazioni di una pompa di calore aria-acqua di ultima generazione con tecnologia inverter da 14 kW in riscaldamento e 12 kW in raffrescamento. Caldaia a condensazione con Aerotermi: Ideali dove la normativa vieta l’installazione di sistemi di riscaldamento a scambio diretto all’interno degli ambienti. AquaKond AKN è un sistema composto da caldaia a condensazione per esterno, con bruciatore a basso NOx, disponibile nelle versioni da 32 kW, 34 kW, 50 kW, 70 kW e 100 kW, abbinabile ad aerotermi interni. Classe A Elevati rendimenti di combustione fino al 108% garantiscono un risparmio di combustibile notevole rispetto ai sistemi tradizionali non a condensazione. Classe A di efficienza energetica (secondo Reg. 811/2013/CE). Bruciatore premiscelato in Classe NOx 6 secondo EN15502-1. Dotazioni INAIL di Serie Ogni caldaia AKN050, AKN70 e AKN100, è dotata di serie dei dispositivi di sicurezza, di protezione e controllo secondo la normativa INAIL (ex I.S.P.E.S.L.). Destratificatori QUEEN: Progettati per ridurre la stratificazione dell’aria e omogeneizzare la temperatura degli ambienti. Il concetto di destratificazione alla base di questo prodotto è semplice: l’aria calda che tende a rimanere nelle zone alte degli ambienti riscaldati viene aspirata dal ventilatore assiale montato sul destratificatore e spinta verso il basso nelle zone in cui vi è presenza di persone. I destratificatori QUEEN sono caratterizzati da: Generatori pensili Kondensa: KONDENSA, generatori pensili a condensazione modulanti, a basse emissioni di NOx, con rendimenti fino al 108%. I soffiatori ad aria calda Kondensa serie LK e LKN sono caratterizzati: NUOVI GENERATORI PENSILI A CONDENSAZIONE SERIE LKN Generatori d’Aria Calda a basamento PKR: Generatore d’aria calda a gas a basamento ad altissimo rendimento da abbinare a bruciatori solo a gas. Ideali per il riscaldamento di ambienti di medie e grandi dimensioni. Perché scegliere la serie PKR? Apen Group ha riprogettato la nuova serie di generatori a basamento PKR sia per aumentare le prestazioni tecniche e quindi la sicurezza, i rendimenti, la qualità, sia per soddisfare le sempre più frequenti richieste di soluzioni personalizzate e di adattabilità all’ambiente. Ideali per il riscaldamento di ambienti di medie e grandi dimensioni. Generatori d’aria calda PK-SPORT: Apen Group ha riprogettato la nuova serie di generatori d’aria calda a pavimento PK-P00 appositamente per : Le prestazioni tecniche, la sicurezza, i rendimenti, la qualità, per soddisfare le sempre più frequenti richieste di soluzioni personalizzate e di adattabilità all’ambiente sono solo alcune delle caratteristiche che caratterizzano i nostri Soffiatori Aria Calda PK-P00. PER LE STRUTTURE PRESSOSTATICHE Il controllo della pressione all’interno del pallone, nelle unità di riscaldamento aria “PK-P” per strutture pressostatiche, non costituisce un elemento di sicurezza. Ideali per il riscaldamento di ambienti di medie e grandi dimensioni Unità modulari di riscaldamento AH: L’ Unità modulare di riscaldamento AH , a condensazione, è stata progettata per il riscaldamento dell’aria. L’Unità di riscaldamento serie AH è: Unità Monoblocco AH Sport: Unità di Riscaldamento studiati appositamente per ambienti sportivi Apen Group ha progettato la nuova serie di Unità di Riscaldamento AH-SPORT appositamente per : L’aspetto estetico è particolarmente curato e i profili di alluminio posti sui pannelli armonizzano la rigidità delle figure geometriche. Il cuore delle macchina è il modulo scambiatore PCH , comandato dalla scheda di controllo funge da regola e gestisce la segnalazione dei fault, l’accensione, lo spegnimento e la modulazione del bruciatore premiscelato. Il modulo PCH ha la particolarità di avere un funzionamento di tipo modulante, cioè la potenza termica erogata e, di conseguenza, la portata termica (consumo di combustibile), variano in funzione della richiesta di calore. Al diminuire della richiesta di calore dall’ambiente il generatore di calore consuma meno gas aumentando il proprio rendimento fino al 105% (rendimento su Hi). La movimentazione dell’aria è gestita da un termoventilatore plug-fun ad alta efficienza alimentato in corrente continua con controllo della frequenza integrato. La portata dell’aria è variabile ed è impostabile tramite un potenziometro posizionato all’interno del vano del modulo generatore d’aria calda. PER LE STRUTTURE PRESSOSTATICHE Il controllo della pressione all’interno del pallone, nelle unità di riscaldamento aria “AH-P” per strutture pressostatiche, non costituisce un elemento di sicurezza. Scambiatore di calore PCH: Il Modulo di riscaldamento PCH , Scambiatore di calore appositamente progettato per essere inserito nelle unita di trattamento aria e nei roof-top, con la tecnologia della premiscelazione e della modulazione, permette di raggiungere la condensazione con rendimenti fino al 109% calcolati in base al potere calorifico inferiore (Hi).",commerciale@apengroup.it,02959693.1,https://apengroup.it,"Via Isonzo, 1 20042 Pessano con Bornago MI - IT",,
ARREDI 3N DEI FRATELLI NESPOLI SRL,Hall A; Stand D16-E21,,lucia@arredi3n.com,+390362 50128,https://arredi3n.com,"Via Filzi, 12 20833 Giussano MB - IT",,
ARREDOPARK SRL,Hall A; Stand D12-E15,,commerciale@arredopark.it,+39045513273 int 1,https://arredopark.it,"Via Mantovana, 185/B 37137 Verona VR - IT",,
ARTISPORT SRL,Hall A; Stand D2-E3,,artisport@artisport.it,+390438 524180,https://artisport.it,"Via Fornaci, 59 3102 Revine Lago TV - IT",,
ASB SYSTEMBAU HORST BABINSKY GMBH,Hall B; Stand E2,"ASB LumiFlex: Pavimento sportivo LED integrale per esperienze immersive, contenuti dinamici e sport professionistico. ASB MultiSports: Pavimento sportivo intelligente con linee LED personalizzabili per sport ed eventi.",fial@asbglassfloor.com,+49(0)8621 987410,,"Fabrikstraße, 14 83371 Stein - DE",,
ASSA ABLOY Entrance Systems Italy Srl,Hall B; Stand A8-B9,"Speedgate ASSA ABLOY SG Expression: Il nostro speedgate rivoluzionario con design elegante e tecnologia all'avanguardia è stato meticolosamente progettato per superare i confini dell'estetica e della funzionalità. SG Expression offre la massima sicurezza e si integra perfettamente con l'ambiente circostante, offrendo una perfetta fusione di forma e funzione. Lasciati conquistare dalle linee morbide, dalle curve eleganti e dalla progettazione minimalista che si integra perfettamente con qualsiasi stile architettonico. Porte automatiche scorrevoli ASSA ABLOY Frame: La porta automatica scorrevole con telaio ASSA ABLOY Frame è una soluzione robusta e resiliente, perfetta per gli ingressi esterni. I robusti profili in alluminio del telaio sono ideali per gli ingressi molto trafficati in cui i danni da impatto sono un fattore importante, come ad esempio nel settore retail, con un elevato flusso di carrelli spesa, nonché negli aeroporti e negli ingressi ospedalieri in cui barelle e sedie a rotelle vengono utilizzati regolarmente. Il telaio robusto resiste anche a forti venti. Quando lo spazio laterale è limitato, la scelta naturale è una disposizione telescopica. È ideale per passaggi stretti, in quanto massimizza la larghezza di apertura. Il sistema offre una funzione antipanico opzionale, che consente l'uscita attraverso l'intera apertura della porta e l'anta laterale in caso di emergenza. Le porte automatiche ASSA ABLOY possono ridurre la quantità d'energia richiesta per riscaldare o raffreddare un edificio, riducendo i costi e l’impatto ambientale. Può essere dotato di vetro termico opzionale da 22 e 40 mm, spazzole aderenti e sensori aggiuntivi per la regolazione dei tempi di apertura e chiusura, migliorando ulteriormente le sue capacità di risparmio energetico, garantendo al contempo un elevato livello di sicurezza in ingresso. Porte a battente con telaio robusto ASSA ABLOY: I sistemi di porte automatiche a battente ASSA ABLOY Frame sono costruiti utilizzando un profilo robusto e stabile. Grazie alla protezione antischiacciamento delle dita integrata, le porte automatiche a battente rendono il passaggio pedonale più facile, sicuro ed efficiente dal punto di vista energetico. Le prestazioni di qualsiasi sistema di porte automatiche a battente ASSA ABLOY frame possono essere personalizzate includendo qualsiasi automatismo ASSA ABLOY montato in superficie o sulla testa. L'automazione dei sistemi di porte a battente è un modo efficiente ed economico per garantire che una struttura sia facilmente accessibile a tutti i visitatori, dipendenti, ospiti e pazienti. Con una gamma di opzioni disponibili per progettisti e clienti finali, non è mai stato così facile garantire che l'accessibilità soddisfi gli standard richiesti dalla norma EN:16005. Sono disponibili versioni a portello singolo e doppio. Tutti i modelli sono progettati per interfacciarsi con funzioni di sicurezza, opzioni di controllo degli accessi e meccanismi di chiusura elettronici a scelta. Tornello a tutta altezza ASSA ABLOY FT200: E se esistesse un modo per aumentare la sicurezza della vostra struttura e allo stesso tempo semplificare la vita del vostro personale? Il nostro tornello a tutta altezza fa entrambe le cose e molto altro ancora. Dai diversi sistemi di azionamento al solido alloggiamento in acciaio inox, ogni componente di questo tornello è realizzato su misura per garantire la sicurezza di qualsiasi area recintata. Dai parcheggi ai centri sportivi, dai magazzini alle basi militari, la scelta è tua. Tornello a tutta altezza ASSA ABLOY FT300: Ti stai aspettando l'arrivo di una folla? Non preoccuparti, il nostro varco a doppio tornello è in grado di sopportare anche i più elevati volumi di traffico, anche se arriva da entrambi i lati contemporaneamente. Le sue robuste porte girevoli a tutta altezza sono in grado di mantenere il tuo spazio sicuro, senza rallentare il movimento delle persone. Inoltre, è dotato di diverse tipologie di azionamento e di opzioni personalizzabili, come le tettoie. Questo tornello attirerà gli assembramenti e li gestirà. Tripode ASSA ABLOY TS200: Non si tratta più solo di prestazioni. Sappiamo che vuoi che il tuo edificio appaia elegante e naturale, ecco perché abbiamo creato questo tornello elegantemente curvo ma dal design minimalista. Senza tempo, sia in termini di forma che di funzionalità, migliora l'atmosfera della struttura, gestisce alti flussi di traffico e allo stesso tempo protegge l'intero ambiente. Scegli questo tripode per un look senza giunzioni, proprio come i bracci in acciaio inox che salgono e si abbassano dopo ogni visitatore.",paolo.bordogna@assaabloy.com,+3902 9215681,https://assaabloy.com,"Via Guido Rossa, 5 20061 Carugate MI - IT",,
Associazione Italiana Piscine e Wellness,Hall B; Stand E4,,info@assopiscine.it,,https://assopiscine.it,,,
Associazione Nazionale Produttori Illuminazione,Hall B; Stand A16,,viale@assil.it,+3902 97373352,,"Via P.A. Saccardo, 9 20134 Milano MI - IT",,
Associazioni Sportive Sociali Italiane,Hall B; Stand C30-D33,,andrea.ruggeri@asinazionale.it,+39066 9920228,,"Via della Ferratella in Laterano, 33 00184 Roma RM - IT",,
AXEVERAR SRL,Hall A; Stand E8,"Redazione del Piano Economico – Finanziario: Realizziamo il Piano Economico – Finanziario necessario alla redazione del progetto di fattibilità tecnica ed economica da porre a base dell’affidamento di contratti pubblici di lavori del PNRR e PNC. Emissione della lettera di Asseverazione: Emissione della lettera di Asseverazione del Piano economico – finanziario (PEF) che attesta l’equilibrio economico – finanziario del PEF e quindi la capacità del progetto di generare adeguati flussi di cassa tali da garantire il rimborso del debito e la remunerazione del capitale di rischio e quindi la possibilità di realizzare l’opera pubblica con il ricorso anche al capitale privato. Emissione della lettera di Asseverazione (Enti Pubblici di rilevanza economica): Emissione della lettera di Asseverazione del PEF allegato alla Relazione predisposta dagli Enti Pubblici di rilevanza economica ai fini della scelta della modalità di gestione del servizio pubblico locale. Stesura del Public Sector Comparator Model – PSC: Supportiamo la Pubblica Amministrazione a scegliere tra le diverse modalità di realizzazione di un’opera e a dimostrare il valore delle scelte effettuate mediate la stesura del Public Sector Comparator (PSC). Supporto ai soggetti promotori nella fase di presentazione delle proposte di PPP: Supporto ai soggetti promotori nella fase di presentazione delle proposte di PPP (predisposizione PEF, bozza di convenzione, matrice dei rischi). Supporto al RUP: Affianchiamo il RUP per la valutazione economica e finanziaria di proposte di PPP – Finanza di progetto.",segreteria@examinar.it,+39045 4642670,,"Via Caserma Ospital Vecchio, 13 37122 Verona VR - IT",,
"Beijing Worldboson International Business Exhibition Co.,Ltd.",Hall B; Stand A20,,project12@worldboson.com,+86153 21800771,https://worldboson.com,"Floor 13, Building 11, Yard 1, Tianxing Street 102488 Beijing - CN",,
BERTELÈ SRL,Hall A; Stand C28-D31,,giulio@bertele.it,+39031699053,https://bertele.it,"Via degli Artigiani, 23 22040 Lurago d'Erba CO - IT",,
BETTINI S.R.L.,Hall A; Stand B9,,stefano.rottigni@bettinivideo.com,+3902 89651000,https://bettinivideo.com,"Via Marco Ulpio Traiano, 16 20149 Milano MI - IT",,
Big Ape,Hall B; Stand C22-D23,,segreteria@movecitysport.com,+39049 5971920,,"Via Del Macello, 30 35013 Cittadella PD - IT",,
BOYTEM BOYA VE KIMYA SANAYI TICARET LIMITED SIRKETI,Hall A; Stand E22,,serhan@unicaboya.com,+90216 3040305,https://unicaboya.com,Gumusova OSB. 1 SK NO: 4 81852 Duzce - TR,,
"Brillance Exhibition Co., Ltd",Hall B; Stand E23,,cindy.liu@bri-expo.com,+86131 22275358,,"015,2nd Floor, No. 8, Zhoujiazhuang Road 100023 Beijing - CN",,
Bureau Veritas Italia SpA,Hall A; Stand D34,"ISO 20121 Eventi: La certificazione ISO 20121 è uno standard di gestione per l'organizzazione sostenibile di eventi. Permette di stabilire, implementare o migliorare un sistema di gestione sostenibile per tutti i tipi di eventi e soggetti coinvolti nel processo. Riduce i rischi e l'impatto economico, ambientale e sociale dell'evento, migliora l'efficacia della generale gestione sostenibile dell'azienda, consente di distinguersi rispetto ai competitors e valorizza l'immagine rafforzando la reputazione con le parti interessate. Verifica Progetti: La verifica del progetto è una fase fondamentale del processo di realizzazione delle Opere Pubbliche. Accerta la conformità del progetto alle specifiche disposizioni funzionali, prestazionali, normative e tecniche contenute negli elaborati progettuali. Bureau Veritas Italia è accreditato UNI CEI EN ISO/IEC 17020 da Accredia come Organismo di Ispezione di tipo A. La verifica si articola in quattro fasi: pianificazione, esame del progetto, contraddittorio e riesame del progetto, concludendosi con l'emissione del Rapporto Conclusivo di Verifica. Parità di Genere: La certificazione secondo la Prassi di Riferimento UNI/PdR 125:2022 definisce le linee guida sul sistema di gestione per la parità di genere che prevede l'adozione di specifici KPI inerenti le Politiche di parità di genere nelle organizzazioni. Prevede la misura, la rendicontazione e la valutazione dei dati relativi al genere con l'obiettivo di colmare i gap attualmente esistenti. Rafforza l'immagine e reputazione aziendale, consente di accedere a sgravi fiscali e premialità nella partecipazione a bandi italiani ed europei. Doping Free: La certificazione Play Sure Doping Free garantisce la formulazione di alimenti e prodotti nutraceutici, integratori alimentari e alimenti funzionali attraverso una corretta informazione a tutti i consumatori che vogliono evitare sostanze proibite. Valorizza le imprese che si impegnano a garantire per i propri consumatori l'impegno contro le sostanze definite dopanti attraverso un insieme di azioni che consentano il controllo dei processi. Per i consumatori è sinonimo di garanzia di quanto dichiarato in etichetta. CAM Cantiere: Il DM 11.10.2017 prescrive l'obbligatorietà di affidarsi ad un Organismo accreditato per la verifica dell'applicazione dei Criteri Ambientali Minimi definiti a livello progettuale nella fase di costruzione. L'attività ispettiva condotta secondo la norma UNI CEI EN ISO/IEC 17020:2012 accerta, durante l'esecuzione delle opere, il rispetto delle specifiche tecniche di edificio, dei componenti edilizi e di cantiere definite nel progetto. Bureau Veritas Italia è accreditato da Accredia come Organismo di Ispezione di tipo A. DNSH Esecuzione: La verifica di conformità delle attività di cantiere al principio del ""Do No Significant Harm"" (DNSH) per gli interventi edili previsti dal Piano Nazionale per la Ripresa e Resilienza (PNRR) secondo il Regolamento UE 241/2021. Il servizio si rivolge alle attività di cantiere per interventi di costruzione di nuovi edifici e interventi di ristrutturazione e riqualificazione di edifici residenziali e non residenziali. Bureau Veritas offre il servizio come ente terzo indipendente per la fase di esecuzione lavori. Impianti Elettrici: Le verifiche periodiche e straordinarie sugli impianti elettrici ai sensi del DPR 462/01 garantiscono la sicurezza di impianti e persone. Bureau Veritas Italia opera come Organismo Abilitato dal Ministero dello Sviluppo Economico per verifiche su installazioni di protezione contro scariche atmosferiche, impianti di messa a terra alimentati in AT, MT e BT, impianti in luoghi con pericolo di esplosione. Le verifiche sono condotte secondo le norme CEI applicabili con periodicità biennale per ambienti a maggior rischio e quinquennale per ambienti ordinari. Gestione Impianti: La certificazione delle competenze per Esperto in Gestione di Impianti Sportivi è rilasciata da CEPAS in conformità alla norma ISO/IEC 17024. Il professionista certificato possiede competenze in ogni ambito della gestione di un'infrastruttura sportiva: aspetti infrastrutturali, amministrativi, economico-finanziari, servizi, organizzazione del personale e aspetti manageriali. Si occupa della manutenzione ordinaria e straordinaria, garantendo sicurezza e comfort. La certificazione ha validità quinquennale con sorveglianze annuali e valorizza le attività professionali con massima garanzia di competenza. Sustainability Manager: La certificazione Sport Sustainability Manager è rilasciata da CEPAS in conformità alla norma ISO/IEC 17024 per professionisti con elevate conoscenze nella gestione della sostenibilità in ambito sportivo e della responsabilità sociale d'impresa. Il professionista certificato sviluppa, implementa, monitora e aggiorna il piano strategico di sostenibilità dell'organizzazione sportiva, massimizzando i benefici materiali e immateriali. Assicura processi decisionali eticamente orientati e sviluppa un business model sostenibile con impatti socio-ambientali positivi. La certificazione ha validità quinquennale con sorveglianze annuali.",ludovica.scafaro@bureauveritas.com,+3902270911,https://bureauveritas.com,"Viale Monza, 347 20126 Milano MI - IT",,
Business Engineering Network s.r.l.,Hall A; Stand B19,,info@benprogetti.it,+3902 48517480,,"Via Cassiodoro, 10 20145 Milano MI - IT",,
California Sports Surfaces,Hall A; Stand A10,"Plexipave®: Plexipave® è uno dei sistemi acrilici per superfici sportive più riconosciuti al mondo, apprezzato per la sua durata, uniformità e prestazioni elevate. Progettato per tennis, pickleball, basket e applicazioni multisport, garantisce una risposta della palla prevedibile e movimenti fluidi per gli atleti a tutti i livelli. Disponibile in versione ammortizzate e non, Plexipave si adatta alle esigenze di club, enti pubblici e impianti di alto livello, offrendo un equilibrio tra prestazioni, comfort e durabilità nel tempo. Grazie a una rete globale di installatori certificati, Plexipave rappresenta una soluzione affidabile e di valore per i gestori di impianti sportivi. Plexipave® Color Card DecoTurf®: DecoTurf® è una superficie sportiva acrilica premium, riconosciuta a livello globale per la sua giocabilità costante e la presenza in eventi professionali di alto livello. Progettata per precisione e affidabilità, offre una superficie uniforme e veloce che valorizza le prestazioni degli atleti. I suoi sistemi avanzati garantiscono durata anche in condizioni di utilizzo intenso e ambienti impegnativi, rendendola ideale per impianti di livello professionale, club e strutture istituzionali. DecoTurf unisce prestazioni elevate e finitura professionale, rispondendo alle esigenze di impianti che richiedono qualità e affidabilità. DecoTurf® Color Card Rebound Ace®: Rebound Ace® è un sistema di superficie sportiva ammortizzata progettato per offrire comfort superiore, assorbimento degli urti e maggiore sicurezza per il giocatore. Grazie alla tecnologia con materassini in gomma, riduce lo stress sulle articolazioni mantenendo elevate prestazioni di gioco. Ideale per tennis e superfici multisport, offre un equilibrio tra resilienza e ritorno di energia, favorendo sessioni di gioco più lunghe e una migliore resistenza dell’atleta. Adatto sia per applicazioni indoor che outdoor, è la scelta ideale per impianti che mettono al primo posto il benessere degli utenti. CoolTop®: CoolTop® è una tecnologia innovativa di rivestimento progettata per ridurre la temperatura superficiale fino al 33% (rispetto a colori analoghi nelle formulazioni standard) e migliorare il comfort di gioco in ambienti ad alte temperature. Grazie all’utilizzo di pigmenti a riflettanza solare, CoolTop contribuisce a mantenere le superfici di gioco più fresche sotto l’esposizione diretta al sole, aumentando la fruibilità e prolungando i tempi di utilizzo. Progettato per essere compatibile con sistemi cushioned e hardcourt esistenti, CoolTop garantisce performance termiche elevate senza compromettere velocità di gioco, durata o brillantezza dei colori. Ideale per club, scuole e strutture pubbliche, CoolTop favorisce ambienti più sostenibili e confortevoli per gli utenti, rispondendo alla crescente domanda di soluzioni performanti in climi sempre più caldi. Scarica la brochure CoolTop® Color Card Plexitrac®: Plexitrac® è un sistema avanzato per piste di atletica progettato per offrire prestazioni elevate, resilienza e sicurezza per gli atleti. Garantisce trazione ottimale e assorbimento degli urti, migliorando comfort e velocità di corsa. La sua struttura resistente assicura alte prestazioni anche in condizioni di utilizzo intensivo e ambienti variabili. Ideale per scuole, centri di allenamento e impianti sportivi, Plexitrac rappresenta una soluzione affidabile e di alta qualità per le piste moderne. Plexitrac® brochure",daniele.doerge@icpgroup.com,+1978 6239980,,"150 Dascomb Rd 01810 Andover, MA - US",,
CETA SPA,Hall A; Stand C2-D7,"Tribune prefabbricate serie G2M: Tribune modulari prefabbricate Serie G2M, progettate per comfort e sicurezza dello spettatore. Elementi trasversali e longitudinali autobloccanti consentono la realizzazione di strutture da 3 a numerose file, con alzata gradone 0,20 m (GM) e 0,40 m (G2M) e pedata 0,75 m. Realizzate in acciaio S235 JR zincato a caldo, saldato da sistemi robotizzati certificati. Montaggio rapido senza viti o bulloni grazie al sistema di auto bloccaggio, garantendo stabilità e sicurezza. Controlli qualità accurati e verifiche sul prodotto finito. Tribune telescopiche: Tribune telescopiche progettate per ottimizzare gli spazi interni con massima flessibilità. Scorrono su ruote e si aprono o richiudono rapidamente, trasformandosi in una struttura compatta a minimo ingombro. Ideali per palestre, palazzetti, sale congressi e ambienti polifunzionali. Realizzate in acciaio S235 JR saldato da sistemi robotizzati e conformi alle normative vigenti, anche in zona sismica. Rivestimento in multistrato resistente, controlli qualità rigorosi e soluzioni personalizzate garantiscono sicurezza, comfort e integrazione architettonica. Tribune speciali: Tribune speciali progettate su misura dallo staff tecnico CETA, con struttura portante in acciaio zincato a caldo e rivestimento in multistrato resistente. Soluzioni ideali per palestre, palazzetti, sale congressi e ambienti polifunzionali, dove sicurezza, durata e integrazione architettonica sono fondamentali. La progettazione personalizzata consente di rispondere a specifiche esigenze funzionali ed estetiche. Sedili DROP, GAME, SET e MONZA: I sedili monoscocca DROP, GAME. SET e Monza sono realizzati in polipropilene copolimero ad alta densità, colorato nella massa e arricchito con additivi anti-UV, antistatici e ignifughi. Sono privi di schienale, con schienale medio e schienale alto e presentano una finitura lucida brillante, nervature di rinforzo e canalette per il rapido deflusso dell’acqua. Sono autoportanti e di facile installazione tramite due e tre punti di ancoraggio con tappi inamovibili. Certificati in Classe 1 (UNO) di reazione al fuoco e conformi alla norma EN 12727, sono ideali per tribune e impianti sportivi. Poltroncine All Stars, All Star S/R, First Class e Top Class: Poltroncine ergonomiche in polipropilene copolimero soffiato ad alta densità, con sedile e schienale (anche reclinabile manualmente) goffrati e colorati nella massa e arricchiti con additivi anti‑UV, antistatici e ignifughi oppure poltroncine imbottite su struttura in acciaio con rivestimento tessile sfoderabile, anallergico e resistente. Disponibili con e senza braccioli rivestiti in poliuretano fissi o ribaltabili su richiesta e con seduta ribaltabile con meccanismo a molla. Ideali per tribune di teatri, auditorium e impianti sportivi, sono conformi alla norma EN 12727 ed in Classe 1 (UNO) e 1IM di reazione al fuoco. Coperture con montanti anteriori: Coperture prefabbricate per tribune con struttura portante in acciaio zincato a caldo e manto in lamiera grecata. Progettate per integrarsi perfettamente con le tribune CETA, offrono protezione e durabilità nel tempo. Disponibili con pilastri frontali, rispondono a diverse esigenze funzionali e architettoniche. Soluzioni conformi alle normative vigenti, ideali per impianti sportivi ed eventi all’aperto. Coperture a sbalzo: Coperture prefabbricate per tribune con struttura portante in acciaio zincato a caldo e manto in lamiera grecata. Progettate per integrarsi perfettamente con le tribune CETA, offrono protezione e durabilità nel tempo. Disponibili con struttura a sbalzo, rispondono a diverse esigenze funzionali e architettoniche. Soluzioni conformi alle normative vigenti, ideali per impianti sportivi ed eventi all’aperto. Palco prefabbricato Serie ‘95 e Palco Multiceta: Palchi prefabbricati realizzati in acciaio S235 JR zincato a caldo e palchi modulari composti da montanti, correnti e traversi prefabbricati Multiceta, con piano di calpestio supportato da travi a traliccio e nodi multidirezionali. Dotati di basette regolabili fino a 50 cm e strutture componibili per garantire versatilità e sicurezza. Conformi alle normative su sovraccarico e sismicità, garantiscono sicurezza, durata e manutenzione minima. Ideali per eventi, concerti, torri tecniche, pareti scenografiche, stand fieristici e manifestazioni di ogni tipo. Transenne Serie City: Transenne modulari CETA Serie City 2.0 e 2.5, compatibili tra loro, ideali per delimitare aree e gestire il pubblico. Robuste, stabili anche singolarmente, con interasse sicuro per bambini. Piedini orientabili per creare recinzioni a qualsiasi angolo. Montaggio rapido ad auto bloccaggio, collegamento continuo con ganci saldati. Zincatura a caldo per lunga durata e resistenza agli agenti atmosferici. Disponibili con catarifrangente mono facciale conforme al Codice della Strada.",francesca.spadaro@cetaspa.com,+39035 4548511,https://cetaspa.com,"Via Grumello, 47-49 24127 Bergamo BG - IT",,
Codega Assicurazioni srl,Hall A; Stand E39,,paoloc@codega-assicurazioni.it,+390341 365361,https://codega-assicurazioni.it,"Via Marco D'Oggiono, 5 23900 Lecco LC - IT",,
CODEX SRL,Hall A; Stand A24-B25,,commerciale@codexsrl.com,+390422 634040,https://codexsrl.com,"Via F. Ferrara, 6 3103 Dosson Di Casier TV - IT",,
COIND PISCINE SRL,Hall B; Stand B12-C15,,maurizio.gorato@coindpiscine.it,+3902 22226791,https://coindpiscine.it,"Corso di Porta Vittoria, 18 20122 Milano MI - IT",,
COS nv,Hall A; Stand E10,,hans.mayer@cos.be,+3255211581,https://cos.be,"Arend de Keyserestraat, 8 9700 Oudenaarde - BE",,
Cremonini Terre Rosse,Hall A; Stand C39,,cristina@cremoninisrl.it,+390542 666381,https://cremoninisrl.it,"Via Pila Cipolla, 6 40026 Imola BO - IT",,
DALLA RIVA SRL,Hall A; Stand C18-D19,,dallariva@dallarivaparquet.com,+39042 3619005,https://dallarivaparquet.com,"Via Vittime del Vajont, 7 31031 Caerano di San Marco TV - IT",,
DEFIM ORSOGRIL SPA,Hall A; Stand C10-D11,"RECINTHA® STADIUM: Recinzione da stadio in rete elettrosaldata conforme alla norma UNI EN13200. Robusta e sicura, garantisce un’ottima visibilità agli spettatori e un’estetica curata grazie al sistema di piantane. Disponibile in tre versioni con altezze diverse per rispondere alle esigenze delle varie aree dell’impianto sportivo: - modello RS1: h 2230 mm - modello RS2: h 2430 mm - modello RS3: h 2230 mm, più 630 mm di offendicola. Corredata da cancelli realizzati secondo le norme vigenti in materia di separatori di spazi e sicurezza per campi da gioco e centri sportivi. RECINTHA® N/L: Recinzione in rete elettrosaldata elegante e leggera, con pannelli arricchiti da onde sinusoidali che le donano un senso di gradevolezza nella delimitazione della proprietà. Facile da installare grazie al giunto brevettato, completamente modulare e altamente personalizzabile, Recintha® N/L si integra armoniosamente in tutti i contesti ed è particolarmente adatta a recintare aree di grande dimensione. Un’ampia gamma di finiture e colori oltre a sistemi di chiusura integrabili permettono di rispondere con precisione alle più diverse esigenze progettuali. Disponibile sia nella versione classica con palo quadro 60x60 mm sia con palo tondo diametro 40 mm. Disponibile anche in acciaio COR-TEN. RECINTHA® P.G.: Recinzione in rete elettrosaldata elegante e leggera, priva di spigoli vivi, che riprende il design del modello Recintha N/L. Dotata di uno speciale corrimano superiore in tubolare che nasconde superfici sporgenti, rendendola ancora più sicura, Recintha® P.G. è adatta a recintare parchi giochi, giardini pubblici, aree di svago, piste ciclabili, aree scolastiche e tramviarie. La sua modularità insieme al sistema di giunto brevettato le conferiscono versatilità e facilità di montaggio. Disponibile sia nella versione con palo quadro 60x60 mm sia con palo tondo diametro 40 mm. STEROPE®: Recinzione modulare in grigliato elettrosaldato che unisce l’eleganza e l’estetica alla solidità e alla trasparenza, grazie alla maglia rettangolare che la costituisce che offre alta permeabilità visiva senza rinunciare alla sicurezza del perimetro. Disponibile con piantane in piatto 60x7 mm o 80x8 mm, Sterope® è la soluzione versatile adatta ad applicazioni per edifici industriali, residenziali, parcheggi, scuole e aree sportive. I sistemi di chiusura coordinati, pedonali e carrabili, assicurano inoltre una protezione efficace, mantenendo un’estetica leggera e raffinata. ACUMINA®: Nata nel solco della cultura artigianale, Acumina® recupera le linee delle cancellate realizzate dai fabbri ma le reinterpreta secondo nuovi standard. È una recinzione di pregio che valorizza l’ambiente in cui è inserita, proteggendolo grazie al suo alto livello di sicurezza, perché non è scavalcabile. La vasta gamma di cromie disponibili e la possibilità di essere declinata con sistemi di chiusura dedicati sono due punti di forza per chi cerca modernità nel rispetto del classico. Acumina® è la soluzione modulare anti-scavalcamento, che unisce tradizione ed estetica, ideale per contesti residenziali, industriali, abitazioni di pregio, parchi e aree esterne di impianti sportivi. TALIA® VENTUS / SCREEN: Certificata antivento si distingue per la qualità dei materiali e per la facilità di posa, resa possibile dall’integrazione tra piantana e pannello. TALIALIVE®: Grazie al processo di maturazione e ossidazione, l’acciaio che la caratterizza è un materiale “vivo”, che può variare nel tempo, in tonalità e sfumature sempre capaci di valorizzare il progetto anche grazie ai giochi di luce e ombra che la struttura a lamelle porta con sé. RECINTHA® SAFETY: Recinzione in rete elettrosaldata ad alta sicurezza invalicabile e anti-taglio grazie all’assenza di appigli e alla stretta maglia da cui è costituita. Progettata per impedire scavalcamenti e manomissioni, Recintha® Safety combina robustezza strutturale e permeabilità visiva, integrandosi con i più avanzati sistemi di videosorveglianza. Lineare, essenziale e sorprendentemente versatile, si adatta con facilità a salti di quota, angolature complesse e sistemi di chiusura personalizzati. Il fissaggio con palo ad Omega con bulloneria inox antifurto e la possibilità di aumentare la rigidità della struttura con traversi opzionali, ne potenziano la protezione. Disponibile in una ricca palette cromatica e con sistema d’allarme MACS integrato per una sicurezza perimetrale all’avanguardia. GRIGLIATO Potissimum®: Potissimum® è il grigliato in acciaio elettrosaldato che unisce robustezza ed estetica grazie ad un avanzato processo produttivo. L’ampia gamma disponibile a magazzino soddisfa le esigenze del settore edile e industriali con pannelli su misura, bordati e scantonati, adattandosi a progetti di qualsiasi complessità. L’ufficio tecnico, unico nel settore, supporta il cliente nella progettazione per soluzioni efficienti ed economiche. I pannelli GEA standard disponibili informato 6100x1000 mm e i pannelli su misura sono marcati CE e forniti con relativa DoP.",ester.cottone@defimorsogril.com,+39031 33521,https://defimorsogril.com,"Via Cavolto, 10 22040 Anzano del Parco CO - IT",,
DEMOSION CONSULTING SRL,Hall A; Stand B11,,m.farina@demosion.it,+39344 0174028,https://demosion.it,"Via Emilio Visconti Venosta, 7 20122 Milano MI - IT",,
Dimo Group Srl,Hall B; Stand A32-B35,,massimo.dimo@dimogroup.com,+390833 555388,https://dimogroup.com,Zona P.I.P. 73055 Racale LE - IT,,
DPE d.o.o.,Hall A; Stand B2/C5,,marko.meden@dpe.si,+38641262753,https://dpe.si,"Ulica Tolminskih Puntarjev, 12 5 Nova Gorica - SI",,
Duol inženiring d.o.o.,Hall B; Stand D25,,gregor.rijavec@duol.eu,+3861 3601400,https://duol.eu,"Kamnik pod Krimom, 142 1352 Preserje - SI",,
ECOPLUS SRL,Hall A; Stand E12,,stefanoginnasi@ecoplusitaly.com,+39344 0974078,https://ecoplusitaly.com,"Via Monviso, 6 2704 Portalbera PV - IT",,
ELASTRADE SRL,Hall A; Stand A14-B15,,simona@gommamica.it,+39035 505039,,"Via dei Termini, 18/A 24040 Osio Sopra BG - IT",,
EMMEBI ENGINEERING SOLUTION S.R.L.,Hall B; Stand B5-B7,,info@emmebiengsol.it,+390438 758203,https://emmebiengsol.it,"Via Guido Rossa, 10 31010 Ponte della Priula TV - IT",,
Ennova Solution Srl,Hall B; Stand C8-D9,,filippo@ennovasolution.com,+39347 1290156,https://ennovasolution.com,"Via San Michele Campagna, 19/c 43036 Fidenza PR - IT",,
Ernesto Collino,Hall A; Stand D38,,ernesto.collino@gmail.com,+393336066946,,"Via Alberico Da Barbinao, 34 20081 Cassinetta di Lugagnano MI - IT",,
EVOLPLAY SRL,Hall A; Stand B10,,sara.vavassori@evolplay.it,+39035 4522 002,https://evolplay.it,"Vicolo Salvo D'Acquisto, 2/D 2405 Grassobbio BG - IT",,
FARAONE S.R.L. a socio unico,Hall B; Stand B2-C5,"Parapetti in vetro per tribuna: In tribuna la priorità è semplice: proteggere la folla senza interrompere la visione . I parapetti NINFA 6 STADIO sono progettati per aree spettatori ad alto affollamento e consentono una barriera trasparente continua, coerente con la curva di visibilità CONI , riducendo gli “schermi” visivi tipici di ringhiere tradizionali. La prestazione è affrontata come requisito strutturale: classe di progetto 500 kg/m e prove in laboratorio fino a 900 kg/m , con dettagli pensati per mantenere l’allineamento del vetro e la qualità percepita nel tempo. In funzione della tribuna e dei vincoli di spazio, sono possibili attacchi sopra pavimento, fronte solaio (per liberare la pedata), sopra muretto (su cordoli esistenti) e soluzioni affogate per massima pulizia architettonica. Il risultato è un sistema “da capitolato”: verificabile, replicabile, con logica modulare utile sia su nuove costruzioni sia su riqualificazioni. Parapetti in vetro per bordo campo: A bordo campo la barriera lavora in un contesto diverso: distanza ravvicinata, passaggi frequenti di staff e operatori, presenza di TV e sponsor, e necessità di mantenere trasparenza totale per pubblico e riprese. Qui il parapetto deve essere stabile , con quote controllate e dettagli che non generino intralci o punti critici nella manutenzione. NINFA la serie 6 permette soluzioni continue e pulite, adatte a stadi e palazzetti, con prestazioni pensate per aree con pubblico reale (classe 500 kg/m, test 900 kg/m). Dal punto di vista cantieristico, il bordo campo spesso impone scelte di fissaggio “intelligenti”: sopra pavimento per interventi rapidi su solette esistenti, sopra muretto quando il perimetro è già definito da cordoli, oppure affogato per nuove realizzazioni dove si vuole azzerare l’impatto visivo. Il vantaggio è una protezione trasparente che non “sporca” il progetto e non compromette l’operatività. Parapetti in vetro per divisori tifoserie: Separare settori e tifoserie è un tema di gestione e sicurezza: la soluzione non deve diventare un “muro” che taglia la vista, ma una barriera trasparente, alta e realmente resistente . NINFA 6 STADIO consente divisori in vetro fino a 3 metri , a norma, progettati per resistere a spinte bidirezionali (sollecitazioni da entrambi i lati) e mantenere continuità visiva in tribuna. A seconda del layout e della struttura, i divisori possono essere fissati sopra pavimento (su travi/cordoli), oppure con soluzioni affogate per massima stabilità e pulizia formale (molto indicate in nuovi impianti o quando si prevedono predisposizioni). In tutti i casi, l’obiettivo è uno: separare in sicurezza senza perdere la qualità dell’esperienza spettatore e senza compromettere le linee di vista. Parapetti in vetro per skybox: Negli skybox la sicurezza deve convivere con standard architettonici premium: allineamenti perfetti , dettagli minimali, nessuna interferenza visiva e una percezione “alto livello”. Ninfa la serie 6 consente parapetti tuttovetro adatti a terrazze e balconate skybox, con prestazioni e logica strutturale pensate per contesti con presenza di pubblico e gestione eventi (classe 500 kg/m, test 900 kg/m). Qui la scelta dell’attacco incide direttamente su estetica e funzionalità: fronte solaio per liberare il piano e ridurre ingombri interni, sopra pavimento su cemento o travi portanti (metallo o legno), sopra muretto in riqualificazioni di balconate esistenti, oppure affogato per integrazione “invisibile” e massima continuità del progetto. Il sistema permette di mantenere pulizia formale e coerenza con facciate e rivestimenti, riducendo le criticità di cantiere grazie a soluzioni testate, replicabili e controllabili. Parapetti in vetro per skywalk: Su skywalk e percorsi panoramici la barriera è un elemento critico: lavora con altezza, vento, affollamento e, spesso, con condizioni di esposizione continuative. Serve un sistema progettato per essere verificabile, collaudato e integrabile nell’opera senza compromessi. Le soluzioni NINFA 6 STADIO nascono per ambienti con pubblico reale e offrono un approccio “ingegnerizzabile” alle prestazioni: classe di progetto 500 kg/m, test fino a 900 kg/m, in un contesto dove la trasparenza deve restare un valore architettonico, non un rischio. Per skywalk, l’attacco affogato è spesso la scelta più pulita e robusta quando si possono prevedere predisposizioni; fronte solaio è utile per contenere gli ingombri sul camminamento; sopra pavimento e sopra muretto diventano opzioni efficaci nelle riqualificazioni, quando la struttura esistente detta le regole. Il risultato è una barriera trasparente continua, capace di mantenere la vista e al tempo stesso rispondere alle sollecitazioni tipiche dei percorsi sopraelevati. Leggi l'articolo Parapetti in vetro per vomitori: Nei vomitori (accessi/uscite tribuna) e nei corridoi di distribuzione, le sollecitazioni cambiano: flussi rapidi, urti accidentali, contatto continuo, cambi di quota , oltre alla necessità di non creare strozzature. Qui il parapetto deve essere robusto e “pratico”: protezione continua, quote corrette, dettagli che resistono all’uso intensivo e facilitano la manutenzione. Anche in queste zone, NINFA porta l’approccio da impianto sportivo: prestazioni per luoghi affollati (classe 500 kg/m, test 900 kg/m). Dal punto di vista della posa, il fronte solaio è spesso determinante per liberare la larghezza utile del percorso; sopra pavimento è efficace quando si lavora su solette esistenti; sopra muretto sfrutta cordoli o parapetti preesistenti; affogato è l’opzione migliore in nuove opere per ridurre ingombri e ottenere una finitura pulita. L’obiettivo è ridurre criticità in cantiere e consegnare un sistema “da gestione impianto”: sicuro, durevole, replicabile.",roberto@faraone.it,+39329 8275400,https://faraone.it,"Via Po, 12 64018 Tortoreto TE - IT",,
FAVARETTI SRL,Hall B; Stand B20,"Tensostrutture su misura: Favaretti Srl progetta e realizza tensostrutture modulari e su misura per impianti sportivi, strutture industriali e logistiche. Ogni progetto nasce da un'analisi approfondita delle esigenze del cliente e viene sviluppato internamente, dalla progettazione alla posa in opera. Le strutture sono costruite con materiali certificati, resistenti agli agenti atmosferici e progettate per durare nel tempo. Il servizio è completamente chiavi in mano: un unico interlocutore segue ogni fase del progetto, garantendo tempi certi, qualità costante e massima personalizzazione. Adatte a coperture per palestre, magazzini, aree sportive e spazi industriali, le tensostrutture Favaretti rappresentano una soluzione funzionale, versatile ed efficiente per chi cerca spazi coperti affidabili e di qualità. Scarica il catalogo Campi da padel chiavi in mano: Favaretti Srl realizza campi da padel su misura con coperture integrate, pensati per un utilizzo ottimale tutto l'anno. Le strutture sono costruite con acciaio strutturale S355, vetro certificato da 12 mm e trattamento di zincatura a caldo, che garantisce una protezione duratura contro corrosione e agenti atmosferici. Ogni progetto è completamente personalizzabile: forma, colori, sistemi di illuminazione, tamponamenti laterali e aree sociali vengono progettati in base alle specifiche esigenze del cliente. Favaretti offre garanzia decennale su struttura e rivestimento, con produzione e logistica interamente gestite internamente. Un'unica azienda segue tutto il processo, dalla consulenza iniziale all'installazione finale, per realizzare il club dei tuoi sogni. Scarica il catalogo Coperture piscina per il pubblico: Favaretti Srl propone soluzioni di copertura per piscine pubbliche e grandi centri natatori, progettate per migliorare sicurezza, efficienza energetica e qualità di gestione dell'impianto. Le coperture isotermiche riducono la dispersione termica e i costi di gestione fino al 35-40% annuo, garantendo al tempo stesso la pulizia dell'acqua e la continuità di utilizzo della vasca. La gamma comprende sistemi automatici motorizzati, coperture di sicurezza conformi alla normativa UNI 11718 e soluzioni invernali ad alte prestazioni. Tutti i prodotti sono realizzati in Italia, con materiali selezionati e processi produttivi certificati ISO 9001. Favaretti gestisce l'intero progetto: dalla consulenza tecnica iniziale fino alla messa in opera e all'assistenza post-installazione. Scarica il catalogo",antonio.marino@favarettigroup.it,+39049 5380535,https://favarettigroup.it,"Via V. Strada, 5/7 35023 Bagnoli di Sopra PD - IT",,
Fieldturf Tarkett sas,Hall B; Stand C2-D3,"CorePrime: CorePrime è una fibra ad alta durabilità contenente il 40% di polimero riciclato, per prestazioni senza compromessi. Il suo rivestimento esterno, morbido al tatto, è realizzato in polietilene vergine per garantire il massimo comfort ai giocatori. CorePrime è progettato per resistere a un uso intensivo e ha dimostrato la sua resistenza attraverso test prolungati con cicli Lisport. Video Natural infills: Quando si tratta di prestazioni e sicurezza dei giocatori, la scelta dell'intaso può fare la differenza! Tarkett Sports offre la più ampia gamma di intasi naturali per coniugare performance e sicurezza con gli obiettivi di sostenibilità. La gamma Tarkett Sports include PureSelect (realizzato con noccioli d'oliva), PureFill (realizzato in sughero) e PureGrain (realizzato con tutolo di mais). Shockbase: Shockbase è un sottotappeto elastico (shockpad) di alta qualità, progettato specificamente per i campi in erba sintetica FieldTurf. Realizzato in polipropilene espanso, è progettato per soddisfare i più elevati standard di prestazioni sportive, ambientali e di sicurezza. Completare il sistema con un sottotappeto elastico garantisce l'attenuazione degli impatti per la sicurezza dei giocatori, riduce la quantità di intaso necessaria e aiuta a mantenere le elevate prestazioni del campo nel tempo. ORIGIN TechnologyTM: ORIGIN Technology™ è l'innovazione rivoluzionaria di Tarkett Sports che ridefinisce il modo in cui l'erba sintetica viene prodotta, utilizzata e riciclata. Si tratta di una soluzione realmente circolare, progettata per offrire prestazioni costanti, dai campi sportivi comunali alle competizioni d'élite. Eliminando il lattice SBR e il poliuretano (PU) in favore di un manto realizzato al 100% in materiali termoplastici, ORIGIN Technology™ permette una completa circolarità. Grazie a un film brevettato in copolimero di polietilene, rappresenta una nuova generazione di sistemi per manti erbosi circolari che possono rientrare nel ciclo produttivo senza necessità di smantellamento, permettendo a ogni campo di diventare la materia prima per quello successivo. Un solo materiale. Un solo processo. Un unico ciclo chiuso. Video Beynon: In Beynon®, progettiamo superfici per l'atletica leggera dove la prestazione si misura in frazioni di secondo. Grazie a decenni di esperienza nel settore e a una profonda conoscenza della biomeccanica degli atleti, le nostre superfici sono progettate per ottimizzare il ritorno di energia, migliorare la sicurezza e offrire prestazioni costanti in condizioni di gara. Dalle scuole agli stadi di livello mondiale, le piste Beynon® godono della fiducia di atleti, allenatori e proprietari di impianti che esigono precisione, affidabilità e durabilità a lungo termine. Ogni superficie è studiata per massimizzare la velocità, resistere a un uso intensivo e soddisfare i più elevati standard sportivi, permettendo agli atleti di dare il massimo ogni volta che scendono in pista. GrassMaster: In GrassMaster, offriamo la migliore esperienza di erba ibrida possibile. Combinando l'autenticità dell'erba naturale con la resistenza di un'avanzata tecnologia ibrida, i nostri sistemi offrono un'eccezionale qualità di gioco, garantendo al contempo durata e affidabilità a lungo termine in condizioni di uso intensivo. Scelti dalle competizioni più prestigiose al mondo, inclusi tornei internazionali ed eventi olimpici, GrassMaster e PlayMaster mantengono prestazioni costanti, tempi di recupero rapidi e rari standard di sicurezza durante calendari agonistici impegnativi. Per i gestori degli stadi, questo si traduce in una maggiore disponibilità del campo e operazioni ottimizzate. Per i giocatori e gli allenatori, assicura la massima fiducia nella superficie, partita dopo partita. Video Tarkett Sports Indoor: Forte di una riconosciuta tradizione di eccellenza francese, da decenni supportiamo comuni, architetti e installatori nella creazione di impianti sportivi sicuri, versatili ed esteticamente gradevoli, progettati per ogni livello di gioco. Con un portafoglio completo di soluzioni ad alte prestazioni che include pavimentazioni sportive in PVC, sistemi in legno per lo sport, sistemi combinati, superfici per il fitness e soluzioni di protezione soddisfiamo le esigenze specifiche di ogni spazio indoor. Poniamo la qualità, la prossimità e la sostenibilità al centro del nostro approccio, sviluppando soluzioni progettate per prolungare la vita del prodotto, ridurre l'impatto ambientale e resistere all'intensità dello sport, così come agli utilizzi extra-sportivi delle strutture indoor.",lorenzo.aralla@external.tarkett.com,+39335 6977904,https://external.tarkett.com,"1, Terrace Bellini Tour Initiale 92919 Paris - FR",,
FJDynamics International Limited,Hall A; Stand E29,,serena.su@fjdynamics.com,+852264 88799,https://fjdynamics.com,"Flat/Rm 520, 5/F, Core Building 1, Phase 1, 1 Science Park East Avenue 999077 Sha Tin - HK",,
Freetness Italia,Hall A; Stand A22-B23,,massimo.digrigoli@freetness.fr,+39329 6520654,https://freetness.fr,"Via Campania, 35 92022 Cammarata AG - IT",,
Gammasport,Hall A; Stand D27,"Panchine giocatori e allenatori: Gammasport si occupa della progettazione e produzione di panchine per allenatori pensate per ogni tipologia di impianto sportivo, dalle realtà dilettantistiche a quelle professionistiche. Costruite in alluminio oppure in acciaio zincato, possono essere personalizzate scegliendo tipologia e colore delle sedute, tipologia dei pannelli di rivestimento, possono essere fisse o trasportabili su ruote. Porte calcio: Le Porte da calcio prodotte da Gammasport sono certificate dal Bureau Veritas in conformità alla Norma Uni En 749 e sono presenti in numerosi stadi italiani ed esteri. Realizzate in alluminio con componenti in acciaio zincato, garantiscono sicurezza e durata nel tempo. Porte calcetto antiribaltamento: Nate dalla partnership con la ditta Tutigol produttrice delle zavorre brevettate, e perfezionate dalla collaborazione con FIGC LND, queste porte sono dotate di un sistema antiribaltamento integrato e garantiscono la totale sicurezza dei giocatori in campo. Grazie all'Accordo con Divisione Calcio a 5, sono impiegate nei campionati di Serie A1, A2 Maschile e A1 Femminile. Porta Multisport con canestro integrato: Impianto combinato composto da porta calcetto interamente saldata e zincata, con soprastante tabellone minibasket e canestro regolamentare. Ideale per aree multisport e campi polivalenti all’interno di parchi pubblici, scuole, oratori .. La struttura è certificata in conformità norma UNI EN 15312 ed assicura robustezza e durata nel tempo. Arene: Soluzioni strutturali per aree multisport progettate per un utilizzo intensivo e polivalente. Realizzate in acciaio zincato e chiuse da pannelli coibentati e rete di contenimento laterale e superiore. Personalizzabili come dimensioni e finiture, sono ideali per allenamenti tattici oppure per creare zone gioco chiuse e delimitate. Tribune: Tribuna modulari per interno o esterno progettate e realizzate in base alle esigenze del cliente e in conformità alle normative vigenti. Impianti basket: Gammasport offre una gamma completa di impianti per la pallacanestro, progettati per garantire elevate prestazioni e massima sicurezza. Realizziamo soluzioni fisse e mobili, pensate e personalizzate in base alle caratteristiche della struttura ove andranno installate, nel rispetto delle normative vigenti. Arredo palestra: Gammasport propone arredamento completo per gli ambienti sportivi, moduli funzionali per spogliatoi, panche e armadietti, oltre a soluzioni specifiche per locali infermeria. Porte Beach Handball: Gammasport produce porte professionali in alluminio per beach handball, progettate per garantire stabilità e sicurezza durante il gioco.",info@gammasport.com,+390438 454305,https://gammasport.com,Via Vecchia Trevigiana 31058 Susegana TV - IT,,
GEORGIOS ANGELIS KAI SIA EE QUINCE ELECTRONICS,Hall B; Stand A3-A5,,angelis@quinceelectronics.com,+30210 2618700,https://quinceelectronics.com,47 Evaggelistrias Street 13122 Ilion Attica - GR,,
GEWISS,Hall A; Stand C12-D15,"Gamma QDX: La gamma QDX offre una soluzione completa e integrata per la distribuzione dell’energia in bassa tensione. Composta dai quadri QDX 4000 H, QDX 1600 H, QDX 630 H e QDX 630 L, garantisce continuità progettuale, versatilità applicativa e prestazioni elevate in ogni contesto. Grazie alla perfetta sinergia tra quadri primari e secondari, la serie risponde alle esigenze di impianti industriali e terziari con soluzioni affidabili, configurabili e personalizzabili. Un ecosistema coordinato che semplifica progettazione, installazione e gestione, assicurando qualità, efficienza e continuità operativa. I-ON EVO JOINON: Le colonnine di ricarica I-ON EVO JOINON sono progettate per spazi pubblici, semi-pubblici e aziendali, offrendo affidabilità, resistenza e flessibilità d’installazione grazie alle versioni da parete e da pavimento. Il grado di protezione IP55 assicura elevata durabilità contro agenti atmosferici, urti e atti vandalici. L’esclusivo design esagonale si integra armoniosamente nei contesti urbani, migliorando l’esperienza d’uso. Le soluzioni si integrano con l’app myJOINON e la piattaforma SMALL NET per il mondo business, e con JOINON Charge&Go e LARGE NET per gli spazi pubblici. Disponibili con grafica standard o personalizzata su richiesta. ChoruSmart: ChoruSmart è l’ecosistema GEWISS per la gestione intelligente di ambienti residenziali e terziari, progettato per coniugare comfort, sicurezza, efficienza energetica e personalizzazione. Grazie all’integrazione di tecnologie tradizionali, wireless e KNX, consente di realizzare impianti scalabili, dalla Smart Home Connessa ai sistemi Home&Building Pro. L’ecosistema comprende dispositivi evoluti come i comandi assiali EVO, le placche EGO Smart e la pulsantiera ECO senza batterie, gestibili tramite app dedicate e assistenti vocali. Una soluzione completa che unisce design, innovazione e flessibilità per adattarsi a ogni esigenza installativa.",oscar.valota@gewiss.com,+39035 946111,https://gewiss.com,"Via Domenico Bosatelli, 1 24069 Cenate Sotto BG - IT",,
Giochinfiniti srl,Hall A; Stand A12- B13,,sviluppo@giochinfiniti.it,+39085 4429605,https://giochinfiniti.it,"Via Roma, 130 64028 Silvi TE - IT",,
GLOBAL DISPLAY SOLUTIONS SPA,Hall B; Stand A14,,m.gecchele@gds.com,,,,,
Gommamica,Hall A; Stand A14-B15,"Sistemi Calcio GommAmica®: Sistemi tecnici per campi da calcio in erba artificiale di terza generazione, progettati per garantire performance sportive, sicurezza, comfort di gioco e conformità ai requisiti richiesti dalle normative federali. Sistemi Calcetto GommAmica®: Tetrapur: Sistemi tecnici per campi da calcetto e calcio a 8 progettati per offrire superfici performanti, sicure e durevoli, ideali per garantire comfort di gioco e massima fruibilità anche in spazi contenuti. Sistemi Multisport GommAmica®: Tetrapur IV S: Sistemi multisport progettati per garantire prestazioni elevate, sicurezza e versatilità, con superfici adatte a diverse discipline sportive, resistenti all’usura, antiscivolo e capaci di mantenere nel tempo comfort, qualità di gioco e stabilità cromatica. Sistemi Basket GommAmica®: Tetrapur IV: Sistemi tecnici per campi da basket progettati per garantire rapidità di gioco, controllo del rimbalzo e massima sicurezza, con superfici antiscivolo resistenti all’usura e capaci di assicurare comfort, stabilità e protezione delle articolazioni anche nelle attività ad alta intensità. Sistemi Pallavolo GommAmica®: Tetrapur II: Sistemi tecnici per campi da pallavolo progettati per garantire precisione di gioco, stabilità e sicurezza, con superfici elastiche e antiscivolo capaci di assorbire le sollecitazioni, proteggere le articolazioni e mantenere elevate prestazioni nel tempo. Pista Atletica GommAmica®: Tetrapur III: Sistemi tecnici per piste di atletica progettati per garantire prestazioni elevate, assorbimento degli impatti e sicurezza degli atleti, con superfici sintetiche resistenti, drenanti e conformi ai più elevati standard qualitativi per l’attività agonistica e professionale. Sistemi Tennis GommAmica®: Tetrapur II: Sistemi tecnici per campi da tennis progettati per garantire controllo del gioco, comfort e sicurezza, con superfici sintetiche performanti capaci di offrire elasticità, corretta risposta della palla, resistenza all’usura e protezione delle articolazioni anche nelle attività ad alta intensità. Sistemi per Palestre GommAmica®: Sistemi tecnici per palestre e aree fitness progettati per garantire resistenza, elasticità e sicurezza, con superfici antiscivolo capaci di assorbire urti e sollecitazioni, assicurando comfort, durata e prestazioni elevate anche in presenza di attrezzature ad alto carico. Sistemi Playground GommAmica®: Sistemi tecnici per playground e aree gioco progettati per garantire sicurezza, comfort e durata nel tempo, con superfici antitrauma certificate secondo normativa EN1177, resistenti all’usura e ideali per spazi pubblici, scolastici e ricreativi.",simona@gommamica.it,+39 035 505039,https://gommamica.it,,,
GrassPartners,Hall B; Stand E9,,jegelmeer@grasspartners.com,+31038 3035100,https://grasspartners.com,"Puttenstraat, 7 8281BP Grenemuiden - NL",,
GREEN WORLD COMPOUNDING,Hall B; Stand B18,,josecano@gwcplastics.com,+3425095984,,Polig. Ind. Alhama C/Alemania S/N 30840 Alhama de Murcia - ES,,
IMPREXA SRL,Hall B; Stand C21,,marta.gasparetto@imprexa.net,+39393 8633545,https://imprexa.net,"Vicolo Gela, 20 3502 Albignasego PD - IT",,
IPitup,Hall A; Stand E6,,miel.vanhaverbeke@ipitup.be,+32472 340508,https://ipitup.be,"Varentstraat, 33 3118 Werchter - BE",,
JANSER ITALIA SRL,Hall B; Stand D10,,mariella.prevete@janser.it,+39337 1176309,https://janser.it,"Via dei Campi della Rienza, 30 39031 Brunico BZ - IT",,
JOKER FLOORS,Hall A; Stand C25,,davide@jokerfloors.com,+390575 1596824,https://jokerfloors.com,"Loc. Casenuove di Ceciliano, 164 52100 Arezzo AR - IT",,
Koelnmesse Italia,Hall A; Stand 64,,matteo.avelli.km@gmail.com,,https://koelnmesse.it,,,
KOMPAN ITALIA SRL,Hall A; Stand B28-C31,,simspa@kompan.com,+3902 89760861,https://kompan.com,"Via San Raffaele, 1 20121 Milano MI - IT",,
LA RETE SRL,Hall A; Stand E33,,larete@laretesrl.it,+39030 9886336,https://laretesrl.it,"Via Silvano Loc. Porto, 223 25050 Brescia BS - IT",,
Labosport Italia Srl,Hall B; Stand B10,,roberto.armeni@labosport.com,+39039 8962684,https://labosport.com,"Via Achille Grandi, 70 20862 Arcore MB - IT",,
LEDVANCE SPA,Hall A; Stand B8-C9,"LEDVANCE FLOODLIGHT: LA LUCE CHE ACCENDE LO SPORT, A OGNI LIVELLO: Dai campi sportivi polivalenti agli stadi professionali, l’illuminazione è una componente fondamentale dell’esperienza di gioco. La famiglia FLOODLIGHT LEDVANCE nasce per rispondere a tutte le esigenze dell’illuminazione sportiva, offrendo prestazioni elevate, massima affidabilità e controllo totale della luce. Tre soluzioni, un unico obiettivo: valorizzare ogni evento sportivo. FLOODLIGHT FLEX La luce giusta per ogni impianto sportivo: Prestazioni elevate, flessibilità totale e affidabilità nel tempo: FLOODLIGHT FLEX è la soluzione LED ideale per l’illuminazione di campi sportivi e grandi aree esterne, anche in condizioni ambientali complesse. Perché sceglierlo: Efficienza fino a 160 lm/W per un’illuminazione potente e uniforme Funzione MULTI LUMEN, con regolazione del flusso in 4 step (100 / 85 / 70 / 55%) Un unico prodotto per più esigenze, meno complessità in cantiere IP66, IK08, resistenza alla corrosione C5 e protezione fino a 10 kV Staffa orientabile fino a 270° e installazione facile su parete, palo, pavimento o soffitto Ideale per campi da gioco, aree polivalenti e strutture outdoor, garantisce visibilità ottimale, sicurezza e comfort per atleti e spettatori. FLOODLIGHT MAX GEN 2 La potenza che illumina ogni sfida: Progettato per impianti sportivi professionali, FLOODLIGHT MAX GEN 2 stabilisce un nuovo standard di potenza, efficienza e facilità di installazione. Punti di forza: Fino a 270.000 lumen per superfici di grandi dimensioni Efficienza fino a 150 lm/W e durata fino a 115.000 ore Ottiche asimmetriche e angoli dedicati per un’illuminazione precisa CRI fino a 80, ideale per riprese TV ULOR 0% per ridurre l’inquinamento luminoso Compatibilità con DALI (D4i), DMX, 0–10 V, Powerline e Casambi Una soluzione robusta, potente e flessibile, pensata per chi punta alla massima qualità negli impianti sportivi moderni. FLOODLIGHT ARENA Il sistema di illuminazione per le grandi emozioni: Quando lo sport diventa spettacolo, serve una luce all’altezza dei professionisti. FLOODLIGHT ARENA è il sistema LED progettato per stadi, arene e grandi impianti sportivi, dove precisione, qualità visiva ed esperienza sono fondamentali. Eccellenza senza compromessi: Tecnologia COB ad altissime prestazioni Fino a 216.000 lumen con 144 lm/W Completamente flicker-free, ideale per broadcast e riprese TV Versioni con TLCI 95 per immagini HD e 4K Oltre 20 distribuzioni luminose e riflettori intercambiabili anche post-installazione Controllo avanzato: DALI (anche wireless), DMX/RDM, Switch-Dim Grazie a ottiche ad alta precisione e ULOR 0%, FLOODLIGHT ARENA garantisce massime prestazioni luminose con il minimo impatto ambientale.",p.bardizza@ledvance.com,+3902 23051325,https://ledvance.com,"Viale Piero Alberto Pirelli, 10 20126 Milano MI - IT",,
LISKI SRL,Hall A; Stand E2-E4,,luca.ceresoli@liski.it,+39035 4826195,https://liski.it,"Via Veneto, 8 24041 Brembate BG - IT",,
LND Impianti S.r.l.,Hall B; Stand D30,,e.demyanova@lndimpianti.it,+3906 32822801,https://lndimpianti.it,"Via Abruzzi, 3 00187 Roma RM - IT",,
LUXI ILLUMINAZIONE SRL,Hall B; Stand C11,,giorgio.bignoli@luxi.lighting,+390321 1588334,https://luxi.lighting,"Via Artigiani, 29/31 29020 Vigolzone PC - IT",,
Mario Orlando e Figli,Hall B; Stand D16-E19,"Tribuna metallica modulare con copertura a sbalzo: La Tribuna metallica modulare Mario Orlando è progettata per adattarsi a ogni contesto sportivo e personalizzabile in base a specifiche esigenze dell'impianto di destinazione, sia esso uno stadio, un palazzetto o un campo da padel. Costruita in acciaio zincato marcato CE (conforme alle normative vigenti), garantisce solidità, durata e massima affidabilità. Nella versione mostrata in foto, la tribuna si presenta con Copertura metallica a sbalzo , stabile e sicura, il cui vantaggio principale consiste nel permettere al pubblico una visuale completamente libera da pilastri. Le Coperture a sbalzo sono strutture nettamente più impegnative di quelle classiche, sia per la struttura portante in acciaio sia per le relative fondazioni di cui necessitano.",alex@marioorlando.it,+393487630922,https://marioorlando.it,"Corso Carlo Marx, 96 95045 Misterbianco CT - IT",,
MATRIX – JOHNSON HEALTH TECH ITALIA SPA,Hall A; Stand D8-E11,,danilo.casadei@jht.it,+3907362269,,"Zona Industriale Campolungo, 11 631 Ascoli Piceno AP - IT",,
Melos GmbH,Hall B; Stand C8-D9,,support@expofinder.com,+4954 22 94 47-0,,Bismarckstrasse 4–10 49324 Melle - DE,,
Metalu Plast,Hall B; Stand A22-B23,,sf@metalu-plast.com,+336 08501251,https://metalu-plast.com,"Zone Industrielle, 4 Rue des Breholles 1454 Soliers - FR",,
MG SPORT,Hall B; Stand D12-E11,,julien.faye@modugame.fr,+33662866991,,14 Rue des Acilloux 638 Cournon d'Auvergne - FR,,
MONDO SPA,Hall B; Stand B11,,smondino@mondoita.com,+39017 3232111,https://mondoita.com,"P.le Edmondo Stroppiani, 1 12051 Gallo CN - IT",,
Montanalegno - Industria Legnami Tirano S.r.l.,Hall A; Stand D28-E31,,pdelsimone@montanalegno.it,+39345 7281048,https://montanalegno.it,"Via del Progresso, 1 23037 Tirano SO - IT",,
Montecolino S.p.a.,Hall A; Stand D23-D25,,alessio.balestrieri@montecolino.it,+39030 983361,https://montecolino.it,"Via Stazione Vecchia, 110 25050 Provaglio D'Iseo BS - IT",,
My Fun by P.M. Modifiche srl,Hall A; Stand D22-E25,,tecnico@pmmodifiche.it,+39340 5092476,https://pmmodifiche.it,"Via Amicizia, 15 36027 Rosà VI - IT",,
MYRTHA POOLS,Hall B; Stand D2-E3,"Blocchi Racing Pro: I blocchi di partenza Myrtha Racing Pro rappresentano l’evoluzione più recente sviluppata dal team Ricerca & Sviluppo Myrtha. Realizzati con corpo in fibra di vetro bianca ad alta resistenza e top in acciaio inox con superficie antiscivolo certificata, sono dotati di poggiapiedi regolabile in 5 posizioni per garantire comfort e prestazioni ottimali agli atleti. Compatibili con il sistema OMEGA Timing System, le caratteristiche costruttive e funzionali rispondono agli standard richiesti per l’attività agonistica di alto livello. CARATTERISTICHE TECNICHE (per singolo blocco di partenza): Ingombro totale: 750 x 650 x 520 mm (h). Top in acciaio inox 740 x 520 mm con superficie antiscivolo di grado C (24°) secondo UNI EN 13451-1:2021. Poggiapiedi regolabile in 5 posizioni. Corpo in fibra di vetro ad alta resistenza con top antiscivolo in acciaio inox. Myrtha Shark: Myrtha Shark è un sistema intelligente per il trattamento dell’acqua delle piscine che combina filtrazione avanzata, monitoraggio continuo e automazione evoluta. Grazie all’analisi in tempo reale dei parametri operativi, ottimizza consumi di acqua, energia e prodotti chimici, garantendo elevati standard di qualità e sicurezza. La gestione remota e il design compatto ne semplificano l’utilizzo e l’installazione, contribuendo a rendere gli impianti natatori più efficienti, sostenibili e facili da gestire. Myrtha Breathe: Myrtha Breathe è un sistema innovativo per piscine coperte che rimuove sottoprodotti della disinfezione (DBP), come clorammine e trialometani, migliorando la qualità dell’aria e il benessere degli utenti. Attraverso un sistema di insufflazione e aspirazione integrato nelle canalette della piscina, intercetta e convoglia all’esterno gli inquinanti presenti nell’acqua e nell’aria. I test effettuati durante le Olimpiadi di Parigi hanno evidenziato una significativa riduzione delle concentrazioni di triclorammina, contribuendo a creare un ambiente più salubre, sostenibile e confortevole per nuotatori, personale e spettatori.",cristina.motti@myrthapools.com,+39037694261,https://myrthapools.com,"Via Solferino, 27 46043 Castiglione delle Stiviere MN - IT",,
Net World Sports Ltd,Hall A; Stand A28-B31,"FORZA FIFA Pro Stadium Goal: La porta da calcio FORZA UEFA/FIFA Stadium di Net World Sports è una porta di livello professionale progettata per soddisfare i più elevati standard normativi, essendo conforme sia alle specifiche dei tornei UEFA e FIFA, sia alle norme di sicurezza BS EN 748. Queste porte, che sono state installate in impianti di alto livello come l'Old Trafford (Manchester United), sono tipicamente a misura regolamentare (7,3 m x 2,4 m) e sono costruite utilizzando alluminio rinforzato e resistente, spesso della gamma Alu110, con giunti angolari saldati per garantire resistenza e durata superiori. Le caratteristiche principali del pacchetto includono un profilo della rete a forma di scatola creato da una rete intrecciata premium da 5 mm e meccanismi innovativi come un telaio di base incernierato e un sistema pionieristico di tensionamento a cricchetto/filo metallico. Il design garantisce che l'intera struttura, compresi il telaio, la rete e gli accessori, richieda poca manutenzione, sia trattata contro i raggi UV e sia al 100% resistente alle intemperie, adatta all'uso in partite d'élite o agli allenamenti di club di alto livello. FORZA ALU110 GEN2 Goals: La gamma FORZA ALU110 di Net World Sports rappresenta la linea di porte da calcio di fascia alta e di livello professionale dell'azienda, scelta da club d'élite come il Manchester United. Le porte sono realizzate in alluminio ellittico rinforzato da 110 mm, che le rende robuste, leggere e resistenti alle intemperie al 100%. Tutti i modelli soddisfano rigorosi standard di sicurezza (BS EN 748, conformi alle norme UEFA/FIFA) e presentano robusti giunti angolari saldati per una durata superiore. La differenza principale sta nella configurazione: Entrambe le tipologie offrono opzioni a misura regolamentare (24 piedi x 8 piedi), oltre a misure più piccole per le partite giovanili e di calcio indoor. FORZA ALU110 Team Shelters: Le tribune per squadre FORZA ALU110, spesso denominate “dugouts”, rappresentano la soluzione di sedute a bordo campo di fascia alta e professionale offerta da Net World Sports. Presentano la stessa struttura di alta qualità delle porte, caratterizzata da un telaio in alluminio rinforzato e resistente che garantisce una durata eccezionale e un'ottima resistenza alla ruggine e ai danni causati dai raggi UV. Le caratteristiche principali includono: Queste panchine sono progettate per impianti professionali e di alto livello, garantendo il massimo comfort ai giocatori e protezione dagli agenti atmosferici. FORZA Ground Equipment: Net World Sports offre attrezzature essenziali per la preparazione dei campi, con particolare attenzione alle soluzioni di tracciatura di linee di livello professionale. Il prodotto di punta è la tracciatrice elettrica FORZA TRIAD. Questa macchina alimentata a batteria garantisce linee nitide e di alta qualità e dispone di una larghezza della linea regolabile (da 50 mm a 125 mm) per adattarsi a diversi sport. Vanta un robusto design a 3 ruote con pneumatici antiforatura per un utilizzo fluido sull'erba, una pompa autoadescante e una batteria ad alta capacità che offre fino a 4 ore di utilizzo per ogni ricarica, semplificando il lavoro del responsabile della manutenzione del campo. La gamma di vernici di nuova concezione è appositamente formulata per garantire la massima visibilità. Questa vernice è durevole, resistente ai raggi UV e assicura una finitura brillante e di lunga durata. La combinazione del tracciatore elettrico di precisione e della vernice ad alto contenuto di pigmenti consente ai giardinieri di ottenere campi da gioco di livello professionale con maggiore efficienza e un rischio ridotto di intasamenti o sprechi. La gamma più ampia di attrezzature per la manutenzione dei campi comprende anche i tradizionali tracciatori a ruote, gli applicatori a spruzzo e vari strumenti di tracciatura come bobine per la marcatura delle linee e metri a nastro. FORZA Training Equipment: Net World Sports, attraverso il suo marchio FORZA, offre un catalogo completo di attrezzature per l'allenamento calcistico, adatto a tutti i livelli, dal calcio di base alle squadre d'élite. I prodotti sono progettati per migliorare abilità specifiche: L'attrezzatura è nota per la sua durata, i prezzi competitivi e la disponibilità all'ingrosso, rendendola un fornitore di fiducia per molti club di alto livello. FORZA Target goals: Net World Sports, che propone principalmente il marchio FORZA, offre una vasta gamma di porte da calcio in miniatura e attrezzi per l'allenamento pensati per migliorare la precisione dei giocatori di tutte le età e livelli. La gamma comprende:",sam.williams@networldsports.com,+4401691 683807,https://networldsports.com,Bryn Lane LL13 8UT Wrexham - GB,,
NEW CLIMBER SRL,Hall B; Stand C22-D23,,info@newclimber.it,+390423 868163,https://newclimber.it,"Via Del Cristo, 16 31035 Crocetta del Montello TV - IT",,
Nextpool,Hall B; Stand D8,,cedricgulino@nextpool.com,83891814,https://nextpool.com,12 avenue des Saules 696 Oullins - FR,,
NYMCO SPA,Hall B; Stand C8-D9,,antoniocolella@nymco.com,+39335 7060922,https://nymco.com,"Via Carlo Magni, 1 21049 Tradate VA - IT",,
Officine D'Amico srl,Hall A; Stand C20,"Vera Sport 110: La recinzione Vera Sport 110 è una soluzione in rete elettrosaldata progettata specificamente per gli impianti sportivi. Conforme alla normativa UNI EN 13200-3, garantisce un'eccellente separazione tra l'area di gioco e il settore spettatori. I pannelli robusti e i piantoni rinforzati offrono un'elevata resistenza alle spinte della folla, assicurando la massima sicurezza negli stadi. Il design modulare facilita un'installazione rapida, mentre i trattamenti di zincatura e verniciatura proteggono la struttura dagli agenti atmosferici, garantendo durabilità ed estetica nel tempo. Vera Sport 220/250: Il modello Vera Sport 220/250 previene lo scavalcamento nei grandi impianti sportivi ed è declinato in due configurazioni. La versione più rigida è composta da 2 piantane, correnti orizzontali e rete elettrosaldata con doppio tondo Ø6 e uno Ø8. La versione alternativa adotta 2 piantane senza correnti, impiegando una rete con doppio tondo Ø6 e uno Ø5; in quest'ultima, l'assenza dei correnti viene compensata da tre fili intrecciati tra le maglie di ciascun modulo, garantendo un'eccezionale tenuta elastica agli urti e una perfetta visibilità sul terreno di gioco. Vera Sport 220 + Bavolet: La recinzione Vera con Bavolet massimizza la sicurezza delle zone di prefiltraggio grazie all'estensione superiore inclinata antiscavalcamento. È disponibile in due varianti: la prima include 2 piantane e 3 correnti (incluso il bavolet), con rete elettrosaldata a doppio tondo Ø6 e uno Ø8 per una rigidità assoluta. La seconda, priva di correnti, utilizza 2 piantane e rete con doppio Ø6 e uno Ø5, rinforzata da tre fili intrecciati tra le maglie per ogni modulo. Entrambe assicurano barriere invalicabili per gli stadi professionistici, operando nel pieno rispetto delle normative antiviolenza. Vera Sport Vision 110-220: La linea Vera Sport Vision nasce per coniugare la massima sicurezza strutturale con un'esperienza visiva perfetta per il pubblico. Sostituendo la tradizionale rete con pannelli in policarbonato trasparente ad alta resistenza da 12mm di spessore, questa recinzione elimina ogni interferenza ottica, permettendo di seguire l'azione senza ostacoli. Disponibile in due diverse altezze, 110 e 220, mantiene intatte le rigorose proprietà anti-spinta richieste dalla norma UNI 13200-3. È l'opzione ideale per le tribune principali, i parterre e le aree VIP, dove la visibilità totale è essenziale quanto la protezione. Balaustra Palasport: La Balaustra Palasport è il sistema di protezione interno dedicato agli impianti al coperto, come palazzetti, palestre e piscine. Realizzata con materiali resistenti ad ambienti umidi e corrosivi, divide elegantemente le tribune dalle aree di attività. Il design ergonomico e le finiture arrotondate prevengono infortuni agli atleti in caso di impatto accidentale. Offre una barriera a norma contro le spinte degli spettatori, assicurando una perfetta integrazione architettonica e una chiara visuale sulle competizioni indoor. ELEVO: Il sistema ELEVO è progettato per garantire la massima rapidità di posa e grande versatilità di utilizzo in ogni contesto. La fornitura avviene con moduli preassemblati e pronti per la installazione immediata, eliminando la necessità di montaggio in opera. Il fissaggio a terra si effettua mediante tassellatura su pavimenti esistenti oppure tramite inghisaggio, rendendo il modulo subito operativo. La caratteristica distintiva è il sistema a doppia configurazione di altezza, gestibile con cerniere integrate per elevare rapidamente la struttura garantendo maggiore sicurezza in base alle esigenze: Base a 1130 mm ed estesa a 2210 mm. Disponibile in rete, policarbonato o vetro. ELEVO: Il sistema ELEVO è progettato per garantire la massima rapidità di posa e grande versatilità di utilizzo in ogni contesto. La fornitura avviene con moduli preassemblati e pronti per la installazione immediata, eliminando la necessità di montaggio in opera. Il fissaggio a terra si effettua mediante tassellatura su pavimenti esistenti oppure tramite inghisaggio, rendendo il modulo subito operativo. La caratteristica distintiva è il sistema a doppia configurazione di altezza, gestibile con cerniere integrate per elevare rapidamente la struttura garantendo maggiore sicurezza in base alle esigenze: Base a 1130 mm ed estesa a 2210 mm. Disponibile in rete, policarbonato o vetro. VERA SPORT 250 NJ: La recinzione ad alta stabilità VERA SPORT 250 NJ, a norma UNI EN 13200-3, è composta da due parti. La base è una barriera new jersey in calcestruzzo armato vibrato ad altissima resistenza, lunga 2560 mm, larga 750 mm e alta 800 mm. Pesa 2560 chilogrammi, ha tasche per drenaggio e movimentazione, ed è personalizzabile con loghi e colori a propria scelta. La parte superiore, alta 1700 mm, ha una doppia pannellatura in rete elettrosaldata sostenuta da robusti pali tubolari. La struttura superiore è zincata e verniciata di verde. Misura totalmente 2500 mm. Il modulo intero pesa esattamente 2780 kg. Vera Elevo Sport NJ: Il nuovo sistema ibrido unisce la solida base New Jersey alla recinzione elevabile ELEVO. Il blocco in calcestruzzo, con tasche per la movimentazione, è personalizzabile nei colori e loghi. Sopra si installano quattro pannelli in rete elettrosaldata. Nelle sigle dei pannelli, il doppio numero indica il diametro del doppio filo orizzontale: nel tipo 665 è da 6 millimetri, nella versione 886 è da 8 millimetri. La caratteristica principale resta la doppia altezza totale da terra: base a 1500 mm ed estesa a 2300 mm. Questa soluzione garantisce massima sicurezza ed una posa sempre estremamente rapida in ogni singolo contesto operativo.",antonio@officinedamico.com,+39080 4447463,https://officinedamico.com,"Contrada Pico, 30 72014 Cisternino BR - IT",,
OMSI srl,Hall A; Stand B18-C21,"GIOTTO – Poltrona per panchine calciatori e sale conferenza: La nuova poltrona Giotto è stata progettata per offrire il massimo comfort e una durata nel tempo senza compromessi, la nostra poltrona per impianti sportivi rappresenta la perfetta sinergia tra ergonomia, solidità e design funzionale. Realizzata con una struttura metallica rinforzata, garantisce un’elevata stabilità e resistenza all’usura, anche in ambienti ad alta frequentazione e sotto stress prolungato. M2013 – Seduta ribaltabile per stadi e impianti sportivi, omologata FIBA: Seduta ribaltabile per stadi e impianti sportivi dal design moderno e pulito, composta da una struttura portante in poliammide con sedile e schienale in polipropilene, ideale per zone climatiche con forte grado di umidità o alta salinità, la struttura portante infatti è esente da metallo a vista. La caratteristica principale della seduta è la ridotta dimensione della seduta in posizione di riposo, con solo 150 mm di ingombro. M2025 – Seduta monoblocco per impianti sportivi: M2025 è una nuovissima seduta monoblocco con schienale alto dal design italiano, che risponde alle ultimissime disposizione della FIFA 2030 che richiedono un interasse minimo di 500 mm e di conseguenza maggiore ampiezza e fruibilità. I suoi 2/4/6/8/10 punti di fissaggio e gli spessori che arrivano fino a 20 mm rendono la seduta solida e particolarmente resistente agli atti vandalici.",monica.bernardoni@omsi.it,+393484077220,https://omsi.it,"Via Parini, 3 40069 Zola Predosa BO - IT",,
PERFORMANCE IN LIGHTING,Hall A; Stand C12-D15,,oscar.valota@gewiss.com,+39035 946111,,"Via Domenico Bosatelli, 1 24069 Cenate Sotto BG - IT",,
PLASTIFIL RECINZIONI SRL,Hall A; Stand C32-D35,,s.colombo@plastifil.com,+39030 2529286,https://plastifil.com,"Via Mandolossa, 77/79 25064 Gussago BS - IT",,
POLIMPIANTI SRL,Hall A; Stand C11,"COPERTURA ISOTERMICA ISOROLL STANDARD: La copertura Isoroll Standard di Polimpianti offre massima efficienza energetica, unitamente ad un’elevata resistenza a strappo, lacerazione, cloro, alghe e sviluppo di microrganismi, ed è conforme alla Normativa UNI 11718 Realizzata con tre strati accoppiati a fiamma — tra cui una lamina impermeabile in PE armato e una mousse isolante a cellule chiuse — la copertura Isoroll riduce fino al 50% la dispersione di calore e limita l’evaporazione dell’acqua, garantendo un risparmio concreto. Meno consumo energetico, minori emissioni, più attenzione alla durata dell’impianto: un passo importante verso una gestione ecosostenibile delle piscine pubbliche. Disponibile in tre colori: azzurra, bianca e grigia. Dati tecnici COPERTURA ISOTERMICA RAEGUARD SOLARWEAVE: La copertura isotermica per piscina RaeGuard™ Solarweave con tessuto a trama di rinforzo consente di ridurre attivamente le dispersioni di calore dalla superficie della piscina fino al 57% e massimizza la ritenzione del calore grazie alle sue proprietà riflettenti. Riconoscibile per lo strato superiore argentato e le bolle bianche RaeGuard™ Solarweave offre fino al 90% delle prestazioni isolanti di una tradizionale copertura in schiuma da 5 mm, con una significativa riduzione del costo del materiale. Grazie all'esclusiva tecnologia GeoBubble™ e a una maggiore stabilizzazione ai raggi UV, RaeGuard™ Solarweave contribuisce a ridurre i consumi energetici, costi di gestione e ottimizzare l'impiego delle risorse. Dati tecnici COPERTURA ISOTERMICA SUNWEAVE: Polimpianti propone la copertura isotermica per piscine Sunweave: la composizione a tre strati la rende particolarmente indicata per l’uso quotidiano: lo strato superiore costituito da un particolare “tessuto” a trama, fornisce una resistenza superiore a strappi e lacerazioni e all’azione devastante dei raggi U.V. È in grado di abbattere i costi per il riscaldamento dell’acqua con un risparmio energetico oltre al 30%; diminuendo l’evaporazione dell’acqua si ottiene anche un significativo risparmio idrico che, insieme all’inibizione della fotosintesi clorofilliana riduce il consumo di prodotti chimici fino al 30%; la copertura è un’efficace barriera che tiene lontano sporco, insetti e foglie dalla piscina. Dati tecnici AVVOLGITORE MULTIMATIC: Multimatic è un sistema automatico di avvolgimento mobile composto da albero in acciaio inox AISI 316 o pultruso in grado di raccogliere fino a 4 TELI UNO SULL’ALTRO e da Spalla L costituita da una robusta struttura in tubolare Aisi 316 trattato con elettrolucidatura, trattate per resistere ai fenomeni di corrosione (pitting) supportate da ruote pivottanti ad alta portata dotate di freno. Sono sistemi destinati ad accogliere coperture di grosse dimensioni per piscine pubbliche. Utilizzano motorizzazioni di nuova generazione Polimpianti IP 66 con coppia massima di 281 Nm. Il lato opposto di tenuta utilizza supporti autolubrificanti privi di manutenzione. Dati tecnici DOLPHIN WAVE 100: Dolphin WAVE 100, con potenti prestazioni, è il più adatto per piscine di medie dimensioni, fino a 25 m, in alberghi, campeggi, e scuole ecc. Questo pulitore assicura una scansione completa della piscina e una spazzolatura e filtrazione altamente efficaci durante tutta la pulizia. Il sistema giroscopico avanzato assicura una scansione accurata per la pulizia sistematica di fondo, pareti, e linea battente acqua. Lo spazio per la filtrazione ad alta capacità, cattura tutto lo sporco, polvere ed altri detriti, lasciando dovunque l’acqua limpida e pulita alla fine del ciclo di pulizia. Dati tecnici DOLPHIN WAVE 300 XL: Un’ottima pulizia professionale della piscina che soddisfa i requisiti impegnativi delle piscine pubbliche. Dolphin WAVE 300 XL di Maytronics è il pulitore robotico ideale per grandi piscine lunghe 25-60 m (commerciali, centri olimpici, parchi acquatici e altri siti). Progettato per garantire un’affidabilità duratura con un utilizzo quotidiano, eccelle nella raccolta dello sporco più ostinato e offre le migliori prestazioni di pulizia complete della sua categoria. Funziona in modo efficiente ed efficace in qualsiasi piscina di grandi dimensioni, indipendentemente dalla forma o il tipo, comprese piscine con entrata a spiaggia con pavimenti in forte pendenza e piscine con isole. Dati tecnici File: PDF (0.26 MB) File: PDF (1.37 MB) File: PDF (0.76 MB)",info@polimpianti.it,+390332457727,https://polimpianti.it,"Via Piave, 174 21022 Azzate VA - IT",,
POLIN KIMYA SAN.TIC.A.S,Hall B; Stand E7,,kivanckuran@polinkimya.com,+9005455382874,https://polinkimya.com,Aydinli Birlik OSB 34953 Istanbul - TR,,
Polytan GmbH,Hall B; Stand C8-D9,,luigi.dibella@melos-gmbh.com,+498432870,,Gewerbering 3 86666 Burgheim - DE,,
Professional Show Spa,Hall B; Stand A26-B27,,y.arian@professionalshow.com,+39049 8657111,https://professionalshow.com,"Via Praimbole, 15 35010 Limena PD - IT",,
PYRAMIDE,Hall B; Stand D12-E11,,info@pyramide.eu,69116770,https://pyramide.eu,"5, Rue Gutenberg 9107 Bondoufle - FR",,
RETISSIMA srl,Hall A; Stand A2-B7,"Rete Capo Horn UNI: Rete a semplice torsione con maglie romboidali, realizzata con filo di ferro zincato a caldo secondo la norma UNI EN 10244-2 e successivamente plastificato con PVC tramite processo di estrusione. La maglia è di 50×50 mm, mentre lo spessore è di 3,00/4,20 mm. Su richiesta è disponibile in versione solamente zincata o plastificata e in altri colori RAL. Rete disponibile nelle due altezze previste dalla norma: 2250 e 2500 mm. La posa viene effettuata con pali in profilo tubolare Ø 114 mm e spessore 3 mm. Pannello Dover UNI: Pannelli in rete elettrosaldata con maglia 50×200 mm, filo verticale da 6 mm e doppio filo orizzontale da 8 mm per conferire maggiore rigidità. Acciaio zincato a norma UNI EN 10244-2 e verniciato a polveri termoindurenti di poliestere. Comprensivi di punte non contundenti da 30 mm su un solo lato. Pannelli disponibili nelle due altezze previste dalla norma: 2230 e 2430 mm. La posa viene effettuata con piantane in tubolare rettangolare 60×140×3 mm e profili orizzontali in tubolare quadro 60×60×2 mm. Rete Capo Horn: Rete a semplice torsione con maglie romboidali, realizzata con filo di ferro zincato a caldo secondo la norma UNI EN 10244-2 e successivamente plastificata con PVC tramite processo di estrusione. La maglia è di 50×50 mm, mentre lo spessore di 2,7 mm è maggiorato rispetto alle soluzioni più comuni. Disponibile a magazzino nelle nove differenti altezze indicate nella scheda tecnica. Su richiesta è disponibile con spessori maggiorati, in versione solamente zincata oppure plastificata e in altri colori RAL. Pannello Dover: Pannelli rigidi in rete elettrosaldata con maglia 50×200 mm, filo verticale da 6 mm e doppio filo orizzontale da 8 mm per conferire maggiore rigidità. Acciaio zincato a norma UNI EN 10244-2 e verniciato a polveri termoindurenti di poliestere. Comprensivi di punte non contundenti da 30 mm su un solo lato. Colore verde RAL 6005 disponibile a magazzino, altri colori su richiesta. Disponibili nelle nove altezze indicate nella scheda tecnica. Cancelli a norma UNI: Cancelli su misura realizzati in rete elettrosaldata. Struttura composta interamente in ferro zincato e successivamente verniciato a polveri termoindurenti. La specchiatura è caratterizzata da filo verticale di spessore 6 mm e doppio filo orizzontale da 8 mm per garantire un’elevata resistenza nel tempo. Il colore principale è il giallo (RAL 1012), studiato per migliorare la visibilità dei cancelli e renderli particolarmente idonei come uscite di sicurezza. Disponibili su richiesta con sistemi di apertura dotati di sblocco rapido e maniglione antipanico. Rete Nylon: Rete realizzata in polietilene trattato contro i raggi UV, ideale per la delimitazione e la messa in sicurezza di campi sportivi e aree gioco. Soluzione specifica per evitare la fuoriuscita dei palloni durante le partite. Disponibile con tre diverse dimensioni di maglia quadrata, in base al tipo di sport: 13×13 mm, 4,8×4,8 mm e 2×2 mm. L’altezza della rete può essere richiesta su misura per adattarsi perfettamente alle specifiche necessità dell’impianto.",marketing@retissima.it,+390398944390,https://retissima.it,"Via Adamello, 24 23900 Lecco LC - IT",,
Saint-Gobain Logli S.r.l.,Hall A; Stand B22,,riccardo.viciguerra@saint-gobain.com,+390574 848111,https://saint-gobain.com,"Via Chemitz, 49/51 59100 Prato PO - IT",,
Sartoretto Component Srl,Hall A; Stand E37,,patrizia@sartorettogroup.com,+390422 320522,https://sartorettogroup.com,"Viale Delle Industrie, 95 31030 Dosson Di Casier TV - IT",,
Schmitz Foam Products B.V.,Hall B; Stand B21,"ProPlay: Realizzati con schiuma riciclata di alta qualità, gli shock pad ProPlay garantiscono prestazioni, resistenza e sicurezza eccezionali, riducendo al contempo i residui di schiuma. Sono apprezzati per le loro proprietà ammortizzanti, che assicurano sicurezza e una lunga durata per i campi sportivi e da gioco in erba sintetica. ProField: Uno shock pad in schiuma a rotolo con rivestimento in pile su entrambi i lati, per una durata e un assorbimento degli urti eccezionali. ProField offre una soluzione conveniente per i moderni campi sportivi in erba sintetica.",d.korten@schmitzfoam.com,+310031475370270,https://schmitzfoam.com,"Produktieweg, 6 6045 JC Roermond - NL",,
"Shandong Avant Sports Industrial Co., Ltd",Hall B; Stand E23,,847963953@qq.com,+860755 26490688,,The Northwest of Donghuan Road and Zhanbeiroad 253700 Shandong - CN,,
"Shandong Qiangmeng Sports Equipment Co., LTD",Hall A; Stand A11-A13,,andrew@qmtyvip.com,+8615300059158,,"Building 7-2, Linyi Fenghua Intelligent Equipment 276 Luozhuang - CN",,
"Shijiazhuang Enlio Import & Export Trading Co., Ltd",Hall B; Stand A20,,info@enlio.com,+8615831164612,https://enlio.com,"8th Floor, Block B, ICC, No. 95, Cangyu Rd, Yuhua District 5 Shijiazhuang City - CN",,
SINT ROC SRL,Hall A; Stand D40,,seneci@sintroc.com,+39046 4518427,https://sintroc.com,"Via Fornaci, 27B 38062 Arco TN - IT",,
SKIDATA SRL,Hall B; Stand A8-B9,"SOFTWARE DI GESTIONE ACCESSI: HANDSHAKE.LOGIC e SUMMIT.LOGIC sono software di gestione studiati per il controllo degli accessi pedonali a pagamento in tutte le realtà ad alto afflusso di persone come: stadi, parchi, musei, piscine, terme, etc... DOOR.GATE: Il terminale di accesso senza barriera fisica, che gestisce la lettura multipla di titotli RFID, Barcode, QR code, e NFC. Disponibile anche nella versione Pedestal trasportabile dove necessario senza bisogno di allacciamento elettrico (WiFi). VARCHI ARENA.GATE: Il varco completo a tutta altezza (singolo o doppio) specificamente sviluppato per stadi e strutture del tempo libero, che hanno necessità di un varco di sicurezza con capacità di lettura multipla: RFID, Barcode, QR code e NFC. TOUCH.CASH: La cassa manuale Touch Cash, nelle sue varie configurazioni, può gestire sia produzioni su scontrino di carta termica con stampanti fiscali e non, sia su fanfold ticket e card RFID, grazie al Coder Unlimited. Display cliente per la visualizzazione dei pagamenti anche digitali (es: Satispay). SKIOSK.SMART E SKIOSK.LITE: Casse automatiche per la vendita di ticket: versione con pagamento in contanti e carte di credito (Smart) e versione con pagamento solo carte di credito (Lite). In entrambe è consentita l’integrazioni con pagamenti digitali (es: Satispay - Paypal). CERTIFICATE VDS SOLUZIONE ACCREDITAMENTO: La soluzione di accreditamento SKIDATA, interamente basata su cloud, è progettata per gestire l'intero ciclo di vita delle credenziali in occasione di eventi complessi e in contesti con più sedi. Supporta diversi formati di credenziali: dalla carta e RFID ai dispositivi mobili e alla biometria, con ottime funzionalità offline e una gestione flessibile dei diritti di accesso. BRACCIALETTI RFID E KEYCARD: Supporti SKIDATA, dal tradizionale braccialetto monouso personalizzabile, al nuovo bracciale elastico con doppio chip, alle keycard originali realizzate in legno (prodotto ecosostenibile). SOLUZIONE PARKING: La soluzione Parking SKIDATA studiata appositamente per la gestione degli accessi globali nell’ambito di stadi, fiere, eventi o aree ricreative. Colonna Lite.Gate e Barrier. Gate per un accesso rapido anche con ticket NFC. VARCHI SMOVE: Il varco sMove Wave (tecnologia brevettata) è il nuovo varco dalla tecnologia innovativa, ideale per offrire un accesso sicuro e scorrevole dove transita utenza con titoli su Barcode, QR code, RFID e NFC. La soluzione è molto versatile e consente, nella modalità varco doppio, l’ accessibilità comoda e senza problemi anche a disabili o passeggini.",maura.baldi@skidata.com,+39051 9981901,https://skidata.com,"Via del Lavoro, 47 40033 Casalecchio di Reno BO - IT",,
SKYFITNESS SRL,Hall A; Stand C22-C24,,amministrazione@skyfitness.it,+390422542269,https://skyfitness.it,VIA RICCATI 58 31100 TREVISO TV - IT,,
SMG Sportplatzmaschinenbau GmbH,Hall B; Stand C14-D15,"MixMatic M140: Miscelatore discontinuo per leganti e granuli di gomma. Il MixMatic M140 è un miscelatore discontinuo versatile e potente, progettato specificamente per la lavorazione efficiente di leganti e granuli di gomma. Grazie alla sua struttura robusta e alle possibilità di applicazione flessibili, è perfettamente adatto a lotti di piccole e medie dimensioni. L'unità di miscelazione compatta presenta un'altezza di riempimento regolabile da 1053 mm a 1353 mm, consentendo un riempimento comodo ed ergonomico. Il potente azionamento elettrico, combinato con un movimento di miscelazione preciso e un'elevata velocità di 50 giri/min, garantisce risultati omogenei nel minor tempo possibile – solitamente in meno di due minuti. PlanoMatic P211: Finitrice semiautomatica per superfici sportive polivalenti, parchi giochi, piste di atterraggio e percorsi da jogging. Larghezza di lavoro 1.100 mm (variabile), resa oraria 290 m²/h. La P211 è azionata da un motoriduttore elettrico e, grazie ai convertitori di frequenza, la sua velocità di stesa è regolabile in modo continuo. Il timone di sterzo è dotato di comandi per la guida e l'oscillazione del rasatore. La pressione laterale sul timone di sterzo determina la direzione di marcia della macchina. La compattazione del materiale e lo spessore di posa possono essere regolati manualmente. Pertanto, questa macchina leggera può essere facilmente azionata da una sola persona. PlanoMatic P928: Finitrice completamente automatica per strati elastici, sottofondi elastici, piste di atletica e superfici sportive polivalenti. La PlanoMatic P928 è una finitrice completamente automatica. Con velocità regolabili in continuo da 0,8 a 4,5 m/min, offre una resa teorica fino a 730 m²/h. La larghezza regolabile individualmente fino a 2.700 mm la rende ideale per piste da atletica e impianti sportivi scolastici. La P928 è dotata di un controllo automatico delle curve per le piste da atletica e di un sottocarro a comando idraulico. La P928 può essere dotata di un dispositivo di livellamento automatico opzionale (sensore/unità tattile) per una posa uniforme. TurfMuncher TM2000D: Macchina semovente per la rimozione di erba sintetica. Il TurfMuncher TM2000D semovente avvolge l'erba sintetica in rotoli compatti da 2 metri e rimuove il materiale di riempimento. È azionato da un motore diesel raffreddato ad acqua da 35 kW (46,2 CV) e tutte le sue funzioni sono controllate elettroidraulicamente. La macchina è comodamente comandata da un pannello di controllo girevole. Il peso, la pressione al suolo e lo sterzo della macchina sono progettati per l'uso su sottofondi sensibili come, ad esempio, gli strati elastici. L'altezza di scarico del nastro trasportatore di 2,4 metri consente un facile prelievo del materiale di riempimento da parte di pale gommate, dumper o BigBag. TurfCare TCA1402: Attrezzo trainato a terra per la pulizia e la manutenzione del manto erboso artificiale. Il TurfCare TCA1402 è progettato sia per sistemi di manto erboso artificiale con riempimento che senza. Il funzionamento a ruote lo rende indipendente da trasmissioni idrauliche o dalla presa di forza (PTO), consentendone l'utilizzo con trattori compatti o quad. La profondità di lavoro della spazzola rotante può essere facilmente regolata e bloccata utilizzando due mandrini di regolazione con indicatore di altezza integrato e livelle a bolla montate lateralmente. Il vaglio vibrante può essere regolato da 4 a 10 mm a seconda del livello di contaminazione e delle dimensioni del materiale di riempimento. I vassoi di vagliatura possono essere rimossi rapidamente per una facile manutenzione. Un sistema di aspirazione opzionale rimuove polvere e sporco durante la pulizia della superficie. Il filtro integrato soddisfa le norme DIN EN 60335-2-69 (classe di polvere M) ed EN 779 F8/F9, catturando polvere fine e particelle di microplastica. Per le aree di accesso strette, è possibile aprire le ruote di trasporto e sollevare la barra di traino. La macchina include un attacco a tre punti standard che può essere rapidamente convertito in funzionamento con barra di traino senza attrezzi. Un robusto telaio anteriore garantisce un funzionamento stabile e fluido, mentre la funzione di vibrazione può essere disattivata per superfici delicate come il manto erboso non riempito. Pratici vani portaoggetti e sportelli di servizio consentono una facile manutenzione e un rapido accesso ai componenti. TurfSoft TS1 DC: Macchina per la pulizia e la cura del manto erboso artificiale. Il modello TurfSoft TS1 DC è stato progettato specificamente per la pulizia e la manutenzione periodica dello strato superiore dei campi da padel con fibre di erba artificiale di lunghezza tipica compresa tra 10 e 15 mm. La sua potente spazzola principale rimuove efficacemente le particelle sospese, i residui di abrasione e lo sporco, mentre due spazzole laterali puliscono a fondo i bordi. Un setaccio vibrante raccoglie lo sporco e le fibre usurate, filtra la sabbia e la restituisce alla superficie di gioco. Il filtro antipolvere integrato soddisfa le norme DIN EN60335-2-69 / Classe di polvere “M” e EN779 ‘F8’/“F9”, catturando anche la polvere più fine e le particelle di microplastica. Grazie al funzionamento a batteria senza cavi, il TurfSoft TS1 è altamente flessibile e maneggevole. Inoltre, il setaccio vibrante modificato può essere chiuso, consentendo di utilizzare la macchina non solo sul campo ma anche per la pulizia delle aree circostanti. Allo stesso tempo, la macchina è ideale per la pulizia di tutti i tipi di superfici dei campi da pickleball. La geometria della macchina e il sistema di spazzole sono ottimizzati per il tappeto erboso artificiale più corto, motivo per cui se ne sconsiglia l’uso su tipi di tappeto erboso con fibre più lunghe. Con il TurfSoft TS1, la manutenzione regolare del campo può essere eseguita in modo affidabile, garantendo una qualità di gioco costantemente elevata e preservando il valore a lungo termine del campo.",andreas.mekle@smg-machines.com,+49730696650,https://smg-machines.com,,,
Solaris Architettura Tessile Srl,Hall B; Stand C6-D7,,danieli@solarisarchitettura.it,+39049 9405838,https://solarisarchitettura.it,"Via Padova, 40 35024 Bovolenta PD - IT",,
Sport Grupa sp. z.o.o.,Hall A; Stand A17,,piotr.bienkowski@sportgrupa.pl,+4825 7586600,https://sportgrupa.pl,"Dzwigowa, 24 05-300 Minsk Mazowiecki - PL",,
Sport System srl,Hall A; Stand B2/C5,"S04064 - Impianto basket Trevi a muro chiudibile lateralmente: Impianto basket Trevi a muro chiudibile lateralmente, sbalzo cm 325, tabelloni in cristallo temperato su telaio con protezione, canestri reclinabili e retine; omologato FIBA per competizioni di 2° livello S04070 - Impianto basket Top a soffitto chiudibile verso l'alto, motorizzato: Impianto basket Top a soffitto chiudibile verso l'alto, motorizzato, struttura realizzata a disegno, tabelloni in cristallo temperato su telaio con protezione, canestri reclinabili e retine; omologato FIBA per competizioni di 2° livello S04100 - Impianto Hydroplay ACE mobile su ruote: Impianto Hydroplay ACE mobile su ruote, sbalzo cm 325, sistema oleodinamico elettrico di regolazione dell'altezza e per la gestione indipendente delle ruote, tabelloni di cristallo temperato con protezione, canestri reclinabili e retine; omologato FIBA per competizioni di 1° livello S05109 - Struttura Hydroplay ACE personalizzata 3ON3: Struttura Hydroplay ACE personalizzata 3ON3 interamente in acciaio zincato con braccio ricurvo avente sbalzo totale cm 225; carter posteriore di protezione del sistema idraulico di movimentazione; indicatore contasecondi integrato nella protezione frontale con copertura in policarbonato, completo di pulsantiera di comando; pedana di supporto per zavorra aggiuntiva Panchina VIP per riserve ed allenatori. Stile ed eleganza a bordo campo!: Da oltre 30 anni Sport System progetta e produce una linea completa di panchine VIP per riserve ed allenatori con strutture dal design differente e realizzate in acciaio zincato, acciaio zincato e verniciato o alluminio … fisse a terra o mobili su ruote … con poltrone dal design comodo ed avvolgente, di differenti modelli e personalizzabili nella scelta dei colori e nel ricamo di eventuali loghi. S07312 - Panchina spogliatoio completa: Panchina spogliatoio da mt 2 completa di schienale, attaccapanni e tettuccio. Struttura in tubolare di acciaio verniciato diametro mm 40, con sottostante ripiano porta scarpe. Sedile, schienale, tavola attaccapanni e tettuccio in listoni di legno verniciato sezione mm 100x21. Completa di nr 6 grucce appendiabito. Punti di appoggio gommati. Dimensioni cm 200x40x185. S07678 - Tribuna componibile: Tribuna componibile da mt 10 costituita di 4 moduli di seduta più un modulo con scalini di accesso, accostabili tra loro secondo qualsiasi ordine, ribaltabili e mobili su ruote, stoccabili a scomparsa uno nell’altro grazie alla diversa lunghezza dei moduli stessi (cm 280, 240, 200, 160 e 120); struttura in acciaio verniciato (colore a richiesta), pannelli di seduta in legno verniciato, pannelli di camminata in legno con finitura antiscivolo; poggia-schiena abbattibile integrato nell’ultima fila di seduta; per uso interno. S07603 - Tenda divisoria combinata per campi gioco: Tenda divisoria combinata per campi gioco realizzata in materiale sintetico ignifugo a singolo telo per cm 270 da terra e rete a maglia cm 10x10 per la restante altezza, scorrimento verticale con funzionamento elettrico S07602 - Tenda divisoria: Tenda divisoria ""acustica"" per campi da gioco realizzata in materiale sintetico ignifugo a doppio telo, scorrimento verticale con funzionamento elettrico.",info@sportsystem.it,+390438 401247,https://sportsystem.it,"Via Del Lavoro, 2 31020 San Fior TV - IT",,
SPORTISSIMO SRL,Hall A; Stand E16-E20,,info@sportissimotnt.it,+39035 752722,https://sportissimotnt.it,"Via Pradella, 10 24021 Albino BG - IT",,
SPORTS LABS IT SRL,Hall B; Stand B22-C23,,gastone@sportslabs.it,+390363 1743156,https://sportslabs.it,"Via Carnovali, 104 24059 Urgnano BG - IT",,
Staff Editoriale snc,IT,,staffedi@staffedit.it,+3902 48007449,https://staffedit.it,"Via B. Davanzati, 5 20158 Milano MI - IT",,
Star Expo (BEIJING),Hall B; Stand D22,,wanglei_ata9@163.com,+86010 84195057,,"B-2213, Jiatai International Building 100025 Beijing - CN",,
STUDIO CAVAGGIONI SCARL,Hall A; Stand E8,"Gestione Impianti Sportivi: Supporto agli Enti nella gestione efficiente degli impianti sportivi, con analisi organizzative, definizione di modelli gestionali, ottimizzazione dei servizi e sviluppo di strategie condivise con le società sportive. Favoriamo sostenibilità e valorizzazione del patrimonio. Sviluppo Impianti Sportivi: Consulenza per la progettazione, riqualificazione e sviluppo delle infrastrutture sportive, con attenzione a sostenibilità, innovazione e valorizzazione del patrimonio esistente. Supportiamo gli Enti in tutte le fasi decisionali. Gare e Contratti: Gestione completa delle procedure di gara: predisposizione degli atti, assistenza nelle fasi di confronto, supporto alla sottoscrizione e monitoraggio dell’esecuzione contrattuale. Assicuriamo trasparenza, correttezza e rispetto delle normative vigenti. Supporto RUP PPP: Supporto al RUP nelle operazioni di Partenariato Pubblico Privato, con assistenza completa in tutte le fasi: analisi preliminare, scelta della procedura, valutazione delle proposte, gestione dei tavoli di confronto e monitoraggio dell’esecuzione contrattuale. Garantiamo conformità normativa, tutela dell’Ente e processi decisionali più efficaci, assicurando equilibrio tra interesse pubblico e sostenibilità dell’operazione. Supporto RUP 36/2023: Assistenza specialistica al RUP nelle procedure di concessione e partenariato previste dal D.Lgs. 36/2023. Seguiamo l’Ente dalla programmazione alla gara, fino alla sottoscrizione e al monitoraggio del contratto. Supportiamo analisi comparative, raccolta dati, valutazioni di convenienza economica e predisposizione degli atti necessari. Supporto RUP Decreto Sport - D.Lgs. 38/2021: Supporto dedicato al RUP nelle procedure del settore sportivo secondo D.Lgs. 38/2021. Offriamo analisi preliminari, valutazioni economiche, confronto con operatori economici, predisposizione degli atti e gestione completa della gara. Garantiamo conformità normativa e processi trasparenti. Concessioni ETS: Servizio specializzato per le concessioni verso Enti del Terzo Settore, con analisi dei piani economico‑finanziari, predisposizione delle convenzioni, gestione dei tavoli di confronto nella co-progettazione e monitoraggio dell’esecuzione contrattuale. Favoriamo modelli collaborativi e sostenibili. Analisi Value for Money: Valutazioni di Value for Money per verificare la convenienza economica delle proposte di partenariato. Analizziamo costi, benefici, rischi e sostenibilità, garantendo equilibrio tra interesse pubblico e qualità dell’intervento. Formazione e Partnership per la Governance degli Impianti Sportivi: Formazione specialistica alle Pubbliche Amministrazioni e alle società sportive sulle procedure di affidamento e sulla gestione degli impianti. Attraverso il programma Partnership Sportive, sviluppiamo modelli di partenariato pubblico‑privato per la gestione e la valorizzazione degli impianti sportivi, favorendo sinergie efficaci tra enti pubblici e realtà sportive. Lo Studio affianca i clienti con competenze giuridiche e gestionali, garantendo trasparenza, sostenibilità economica e tutela dell’interesse pubblico, e supportando percorsi innovativi di sviluppo e governance.",scarl@studiocavaggioni.it,+39045 6101835,https://studiocavaggioni.it,"Via L. Pirandello, 3/N 37047 San Bonifacio VR - IT",,
studio28architettura,Hall B; Stand D32,,marco.benedetti@studio28a.it,+39035243747,,"Via F.Nullo, 28a 24128 Bergamo BG - IT",,
TeamSystem S.p.A.,Hall A; Stand D26,,a.giordani@teamsystem.com,+390721 42661,https://teamsystem.com,"Via Sandro Pertini, 88 61122 Pesaro PU - IT",,
Teloni Tosetto srl,Hall B; Stand C22-D23,,info@bigape.it,+39049 5971920,,"Via Del Macello, 30 35013 Cittadella PD - IT",,
TeMa Technologies and Materials srl,Hall B; Stand A12,,mikol.zanardo@temacorporation.com,+390438 5031,https://temacorporation.com,"Via dell'Industria, 21 31029 Vittorio Veneto TV - IT",,
TERRE DAVIS SRL,Hall A; Stand D36,,anna.garavelli@terredavis.it,+39037594185,https://terredavis.it,"Via XXV Aprile, 16 26038 Torre De' Picenardi CR - IT",,
Tinaz Kaucuk Kimya Tic LTD STI,Hall A; Stand A3,,tinazkaucuk@tinazkaucuk.com,+90555 6181714,https://tinazkaucuk.com,Yesilce Mah. Aytekin Sk. NO: 4 34406 Kagithane - TR,,
TOPS FOR TENNIS by VIGANÒ PAVITEX,Hall A; Stand C37,"TOP CLAY®: Terra ibrida con superficie di gioco in terra battuta naturale a intaso di una membrana tessile, linee dipinte; ideale per campi all’esterno o in struttura coperta. Caratteristiche : Top Sand®: Membrana strutturata per campi da tennis outdoor e indoor con linee verniciate e intaso in sabbia quarzifera UFine®. Caratteristiche : Top Slide®: Membrana strutturata per campi da tennis indoor con linee bianche intarsiate e intaso in granulato di gomma. Caratteristiche : File: PDF (1 MB) File: PDF (0.19 MB) File: PDF (0.12 MB)",tennis@pavitex.com,+39035 201711,https://pavitex.com,"Via Carlinga, 35 24035 Curno BG - IT",,
TRITOGOM S.R.L.,Hall B; Stand C18-D21,"TRITOPOLV-MICROPOLV 0,0 – 0,4 mm: Polverino di gomma SBR ottenuto dal recupero di pneumatici fuori uso. La granulometria ultrafine lo rende ideale per pannelli fonoassorbenti, isolanti, adesivi e applicazioni industriali che richiedono elevata uniformità e qualità costante. TRITOPOLV-MICROPOLV 0,5 – 0,8 mm: Polverino di gomma riciclata con granulometria controllata. Perfetto per la produzione di pannelli isolanti, materiali fonoassorbenti, colle e compound tecnici, garantendo affidabilità e sostenibilità ambientale. TRITOGRAN-MICROGRAN 0,8 – 1,5 mm: Granulato di gomma adatto a campi in erba sintetica, piste di atletica e superfici antitrauma. Assicura elasticità, resistenza all’usura e ottime prestazioni in applicazioni sportive e ricreative. TRITOGRAN-MICROGRAN 0,8 – 2,5 mm: Granulo di gomma versatile per intaso sportivo, aree gioco, pavimentazioni antishock e barriere fonoassorbenti. Prodotto da pneumatici recuperati, combina qualità tecnica, durata e rispetto per l’ambiente. TRITOGRAN-MICROGRAN 2,0 – 4,0 mm: Granulato di gomma a granulometria più elevata, ideale per superfici sportive, aree gioco e applicazioni che richiedono maggiore capacità drenante e assorbimento degli urti. Resistente e durevole nel tempo. File: PDF (0.87 MB)",info@tritogom.com,+390172 499148,https://tritogom.com,Via del Lavoro - Frazione Cappellazzo 12062 Cherasco CN - IT,,
Vinci Sp. Z.o.o.,Hall B; Stand B22-C31,,m.corati@vinci-play.com,+48780 047378,https://vinci-play.com,"Krolewska, 5 05-816 Reguly - PL",,
Wallparty di Scognamiglio Alessio,Hall A; Stand A32-B35,,commerciale@wallparty.it,+39342 6506425,https://wallparty.it,"Via San Lucio, 40 21050 Lonate Ceppino VA - IT",,
Waterplay,Hall A; Stand B19,,marketing@waterplay.com,+3306 14645899,https://waterplay.com,805 Crowley Avenue V1Y 7G6 Kelowna - CA,,
"Zhonghao Galaxy Industrial CO., LTD",Hall B; Stand D22,,hgangdu@126.com,+860513 84318588,,"6th Floor, Biaolong Bldg, No. 58 Rugao - CN",,
ZUCCHETTI CENTRO SISTEMI SPA - AMBROGIO ROBOT,Hall A; Stand B32-C35,"Ambrogio 4.0 PRO: Robot professionale 4WD per grandi aree verdi fino a 5.500 mq. Grazie alla navigazione nRTK, alla telecamera ZVision e alla gestione Cloud, lavora senza filo perimetrale con elevata precisione anche su terreni irregolari, pendenze importanti e aree complesse. La lama a stella a 4 punte in acciaio temprato garantisce un taglio netto, uniforme e duraturo. Ambrogio 4.36 PRO: Soluzione professionale per grandi superfici fino a 10.000 mq, pensata per ottimizzare tempi e qualità di taglio. La larghezza di taglio da 36 cm, la navigazione nRTK e la gestione Cloud permettono una copertura precisa, programmabile e costante. Ideale per parchi, aree aziendali, strutture ricettive e contesti professionali che richiedono continuità operativa. Ambrogio 4.0 PRO 4WD: Robot modulare, versatile e progettato per lavorare anche senza filo perimetrale. Le quattro ruote motrici, i sensori ZCS, la navigazione RTK avanzata e l’intelligenza artificiale garantiscono un taglio preciso e uniforme su superfici fino a 5.500 mq, anche su terreni irregolari e in condizioni difficili. Continua a lavorare in modo affidabile anche in caso di perdita temporanea del segnale. Ambrogio 4.36 PRO 4WD: Potente, articolato e tecnologico, è pensato per aree complesse e in pendenza fino a 10.000 mq. La trazione 4WD, la navigazione RTK e i sensori ZCS e ultrasonici assicurano precisione centimetrica, taglio uniforme e continuità operativa anche in prossimità dei bordi o in caso di perdita del segnale. ZCS Connect è incluso di serie. Ambrogio 4.50 PRO: Robot potente con scocca in carbonio e autonomia fino a 11 ore, ideale per superfici molto estese come campi da calcio e golf course. Con quattro batterie da 15Ah, tecnologia RTK, sensori ultrasonici ZCS, larghezza di taglio da 84 cm e controllo remoto tramite ZCS Connect, garantisce prestazioni elevate e gestione professionale del verde. Ambrogio 4.50 PRO 4WD: Top di gamma per superfici molto estese, fino a 80.000 mq. Con larghezza di taglio da 84 cm, autonomia fino a 11 ore e navigazione nRTK, è progettato per campi sportivi, golf course e grandi aree professionali. Massimizza produttività, qualità di taglio e controllo operativo anche su cicli di lavoro intensivi. Il riferimento per la gestione professionale di aree verdi molto estese. La trazione 4WD consente di affrontare terreni impegnativi e pendenze elevate, mentre la navigazione RTK e i sensori avanzati assicurano massima precisione senza filo perimetrale. Batteria da 60Ah, autonomia fino a 11 ore, lama a stella a 4 punte e sistema di taglio da 84 cm.",a.valentini@zcscompany.com,+3905591971,,Via Lungarno 305 52028 Terranova Bracciolini AR - IT,,
