exhibitor_name,domain,contact_number,mail,location,country,booth_no,desc,linkedin_url,profile_url,facebook_url,instagram_url
1+3,unplustrois.fr,,,,France,Stand H71,"1+3 propose une gamme de soins minimalistes, vegan et efficaces, conçus autour des huiles végétales et des gels. Nos formules épurées, à base de plantes récoltées en France, privilégient la fraîcheur et la qualité des ingrédients. Le luxe, chez 1+3, réside dans l’essentiel : des produits sensoriels, transparents et hautement performants. Mieux, tout simplement.",,https://www.mifexpo.fr/exposants/un-plus-trois-750415/?fromsalon=952944,,
1083,1083.fr,,,,France,Stand G22-H25,"1083 : c’est le nombre de kilomètres qui séparent Menton et Porspoder, les deux villes françaises les plus éloignées de l'hexagone. Alors qu’un jeans traditionnel parcourt en moyenne 65 000 km, notre promesse est simple : des jeans filés + teints + tissés + confectionnés à moins de 1083 km de chez vous. Grâce à la relocalisation de toutes les étapes de fabrication dans l’efficacité, la transparence, le respect et l’enthousiasme, nos jeans sont les plus Made in France du monde ! Chez 1083 nous avons une démarche éthique globale (éco-conception, fabrication, distribution) pour construire un monde plus durable et transmettre nos idées à travers la mode. Notre mission ? Amener chacun à produire et consommer dans l’économie circulaire !",,https://www.mifexpo.fr/exposants/sas-lequipe-1083-1391/?fromsalon=952944,,
1336,1336.fr,,,,France,Stand G69,,,https://www.mifexpo.fr/exposants/scte-cooperative-ouvriere-provencale-de-thes-et-infusions-807160/?fromsalon=952944,,
19CENT16,maison-1916.com,,,,France,Stand F05,"19CENT16 est un atelier familial et artisanal, né au cœur du Pays d’Auge en Normandie. Chaque création parfumée est fabriquée à la main à partir de matières premières françaises, nobles et responsables : cire de colza certifiée Ecocert, fragrance de Grasse, verre trempé recyclable mais encore mèche en coton sans plomb. 19CENT16, c’est une élégance parfumée, engagée, enracinée dans l’authenticité et le savoir-faire. POP PARFUMÉ FRANCAIS !",,https://www.mifexpo.fr/exposants/sas-maison-normandie-264500/?fromsalon=952944,,
900.care,900.care,,,,France,Stand i70,"Un gel douche classique c'est 90% d'eau. De l'eau que vous avez chez vous et du plastique que vous allez jeter. Chez 900.care on a concentré tous les ingrédients actifs dans des petits bâtonnets à dissoudre. Vous mettez les bâtonnets dans votre contenant, vous ajoutez de l'eau. Ça vous fait du gel douche qui mousse !",,https://www.mifexpo.fr/exposants/900-sas-954383/?fromsalon=952944,,
A DEMAIN,a-demain.shop,,,,France,Stand H19,"Parce que la qualité doit être accessible. A Demain, c’est un linge de lit entièrement français. C’est un projet auquel notre entreprise a rêvé pendant 15 ans, un linge intemporel et français du tissage à la confection au prix le plus accessible pour tous. A Demain, c’est l’histoire de notre résistance malgré les crises et les fermetures d’usines. C’est le relancement d’une filière industrielle de linge de lit, ici en France. C’est la fierté de faire vivre notre territoire et ses savoir-faire. A Demain, c’est l’histoire de notre passion.",,https://www.mifexpo.fr/exposants/vanderschooten-1475/?fromsalon=952944,,
A L'USU MATTEI,alusumattei.com,,,,France,Stand Village de l'Artisanat - D21.68,,,https://www.mifexpo.fr/exposants/sas-a-lusu-mattei-984861/?fromsalon=952944,,
A SIGNORA,a-signora.com,,,,France,Stand Village de l'Artisanat - D21.64,"A SIGNORA est une marque de cosmétiques naturels artisanaux, née en Corse, qui célèbre la puissance des plantes à travers le soin du corps. La marque élabore des savons à froid surgras, huiles sèches multi-usage, macérât huileux et élixir visage, certifiés Cosmos ORAGNIC & NATURAL. Chaque création est unique, réalisée dans notre atelier et pensée comme un geste de soin essentiel, respectueux de la peau, du vivant et du territoire. A SIGNORA revendique une cosmétique sobre, sensorielle et authentique, où la plante est travaillée dans sa forme la plus juste : infusée, macérée, saponifiée. Ancrée dans la terre Corse, la marque propose une beauté vraie, consciente et intemporelle, loin du superflu. Retrouvez nos créations sur www.a-signora.com",,https://www.mifexpo.fr/exposants/sasu-a-signora-983744/?fromsalon=952944,,
A. JAMINET,ajaminet.fr,,,,France,Stand Village de l'Artisanat - D21.52,,,https://www.mifexpo.fr/exposants/aj-atelier-des-cuivres-986200/?fromsalon=952944,,
ABEILLE ASSURANCES,abeille-assurances.fr,,,,France,Stand E74-F75,"Compagnie majeure de l’assurance en France forte de ses 4 300 collaborateurs, 1 000 agents généraux d’assurance et de ses 170 ans d’expérience, Abeille Assurances dispose d’une gamme étendue de produits et services d’assurance, de protection, d’épargne et de retraite à destination de plus de 3 millions de clients. Abeille Assurances met son expertise et son influence d’assureur, d’investisseur et d’employeur au service de la création d’une société d’acteurs responsables.",,https://www.mifexpo.fr/exposants/abeille-assurances-405360/?fromsalon=952944,,
ACCALMIE,accalmie-lab.fr,,,,France,Stand J39,"Bouillottes de soin aux graines de lin. Fabriquées grâce à la réinsertion professionelle, obtention dispositif médical et norme CE. Soin chaud et froid pour le stress, les douleurs musculaires, des plus petits aux grands âges, découvrez l'ensemble de la gamme et les accessoires liés!",,https://www.mifexpo.fr/exposants/mg-micallef-409422/?fromsalon=952944,,
AD Livres-Creations,adlivrescreations.com,,,,France,Stand Village de l'Artisanat - D21.63,"Créatrice d’objets décoratifs en papier à partir de livres recyclés, je conçois et fabrique des pièces artisanales uniques, mêlant poésie, matière et lumière. Chaque création naît d’un livre existant, transformé page après page en fleurs, lampes ou sculptures décoratives. Le papier est découpé, façonné et assemblé entièrement à la main, afin de lui offrir une seconde vie et une nouvelle histoire. Mon travail s’inscrit dans une démarche de fabrication responsable, valorisant le recyclage, le fait main et le temps long du geste artisanal. Les objets que je crée sont pensés comme des pièces sensibles et durables, destinées aussi bien à des intérieurs privés qu’à des lieux professionnels, où elles apportent une présence douce et singulière.",,https://www.mifexpo.fr/exposants/anita-daval-980085/?fromsalon=952944,,
Adaozãn,adaozan-jewelry.com,,,,France,Stand Pavillon Ile-de-France,,,https://www.mifexpo.fr/exposants/adaozan-990320/?fromsalon=952944,,
ADIE,adie.org,,,,France,Stand M38-N39,,,https://www.mifexpo.fr/exposants/association-pour-le-droit-de-linitiative-economique-967506/?fromsalon=952944,,
ADRENAGLISS,adrenagliss.fr,,,,France,Stand L46,"Découvrez Adrenagliss, une marque Made in France à l’esprit glisse. Elle propose des tee-shirts, sweats et sacs entièrement conçus et fabriqués à la commande dans son propre atelier de confection à Toulouse ce qui lui permet de maîtriser la qualité et d’évite la sur-production. Le petit plus, avec son concept unique, vous pouvez customisez certains produits jusqu’a la couleur de la couture.",,https://www.mifexpo.fr/exposants/teamatex-754320/?fromsalon=952944,,
AEGIS,aegis-guitares.com,,,,France,Stand Village de l'Artisanat - D21.89,"Fabriquées en France, les guitares AEGIS se distinguent par l'utilisation du sapin noir pectiné, une essence locale rigoureusement sélectionnée au cœur de la forêt vosgienne. Ce bois d'exception, rare en lutherie, permet d'obtenir des corps de guitare 30 à 35 % plus légers pour un confort de jeu inégalé, tandis que les manches sont façonnés en érable sourcé localement pour une stabilité optimale. Nous maîtrisons l'intégralité de notre chaîne de production grâce à une gamme de micros et d'électronique entièrement conçus et fabriqués maison. Cette conception interne offre une signature sonore unique, une polyvalence totale pour tous les styles de musique et s'adapte précisément à chaque musicien. Afin de proposer des instruments de haute qualité au prix le plus juste, nous privilégions la distribution directe.",,https://www.mifexpo.fr/exposants/au-coeur-2-983199/?fromsalon=952944,,
AEROXSENSE,aeroxsense.com,,,,France,Stand P27,"AeroXsense conçoit et fabrique en France la gamme AeroXFireshield, des dispositifs autonomes destinés à détecter et à éteindre les départs de feu directement à l’intérieur des tableaux, coffrets et armoires électriques. Installé au plus près du risque, le dispositif se déclenche automatiquement sous l’effet de la chaleur et diffuse un agent extincteur par aérosol condensé. Il fonctionne sans eau, sans batterie, sans alimentation électrique et sans maintenance complexe. Compacte et facile à installer, la gamme AeroXFireshield protège aussi bien les tableaux électriques des logements que les équipements photovoltaïques, les bornes de recharge, les coffrets de piscine, les camping-cars et les installations professionnelles ou industrielles. Fabriqués en France et labellisés Origine France Garantie, nos produits apportent une solution simple, accessible et préventive pour agir dès les premières secondes d’un incendie électrique. AeroXFireshield : une longueur d’avance sur le feu.",,https://www.mifexpo.fr/exposants/fire-safety-981373/?fromsalon=952944,,
AGERRIA FOIE GRAS,,,,,France,Stand L81,,,https://www.mifexpo.fr/exposants/sarl-agerria-985618/?fromsalon=952944,,
Agour,agour.com,,,,France,Stand K85,"La Maison Agour véhicule une image moderne, dynamique et ouverte de ses terroirs, en valorisant la richesse gastronomique du Pays Basque et du Sud-Ouest bien au-delà de ses frontières. À travers une gamme complète de produits, de l’entrée au dessert, les spécialités de la Maison Agour Etxea, fromages de brebis Ossau-Iraty AOP, Jambon de Bayonne IGP, salaisons, gourmandises sucrées et chocolats, s’imposent comme de véritables ambassadeurs du terroir basque et gascon à l’échelle nationale et internationale. Présente dans l’ensemble des circuits de distribution, des crémiers-fromagers et bouchers-charcutiers aux grandes surfaces, en passant par la restauration et l’export, la Maison Agour renforce la visibilité et l’attractivité de ses terroirs. Cette reconnaissance contribue à faire rayonner le savoir-faire basque dans le monde et à promouvoir une image authentique, qualitative et innovante de la gastronomie du Sud-Ouest.",,https://www.mifexpo.fr/exposants/sarl-hedatu-628709/?fromsalon=952944,,
AIGAN CREATION,aigancreation.fr,,,,France,Stand M38-N39,"Je confectionne artisanalement des sacs, bananes, trousses et pochettes textiles, aux motifs et couleurs variés. Certaines de mes créations sont réalisées à partir de coupons de tissus de fin de série, ce qui permet de valoriser les matières et de proposer des pièces originales en petites séries.",,https://www.mifexpo.fr/exposants/aigan-creation-973497/?fromsalon=952944,,
AINHOA MAROQUINERIE,ainhoamaroquinerie.fr,,,,France,Stand D48,,,https://www.mifexpo.fr/exposants/ainhoa-maroquinerie-997744/?fromsalon=952944,,
AIRPLUM,airplum.fr,,,,France,Stand G35,"Les chaussons et pantoufles AIRPLUM bénéficient de la technologie brevetée des semelles AIRFLEX, composées de 55% de bulles d’air. Ils assurent ainsi légèreté, souplesse, confort et isolation sonore, tout cela allié aux styles à la fois modernes et traditionnels de chaussons fabriques avec passion dans le Périgord depuis 1947 !",,https://www.mifexpo.fr/exposants/sodopac-451369/?fromsalon=952944,,
AIRPURLABS,airpurlabs.com,,,,France,Stand O25,"Lauréat du concours Lépine, Airpurlabs lutte contre les polluants chimiques invisibles présents dans nos intérieurs. Inventé, breveté et fabriqué en Alsace dans une démarche solidaire, notre purificateur d’air écologique — sans électricité ni résidu — défend un droit vital : respirer un air sain.",,https://www.mifexpo.fr/exposants/envart-761477/?fromsalon=952944,,
ALEXANDRA D'ABY,alexandradaby.fr,,,,France,Stand M38-N39,"Fondée en 2024, Alexandra d’Aby est une marque française de Prêt-àPorter féminin et d’accessoires positionnée sur le segment de la création haut de gamme responsable. La marque développe des pièces uniques et des séries limitées, conçues à partir de matières rares, principalement issues de fins de séries de grandes maisons, de ressourceries et de stocks dormants. Cette approche permet de proposer une offre différenciante, tout en limitant le recours aux matières neuves et en s’inscrivant dans une logique d’économie circulaire. Le positionnement d’Alexandra d’Aby repose sur trois piliers : • Une création haut de gamme et distinctive, fondée sur l’exclusivité et la rareté des matières ; • Un savoir-faire artisanal, notamment dans le domaine de l’ennoblissement textile ; • Une production responsable Made in France, privilégiant la qualité, la durabilité et la limitation des impacts environnementaux. Chaque pièce est enrichie par des techniques issues des métiers d’art. Ces procédés constituent un véritable avantage concurrentiel : ils renforcent la valeur perçue des produits et rendent chaque création difficilement reproductible. La marque a obtenu le label « Fabriqué à Paris 2026 », qui vient reconnaître la qualité du savoir-faire, l’ancrage local et le caractère artisanal de la production. Dans un marché de la mode marqué par la recherche de sens, de traçabilité et de consommation plus raisonnée, Alexandra d’Aby répond à une demande croissante pour des produits exclusifs, durables et porteurs d’une véritable histoire.",,https://www.mifexpo.fr/exposants/jennifer-dionisio-985882/?fromsalon=952944,,
ALEXANDRE MAREUIL,alexandremareuil.com,,,,France,Stand Village de l'Artisanat - D21.150,,,https://www.mifexpo.fr/exposants/alexandre-mareuil-983966/?fromsalon=952944,,
ALFAPAC,alfapac.eu,,,,France,Stand H16-i15,"Cette année, alfapac célèbre ses 40 ans aux côtés des foyers français. Depuis 1986, la marque accompagne les gestes du quotidien avec des solutions de conservation, de cuisson et de gestion des déchets conçues pour être pratiques, fiables et innovantes. Fidèle à son savoir-faire industriel français, alfapac poursuit son engagement en développant des produits intégrant davantage de matières recyclées ou renouvelables. Depuis 40 ans, notre ambition reste la même : être utiles, chaque jour, à vos côtés.",,https://www.mifexpo.fr/exposants/sphere-france-966515/?fromsalon=952944,,
ALLIANCE FRANCE CUIR,alliancefrancecuir.org,,,,France,Stand J22-K25,"L’Alliance France Cuir est une organisation professionnelle unique, dédiée à la matière cuir Nous sommes issus du regroupement de l’ensemble des acteurs de la chaîne de valeur, depuis l’élevage jusqu’à la vente du produit fini. Soit 21 fédérations professionnelles, unies depuis 1948 autour de la passion du cuir",,https://www.mifexpo.fr/exposants/alliance-france-cuir-263973/?fromsalon=952944,,
ALLMYCASES,allmycases.com,,,,France,Stand M35,"ALLMYCASES développe et produit des étuis textile sur mesure pour les appareils électroniques mobiles tels que terminaux de paiement, terminaux de saisie, radios professionnelles, imprimantes mobiles, pagers, DATI,..... Notre bureau d'études intégré nous permet de mener à bien nos développements. Nous créons des produits permettant de répondre à 100% des besoins spécifiques de nos clients. Qualité, design, réactivité sont des atouts clés chez ALLMYCASES.",,https://www.mifexpo.fr/exposants/allmycases-987128/?fromsalon=952944,,
Alpes Instrument,alpes-instrument.com,,,,France,Stand Village de l'Artisanat - D21.171,"Instruments de musique intuitifs accessible à tous et conçue pour la relaxation et la détente. Flûtes amérindiennes, kotamo, percussions mélodique, lyre et bien d'autres.",,https://www.mifexpo.fr/exposants/alpes-instrument-984598/?fromsalon=952944,,
ALÉLOR,alelor.fr,,,,France,Stand H76,Alélor est la dernière moutarderie d'Alsace et la seule entreprise à transformer des racines de raifort en France. Notre PME familiale fabrique également des mayonnaises et sauces condimentaires et des sauces piquantes sans colorants ni conservateurs. Découvrez nos cornichons et pickles.,,https://www.mifexpo.fr/exposants/alelor-sas-741031/?fromsalon=952944,,
Amabilis Atelier,amabilisatelier.com,,,,France,Stand Village de l'Artisanat - D21.87,,,https://www.mifexpo.fr/exposants/amabilis-atelier-983780/?fromsalon=952944,,
AMETHYSTE FLORALE,,,,,France,Stand Pavillon Ile de France,"En tant que parurière florale, je conçois des décorations variées, des verreries fleuries et des parures. Les bijoux sont composés de fleurs d'hortensia stabilisées que je cultive et teinte selon ma propre gamme de couleur. J'utilise pour les compositions végétales ou florales des matériaux naturels séchés : fleurs biologiques, bois, mousses que j'agence sur des plans verticaux , horizontaux ou au sein de verreries.",,https://www.mifexpo.fr/exposants/amethyste-florale-980967/?fromsalon=952944,,
AmEyi by On ti dousè,ontidouse.fr,,,,France,Stand Pavillon Ile-de-France,,,https://www.mifexpo.fr/exposants/on-ti-douse-986748/?fromsalon=952944,,
AN'IMATO,animatoillustrations.fr,,,,France,Stand Village de l'Artisanat - D21.50,"An’imato est une marque de jeux nomades et coloriages lavables en tissu, ainsi que de kits créatifs pour petits et grands enfants, fabriqués en France de façon éco-responsable. Anne est graphiste-illustratrice de formation. Cela lui permet de créer des motifs exclusifs pour sa marque. Tous les articles sont imaginés, créés, puis assemblés dans son atelier en région parisienne. Design et impression en France, les tissus illustrés sont certifiés sans substances nocives, et imprimés avec des encres à base d’eau, pour un impact écologique réduit (en Île de France également). Les matières sont sélectionnées avec soin pour être de qualité et les plus locales possibles. Anne anime également des ateliers créatifs, pour petits et grands qui ont gardé une âme d'enfant.",,https://www.mifexpo.fr/exposants/anne-da-cunha-guillegault-772261/?fromsalon=952944,,
AnaGold,anagold.fr,,,,France,Stand Village de l'Artisanat - D21.37,"Je crée des pièces uniques, bijoux et objets de décoration (tableaux, curiosités) en alliant lmes deux savoir-faire : le travail du métal et des plumes d'oiseaux naturelles et teintes, dans le respect des espèces protégées",,https://www.mifexpo.fr/exposants/anagold-984746/?fromsalon=952944,,
ANCRÉE,ancree.com,,,,France,Stand Pavillon Ile de France,"L'alternative gastronomique accessible et engagée. 100% NATURELLE Sans additif, ni conservateur. Confectionné à partir de graines de chia bio d'Île-de-France et d'algues bretonnes. MADE IN FRANCE Réalisé artisanalement dans notre fabrique à Malakoff, en région parisienne. POLYVALENTE Se déguste de l'entrée au fromage : sur un blini, avec des coquilles St-Jacques, un œuf parfait, un brie affiné.",,https://www.mifexpo.fr/exposants/piquette-551162/?fromsalon=952944,,
ANDOUILLE ASSELOT,andouille-asselot.fr,,,,France,Stand Village de l'Artisanat - D21.203,,,https://www.mifexpo.fr/exposants/andouille-asselot-981362/?fromsalon=952944,,
ANDRE RENAULT,andre-renault.fr,,,,France,Stand K10-M15,"Matelas, sommiers fixes et de relaxation, dosserets, chevets et fauteuils de relaxation.",,https://www.mifexpo.fr/exposants/sima-100342/?fromsalon=952944,,
ANNY BLATT,annyblatt.com,,,,France,Stand G34,"En 1933, à Paris, ANNY BLATT lance sa marque éponyme en créant une MAISON DE HAUTE COUTURE spécialisée dans la confection de « vêtements à l’aiguille ». Dans les années 80, le pull ANNY BLATT est un must-have porté par Anne Sinclair ou Linda Evangelista en faisant une ligne de tricot haut de gamme renommée. Malheureusement, la fast-fashion signe la fin d'une époque et la marque ferme ses portes en 2019. En 2021, Marion Carrette, entrepreneuse du Web et Anne Molineau, styliste de la marque depuis 20 ans relancent la marque Anny Blatt. Avec les deux femmes aux commandes, Anny Blatt vit une véritable renaissance à travers un nouveau modèle construit autour de deux axes : Des fils et modèles d’exception à tricoter à la main et une ligne de maille haut de gamme FABRIQUÉE EN FRANCE À LA DEMANDE. Chaque modèle est unique et fabriqué exclusivement avec une MATIÈRE PREMIÈRE DE TRÈS HAUTE QUALITÉ dont l'Angora douceur français. Toutes les créations sont imaginées, dessinées et tricotées en interne. Anne, styliste maison depuis 20 ans, perpétue les fondamentaux de la marque : elle associe les points, MIXE LES MATIÈRES, appose des galons, joue avec les textures pour proposer des pièces uniques. La signature ANNY BLATT ? Des DESIGNS INTEMPORELS, des matières de très grande qualité qui offre douceur, confort et durabilité ainsi que le respect du savoir-faire français. On se rencontre ?",,https://www.mifexpo.fr/exposants/anny-blatt-556018/?fromsalon=952944,,
Antésite,antesite.com,,,,France,Stand G78-H79 et i83,"Antésite est une boisson emblématique depuis plus de 125 ans ! Cette boisson à diluer se distingue par sa composition naturelle. En effet, elle est élaborée à partir d'extraits de réglisse, de fruits, de plantes et de fleurs. De plus, toutes nos recettes sont faites avec amour en France et plus particulièrement dans le massif de la chartreuse, avec 0 sucres, 0 édulcorants, 0 colorants, et 0 conservateurs (mais toujours avec beaucoup de plaisir et de gourmandise) ! Découvrez nos 9 recettes d'ultra-concentrés à base de réglisse aux multiples usages. Vous pouvez l’utiliser pour sublimer vos boissons chaudes comme froides, pour réaliser des cocktails ou encore en cuisine sucrée et salée ! (Réglisse Anis, Réglisse Citron, Réglisse Cola, Réglisse Eucalyptus, Pin, Réglisse Menthe, Réglisse Pamplemousse Rose, Citron Vert, Réglisse Citron Jaune d’Italie et Eucalyptus, Réglisse Mandarine du Brésil, Bergamote, Réglisse Orange du Mexique.) Nous proposons également 5 concentrés gourmands « bio » aux fruits pour un plaisir sans culpabilité ! (Hibiscus framboise grenade, Hibiscus pamplemousse agrumes, Fraise menthe concombre, Thé noir pêche ou encore Thé noir menthe)",,https://www.mifexpo.fr/exposants/les-breuvages-du-voironnais-115437/?fromsalon=952944,,
APIMANI,apimani.fr,,,,France,Stand G58,"Apimani | Fabricant de brosses à dents et du porte-savon aimanté en France. 💚 Chez Apimani, nous créons des produits sains et malins qui font du bien aux humains sans faire du mal à la planète, nous construisons une entreprise sympa avec une équipe qui a le sourire et nous nous engageons au quotidien pour transformer les habitudes en routines durables. 🌳 Notre mission : Faire de votre quotidien, une bonne habitude 😁 Aujourd'hui nous sommes fiers d'avoir un gamme 100% Européenne dont 92% Française et 30% Angevine.",,https://www.mifexpo.fr/exposants/sas-althode-113929/?fromsalon=952944,,
APISPHERE,apisphere.fr,,,,France,Stand K86,"Apisphère, c’est l’histoire de deux jeunes passionnés par les abeilles, les bons produits et leur région. Nous souhaitons faire découvrir à nos clients, des produits issus et dérivés de la ruche, à la fois sucrés, et salés, de grande qualité et surtout unique ! Des produits gourmands, Made in France, mais nous voulions aller plus loin dans notre démarche en vous proposant du miel uniquement issu du Périgord, gage de qualité et de traçabilité unique pour vous. Nos produits dérivés sont élaborés, et pensés pour leur goût et leur authenticité, ce qui les rend unique. Nos recettes sont sans conservateurs, et sans colorants.",,https://www.mifexpo.fr/exposants/sas-apisphere-237909/?fromsalon=952944,,
Aquilon & Co,aquilonandco.com,,,,France,Stand Village de l'Artisanat - D21.195,"La philosophie d’Aquilon & Co repose sur une idée forte : une montre doit dépasser sa fonction première pour devenir un objet d’émotion, de transmission et de caractère. Chaque création est pensée avec la volonté de trouver le juste équilibre entre technique et élégance, rigueur et liberté, héritage et modernité. L’aviation inspire ici une manière de concevoir le temps : avec précision, maîtrise et ouverture vers l’horizon. Elle traduit une attitude, celle de ceux qui avancent avec exigence, curiosité et indépendance. Aquilon & Co défend une approche sincère de l’horlogerie, loin des effets de mode et des artifices. La marque privilégie les lignes durables, les détails justes et une relation authentique avec ceux qui portent ses montres. Choisir Aquilon & Co, c’est porter une pièce française au style affirmé, conçue pour accompagner les esprits libres et les passionnés de belles mécaniques.",,https://www.mifexpo.fr/exposants/atelier-horloger-des-alpes-sas-985299/?fromsalon=952944,,
ARCHELI,archeli.fr,,,,France,Stand Village de l'Artisanat - D21.95,"Née en 2024 dans le Jura, Archeli est une entreprise artisanale spécialisée dans la fabrication, la vente et la location de bains nordiques. Fondée par Karolina Alison, d'origine lituanienne, la marque transmet un art de vivre nordique authentique : ralentir, se reconnecter, savourer l'instant. Nos bains sont construits autour de cuves en fibre de verre ou acrylique, habillées de bois traité et chauffées au bois. La gamme Juralys, fabriquée intégralement dans notre atelier, est entièrement personnalisable : de 2 à 8 places, coloris au choix, hydromassage, éclairage LED, filtration par verre recyclé, désinfection UV sans produits chimiques. La gamme Baltik propose des modèles standardisés au meilleur rapport qualité-prix, tandis qu'Archeli Singulier donne naissance à des pièces uniques numérotées, véritables œuvres sur mesure. Nous proposons également des saunas extérieurs (ossature bois ou parois simple), réalisés selon notre cahier des charges. Adhérente Made in Jura, Archeli assure la livraison, l'installation et le service après-vente en direct, 3h autour de Tavaux, dans le Jura.",,https://www.mifexpo.fr/exposants/sas-archeli-985433/?fromsalon=952944,,
ARDELAINE,ardelaine.fr,,,,France,Stand i34,"Depuis plus de 40 ans, nous nous inscrivons dans l’économie circulaire. Nous utilisons la laine des moutons du Massif Central, une matière 100% naturelle et renouvelable, puisqu’elle repousse chaque année sur le dos du mouton. Avec cette fibre unique, nous fabriquons des articles utiles et durables : un matelas dure plus d’une vie, une couette en laine passe généralement les 15 ans haut la main et nos vêtements sont conçus pour être les plus intemporels possibles. La laine est non seulement pérenne mais en plus elle se recycle ! Nos matelas peuvent ainsi être refaits tous les 10 ans, avec le même capital laine ; les chutes de nos ateliers de fabrication servent à faire de nouveaux produits comme des vêtements en feutre tissé ou des dalles de paillage pour le jardin. En bout de cycle, la laine peut se composter : riche en azote et en potassium, elle nourrit le sol pour des pâtures qui peuvent à leur tour nourrir les moutons… Et la boucle est bouclée !",,https://www.mifexpo.fr/exposants/ardelaine-scop-1458/?fromsalon=952944,,
ARHUMATIC,arhumatic.fr,,,,France,Stand Village de l'Artisanat - D21.163,"Nous créons des rhums arrangés artisanaux où chaque recette est pensée comme un équilibre entre le rhum, les fruits, les plantes et les épices. Notre savoir-faire repose d’abord sur la sélection des matières premières. Fruits, agrumes, épices, plantes aromatiques, cacao ou café sont choisis avec la même exigence que celle qui a toujours guidé notre métier de primeur : la qualité, la maturité et l’intensité aromatique avant tout. Nous travaillons différents rhums, principalement issus de la Guadeloupe, mais également des rhums sélectionnés à travers le monde pour certaines créations : Jamaïque, Haïti, Venezuela, Guatemala… Chaque origine apporte son caractère et permet de construire des recettes très différentes. La gamme Arhumatic se décline en plusieurs univers. Les Intemporels mettent à l’honneur les associations devenues emblématiques de la maison : des recettes gourmandes et accessibles, construites autour du fruit, des épices et de saveurs familières revisitées avec précision. Les Découvertes explorent des accords plus inattendus. Fleurs, plantes, agrumes, épices ou fruits exotiques s'y rencontrent dans des créations originales, comme Violetta, qui associe fruit de la passion, hibiscus et violette. Les Rôtis développent une expression plus gourmande et profonde du fruit. La torréfaction ou le rôtissage apporte des notes caramélisées, pâtissières et épicées, à l'image de Piperata Pira, élaboré autour de la poire rôtie et de la baie de Timut. Enfin, la collection Globe-Trotters est notre invitation au voyage. Elle met en avant des rhums de différentes origines et des recettes imaginées autour de leur terroir et de leur personnalité : Jamaïque, Haïti, Venezuela, Guatemala… Des créations comme Yek'Wana, associant rhum du Venezuela, vanille, cacao et fève tonka, illustrent cette recherche.",,https://www.mifexpo.fr/exposants/papaye-et-compagnie-985610/?fromsalon=952944,,
AROMASPRAY,laboutiquearomaspray.com,,,,France,Stand J55,"Fort d'une culture et d’une histoire familiale reconnues, nous fabriquons en Bourgogne des sprays d'ambiance, des compléments alimentaires et des cosmétiques naturels. Aromaspray est une gamme originale d'assainisseurs d'atmosphère aux huiles essentielles 100% pures et naturelles. Aromaspray est sans conservateur, sans parfum de synthèse, sans gaz propulseur et permet de désodoriser tous les lieux de vie, en combinant les bienfaits des huiles essentielles. Vivez sain! Respirez sain!",,https://www.mifexpo.fr/exposants/paraphar-990170/?fromsalon=952944,,
AROMATA,aromata.com,,,,France,Stand i87,,,https://www.mifexpo.fr/exposants/aromata-980093/?fromsalon=952944,,
ARTDÉCOROC,artdecoroc.com,,,,France,Stand N22-O21,"ArtDécoRoc est une marque FRANCAISE qui allie passion pour le design contemporain et l'amour de la pierre naturelle. Spécialisée dans la CREATION de luminaires, d’objets décoratifs, de mobilier ou d’aménagements intérieurs/extérieurs façonnés à la main en pierre naturelle. ArtDécoRoc incarne une esthétique à la fois moderne, naturelle et intemporelle. Chaque pièce signée ArtDécoRoc reflète un savoir-faire artisanal exigeant, où la force du roc rencontre la finesse de l’art décoratif. Que ce soit pour sublimer un espace de vie, un jardin ou un lieu public, la marque propose des créations uniques et sur-mesure qui racontent une histoire de texture, de volume et de lumière et surtout qui racontent votre histoire.",,https://www.mifexpo.fr/exposants/sarl-art-de-pierres-577304/?fromsalon=952944,,
ARTIGA,artiga.fr,,,,France,Stand H17,,,https://www.mifexpo.fr/exposants/artiga-822543/?fromsalon=952944,,
ASTIC BRILLE,impregna.fr,,,,France,Stand M45,,,https://www.mifexpo.fr/exposants/impregna-980861/?fromsalon=952944,,
ATELIER ANTIOPE,atelier-antiope.fr,,,,France,Stand L42,"Atelier Antiope, atelier de maroquinerie artisanale à Ambazac (87), vous propose une ligne de maroquinerie haute en couleur avec des modèles conçus pour leur fonctionnalité, leur côté pratique, leur esthétique et leur originalité : sacs, pochettes, petite maroquinerie, ceintures et autres accessoires en cuir sont fabriqués de façon artisanale en respectant le savoir-faire.",,https://www.mifexpo.fr/exposants/atelier-antiope-575388/?fromsalon=952944,,
ATELIER BALTUS,atelier-baltus.fr,,,,France,Stand Pavillon Ile de France,,,https://www.mifexpo.fr/exposants/sas-atelier-b-980100/?fromsalon=952944,,
ATELIER BIANCO,atelierbianco.fr,,,,France,Stand Village de l'Artisanat - D21.182,"L’Atelier Bianco est une marque d’accessoires textiles faits main, créée par Clémence, couturière passionnée depuis la première machine à coudre reçue pour ses 10 ans. La marque propose des créations pour « les femmes et les enfants d’abord » : cadeaux de naissance (bavoirs, capes de bain) aux accessoires cheveux, en passant par des pochettes, trousses et articles bien-être pour la salle de bain, le tout confectionné par Clémence avec soin à partir de matières de qualité. Chaque pièce est confectionnée dans l’atelier lyonnais, à partir de matières de qualité, sélectionnées pour leur durabilité et leur douceur. L’objectif : proposer des accessoires à la fois pratiques, élégants et intemporels, pensés pour un usage quotidien.",,https://www.mifexpo.fr/exposants/atelier-bianco-984365/?fromsalon=952944,,
Atelier Chinode,atelierchinode.com,,,,France,Stand N30,,,https://www.mifexpo.fr/exposants/atelier-chinode-981341/?fromsalon=952944,,
Atelier de la Baleine à Bosse,atelier-baleine.com,,,,France,Stand Village de l'Artisanat - D21.4,Sacoches de vélo sobres et colorées conçues pour le quotidien à vélo,,https://www.mifexpo.fr/exposants/atelier-de-la-baleine-a-bosse-982831/?fromsalon=952944,,
ATELIER DE MONTSAU,atelierdemontsau.fr,,,,France,Stand Village de l'Artisanat - D21.62,"Restauration de sièges, canapés de style, contemporains et designers. Créations capsule. Confection rideaux sur mesure - coussins - stores bateaux... Sellerie générale : intérieur véhicules de collection - selles de moto - médical - aéronautique - nautique",,https://www.mifexpo.fr/exposants/atelier-de-montsau-976348/?fromsalon=952944,,
Atelier Douay,atelier-douay.fr,,,,France,Stand Village de l'Artisanat - D21.82,"Le Pouf Effervescence Un pouf en forme de bouchon de champagne, entièrement fabriqué par nos soins. Le tissu est personnalisable et on peut ajouter un logo imprimé ou brodé sur l'assise, ce qui en fait une pièce idéale pour les maisons de champagne, l'hôtellerie et les espaces d'accueil haut de gamme. La Chaise de bar Muselet Une chaise de bar inspirée du muselet de champagne. Élégante et emblématique, elle complète la collection. Elle est actuellement en phase de prototype. Plusieurs éléments sont personnalisables : la couleur et la texture de la structure, l'essence et la teinte du bois, et on peut aussi ajouter un logo imprimé ou brodé sur l'assise. L'Écrin Une table de dégustation qui cache un rangement motorisé. On peut l'ouvrir de deux façons : depuis un smartphone, ou grâce à des interrupteurs cachés sous le revêtement. À l'intérieur, un espace éclairé pour ranger une bouteille de champagne et deux flûtes. Nous avons conçu et développé nous-mêmes toute l'électronique et l'application qui la pilotent.",,https://www.mifexpo.fr/exposants/atelier-douay-980987/?fromsalon=952944,,
ATELIER JOUR DE LUNE,atelierjourdelune.com,,,,France,Stand Q71,,,https://www.mifexpo.fr/exposants/claire-morel-creations-782507/?fromsalon=952944,,
Atelier Jérémy and Marie,jeremyandmarie.com,,,,France,Stand Village de l'Artisanat - D21.175,"Vides poches bijoux, parement mural combinant relief géométrique et douceur des teintes naturelles, parement avec incrustation qui se déploie sur le mobilier comme un terrazzo végétal, écrins de lumière en liège plissé... Depuis 4 ans, le studio de design développe une gamme de produits en liège aggloméré artisanal, suivant un procédé de fabrication unique en son genre, salué par 3 fois au concours Quercus Suber. Cette mise en œuvre renouvelle l’esthétique des objets en liège. Elle enrichit la gamme colorée, valorise la texture de l'écorce et explore des mises en forme inusitées comme le liège plissé-figé. Le tout avec un procédé de fabrication très peu énergivore et n’utilisant aucune pétrochimie. Le studio propose également ses services pour la conception et réalisation de pièces sur mesure.",,https://www.mifexpo.fr/exposants/jeremy-and-marie-986037/?fromsalon=952944,,
ATELIER MARIA SALVADOR,ateliermariasalvador.com,,,,France,Stand M38-N39,,,https://www.mifexpo.fr/exposants/atelier-maria-salvador-977440/?fromsalon=952944,,
Atelier MC,atelier-mc-ebenisterie.fr,,,,France,Stand Village de l'Artisanat - D21.189,,,https://www.mifexpo.fr/exposants/ei-atelier-mc-984299/?fromsalon=952944,,
ATELIER MENTINE,ateliermentine.com,,,,France,Stand H35,"Tous mes articles sont imaginés et fabriqués dans mon atelier en Moselle. La production est locale, 100% française, exclusivement mosellane. Les modèles sont tous fait main. J’ai obtenu l’agrément Qualité MOSL en juillet 2022. Je travaille de petites séries voir des pièces uniques. Je fabrique des sacs à mains, des portes monnaies, portefeuilles, portes cartes, pochettes, ceintures, bracelets et des boucles d’oreilles. Ce qui me tient le plus à cœur est d’utiliser du cuir de réemploi, cuir issu des stocks dormants de tanneries ( françaises, italiennes, européennes ) et/ou de Maison de maroquinerie de luxe. Je souhaite éviter la surproduction de la matière première que j'utilise. Mon intérêt est de limiter l’impact de mon activité sur la planète en consommant mieux et donner la possibilité aux clients d’y participer.",,https://www.mifexpo.fr/exposants/atelier-mentine-579270/?fromsalon=952944,,
Atelier Midgard,451 rue de chabanne code postal ,,,,France,Stand Village de l'Artisanat - D21.180,"L’Atelier Midgard a l’honneur de prendre part au MIF Expo afin d’y dévoiler une sélection de créations d’exception. Chaque gamme y affirme une identité propre : une histoire, une légende, un souffle, portés par l’exigence du geste et par un savoir-faire français appris à Thiers. Cette année, le Drakkar Patriote sera mis à l’honneur. Inspiré des combattants de 14-18, il s’affirme comme une pièce de mémoire, un hommage façonné dans l’acier et l’os, où la matière devient récit. Nous serons honorés de partager ces créations, nées de passion, de précision et de respect.",,https://www.mifexpo.fr/exposants/ei-koch-mathieu-984037/?fromsalon=952944,,
ATELIER MISSÈGLE,missegle.com,,,,France,Stand J48-K51,"Depuis 1983, nous confectionnons des chaussettes, des pulls et des accessoires en fibres naturelles (mohair, mérinos, cachemire, fil d'écosse coton, seacell...). Nous sommes les dépositaires d'un savoir-faire historique : nous pratiquons le remaillage main, une technique quasiment disparue en France, qui permet d'éviter les coutures et les surépaisseurs sur nos vêtements. Le confort est ainsi sans égal. Missegle allie savoir-faire traditionnel et technologie de pointe avec un parc machines ultra-modernes. En 2016, nous avons été récompensés par le label Entreprise du Patrimoine Vivant qui salue l'Excellence de nos savoir-faire.",,https://www.mifexpo.fr/exposants/sarl-atelier-missegle-103796/?fromsalon=952944,,
ATELIER VALLON,atelier-vallon.fr,,,,France,Stand Village de l'Artisanat - D21.201,"Installé en Ardèche, l’Atelier Vallon conçoit et fabrique du mobilier et des objets d'art au design affirmé, alliant techniques traditionnelles d'ébénisterie et esthétique contemporaine. Pour cette édition du Salon du Made in France, nous mettons à l'honneur trois axes forts de notre savoir-faire : • La gamme Kaméléon : Une collection de mobilier en bois massif (noyer, chêne...) entièrement personnalisable. Elle se distingue par ses jeux de textures, ses assemblages traditionnels et sa ligne contemporaine. • Les luminaires suspendus : Des créations aériennes en bois sculpté pour réchauffer et structurer les espaces intérieurs. • Les objets de décoration : Des pièces soignées et graphiques, conçues à partir de bois upcyclé pour sublimer le quotidien. Toutes nos créations sont conçues localement, artisanalement et pensées pour durer, illustrant l'excellence et la passion des métiers d'art de notre région.",,https://www.mifexpo.fr/exposants/eurl-atelier-de-lebeniste-980939/?fromsalon=952944,,
ATELIER VELOCIDADE,ateliervelocidade.com,,,,France,Stand O40,"Ici, on ne conçoit pas des sacoches derrière un bureau. Tout commence dehors. Sur les routes, les pistes, les cols. Dans des conditions réelles, parfois simples, parfois exigeantes — mais toujours honnêtes. Chaque modèle naît d’un besoin. Quelque chose qui manque, qui bouge, qui pourrait être plus simple. Alors on teste. On ajuste. On recommence. Et quand ça devient évident, on passe à l’atelier. On coud, on assemble, sans en faire trop. Juste ce qu’il faut pour que ça tienne dans le temps. C’est notre manière de faire, ici, en Ariège. Conçu, cousu, éprouvé. Bienvenue chez Atelier Velocidade",,https://www.mifexpo.fr/exposants/atelier-velocidade-967754/?fromsalon=952944,,
Ateliers de la Manufacture de l'Archange Michel,ateliersarchangemichel.com,,,,France,Stand D02,,,https://www.mifexpo.fr/exposants/ateliers-de-la-manufacture-de-larchange-michel-990368/?fromsalon=952944,,
ATELIERS FOURÈS,lesateliersfoures.fr,,,,France,Stand G42,"Les Ateliers Fourès existent depuis 1969 et sont situés dans le Tarn, où la culture du cuir est millénaire. Les cuirs pleine fleur français que nous sélectionnons sont très naturels et ont un toucher flatteur, addictif, inimitable. Ils donnent ainsi une prise en main incomparable à nos produits qui se patinent et s'embellissent avec le temps. Notre équipe composée d'artisans maroquiniers expérimentés aux mains d’or et au savoir-faire rare est notre plus grande fierté. Coupe, parage, embossage, montage, bordure, pique, etc , toutes les étapes de notre métier, sont entièrement réalisées au sein des Ateliers Fourès.",,https://www.mifexpo.fr/exposants/sas-jean-louis-foures-1433/?fromsalon=952944,,
ATHANA,athana.shop,,,,France,Stand i69,"La cryothérapie, la science du froid pour contrer la chaleur. La cryothérapie est recommandée par de nombreux professionnels de santé pour soulager les inconforts liés à diverses affections circulatoires, inflammatoires, articulaires, musculaires ou immunitaires. Le froid est utilisé à des fins thérapeutiques pour ses propriétés anti-inflammatoires, anesthésiantes et vasoconstrictrices. Comment fonctionne la cryothérapie ? Le froid, reconnu pour ses bienfaits apaisants et thérapeutiques, est une solution idéale pour annuler la montée des bouffées de chaleur tout en ayant un effet relaxant profond.",,https://www.mifexpo.fr/exposants/athana-sas-976677/?fromsalon=952944,,
Atol,opticiens-atol.com,,,,France,Stand G48,"Oneo, collection de montures écoresponsables made in Jura et Ain certifiées Origine France Garantie. Ameya, collection de montures Femme fabriquée à Vendôme Latitude, collection de montures Homme fabriquée à Vendôme",,https://www.mifexpo.fr/exposants/atol-sa-274764/?fromsalon=952944,,
ATOUT THERM,atout-therm.com,,,,France,Stand K08-M07,"Atout-therm, c'est la garantie de radiateurs fabriqués français. Mélangeant minutieusement du kaolin, du feldspath et de la silice, les matériaux utilisés à la conception de nos radiateurs sont exclusivement nobles, ce qui, par conséquent, en assure leur qualité. Ce subtil mélange de matériaux, effectué au sein de nos ateliers français, nous permet d'optimiser l'homogénéité et, de surcroît, la propagation de la chaleur. Chacun de nos radiateurs est assemblé et testé individuellement avec minutie afin de prémunir tout risque de disfonctionnement, et de renforcer leur sécurité en toute situation.",,https://www.mifexpo.fr/exposants/atout-therm-303810/?fromsalon=952944,,
AU PARAPLUIE DES PYRÉNÉES,parapluiedeberger.com,,,,France,Stand F45,"Nous fabriquons le véritable parapluie de berger, dans la pure tradition, avec ces baleines en bois et sa toile coton. Mais aussi le parapluie anti retournement (avec sa monture en fibre de verre breveter), les ombrelles, les parapluies plus citadins et compact pour les rangers plus facilement.",,https://www.mifexpo.fr/exposants/au-parapluie-des-pyrenees-741057/?fromsalon=952944,,
Au Royaume Des Abeilles,au-royaume-des-abeilles.fr,,,,France,Stand Village de l'Artisanat - D21.169,,,https://www.mifexpo.fr/exposants/au-royaume-des-abeilles-1008114/?fromsalon=952944,,
AUBRAC BOTTIER,aubrac-bottier.fr,,,,France,Stand P54,"L’Atelier-Boutique situé à St Côme d’Olt au pied de l’Aubrac, est conçu pour réaliser une gamme de modèles élégants, modernes et polyvalents présentant tous les critères alliant résistance et confort pour donner une totale satisfaction. Nous pouvons également concevoir sur commande des chaussures à vos mesures et personnalisables.",,https://www.mifexpo.fr/exposants/prod-aubrac-776838/?fromsalon=952944,,
AUX BAINS FRANÇAIS,auxbainsfrancais.com,,,,France,Stand J38-K37,"L'élégance se tisse en France! Aux Bains Français est une collection autour du linge de bain et de maison à draper ou à porter. Tous nos tissus sont fabriqués en France, développés à partir d'archives textiles des années 30. L'armure (ou tissage) de nos articles forme un petit gaufré absorbant, douillet et léger pour un usage à la maison, à la plage, en voyage, avec bébé... ""Nous croyons en la valeur du savoir-faire traditionnel allié à une technologie moderne au service de vos besoins. Nos articles vous apporteront praticité par leur légèreté, efficacité par leur absorption et ravissement par leur harmonie. Notre univers joyeux et merveilleux est conçu pour vous accompagner toute la vie!"" Bon Bain!",,https://www.mifexpo.fr/exposants/sas-aux-bains-francais-783522/?fromsalon=952944,,
Aux bougies du bonheur,auxbougiesdubonheur.com,,,,France,Stand O05,,,https://www.mifexpo.fr/exposants/aux-bougies-du-bonheur-974663/?fromsalon=952944,,
AVEYRON ATTRACTIVITÉ TOURISME,fabrique-en-aveyron.fr,,,,France,Stand O58,"FABRIQUE EN AVEYRON La marque « Fabriqué en Aveyron » est porteuse de valeurs et d’un imaginaire forgé au fil du temps sur un territoire à fort caractère. Ainsi, la marque valorise les savoir-faire des entreprises et leurs produits emblématiques. C’est en 2010, sous l’impulsion du Département et en partenariat avec les représentants du monde économique, qu’est née la marque « Fabriqué en Aveyron ». 659 entreprises aveyronnaises bénéficient à ce jour d'un agrément dans des secteurs d'activités variés : Agroalimentaire, Artisanat d’Art, Bois & Ameublement, Edition & Imprimerie, Habitat & Construction, Travail des métaux & Matériaux, Textile & Cuir. VIENS VIVRE EN AVEYRON Envie de quitter l’Ile-de-France ? Et si votre Avenir était en Aveyron ? C’est le bon moment pour changer d’horizon ! Notre super équipe Viens Vivre en Aveyron, sera aussi présente sur le salon.",,https://www.mifexpo.fr/exposants/aveyron-attractivite-tourisme-754578/?fromsalon=952944,,
Babzacao - Artisan Chocolatier - Confiseur,babzacao.fr,,,,France,Stand Village de l'Artisanat - D21.204,"Chez Babzacao, nous imaginons et fabriquons à la main, dans notre atelier de Vernon en Normandie, des créations gourmandes qui remettent le goût et la matière au centre. Pour cette édition du Salon du Made in France, nous avons choisi de présenter trois produits emblématiques de notre savoir-faire : • nos pâtes à tartiner, généreuses en fruits secs ; • nos confitures artisanales, riches en fruits ; • nos Croq’télé, de petites gourmandises croustillantes enrobées de chocolat. Une sélection volontairement courte, pensée pour faire découvrir l’univers Babzacao à travers des produits généreux, faciles à partager et à offrir. Notre démarche repose sur des recettes lisibles, des ingrédients soigneusement sélectionnés, des cacaos aux origines tracées et une fabrication sans artifices superflus. Babzacao est également membre du Club des Chocolatiers Engagés. Nos produits s’adressent aussi bien aux particuliers en quête de gourmandises artisanales qu’aux professionnels : épiceries fines et commerces indépendants, entreprises et CSE, aussi marques, hôtels et agences souhaitant imaginer un coffret, un cadeau personnalisé ou une collaboration. Notre promesse tient en trois mots : « Beau, Brut & Bon ». Beau à regarder, brut dans sa sincérité et surtout bon à déguster.",,https://www.mifexpo.fr/exposants/babzacao-762190/?fromsalon=952944,,
BAIE DES CAPS,baiedescaps.com,,,,France,Stand D34,"Spécialisée dans le pull marin, Baie des Caps défend depuis 1986 un savoir-faire de haute qualité, pour toute la famille. Ses pulls marins, tricotés et confectionnés dans son atelier à Beaussais-sur-Mer (22), se distinguent par leur durabilité grâce à une maille robuste, des coupes variées, et des coloris intemporels. Dans une logique d'économie circulaire, les chutes de productions sont valorisées et un nouveau produit à rejoint notre gamme : les chaussons.",,https://www.mifexpo.fr/exposants/baie-des-caps-392761/?fromsalon=952944,,
BALKOA,balkoa.com,,,,France,Stand Village de l'Artisanat - D21.172,BALKOA est une table rabattable spécialement conçue pour les petits balcons. Elle permet de transformer les balcons sous utilisés en véritable espace à vivre en optimisant l'espace disponible. La table de balcon BALKOA a été récompensée d'une médaille d'or au concours Lépine 2026.,,https://www.mifexpo.fr/exposants/fjx-creations-986092/?fromsalon=952944,,
BARANNE,heritagefrance.fr,,,,France,Stand i21,"L’expert de l’entretien des chaussures et du cuir. Fort de plus de 100 ans d’expérience, Baranne a fait du cirage, de l’entretien du cuir et des baskets une expertise à part entière. Entretenez vos cuirs et soignez votre style avec Baranne !",,https://www.mifexpo.fr/exposants/heritage-556631/?fromsalon=952944,,
BARNABÉ - LA MANUFACTURE DE BÉRETS,beret-barnabe.fr,,,,France,Stand N51,"Depuis plus de 10 ans, dans notre atelier en Béarn, nous fabriquons des bérets selon les méthodes traditionnelles : du fil écru de laine mérinos jusqu'au produit fini, nous assurons toutes les étapes de fabrication. Notre atelier est le plus petit du monde mais avec le plus vaste choix de bérets du monde... carrément! Venez nous rencontrer, découvrir notre savoir faire, nos bérets et confirmer que vous avez une tête à béret ;-)",,https://www.mifexpo.fr/exposants/manufacture-de-berets-398487/?fromsalon=952944,,
BEAN BAR CHOC,beanbarchoc.com,,,,France,Stand Village de l'Artisanat - D21.168,"Fabricant de chocolat artisanal ""bean to bar"".",,https://www.mifexpo.fr/exposants/bean-bar-choc-986094/?fromsalon=952944,,
Bean to bar,cedricturmel.com,,,,France,Stand Village de l'Artisanat - D21.60,,,https://www.mifexpo.fr/exposants/sas-turmel-981155/?fromsalon=952944,,
Beauvillé,beauville.com,,,,France,Stand N15,"Beauvillé, une signature unique pour du linge de maison haut de gamme. A Ribeauvillé en Alsace, la Manufacture d’Impression sur Etoffes (MIE) développe depuis plus de deux siècles un savoir-faire unique. Aujourd’hui, son linge de maison haut de gamme, griffé Beauvillé, est synonyme de luxe, de grande qualité et de tradition. L’excellence de ses tissus imprimés lui a valu l’obtention du label Entreprise du Patrimoine Vivant en 2009. Les deux collections annuelles sont présentées et vendues dans le monde entier. Du linge de table Made in France : Linge de table, linge d’office et accessoires, sont connus et reconnus pour leur qualité irréprochable. Beauvillé dispose dans ses usines d’un savoir-faire unique alliant choix des matières, créativité, production totalement intégrée, et respect de l’environnement. Le souci du détail pour des textiles de qualité : Afin de satisfaire l’exigence légitime de ses clients, Beauvillé accorde une attention particulière à chaque étape de son process de fabrication. Ainsi, toute fabrication suppose le choix de matières nobles à base de fibres naturelles, imprimées de colorants de cuve, les plus solides du marché. Finesse des motifs, créativité, choix des textiles, respect des traditions contribuent à la réputation de la maison depuis près de deux siècles.",,https://www.mifexpo.fr/exposants/manufacture-dimpression-sur-etoffes-550197/?fromsalon=952944,,
BEAUZART3,beauzart3.com,,,,France,Stand M38-N39,Beauzart3 est une marque de vêtement spécialisée dans la vente de pièce unisexe et made in France.,,https://www.mifexpo.fr/exposants/beauzart3-973509/?fromsalon=952944,,
BEL AIR CUISINES,belaircuisines.com,,,,France,Stand H18-i19,"BEL AIR CUISINES est heureux de vous présenter sa gamme de Cuisines fabriquées en Nouvelle Aquitaine à La Réole. Nous disposons d’un réseau de professionnels sur l’ensemble du territoire. Nos décorateurs/designers, conseillers en agencement, poseurs & installateurs spécialisés sont à votre écoute pour assurer les prestations sur lesquelles nous nous engageons, assistés d’un service après-vente réactif dédié à notre clientèle. C’est ainsi plus de 200 clients à travers la France qui nous font confiance chaque année pour les accompagner dans la réalisation de leurs projets !",,https://www.mifexpo.fr/exposants/bel-air-cuisines-255354/?fromsalon=952944,,
Bell'Ânesse en Provence,bell-anesse-en-provence.fr,,,,France,Stand J69,Spécialiste dans les cosmétiques à base de lait d’ânesse frais et bio fabriqué dans les Alpes d’Provence,,https://www.mifexpo.fr/exposants/provence-cosmetique-1006461/?fromsalon=952944,,
Belle Gnôle,belle-gnole.fr,,,,France,Stand M82,"Des spiritueux 100 % français, imaginés et élaborés avec des distilleries artisanales : liqueurs originales (melon de Cavaillon, sapin du Jura, pain d’épices…) et eaux-de-vie de terroir (calvados, armagnac, genièvre, absinthe).",,https://www.mifexpo.fr/exposants/coquetelers-sas-761150/?fromsalon=952944,,
BELOTSI PARIS,belotsi.com,,,,France,Stand Pavillon Ile de France,"Belotsi Paris est une marque qui offre des vêtements uniques pour femmes, alliant prêt-à-porter et sur-mesure. Tous les articles sont faits main par la créatrice, garantissant l'unicité de chaque pièce. En plus des vêtements, la marque propose des accessoires originaux. Le produit phare de Belotsi Paris est la cape réversible, un véritable incontournable.",,https://www.mifexpo.fr/exposants/belotsi-paris-135060/?fromsalon=952944,,
BELSIA,belsia.fr,,,,France,Stand K82,"Croustillante, généreuse et fabriquée en plein cœur de la Beauce, notre chips est issue d’un savoir-faire local transmis avec passion. Sélectionnées sur nos terres, nos pommes de terre sont transformées avec soin pour offrir une saveur authentique, sans compromis. Une chips simple, vraie, et terriblement gourmande. Cette année nous fêtons nos 10 ans avec 2 nouveautés et un Nutriscore B !",,https://www.mifexpo.fr/exposants/sarl-ferme-de-letourville-954115/?fromsalon=952944,,
BERGÈRE DE FRANCE,bergeredefrance.fr,,,,France,Stand i48,,,https://www.mifexpo.fr/exposants/bergere-de-france-scop-796151/?fromsalon=952944,,
BERRY SELLERIE,berrysellerie.com,,,,France,Stand Village de l'Artisanat - D21.17,,,https://www.mifexpo.fr/exposants/sas-berry-sellerie-986101/?fromsalon=952944,,
BERTHE AUX GRANDS PIEDS,bertheauxgrandspieds.com,,,,France,Stand F33,"Marque ultra créative fondée en 1999. L’énergie et la vision de son créateur, Régis Gautreau, boostent l’ensemble du processus de création 100% made in France : chaussettes hommes, femmes et enfants, pulls, collants, accessoires chapeaux, gants, mitaines et chaussons Berthe shoes ! Une étoile montante à suivre de très près.",,https://www.mifexpo.fr/exposants/berthe-aux-grands-pieds-1305/?fromsalon=952944,,
BIGBEN,force-mobility.fr,,,,France,Stand i24,,,https://www.mifexpo.fr/exposants/big-ben-connected-967556/?fromsalon=952944,,
biju.,bijufrance.com,,,,France,Stand M37,"Le bracelet biju. est un bracelet support de téléphone. Il deviendra votre bijou utile qui vous accompagnera dans toutes les situations du quotidien. Pour regarder une vidéo dans le train, faire un appel visio au travail ou encore regarder vos recettes de cuisine.",,https://www.mifexpo.fr/exposants/biju-568972/?fromsalon=952944,,
BILLARDS MONTFORT,billards-montfort.com,,,,France,Stand L77,,,https://www.mifexpo.fr/exposants/agencement-billard-montfort-a-b-m-976920/?fromsalon=952944,,
BIOCOOP,biocoop.fr,,,,France,Stand F84,,,https://www.mifexpo.fr/exposants/cooperatuve-biocoop-974636/?fromsalon=952944,,
BIOMOMO HASHIMOTO,biomomohashimoto.info,,,,France,Stand Village de l'Artisanat - D21.176,"BIOMOMO HASHIMOTO est une maison artisanale franco-japonaise spécialisée dans les confitures, chocolats et confiseries biologiques. Nos créations sont élaborées à la main en Provence à partir d'ingrédients biologiques soigneusement sélectionnés, en privilégiant les fruits de saison et les producteurs locaux. Nous associons le savoir-faire pâtissier français à la sensibilité culinaire japonaise pour proposer des saveurs originales, raffinées et respectueuses de la nature. Nos produits sont fabriqués en petites séries afin de garantir une qualité artisanale exceptionnelle.",,https://www.mifexpo.fr/exposants/biomomo-hashimoto-984345/?fromsalon=952944,,
BIOSEPTYL - LA BROSSERIE FRANÇAISE,bioseptyl.fr,,,,France,Stand G64,"A travers nos marques d’hygiène bucco-dentaire ""Bioseptyl"" et ""Les Vertueux"", nous avons à cœur d’offrir une alternative française, éco-responsable et qualitative à tous les consommateurs, quels que soient leurs habitudes et pouvoir d’achat. Derrière nos brosses se trouvent des hommes et des femmes qui perpétuent un savoir-faire unique sur le territoire, au service d’une production et d’une consommation plus responsables.",,https://www.mifexpo.fr/exposants/la-brosserie-francaise-1298/?fromsalon=952944,,
BIOVIVA,bioviva.com,,,,France,Stand L80-M79,"Éco-conçus et fabriqués en France, jouer avec les jeux Bioviva c'est faire du bien à soi, aux autres et au monde.",,https://www.mifexpo.fr/exposants/bioviva-970102/?fromsalon=952944,,
BISCUITERIE ASTRUC,biscuiterie-astruc.fr,,,,France,Stand i85,"Nous proposons une large gamme de biscuits croustillants et moelleux pur beurre sans ajout de conservateur ni additif. Vous pouvez retrouver les financiers, rochers coco, macarons traditionnels, madeleines, tuiles, cigarettes, barquettes, assortiments, ... confectionnés à partir de recettes traditionnelles et ancestrales.",,https://www.mifexpo.fr/exposants/biscuiterie-astruc-969489/?fromsalon=952944,,
Biscuiterie de l'Abbaye,biscuiterie-abbaye.com,,,,France,Stand E02 - entreprise présente uniquement le jeudi 12 et le vendredi 13 novembre,"Nouvelle gamme GEORGES LAUTOUR, exclusivité épiceries fines.",,https://www.mifexpo.fr/exposants/biscuiterie-de-labbaye-986799/?fromsalon=952944,,
Biscuito,biscuito.fr,,,,France,Stand Village de l'Artisanat - D21.54,"Biscuito propose une gamme de biscuits salés et sucrés, fabriqués artisanalement à partir de recettes originales. Nos produits sont élaborées sans conservateurs ni arômes artificiels (et bien sûr: avec beaucoup d'amour.)",,https://www.mifexpo.fr/exposants/maria-zincone-biscuito-985324/?fromsalon=952944,,
BITECONE,bitecone.com,,,,France,Stand J86,"💡 Mini cônes fourrés au chocolat en format snacking 5 saveurs : Chocolat au Lait, Noisette, Noir, Blanc et Caramel beurre salé ! 🍫 Avec du chocolat 100% pur beurre de cacao Cacao durable 📍 Fabriqué en Bretagne",,https://www.mifexpo.fr/exposants/bitecone-457253/?fromsalon=952944,,
BLACKFOX,blackfox-shop.com,,,,France,Stand E40,"Dans le jardin, en balade ou à la mer, nos bottes, sabots, chaussures et gants vous accompagnent tout au long des saisons pour profiter de chaque instant au grand air… Et quand parmi nos modèles, certains sortent de notre atelier français, ils emportent avec eux ce supplément de savoir-faire qui rime avec qualité et respect de la nature. Alors, prêts à “chaussez votre vraie nature” ?",,https://www.mifexpo.fr/exposants/blackfox-996296/?fromsalon=952944,,
BLANC DES VOSGES,blancdesvosges.fr,,,,France,Stand K18,"Depuis 1843, Blanc des Vosges fabrique des articles de linge de maison haut de gamme à Gérardmer au cœur des Vosges. Une fabrication française de haute qualité à partir de matières nobles. Linge de lit uni et imprimé en percale et satin de coton, Article de protection literie, Couette et oreiller, Parfum d'intérieur. Blanc des Vosges est membre fondateur du label Vosges Terre Textile. Ce label de terroir permet de garantir aux consommateurs qu'au moins 75% des étapes de fabrication des articles labellisés sont réalisés dans les VOSGES. Enfin Blanc des Vosges est récompensé depuis 2011 pour son savoir-faire et son héritage français et s'est vu décerner le prestigieux label Entreprise du Patrimoine Vivant. Comme un fil invisible, une même passion court tout au long de l’histoire de Blanc des Vosges. Depuis 180 ans, cette envie d’entreprendre, ce goût de l’innovation et des belles choses portent l’aventure de l’entreprise. Nos talentueux prédécesseurs, ces hommes et ces femmes d’hier et d’aujourd’hui , aux talents et savoir-faire remarquables ont permis de tisser notre formidable histoire. Plus que jamais, nous sommes fiers de vous présenter nos nouvelles tendances au salon du Made in France. Bienvenue chez Blanc des Vosges",,https://www.mifexpo.fr/exposants/francois-hans-414240/?fromsalon=952944,,
BLEU BLANC COURSE,,,,,France,Stand Village de l'Artisanat - D21.13,,,https://www.mifexpo.fr/exposants/sas-sidebag-984920/?fromsalon=952944,,
BLEU BLANC COUTURE,bleublancouture.fr,,,,France,Stand M43,,,https://www.mifexpo.fr/exposants/bleu-blanc-couture-984627/?fromsalon=952944,,
BLEU BLANC RUCHE,bleu-blanc-ruche.fr,,,,France,Stand i78,"C’est dans un contexte alarmant qu’Arnaud Montebourg, ancien ministre du redressement productif, a décidé de créer Bleu Blanc Ruche, une marque de miel offrant des miels de repeuplement 100% français. Bleu Blanc Ruche est avant tout une marque de combat en faveur du repeuplement des abeilles, une marque de miel engagée, commercialisant exclusivement des miels français, récoltés par des apiculteurs professionnels sur notre territoire. Les miels de repeuplement Bleu Blanc Ruche sont des miels qui contribuent à accroître le nombre d’abeilles sur le territoire français. Comment cela fonctionne-t-il ? L’idée est simple : la marque s’engage à acheter leurs miels à des apiculteurs français à un prix supérieur aux cours, en échange de quoi ceux-ci s’engagent à investir dans leurs fermes pour accroître le nombre de leurs ruches. Mécaniquement, la population française d’abeilles augmentera ainsi progressivement, et les cheptels français se repeupleront au fil des années.",,https://www.mifexpo.fr/exposants/apis-nova-1317/?fromsalon=952944,,
BLEU RÉGLISSE PARIS,en attente de la demande d'admission,,,,France,Stand E83,,,https://www.mifexpo.fr/exposants/sas-voreline-986813/?fromsalon=952944,,
BLEUFORÊT,bleuforet.fr,,,,France,Stand K27,"Depuis 30 ans, Bleuforêt imagine, développe et fabrique des produits chaussants de haute qualité, au style inimitable. La Maison produit ses collections de chaussettes et de collants dans son usine des Vosges, participant ainsi à la transmission d'un savoir-faire ancestral de cette région. L'excellence des matières premières sélectionnées, la minutie de leur fabrication et l'expertise du studio de création confèrent à chaque pièce Bleuforêt une douceur, un confort et une allure incomparable.",,https://www.mifexpo.fr/exposants/tricotage-des-vosges-1319/?fromsalon=952944,,
BlinkBook,editions-animees.com,,,,France,Stand M77,"Le Cahier de Dessin Animé est un livre à lire, à colorier, à transformer en dessin animé avec l'application BlinkBook. Après avoir créé son dessin animé, l'enfant fait un selfie, enregistre sa voix pour devenir acteur de son propre dessin animé !",,https://www.mifexpo.fr/exposants/sarl-editions-animees-297352/?fromsalon=952944,,
BOBINES,bobinesbijoux.fr,,,,France,Stand M49,"Chez Bobines, chaque bijou déroule sa propre histoire. Née d’un amour pour les détails et d’une passion pour l’authenticité, la marque tisse des liens entre les générations. Chaque création est pensée pour traverser le temps, les modes et les souvenirs. Derrière Bobines, il y a un savoir-faire façonné au fil des années. Après plus de dix ans d’expérience dans la création d’une première marque, l’envie est née de revenir à l’essentiel : créer des bijoux sincères, porteurs de sens, et profondément personnels. Minimalistes, sensibles, parfois audacieux, les bijoux Bobines racontent des histoires simples mais fortes : une rencontre, un voyage, une promesse, ou simplement l’envie de se sentir soi. Bobines, ce n’est pas juste un bijou. C’est un petit quelque chose que l’on garde. Un fil discret, mais solide. Un bijou pour tous, pour toujours.",,https://www.mifexpo.fr/exposants/sarl-bobines-981338/?fromsalon=952944,,
BOBOCO,boboco.fr,,,,France,Stand J09,"PME indépendante basée dans le Gers, Boboco est un site internet dédié à la vente de bouteilles, bocaux en verre et accessoires pour les particuliers et les professionnels du fait-maison culinaire.",,https://www.mifexpo.fr/exposants/cdp-distribution-boboco-791825/?fromsalon=952944,,
BOEHLI,boehli.fr,,,,France,Stand J85,"Quand sonne l'heure de l'apéro, c'est le moment de sortir un de nos tubos ! Cette combinaison entre nos croquants Bretzels et nos sticks salés saura vous régaler à tous les instants.",,https://www.mifexpo.fr/exposants/boehli-966780/?fromsalon=952944,,
Bol et Compagnie,boletcie.fr,,,,France,Stand Village de l'Artisanat - D21.3,Des coffrets contenant un bol et un coquetier (mini bol breton) à personnaliser chez soi pour un résultat unique au monde! Tout le nécessaire à la personnalisation est contenu dans le coffret. Bol et compagnie dépoussière le (trop) traditionnel bol breton,,https://www.mifexpo.fr/exposants/bol-et-compagnie-983832/?fromsalon=952944,,
BONNE MAISON,bonnemaison.fr,,,,France,Stand i30,"Depuis 2012, Bonne Maison raconte des histoires avec des chaussettes uniques de création. Chaque saison 3 histoires composées de 12 modèles dont les couleurs et les motifs se répondent.",,https://www.mifexpo.fr/exposants/chuberb-741504/?fromsalon=952944,,
BONUX,heritagefrance.fr,,,,France,Stand i21,"Le grand retour de Bonux ! Fabriquée en France et formulée avec son parfum iconique, elle offre une action nettoyante ultra efficace et est adaptée aux peaux les plus sensibles. Le plus ? Le cadeau bien sûr ! Toujours présent et caché au dos de la bouteille, pour le plaisir des plus petits... mais pas que !",,https://www.mifexpo.fr/exposants/heritage-1-568488/?fromsalon=952944,,
"BORD À BORD, LES ALGUES !",bord-a-bord.fr,,,,France,Stand J75,"Depuis 1996, Bord à Bord est une marque engagée dans la production d'algues alimentaires biologiques. Nos tartares d'algues, fabriqués en Bretagne selon des méthodes traditionnelles, sont prêts à être dégustés. Il suffit de les ouvrir, de les tartiner et de se régaler !",,https://www.mifexpo.fr/exposants/sarl-algue-service-740828/?fromsalon=952944,,
BOSABO,bosabo.com,,,,France,Stand i36,"Maison familiale, depuis 5 générations. Artisan créateur de sabots et sandales pour femme et homme, Bosabo, Leader dans son domaine, allie tradition et modernité pour une mode durable et engagée. Matières Nobles : Semelles en bois ou liège, cuirs de haute qualité. Engagement : Matières naturelles sourcées localement pour une empreinte réduite. Promesse : Un équilibre parfait entre confort absolu, durabilité et authenticité. L'artisanat français au service d’une mode qui a du sens.",,https://www.mifexpo.fr/exposants/sas-audouin-953664/?fromsalon=952944,,
BOTANIST EN PROVENCE,botanistenprovence.fr,,,,France,Stand i73,"Sérums naturels pour le visage, intégralement conçus sur le domaine : de la culture à la mise en flacon.",,https://www.mifexpo.fr/exposants/the-next-company-sas-963302/?fromsalon=952944,,
BOUCHERIE PELLISSIER Chez Vanessa et Bertrand,,,,,France,Stand Village de l'Artisanat - D21.25,,,https://www.mifexpo.fr/exposants/boucherie-pellissier-983310/?fromsalon=952944,,
BOUNCE,bouncesports.co,,,,France,Stand M72,"Français: Le Tube Bounce permet de multiplier la durée de vie des balles de tennis et de padel. Il est conçu par des joueurs pour les joueurs et est fabriqué à 100% en France. Grâce à sa pompe intégrée, il permet de recréer un environnement de balles neuves après chaque partie ce qui permet de prolonger la durée de vie des balles. English: The Bounce Tube extends the lifespan of tennis and padel balls. It is designed by players for players and is manufactured 100% in France. Thanks to its integrated pump, it recreates the environment of new balls after each match, allowing you to prolong the lifespan of your balls.",,https://www.mifexpo.fr/exposants/bounce-sports-international-791812/?fromsalon=952944,,
Boutique Officielle Marine Nationale,boutique.marinenationale.gouv.fr,,,,France,Stand F10,,,https://www.mifexpo.fr/exposants/publivoile-983621/?fromsalon=952944,,
BRASSERIE LES APIDES,lesapides.com,,,,France,Stand D86,"🍺 Brasserie Les Apidés Brasserie artisanale indépendante située à Nogentel, la Brasserie Les Apidés élabore des bières de caractère avec passion. Chaque recette est travaillée avec précision, en mettant en avant des ingrédients de qualité et un savoir-faire authentique. Une particularité unique : certaines bières sont brassées avec le miel produit directement sur place, grâce aux ruches de la brasserie. 🍯 Bièle Blonde – Bière au miel Bière blonde légère et rafraîchissante, la Bièle Blonde se distingue par l’ajout de miel artisanal qui lui apporte une touche florale et une douceur naturelle. Sa robe dorée et sa mousse généreuse accompagnent un profil équilibré, idéal pour une dégustation conviviale. 🔥 Bièle Ambrée – Bière au miel & malts torréfiés Avec sa belle robe ambrée, cette bière révèle des arômes de malts légèrement torréfiés, sublimés par une pointe de miel qui apporte rondeur et douceur. Une bière équilibrée, à la fois gourmande et accessible, avec un caractère affirmé. 🌺 Roselle – Bière à l’hibiscus (médaillée) Bière originale à base d’hibiscus (bissap), la Roselle séduit par sa robe rosée et ses notes légèrement acidulées et florales. Récompensée par une médaille d’argent au Concours International de Lyon, elle offre une expérience unique et rafraîchissante. 🍊 Blanche – Agrumes & épices Bière blanche douce et désaltérante, brassée avec de l’écorce d’orange et de la coriandre. Elle développe des notes fraîches, légèrement épicées, parfaites pour les amateurs de bières légères et aromatiques. 🌴 Exotic – Houblons aux notes fruitées Bière expressive mettant en avant des houblons sélectionnés pour leurs arômes exotiques. Sans ajout de fruits, elle dévoile naturellement des notes d’agrumes et de fruits tropicaux, pour une dégustation intense et moderne.",,https://www.mifexpo.fr/exposants/brasserie-les-apides-771611/?fromsalon=952944,,
BRIDE&BOIS,brideetbois.fr,,,,France,Stand Village de l'Artisanat - D21.92,"Installée à Besançon depuis 2011, l’entreprise Bride&Bois est spécialisée dans la conception et la fabrication d’aménagements intérieurs, de meubles sur mesure, mais aussi dans la création et la réalisation de meubles en bois massif aux lignes contemporaines. Nicolas BRIDE maîtrise le processus de fabrication dans son intégralité. Il n’y a qu’un seul interlocuteur, de la conception à la distribution. La personnalisation des réalisations est au cœur de la démarche artisanale, c’est pourquoi Nicolas apporte une attention particulière à l’écoute et l’échange avec ses clients. Chaque projet découle d’un juste équilibre entre la créativité artistique et les contraintes techniques, financières ou pratiques. La philosophie de l’entreprise « BRIDE & BOIS », est l'alliance entre tradition et design, en privilégiant des matériaux locaux et des pratiques écoresponsables. La collaboration fait aussi partie des projets, impliquant les particuliers, professionnels, architectes d'intérieur et décorateurs. La fidélité et le bouche-à-oreille sont d’ailleurs une force majeure dans le métier artisanal, attirant des clients au-delà de la région.",,https://www.mifexpo.fr/exposants/bride-et-bois-983290/?fromsalon=952944,,
BROKN,brokn.fr,,,,France,Stand J34,"Sous-vêtements et t-shirts pour homme en coton Pima, à Montmartre.",,https://www.mifexpo.fr/exposants/maison-he-986891/?fromsalon=952944,,
BROUSSAUD,maisonbroussaud.fr,,,,France,Stand G28,"Maison Broussaud est une manufacture française de chaussettes depuis 1938. Ce sont trois générations de passionnés qui se transmettent le savoir-faire du tricotage depuis plus de 85 ans, dans un village au coeur du Limousin. Attachés à la fabrication 100 % française, chaque paire de chaussettes est conçue et tricotée avec soin dans notre atelier historique, certifié par les labels Entreprise du Patrimoine Vivant et Origine France Garantie, gages de qualité, de durabilité et d’authenticité.",,https://www.mifexpo.fr/exposants/broussaud-textiles-45042/?fromsalon=952944,,
BULLE ET SA LAINERIE,bulle-et-sa-lainerie.fr,,,,France,Stand O30,"La laine revient doucement sur le devant de la scène mais les savoir-faire se perdent. C'est pourquoi, après avoir constaté que beaucoup d'éleveurs brûlent ou jettent leur laine brute, je me suis d'abord intéressée à trouver des solutions pour la transformer puis à me former. Bulle et sa Lainerie propose des créations artisanales uniques en laine et autres matériaux naturels. Le but est de mettre en avant la qualité et l'originalité des produits en proposant une gamme variée d'accessoires et d'objets de literie/décoration. Je fais le choix de travailler selon des techniques anciennes (tissage sur des métier à tisser à la main, couvertures piquées selon les techniques des courtepointes cousues entièrement à la main). Mon engagement se reflète dans chaque pièce que je crée, mettant en lumière le savoir-faire artisanal et la passion pour les fibres naturelles. De la matière première au plus petit fil de couture en passant par les accessoires, je n'utilise aucune fibre ou matière synthétique. La laine brute est recueillie chez des éleveurs locaux, triée par mes soins puis envoyée à laver et à carder à la Filature de Niaux. Je choisis de travailler uniquement des matériaux naturels (laine, chanvre, lin, coton) et essaie au maximum de choisir des tissus pour les enveloppes de la literie les plus respectueux possibles de l'environnement et de leurs fabricants. Je propose quelques produits finis sur mon site internet mais le principal de mon activité est la création sur-mesure. J'ai donc créé 2 gammes, toutes les 2 personnalisables. - La gamme literie/décoration : rembourrage en laine locale - Les couettes - Les couvertures piquées (technique ancienne des courtepointes) - Les futons - Les oreillers - Les coussins - Les coussins de sol - La gamme maille/tissage : fils de la filature FONTY - Tricot main - Tissage manuel sur métiers anciens - Crochet main",,https://www.mifexpo.fr/exposants/pomme-leclercq-954606/?fromsalon=952944,,
Bulles & Gourmandises,bullesetgourmandises.com,,,,France,Stand Village de l'Artisanat - D21.91,,,https://www.mifexpo.fr/exposants/cosminter-laboratoire-polydermyl-981406/?fromsalon=952944,,
BY CHRIS K.,chris-k.fr,,,,France,Stand M83,"“MAMMA MIA, que c’est bon !” Voici le nom soufflé par ma fille lors de sa première dégustation. Et hop, nous voilà embarqué dans cet univers sucré ! Ma promesse : Je vous propose une expérience gustative qui va réveiller le gourmand qui est en chacun de vous ! Appréciez, dégustez et surtout multipliez ces moments de bonheur et de partage ! Nos Saveurs : - Praliné Amande & Pistache, - Praliné Amande & Café, - Praliné Cacahuète, - Praliné Amande & Noisette, - Pâte à tartiner Noisette intense, - Pâte à tartiner Choco & Noisette, - Caramel au beurre salé à la vanille de Madagascar.",,https://www.mifexpo.fr/exposants/by-chris-k-387383/?fromsalon=952944,,
By Emmy,https,,,,France,Stand J33,✨ Bijoux élégants en plaqué or et en argent faits pour vous sublimer.,,https://www.mifexpo.fr/exposants/emmy-diffusion-953650/?fromsalon=952944,,
CACHE TOI,cache-toi.com,,,,France,Stand L75,"Des cabanes d’intérieur ludiques, pliables et écologiques , conçues pour stimuler l’imaginaire des enfants tout en simplifiant la vie des parents. Pratiques : 5 secondes suffisent pour plier la cabane et la ranger sous un canapé. Durables : fabriquées en France, en carton renforcé double cannelure, recyclable et certifié PEFC. Sûres : encres à l’eau 100 % écologiques, coton certifié OEKO-TEX 100, conformité CE – norme EN-71. Créatives : illustrations uniques et déposées, pour transformer chaque cabane en véritable décor d’aventure. Écoresponsables : une conception pensée pour allier jeu, respect de l’environnement et fabrication locale. Offrir une cabane CACHE TOI , c’est proposer aux familles un jeu créatif, responsable et made in France, qui séduit petits et grands.",,https://www.mifexpo.fr/exposants/cache-toi-579335/?fromsalon=952944,,
CACOLAC,cacolac.fr,,,,France,Stand i80,"CACOLAC : Une recette gourmande au secret bien gardé Du lait, du cacao et du sucre : voici les trois ingrédients qui font de « CACOLAC » une boisson au goût incomparable. Pour ce qui est des détails de la recette, elle reste secrète et inchangée depuis 70 ans. Ce que l’on peut dire, c’est que la boisson gourmande créée en 1954 à Bordeaux est issue d’une recette et d’un procédé de fabrication uniques. Tout commence par une savoureuse association de lait frais, en provenance directe du Lot-et-Garonne, et de cacao, toujours issu du même fournisseur depuis 70 ans, à laquelle est ajoutée la juste quantité de sucre. Ce n’est qu’une fois mis en bouteille, en brique ou en boîte, que ce délicieux mélange est stérilisé à l’issue d’une lente montée en température, savamment dosée pour obtenir sa texture et son goût caramélisé inimitables. Un vrai délice qui, comme le veut le pacte passé avec son inventeur, ne changera pas ! pourquoi",,https://www.mifexpo.fr/exposants/cacolac-958803/?fromsalon=952944,,
Cadji-Equipement,cadji-equipement.com,,,,France,Stand N71,Nos tapis de selle sont composés de deux parties ce qui en fait un équipement équestre unique et révolutionnaire. Ils sont constitués d’un tapis de selle et d’une doublure détachable. Les tapis de selle Cadji Equipement sont brevetés.,,https://www.mifexpo.fr/exposants/dome-belgique-srl-974552/?fromsalon=952944,,
Café In fine,cafeinfine.fr,,,,France,Stand Village de l'Artisanat - D21.81,,,https://www.mifexpo.fr/exposants/cafe-in-fine-986937/?fromsalon=952944,,
CAFÉ LAUNAY,cafelaunay.com,,,,France,Stand L83,,,https://www.mifexpo.fr/exposants/cafe-launay-964356/?fromsalon=952944,,
Café Rosco,cafe-rosco.com,,,,France,Stand Village de l'Artisanat - D21.70,,,https://www.mifexpo.fr/exposants/cafe-rosco-986080/?fromsalon=952944,,
Café Ôm'ri,cafe-omri.com,,,,France,Stand Village de l'Artisanat - D21,,,https://www.mifexpo.fr/exposants/cafe-omri-984781/?fromsalon=952944,,
CALBATERRA,calbaterra.fr,,,,France,Stand Village de l'Artisanat - D21.71,,,https://www.mifexpo.fr/exposants/jerome-albin-ei-983328/?fromsalon=952944,,
CALEBASSEV,,,,,France,Stand Village de l'Artisanat - D21.117bis,,,https://www.mifexpo.fr/exposants/calebassev-983513/?fromsalon=952944,,
CAMADOUE,camadoue.fr,,,,France,Stand J35,Écharpes et tours de cou en duvet de canard,,https://www.mifexpo.fr/exposants/sarl-camadoue-100021/?fromsalon=952944,,
Canelés Baillardran,baillardran.com,,,,France,Stand i79,"Si nos gourmandises doivent leur saveur aux produits frais qui les composent, elles la doivent aussi aux mains qui les pâtissent, les démoulent et les embellissent, sans robot et à la force de leurs bras. La fabrication artisanale des canelés, notamment, demande une grande technicité, de la vigueur dans les gestes et une volonté sans faille. Cette énergie, ce savoir-faire, cet amour du travail bien fait, nous les cultivons depuis le jour 1.",,https://www.mifexpo.fr/exposants/sas-events-556284/?fromsalon=952944,,
Canevas Fatal,canevasfatal.com,,,,France,Stand L79,"Canevas fatal est une marque nantaise qui dépoussière le canevas depuis 2018. En faisant appel à des artistes du monde entier pour illustrer leurs toiles, ils dépoussièrent un loisir créatif traditionnel qui souffrait de son esthétique kitsch malgré son immense potentiel relaxant. Avec des visuels colorés et des kits pour tous les niveaux et tous les budgets (re)découvrez la broderie sur tapisserie et demi-point par demi-point, faites fleurir une sublime illustration qui rendra jalouse votre mamie ! Toutes les toiles sont imprimées dans leur atelier à Nantes, et les kits contiennent des matériaux à majorité d'origine française, comme les fils à broder DMC ou les aiguilles Bohin.",,https://www.mifexpo.fr/exposants/canevas-fatal-954423/?fromsalon=952944,,
CAPS ME,capsme.fr,,,,France,Stand P18-Q17,"Une solution unique ! 100 % brevetée, c'est la seule solution qui permet de réaliser ses capsules de café réutilisables en 15 secondes chrono.",,https://www.mifexpo.fr/exposants/caps-me-128716/?fromsalon=952944,,
Car'O Folies,carofolies-bijoux.fr,,,,France,Stand Village de l'Artisanat - D21.210,"Car’O Folies est née de ma passion pour les bijoux et de mon expérience de plus de 18 ans dans les matériaux. Argent, bronze ou cuivre, je façonne mes bijoux à partir de pâte de métal : une technique de bijouterie moderne (technique issue de l'industrie) et responsable (poudres issues du recyclage des métaux précieux). Métaux en poudre, feuille d'or ou verre dichroïque, j'aime associer les matériaux nobles et jouer sur les finitions pour créer des bijoux qui suscitent de l'émotion. Les Folies sont des bijoux originaux où se rencontrent artisanat, innovation et élégance.",,https://www.mifexpo.fr/exposants/caroline-margueritat-regenet-ei-985581/?fromsalon=952944,,
Caramel Or Blanc,caramel-or-blanc.com,,,,France,Stand L82,,,https://www.mifexpo.fr/exposants/sarl-moulin-du-diable-793731/?fromsalon=952944,,
Carré du Monde,carredumonde.com,,,,France,Stand Village de l'Artisanat - D21.76,,,https://www.mifexpo.fr/exposants/sdmo-983841/?fromsalon=952944,,
CARTON K,cartonk.fr,,,,France,Stand Village de l'Artisanat - D21.47,,,https://www.mifexpo.fr/exposants/karine-caffier-983278/?fromsalon=952944,,
Carédeau - Papier Cadeau Réutilisable,caredeau.fr,,,,France,Stand O09,,,https://www.mifexpo.fr/exposants/dujeu-loh-ling-lee-974538/?fromsalon=952944,,
CDHV - Confiserie des Hautes Vosges,cdhv.fr,,,,France,Stand J78,,,https://www.mifexpo.fr/exposants/cdhv-confiserie-des-hautes-vosges-786368/?fromsalon=952944,,
CHACOM + THE FRENCH PIPE,pipechacom.com,,,,France,Stand Village de l'Artisanat - D21.106,,,https://www.mifexpo.fr/exposants/chapuis-comoy-cie-983760/?fromsalon=952944,,
CHAMPAGNE KEVIN DAVIAUX,champagne-kevindaviaux.fr,,,,France,Stand E85bis,Champagne blanc de blancs demi-sec brut extra brut rosé magnum et 1/2 bouteille en blanc de blancs,,https://www.mifexpo.fr/exposants/earl-kevin-daviaux-966513/?fromsalon=952944,,
CHAMPAGNE MARNIQUET ET FILLES,champagnemarniquetetfilles.com,,,,France,Stand L85,,,https://www.mifexpo.fr/exposants/sarl-jean-pierre-marniquet-981165/?fromsalon=952944,,
Chanvre d’Amelin,chanvredamelin.fr,,,,France,Stand E02 - entreprise présente uniquement le jeudi 12 novembre,,,https://www.mifexpo.fr/exposants/chanvre-damelin-986794/?fromsalon=952944,,
Charlie & Suzie,charlie-et-suzie.fr,,,,France,Stand F62-Q61,,,https://www.mifexpo.fr/exposants/isd-996151/?fromsalon=952944,,
CHAT D'EAU,,,,,France,Stand Village de l'Artisanat - D21.66,,,https://www.mifexpo.fr/exposants/chat-deau-985913/?fromsalon=952944,,
CHAUSSURES MADE IN ROMANS,atelier-madeinromans.fr,,,,France,Stand H37,"Des modèles classiques proposés dans des coloris intemporels. Les cuirs utilisés, 100% français, sont tannés dans notre région. Ce sont des chaussures de grande qualité faites pour durer.",,https://www.mifexpo.fr/exposants/groupe-archer-1734/?fromsalon=952944,,
CHEZ GIOVANNI,chez-giovanni.com,,,,France,Stand M86,,,https://www.mifexpo.fr/exposants/chez-giovanni-783680/?fromsalon=952944,,
Chez Memina,chezmemina.fr,,,,France,Stand Village de l'Artisanat - D21.149,,,https://www.mifexpo.fr/exposants/melissa-barral-ei-985334/?fromsalon=952944,,
CHIC & SINGULIER,chicetsingulier.com,,,,France,Stand Pavillon Ile de France,Ceintures en cuir pour femme et hommes. Ceintures design sans métal. Pochettes bananes - Etui à lunettes Eiffel - Portemonnaie avec option porter ceintures. Sac cuir patchwork.,,https://www.mifexpo.fr/exposants/chic-singulier-772304/?fromsalon=952944,,
CHICORÉE LEROUX,leroux.com,,,,France,Stand E82,,,https://www.mifexpo.fr/exposants/leroux-740923/?fromsalon=952944,,
CHIKI BAM,chikibam.com,,,,France,Stand G86bis,,,https://www.mifexpo.fr/exposants/ei-chiki-bam-959575/?fromsalon=952944,,
ChloeDecorWargame,chloedecorwargame.com,,,,France,Stand Village de l'Artisanat - D21.161,"**CRÉATIONS MINIATURES – CONTES & LÉGENDES • MADE IN FRANCE** Je crée des dioramas miniatures qui racontent des histoires, inspirés des contes, légendes et univers féeriques. Chaque scène est fabriquée en France, avec un soin artisanal et un vrai travail de storytelling visuel. Sur mon stand, vous découvrirez des fées lumineuses, des gnomes malicieux, des maisons champignons, des scènes autour de l’amour (cœurs, duos poétiques), ainsi que des pièces saisonnières comme le Père Noël, son traîneau et son renne. Je propose aussi des créations pour célébrer une naissance, dont la cigogne portant un baluchon et un bébé tout mignon. Lauréate de deux prix en concours de maquettes pour un grand diorama fantasy, je mets toute cette expertise dans chaque miniature. Pour offrir ou se faire plaisir, et possibilité de commander avant le salon pour retirer votre création gratuitement sur place (sans frais de livraison). Venez découvrir mon univers sur le stand — vos histoires y trouveront leur miniature. https://chloedecorwargame.com/pages/espace-presse",,https://www.mifexpo.fr/exposants/chloedecorwargame-985294/?fromsalon=952944,,
CHOCANDIZ,chocandiz.com,,,,France,Stand Village de l'Artisanat - D21.142,,,https://www.mifexpo.fr/exposants/chocandiz-985484/?fromsalon=952944,,
Chocolaterie du nouveau monde,chocolateriedunouveaumonde.com,,,,France,Stand Village de l'Artisanat - D21.22,"Chez nous, tout commence par la fève. 100 % bean to bar, nous choisissons nos ingrédients bruts pour leurs valeurs éthiques & gustatives que nous travaillons du début à la fin : torréfaction douce, broyage lent à basse température sur meule de pierre. Des recettes équilibrées, peu sucrées, pour laisser parler la matière première. Prenez le temps de déguster et d’apprécier nos créations uniques et authentiques.",,https://www.mifexpo.fr/exposants/chocolaterie-du-nouveau-monde-986109/?fromsalon=952944,,
Chronofixe,chronofixewatches.com,,,,France,Stand i46,,,https://www.mifexpo.fr/exposants/montrichard-sarl-985296/?fromsalon=952944,,
CLO & LOU,cloetlou.com,,,,France,Stand L45,"Inspirée par l’élégance et la vie artistique et culturelle de la capitale, mais également par le charme authentique du bassin d’Arcachon, de sa sérénité et de sa nature, je propose des bijoux fantaisie reflétant ces valeurs et ces qualités. Du dessin au montage du bijou, chaque étape est importante et prise avec le plus grand soin. Découpe, perçage, soudage, limage, assemblage, polissage et finitions. Bagues, boucles d’oreilles, colliers et bracelets sont faits main et créés dans le respect de l’artisanat et de ces techniques spécialisées. Ce sont aussi des matériaux de qualité qui s’entremêlent pour faire naître des bijoux moins éphémères et plus précieux. Les métaux précieux côtoient la passementerie, les tissages d’or et d’argent, les perles et les pierres fines tels que le lapis-lazuli, la labradorite, l’amazonite, la pierre de lune, ou encore le grenat, offrant différentes vertus et bienfaits grâce à leurs propriétés naturelles. Ainsi, le mélange des matières, l’harmonie des couleurs et le savoir-faire sont les piliers des créations et des différentes collections chez Clo&Lou. Saisons après saisons, mes bijoux se réinventent, me permettant de vous offrir des pièces nouvelles et variées, toujours grâce à la passion, à l’authenticité et à la créativité.",,https://www.mifexpo.fr/exposants/sarl-clo-lou-386573/?fromsalon=952944,,
CLÉO BOIS,cleobois.fr,,,,France,Stand Village de l'Artisanat - D21.16,"Chez Cléo Bois, chaque billot naît d’une véritable passion pour le bois et le travail artisanal. Je conçois des billots de cuisine en bois de bout et des planches à découper, en sélectionnant avec soin les essences pour leurs qualités, leurs nuances et leurs contrastes. Des modèles Classic aux créations Signature aux motifs géométriques ou 3D, en passant par la gamme Évolution, dotée d’un logement intégré permettant de glisser une assiette sous le billot pour faciliter la découpe et le service, chaque pièce est pensée pour être durable, fonctionnelle et esthétique.",,https://www.mifexpo.fr/exposants/cleo-bois-981365/?fromsalon=952944,,
CLÉON & CO - LE FORMIER-AUGUIN,cleon.com,,,,France,Stand i25,"Notre compétence de chausseur s’est forgée dans l’héritage de René Cléon, cordonnier-bottier, qui créa la maison Cléon en 1945 en Anjou. L’activité de l’entreprise familiale se développe rapidement avec un travail rigoureux sur les formes et l’attention pour les matières, notamment le cuir. Nos ateliers bénéficient de la construction d’une nouvelle usine en 1984, pour développer de nouvelles techniques et augmenter la production de chaussures made in France. Dessiner puis fabriquer des chaussures à l’élégance affirmée, tout en respectant confort et anatomie du pied, voilà toute la philosophie que la marque Le Formier insuffle au rythme de ses collections. Parce qu’une belle silhouette se doit d’être bien chaussée, Le Formier mettra tout son savoir-faire en œuvre pour répondre aussi bien aux exigences des cadres actifs et dynamiques que des gentlemen en habit de cérémonie.",,https://www.mifexpo.fr/exposants/cleon-sas-113478/?fromsalon=952944,,
CMA - Le réseau des Chambres de Métiers et de l'Artisanat,artisanat.fr,,,,France,Stand Village de l'Artisanat - D21,,,https://www.mifexpo.fr/exposants/cma-france-120139/?fromsalon=952944,,
COCOBOLO CONCEPT,cocobolo-concept.com,,,,France,Stand Village de l'Artisanat - D21.51,"Desserte NDEMA La desserte « Ndema » une création unique en placage de bois de rose avec ses courbes élégantes et sa marqueterie de paille en camaïeu bleu et aux reflets dorées en accord avec l’éclat du tissu Wax. Dimensions: 85x45x85 Matières: Contre-plaqué, plaqué en bois de rose, chêne, frêne, laiton, cuir, tissu Wax, marqueterie de paille. Finition à la cire au tampon. Elle peut être commandée avec d'autres essences de bois.",,https://www.mifexpo.fr/exposants/cocobolo-concept-987047/?fromsalon=952944,,
COEUR DES ILES,,,,,France,Stand Village de l'Artisanat - D21.130,,,https://www.mifexpo.fr/exposants/coeur-des-iles-995622/?fromsalon=952944,,
Cognac Léopold Croizet,cognac-leopold-croizet.com,,,,France,Stand M84bis,"Nos cognacs sont issus du cru des Fins Bois, terroir argilo-calcaire apportant une véritable richesse et une puissance aromatique. Nous cultivons nos sols sans produits chimiques. Nos eaux de vie sont distillées sur lies pour donner une complexité et une rondeur à nos futurs cognacs. Vient ensuite le vieillissement, étape importante qui se déroule dans des futs de chêne ou les eaux de vie vont s'imprégner des tannins du bois et et de sa couleur.",,https://www.mifexpo.fr/exposants/maison-des-pierres-988730/?fromsalon=952944,,
COINTREAU,cointreau.com,,,,France,Stand P64 et Bar,,,https://www.mifexpo.fr/exposants/cointreau-772254/?fromsalon=952944,,
COLAS NORMAND,peg.fr,,,,France,Stand M10,,,https://www.mifexpo.fr/exposants/peg-741027/?fromsalon=952944,,
COLORIAGES POP UP (MES),mescoloriagespopup.com,,,,France,Stand Pavillon Ile de France,"Les produits au catalogue sont des coloriages pop-up destinés aux enfants, aux adolescents et aux adultes qui souhaitent fabriquer une œuvre d’art en papier sculpté - mise en couleur, découpage et montage. Ce processus favorise la créativité, l'imagination et la visualisation dans l'espace. Chaque modèle est accompagné d'un texte en lien avec sa thématique. J'aime l'idée que ces objets soient à la fois une activité créative, une petite œuvre d'art et un souvenir que l'on peut offrir. Une fois terminés, ils peuvent se replier pour être envoyés comme une carte à message ou une carte-cadeau ou être encadrés pour devenir un objet décoratif. Ces produits sont imaginés, dessinés, conçus, imprimés et assemblés en en Île-de-France (93). Les 7 premiers de la collection arrivent en France et se font connaitre à l'international dès 2018 (Hong Kong, Chine, Canada…). En 2024, ils sont sélectionnés en Italie pour le GREEN CIRCLE par Isabella Goldmann à la MILANO HOME RHO de janvier puis exposés à l’ADI Design MUSEUM durant la MILANO DESIGN WEEK en avril. En France, ils reprennent leur envol grâce à notre présence sur les salons Maison et Objet de 2023 et 2024. Ils reçoivent un magnifique accueil sur le salon Museum Connections dès 2025. Le grand public les retrouve chaque année au Salon de la presse et du livre de jeunesse depuis décembre 2023, et dès 2025 sur les Salons MIF (Made In France) et CSF (Création et Savoir-Faire). Depuis peu, il est possible de réaliser des produits sur mesure, conçus en collaboration avec les musées, institutions culturelles, marques ou entreprises, permettant ainsi à tous, visiteurs, petits et grands, de prolonger une visite, un évènement en une expérience créative et durable.",,https://www.mifexpo.fr/exposants/ingrid-monchy-772268/?fromsalon=952944,,
COMEARTH,comearth-france.com,,,,France,Stand E71,"Relation client externalisée multilingue H24/365. Centre de Contacts (appels, mails, chat, sms,…) entrants et sortants en Front et Back-Office, Audit et conseil en stratégie. Etudes Satisfaction Client. Ressources Humaines, Recrutement et Formation. Comearth, propose à ses clients une offre unique d'externalisation de la relation client, entièrement basée en France, éthique, sur-mesure et évolutive alliant le meilleur de l’Humain au meilleur de l’Innovation technologique (IA générative) Offrir une Expérience Client mémorable au meilleur coût pour créer de la valeur client durable. Assurer la sécurité et la souveraineté de la data",,https://www.mifexpo.fr/exposants/comearth-555084/?fromsalon=952944,,
COMME AVANT,comme-avant.bio,,,,France,Stand G60-H61,"Comme Avant est une entreprise atypique, une aventure humaine qui participe, à son échelle, à la transition écologique. Nous produisons ce qui nous semble être indispensable en éliminant tout ce qui est superflu, pour se concentrer sur l’essentiel. C’est dans notre atelier de fabrication, près de Marseille, que nous produisons à la main des cosmétiques efficaces, des produits ménagers et des vêtements durables. En toute transparence et sans tabou, nous améliorons sans cesse nos produits, tout en réduisant au minimum nos déchets.",,https://www.mifexpo.fr/exposants/si-creative-1446/?fromsalon=952944,,
COMPAGNIE DES AMANDES,amandes-francaises.fr,,,,France,Stand i78,,,https://www.mifexpo.fr/exposants/cda-compagnie-des-amandes-754486/?fromsalon=952944,,
COMPTOIR D'HERBORISTERIE,comptoirdherboristerie.com,,,,France,Stand O70,"Jean Maison, au service des plantes aromatiques et médicinales bio depuis 1976, est à l’initiative de la sélection et des compositions de la marque Le Comptoir d’Herboristerie. Installé en Corrèze, au cœur du massif des Monédières, Le Comptoir d’Herboristerie vous propose une vaste gamme de produits de qualité issus de l’agriculture biologique et de cueillettes sauvages dans l’esprit de la tradition française de l’herboristerie. Dans un souci de cohérence écologique et économique, nous mettons le respect de la plante et des écosystèmes au cœur de notre activité. Et c’est en partenariat avec un important réseau de producteurs et de cueilleurs que Le Comptoir d’Herboristerie garantit la traçabilité, la certification et la qualité de ses produits.",,https://www.mifexpo.fr/exposants/le-comptoir-dherboristerie-276933/?fromsalon=952944,,
Comptoir Des Confitures,comptoirdesconfitures.fr,,,,France,Stand Village de l'Artisanat - D21.80,,,https://www.mifexpo.fr/exposants/comptoir-des-confitures-983176/?fromsalon=952944,,
COMTESS,comtess.fr,,,,France,Stand O65,,,https://www.mifexpo.fr/exposants/sas-comtess-997867/?fromsalon=952944,,
CONFISERIE CHOCOLATERIE BREBION,brebion1947.com,,,,France,Stand Village de l'Artisanat - D21.84,,,https://www.mifexpo.fr/exposants/sarl-brebion-986230/?fromsalon=952944,,
Conserverie Boued Mir,bouedmir-conserverie.bzh,,,,France,Stand Village de l'Artisanat - D21.8,Tartinables apéritifs aux légumes bretons,,https://www.mifexpo.fr/exposants/sarl-boued-mir-985321/?fromsalon=952944,,
CONSERVERIE DE LA FORÊT,conserveriedelaforet.com,,,,France,Stand Pavillon Ile de France,,,https://www.mifexpo.fr/exposants/conserverie-de-la-foret-977183/?fromsalon=952944,,
Conserverie Enak Délice,enakdelice.fr,,,,France,Stand Village de l'Artisanat - D21.202,"Vincent et Lita, metent un point d'honneur à conserver les saveurs authentiques de ses recettes indonésiennes et françaises fabriquées en France ! Grâce à un mode de conservation innovant, nous préservons non la qualité des ingrédients, mais aussi le goût exceptionnel de chaque produits. Découvrez l'harmonie entre tradition et modernité, pour une expérience culinaire inoubliable. - Ketchup de tomate Normande - Sauce ""Pomignon"" à la pomme et aux oignons caramélisés (sucrée salée) - Notre fameuse sauce à la cacahuète - Une gamme de tartinable appéritif - Des coffrets cadeau gourmands pour faire plaisir à vos proches à tous les budgets.",,https://www.mifexpo.fr/exposants/enak-delice-986743/?fromsalon=952944,,
COPO Chocolat,copo-chocolat.fr,,,,France,Stand Village de l'Artisanat - D21.20,,,https://www.mifexpo.fr/exposants/copo-chocolat-986235/?fromsalon=952944,,
CORDALP,cordalp.fr,,,,France,Stand O35,"Parcourant les évolutions du monde contemporain tout en honorant les valeurs de l'alpinisme, nos créations témoignent de l'excellence du savoir-faire Français. Le mariage subtil entre tradition et modernité donne naissance à des produits qui transcendent les frontières du temps et de l'espace. Chaque pièce est soigneusement pensée et fabriquée dans le plus pur respect des matériaux utilisés avec un engagement sans faille envers la durabilité. Ainsi, en choisissant nos produits, vous adhérez à une vision, à un mode de vie qui allie modernité, respect des traditions et préservation de l'environnement.",,https://www.mifexpo.fr/exposants/charline-tihon-549281/?fromsalon=952944,,
CosyNévé,cosyneve.com,,,,France,Stand Village de l'Artisanat - D21.190,"CosyNévé propose une collection d'affiches, de cartes postales et d'objets illustrés inspirés de la montagne, du ski et de l'art de vivre alpin. Chaque illustration est une création originale, imaginée avec une touche de nostalgie et d'humour, qui évoque les souvenirs de vacances, les plaisirs de l'après-ski et les paysages de nos massifs. Les illustrations sont déclinées sur différents supports : affiches, cartes postales, magnets, carnets, torchons, et coussins. Les visuels sont imaginés en Haute-Savoie et les impressions sont réalisées en France, auprès de partenaires locaux, dans une démarche privilégiant la qualité et une production responsable. À travers chaque création, CosyNévé invite à emporter chez soi un morceau de montagne, un souvenir ou un clin d'œil qui fera sourire les amoureux des sommets.",,https://www.mifexpo.fr/exposants/amandine-revel-983666/?fromsalon=952944,,
COURTOIS PARIS,courtoisparis.fr,,,,France,Stand H33,"Chapeaux pour tous les jours ou pour occasions particulières, sur-mesure : Chapeaux en feutre, en paille, panama Chapeaux de cérémonie Casquettes d'été et d'hiver Casquettes baseball Bonnets et bérets en laine vierge Chapkas et toques Nous fabriquons aussi pour le compte de grandes Maisons du Luxe français et européen.",,https://www.mifexpo.fr/exposants/chapeaux-et-gants-803318/?fromsalon=952944,,
COUTEAU DE LAGUIOLE BENOIT L'ARTISAN,laguiole-benoit.com,,,,France,Stand P58,"Benoit l’Artisan propose des couteaux de Laguiole d’exception fabriqués à Laguiole même, alliant savoir-faire traditionnel et création contemporaine. Chaque pièce est façonnée à la main dans son atelier à Laguiole. Il est notamment le créateur et l’unique fabricant du modèle breveté ""Le Tribal"", un couteau au design original et moderne. La coutellerie Benoit l'artisan est certifiée par l'indication Géographique - Couteau de Laguiole. Ses produits se distinguent par la qualité des matériaux, la finesse des finitions et une véritable identité artistique. Parmi les modèles fabriqués, vous pourrez trouver les couteaux pliants traditionnels avec ou sans tire-bouchon, les double platines, l'art de la Table rassemblant un vaste choix de couteaux de table, à pain, à découper, à fromage... mais une aussi une collection de couteaux prestiges uniques. Les couteaux Benoit l'Artisan sont aussi entièrement personnalisables (choix du manche, de la lame, personnalisation de l'abeille...)",,https://www.mifexpo.fr/exposants/sarl-abc-mijoule-777683/?fromsalon=952944,,
Coutellerie Bermudes,coutelleriebermudes.fr,,,,France,Stand Village de l'Artisanat - D21.191,"La Coutellerie Bermudes conçoit et réalise des couteaux artisanaux de cuisine, de table et de collection entièrement façonnés à la main dans son atelier de Savoie. Chaque couteau est fabriqué en petite série ou en pièce unique à partir d’aciers sélectionnés pour leurs qualités de coupe, leur durabilité et leur facilité d’entretien. Les manches sont réalisés dans des essences de bois soigneusement choisies, parfois rares ou stabilisées, ainsi que dans des matériaux contemporains tels que les composites ou les matériaux recyclés. La gamme se compose de couteaux d’office, couteaux de table, éminceurs et couteaux de chef, conçus pour offrir un équilibre optimal entre esthétique, ergonomie et performance. Chaque modèle est pensé pour un usage quotidien exigeant, aussi bien en cuisine que sur une belle table. L’atelier développe également des créations sur mesure et des séries spéciales intégrant des matériaux chargés d’histoire, comme des skis recyclés ou d’autres matières détournées, donnant naissance à des objets uniques alliant savoir-faire artisanal, design et émotion. Tous les couteaux sont fabriqués en France, dans l’atelier de la Coutellerie Bermudes à Barberaz, près de Chambéry, avec une attention particulière portée aux finitions, à la qualité des matériaux et à la durabilité des produits.",,https://www.mifexpo.fr/exposants/bermudes-980935/?fromsalon=952944,,
COUTELLERIE DRAPIER,coutelleriedrapier.com,,,,France,Stand Village de l'Artisanat - D21.162,,,https://www.mifexpo.fr/exposants/drapier-pierre-damien-990297/?fromsalon=952944,,
COUTELLERIE NONTRONNAISE,coutellerie-nontronnaise.com,,,,France,Stand O15,,,https://www.mifexpo.fr/exposants/sas-coutellerie-nontronnaise-741264/?fromsalon=952944,,
CRAMBES,chapeaux-crambes.fr,,,,France,Stand L34,"Nos modèles de chapeaux et casquettes, sont confectionnés dans une grande diversité de matières : lainage, peau, tweed, feutre, lin, coton, chanvre, paille et panama. Chaque pièce est réalisée dans nos ateliers, dans le respect d’un savoir-faire chapelier transmis et développé au fil des générations. Notre fabrication associe gestes traditionnels, exigence de qualité et recherche constante de matières et de formes. Cette expertise nous permet de proposer des créations authentiques, durables et adaptées aux envies d’aujourd’hui.",,https://www.mifexpo.fr/exposants/etablissement-crambes-775434/?fromsalon=952944,,
CREAVET BEBE,creavet-bebe.sumupstore.com,,,,France,Stand M38-N39,,,https://www.mifexpo.fr/exposants/creavet-bebe-979905/?fromsalon=952944,,
CRISTEL,cristel.com,,,,France,Stand K17,"Référence dans le monde des Arts de la table ! CRISTEL propose des articles culinaires inox haut de gamme ! Savoir-faire, excellence, authenticité, originalité… Autant de valeurs qui caractérisent aujourd’hui l’univers CRISTEL… Collections inox certifiées par le label ""Origine France Garantie."" Entreprise à mission depuis 2021.",,https://www.mifexpo.fr/exposants/cristel-1395/?fromsalon=952944,,
CROCHEPIED,crochepied.fr,,,,France,Stand E50,"Crochepied inspiré par l'univers marin et le côté urbain, est une marque de chaussettes : de la création à la fabrication en passant par l'assemblage, tout est réalisé en France. C'est un mélange de simplicité et de bonne humeur.",,https://www.mifexpo.fr/exposants/sarl-bob-chopper-554876/?fromsalon=952944,,
CUEILLETTE DE VILTAIN,viltain.fr,,,,France,Stand L86,,,https://www.mifexpo.fr/exposants/scea-dupre-981025/?fromsalon=952944,,
CUISINE SUCRÉE,cuisinesucree.fr,,,,France,Stand D16,"Gaspard, l'ourson qui fait fondre, Tablette de chocolat, Sucette, Chocolats, Orangettes, truffes, friture normande, calendrier de l'avent bouchées chocolatées",,https://www.mifexpo.fr/exposants/cuisine-sucree-970491/?fromsalon=952944,,
CYGNES,cygnes.co,,,,France,Stand J51,"Longue vie à vos collants ! FINI, LA PEUR DE FILER TROP VITE Nos collants ont été testés en laboratoire pour assurer qu'ils étaient plus résistants que les collants existants sur le marché actuel. Nos premières clientes ont déjà réussi à les porter plusieurs dizaines de fois, alors finissez-en avec la frustration des collants qui filent ! FINI, LA CULPABILITÉ L'hiver ne fait que commencer et vous avez déjà filé plusieurs collants, on a tous connu cela. Avec les collants Cygnes, c'est fini ! Ils ne dureront pas (encore) toute la vie mais ils vous accompagneront un bon moment dans toutes vos aventures. FINI, LES BUDGETS XXL En moyenne, un collant file au bout de 5 utilisations. Les Français.es achètent en moyenne 15 paires pour tenir tout l'hiver, soit un budget moyen de 150€. Chez Cygnes, avec 3 collants vous passerez l'hiver au chaud et rassuré.e. Imaginé et fabriqué en France dans un atelier familial et responsable ACHETER CYGNES, C'EST SOUTENIR DES EMPLOIS EN FRANCE Nos collants participent au soutien de l'industrie en France. Entre le tissage, le tricotage et la confection, ce n'est pas moins de 20 emplois directs et indirects en France qui sont soutenus ! ACHETER CYGNES, C'EST CHOISIR UN PRODUIT HAUT DE GAMME Nos collants sont en partie réalisés à la main. Ils sont fabriqués avec des machines renommées et dans les mains de vrais experts. Chaque paire de collants suit un processus de qualité très précis pour assurer votre confort et une qualité maximum avant de tomber entre vos mains (ou sur vos jambes). ACHETER CYGNES, C'EST ADOPTER UNE CONSOMMATION VERTUEUSE Nos collants sont faits pour durer, vous l’avez compris. Ils sont également faits pour évoluer au gré de vos retours. Et pour boucler la boucle, nous nous occupons de leur fin de vie grâce à la consigne. Envoyez-nous vos collants Cygnes usagés, nous les recyclerons et vous recevrez un bon de réduction pour votre prochaine commande !",,https://www.mifexpo.fr/exposants/cygnes-281511/?fromsalon=952944,,
Cédric Grall Bijoux,cedricgrallbijoux.com,,,,France,Stand F39,"Cédric créé et fabrique des bijoux en Argent 925/1000 et associe des pierres naturelles et des perles. Des jeux de textures, de matière, de finesse et de souplesse pour offrir un maximum de variantes à un métal unique. La couleur, l’éclat, la lumière des pierres naturelles et des perles pour offrir une palette chromatique douce ou audacieuse. Deux techniques uniques pour des bijoux durables, fiables et actuels: la FORGE et le FILIGRANE. Les bijoux Cédric Grall, des bijoux à Vivre !",,https://www.mifexpo.fr/exposants/cedric-grall-575797/?fromsalon=952944,,
Cézembre,cezembre-store.fr,,,,France,Stand i22,"Cezembre est une marque française spécialisée dans la maille, qui développe des pièces à la fois qualitatives, durables et pensées pour être portées au quotidien. Chaque produit est conçu avec une attention particulière portée aux matières, aux coupes et aux finitions, afin de proposer des pièces confortables, justes et durables dans le temps. La marque développe un vestiaire composé de pulls et d’accessoires en fibres naturelles mérinos, cachemire, alpaga, coton biologique sélectionnées pour leur qualité et leur tenue. Pensées pour s’inscrire dans la durée, les collections Cezembre s’adressent à une clientèle à la recherche de produits fiables, bien construits et faciles à porter.",,https://www.mifexpo.fr/exposants/3d-tex-795565/?fromsalon=952944,,
DAAN TECH,daan.tech,,,,France,Stand J18,,,https://www.mifexpo.fr/exposants/daan-tech-963473/?fromsalon=952944,,
DAGUET,maroquinerie-daguet.fr,,,,France,Stand F36,"Maroquinerie élégante et pratique pour le quotidien. Nos sacs à main, ceintures et accessoires sont fabriqués au sein de notre propre atelier dans le Limousin.",,https://www.mifexpo.fr/exposants/ateliers-du-limousin-604817/?fromsalon=952944,,
Dame en soi,dameensoi.fr,,,,France,Stand M38-N39,"Vêtements Robes, tuniques, ensembles — chaque pièce est unique, coupée et cousue à la main dans notre atelier parisien. Tunique Soie Sauvage Soie légère, teinte terre, broderies discrètes au col. Ensemble Coton Brodé Veste structurée + pantalon fluide. Coton brodé main, esprit contemporain. Coiffes Turbans, couronnes florales, pièces d'apparat — portées au quotidien ou pour les grandes occasions. Accessoires & Bijoux Pochettes, sacs, bijoux, ceintures — les détails qui transforment une tenue. Mercerie & Passementerie Tissus sélectionnés, galons, boutons, fournitures — pour celles qui créent elles-mêmes.",,https://www.mifexpo.fr/exposants/recreation-by-f-986183/?fromsalon=952944,,
DAMPA 1975,comptoir-naturel.fr,,,,France,Stand H74,"DAMPA 1975 propose une gamme de savons soins solides à l'huile d'olive et au lait d'Anesse fabriqué en Provence ainsi que des produits cosmétiques enrichis en lait d'ânesse et Aloé Véra à base d'ingrédients naturels. Fabriqués Provence, nos produits sont élaborés avec soin pour répondre aux attentes de nos clients présents dans 35 pays.",,https://www.mifexpo.fr/exposants/sogift-954629/?fromsalon=952944,,
DANIELLE ENGEL,danielleengel.com,,,,France,Stand Village de l'Artisanat - D21.39,"Nous créons des vêtements féminins 100 % fabriqués en France, imaginés et confectionnés dans notre propre atelier à Montpellier. Chaque pièce est pensée pour allier élégance, intemporalité et respect de l'environnement, avec une attention particulière portée à la qualité des matières et à l'excellence des finitions. Nous privilégions des tissus naturels, biologiques et recyclés, sélectionnés auprès de grandes maisons françaises et européennes. Notre démarche s'inscrit dans une volonté de proposer une mode durable, responsable et ancrée dans le savoir-faire français.",,https://www.mifexpo.fr/exposants/danielle-engel-982821/?fromsalon=952944,,
DAO,daodavy.com,,,,France,Stand K34-L35,"Le choix de nos matières premières s'effectuent dans le respect de l'environnement. Fabriquées à partir de coton, coton biologique et lin, nos pièces sont pensées pour durer. Nous limitons la production afin de répondre au mieux à la demande et ainsi d'éviter le sur-stockage. Nous souhaitons produire au plus juste.",,https://www.mifexpo.fr/exposants/sarl-delta-dkj-1432/?fromsalon=952944,,
DATUS,maisondatus.com,,,,France,Stand Pavillon Ile de France,"Et si on vous emmène dans un voyage sensoriel, entre la force du café, la sérénité du thé et la douceur caramélisée de la chicorée!!! DATUS – 1er torréfacteur de noyaux de dattes en France propose l’infusion naturelle des noyaux de dattes, à peine lancée, DATUS est élue Innovation alimentaire de l'année au concours IdFood, lauréat de la Guilde des Artisans de la Tour Eiffel, et validée par un jury de grands chefs sous la présidence du Grand Thierry Marx pour être servie au prestigieux ""Jules Vernes"" 2 étoiles au Guide Michelin, lauréat du Start'Up Boost de la Foire de Paris pour representer les créations françaises de l'année et reçu la distinction ""Tech For Change"" de la Vivatech en tant que Startup FoodTech. DATUS propose une gamme innovante de boissons et d’ingrédients élaborés à partir de noyaux de dattes torréfiés. Sans caféine, sans additifs et naturellement doux, DATUS s’adapte à tous les usages et réinvente les rituels du café et du thé : En poudre : se prépare avec toutes vos machines — filtre, French press, cafetière turque ou italienne, percolateur — ou simplement en infusion. En capsules compatibles Nespresso® : pratiques et rapides, pour profiter de l’expérience DATUS en un geste. 💡 Polyvalence gourmande : La poudre DATUS se mélange avec du lait ou d’autres recettes de boissons végétales pour créer des lattes originaux. Elle peut aussi s’incorporer directement dans la farine pour enrichir pains, pâtisseries ou biscuits, tout en apportant une alternative sans gluten et pleine de saveur caramélisée. 🌱 Durable et inclusif : produit en Île-de-France à partir d’une ressource abondante et économe en eau, DATUS associe innovation écologique et héritage traditionnel. 🎉 Offre spéciale MIF : profitez de remises exclusives et de coffrets découverte sur notre stand. Venez tester DATUS et adoptez une nouvelle routine bien-être ! 🎶 Vibrez à notre hymne et 🎤 découvrez une interview exclusive du fondateur ici https://youtu.be/7LqJ99appes?si=_qgfYZcvghpsiItX et découvrez notre histoire depuis notre quartier jusqu'au sommet de la Tour Eiffel ici https://youtu.be/00Jwt0-5OAI?si=Jm2TY_RhNR0dUsvb 🍵 ou savourez simplement en commandant sur 👉 www.maisondatus.com",,https://www.mifexpo.fr/exposants/generation-permanutrition-773961/?fromsalon=952944,,
DE CLERMONT,declermont.fr,,,,France,Stand i23,"Des semelles intérieures (en cuir, coton, laine, etc.) et des accessoires pour apporter confort et bien être dans la chaussure.",,https://www.mifexpo.fr/exposants/de-clermont-99959/?fromsalon=952944,,
DE LA FÈVE AU PALAIS,de la fève au palais,,,,France,Stand Village de l'Artisanat - D21.46,"Chez De la Fève au Palais, nous avons souhaité créer une gamme gourmande qui réconcilie plaisir, équilibre et exigence artisanale. Grâce à SÜVY, une alternative innovante au sucre, nous proposons des créations sans sucres ajoutés ""VŸTA"", pensées pour celles et ceux qui souhaitent se faire plaisir autrement, sans renoncer au goût ni à la gourmandise. Le plaisir sans compromis Notre gamme VŸTA a été imaginée pour offrir une véritable expérience chocolatée, avec des recettes travaillées dans notre laboratoire, en conservant tout notre savoir-faire artisanal. Chocolats, biscuits, pâte à tartiner ou encore glaces : chaque création est élaborée avec soin pour proposer une alternative gourmande, élégante et adaptée aux nouvelles attentes de consommation. Une alternative gourmande et innovante SÜVY permet de remplacer le sucre traditionnel tout en conservant une belle texture et une vraie rondeur en bouche. Cette gamme s’adresse aux personnes qui recherchent des produits à faible impact glycémique, aux consommateurs attentifs à leur équilibre alimentaire, mais aussi à tous les gourmands qui souhaitent découvrir une nouvelle façon de savourer le chocolat.",,https://www.mifexpo.fr/exposants/de-la-feve-au-palais-980773/?fromsalon=952944,,
DELIKAO,,,,,France,Stand i53bis,,,https://www.mifexpo.fr/exposants/sarl-delikao-970442/?fromsalon=952944,,
DEPHILAPAT,dephilapat.fr,,,,France,Stand P38,,,https://www.mifexpo.fr/exposants/dephilapat-974563/?fromsalon=952944,,
DES HOMMES ET DES BŒUFS,deshommesetdesboeufs.com,,,,France,Stand G85,Une marque française de produits fins composés uniquement de viande de bœuf de grande qualité.,,https://www.mifexpo.fr/exposants/des-hommes-et-des-boeufs-1384/?fromsalon=952944,,
Des Résines Et Des Rêves,desresinesetdesreves.com,,,,France,Stand Village de l'Artisanat - D21.10,Je suis artisan menuisier et travaille le bois et la résine Epoxy. C'est dans mon atelier que naissent au quotidien de nombreuses créations aussi originales que personnalisées.,,https://www.mifexpo.fr/exposants/martin-anael-francois-984265/?fromsalon=952944,,
Desmée bijoux,desmee.fr,,,,France,Stand Village de l'Artisanat - D21.99,,,https://www.mifexpo.fr/exposants/pignon-manon-984338/?fromsalon=952944,,
DESTINATION COGNAC,destination-cognac.com,,,,France,Stand E84-F83,,,https://www.mifexpo.fr/exposants/office-du-tourisme-959936/?fromsalon=952944,,
Destination Skincare,destination-skincare.com,,,,France,Stand i55bis,,,https://www.mifexpo.fr/exposants/destination-skincare-986802/?fromsalon=952944,,
Dhenry,dhenry.shop,,,,France,Stand Village de l'Artisanat - D21.103,"DHENRY est une marque française de cosmétiques naturels née d'une conviction simple : prendre soin de sa peau ne devrait jamais rimer avec des formules interminables ou des routines compliquées. Chaque gamme est construite autour d'un ingrédient phare soigneusement sélectionné pour ses propriétés, afin d'offrir des soins à la fois efficaces, sensoriels et respectueux de la peau. Notre première collection, autour de la noisette, comprend trois essentiels du quotidien : Un nettoyant visage qui élimine maquillage, impuretés et excès de sébum tout en laissant la peau douce et confortable. Un gommage visage à la poudre de coques de noisettes finement broyées, qui exfolie en douceur pour révéler un teint plus lumineux. Une huile visage au toucher sec qui nourrit, protège et aide à préserver l'équilibre naturel de la peau, sans fini gras. Tous nos soins sont 100 % d'origine naturelle, composés d'au minimum 50 % d'ingrédients biologiques, fabriqués en France et conditionnés dans des emballages pensés pour préserver la qualité des formules tout en limitant leur impact environnemental. À l'occasion du MIF Expo, les visiteurs pourront également découvrir en avant-première notre toute nouvelle gamme capillaire autour du raisin, une collection naturelle imaginée pour prendre soin des cheveux tout en révélant leur éclat. Une exclusivité présentée pour la première fois sur le salon. Chez DHENRY, nous privilégions des formulations courtes, des ingrédients rigoureusement sélectionnés et une approche où l'efficacité passe avant le superflu. Parce que toutes les peaux méritent que l'on prenne soin d'elles.",,https://www.mifexpo.fr/exposants/dhenry-983765/?fromsalon=952944,,
DIPTYQUE AUDIO,diptyqueaudio.com,,,,France,Stand Village de l'Artisanat - D21.33,"Nos enceintes très haute fidélité, innovantes, produisent une onde plane permettant une écoute immersive incomparable par son réalisme et son naturel. Notre gamme comporte 6 modèles d'enceintes permettant de les adapter à l'espace d'écoute. Nos enceintes sont personnalisables (160 couleurs RAL). Elles ont reçu les plus grandes récompenses de la presse spécialisée en Europe, US, Japon et Hong Kong.",,https://www.mifexpo.fr/exposants/dp-audio-981058/?fromsalon=952944,,
DISTILLERIE AWEN NATURE,awennature.com,,,,France,Stand Village de l'Artisanat - D21.2,,,https://www.mifexpo.fr/exposants/sarl-awen-nature-986267/?fromsalon=952944,,
Distillerie de la Seine,distillerie-seine.fr,,,,France,Stand E02 - entreprise présente uniquement le jeudi 12 et vendredi 13 novembre,,,https://www.mifexpo.fr/exposants/distillerie-de-la-seine-986840/?fromsalon=952944,,
Distillerie Franc-Tireur,distillerie-franc-tireur.com,,,,France,Stand E01,,,https://www.mifexpo.fr/exposants/js-adn-983595/?fromsalon=952944,,
DISTILLERIE MARGUET CHAMPREUX - FRERES DUCRET,distilleriemarguet.fr,,,,France,Stand Village de l'Artisanat - D21.94,,,https://www.mifexpo.fr/exposants/distillerie-marguet-champreux-990316/?fromsalon=952944,,
Domaine de la Flaguerie,domaine-flaguerie.com,,,,France,Stand E02 - entreprise présente uniquement le samedi 14 novembre,"Le Domaine de la Flaguerie est une entreprise cidricole familiale située entre Caen et Bayeux. Le domaine cultive et transforme la pomme à cidre pour produire des jus de pomme, cidres, calvados, pommeau de Normandie, vinaigre de cidre et gelées de pomme. Aujourd’hui, le Domaine dispose d’une cinquantaine d’hectares de vergers soit environ 30 000 pommiers divisés en 25 variétés sélectionnées dans le respect des appellations. Tous nos vergers sont menés dans le respect de l’Agriculture biologique depuis 1998. La qualité de nos produits est régulièrement reconnue lors de concours et dégustations.",,https://www.mifexpo.fr/exposants/domaine-de-la-flaguerie-986915/?fromsalon=952944,,
DOMAINE DU PALAIS,,,,,France,Stand H80,,,https://www.mifexpo.fr/exposants/domaine-du-palais-de-nuits-1002745/?fromsalon=952944,,
Domaine Montansier,domainemontansier.fr,,,,France,Stand E84-F83,,,https://www.mifexpo.fr/exposants/sarl-jobit-977347/?fromsalon=952944,,
Domi Marqueterie de Paille,domimarqueteriedepaille.com,,,,France,Stand Village de l'Artisanat - D21.188,"Marqueterie de Paille artisanale, réalisée à la main en France. Je créée de pièces décoratives et des panneaux sur mesure , associant savoir-faire traditionnel , matières naturelles et design contemporain . Mes créations s'adressent notamment aux architectes d'intérieur et décorateurs à la recherche de solutions uniques pour leurs projets résidentiels, hôteliers et professionnels mais également pour le particulier amateur de pièces uniques. Handcrafted straw marquetery , made in France. I'm creat bespoke decorative pieces and panels, combining traditionals craftsmanship , natural materials and contemporary desing. Our creations are designed for interior designers and architects looking for unique solutions for residential , hospitality and professional projects.",,https://www.mifexpo.fr/exposants/domi-marqueterie-de-paille-984757/?fromsalon=952944,,
DOUANE FRANÇAISE,douane.gouv.fr,,,,France,Stand E69bis,La douane accompagne les entreprises sur les règles du made in France et contrôle le marquage.,,https://www.mifexpo.fr/exposants/dgddi-1466/?fromsalon=952944,,
Douceur des Neiges,douceurdesneiges.com,,,,France,Stand Village de l'Artisanat - D21.29,"Fondé en 2012 par Laura Doumenjou, titulaire d’un Master en ingénierie des cosmétiques, le Laboratoire Cosmétique Douceur des Neiges incarne le savoir-faire artisanal ariégeois dédié au bien-être. Installé à Foix, au pied des Pyrénées, ce laboratoire se distingue par une approche rigoureuse et éthique de la beauté. Une philosophie de pureté et de douceur Le nom ""Douceur des Neiges"" évoque à la fois la fraîcheur des sommets pyrénéens et la pureté des formulations. Sans colorants, les produits affichent une blancheur naturelle et sont conçus sans parfums synthétiques, afin de garantir une tolérance maximale pour les peaux les plus sensibles et réactives. Un savoir-faire 100 % artisanal L’intégralité de la production est réalisée sur place, de la formulation au conditionnement, en passant par l’étiquetage manuel. Cette fabrication à petite échelle assure une fraîcheur optimale des produits. En 2023, le laboratoire a franchi une étape majeure en obtenant la certification BIOLOGIQUE selon le référentiel international COSMOS. La gamme de cosmétiques va du simple gel douche à la crème visage, avec un large panel de textures et galéniques.",,https://www.mifexpo.fr/exposants/sasu-laboratoire-cosmetique-douceur-des-neiges-985915/?fromsalon=952944,,
DOUCEURS BOHÈMES,douceursbohemes.com,,,,France,Stand Q37,"Douceurs Bohèmes une histoire de passion … Derrière chacune de mes créations se cache une envie : surprendre, émerveiller et faire voyager. Savonnière artisanale et créatrice de cosmétiques naturels, je fabrique en France des créations uniques qui séduisent autant par leur design que par leurs senteurs inoubliables. Ma signature ? Une gamme exclusive au véritable Monoï de Tahiti, aux notes solaires et addictives, qui invite instantanément à l'évasion. Chaque savon, chaque baume est pensé comme une parenthèse de plaisir, un voyage sensoriel où l'authenticité rencontre l'élégance. Au Salon du Made in France, venez découvrir un univers où l'artisanat se réinvente avec audace, créativité et passion. Touchez, sentez, échangez, laissez-vous surprendre… et trouvez peut-être votre prochain coup de cœur. Parce qu'un produit naturel peut être bien plus qu'un simple soin : une émotion, un souvenir, une invitation au voyage. Venez me rencontrer et embarquez pour une expérience sensorielle unique.",,https://www.mifexpo.fr/exposants/douceurs-bohemes-964472/?fromsalon=952944,,
DOUMÔME,doumome.com,,,,France,Stand Village de l'Artisanat - D21.7,,,https://www.mifexpo.fr/exposants/sarl-sameline-981476/?fromsalon=952944,,
Drop Swim - Shape the Water,link.dropsport.fr,,,,France,Stand E42,"DROP – Shape the Water est une marque française de maillots de bain haut de gamme qui réinvente l’équipement du nageur exigeant. À la croisée de la performance sportive, du confort longue durée et de l’esthétique, DROP conçoit des pièces pensées pour accompagner le corps sans jamais l’enfermer. Une matière tissée ultra-fine, des finitions sans couture, un maintien précis, une ligne épurée : chaque détail sert une même ambition, faire disparaître le vêtement pour ne laisser que le geste. Fabriquées en France dans un atelier au savoir-faire d’excellence, les pièces DROP transforment le maillot de bain en véritable instrument de glisse. Parce que nager, ce n’est pas dominer l’eau. C’est composer avec elle. Shape the Water. Site web : dropswim.fr",,https://www.mifexpo.fr/exposants/drop-sport-973274/?fromsalon=952944,,
DT COLLECTION,direct-tannerie.fr,,,,France,Stand K38,"A travers notre marque DT Collection nous vous proposons une sélection d'articles en laine de mouton homme, femme et enfant comprenant des gilets tendance ainsi qu'une large gamme d'accessoires, tels que des sacs, des bouillottes, des moufles et des articles de puériculture (couverture, gigoteuse...) Nous avons aussi une gamme d'articles de déco en laine et en peau de mouton tels que coussins, couverture, pouf ou bean bag mais également des housses de selle de vélo. Enfin, notre offre est complétée par une sélection d'accessoires confectionnés en peau de vache. Nous vous invitons à les découvrir sur notre stand. DT Collection réinvente les tendances au naturel !",,https://www.mifexpo.fr/exposants/sarl-direct-tannerie-984490/?fromsalon=952944,,
DURALEX,duralex.com,,,,France,Stand K15,Produits manufacturés en verre pour la table et la cuisine (conservation - table - cuisson).,,https://www.mifexpo.fr/exposants/duralex-scop-sa-604026/?fromsalon=952944,,
DÉLICES DE GUYANE,delices-de-guyane.fr,,,,France,Stand M81,"Producteur en Epicerie fine, ambassadeur du savoir-faire et des saveurs de Guyane",,https://www.mifexpo.fr/exposants/delices-de-guyane-405569/?fromsalon=952944,,
DÉPARTEMENT DE LA CORRÈZE / Marque ORIGINE CORRÈZE,correze.fr,,,,France,Stand O74,"Le Département de la Corrèze avec ses partenaires économiques, poursuit une ambition forte : renforcer l'attractivité, le rayonnement et la compétitivité de la Corrèze.",,https://www.mifexpo.fr/exposants/departement-de-la-correze-1806/?fromsalon=952944,,
Ears 360,ears-360.com,,,,France,Stand H63,"Ears 360 c’est la révolution pour nettoyer vos oreilles. Notre dispositif médical breveté est la première alternative réutilisable au coton tige testé et validé techniquement par le syndicat des Orl, primé aux concours Lépine et nommé prix top santé 2024. Ears 360 est une innovation made in France pensée au millimètre près pour s'adapter à tout type de conduit auditif dès 7 ans. Découvrez la souplesse d’une pièce unique de silicone en spirale qui épouse la forme de votre conduit auditif et qui pour la première fois va nettoyer efficacement votre conduit sans pousser le cérumen évitant les bouchons de cérumen. Entièrement sans danger grâce à sa butée qui empêche d'aller jusqu'au tympans.",,https://www.mifexpo.fr/exposants/360-design-and-product-114188/?fromsalon=952944,,
EAU EXQUISE,eau-exquise.fr,,,,France,Stand Pavillon Ile de France,"Eau exquise, ce sont des gouttes de saveurs ultraconcentrées à ajouter à votre eau. Elles transforment le simple geste de désaltération en moment de plaisir. Ces recettes sont élaborées à base d'arômes naturels, d'infusions de fruits et de végétaux, d'extraits de jus naturels concentrés soigneusement sélectionnés. eau exquise, ce sont des aromatisants naturels sans sucres, sans colorant, sans édulcorant. Les saveurs se présentent sous forme de gouttes ultra concentrées dans un packaging nomade, pratique et léger. Les recettes sont élaborées à base d’extraits de fruits et d’arômes naturels. Nous avons 2 gammes de produits: La gamme BIO 10ml 100% naturelle et issue de l’agriculture biologique La gamme 27ml Classique Que vous vouliez vous désintoxiquer du sucre, augmenter votre niveau d'hydratation ou donner une signature gustative unique à votre eau, eau exquise va redéfinir votre relation avec l'eau.",,https://www.mifexpo.fr/exposants/agst-developpement-433662/?fromsalon=952944,,
EBENISTERIE VUILLEMIN,ebenisterie-vuillemin.fr,,,,France,Stand J16,"Ébénisterie Vuillemin c'est l’élégance du bois massif français depuis 1883. Héritiers de six générations d’artisans, nous créons, dans nos ateliers du Haut-Doubs, des pièces uniques alliant design contemporain et tradition. Tables extensibles d’exception, consoles raffinées, tabourets iconiques et meubles sur mesure : chaque création est réalisée en bois local, pensée pour durer et sublimer les intérieurs les plus exigeants. Choisir l’Ébénisterie Vuillemin, c’est choisir un mobilier haut de gamme, authentiquement Made in France.",,https://www.mifexpo.fr/exposants/ebenisterie-vuillemin-773782/?fromsalon=952944,,
econotes,econotes.co,,,,France,Stand O33,"econotes propose des produits de papeterie réutilisables et écoresponsables, parfaits pour ceux qui veulent réduire leur impact environnemental sans sacrifier le plaisir d’écrire. Les cahiers réutilisables sont disponibles en formats A4, A5 et A6. Ils sont hyper résistants (waterproof et quasi indéchirables) et peuvent être utilisés plus de 1000 fois. Et avec les stylos effaçables, tu peux écrire, effacer et recommencer autant de fois que tu veux sans gaspiller une seule feuille​​. Envie de créer un cahier unique ? Le Bar à Cahier est fait pour toi ! Tu choisis ta couverture, les reliures, le type de pages, et même des accessoires pour un cahier 100% personnalisé et écoresponsable​. Et pour organiser tes idées, rien de mieux que les Stick-its réutilisables. Ces petits notes réutilisables magiques se collent et se décollent plus de 500 fois sans laisser de traces​​. Avec econotes, tu écris, tu effaces, tu réutilises… et tu fais un geste pour la planète, tout en te faisant plaisir !",,https://www.mifexpo.fr/exposants/sphereco-113942/?fromsalon=952944,,
ECOUTER VOIR,ecoutervoir.fr,,,,France,Stand J70-K71,"Enseigne mutualiste, nous plaçons l’humain au coeur de nos priorités et militons depuis toujours pour favoriser l’accès à la santé visuelle et auditive pour tous. Au-delà de l’engagement sociétal, nous avons tout naturellement ouvert la voie de l’engagement environnemental, en privilégiant pour nos marques propres de lunettes, une production plus responsable. Notre marque JUSTE. est fabriquée dans des matériaux plus respectueux de l’environnement tels que le métal recyclé et le bio-acétate. En 2024, pour être toujours plus fidèle à nos engagements, notre marque JUSTE. devient 100 % certifiée Origine France Garantie et regroupe à ce jour 52 références de montures optique et 12 références en solaire, disponibles dans les 700 magasins de l’enseigne. Les premières lunettes certifiées Origine France Garantie proposées par Écouter Voir sont bien plus qu’un produit de mode : elles incarnent un engagement pour la qualité, l’économie locale et l’environnement. En étant pionnier sur le marché français avec un prix accessible, Écouter Voir change la donne et invite les consommateurs à choisir un produit respectueux de ses valeurs. Pour être plus durable et plus responsable, nous avons choisi de proposer une collection au style intemporel, qui convient à toutes les générations. Avec des modèles à la fois classiques et élégants, ces montures pourront être portées pour les prochaines saisons, sans craindre qu’elles ne se démodent.",,https://www.mifexpo.fr/exposants/visaudio-967782/?fromsalon=952944,,
ECTOR SNEAKERS,ector-sneakers.com.fr,,,,France,Stand K39,"ECTOR est la première sneaker éco-conçue Made in France et fabriquée à base de bouteilles en plastique. ECTOR s’appuie sur un savoir-faire local, une technique de tricotage innovante et le respect de l’environnement. ECTOR est proche de vous. 100% française, nous assemblons ECTOR dans notre atelier de Romans Sur Isère, au cœur de la capitale historique de la chaussure française.",,https://www.mifexpo.fr/exposants/toptex-cube-2045/?fromsalon=952944,,
EDGARD LUCILLA,edgardlucilla.com,,,,France,Stand Village de l'Artisanat - D21.110,"Spécialisé dans la fabrication de chaussures sur mesure, Edgard LUCILLA débute son parcours chez les Compagnons du Devoir en alternance au sein de la prestigieuse maison Berluti, où il affine son savoir-faire et sa passion pour l’excellence artisanale. Reconnu pour son talent dès ses débuts, il remporte en 2017 le concours d’Un des Meilleurs Apprentis de France, suivi du Prix Avenir Métiers d’Art en 2018. Aujourd’hui, son expertise s’étend aussi aux sneakers faites main et aux collaborations avec de grandes maisons. À travers ses créations, Edgard Lucilla repousse les limites de l’artisanat pour offrir des pièces d’exception, mêlant élégance, modernité et perfection du geste.",,https://www.mifexpo.fr/exposants/edgard-lucilla-985473/?fromsalon=952944,,
Edith Théret,ediththeretvitrail.com,,,,France,Stand M38-N39,,,https://www.mifexpo.fr/exposants/edith-theret-ei-974539/?fromsalon=952944,,
Ei BAILLARD,,,,,France,Stand Village de l'Artisanat - D21.155,,,https://www.mifexpo.fr/exposants/ei-baillard-983662/?fromsalon=952944,,
EILAROC,eilaroc.fr,,,,France,Stand Village de l'Artisanat - D21.117,"Vestes, robes et sacs réalisés artisanalement à partir de cravates de récupération.",,https://www.mifexpo.fr/exposants/ei-eilaroc-995584/?fromsalon=952944,,
EIO,eio.eco,,,,France,Stand D38,"Les lunettes EIO sont fabriquées en France à partir de matériaux 100 % recyclés. Elles allient design intemporel, confort au quotidien et engagement écoresponsable. Deux gammes sont disponibles : • GAMME ORIZON en acétate recyclé : 4 modèles • GAMME EYE+EAU en plastique recyclé : 2 modèles EIO, voir mieux, consommer mieux. 🌱👓",,https://www.mifexpo.fr/exposants/sas-eio-953577/?fromsalon=952944,,
ELEGANCE ET TECHNOLOGIE,elegance-et-technologie.com,,,,France,Stand i10,"Depuis plus de 14 ans, nous apportons des solutions aux particuliers, architectes, décorateurs, aux hôtels, en matière d’intégration d'équipements d'audiovisuel. Nous réalisons des meubles standards ou sur mesures, avec des mécanismes de très haute qualité. NOS MEUBLES SONT PRODUITS EN FRANCE DANS NOTRE USINE DU NORD. Nous avons acquis une véritable expérience dans la fabrication de meubles TV motorisé . Nous pouvons répondre à toutes les demandes. Notre spécialité est la conception de meubles TV escamotables sur mesure intégrant toutes les marques de téléviseurs et toutes les dimensions . Notre gamme de meuble est très importante, nous réalisons des meubles suivant les besoins de nos clients . Nos différents modèles : BUFFET AVEC DU RANGEMENT ET L'INTÉGRATION DE GRANDS ÉCRANS , COMMODE , ARRIÈRE DE CANAPÉ , PIED DE LIT , OEUVRE MOTORISÉ CACHE TV , MEUBLE DE VIDÉOPROJECTION ( intégrant l'écran de projection et le vidéo-projecteur ultra courte focale ) Nous proposons un large choix de finitions : laque mât , laque satiné , laque brillante , bois , verre ( dessus et trappe ) , cuir ... Et un très grand choix de couleurs // 400 couleurs , nous travaillons avec de nombreux coloristes et les grandes marques de peintures . SHOW-ROOM : 262 Bis Bd Jean Jaurès 92100 BOULOGNE BILLANCOURT",,https://www.mifexpo.fr/exposants/elegance-et-technologie-600696/?fromsalon=952944,,
ELIALYS - ARTISANS DES SENS,elialys.fr,,,,France,Stand Village de l'Artisanat - D21.30,"Créations artisanales aux parfums de Grasse, - Bougies moulées : confectionnées artisanalement à partir de cire végétale de colza, de parfums de Grasse, de mèches en coton et de colorants vegan. - Bougies coulées : réalisées à base de cire végétale de soja, de parfums de Grasse et d'une mèche en bois de cerisier. - Parfums d’ambiance pour textiles : formulés sans alcool et avec des parfums de Grasse. - Diffuseurs à bâtonnets : élaborés avec des parfums de Grasse pour une diffusion progressive et durable.",,https://www.mifexpo.fr/exposants/elialys-sas-981127/?fromsalon=952944,,
Elie SEVESTRE,elie-sevestre.fr,,,,France,Stand N32,"Pièces uniques & séries limitées : Des créations exclusives, pensées pour allier esthétique, fonctionnalité et durabilité. Créations sur mesure : Je transforme vos idées en meubles uniques, 100% personnalisés. Design écoresponsable : 100% des contreplaqués et stratifiés utilisés dans mes meubles sont des chutes ou des fin de série valorisés grâce à une association auxerroise. Chaque design est réfléchi pour optimiser au mieux la matière et produire le moins de déchets possible .",,https://www.mifexpo.fr/exposants/ei-sevestre-elie-577023/?fromsalon=952944,,
EMBRIN,embrin.fr,,,,France,Stand F01,Linge de maison et de décoration (rideaux/canapé/ housse de coussin) 100% lin fabriqué dans notre atelier situé en seine maritime. Notre exploitation produit également du lin. Une boutique et un espace scénographique sont visitables toute l'année.,,https://www.mifexpo.fr/exposants/embrin-970510/?fromsalon=952944,,
EMILE HENRY,emilehenry.com,,,,France,Stand J20,,,https://www.mifexpo.fr/exposants/emile-henry-954103/?fromsalon=952944,,
EMILY EDITIONS,en cours,,,,France,Stand Pavillon Ile de France,"Emily Editions propose des pantalons imprimés à motifs floraux inspirés du XVIIIème siècle. Chaque collection est pensée comme une histoire d'imprimés. Le côté romantique des fleurs est contrebalancé par une forme de pantalon fluide à la taille élastiquée confortable et facile à porter au quotidien. -Fabriqués en Ile de France -En toutes petites séries -Matière soyeuse et respirante : 100% viscose certifiée Eco Vero -Prix en dessous de 100€ sur certains modèles Emily Editions veut créer un pont entre l'ancien et le moderne, entre le sophistiqué et le décontracté et faire de l'imprimé son terrain d'expression.",,https://www.mifexpo.fr/exposants/emi-diffusion-977181/?fromsalon=952944,,
EMINENCE,eminence.fr,,,,France,Stand K31,"Marque française historique depuis 1944. Chez Eminence, les slips homme, boxers et caleçons sont bercés par le chant des cigales. Car c’est tout près du soleil, dans le Gard, qu’une majorité des sous-vêtements est conçue. Nos tissus français sont soigneusement sélectionnés, avant d’être confiés aux mains expertes des usines d’Aimargues et de Sauve. Là-bas, coupe, tricotage et confection vont bon train, afin que la French Touch continue de briller sur les plages et dans les vestiaires. Eminence, spécialiste du sous-vêtement depuis des décennies, présente une collection 100 % française sur son stand.",,https://www.mifexpo.fr/exposants/groupe-eminence-400243/?fromsalon=952944,,
ENO PLANCHA,plancha-eno.com,,,,France,Stand J19,"PME industrielle française centenaire (1909), ENO conçoit et fabrique en France (Niort - Deux-Sèvres - Nouvelle Aquitaine) des planchas en fonte émaillée gaz et électriques, des chariots et dessertes et des cuisines extérieures modulables en inox ou en acier peint. Eno présente ses collection de planchas gaz et électriques dessinée par l'agence de design La Racine ainsi que ses modules de cuisine extérieure : des produits intemporels alliant tradition&savoir-faire et modernité. www.plancha-eno.com",,https://www.mifexpo.fr/exposants/eno-sas-1456/?fromsalon=952944,,
ENTRE DEUX HAIES,entredeuxhaies.fr,,,,France,Stand J74,"Entre Deux Haies est une marque française de tisanes botaniques biologiques qui réinvente l'univers de l'infusion à travers une approche contemporaine et sensorielle. Élaborées à partir de plantes principalement françaises soigneusement sélectionnées, nos recettes privilégient des compositions courtes, sans arômes ajoutés, où goût, bienfaits et harmonie botanique se rencontrent. Inspirées de l'univers du parfum et du vin, nos créations offrent une nouvelle expérience des plantes : plus authentique, plus transparente.",,https://www.mifexpo.fr/exposants/sas-entre-deux-haies-979857/?fromsalon=952944,,
Entreprise et Découverte,entrepriseetdecouverte.fr,,,,France,Stand F70,"Démonstrations de savoir-faire d'entreprises iconiques : chaque jour, durant 1h30, Entreprise et Découverte accueille des démonstrations d'artisans : atelier de découpe et de marquage de savon à la main, fabrication d'une chaussure de randonnée, présence d'un maître affineur...etc.",,https://www.mifexpo.fr/exposants/association-de-la-visite-dentreprise-277437/?fromsalon=952944,,
EQU'INTENSE,atelier-equintense.fr,,,,France,Stand Q53,"Maroquinerie Des pièces en cuir fabriquées à la main, pensées pour durer. Sacs, portefeuilles, ceintures, carnets… chaque création est taillée, assemblée et cousue dans mon atelier en Aveyron, dans des cuirs pleines fleurs sélectionnés pour leurs qualités et leurs caractères. Aucune pièce n'est identique à une autre. Accessoires pour chien Des colliers, laisses, poignées courtes et médaillons conçus pour les chiens et leurs maîtres qui ne veulent pas choisir entre solidité et élégance. Cousus main au point sellier, ils sont pensés pour accompagner chaque sortie — et traverser le temps.",,https://www.mifexpo.fr/exposants/cortesi-camille-974326/?fromsalon=952944,,
EQUILIBRE ET INSTINCT - LES REPAS PLAISIR,equilibre-et-instinct.com,,,,France,Stand E18,"Exclusivement élaborés avec des vétérinaires, et fabriqués en France, en Normandie, tous nos aliments complets et complémentaires ont été conçus pour respecter la nature et l'instinct de nos animaux de compagnie (chats comme chiens) !",,https://www.mifexpo.fr/exposants/normandise-pet-food-579795/?fromsalon=952944,,
ERAKLA,erakla.com,,,,France,Stand Village de l'Artisanat - D21.159,"ERAKLA est une maison d'art qui ouvre une nouvelle voie aux métiers d'art. À travers des œuvres murales d'exception, elle fait dialoguer héritage et matière contemporaine pour créer des pièces rares destinées aux lieux d'exception.",,https://www.mifexpo.fr/exposants/manon-bonjean-986889/?fromsalon=952944,,
Erbeko,erbeko.fr,,,,France,Stand Village de l'Artisanat - D21.12,"Erbeko conçoit des objets de décoration écoresponsables fabriqués à partir de tontes de pelouse recyclées. Grâce à un procédé de valorisation innovant et artisanal, ces résidus végétaux sont transformés en objets design respectueux de l'environnement. Chaque objet allie esthétique, innovation et engagement en faveur de l'économie circulaire, en offrant une seconde vie à une ressource locale souvent considérée comme un déchet.",,https://www.mifexpo.fr/exposants/roxane-gaunet-lihoreau-984329/?fromsalon=952944,,
Erel,erel-france.fr,,,,France,Stand Village de l'Artisanat - D21.135,,,https://www.mifexpo.fr/exposants/erelk-manufacture-de-souliers-dinterieur-985327/?fromsalon=952944,,
ESKHINA,eskhina.fr,,,,France,Stand Village de l'Artisanat - D21.187,,,https://www.mifexpo.fr/exposants/camille-brely-984341/?fromsalon=952944,,
ESPERLUETTE,chaussonsesperluette.fr,,,,France,Stand H24,"Nos chaussons sont 100% fabriqués en France dans notre atelier à Montbron (16). L’entreprise est un des derniers acteurs de la filière française de production des chaussons. Les matériaux sont rigoureusement choisis en fonction de leur conformité à la réglementation et de leur impact environnemental. Les chaussons font partie du patrimoine national et sont aujourd’hui un véritable accessoire de mode. Chaque paire de chausson est fabriquée à la demande, ce qui évite la surproduction et le gaspillage.",,https://www.mifexpo.fr/exposants/dm-production-398430/?fromsalon=952944,,
Essence d’un Rêve,essencedunreve.fr,,,,France,Stand Village de l'Artisanat - D21.55,"Créateur de mobilier et d’objets en bois, je design, conçois et fabrique chaque pièce à la main dans mon atelier Essence d’un rêve en Île-de-France. Entre modernité et style contemporain, je m’inspire des techniques traditionnelles de l’ébénisterie pour créer des objets durables et singuliers, tout en valorisant des bois sourcés localement. Chaque création est pensée avec soin, de la conception aux finitions, afin de mettre en avant la richesse et le caractère naturel du matériau. Mon univers s’exprime à travers des lignes épurées, des courbes harmonieuses et des associations de matières et de couleurs. À travers les créations d’ Essence d’un rêve, je souhaite proposer des pièces qui allient artisanat, design et fabrication française.",,https://www.mifexpo.fr/exposants/essence-dun-reve-985925/?fromsalon=952944,,
ESSILOR,essilor.com,,,,France,Stand J64-K67,,,https://www.mifexpo.fr/exposants/essilor-international-761702/?fromsalon=952944,,
ETOILIUM,etoilium.com,,,,France,Stand K80,,,https://www.mifexpo.fr/exposants/astres-et-cie-760257/?fromsalon=952944,,
ETOLRAK,etolrak.fr,,,,France,Stand P22,,,https://www.mifexpo.fr/exposants/etolrak-774011/?fromsalon=952944,,
EVEA,chez-evea.fr,,,,France,Stand N02,"Evéa c'est une gamme de produits ménagers écologiques : lessive, produits vaisselle, entretien de la maison... Chez Evéa, nos produits sont certifiés Ecocert, sans ingrédients controversés et fabriqués en France. Notre objectif : réconcilier naturalité avec l'efficacité et l'accessibilité.",,https://www.mifexpo.fr/exposants/charbonneaux-brabant-sa-970485/?fromsalon=952944,,
EXACOMPTA,exacompta.com,,,,France,Stand J28,"Depuis 1946, Exacompta fabrique vos agendas et carnets dans ses ateliers parisiens au bord du canal Saint-Martin avec passion et savoir-faire. De l'écolier au professionnel, du petit agenda de poche au modèle XXL, plutôt classique ou très colorée, l'offre Exacompta répond aux besoins d'organisation de tous.",,https://www.mifexpo.fr/exposants/afa-256073/?fromsalon=952944,,
FAMACO,famaco-paris.fr,,,,France,Stand H45,"Fabricant de produits d'entretien pour le cuir (chaussures, maroquinerie, ameublement) et distributeur d'accessoires autour de la chaussure (chausse pieds, embauchoirs, lacets, semelles ...)",,https://www.mifexpo.fr/exposants/ets-f-pfirter-425109/?fromsalon=952944,,
FAVAUNE,favaune.com,,,,France,Stand i63,"Nos produits reposent sur un principe de diffusion passive innovante : vous ouvrez, vous posez, et le parfum fait le reste. - Le ScentGel, notre best seller, est un boitier dans lequel se trouve un gel compact. Dès que vous l'ouvrez : un parfum subtile et enivrant embaume avec douceur vos espaces. Concentré en parfum, à base de gélifiant d'origine naturelle issue des algues, il parfume efficacement votre espace pendant 30 jours en continu, sans aucune intervention. Pas de flamme, pas de chaleur, pas d'alcool, pas de solvants. Votre sécurité avant tout. Sa diffusion crée une brume d'ambiance diffuse et constante qui transforme chaque pièce en véritable expérience sensorielle. - Pour un usage instantané : notre spray d'ambiance parfumé ScentSpray, par sa délicate brume après quelques pulvérisations spray, il laisse une délicate senteur. Sans alcool ni solvant, l'atmosphère de la pièce est immédiatement transformée. C'est un anti-odeur qui respire le naturel et vous pouvez l'utiliser à tout instant.",,https://www.mifexpo.fr/exposants/favaune-954099/?fromsalon=952944,,
FAÇON C,,,,,France,Stand Village de l'Artisanat - D21.167,,,https://www.mifexpo.fr/exposants/eurl-papamiam-986096/?fromsalon=952944,,
FEEF - Label PME+,feef.org,,,,France,Stand F74-G75,,,https://www.mifexpo.fr/exposants/feef-237221/?fromsalon=952944,,
Ferme de l'Odon,fermedelodon.com,,,,France,Stand E02 - entreprise présente uniquement le jeudi 12 novembre sur le stand Saveurs de Normandie,"Plus de 40 ans qu'on s'occupe des patates. On travaille la pomme de terre sous toute ses formes : brute, en frites fraîches ou en chips artisanales. Tout est fait sur place, dans nos ateliers, à Tourville-sur-Odon, près de Caen (14). Ici, vous nous ne retrouverez pas de chips kebab ou encore barbecue. Uniquement 3 ingrédients composent nos chips : pommes de terre, huile de tournesol et sel de Guérande. Et lorsqu'il s'agit d'oignon, de poivre, de piment ou encore d'herbes aromatiques, ce sont des saveurs naturelles uniquement. Pas de conservateurs, pas de colorant, pas d'exhausteur de goût : rien. On a récemment collaboré avec le Chef étoilé normand David Gallienne, pour créer ensemble, la chips de pommes de terre : La Végétale. Des produits locaux, de qualité, naturels, fabriqués avec passion en Normandie 💛",,https://www.mifexpo.fr/exposants/ferme-de-lodon-986853/?fromsalon=952944,,
Ferme des Buspins,fermedesbuspins.fr,,,,France,Stand E02 - entreprise présente uniquement le vendredi 13 novembre,,,https://www.mifexpo.fr/exposants/ferme-des-buspins-986856/?fromsalon=952944,,
Ferme du Gros Caillou,ferme du gros caillou,,,,France,Stand i75 et E02 - entreprise présente uniquement le samedi 14 novembre,"La Ferme du Gros Caillou, ferme familiale en sommeil depuis 30 ans, a été reprise en 2019 par Marc-Antoine Rabel. Située en Normandie, entre Rouen et Caen, elle y développe depuis une production raisonnée de porcs et de produits cidricoles dans le respect du bien-être animal. Les porcs, nourris exclusivement de céréales et élevés sur paille, sont transformés directement à la ferme par une équipe de charcutiers passionnés dans notre propre laboratoire. Parmi nos produits fermiers, nous avons notre saucisson artisanal, préparé sans sel nitrité et avec seulement 10 % de gras ! Tous nos produits sont disponibles en libre-service 24h/24 dans nos casiers, ainsi que dans la boutique à la ferme. Notre ferme possède des vergers centenaires, d'où nous produisons cidre, jus de pomme et balsamique de pomme. Notre produit phare, Le Velours, est un balsamique 100% de pomme, obtenu par une réduction au chaudron pendant un mois d'un mélange de jus de pommes et de vinaigre de cidre. Ce balsamique sublimera vos recettes de l'entrée jusqu'au dessert. Trois nouveautés sont venus enrichir cette gamme : - Le Balsamique de Pomme au poivre de Sichuan Rouge - Le Balsamique de Pomme à l'Anis Vert - Le Balsamique de Pomme l'Indomptable aux épices. Nous avons également développé une gamme de moutardes artisanales composées uniquement de trois ingrédients : moutarde, sel et vinaigre de cidre et/ou balsamique de pomme !",,https://www.mifexpo.fr/exposants/ferme-du-gros-caillou-740407/?fromsalon=952944,,
Feu Fer et Forge,feuferetforge.fr,,,,France,Stand Village de l'Artisanat - D21.18,"Feu Fer et Forge est un atelier de coutellerie artisanale situé à Suèvres, dans le Loir-et-Cher (41). J’y conçois, forge et façonne des couteaux artisanaux uniques, réalisés en aciers carbone, inox ou en damas, avec des manches en bois locaux sélectionnés pour leur caractère. Je réalise également des couteaux à la commande, sur devis, suivant les demandes spécifiques du client : Choix des aciers, du désign, des bois, du système de fermeture, … Je propose également des prestations de rénovation de couteaux, affûtage, et réfection de manches. Je peux également réaliser des travaux de forge : défense de fenêtres, pentures de vieilles portes, petits gardes corps…. Quoi qu’il en soit, chaque création est réalisée à la main dans mon atelier de Suevres, du choix des matériaux, des traitements thermiques, des finitions.",,https://www.mifexpo.fr/exposants/feu-fer-et-forge-980761/?fromsalon=952944,,
FF SAVEURS ET TRADITIONS,,,,,France,Stand L84,,,https://www.mifexpo.fr/exposants/fabrice-ferrand-954210/?fromsalon=952944,,
FFIGIA,ffigia.fr,,,,France,Stand F70,,,https://www.mifexpo.fr/exposants/ffigia-981122/?fromsalon=952944,,
FIERS,fierslamarque.fr,,,,France,Stand J77,,,https://www.mifexpo.fr/exposants/sas-fiers-lmdge-766741/?fromsalon=952944,,
FILAMENT,filament-shop.fr,,,,France,Stand P34-Q33,Nous fabriquons des produits de décoration (vases et luminaires) grâce à l'impression 3D ! La technologie au service du design !,,https://www.mifexpo.fr/exposants/filament-841943/?fromsalon=952944,,
FIMIF,fimif.fr,,,,France,Stand D73,"La FIMIF (Fédération Indépendante du Made in France) est une association d'intérêt général créée en 2015 et revendiquant son indépendance vis-à-vis des marques, partis politiques et médias. Notre mission : mobiliser les consommateurs et influencer les décideurs pour la défense et la promotion du made in France ! Nos actions : des études et enquêtes exclusives, des communications destinées à aider le consommateur et à porter le sujet du Made in France dans le débat public... Plus de 500 adhérents particuliers et professionnels soutiennent notre projet et nos actions... Rejoignez vous aussi le mouvement du Made in France !",,https://www.mifexpo.fr/exposants/fimif-3769/?fromsalon=952944,,
FLEUR DE PLUMES,fleurdeplumes.fr,,,,France,Stand Village de l'Artisanat - D21.111,"FLEUR DE PLUMES est un atelier de plumasserie et de fonderie situé à 10 km de Nantes. Delphine Déramé créée et fabrique des fleurs, des bijoux : boucles d’oreilles, sautoirs, et des tableaux à partir de plumes. Pour sublimer cette délicate matière, Delphine Déramé fabrique également tous les apprêts en étain, puis ils sont argentés ou dorés à l’or fin : Toutes les créations sont entièrement fabriquées à l’atelier. Fleur de Plumes s’inscrit dans une démarche à la fois éthique et responsable. Le bien-être animal, la traçabilité des matières premières, la démarche écoresponsable de ses fournisseurs fait partie intégrante de son ADN. Rares sont les occasions de nous émerveiller de la beauté de la nature. A l’atelier « Fleur de Plumes » se rejoignent l’art de la plumasserie et celle des fondeurs d’étain. La plume fascine, hypnotise et inspire. Raffinée, naturelle, elle reste délicate et toujours dans l’air du temps. De cette alchimie naissent nos créations uniques ou élégance rime avec poésie.",,https://www.mifexpo.fr/exposants/fleur-de-plumes-984469/?fromsalon=952944,,
Fleurs d'Antan,fleursdantan.com,,,,France,Stand Village de l'Artisanat - D21.19,"F.A. sublime, par ses compositions et structures, des fleurs locales, séchées chez nous pour créer des créations durables. Ce qui démarque Fleurs d’Antan, c’est l’alliance rare entre artisanat floral haut de gamme, production locale en Sologne et démarche écoresponsable : des fleurs cultivées ou sourcées à proximité, séchées et transformées à la main en créations durables, poétiques et intemporelles. Le tout étant géré par une jeune entreprise familiale... Fleurs d’Antan : quand la poésie fleurie rencontre l’écoresponsabilité. Fleurs d’Antan, c’est bien plus qu’une jolie boutique à l’odeur de campagne : c’est une ode à la nature, à la créativité et aux moments précieux. Ici, la fleur séchée n’est pas un souvenir poussiéreux du passé, mais une reine du présent ! Mariages, naissances, baptêmes ou simplement envie d’un intérieur bohème chic ? Les bouquets made in Sologne ont tout pour séduire ! Dans les ateliers nichés en région Centre, au cœur de la Sologne à Lamotte-Beuvron, Marie-Cécile et son équipe domptent la fleur fraîche, la sèchent avec amour et la transforment en compositions uniques. Chaque création est pensée pour durer : jusqu’à 3 ans de beauté florale, sans eau, sans gaspillage. Une petite révolution verte qui fait du bien au moral et à la planète. Mais Fleurs d’Antan, c’est aussi un concentré de talents locaux : poteries, bijoux, objets déco, tous faits main, tous inspirés. Une ambiance douce, un peu vintage, furieusement actuelle. Avec 90 % de la matière première issue de fermes situées à moins de 350 km, et AUSSI cultivées dans leur ferme florale, à Neung sur Beuvron (Le Moulin de Groselay), on consomme local, on soutient les producteurs français, et on redonne ses lettres de noblesse à l’artisanat floral. Et pour les futurs mariés ? Des bouquets de mariée éternels, des accessoires capillaires en fleurs séchées, des décors de rêve pour un oui qui dure dans le temps. L’éphémère devient éternel, l’émotion reste intacte. Chez Fleurs d’Antan, on célèbre la beauté durable, l’éthique poétique et l’amour en fleurs…",,https://www.mifexpo.fr/exposants/fleurs-dantan-sas-980755/?fromsalon=952944,,
FLEURS POIS ET CIE,fleurspoisetcie.com,,,,France,Stand J47,"Depuis 2014, notre lingerie est entièrement réalisée en 100% coton bio et/ou écologique. Notre soutien-gorge sans armature ni baleine est proposé de la taille 85AAA pour les toutes petites poitrines jusqu'au 105F pour les plus généreuses et ce, avec un excellent maintien. Culotte, boxer, shorty, caraco, nuisette, pyjama et chemise de nuit accompagnent la lingerie femme. Pour les hommes une gamme complète de caleçon américain ou anglais et pyjama, veste et pantalon est proposée. Du 34 au 54 pour l'ensemble de nos bas hors boxer et shorty. Tous nos articles sont disponibles en sur-mesure.",,https://www.mifexpo.fr/exposants/fleurs-pois-et-cie-1306/?fromsalon=952944,,
FLIP DESIGN,flipdesign.fr,,,,France,Stand Village de l'Artisanat - D21.27,"Chez Flip Design, notre produit, c'est avant tout notre savoir-faire. Depuis notre atelier familial de Gaillac (Tarn), notre ébénisterie donne vie à du mobilier et de l'agencement intérieur 100% sur mesure, pour permettre à chacun de vivre dans un intérieur qui lui ressemble. Ce savoir-faire s'exprime aussi à travers nos plans de travail sur mesure en bois massif, avec deux gammes reconnues, Lamellé Collé et Vintage, toutes deux issues d'un travail exigeant et d'une connaissance minutieuse du bois. Notre atelier Bois et Métal élargit ce savoir-faire aux projets associant les deux matières. Toute notre production s'inscrit dans une démarche zéro déchet certifiée.",,https://www.mifexpo.fr/exposants/sas-flip-design-984739/?fromsalon=952944,,
FLÉCHET,flechet.eu,,,,France,Stand i40,"L'un des derniers véritables fabricants de chapeaux français. Fondée en 1859, elle fabrique encore aujourd'hui des chapeaux en France dans ses ateliers de Loudun.",,https://www.mifexpo.fr/exposants/sarl-flechet-100733/?fromsalon=952944,,
Foliz Kombucha,folizkombucha.fr,,,,France,Stand Village de l'Artisanat - D21.23,,,https://www.mifexpo.fr/exposants/brasseurs-passion-986106/?fromsalon=952944,,
FONDERIE D'HISTOIRES,fonderiedhistoires.fr,,,,France,Stand Village de l'Artisanat - D21.93,"Fonderie d’Histoires conçoit des flèches directionnelles, clous de parcours et porte-clés personnalisés en bronze. Destinées aux collectivités, aux sites touristiques, aux entreprises mais aussi aux particuliers, nos créations mettent en valeur un lieu, une histoire, un souvenir ou un parcours de vie. Pensées pour durer, elles allient élégance, durabilité et transmission de la mémoire.",,https://www.mifexpo.fr/exposants/sarl-gravdeco-981375/?fromsalon=952944,,
FRANCE-KONJAC,france-konjac.fr,,,,France,Stand D84,"Pourquoi allons-nous développer notre filière FRANCE KONJAC ? Parce que notre konjac possède quatre grandes vertus : -Vertu médicinale : indice glycémique faible, réduction de mauvais cholestérols, anti-constipation -Vertu alimentaire : absence de gluten, riche en fibres alimentaires -Vertu diététique : pauvre en calorie, effet de coupe-faim et effet de satiété rapide -Vertu cosmétique : effet exfoliant de l’éponge de konjac. Nous proposons nos produits fabriqués en Anjou: - Nouilles/riz/pâtes de konjac à partir de farine de konjac japonais - Nouilles/riz/pâtes de konjac à partir de tubercules de konjac français - Nouilles/riz/pâtes de konjac aux algues Nori de Bretagne, au Paprika, aux spirulines d'Anjou... Et bientôt, les éponges de konjac made by France-Konjac! Venez nous voir!",,https://www.mifexpo.fr/exposants/sas-plant-innovation-rd-388287/?fromsalon=952944,,
Fromagerie de Jort,jort.fr,,,,France,Stand E02 - entreprise présente uniquement le samedi 14 novembre,- 3 septembre 2026 : Post ILS PARTICIPENT sur Instagram et Facebook,,https://www.mifexpo.fr/exposants/fromagerie-de-jort-986919/?fromsalon=952944,,
Fromagerie de la Houssaye,groupe-beillevaire.com,,,,France,Stand E02 - entreprise présente uniquement le dimanche 15 novembre,,,https://www.mifexpo.fr/exposants/fromagerie-de-la-houssaye-986958/?fromsalon=952944,,
FROMAGERIE DES CABASSES,cabasses.fr,,,,France,Stand F85,,,https://www.mifexpo.fr/exposants/sas-autour-du-buis-des-cabasses-761031/?fromsalon=952944,,
Fromagerie du Plessis,,,,,France,Stand E02 - entreprise présente uniquement le vendredi 13 novembre,Fromages de Normandie AOP,,https://www.mifexpo.fr/exposants/fromagerie-du-plessis-986897/?fromsalon=952944,,
Frênette Achille,frenetteachille.fr,,,,France,Stand Village de l'Artisanat - D21.98,Frênette Achille originale Frênette Achille à la fleur de sureau Frênette Achille au gingembre,,https://www.mifexpo.fr/exposants/les-frenologues-986240/?fromsalon=952944,,
FUTAINE,futaine.com,,,,France,Stand P10-Q09,,,https://www.mifexpo.fr/exposants/futaine-scop-783041/?fromsalon=952944,,
FÉRET PARFUMEUR,feret-parfumeur.fr,,,,France,Stand H53,,,https://www.mifexpo.fr/exposants/sarl-epv-954602/?fromsalon=952944,,
GABRIELLE D'OR,laurencegossart.fr,,,,France,Stand Village de l'Artisanat - D21.109,,,https://www.mifexpo.fr/exposants/laurence-gossart-984268/?fromsalon=952944,,
GAGA de Déco,gagadedeco.fr,,,,France,Stand Village de l'Artisanat - D21.35,"Lampes et créations textiles Chaque pièce est entièrement réalisée à la main dans mon atelier. Mes lampes tube, déclinées en différentes hauteurs. Mes lampes chapeaux chinois et rouleaux d’imprimerie. Eléments anciens, détournés qui deviennent des pièces singulières en bois avec incrustations métalliques. Coiffés d’abat-jour en tissu tendu plissé et en contrecollé en soie. Pour compléter ces créations, je réalise des coussins assortis dans des tissus d’éditeurs de renom.",,https://www.mifexpo.fr/exposants/gaga-de-deco-981083/?fromsalon=952944,,
GAMAUX®,gamaux.fr,,,,France,Stand L73,"GAMAUX® est plus qu’un jeu, c’est une invitation à prendre soin de soi et des autres de 3 à 120 ans ! 1er Jeu de 69 cartes Pédagogique pour la Sécurité de la Santé Mentale ! De 1 à 6 joueurs, contenant 5 jeux en 1 (voire plus), comprendre, jouer et échanger en famille, entre amis, à l'école, au travail, et même pour les professionnels de santé. Les cartes sont liées entre elles, et permettent de revenir à la réalité, d’aborder des questions simples, des choix personnels, et de stimuler la discussion de tisser des échanges ensemble. Et GAMAUX® a tout prévu pour les voyages, sont inclus dans ces 69 cartes les 54 cartes à jouer que vous connaissez bien au lieu d’avoir ♥ ♠ ♦ ♣ vous aurez les couleurs Bleue, Violette, Orange et Rouge, près pour faire des réussites, des batailles, une belote, tout ce dont tu as envie ! Avec ses graphismes attrayants, GAMAUX® est un jeu dédié pour la Sécurité de la Santé Mentale, accessible à tous les âges. Un allié pour la vie, transmissible de génération en génération. Fabrication 100% Euroise 😃 ** : Cadeau distribué dans la limite des stocks disponibles merci",,https://www.mifexpo.fr/exposants/societe-business-953985/?fromsalon=952944,,
GARCIN CONFECTION,garcinconfection.com,,,,France,Stand J34,,,https://www.mifexpo.fr/exposants/centrale-de-la-lingerie-du-textile-966815/?fromsalon=952944,,
GARNIER THIEBAUT,garnier-thiebaut.fr,,,,France,Stand O20-P19,"Expression de créativité et de savoir-faire, Garnier-Thiebaut tisse depuis près de 200 ans au cœur des Vosges les plus beaux damassés de coton qui apportent aux intérieurs élégance, fantaisie et qualité de vie. NOTRE MISSION Utiliser - le meilleur de l'innovation et de la technologie, un savoir-faire historique et une organisation flexible pour proposer des solutions et services adaptés à chaque client particulier ou professionnel. Être - une force créatrice de beauté et d'inspiration pour les clients et utilisateurs de nos produits. Fournir - des produits et designs de qualité avec un excellent rapport qualité-prix perceptible.",,https://www.mifexpo.fr/exposants/garnier-thiebaut-574360/?fromsalon=952944,,
Gaspard HEUTTE Nacre & Perles,gaspardheutte-nacre.com,,,,France,Stand Village de l'Artisanat - D21.121,,,https://www.mifexpo.fr/exposants/ei-gaspard-heutte-nacre-perles-981409/?fromsalon=952944,,
GATINE,chaussuresdegatine.fr,,,,France,Stand i33,"Nos chaussures sont conçues pour les travailleurs de la terre depuis 1957. En gardant toujours notre travail manufacturé et notre savoir-faire, notre gamme s'est agrandie en ajoutant des modèles plus citadins et féminins.",,https://www.mifexpo.fr/exposants/flos-114739/?fromsalon=952944,,
GEORGES ET THÉRÈSE 1931,georgesettherese.com,,,,France,Stand P40,"La passion du savoir-faire artisanal français anime notre histoire depuis plus de 95 ans. Tout commence en 1931, à Nîmes, lorsque nos grands-parents, Georges et Thérèse, reprennent une usine Fafiot spécialisée dans la fabrication de chaussons pour bébés. À cette époque, l’activité est principalement tournée vers la création de modèles destinés au premier âge, répondant aux besoins des familles de la région. Quelques années plus tard, animés par leur esprit d’entreprendre et leur passion du métier, ils font évoluer l’entreprise et transforment l’établissement en une boutique dédiée aux chaussons et pantoufles. Grâce à leur sens du détail, leur exigence de qualité et leur amour des belles choses, ils bâtissent au fil du temps un véritable héritage familial, toujours vivant aujourd’hui. Après plus de neuf décennies d’aventure, nous avons choisi de faire perdurer cette belle histoire en créant la marque Georges et Thérèse 1931, pensée pour tous les amoureux du confort et de l’élégance à la française. Nous croyons profondément à la richesse de la tradition française, alliée à l’innovation et au savoir-faire de nos partenaires. Chaque paire de chaussons raconte une histoire unique : celle de femmes et d’hommes passionnés, engagés à vous offrir le meilleur du confort, du style et de la qualité pour toute la famille. Avec Georges et Thérèse 1931, avançons ensemble vers un quotidien plus doux, plus chaleureux et plus élégant. Nos créations reflètent l’excellence française et nous sommes fiers de vous accompagner, pas après pas, dans cette belle aventure placée sous le signe du confort, de l’authenticité et du bien-être.",,https://www.mifexpo.fr/exposants/gt-diffusion-760032/?fromsalon=952944,,
GIFFARD,giffard.com,,,,France,Stand P66-Q67,,,https://www.mifexpo.fr/exposants/giffard-772258/?fromsalon=952944,,
GIGNOUX,pierregignoux.fr,,,,France,Stand F50,"Depuis près de vingt ans, Gignoux est un acteur de référence dans l’univers du ski de randonnée. Pionnière dans l’utilisation du carbone pour la conception de chaussures de ski, l’entreprise repousse les limites de la légèreté, de la performance et de l’innovation. Chaque paire de chaussures est fabriquée à la main dans notre atelier au cœur des Alpes françaises, à quelques minutes seulement des montagnes qui servent de terrain d’essai. Cette proximité avec le terrain, associée à un savoir-faire artisanal exigeant, nous permet de concevoir des produits d’exception, pensés par des passionnés pour les passionnés.",,https://www.mifexpo.fr/exposants/gignoux-977590/?fromsalon=952944,,
Girafruit,girafruit.com,,,,France,Stand P29,"Girafruit est un cueille-fruit léger, innovant et Made in France qui vous permet de cueillir vos fruits en douceur jusqu’à 4m de hauteur. Ce qui le rend unique: il réplique le geste de la main assurant ainsi une préhension précise et adaptée. Sa prise en main est très rapide et nul besoin dorénavant d’utiliser une échelle ou un escabeau ! Les cerises, les figues, les pêches, les abricots, les prunes, les pommes, les poires et les coings seront désormais à votre portée ! Il suffira juste d’aller les cueillir à maturité, seul, en famille ou entre amis. Venez nous voir sur www.girafruit.com Suivez-nous sur @Legirafruit ou contactez-nous sur contact@girafruit.com A bientôt ! L’Equipe Girafruit",,https://www.mifexpo.fr/exposants/innogaia-977118/?fromsalon=952944,,
GLASS ART GB,souffleurdeverre.com,,,,France,Stand Village de l'Artisanat - D21.75,,,https://www.mifexpo.fr/exposants/glassart-gb-sasu-980989/?fromsalon=952944,,
GLASS FWI,glassfwi.sumupstore.com,,,,France,Stand Village de l'Artisanat - D21.120,,,https://www.mifexpo.fr/exposants/sasu-satsan-thomas-1003778/?fromsalon=952944,,
GLAZ LA CHOCOLATERIE,chocolaterieglaz.com,,,,France,Stand i76,"Glaz est une chocolaterie artisanale installée à Quiberon depuis Pâques 2023. Les chocolats et les créations sont réalisées par Julien Gouzien, maitre chocolatier. Pralinés, ganaches, tablettes, orangettes, galets iodés, Petits caramels du grand large et autres gourmandises seront à retrouver !",,https://www.mifexpo.fr/exposants/la-chocolaterie-de-la-presquile-741249/?fromsalon=952944,,
GOBEL,gobel.fr,,,,France,Stand N06,"Cette histoire commence en 1887, deux ans avant la construction de la Tour Eiffel. Paris est en train de devenir le centre de la création mondiale. La gastronomie française explose et suscite la curiosité des gourmets et des chefs du monde entier. Un entrepreneur visionnaire, ETIENNE GOBEL se lance dans la fabrication de moules à gâteaux, en cuivre et en fer blanc. Le succès est immédiat et international. Bientôt à l’étroit dans ses murs parisiens, ETIENNE GOBEL installe son usine en Touraine où elle se trouve toujours et où s’y perpétue la tradition.",,https://www.mifexpo.fr/exposants/louis-tellier-954411/?fromsalon=952944,,
GRAIN DE SAIL,graindesail.com,,,,France,Stand J79,"Grain de Sail se sont des chocolats et des cafés BIO transportés grâce à notre flotte de voiliers cargos transatlantiques. Plusieurs fois par an, nous exportons des produits (vins, épicerie fine...) vers New York et importons une partie de nos matières premières en provenance des Caraïbes avec un bilan carbon au ras des pâquerettes !",,https://www.mifexpo.fr/exposants/grain-de-sail-sas-436300/?fromsalon=952944,,
Graine de gouge,,,,,France,Stand Village de l'Artisanat - D21.166,"De différents formats, il s'agit de linogravures avec l'alliance du gaufrage, de la dorure décorative et de l'aquarelle. Les linogravures, signées et numérotées, évoquent plusieurs thèmes, de la nature à l'architecture, comme le patrimoine bâti jusqu'à des objets symptomatiques d'une époque (appareil photo, boîte de bonbons,...)",,https://www.mifexpo.fr/exposants/bosquet-gilles-985930/?fromsalon=952944,,
GRATITUDE,gratitude-lin.fr,,,,France,Stand D36,"Gratitude crée des vêtements en lin dans un atelier situé à seulement 10 km de Paris. La fibre de lin, cultivée en France, permet à la marque de concevoir des t-shirts, pantalons, chemises et robes en circuit court.",,https://www.mifexpo.fr/exposants/gratitude-967845/?fromsalon=952944,,
GREEN-E,green-e.fr,,,,France,Stand M05,"GreenE France conçoit et fabrique en France des câbles et chargeurs USB-C universels, éco-conçus à partir de plastiques recyclés et recyclables. Les produits sont pensés pour être durables et universels, afin de réduire l’impact environnemental et favoriser la relocalisation industrielle d'Asie en France.",,https://www.mifexpo.fr/exposants/sas-green-e-954597/?fromsalon=952944,,
GRENOUILLE ROUGE,grenouillerouge.com,,,,France,Stand E19,"Fondée en Normandie par Marie-Isabel Rojo, Grenouille Rouge est une marque française spécialisée dans les sacs, cabas, paniers et accessoires de décoration personnalisables. Inspirée par les matières naturelles telles que le lin, le chanvre et la toile de jute, la créatrice met à l’honneur un savoir-faire artisanal authentique et durable. Fabriquées dans son atelier normand, les collections Grenouille Rouge allient élégance, robustesse et personnalisation. Depuis la création de la marque en 2016, l’entreprise s’attache à valoriser la fabrication française, les matières naturelles et le commerce de proximité, tout en proposant des produits à la fois pratiques et intemporels.",,https://www.mifexpo.fr/exposants/rmd-diffusion-1565/?fromsalon=952944,,
GROUPE SEB,groupeseb.com,,,,France,Stand K02-N03,"Référence mondiale du Petit Equipement Domestique et du café professionnel, le Groupe SEB déploie son activité en s’appuyant sur un portefeuille de 45 marques emblématiques (Tefal, Seb, Rowenta, Moulinex, Krups, Lagostina, All-Clad, WMF, Emsa, Supor…), commercialisées à travers une distribution multi format. Vendant plus de 400 millions de produits par an, il met en œuvre une stratégie de long terme fondée sur l’innovation, le développement international, la compétitivité et le service au client. Présent dans 150 pays, le Groupe SEB a réalisé un chiffre d'affaires de 8,3 milliards d'euros en 2024 et emploie plus de 32 000 collaborateurs.",,https://www.mifexpo.fr/exposants/groupe-seb-775293/?fromsalon=952944,,
Guilleminot Père et Fils,guilleminot-traiteur.com,,,,France,Stand Village de l'Artisanat - D21.72,,,https://www.mifexpo.fr/exposants/sarl-guilleminot-pere-et-fils-985604/?fromsalon=952944,,
Gîtes de France,gites-de-france.com,,,,France,Stand M80,"Choisissez parmi les 56 000 hébergements de location de vacances : gîtes, chambres d’hôtes (Bed & Breakfast), city-break (location en ville), gîtes de groupe pour des réunions familiales ou des séminaires professionnels, gîtes d’enfants et campings en pleine nature. Retrouvez les hébergements Gîtes de France® partout en France, le temps d’un séjour ou d’un week-end à la campagne, à la montagne ou en ville, dans toutes les régions de France. Découvrez nos séjours pour des vacances en Gîtes de France® à petit prix au fil des saisons. Où que vous alliez nos 43 000 propriétaires vous accueilleront pour partager des moments uniques, des bonnes adresses. Vous ferez des découvertes qui vous procureront vos plus beaux souvenirs de vacances !",,https://www.mifexpo.fr/exposants/federation-nationale-gites-de-france-551181/?fromsalon=952944,,
HABAN'S,sauceshabans.fr,,,,France,Stand Pavillon Ile de France,"Des sauces piquantes artisanales gourmandes, où le piment Habanero est à l’honneur, accompagné de ses plus fidèles alliés pour le sublimer et lui faire ressortir toutes ses saveurs si caractéristiques. Des recettes où le piquant peut être très discret, accessible à toute la famille, ou très explosif, pour des palais avides de sensations fortes. Nos sauces piquantes sont cuisinées dans les Yvelines, en France, dans notre conserverie, avec des produits frais sélectionnés avec le plus grand soin. Aucun conservateurs, colorants ou arômes artificiels n’ont été ajoutés.",,https://www.mifexpo.fr/exposants/habans-977204/?fromsalon=952944,,
HARMO SKINCARE,harmo-skincare.fr,,,,France,Stand H66bis,,,https://www.mifexpo.fr/exposants/les-harmonieuses-sas-980933/?fromsalon=952944,,
HAUTEVUE,hautevuebeaute.com,,,,France,Stand Pavillon Ile de France,,,https://www.mifexpo.fr/exposants/hautevue-977323/?fromsalon=952944,,
HELLO RÉCIT,hellorecit.com,,,,France,Stand Pavillon Ile de France,"- 4 box d'enquête sur les îles de l'océan indien pour les 6 à 10 ans (Madagascar, Mayotte, Les Seychelles & La Réunion) - 1 jeu de société sur la ville de Paris : cherche & trouve une histoire !",,https://www.mifexpo.fr/exposants/hello-recit-980757/?fromsalon=952944,,
HINU COSMETIQUE,hinu-cosmetique.fr,,,,France,Stand Village de l'Artisanat - D21.154,Soins visage et corps dédiés aux peaux sensibles. Les huiles végétales sont sélectionnées pour leur finesse. Elles remplacent les crèmes hydratantes sans laisser de film gras sur la peau. L'objectif : utiliser un maximum d'actifs provenant de plantes françaises,,https://www.mifexpo.fr/exposants/aline-cherasse-ei-984759/?fromsalon=952944,,
HIPPOCAMPE NATURE,,,,,France,Stand Village de l'Artisanat - D21.126,,,https://www.mifexpo.fr/exposants/ei-hippocampe-nature-984904/?fromsalon=952944,,
Hopoli l'enfile-couette,hopoli.com,,benjamin@hopoli.com,,France,Stand K06,"Nous commercialisons notre invention, un enfile-couette qui facilite le changement de la housse de couette grâce à laquelle nous avons gagné la Médaille d'Or du dernier Concours Lépine ! Vous suspendez les 2 pinces en acier à une porte, puis grâce à quelques gestes simples vous enfilez une housse sur sa couette sans faire aucun effort physique . Le concept est simple mais d'une efficacité étonnante. Regardez la démonstration ( Cliquez ici ) et vous serez surpris de la facilité avec laquelle on utilise l'enfile-couette :) Sur le salon MIF Expo nous ferons évidemment des démonstrations tout au long de la journée. ***MÉDIAS/PRESSE*** : La démonstration de l'enfile-couette fait de très belles images, n'hésitez pas à venir voir en live ou à feuilleter notre dossier de presse au Club VIP (ou sur demande à benjamin@hopoli.com )",,https://www.mifexpo.fr/exposants/rimatec-104705/?fromsalon=952944,,
HOPOPOTE,hopopote.fr,,,,France,Stand Village de l'Artisanat - D21.184,"Hopopote est née de l’envie de simplifier le bien-manger sans sacrifier le plaisir ni le temps. Notre mission ? Réinventer le quotidien avec des préparations culinaires sèches, salées et sucrées, ultra-gourmandes et à haute valeur nutritionnelle. Le principe est d’une simplicité enfantine : ajoutez uniquement de l’eau, et votre cake salé aux olives ou cookies faits maison sont prêts en un tour de main ! Sans additifs ni conservateurs, nos recettes privilégient des ingrédients naturels et de qualité pour alléger votre charge mentale tout en régalant vos papilles. Implantés au cœur de la Savoie, nous maîtrisons chaque étape de notre aventure, de la formulation sur-mesure de nos recettes jusqu’à leur production artisanale. Venez nous rencontrer sur le stand Hopopote pour échanger avec nous et retrouver toute l’authenticité de nos montagnes dans des produits sains, gourmands et sans prise de tête ! »",,https://www.mifexpo.fr/exposants/hopopote-993983/?fromsalon=952944,,
HUGO,hugo-france.com,,,,France,Stand G82,"Hugo, le local en bocal pour des cornichons 100% français ! HUGO, la marque de référence des pickles français met le local en bocal, pour le plus grand plaisir des gourmands ! Cette marque de la PME Reitzel regroupe tous les produits made in France de l’entreprise et arrive en rayons pour porter haut les couleurs du cornichon français, 100 % bleus-blancs-rouges. HUGO, c’est la nouvelle marque dédiée au cornichon 100 % français, 100% frais, accessible, et disponible dans toutes les grandes et moyennes surfaces.",,https://www.mifexpo.fr/exposants/reitzel-briand-238497/?fromsalon=952944,,
IDESHALLES,ideshalles.fr,,,,France,Stand N36,,,https://www.mifexpo.fr/exposants/ideshalles-jamin-ei-995570/?fromsalon=952944,,
IDVÉGÉTAUX,idvegetaux.com,,,,France,Stand O27,"Le cadre devient l’oeuvre. Créer le lien entre les deux éléments afin de n’en être qu’un, il fallait oser. Alliage entre un cadre ancien et le bois brut. Trouver le bois, la racine, l’écorce ou la branche inspirante qui par sa forme va se confondre et devenir un cadre, ou inversement accorder le cadre au végétal. Nettoyer, poncer, sculpter, reconstituer et peindre sont quelques-unes des étapes de cette fusion entre les deux éléments. Des végétaux stables et durables qui offre une alternative pour une décoration originale dans un réel souci d’éco-responsabilité et de réemploi de matériaux sans aucun entretien.",,https://www.mifexpo.fr/exposants/idvegetaux-763292/?fromsalon=952944,,
ILLIGER,illiger.com,,,,France,Stand Village de l'Artisanat - D21.74,"Illiger – Accessoires textiles fabriqués à Nancy Illiger est une marque artisanale nancéienne spécialisée dans la création d’accessoires textiles contemporains, imaginés et confectionnés en petites séries dans l’atelier de Rémi Illig à Nancy. La collection s’articule autour du nœud papillon, pièce emblématique de la marque, décliné dans une sélection de tissus soigneusement choisis : cotons japonais, imprimés Liberty, batiks indonésiens, lainages et étoffes de qualité. Chaque modèle est confectionné à la main, avec une attention particulière portée aux finitions, aux proportions et au choix des associations de matières et de motifs. Au fil des collections, l’univers Illiger s’est élargi à d’autres accessoires : cravates, bretelles, boutons de manchette, trousses de toilette, sacs et accessoires du quotidien. Des pièces pensées pour apporter une touche singulière à une tenue, tout en conservant une fabrication artisanale et une production en petites quantités. La marque privilégie les petites séries et les fabrications à taille humaine, permettant de proposer des pièces originales et de renouveler régulièrement les collections. Certains modèles sont également réalisés en édition limitée. À travers Illiger, l’objectif est de défendre une mode d’accessoires créative, durable et locale, en valorisant le travail manuel, le choix des matières et le savoir-faire artisanal français. Tous les accessoires sont imaginés et confectionnés à Nancy, en Lorraine.",,https://www.mifexpo.fr/exposants/ei-illiger-983146/?fromsalon=952944,,
IMA PROTECT,imaprotect.com,,,,France,Stand F69,"Solutions d’alarme, de télésurveillance et de maison connectée pour particuliers et professionnels.",,https://www.mifexpo.fr/exposants/ima-protect-775090/?fromsalon=952944,,
IMPACT,cosmecarelab.com,,,,France,Stand J54,,,https://www.mifexpo.fr/exposants/complementhair-1003706/?fromsalon=952944,,
IMPRIMERIE GRAPHOT,graphot.fr,,,,France,Stand L80-M79,"Imprimerie offset, sérigraphie, étiquettes en continu Signalétique intérieur/extérieur, numérique grand format Jeux de société et packaging",,https://www.mifexpo.fr/exposants/graphot-imprimerie-970107/?fromsalon=952944,,
IN THE CORNER,inthecorner.store,,,,France,Stand P02,,,https://www.mifexpo.fr/exposants/theallies-983388/?fromsalon=952944,,
INFUSE,infusemontpellier.fr,,,,France,Stand Q35,"Les produits d'Infuse Montpellier : 1. Nos mélanges signature : Une trentaine de tisanes en sachets créées par nos docteurs en pharmacie, nommées selon leurs vertus (brûlures d'estomac, minceur…) ou inspirées de lieux emblématiques d'Occitanie comme « Les Étangs de l'Or » (détox) ou « Jardin des Plantes » (vitalité). Nos best-sellers : « Mélange Gourmand » et tisane « Détente ». 2. Notre bar à plantes : Plus de 150 espèces de plantes aromatiques et médicinales, thés, fruits, légumes secs et épices pour confectionner vos tisanes. 3. Notre bar à tisanes : Dégustez nos créations sur place dans une ambiance chaleureuse avant de les emporter. 4. Tisanes personnalisées : Nos pharmaciennes et naturopathes créent votre tisane sur-mesure lors d'un entretien individuel. Votre formule unique est enregistrée pour faciliter vos prochains achats. Suivi et ajustements assurés. Disponible en boutique, par téléphone ou visio.",,https://www.mifexpo.fr/exposants/infuse-785579/?fromsalon=952944,,
INFUSIONAD,infusionad.com,,,,France,Stand N66,"Basée près d'Angers, Infusionad est une entreprise spécialisée dans la création d'infusions. Toutes nos recettes sont imaginées, développées et assemblées dans notre atelier, à partir de plantes, de fruits et d'épices rigoureusement sélectionnés. Chaque infusion est une création originale, élaborée avec le souci de proposer des recettes uniques et gourmandes. À travers nos dégustations, nous faisons découvrir aux visiteurs notre savoir-faire local ainsi que l'univers de nos infusions, à froid comme à chaud selon la saison. Ces moments d'échange permettent de raconter l'histoire de nos créations et de mettre en avant une fabrication locale et artisanale. Nous serions ravis de participer à votre événement afin de faire découvrir nos produits et de valoriser le savoir-faire angevin auprès de vos visiteurs. Installés près d’Angers, nous avons créé Infusionad avec une idée simple : faire des infusions qui changent un peu de l’ordinaire ! Dans notre atelier, nous imaginons, testons et assemblons nous-mêmes chacune de nos recettes. Plantes, fruits, épices… nous sélectionnons chaque ingrédient avec soin pour créer des mélanges originaux, gourmands et surtout pleins de caractère. Et parce qu’une infusion, ça se raconte aussi, nous aimons partager notre univers directement avec les visiteurs. Lors de nos dégustations, on vous fait découvrir nos créations à chaud ou à froid, selon la saison et l’envie ! C’est l’occasion d’échanger, de goûter, de découvrir comment sont imaginées nos recettes et de vous faire entrer dans les coulisses d’Infusionad. Bref, chez nous, pas de grandes machines ni de recettes toutes faites : juste Arnaud, Clémence, de bonnes plantes et beaucoup d’idées ! 🌱",,https://www.mifexpo.fr/exposants/infusionad-996159/?fromsalon=952944,,
Inlakesh Paris,inlakesh-paris.com,,,,France,Stand i61bis,,,https://www.mifexpo.fr/exposants/ebe-1008098/?fromsalon=952944,,
INPI,inpi.fr,,,,France,Stand E69,,,https://www.mifexpo.fr/exposants/inpi-620679/?fromsalon=952944,,
INSPYRATIONS,inspyrations.co,,,,France,Stand K39,"Nous avons fondé Inspyrations en 2023 pour bousculer le système en changeant radicalement la façon de concevoir, construire, produire et réutiliser les vêtements. Nous attribuons une exigence obsessionnelle à fusionner excellence environnementale, esthétique, et performance fonctionnelle sans compromis. Chaque pièce Inspyrations est une réalisation exceptionnelle, une affirmation de notre vision et de nos valeurs.",,https://www.mifexpo.fr/exposants/inspyrations-sas-582494/?fromsalon=952944,,
INSTRUMENTS BY BRAS,instrumentsbybras.com,,,,France,Stand Pavillon Ile de France,,,https://www.mifexpo.fr/exposants/instruments-by-bras-977367/?fromsalon=952944,,
INTUIS,groupe.intuis.fr,,,,France,Stand G18,"Intuis, propose des solutions et des services pour offrir un confort thermique dans les lieux de vie résidentiels, industriels et tertiaires, tout en limitant son impact environnemental. Chez intuis, découvrez des chauffages électriques intelligents, des pompes à chaleur, des sèche-serviettes connectés ou encore des chauffe-eau thermodynamiques fabriqués en France.",,https://www.mifexpo.fr/exposants/intuis-services-1442/?fromsalon=952944,,
IRISÉ PARIS,irise-paris.fr,,,,France,Stand H66,COMPOSEZ VOUS-MÊME VOTRE MOOD BOX ! La palette de maquillage anti-gaspillage et personnalisable composée de produits aux formules à la fois naturelles et professionnelles.,,https://www.mifexpo.fr/exposants/irise-paris-113668/?fromsalon=952944,,
Isaac Ari Couturier Créateur,isaacari.fr,,,,France,Stand Village de l'Artisanat - D21.88,"Une mode atypique, affranchie des codes et à la croisée des cultures. Des vêtements engagés, réalisés à partir de tissus issus de stocks dormants et/ou chinés. Des pièces uniques pour affirmer sa personnalité.",,https://www.mifexpo.fr/exposants/ei-leroux-kevin-980982/?fromsalon=952944,,
ISOTTA PARFUMS BIOLOGIQUES,isottaparfums.com,,,,France,Stand i64bis,,,https://www.mifexpo.fr/exposants/isolde-954554/?fromsalon=952944,,
Itinéraire BEE - Gelée Royale,itinerairebee.fr,,,,France,Stand i59bis,,,https://www.mifexpo.fr/exposants/lesage-camille-762139/?fromsalon=952944,,
JANE & CO,janeandco.fr,,,,France,Stand G39,"Bienvenue dans l’univers de Jane & Co !!! Depuis 2021, nous avons décidé de mettre de la couleur et du Français dans vos garde-robes. Nos foulards sont réversibles avec un motif différent de chaque côté. Vous sortez avec un motif le matin et vous rentrez avec un autre le soir. Dans une démarche zéro déchet, nous récupérons les chutes des foulards pour créer des accessoires.",,https://www.mifexpo.fr/exposants/jane-co-133014/?fromsalon=952944,,
JANE COUTURE,janecouture.fr,,,,France,Stand P06,,,https://www.mifexpo.fr/exposants/jane-couture-975134/?fromsalon=952944,,
JANE JAQUIN,janejaquin.com,,,,France,Stand Village de l'Artisanat - D21.124,,,https://www.mifexpo.fr/exposants/mudu-984744/?fromsalon=952944,,
JARDINS,jardins.co,,,,France,Stand H87,"Nous avons créé Jardins pour proposer des apéritifs sans alcool aussi qualitatifs et élégants que les meilleurs spiritueux. Nous avons sélectionné les meilleurs ingrédients et travaillé avec des artisans passionnés pour créer des boissons gastronomiques dignes des plus grandes tables. Nous mettons un point d’honneur à proposer des boissons naturelles et saines : c’est pourquoi nos boissons sont bio et faibles en sucre. Nous proposons deux gammes : une gamme d'apéritif à mettre en base de cocktails, et notre gamme Bulles de Jardins, à boire telle quelle pour l'apéritif : une alternative élégante au champagne.",,https://www.mifexpo.fr/exposants/jardins-drinks-741290/?fromsalon=952944,,
JB ARTISAN CHOCOLATIER,jbchocolatier.fr,,,,France,Stand Village de l'Artisanat - D21.14,"Chez JB Artisan Chocolatier, nous imaginons et fabriquons dans notre atelier une large gamme de chocolats et de gourmandises artisanales faites maison (pas de revente) : bonbons de chocolat, ganaches, pralinés, caramels, tablettes, pâtes à tartiner, confiseries comme les pâtes de fruits, la guimauve et créations saisonnières. Nous sélectionnons avec exigence des matières premières de qualité, de préférence et si possible locales (miel, oeufs, beurre, lait, crème,..).",,https://www.mifexpo.fr/exposants/sarl-jb-artisan-chocolatier-985608/?fromsalon=952944,,
JCLSMIF - Les Prothésistes Dentaires Français,lesprothesistesdentairesfrancais.fr,,,,France,Stand J58,"Créé en 2020, Je Choisis Le Sourire Made in France est une association qui valorise la fabrication française des prothèses dentaires et le savoir-faire des prothésistes dentaires français. Couronne, bridge, appareil dentaire… derrière chaque prothèse se trouvent des femmes et des hommes qui conçoivent et fabriquent, en collaboration avec les chirurgiens-dentistes, des dispositifs médicaux sur mesure destinés aux patients. Pourtant, lorsque nous recevons une prothèse dentaire, nous ne savons pas toujours où elle a été fabriquée, par qui et dans quelles conditions. L'association Je Choisis Le Sourire Made in France souhaite remettre le patient au cœur de cette question et l’encourager à s’informer sur l’origine de sa prothèse auprès de son chirurgien-dentiste.",,https://www.mifexpo.fr/exposants/jclsmif-976623/?fromsalon=952944,,
JEAN DUBOST,jeandubost.fr,,,,France,Stand P15,"Reconnue en France et à l'international pour son savoir-faire centenaire, la coutellerie Jean Dubost est également labellisée ""Engagée RSE niveau confirmé 2*"" par AFNOR certification pour son savoir-être, nous avons défini la raison d'être de Jean Dubost en trois points : - Fabriquer des couverts de table, des couteaux et ustensiles de cuisine en développant l’emploi sur notre territoire par une fabrication locale et raisonnée où l’humain est au cœur de notre action. - Pérenniser, développer et transmettre aux générations futures notre savoir-faire centenaire pour proposer des produits durables, accessibles et techniques qui facilitent les préparations culinaires et embellissent les tables au quotidien en France et à travers le monde. - Fabriquer et innover dans le respect de l’environnement et de ses ressources pour un monde responsable et durable favorisant l’économie circulaire.",,https://www.mifexpo.fr/exposants/jean-dubost-550536/?fromsalon=952944,,
JEANNETTE 1850,jeannette1850.com,,,,France,Stand F17,"C’est à Caen, en 1850 que naît la Biscuiterie Normande. Très vite, la biscuiterie se spécialise dans la fabrication de produits de luxe à base de matières premières de grande qualité venant de Normandie. La Biscuiterie sera très vite reconnue pour la qualité de ses produits et obtiendra de nombreuses récompenses dont la médaille d’argent lors de l’Exposition Universelle de Paris en 1900.",,https://www.mifexpo.fr/exposants/sas-jeannette-1850-1792/?fromsalon=952944,,
JESS JEANS,jess-jeans.fr,,,,France,Stand i38,"Implanté dans le bocage, à Bressuire, berceau de la confection en Deux-Sèvres, L'atelier JESS JEANS utilise des tissus premium tissés dans les Vosges. Notre ligne de production est constituée de 40 machines automatisées et programmables de dernière génération. Elles garantissent des coutures qualitatives et robustes (utilisation habituelle de ces process en haute couture). Nos professionnels expérimentés assurent la fabrication de JEANS éthiques, durables et solidaires. Cet atelier porté par l'ADAPEI79 qui emploie des ouvriers en situation de handicap, renforce la valeur humaine de ces fabrications.",,https://www.mifexpo.fr/exposants/adapei-79-actea-263884/?fromsalon=952944,,
JUIN FAIT LE LIN,juinfaitlelin.fr,,,,France,Stand L43,"Juin fait le lin est l'atelier de tricotage et d'innovation dédié au lin et œuvrant pour une industrie textile vivante. Nous innovons en tricotant des matières naturelles et locales afin de réinventer une filière textile française empreinte d’humain, de beau, de sens. Nous avons créé notre marque vitrine de la maille de lin et nous proposons notre savoir-faire aux marques ainsi qu’aux tricoteurs souhaitant travailler avec ces matières vertueuses.",,https://www.mifexpo.fr/exposants/juin-fait-le-lin-574365/?fromsalon=952944,,
JULIEMOON ACCESSOIRES,juliemoon.fr,,,,France,Stand Village de l'Artisanat - D21.156,"Le fameux col amovible, l’accessoire tendance pour apporter la dernière touche à une tenue féminine. Les foulards et snood tout doux et chauds pour chaque membre de la famille, pour un hiver élégant. Le cordon de téléphone indispensable pour conserver son smartphone sous la main avec style. Et toute une gamme d’accessoires textile à personnaliser !",,https://www.mifexpo.fr/exposants/juliemoon-997911/?fromsalon=952944,,
Kafékap,kafekap.fr,,,,France,Stand Village de l'Artisanat - D21.183,,,https://www.mifexpo.fr/exposants/ei-kapala-flora-kafekap-980928/?fromsalon=952944,,
KELONIA,kelonia-paris.fr,,,,France,Stand Pavillon Ile de France,"🌼Une nouvelle expérience, des vêtements faits pour vous, co-crée avec vous, que vous garderez précieusement 💛 👉 Mon rêve est simple mais profond : aider les femmes de tous âges et de toutes morphologies à s'épanouir pleinement dans leur propre peau, à embrasser leur authenticité sans craindre le regard des autres, à choisir la joie et à oser la couleur dans leur vie quotidienne.🌈",,https://www.mifexpo.fr/exposants/creamodel-578567/?fromsalon=952944,,
Ker Mon Lémé,,,,,France,Stand Village de l'Artisanat - D21.118,,,https://www.mifexpo.fr/exposants/ker-995609/?fromsalon=952944,,
KEVAS,kevas.fr,,,,France,Stand Pavillon Ile de France,"KEVAS, Créateur d’Arrangés, vous présente ses préparations historiquement appelées « rhums arrangés ». KEVAS marie un rhum traditionnel français de l’Île de la Réunion avec des fruits et des épices soigneusement sélectionnés. Découvrez une gamme d’arrangés stables et équilibrés issue d’un savoir-faire 100% artisanal et naturel. Derrière chaque recette ce sont des mois, voire des années de tests pour vous garantir un arrangé unique !",,https://www.mifexpo.fr/exposants/sas-kevas-275447/?fromsalon=952944,,
KEYLA SPORTSWEAR,keylasportswear.com,,,,France,Stand Pavillon Ile de France,,,https://www.mifexpo.fr/exposants/boobs-977348/?fromsalon=952944,,
KIPLAY VINTAGE,kiplayvintage.com,,,,France,Stand G17,"Fondée il y a plus de 100 ans, Kiplay est aujourd'hui la référence de qualité et confort. Représentant le savoir-faire français ancestral, Kiplay Vintage allie la créativité à l’éthique dans ses gammes inspirées des collections d’antan. Produits dans l’atelier historique, ces vêtements durables sont confectionnés dans l’atelier Normand familial transmis de génération en génération depuis 1921. A l’occasion du MIF 2023, une nouvelle gamme de lin Normand ainsi que des jeans, vestes et gilets seront présentés sur le stand K27-L28. En exclusivité, vous aurez l’opportunité de visiter pour la toute première fois l’atelier de production en réalité virtuelle !",,https://www.mifexpo.fr/exposants/sas-kiplay-vintage-1563/?fromsalon=952944,,
KIS,kis.fr,,,,France,Stand D76,,,https://www.mifexpo.fr/exposants/me-group-1011533/?fromsalon=952944,,
KLAPOTIS,elodie barikosky,,,,France,Stand i64,"Klapotis, savons artisanaux faits-main et accessoires éco-responsables zéro déchet. Forte de son savoir faire artisanal, Elodie confectionne avec soin dans son laboratoire une gamme de savons saponifiés à froid élaborés avec de belles huile végétales et matières premières de grande qualité issues de l'agriculture biologique qui apportent à la peau une douceur et une souplesse incomparables. Plongez dans l'univers Klapotis et découvrez les différents savons de soin aux noms évocateurs et aux parfums délicats, subtils et envoûtants : Pépé & mémé dans les orties, Vacances bretonnes, Délice de l'ourson, ... lesquels choisiriez-vous ? Allez à la rencontre de la pétillante Elodie et vous saurez tout sur la fabrication artisanale du savon saponifé à froid. Laissez-vous raconter ces histoires passionnantes qu'Elodie a à vous partager, vous repartirez conquis et incollables sur les secrets de fabrication du savon. Vous trouverez aussi des accessoires éco-responsables pour le bain et la maison. Avec Klapotis, vous allez repartir avec le sourire et la bonne humeur. Votre peau sera toute douce et vous serez ravis de découvrir des accessoires pratiques et éco-responsables qui feront le bonheur des petits comme des grands. Klapotis, votre salle de bain va faire des vagues.",,https://www.mifexpo.fr/exposants/sarl-coco-baltik-740612/?fromsalon=952944,,
KOOJJI,koojji.com,,,,France,Stand M74,"KOOJJI conçoit et fabrique des jeux de précision conviviaux, pensés pour être joués en famille ou entre amis, à la maison comme en extérieur. Inspirés de jeux emblématiques comme le palet, la pétanque ou encore le mölkky, nos jeux sont accessibles à tous, intergénérationnels et faciles à prendre en main. Nos produits se distinguent par leur qualité de fabrication et leur engagement : ils sont 100 % fabriqués en France, dans notre atelier à Montaigu en Vendée, à partir de chutes de cuir recyclées. Chaque jeu est assemblé avec soin, en collaboration avec des personnes en situation de handicap, participant ainsi à une production locale et inclusive. Nomades, robustes et esthétiques, les jeux KOOJJI se jouent partout et par tous les temps : sur une table, au sol, en intérieur comme en extérieur. Ils sont conçus pour créer des moments de partage simples, authentiques et durables. KOOJJI, c’est le plaisir du jeu, la précision du geste et la fierté du made in France, réunis dans un produit responsable et convivial.",,https://www.mifexpo.fr/exposants/recycuir-954222/?fromsalon=952944,,
KOSO,koso.sumupstore.com,,,,France,Stand Village de l'Artisanat - D21.45,,,https://www.mifexpo.fr/exposants/nicolas-mathey-990304/?fromsalon=952944,,
KRYS,krys-group.com,,,,France,Stand H38-i39,"C’est une fierté ! Grâce à son site industriel et logistique implanté à Bazainville dans les Yvelines, KRYS GROUP est le seul groupement d’optique à fabriquer ses verres en France. En 2012 il devient le 1er et seul acteur du marché à obtenir la certification « Origine France Garantie » (OFG) pour ses verres correcteurs ophtalmiques, tout aussi engagés que de qualité et qui restent accessibles. Le savoir faire et l’engagement de KRYS GROUP dans le Made in France couvre toute la chaîne de valeur, puisque le groupe est l'un des tous premiers à obtenir en 2020 la certification « Service France Garanti » pour son service clients et son service consommateurs. Aujourd’hui ce sont 1,4 million de verres à haute valeur ajoutée produits à Bazainville et 400 000 verres « Origine France Garantie » supplémentaires par an dès 2024, qui permettent à KRYS GROUP de couvrir tous les besoins.",,https://www.mifexpo.fr/exposants/codir-573659/?fromsalon=952944,,
L'ABEILLE DE RÉ,abeilledere.com,,,,France,Stand K81,"Installée sur l'île de Ré au sein du village artisanal de la commune de Loix près de La Rochelle, la miellerie L'Abeille de Ré est un lieu de gourmandises, de saveurs et de découvertes.",,https://www.mifexpo.fr/exposants/sarl-labeille-de-re-1520/?fromsalon=952944,,
L'ACCROCHE,,,,,France,Stand Pavillon Ile de France,"L'Accroche propose des accessoires vestimentaires singuliers pour femmes et hommes, faits au crochet et en pièce unique, ainsi que des bijoux en crochet. La marque évolué également en proposant une sélection de pièces vestimentaires upcyclées avec une touche de crochet.",,https://www.mifexpo.fr/exposants/laccroche-977255/?fromsalon=952944,,
L'ARRANGÉ FRANÇAIS,larrangefrancais.fr,,,,France,Stand M85,"L’Arrangé Français propose une gamme de rhums arrangés gourmands composée de produits d’exception, des arrangés légers en sucre et fruités conservant toutes les saveurs du rhum. Une proposition de goût puissant et savoureux. Une production familiale et artisanale avec une découpe des fruits et une mise en bouteille à la main.",,https://www.mifexpo.fr/exposants/square-box-135743/?fromsalon=952944,,
L'ATELIER C,latelierc.co,,,,France,Stand J53,"Des parfums, bougies et soins parfumés, fabriqués artisanalement dans le Sud de la France. Formulés sans CMR ni colorants, rechargeables et éco-conçus.",,https://www.mifexpo.fr/exposants/cam-co-771925/?fromsalon=952944,,
L'Atelier d'Auriane,latelierdauriane.fr,,,,France,Stand Village de l'Artisanat - D21.144,,,https://www.mifexpo.fr/exposants/latelier-dauriane-1002082/?fromsalon=952944,,
L'Atelier d'Ysabel,eventail-ysabel.com,,,,France,Stand Village de l'Artisanat - D21.207,"Chaque éventail est une création originale et est une pièce unique, entièrement confectionné à la main en France. Soies jacquard Haute Couture, soies peintes à la main, plumes, cuir, bois sélectionnés et autres matériaux d’exception se rencontrent pour donner naissance à des pièces élégantes et intemporelles. Chaque création est le fruit d’un travail minutieux où la précision, le sens du détail et la maîtrise du geste sont essentiels en utilisant les techniques ancestrales du 17ème. Ces savoir-faire sont inscrits à l’Inventaire national du Patrimoine culturel immatériel depuis 2020.",,https://www.mifexpo.fr/exposants/struk-isabelle-985598/?fromsalon=952944,,
L'atelier de AD,latelier-de-ad-86.sumupstore.com,,,,France,Stand Village de l'Artisanat - D21.144,,,https://www.mifexpo.fr/exposants/demartelaere-amandine-983986/?fromsalon=952944,,
L'ATELIER DE BÉBÉ,latelierdebebe.com,,,,France,Stand L44,Doux et intemporels nos créations sont pensées avec soin et amour . Pour nous chaque bébé est unique et nous proposons des accompagnement personnalisé pour chaque client .,,https://www.mifexpo.fr/exposants/latelier-de-bebe-981073/?fromsalon=952944,,
L'Atelier de la Châtaigne,atelierdelachataigne.com,,,,France,Stand J76-K75,"Depuis 1983, l’Atelier de la Châtaigne n’a cessé d’évoluer sans jamais perdre son savoir-faire artisanal. Nous faisons évoluer nos gammes pour vous proposer toujours plus de recettes à base de châtaignes et de marrons et sous différentes formes. Le limousin, le pays des châtaignes C’est naturellement que notre atelier s’est développé au cœur de ce territoire. Le Parc Naturel Périgord Limousin a reconnu notre savoir-faire et nous aide à promouvoir notre production clairement identifiée comme une ressource patrimoniale et identitaire de notre terroir en nous attribuant le label « valeur parc ».",,https://www.mifexpo.fr/exposants/sarl-de-la-chataigne-et-du-marron-limousin-415150/?fromsalon=952944,,
L'atelier de la Rosière,latelierdelarosiere.fr,,,,France,Stand Village de l'Artisanat - D21.148,,,https://www.mifexpo.fr/exposants/latelier-de-la-rosiere-983990/?fromsalon=952944,,
L'ATELIER DES ZIBOUX,latelierdesziboux.com,,,,France,Stand Pavillon Ile de France,"​""Ne jugez pas un livre à sa couverture... Mais à sa pochette !"" ​Voilà 15 ans que L’Atelier des Ziboux fait rayonner l'artisanat textile. Si mes aiguilles ont exploré bien des horizons au fil des années, j’ai choisi aujourd'hui de mettre tout mon savoir-faire au service d’une collection unique entièrement dédiée aux amoureux de la lecture : la collection ""Livrocho"". ​Ma passion ? Travailler et marier des textures nobles et variées — du coton au velours, en passant par le lin et le simili-cuir — pour façonner des écrins uniques. Ma véritable signature réside dans les motifs délicats et les phrases inspirantes que je viens y broder, donnant à chaque pièce une âme singulière. ​Pour que chaque roman trouve sa place, la gamme ""Livrocho"" se décline en format pochette ou couvre-livre, avec 4 tailles disponibles (2 pour vos livres de poche et 2 pour vos brochés). ​Pour cette 2ème édition consécutive au Salon du Made in France, je suis très heureuse de vous retrouver et de vous présenter ma grande nouveauté de l'année : le format couvre-livre enfin disponible pour vos livres brochés ! Venez choisir l'écrin qui protégera vos prochaines aventures littéraires.",,https://www.mifexpo.fr/exposants/juliette-delsupexhe-977164/?fromsalon=952944,,
L'Atelier du Bracelet Parisien,abpconcept.paris,,,,France,Stand N45,,,https://www.mifexpo.fr/exposants/latelier-du-bracelet-parisien-957979/?fromsalon=952944,,
L'atelier du cerf,latelierducerf.fr,,,,France,Stand Village de l'Artisanat - D21.41,,,https://www.mifexpo.fr/exposants/latelier-du-cerf-985424/?fromsalon=952944,,
L'ATELIER INSOLITE,latelier-insolite.fr,,,,France,Stand E40,,,https://www.mifexpo.fr/exposants/latelier-insolite-1000982/?fromsalon=952944,,
L'Attellu Pieri,,,,,France,Stand Village de l'Artisanat - D21.67,,,https://www.mifexpo.fr/exposants/lattellu-pieri-984866/?fromsalon=952944,,
L'entropie,distillerie-entropie.fr,,,,France,Stand Village de l'Artisanat - D21.181,,,https://www.mifexpo.fr/exposants/sas-lentropie-984789/?fromsalon=952944,,
L'OCRILLON,locrillon.com,,,,France,Stand G74,,,https://www.mifexpo.fr/exposants/locrillon-en-luberon-964409/?fromsalon=952944,,
L'ÉTUVERIE,letuverie.com,,,,France,Stand F86bis,"Nous sommes agriculteurs et produisons sur la ferme familiale des céréales, des légumineuses (pois chiches et lentilles) ainsi que de l’ail. La ferme est bio depuis bientôt 20 ans et notre production 100% bio également. Spécialisés dans la production d’ail noir, nous proposons une gamme de produits naturels aux normes de qualité élevées grâce à une matière première soigneusement sélectionnée. Notre ail est cultivé sur la ferme familiale et dans le Sud de la France selon un cahier des charges rigoureux. Nous sommes deux passionnés de terroir. Attachés à la culture de notre territoire, nous avons voulu mettre en valeur les produits issus de l’agriculture locale, trop souvent transformés loin des zones de production. Nos engagements environnementaux sont au cœur de notre développement. Depuis la création de l’entreprise en 2019, le plastique est proscrit de l’intégralité de nos emballages. Nos étiquettes sont en fibres de canne à sucre recyclées et nos cartons sont certifiés PEFC. Nous disposons d'une gamme de 11 produits à l’ail noir 100% Bio : tête entière, gousses pelées, pâte, miel, moutarde, houmous, caviar de lentilles, sel, infusions, extrait liquide, biscuits apéritifs et une bière. Le houmous et le caviar sont fabriqués avec le pois chiche et nos lentilles de la ferme et nous avons 25 ruches avec lesquelles nous produirons une partie de notre miel à l’ail noir bio.",,https://www.mifexpo.fr/exposants/letuverie-954634/?fromsalon=952944,,
LA 3EME DIMENSION,la3emedim.fr,,,,France,Stand Village de l'Artisanat - D21.34,"Vivez l'astronomie autrement ! La 3ème Dimension conçoit et fabrique des instruments d'astronomie par fabrication additive : des télescopes et lunettes pensés pour être compacts, faciles à utiliser et pédagogiques. La Lumi, sa lunette pédagogique s'assemble comme un jeu de construction pour comprendre son fonctionnement en la montant soi-même. Le Smallest et le Picco complètent la gamme avec des télescopes Newton légers et rapides à assembler, sans compromis sur la qualité optique. La démarche s'appuie sur le partage et la vulgarisation, une approche éco-responsable (choix des matières, réparation et recyclage des pièces optiques).",,https://www.mifexpo.fr/exposants/la-3eme-dimension-997256/?fromsalon=952944,,
LA 8ÈME FOIS,la8emefois.com,,,,France,Stand M43,,,https://www.mifexpo.fr/exposants/la-8eme-fois-752766/?fromsalon=952944,,
LA BASTIDE DES ARÔMES,labastidedesaromes.com,,,,France,Stand H58,"Parfums de Grasse, Parfums d'ambiance, bougies parfumées 100 % de fabrication française artisanale dans nos ateliers",,https://www.mifexpo.fr/exposants/la-bastide-des-aromes-254986/?fromsalon=952944,,
LA BOTTE GARDIANE,labottegardiane.com,,,,France,Stand J27,,,https://www.mifexpo.fr/exposants/mag-sarl-953629/?fromsalon=952944,,
LA BOUCLÉE,labouclee.com,,,,France,Stand O63,,,https://www.mifexpo.fr/exposants/sarl-rone-772224/?fromsalon=952944,,
LA BOUTIQUE DES SAUCISSONS,laboutiquedessaucissons.fr,,,,France,Stand i84,,,https://www.mifexpo.fr/exposants/la-boutique-des-saucissons-962409/?fromsalon=952944,,
LA CARTABLIÈRE,lacartabliere.fr,,,,France,Stand J40,"La Cartablière est une entreprise française de cartables, sacs et accessoires en cuir Toute la fabrication est réalisée dans un atelier de maroquinerie à Graulhet, labellisé Entreprise du Patrimoine Vivant, qui met en avant l’excellence de la fabrication française. Une équipe de 15 artisans maroquiniers, minutieux, passionnés, au savoir-faire traditionnel donnent vie aux créations de La Cartablière. La touche finale est apportée par Sophie, fondatrice de la marque, dans son bureau de Lisle sur Tarn, qui se transforme en atelier au fil des commandes.",,https://www.mifexpo.fr/exposants/la-cartabliere-1363/?fromsalon=952944,,
LA CASA DES BOUGIES,lacasadesbougies.shop,,,,France,Stand Q21,"Créée en 2023 et installée à Elven (Morbihan), La Casa des Bougies imagine et fabrique des bougies artisanales, coulées à la main avec soin. Nous utilisons exclusivement de la cire végétale et des parfums de Grasse, pour garantir une qualité optimale et une combustion saine.",,https://www.mifexpo.fr/exposants/sarl-casa-lio-980888/?fromsalon=952944,,
LA CASE À GOURDES,casagourdes.com,,,,France,Stand Q25,Kits lampes en gourde calebasse : lampes à poser et suspension à faire soi-même.,,https://www.mifexpo.fr/exposants/la-case-a-gourdes-954125/?fromsalon=952944,,
LA CAVALIÈRE A PAILLETTES,lacartabliere.fr,,,,France,Stand J40,"La Cavalière à Paillettes est une collection imaginée pour sublimer l’équipement du cheval et de sa cavalière, en alliant style, originalité et savoir-faire artisanal. Pensée comme une ligne à part entière de La Cartablière, elle reflète notre passion pour la maroquinerie équestre de qualité, faite à la main dans notre atelier du Tarn. Nous sélectionnons des cuirs pailletés, métallisés ou texturés pour créer des pièces à la fois brillantes, fonctionnelles et durables. Chaque accessoire – frontal, bijou de selle, bijou de bridon, licol ou de bonnet – est conçu avec le souci du détail et une volonté de proposer des créations à la fois élégantes, confortables et résistantes.",,https://www.mifexpo.fr/exposants/la-cavaliere-a-paillettes-803162/?fromsalon=952944,,
LA CELEBRETTE,lacelebrette.fr,,,,France,Salon MIF Expo Paris 2026 : Stand,"Les premières bougies d'anniversaire sans aucun élément plastique ! Nos Célébrettes sont conçues exclusivement à base de produits naturels : de la cire de colza et d'abeille, une mèche en coton et des colorants naturels. Elles sont fabriquées en France et plus précisément à Paris pour illuminer sainement toutes vos célébrations.",,https://www.mifexpo.fr/exposants/assahira-france-553595/?fromsalon=952944,,
La chips 76,chipsla76.fr,,,,France,Stand E02 - entreprise présente uniquement le dimanche 15 novembre,,,https://www.mifexpo.fr/exposants/la-chips-76-986956/?fromsalon=952944,,
La Chips Française,lachips.fr,,,,France,Stand i81,"Une bonne chips, c’est avant tout une terre noble et entretenue avec amour. D’origine picarde, Etienne et André ont imaginé et conçu une gamme de chips premium, 100% française ! Attachés à leur région natale, ces deux amis d’enfance ont souhaité proposer un produit loin des standards industriels. Sans colorant, sans conservateur, sans additif et grâce à un savoir-faire artisanal, leurs pommes de terre, issues d’une agriculture responsable, sont façonnées afin d’obtenir une chips épaisse et savoureuse, finement assaisonnée à la fleur de sel Des 2 Caps via un processus de fabrication ancestral au chaudron, pour vous offrir une chips authentique. Légèreté et explosion de saveurs raviront ainsi vos palais de fins gastronomes et étofferont vos plateaux apéritifs d’une chips qui vous fera voyager au cœur du terroir des Hauts-de-France. L’essayer, c’est l’adopter !",,https://www.mifexpo.fr/exposants/sas-ferme-de-coquerel-113421/?fromsalon=952944,,
LA CHOUETTE BLANCHE,la chouette blanche,,,,France,Stand O10,"Couettes naturelles en duvet de canard ou en duvet d'oie, de la taille 140X200cm à la taille 240X260cm. Oreillers naturels en plumettes d'oies neuves, taille 65X65cm ou 50X70cm Oreillers naturels en duvet de canard, taille 65X65cm ou 50X70cm",,https://www.mifexpo.fr/exposants/sarl-la-chouette-blanche-752531/?fromsalon=952944,,
LA CORVETTE,la-corvette.com,,,,France,Stand i62,"Depuis 1894, La Corvette fabrique à Marseille des savons authentiques et naturels. Savon de Marseille traditionnel : cuit en chaudron, à base d’huiles végétales, sans additif ni parfum. Hypoallergénique, biodégradable et certifié par les labels les plus exigeants (Ecocert, COSMOS NATURAL, EPV). Savons solides de Provence : fabriqués à Marseille, parfumés aux senteurs qui allient douceur, plaisir d’utilisation et savoir-faire traditionnel. Disponibles en différents formats et fragrances, ils complètent notre offre pour l’hygiène quotidienne. La Corvette, c’est l’alliance d’un patrimoine marseillais unique et d’une offre moderne qui répond aux attentes actuelles de naturalité, de qualité et d’écoresponsabilité.",,https://www.mifexpo.fr/exposants/savonnerie-du-midi-783393/?fromsalon=952944,,
La coulée des Tannins,,,,,France,Stand Village de l'Artisanat - D21.96,,,https://www.mifexpo.fr/exposants/faveret-damien-la-coulee-des-tannins-982666/?fromsalon=952944,,
La Danse des Cuirs,ladansedescuirs.com,,,,France,Stand Village de l'Artisanat - D21.36,"Artisane maroquinière diplômée, je réalise mes créations uniques en cuir, matériau d’exception qui allie robustesse et esthétique. Commandez le sac, le portefeuille ou l’accessoire de vos rêves sur mesure en choisissant sa couleur parmi les plus belles peaux des tanneries des Pyrénées. Entreprise labellisée zéro déchet, je suis engagée dans une démarche durable tout en privilégiant l’élégance, le style de pièces intemporelles.",,https://www.mifexpo.fr/exposants/diane-junqua-984651/?fromsalon=952944,,
La Distillerie du Voyageur,ladistillerieduvoyageur.com,,,,France,Stand Village de l'Artisanat - D21.205,"La distillerie du voyageur vous prose de découvrir les saveurs normandes et étrangères qu'Audrey a découvert lors de ses voyages revisitées en spiritueux. Chaque année un pays est mis à l'honneur à côté d'une gamme normande. Gamme normande : - Liqueur Café Normand (revisite du Café-Calva) - Liqueur 44 du voyageur (orange, café, calvados) - Liqueur Caramel Normand (une douceur au caramel) Gamme Indienne - Gin Garam Masala (gin aux épices) - Liqueur Chai (le chai latte - thé aux épices - revisité en liqueur) - Liqueur Shikanji (Citron, Gingembre, Cumin, Poivre : La fraîcheur) - Rhum Gulab Jamun (Cardamome et Rose) Gamme Japonaise - Gin Itamae (riz, sésame, gingembre, wasabi) - Liqueur Matcha (une douceur herbacée) - Liqueur Sésame (une douceur au sésame) - Rhum Yuzu (un rhum gourmand aux agrumes japonais) - Sobacha (boisson spiritueuse à base de calvados et sarrasin torréfié) Gamme historique - Calvados arrangé 4 épices (un calvados chaleureux et corsé)",,https://www.mifexpo.fr/exposants/sarl-distillerie-du-voyageur-981349/?fromsalon=952944,,
La Fabrique de Zaza,lafabriquedezaza.fr,,,,France,Stand Village de l'Artisanat - D21.208,,,https://www.mifexpo.fr/exposants/la-fabrique-de-zaza-980974/?fromsalon=952944,,
LA FABRIQUE DU ROUGIER,fabriquedurougier.fr,,,,France,Stand Q54,,,https://www.mifexpo.fr/exposants/la-fabrique-du-rougier-775364/?fromsalon=952944,,
LA FENÊTRIÈRE,la-fenetriere.fr,,,,France,Stand Pavillon Ile de France,,,https://www.mifexpo.fr/exposants/sas-la-fenetriere-977186/?fromsalon=952944,,
LA FERME DE BEAUREGARD,foie-gras-fermedebeauregard.com,,,,France,Stand i86,"Foie gras de canard entier, confits de canard, rillettes, pâté de canard, plats cuisinés ...",,https://www.mifexpo.fr/exposants/sarl-la-ferme-de-beauregard-966897/?fromsalon=952944,,
LA FERME DU LÉVÉZOU,lafermedulevezou.fr,,,,France,Stand N54,"Petite entreprise familiale agricole en transformation canard gras et veau d’Aubrac. Nous fabriquons tous nos produits dans notre laboratoire, sans conservateur, uniquement sel Ile de Ré et poivre noir. Notre FOIE Gras est Médaillé Aveyron depuis 2017, Médaillé au Salon de l’Agriculture à Paris en 2022 et 2025.",,https://www.mifexpo.fr/exposants/sas-la-ferme-du-levezou-781998/?fromsalon=952944,,
LA FERME ESCAZAOÜS,ferme-escazaous.com,,,,France,Stand M84,,,https://www.mifexpo.fr/exposants/sas-lasseguette-967054/?fromsalon=952944,,
LA FERME VACHEMENT FRUITÉE,lafermevachementfruitee.com,,,,France,Stand P59,,,https://www.mifexpo.fr/exposants/monteillet-lise-974285/?fromsalon=952944,,
La Fontaine à Confiture,fontaine-confiture.com,,,,France,Stand E02 - entreprise présente uniquement le samedi 14 et le dimanche 15 novembre,,,https://www.mifexpo.fr/exposants/la-fontaine-a-confiture-986921/?fromsalon=952944,,
LA FROMAGERIE ÉPICURIENNE - BOULE DE FONDUE,la-fromagerie-epicurienne.fr,,,,France,Stand Village de l'Artisanat - D21.185,"La boule de fondue est un produit unique et breveté créée en 2023 réalisée de manière 100% artisanale dans notre laboratoire sur Lyon. Elle comprend les fromages, l’ail confit en différentes cuissons, le vin blanc & un petit truc en plus ! Il vous suffit d’enlever le film de la boule, la concasser dans la caquelon, remuer et c’est tout ! et cela en 2 minutes30 Chaque boule fait 400g et convient pour 2 pers, elle se conserve pendant 25 jours et vous pouvez la congeler sans altérer le goût du produit ( décongélation en 1 h à température ambiante) Au delà du concept de prêt à l’emploi qui dans l’ère du temps, il est reconnu par le métier de la gastronomie comme un produit cuisiné et gustatif Nous aurons à cœur de vous faire goûter notre « pépite » sur notre stand qui je suis sûr , vous séduira !!! Pensez à prendre vos glacières ou sac isothermes pour emporter vos boules !!! Au plaisir de vous rencontrer",,https://www.mifexpo.fr/exposants/la-fromagerie-epicurienne-984325/?fromsalon=952944,,
La Gentle Factory,la fabrique sas,,,,France,Stand G45,"La Gentle Factory confectionne des vêtements à partir de matières recyclées et/ou biologiques. Leurs collections sont intemporelles, sans chichis, conçues pour durer des années.",,https://www.mifexpo.fr/exposants/la-fabrique-sas-953690/?fromsalon=952944,,
La Gourmande Foie Gras Jacquin,foiegras-jacquin.com,,,,France,Stand Village de l'Artisanat - D21.21,,,https://www.mifexpo.fr/exposants/la-gourmande-foie-gras-jacquin-1008596/?fromsalon=952944,,
LA MAISON DE LA NOISETTE,lamaisondelanoisette.com,,,,France,Stand Village de l'Artisanat - D21.136,"La Maison de la Noisette valorise la noisette française à travers une gamme gourmande et artisanale fabriquée en Lot-et-Garonne : noisettes grillées, purées, pralinés, crèmes à tartiner, biscuits, confiseries, huiles et spécialités salées. Chaque produit met en avant le goût authentique du fruit sec, avec des recettes simples, généreuses et ancrées dans le terroir. Notre ambition est de faire découvrir toute la richesse aromatique de la noisette française, encore trop méconnue, et de proposer des produits de caractère, à la fois accessibles, gourmands et profondément liés à leur origine.",,https://www.mifexpo.fr/exposants/la-campeliere-985487/?fromsalon=952944,,
LA MAISON DE SARAH,epicesetmoi.fr,,,,France,Stand Village de l'Artisanat - D21.134,,,https://www.mifexpo.fr/exposants/epices-et-moi-984785/?fromsalon=952944,,
LA MARINETTE,la-marinette.fr,,,,France,Stand F51,"La marinette® est le pisse-debout universel et écolo, superpratique, qui permet aux femmes d’uriner sans se dévêtir, debout et très simplement. Lancée au MIF 2024, la marinette® a conquis depuis plus de 70 000 femmes et elle est devenue un véritable PHÉNOMÈNE ! La marinette® permet aux femmes plus d’équité en matière de santé, d’hygiène et de bien-être. La marinette® est design, réutilisable, efficace et sûre dans son étui en coton bio. Elle permet d'uriner sans risque dans la nature ou dans les toilettes malpropres. La marinette® s'adapte à TOUTES les morphologies féminines, depuis les fillettes, jusqu'aux séniores, en passant par les sportives, les femmes qui sortent, les femmes enceintes... Hygiénique, sans perturbateur endocrinien, sans allergènes, elle est 100% recyclable. La marinette® est très facile à utiliser et on s’habitue très vite : pas besoin de se dévêtir, pas de risque de fuite même pour les flux importants, et non, on ne s'en met pas sur les doigts ;). Elle se rince à l'eau et supporte très bien la machine à laver. Multi primée pour son engagement auprès des femmes : - Coq Créa 2025, - 101 Femmes à Matignon 2025 - Trophée Coup de Coeur des Femmes Chefs d'Entreprises de France 2024 - Prix Colette 2026 - Prix du Public du Trophées des Entreprises 2026 - Participation à l’émission de M6 « Qui Veut Etre Mon Associé ? » 2026. Vous hésitez encore ? Venez nous poser vos questions, on est super sympas ;) Rendez-vous sur notre stand pour des démos dans la bonne humeur ! Rendez-vous sur le stand F51 ! Mode d'emploi sur https://www.la-marinette.fr Vive le pipi libre !",,https://www.mifexpo.fr/exposants/bonne-com-586500/?fromsalon=952944,,
LA MIKULA,lamikula.com,,,,France,Stand D50,,,https://www.mifexpo.fr/exposants/la-mikula-974546/?fromsalon=952944,,
La Môme fleur bleue,lamomefleurbleue.my.canva.site,,,,France,Stand Village de l'Artisanat - D21.179,,,https://www.mifexpo.fr/exposants/la-mome-fleur-bleue-983670/?fromsalon=952944,,
La Nappe Française - La Nappe Nantaise,xn--lanappefranaise-omb.fr,,,,France,Stand O08-P07,"Nappe, sur nappe, serviette, serviette d'invité, chemin de table, voilage, rideau,... Avec La Nappe Française tout est possible, tout est réalisable Fabrication de linge de table, toute dimension, toute couleur, toute qualité et sur mesure... en Loire Atlantique 44 100% lin 100% Coton Satin de Coton 100% Polyester 60% Polyester 40% Coton Toile aspect Lin 100 % Coton Bio Collection ""Jean Blanc Rouge"" de chez 1083 Livraison gratuite en France Métropolitaine",,https://www.mifexpo.fr/exposants/nadine-gouello-7089/?fromsalon=952944,,
LA NATURE DES PETITS,lanaturedespetits.com,,,,France,Stand L76,"La nature des petits est une marque de jeux éducatifs, nomades et évolutifs réalisés à la main à Lyon et conçus avec les conseils d'une infirmière puéricultrice afin de proposer des jeux adaptés à chaque étape de développement des enfants. Nous concevons des jeux d'éveil : balle sensorielle, livres d'éveil, coloriages lavables, tabliers de cuisine...",,https://www.mifexpo.fr/exposants/la-nature-des-petits-977541/?fromsalon=952944,,
LA PANTOUFLE DU BERRY,lapantoufleduberry.fr,,,,France,Stand i31,"Découvrez nos chaussons fourrés en pure laine, une véritable invitation au confort et à la douceur, fabriqués avec soin dans notre atelier artisanal situé à Vatan, au cœur de la France. Fièrement fabriqués dans notre manufacture, ces chaussons incarnent l'authenticité du savoir-faire français. Nos chaussons sont dotés de semelles en feutre, disponibles en version simple ou antidérapante, pour allier confort et sécurité au quotidien. Chaque paire est soigneusement confectionnée par notre équipe de 7 artisans passionnés, qui fabriquent près de 40 000 paires par an. Avec La Pantoufle du Berry, choisissez un produit authentique, responsable, et durable. Ces chaussons fourrés en pure laine sont l’assurance d’un bien-être incomparable, tout en soutenant l'artisanat local et les valeurs d’un produit Made in France.",,https://www.mifexpo.fr/exposants/la-pantoufle-du-berry-650297/?fromsalon=952944,,
LA PIÈCE PARIS,lapiece-paris.fr,,,,France,Stand Pavillon Ile de France,"Doudounes, polaires réversibles, capes, trenchs et accessoires modulables fabriqués en France, pensés à Paris pour un vestiaire extérieur de qualité, fonctionnel et facile à porter. Un vestiaire adapté aux usages du quotidien comme aux sélections professionnelles recherchant des pièces sobres, utiles et différenciantes.",,https://www.mifexpo.fr/exposants/latelier-visconti-sas-977313/?fromsalon=952944,,
LA POINTE DU VENT,lapointeduvent.com,,,,France,Stand Village de l'Artisanat - D21.1,,,https://www.mifexpo.fr/exposants/audrey-blettery-ei-984612/?fromsalon=952944,,
La Rochère,larochere.com,,,,France,Stand O16,,,https://www.mifexpo.fr/exposants/la-rochere-976898/?fromsalon=952944,,
La Savonnerie des Hauts-de-France,savonneriehautsdefrance.fr,,,,France,Stand i74,,,https://www.mifexpo.fr/exposants/le-comptoir-marchand-1004132/?fromsalon=952944,,
La Serviette de Table,laserviettedetable.com,,,,France,Stand M33,"Fabriquées dans le nord de la France, nous confectionnons nos serviettes de table, torchons et ronds de serviettes à la main à partir de tissus soigneusement sélectionnés, provenant de fins de rouleaux, chutes ou nappes de grandes maisons de linge du Nord ! Nos tissus sont responsables, de qualité et ne sont pas tous identiques. Nous créons des modèles intemporels et des collaborations avec des artistes et illustrateurs.",,https://www.mifexpo.fr/exposants/la-serviette-de-table-987011/?fromsalon=952944,,
LA SPIRULINE DE JULIE,laspirulinedejulie.com,,,,France,Stand J63,"Depuis 2016, Yann et Julie amoureux de la spiruline (micro-algue aux nombreuses vertus), sont heureux de vous proposer leur spiruline de très haute qualité avec un taux record de phycocyanine (entre24 et 30% en 2022). Nous proposons aussi la phycocyanine sous forme de sirop avec une formulation unique au monde. Nous faisons la production de spiruline et l'extraction. Tout est fait chez nous !",,https://www.mifexpo.fr/exposants/sas-la-spiruline-de-julie-104350/?fromsalon=952944,,
LA TABLE NOIRE,latablenoireeperluette.com,,,,France,Stand Village de l'Artisanat - D21.42,"Nous sommes spécialisés dans la production de produits étuvé: ail noir, citron noir, échalote noire ...... L'étuvage est une cuisson plus ou moins longue, basse température qui va créer une caramélisation et une oxydation naturelle appelée réaction de Maillard. Les produits transformés prennent alors de saveurs Umami Nous vous les proposons bruts ou transformés en condiments, sauces et épicerie sucrée. Tous nos produits sont exclusifs et sont sans conservateurs",,https://www.mifexpo.fr/exposants/sas-ep-les-gourmands-981080/?fromsalon=952944,,
La vie est Belt,lavieestbelt.fr,,,,France,Stand H52-i51,Matières upcyclés et confection solidaire à La Belterie à Roubaix !,,https://www.mifexpo.fr/exposants/la-vie-est-belt-254787/?fromsalon=952944,,
LA VIEILLE FILLE,lavieillefille.fr,,,,France,Stand Village de l'Artisanat - D21.83,,,https://www.mifexpo.fr/exposants/leblanc-nathalie-983155/?fromsalon=952944,,
LABEL EPV,sgs.com,,,,France,Stand F70,"SGS est le leader mondial des services de Test, d’Inspection et de Certification. Notre équipe de 99 500 professionnels passionnés est répartie dans un réseau de plus de 2 500 laboratoires et agences à travers 115 pays. Forts de plus de 145 ans d’excellence au service de nos clients, nous allions la précision et l’exactitude qui caractérisent les entreprises suisses pour aider les organisations à atteindre les plus hauts standards en termes de qualité, de conformité et de durabilité.",,https://www.mifexpo.fr/exposants/sgs-ics-875431/?fromsalon=952944,,
LABELLE,labelle-paris.com,,,,France,Stand Pavillon Ile de France,,,https://www.mifexpo.fr/exposants/labelle-paris-977270/?fromsalon=952944,,
LABONAL ET LA FRENCHIE BY LABONAL,labonal.com,,,,France,Stand G38,"Chez Labonal, nous fabriquons fièrement nos chaussettes de qualité depuis près d’un siècle. La conservation d’un savoir-faire, des dessins originaux et des matières de grande qualité nous permettent de produire des chaussettes que vous aimerez porter tous les jours.",,https://www.mifexpo.fr/exposants/labonal-1416/?fromsalon=952944,,
LABORATOIRE GEOMER,laboratoire-geomer.com,,,,France,Stand J60,,,https://www.mifexpo.fr/exposants/globalmaster-983081/?fromsalon=952944,,
LABORATOIRE MARAVILLA,labo-maravilla.fr,,,,France,Stand i66,,,https://www.mifexpo.fr/exposants/maravilla-793759/?fromsalon=952944,,
LACTALIS FRANCE,lactalis.fr,,,,France,Stand E78-G79,,,https://www.mifexpo.fr/exposants/groupe-lactalis-970802/?fromsalon=952944,,
LAFERTÉ WHISKY,lafertewhisky.com,,,,France,Stand H75,"Laferté est une maison d’assemblage française, son nom, de l’ancien français « ferté », synonyme de forteresse, reflète son ambition de faire rayonner la France comme place forte du whisky à travers le monde. Laferté dispose d'une gamme composée de Laferté Classique et Laferté Tourbé, des whiskies blended malt (100 % orge maltée), distillés, élevés en fûts (neufs, ex-bourbon, ex-cognac, ex-rhum) et assemblés en France.",,https://www.mifexpo.fr/exposants/allianspirits-551459/?fromsalon=952944,,
LAINES PAYSANNES,laines-paysannes.fr,,,,France,Stand K46,"Laines Paysannes est une invitation à se reconnecter à la nature et à ses rythmes, à travers des pièces conçues dans une matière qui prend soin des hommes et de la terre : la laine. Nous proposons des vêtements et accessoires, des articles de décoration intérieure et des matières 100% laine de moutons des Pyrénées avec une traçabilité impeccable. Pour créer une filière locale et vertueuse, nous travaillons avec celles et ceux qui font le textile : moutons, éleveurs, créateurs, artisans et industriels. Dans nos ateliers, nous tissons des tapis à la main à partir de laines d’Ariège spécialement sélectionnées. La laine, naturelle et écologique, est une véritable ressource agricole qui répond aux enjeux de demain. Laines Paysannes propose alors un retour à l’essentiel avec des pièces intemporelles conçues pour durer, qui s’engagent à semer une mode libre, transparente, et poétique.",,https://www.mifexpo.fr/exposants/laines-paysannes-100304/?fromsalon=952944,,
LaRouge,larouge-joaillerie.fr,,,,France,Stand O72,,,https://www.mifexpo.fr/exposants/la-rouge-prat-joaillerie-980443/?fromsalon=952944,,
LARTIGUE 1910,lartigue1910.com,,,,France,Stand N04,"Lartigue 1910 confectionne du linge basque depuis quatre générations. La famille Lartigue perpétue l’art du tissage avec créativité et passion depuis ses ateliers de Bidos et d’Ascain. Grâce à cette maitrise et ce savoir-faire, Lartigue 1910 a été labellisée Entreprise du Patrimoine vivant (Epv) en 2017 et Indication Géographique (Ig linge basque) en 2020.",,https://www.mifexpo.fr/exposants/lartigue-1910-954428/?fromsalon=952944,,
LASFARGUES-CRÉATIONS,lasfargues-creations.com,,,,France,Stand L50,"Au chalumeau, je façonne le verre comme on explore un monde miniature. Soufflé, étiré, filé… il se transforme à l’infini. J’y mêle argent et or pour créer des bijoux sobres, élégants et uniques.",,https://www.mifexpo.fr/exposants/lasfargues-creations-417915/?fromsalon=952944,,
LAURA'S SOAP,laurasoap.com,,,,France,Stand Village de l'Artisanat - D21.140,,,https://www.mifexpo.fr/exposants/lauras-soap-995312/?fromsalon=952944,,
Laurence Charnay,laurence-charnay.com,,,,France,Stand Village de l'Artisanat - D21.78,,,https://www.mifexpo.fr/exposants/lc-laurence-charnay-986035/?fromsalon=952944,,
LCF OUTDOOR,la-chaussette-de-france.fr,,,,France,Stand L36-L38,"La Chaussette de France est une marque du groupe TISMAIL, implanté à TROYES dans l’Aube, employant une cinquantaine de personnes sur un site de 5000 m2. Nous sommes spécialisés dans la création et la fabrication de chaussettes Homme, Femme, Enfant et Layette de qualité, grâce à un processus de fabrication exclusif. Le niveau de qualité de nos produits dépend d’un savoir-faire caractéristique de notre entreprise garanti par le label « Made in France», et ce depuis 1961. Un design original, mais aussi intégrant des fils d’une très haute technicité, qui peuvent être utilisés pour tous les sports outdoor : ski, snowboard, raquettes, alpinisme, trek, trail, ultra, running, vélo, escalade, etc...",,https://www.mifexpo.fr/exposants/tismail-2079/?fromsalon=952944,,
LE BAR A BOUGIES,le-bar-a-bougies.com,,,,France,Stand Pavillon Ile de France,"Entreprise familiale bénéficiant de plus de 15 ans d’expérience dans l’univers de la bougie. Le Bar à Bougies se distingue par un concept original et innovant, enregistré à l’INPI, autour de bougies gourmandes et trompe-l’œil. Nos créations sont coulées à la main une à une et parfumées avec des fragrances de Grasse.",,https://www.mifexpo.fr/exposants/archipel-parfums-x-le-bar-a-bougies-977642/?fromsalon=952944,,
LE BOURGET,lebourget.com,,,,France,Stand i26,"Le Bourget révèle la beauté des femmes à travers des collections chaussant, bodywear & chaussette PREMIUM basées sur la qualité et l’expertise style pour offrir aux femmes confiance et pouvoir de séduction.",,https://www.mifexpo.fr/exposants/csp-paris-394143/?fromsalon=952944,,
LE BÉRET FRANÇAIS / LE BONNET FRANÇAIS,leberetfrancais.com,,,,France,Stand F42,"Et vous, vous êtes plutôt Béret ou Bonnet ? Nous on est les deux ! Le béret Français et Le Bonnet Français, c’est la même équipe, un savoir-faire proche, et la même envie de faire vivre la fabrication artisanale 100% française. Tout commence avec de la belle laine, ensuite place à notre expertise : on tricote, on met en forme, on assemble, pour donner vie à des Bérets et Bonnets uniques. Deux styles, une seule passion : la maille française, authentique et responsable. Venez nous rencontrer au Salon et découvrez comment, de la laine à la tête, on met tout notre cœur dans nos créations. Le bonnet : Le vrai luxe c'est d'avoir le choix ! Place au choix et à la qualité Franco – Française, la vraie avec plus de 30 modèles... Le Bonnet Français, est un bonnet conçu pour durer, au design simple, moderne et de qualité. Le Béret : Le véritable béret Français ! Créé dans notre fabrique à Bayonne (64), au cœur du Pays Basque Français. Un bon béret traditionnel, mais dans des variétés que vous n’avez jamais vues ailleurs, et plus de 30 coloris... Un cadeau original, pour toutes les têtes et toute la famille !",,https://www.mifexpo.fr/exposants/le-beret-francais-274102/?fromsalon=952944,,
LE CARRÉ DE PICQ,,,,,France,Stand F86,"Situé à Die, entre le Vercors et la Drôme Provençale, le Carré de Picq est une entreprise de salaison à taille humaine centrée sur les valeurs de l'artisanat et du terroir local. Nos spécialités en interne sont la longe artisanale séchée nature ou aromatisée (poivre, provençale ou thym-citron), le filet mignon, échine et poitrine séchées et la fabrication d'un jambon cru artisanal unique spécialité de Die: ""Le Carré de Picq"". Notre jambon, inventé dans les années 70 par un boucher de Die, est un des seuls jambons à marque, recette et modèle déposé à l'INPI. Sa saveur et sa texture sont uniques et font sa renommée localement depuis plus de 50 ans. Disparu depuis 2016, il réapparaît depuis 3 ans avec la reprise de l'entreprise. Toutes les fabrications artisanales du Carré de Picq sont issues de la transformation de viande de porc locaux. Nos produits sont garantis sans sel nitrité, sans lactose et sans conservateurs de synthèse",,https://www.mifexpo.fr/exposants/le-carre-de-picq-762570/?fromsalon=952944,,
LE COING DES FRUITS,lecoingdesfruits.com,,,,France,Stand K84,,,https://www.mifexpo.fr/exposants/le-coing-des-fruits-954729/?fromsalon=952944,,
LE DOMAINE DU CHÊNE,ledomaineduchene.fr,,,,France,Stand E84-F83,"Créateur de spiritueux depuis 1865, Ancré au cœur de la Charente-Maritime, en Nouvelle-Aquitaine, le Domaine du Chêne est une maison familiale fondée en 1865 par Jean-Baptiste Doussoux. Depuis plus de 150 ans, nous perpétuons un savoir-faire artisanal et indépendant. De la vigne à la mise en bouteille, en passant par la distillation et le vieillissement, chaque étape est maîtrisée au domaine pour garantir l’authenticité et la qualité de nos Pineaux des Charentes et Cognacs. Portés par l’innovation et le respect de notre terroir, nous élaborons depuis 2013 des Pineaux en mono-cépage et à base de cépages rares. Moins sucrés, plus équilibrés, ils offrent de nouvelles possibilités d’accords gastronomiques et de dégustations inattendues. Nos Cognacs, eux, revendiquent leur singularité : 100 % Folle Blanche, Single Cask, ou issus d’assemblages transgénérationnels, ils révèlent toute la richesse de notre héritage.",,https://www.mifexpo.fr/exposants/sarl-baillif-le-domaine-du-chene-985625/?fromsalon=952944,,
LE GAULOIS 👖,legauloisjeans.com,,,,France,Stand H48-i47,"La marque Le Gaulois a été fondée sur trois règles d’or qui guident au quotidien nos productions : être écologiquement viable, économiquement bénéfique et éthiquement soutenable. Avec un produit 100 % lin de Normandie tissé, conçu et assemblé en France, Le Gaulois a fait le choix d’un matériau écologique et local. Nos jeans écoresponsables s’appuient sur le talent des artisans de nos régions, et privilégient les matières dont la production mobilise le moins d’énergie. Notre collection est composée de jeans, de blousons et de pulls. Notre production a aussi pour but de participer à l’amélioration de la qualité de vie des habitants des zones sur lesquelles elle s’appuie. Pour cela, nous assurons une juste rémunération pour permettre le maintien et le développement de corps de métiers artisanaux. Le Gaulois s’adresse à tous ceux qui souhaitent la renaissance de notre économie, à tous ceux qui préfèrent le prêt-à-porter durable au prêt-à-porter jetable.",,https://www.mifexpo.fr/exposants/phoenix-jeans-2264/?fromsalon=952944,,
LE JARDIN SPA,lejardinspa.fr,,,,France,Stand i53,"Maison familiale et artisanale experte dans le soin de la peau depuis 1962. Depuis 4 générations, notre maison familiale est experte dans la fabrication de cosmétiques naturels. Nos produits de beauté sont imaginés et fabriqués artisanalement, à Saint-Hilaire-les-Andrésis, en plein cœur de la campagne Gâtinaise (Loiret). Issus du monde agricole, nous avons à cœur de valoriser notre patrimoine végétal Français et collaborons avec des agriculteurs français et locaux. Notre savoir-faire familial, transmis depuis 4 générations, vous donne donc la garantie de formules naturelles concentrées en actifs et d'une fabrication totalement faite à la main en circuit court.",,https://www.mifexpo.fr/exposants/les-guillemards-125929/?fromsalon=952944,,
LE JOINT FRANÇAIS PAR HUTCHINSON,lejointfrancais.hutchinson.com,,,,France,Stand J17,"Le Joint Français par Hutchinson : L’art de la conservation depuis 1950 ! Depuis plus de 70 ans, Hutchinson conçoit et fabrique en France, dans son atelier de Châlette-sur-Loing, les joints de bocaux Le Joint Français par Hutchinson avec un savoir-faire inégalé. Nos rondelles sont spécialement conçues pour garantir une conservation optimale des aliments, en respectant rigoureusement toutes les normes alimentaires françaises et européennes en vigueur. Notre modèle phare, la rondelle L’Idéale, bénéficie d’une technologie brevetée qui facilite son utilisation au quotidien. Grâce à son système d’ouverture innovant, plus besoin d’ustensiles : il suffit de tirer sur les deux petits nez de la rondelle pour laisser entrer l’air et ouvrir votre bocal en toute simplicité. Que vous soyez une experte des conserves, une passionnée de cuisine souhaitant savourer les fruits et légumes de saison toute l’année, ou que vous cherchiez à optimiser votre temps avec des méthodes comme le batch cooking, nos rondelles sont faites pour vous ! En plus d’être pratiques, elles s’inscrivent parfaitement dans une démarche de zéro déchet, de respect des saisons et de fait-maison. Les professionnels de l’industrie agroalimentaire, spécialisés notamment dans la production de foie gras et de terrines, nous font également confiance pour préserver la qualité et la fraîcheur de leurs produits.",,https://www.mifexpo.fr/exposants/hutchinson-snc-579894/?fromsalon=952944,,
Le Miroir de Loire,artisanpassionne.com,,,,France,Stand N68,,,https://www.mifexpo.fr/exposants/la-fabrique-dartisan-passionne-1003794/?fromsalon=952944,,
Le Mouton Givré,lemoutongivre.com,,,,France,Stand K44,"Le Mouton Givré, c’est un sac isotherme zéro plastique, un concept qui allie laine, lin et chanvre. Côté pile : la laine La laine est naturelle, agréable au toucher. C’est une ressource inépuisable (tant qu’il y aura des moutons, il y aura de la laine !) biodégradable et c’est surtout un très bon isolant ! En plus on valorise une laine que l’on jette habituellement. Côté Face : le chanvre et le lin Le chanvre et le lin sont les seules sources naturelles, renouvelables au monde qui soient capable de fournir de nombreuses matières. Ce sont des fibres résistantes, qui dépollue la Terre et l’air, peu gourmande en eau et qui ne nécessite aucun engrais, ni pesticide.",,https://www.mifexpo.fr/exposants/chanvre-and-co-100143/?fromsalon=952944,,
LE P'TIT FRANC,leptitfranc.com,,,,France,Stand J32,"En 2015, Mickael se trouvait sur l'île de Noirmoutier, un endroit magnifique où la nature et l'art se rencontrent harmonieusement. Fasciné par l'histoire et les souvenirs qui entourent les pièces de monnaie françaises datant d'avant l'euro, Mickael eut une idée brillante. Il se demanda comment il pourrait donner une nouvelle vie à ces pièces chargées d'histoire et de symbolisme. Inspirer par la marque de bijoux de sa femme Céline, Les p'tites Coquettes, Mickaël est créatif et aime tout apprendre, de fils de potier de la maison ""La terre qui chante"" c'est ainsi qu'il eut l'idée de créer une marque de bijoux qui permettrait aux gens de porter sur eux une partie de l'histoire française, tout en leur permettant de les personnaliser en fonction de l'année de frappe de ces pièces. Il pensait que cela donnerait une dimension unique et personnelle à chaque création. Avec son esprit créatif et sa passion débordante, Mickael se mit au travail et commença à recycler ces pièces de monnaie françaises en de magnifiques bijoux. Il les transforma avec soin, ajoutant des détails et des finitions pour les rendre encore plus beaux et uniques. Lorsqu'il présenta ses créations au public, il fut submergé par le succès. Les gens étaient captivés par l'idée de porter un bijou qui racontait une histoire, qui avait une signification personnelle et qui était aussi magnifiquement conçu. Les bijoux de Mickael étaient non seulement des accessoires de mode, mais aussi des œuvres d'art chargées d'émotion. Au fil du temps, la marque de bijoux de Mickael devint de plus en plus populaire, attirant l'attention des amateurs de mode et des collectionneurs. Aujourd'hui, cette marque de bijoux continue de prospérer, portant fièrement le nom de son créateur visionnaire. Mickael a réussi à transformer quelque chose d'aussi simple que des pièces de monnaie en des bijoux exceptionnels qui racontent une histoire unique à chaque personne qui les porte.",,https://www.mifexpo.fr/exposants/sarl-le-ptit-franc-387471/?fromsalon=952944,,
Le Panache Blanc,lepanacheblanc.fr,,,,France,Stand Village de l'Artisanat - D21.11,,,https://www.mifexpo.fr/exposants/sarl-de-schryder-995490/?fromsalon=952944,,
LE PARAPLUIE DE CHERBOURG,parapluiedecherbourg.com,,,,France,Stand F06-G07,"Nous fabriquons à la main dans nos ateliers de Cherbourg des parapluies résistants et élégants. Reconnaissable à son blason brodé, sa bague estampillée, sa double lanière raffinée et ses matières nobles, Le Parapluie de Cherbourg est un bel objet auquel l'on s'attache, symbole utile d'un Art de Vivre à la française.",,https://www.mifexpo.fr/exposants/le-parapluie-de-cherbourg-1538/?fromsalon=952944,,
LE PETIT DORMEUR,lepetitdormeur.fr,,,,France,Stand H30,"Pratique et confortable, notre coussin de voyage 3 en 1 est le seul à vous offrir un véritable maintien du cou. Idéal pour dormir en avion, train, car ou voiture, notre coussin ergonomique et léger vous accompagne dans tous vos déplacements ! Ergonomique, il est le seul coussin de voyage à maintenir parfaitement votre tête pour un maximum de confort (déjà plus de 3000 clients convaincus) Testé et approuvé par des ostéopathes, il soulage vos muscles pour une détente totale pendant vos longs trajets. Fermez les yeux et 💤… Doux et moelleux, vous pouvez vous détendre complètement. Finis les douleurs aux cervicales et les filets de bave au réveil ! Conçu pour vous accompagner partout, il est ultra léger et facile à ranger. Élégant et lavable en machine, il est facile à utiliser dans tous vos déplacements ! 100% confectionné en France pour une empreinte carbone faible Tissus 100% cotons, certifiés OEKO TEX, par respect pour votre peau Matières premières sourcées localement pour valoriser l’industrie française",,https://www.mifexpo.fr/exposants/le-petit-dormeur-383723/?fromsalon=952944,,
LE PRATIQUE,le-pratique.fr,,,,France,Stand J09,"Marque iconique, Le Pratique a développé une expertise unique dans l’art de transformer, conserver et cuisiner les aliments frais. Le Pratique propose aujourd’hui une gamme complète de plus de 200 références autour du fait-maison culinaire : bocaux et pots de conservation, stérilisateurs, machines sous-vide, hachoirs, trancheuses, ustensiles de cuisine...",,https://www.mifexpo.fr/exposants/cdp-distribution-556338/?fromsalon=952944,,
LE PROJET BK,leprojetbk.shop,,,,France,Stand M38-N39,,,https://www.mifexpo.fr/exposants/le-projet-bk-977191/?fromsalon=952944,,
Le ptit van Français 1968,leptitvanfrancais1968.fr,,,,France,Stand E38,"Au quotidien comme en voyage, le Ptit Van Français 1968 vous propose des vêtements et accessoires qui vous accompagnent dans toutes vos aventures dans le monde, que vous soyez en montagne ou en ville. La conception et le stylisme, sérigraphie, broderie et expédition ont lieu en Auvergne-Rhône-Alpes, tout comme la fabrication des pantalons, tuniques, et robes. Les médailles et bracelets sont fabriqués en Occitanie. Les t-shirts et les sweats sont fabriqués en coton biologique certifié GOTS dans les Hauts-de-France, ainsi que les écharpes et les polos.",,https://www.mifexpo.fr/exposants/galerie-mtz-383463/?fromsalon=952944,,
Le Rivage,lerivageparis.com,,,,France,Stand H73,"Le Rivage est une marque française de cosmétiques naturels et vegan qui puise son inspiration dans la beauté intemporelle de la Méditerranée. Nous proposons deux gammes de produits efficaces et respectueux de l'environnement, formulés avec un minimum de 95% d'ingrédients d'origine naturelle. 1 Baume à lèvres = 4,5€. 3 Baumes à lèvres = 12,15 €. 5 Baumes à lèvres = 19 €. 10 Baumes à lèvres = 36 €. BEST SELLER. 1 Gel nettoyant démaquillant = 14,99 €. 3 Gels nettoyant démaquillant = 29,98 € (3 pour le prix de 2). 1 Sérum anti-imperfections = 19,99 €. 1 Sérum anti-âge = 34,99 €. BEST SELLER. 1 Crème hydratante et protectrice = 24,99 €. 3 Crèmes hydratante et protectrice = 49,98 € (3 pour le prix de 2). 1 crème anti-âge = 49,99 €. 1 Complément alimentaire anti-imperfections = 32,99 € (2 mois). 1 Complément alimentaire anti-âge = 17,50 € (1 mois). BEST SELLER. 1 Coffret anti-imperfections = 59,99 € (stick à lèvres, gel nettoyant, sérum anti-imperfections, crème hydratante, complément alimentaire anti-imperfections). BEST SELLER. 1 Coffret anti-âge = 79,99 € stick à lèvres, gel nettoyant, sérum anti-âge, crème anti-âge, complément alimentaire anti-âge).",,https://www.mifexpo.fr/exposants/le-rivage-paris-573180/?fromsalon=952944,,
LE SAC DU BERGER,lesacduberger.com,,,,France,Stand J45,"Nos objets sont réalisés dans notre atelier, à Layrolle, dans le sud-Aveyron. Chaque pièce dite « compagnon » est fabriquée avec soin par une seule et même personne. La fabrication du sac du berger, notre objet phare, se fait en résonance avec les valeurs du pastoralisme méridional. L’amour du travail manuel et artisanal bien fait permet à l’atelier de perpétuer une tradition ancestrale. Tous les objets, du sac à la chaussure, en passant par les manteaux, sont conçus pour être durables et réparables.",,https://www.mifexpo.fr/exposants/sarl-romiguier-artisanat-556238/?fromsalon=952944,,
LE SAUCIRON,sauciron.fr,,,,France,Stand H85,,,https://www.mifexpo.fr/exposants/sas-petits-plats-compagnie-958335/?fromsalon=952944,,
LE SAVON DES ACCATES,le-savon-des-accates.com,,,,France,Stand Village de l'Artisanat - D21.173,"Savonnerie artisanale provençale, Les Savons des Accates perpétuent un savoir-faire local à travers la création de savons et cosmétiques fabriqués en Provence. Nos savons sont élaborés avec 72 % d’huile d’olive, selon un savoir-faire artisanal privilégiant des formules authentiques, simples et respectueuses de la peau. De la conception à la fabrication, nos produits sont pensés et réalisés localement, avec l’exigence d’un véritable savoir-faire artisanal et l’authenticité de notre terroir provençal.",,https://www.mifexpo.fr/exposants/sas-le-savon-des-accates-984877/?fromsalon=952944,,
LE SLIP FRANÇAIS,leslipfrancais.fr,,,,France,Stand G22-H25,,,https://www.mifexpo.fr/exposants/le-slip-francais-954161/?fromsalon=952944,,
LE SOULOR 1925,lesoulor1925.com,,,,France,Stand J25,"Au pied des Pyrénées depuis 1925, nous fabriquons avec passion et savoir-faire des chaussures de ville, de travail et de montagne. Montées à la main avec des cuirs français dans notre atelier de Nay (64), nous sommes labellisés Entreprise du Patrimoine Vivant (EPV) grâce à la maitrise de la technique du cousu Norvégien. 100% personnalisables et en semi-mesure, retrouvez nos chaussures avec leurs lignes intemporelles, inspirées des bottillons de travail du début du siècle.",,https://www.mifexpo.fr/exposants/sas-le-soulor-1553/?fromsalon=952944,,
LE TAPIS DE LAINE,letapisdelaine.fr,,,,France,Stand L49,"Tapis de yoga 100 % laine du Larzac – Fabriqué en Occitanie Le Tapis de laine est le premier tapis de yoga en laine antidérapant sur les deux faces, fabriqué à partir de laine française, issue des élevages du Larzac de l'aire de production AOP Roquefort. Il est conçu et assemblé localement, en lien avec des structures d’insertion et des partenaires de l’économie sociale et solidaire. Ce tapis de 8 mm d’épaisseur se distingue par le confort apporté aux articulations, sa performance technique et son engagement écologique. Alternative aux tapis synthétiques importés, il valorise une ressource locale aujourd’hui massivement jetée (90 % de la laine française) et incarne une réponse durable aux attentes du marché du yoga.",,https://www.mifexpo.fr/exposants/le-tapis-de-laine-781677/?fromsalon=952944,,
Le Trufficulteur,trufficulteur.fr,,,,France,Stand N85,,,https://www.mifexpo.fr/exposants/les-plaisirs-gourmands-de-marion-831535/?fromsalon=952944,,
LE VERGER DE CONQUES,levergerdeconques.fr,,,,France,Stand Q60,,,https://www.mifexpo.fr/exposants/ei-gerber-maite-775361/?fromsalon=952944,,
LECOMTE-BLAISE,lecomte-blaise.com,,,,France,Stand Village de l'Artisanat - D21.73,"Depuis 1820, nous proposons une large sélection d'eaux-de-vie, liqueurs, whiskies, gins, amers, absinthes. Vous pouvez retrouver nos spécialités dans de nombreuses boutiques et restaurants dans les Vosges.",,https://www.mifexpo.fr/exposants/etablissements-lecomte-blaise-981033/?fromsalon=952944,,
LELOZERE,lelozere.fr,,,,France,Stand Village de l'Artisanat - D21.26,,,https://www.mifexpo.fr/exposants/nm-couteau-986098/?fromsalon=952944,,
LEO CAPPUCCIO,,,,,France,Stand Village de l'Artisanat - D21.90,,,https://www.mifexpo.fr/exposants/leo-cappuccio-981181/?fromsalon=952944,,
LES ABAT-JOUR D'ILLUMINE,illumine-abatjour.fr,,,,France,Stand Village de l'Artisanat - D21.211,"Confection d'abat-jour couture et contrecollé de toutes tendances. Plissés, tissus tendus, et contrecollés",,https://www.mifexpo.fr/exposants/les-abat-jour-dillumine-987677/?fromsalon=952944,,
LES AOP FROMAGÈRES,,,,,France,Stand G81,"Cette année c'est le meilleur des meilleurs: Beaufort ""Eté 2022"" Comté ""Mai 2022"", ""Mai 2020"" ""Mai 2019, 52 mois d'affinage"" Tome des Bauges AOP, Tomme de Savoie fermière aux foins, Tommettes de Chèvre au Fleurs, Tomme au Marc de Raisins Saint Nectaire Fermier Salers Ossau Iraty ""Fermier et d'Estives"" Reblochon ""Fermier"", Morbier, Abondance ""Fermière"" De quoi vous régalez!! Mais Attention ne soyez pas trop en retard car je ne sais pas si il y en aura pas pour tout le monde. A très vite.",,https://www.mifexpo.fr/exposants/ei-paul-geoffroy-114064/?fromsalon=952944,,
LES ATELIERS DU GRAND BOIS,lesateliersdugrandbois.fr,,,,France,Stand Q69,"Les Ateliers du Grand Bois créent et fabriquent à la main, en Corrèze, des bijoux écoresponsables en peau de pomme recyclée. Cette matière végétale innovante, issue des résidus de la fabrication du jus de pomme, offre une alternative originale aux matières traditionnelles. Chaque création est imaginée, découpée et assemblée artisanalement dans mon atelier afin de proposer des bijoux légers, colorés et durables. Une fabrication française qui allie savoir-faire artisanal, créativité et engagement pour une consommation plus responsable.",,https://www.mifexpo.fr/exposants/les-ateliers-du-grand-bois-980452/?fromsalon=952944,,
LES ATELIERS VAU FONTAINE,les_ateliers_vau_fontaine,,,,France,Stand H15,"Meubles de haute facture, nés d'une collaboration entre designers et maîtres ébénistes, au design épuré et minimaliste, conçus pour traverser les siècles et sublimer les intérieurs avec élégance. Les Ateliers Vau Fontaine opposent au modèle jetable et industriel un modèle durable et artisanal. Des créations uniques où la beauté réside dans l'authenticité du bois et la pureté des lignes. Nos meubles d'exception sont fabriqués avec passion en Bourgogne-Franche-Comté pour accompagner leurs propriétaires toute une vie, puis passer de génération en génération, ou rejoindre des collectionneurs avertis.",,https://www.mifexpo.fr/exposants/sas-les-ateliers-vau-fontaine-954018/?fromsalon=952944,,
LES BABAS DE SAINT MALO,lesbabasdesaintmalo.com,,,,France,Stand N83bis,"Saint-Malo a toujours été tournée vers le monde et son exploration. Inspiré par la Route du Rhum, Luc Mobihan Chef étoilé malouin a revisité le baba en y associant différentes influences culinaires, mêlant ainsi produits locaux et saveurs exotiques. Depuis 2017, nous fabriquons nos babas dans un atelier artisanal à Saint-Malo, en Bretagne. Nous utilisons des produits locaux, travaillons avec le Domaine de Bellevue à Marie-Galante pour notre rhum et créons régulièrement des nouvelles recettes ou gammes autour de ce mono-produit désormais incontournable. Notre baba est le dessert idéal pour un dîner improvisé. Prêt à être dégusté, il peut s’accompagner d’une boule de glace, d'une chantilly maison ou des fruits frais de saison. Amusez-vous et laissez place à votre imagination!",,https://www.mifexpo.fr/exposants/les-babas-de-saint-malo-983331/?fromsalon=952944,,
LES BELLES ALLUMÉES,lesbellesallumees.fr,,,,France,Stand Village de l'Artisanat - D21.77,,,https://www.mifexpo.fr/exposants/mme-clemence-brochet-983166/?fromsalon=952944,,
LES BOCAUX DE FRANCE,lesbocauxdefrance.fr,,,,France,Stand N81bis,,,https://www.mifexpo.fr/exposants/sarl-baf-traiteur-1002677/?fromsalon=952944,,
Les Bénéfiques,lesbenefiques.com,,,,France,Stand H56 et F20,"LES BENEFIQUES, les cosmétiques qui n'ont rien à cacher ! C’est la 1ère marque de cosmétiques OPEN SOURCE, qui vous dit tout jusqu'à ses formules au gramme près sur ces emballages, qui cocréé à 100% avec sa communauté et qui fabrique en France avec des ingrédients naturels français dont vous savez tout. Vous allez enfin savoir ce que vous vous mettez sur la peau tous les jours ! Nos valeurs et engagements OPEN SOURCE promettent à nos consommateurs : • Des cosmétiques SAINS, NATURELS et ULTRA-TRANSPARENTS : formules enfin compréhensibles et indiquées au grammage exact sur nos emballages, provenance régionale de chaque actif et rôle exact de ces actifs dans chaque produit. Vous savez vraiment ce que vous vous mettez sur le corps tous les jours ! • Du FABRIQUE en FRANCE avec des INGREDIENTS NATURELS FRANÇAIS ! Nous sélectionnons quasi exclusivement des actifs naturels auprès de producteurs engagés aux 4 coins de la France! Car fabriquer en France, c’est bien, mais sourcer en France en valorisant nos producteurs locaux, favorisant le tissu local et en réduisant drastiquement notre empreinte carbone sur toute la ligne de production, c’est mieux! • Des produits CHOISIS, TESTES & VALIDES PAR NOTRE COMMUNAUTE: chaque produit est testé auprès de 50 personnes de notre communauté et n'est lancé que si 90% de satisfaction en termes d'efficacité et sensorialité! LES BENEFIQUES vous proposent : - Des Essentiels du quotidien avec déodorant, dentifrice, pain de douche et shampoing; - Des Huiles de soin françaises 1ère pression à froid qui remplacent 10 produits de votre salle de bains : Huile de Prune d’Aquitaine, Huile de Noisette de Gascogne et Huile de Chanvre de Bretagne - Des accessoires en lin normand cousus à la main par des personnes en situation de handicap : pochette de voyage, pochon maquillage ou bijoux et trousse de toilette. Dans une démarche écologique qui fait du sens, nos pots et flacons en verre sont soit réutilisés par vous, soit consignés pour être réintégrés dans le circuit de production. Pour en savoir plus : https://lesbenefiques.com/ 😉",,https://www.mifexpo.fr/exposants/les-benefiques-394141/?fromsalon=952944,,
LES CHAHUTÉES,leschahutees.com,,,,France,Stand N26,"Avec la complicité d'Illustrateurs à l'humour et talent fous, (Soledad, Jacques Faizant, Eckert, Lululanantaise..) nous créons du Linge de Cuisine qui réveille avec sourire le quotidien. Nos Torchons racontent une histoire, reenchantent les cuisines et permettent d'exprimer sa personnalité. Nos collections évoluent au rythme des rencontres et des coups de coeur Description : 50x70 avec une accroche ou encore 55x80 pour les plus généreux. 100% coton Nous refusons les emballages superflus notamment ceux en plastique",,https://www.mifexpo.fr/exposants/anne-france-basly-communication-954537/?fromsalon=952944,,
"LES COMPAGNONS DU MIEL, LA RUCHE",lescompagnonsdumiel.fr,,,,France,Stand J83,"Des forêts de Corrèze aux vallées du Jura, des champs de lavande de Provence, aux gorges du Tarn, nos 233 apiculteurs œuvrent à la création de miels uniques qui reflètent la beauté et la diversité de leurs territoires. Des miels en direct des producteurs, en circuit-court, à la traçabilité certifiée du rucher au pot et labellisés commerce équitable français.",,https://www.mifexpo.fr/exposants/naturalim-france-miel-954463/?fromsalon=952944,,
Les Confitures de l'Atelier,lesconfituresdelatelier.fr,,,,France,Stand Village de l'Artisanat - D21.58,,,https://www.mifexpo.fr/exposants/les-confitures-de-latelier-984911/?fromsalon=952944,,
Les Coques de Cabourg,lescoquesdecabourg.fr,,,,France,Stand E02 - entreprise présente uniquement le samedi 14 et le dimanche 15 novembre,"Les Coques de Cabourg et Les Coques de Normandie sont le même produit présenté de façon différente pour répondre au attentes du public (ceux passionnés par Cabourg d'une part, et ceux épris de Normandie, d'autre part). Cette confiserie est 100 % fabriquée en Normandie. Sous une fine couche de chocolat blanc décoré à la main de façon réaliste, découvrez un savoureux praliné à l'ancienne croustillant comme du sable, décliné en trois saveurs normande, fleur de sel, caramel et teurgoule (cannelle).",,https://www.mifexpo.fr/exposants/les-coques-de-cabourg-986912/?fromsalon=952944,,
LES CREATIONS D'YSABEL,les-creations-dysabel.sumupstore.com,,,,France,Stand Village de l'Artisanat - D21.138,"Reprendre le temps pour des gestes ancestraux sur des métiers à tisser à bras artisanaux, pour produire en toutes petites séries du linge de table ou de cuisine, essuies mains, carré tissé, chemins de table, ou set de table. Aux temps de la production en série, rendre nos maisons uniques avec des pièces uniques fabriquées avec des matières nobles, françaises et respectueuses de l’environnement. Chaque création peut être réalisée assortie à votre intérieur.",,https://www.mifexpo.fr/exposants/les-creations-dysabel-985939/?fromsalon=952944,,
LES DESSERTS D'ICI,lesdessertsdici.fr,,,,France,Stand Pavillon Ile de France,"Enfant, c’est « Mamie Suzanne » qui régalait mes papilles et qui m’a transmis son goût des desserts SIMPLES et GOURMANDS. Installée à Médan, un petit village des Yvelines, j’ai rencontré des producteurs locaux de fruits, de lait, de farine… et même de chocolat !… de vrais trésors gustatifs pour faire de bons desserts. L’envie de partager les gourmandises du terroir francilien grandit peu à peu et en 2015, la pâtisserie des DESSERTS D’ICI voit le jour. Ce sont des desserts GOURMANDS, de SAISON, sans colorants ni conservateurs, à partager ou à déguster égoïstement. Leur vocation, c’est le plaisir GOURMAND … et SINCÈRE (comme ceux de Suzanne).",,https://www.mifexpo.fr/exposants/les-desserts-dici-578560/?fromsalon=952944,,
Les Eleveurs de la Charentonne,leseleveursdelacharentonne.fr,,,,France,Stand E02 - entreprise présente uniquement le jeudi 12 novembre,"Les Éleveurs de la Charentonne est le fruit d'une réflexion commune de 5 agriculteurs normands originaires du canton de la Ferté Fresnel (61-Orne) où la rivière ""La Charentonne"" prend sa source. Nous fédérons aujourd'hui des éleveurs majoritairement implantés en Normandie, dans la Sarthe et la Mayenne. Nous ne sélectionnons que des animaux issus de véritables races à viande (exemple : Charolaise, Limousine, Normande) pour garantir une tendreté et un goût authentique. La transformation (abattage conventionnel, découpe et conditionnement) des viandes de bœuf a lieu à Gacé (Orne-61) dans notre atelier. Nous nous engageons à utiliser uniquement des carcasses de qualité et nous assurons, pour une qualité optimale, un temps de maturation de la viande sur os (arrières) d'au moins 10 jours. Les animaux grandissent dans des conditions d'élevage optimales et pâturent au moins 7 mois dans l'année. Ils bénéficient d'une alimentation naturelle grâce au pâturage quasi exclusif et garantie sans OGM. Nous collaborons avec des exploitations respectueuses de l'environnement via la mise en œuvre de pratiques culturales qui préservent l'environnement. Nous maîtrisons 100% de la chaîne sans intermédiaires : de la sélection rigoureuse des éleveurs, en passant par la découpe, la préparation des produits, la préparation des commandes, la livraison jusqu’à la vente. Vous pouvez retrouver nos produits frais dans nos 41 boutiques (dont 4 sur Paris).",,https://www.mifexpo.fr/exposants/eleveurs-de-la-charentonne-986803/?fromsalon=952944,,
LES FINES BOUCHES RIENT,lesfinesbouchesrient.com,,,,France,Stand N70,"🌱 Les Fines Bouches Rient – L’Artisanat Gourmand 100 % Local Chez nous, pas de hasard, pas de compromis : 🐄 Des animaux d’ici – Nos viandes proviennent d’élevages situés à moins de 30 km de notre boucherie. Nous travaillons uniquement avec des éleveurs passionnés, qui respectent le bien-être animal. Parce que sans animaux heureux, pas de produits d’exception. 🔪 Un savoir-faire de A à Z – Nous transformons nous-mêmes les animaux dans notre atelier, avec des recettes transmises par nos grands-mères. Parce que le bon goût, ça ne s’invente pas ! ❌ Zéro chimie, zéro triche – Pas de sel nitrité, pas d’additifs inutiles. Nous privilégions votre santé et la vraie saveur de la viande, plutôt qu’une jolie couleur artificielle. ⏳ Du temps et de la patience – Nos saucissons, saucisses sèches et chorizos sont embossés dans des boyaux naturels et laissent leur flore se développer lentement pour des arômes authentiques. Nos autres salaisons suivent la même philosophie : elles sèchent à leur rythme, jusqu’à révéler tout leur caractère. 🥫 Nos bocaux et conserves ? Toujours la même promesse : • Matières premières ultra-locales • Zéro chimie • Recettes de mémé ❤️ En résumé : du local, du naturel et beaucoup d’amour dans chaque bouchée !",,https://www.mifexpo.fr/exposants/sas-les-fines-bouches-rient-104243/?fromsalon=952944,,
Les girouettes de Seyr,girouettes-enseignes.com,,,,France,Stand Village de l'Artisanat - D21.102,,,https://www.mifexpo.fr/exposants/eurl-frederique-renard-984645/?fromsalon=952944,,
LES GOURMANDISES DE NATHALIE,les-gourmandises-de-nathalie.com,,,,France,Stand E06,,,https://www.mifexpo.fr/exposants/ei-nathalie-marion-970608/?fromsalon=952944,,
LES HUILETTES,leshuilettes.com,,,,France,Stand J61bis,"Des cosmétiques aux huiles actives issus de l'aromathérapie pour un répondre à un problème majeur: le stress et son impact sur la peau et le bien-être. 100% d'origine naturelle et bio, véritables alliés beauté et bien-être, créés dans notre laboratoire intégré LABESSENTIEL à Suresnes par Pascale Gal, fondatrice, Dr en pharmacie et aromathérapeute.",,https://www.mifexpo.fr/exposants/lab-essentiel-555455/?fromsalon=952944,,
LES MACARONS DE MURASSON,les-macarons-de-murasson.webnode.fr,,,,France,Stand P60,,,https://www.mifexpo.fr/exposants/les-macarons-de-murasson-775435/?fromsalon=952944,,
LES MERVEILLES DE MELI,merveilles2meli.com,,,,France,Stand Village de l'Artisanat - D21.44,,,https://www.mifexpo.fr/exposants/rossignol-melina-981077/?fromsalon=952944,,
LES MIGNONNES,lesmignonnes.paris,,,,France,Stand Village de l'Artisanat - D21.53,"Les Mignonnes sont une collection d'estampes représentant des lieux emblématiques ou singuliers. Chaque lieu se décline en quatre nuances évoquant le passage d'une journée (aube, jour, soir, nuit), invitant chacun à choisir son moment préféré. Conçue et réalisée à la main en gravure taille-douce, chaque estampe est imprimée en édition limitée. — Labellisée Fabriqué à Paris —",,https://www.mifexpo.fr/exposants/gabrielle-roque-985481/?fromsalon=952944,,
LES PAS D'CHICHI,lespasdchichi.fr,,,,France,Stand Village de l'Artisanat - D21.112,"Les Pas d’Chichi : garder ses cheveux, garder un peu de soi. Les Pas d’Chichi est une entreprise française qui accompagne les femmes et les enfants confrontés à une perte de cheveux, notamment liée au cancer, à l’alopécie ou à d’autres traitements médicaux. Notre concept est unique : nous transformons les propres cheveux de nos clientes en une prothèse capillaire partielle sur mesure, porté avec un turban amovible. Une solution confortable, naturelle et profondément rassurante, qui permet de continuer à se reconnaître malgré l’épreuve. Chaque Pas d’Chichi est fabriqué à la main dans notre atelier en France, avec soin, délicatesse et beaucoup d’humanité. Derrière chaque création, il y a une histoire, des émotions, des cheveux précieux… et la volonté de redonner confiance. Parce qu’un cheveu n’est jamais « qu’un cheveu », nous travaillons mèche par mèche pour permettre à chacune de retrouver son reflet, son identité et son sourire. Les Pas d’Chichi est né d’un cancer, mais surtout d’une formidable envie de rebondir. Lorsque Stéphanie apprend qu’elle va perdre ses cheveux à cause de la chimiothérapie, elle imagine une solution pour les conserver et les retrouver tout au long de son parcours. Ce qui devait l’aider elle est devenu un projet porteur d’espoir pour des milliers de femmes et d’enfants. Une belle preuve qu'au cœur des épreuves peuvent naître les plus belles idées. Made in France, sur mesure, sans chichi… mais avec beaucoup de cœur. ❤️🇫🇷",,https://www.mifexpo.fr/exposants/sarl-les-pas-dchichi-984281/?fromsalon=952944,,
LES PERLES DU GOLFE DU MORBIHAN,loupiverre.com,,,,France,Stand D42,"Artisan verrier situé dans le Golfe du Morbihan, je fabrique dans la flamme des perles de verre inspirées de notre belle région sublimées ensuite en bijoux élégants et intemporels. Parmi les collections proposées, j'ai crée la perle ""Oyster"", avec ses particules de coquilles d'huîtres issues du Golfe, déclinée en nuances de bleues.",,https://www.mifexpo.fr/exposants/atelier-loupi-verre-772812/?fromsalon=952944,,
LES PETITES MARIES,les-petites-maries.com,,,,France,Stand L78,"Maison fondée en 1963, nous sommes aujourd'hui un des derniers créateurs et fabricants français de peluches. - Fabrication française, fait main par nos couturières au savoir-faire exceptionnel dans notre atelier de Châteauroux dans le Berry : (anciennement BLANCHET PELUCHES) * sous notre marque propre LES PETITES MARIES * Développement et fabrication sur-mesure pour le compte de marques nationales et internationales.",,https://www.mifexpo.fr/exposants/les-petites-maries-551391/?fromsalon=952944,,
Les Petits Culottés,lespetitsculottes.fr,,,,France,Stand K70-L71,"La première couche bébé et le premier lait infantile français, en abonnement, en circuit court ! Les Petits Culottés est une marque française de couches et lait infantile bio, engagée pour la transparence et la qualité. Ses produits sont fabriqués en circuit court, dans les Vosges pour les couches, et en Vendée pour le lait. Comment ça fonctionne ? Tout simplement en abonnement ! Recevez directement depuis les usines des Vosges et Vendée vos couches ou votre lait. À partir de 0,12€ la couche et de 16,95€ la boîte de lait bio ! Les garantis des produits des Petits Culottés : Les couches : 🌿 Le voile en contact avec la peau de bébé est d’origine naturelle : pas de rougeurs ni d’eczéma ! 🔬 Des analyses toxicologiques sont effectuées par un laboratoire indépendant plusieurs fois par an et disponibles sur leur site internet (ils sont les seuls à assurer cette transparence !) 💧 La meilleure absorption du marché avec une classification A+ avec une note de 90/100 : 12h au sec, parfait pour des nuits tranquilles ! 🇫🇷 Fabriquées dans les Vosges et distribuées en circuit court. Le lait : 🥛 Base riche en lait écrémé bio, + 90% d’ingrédients laitiers bio français : soit le maximum du marché ! 🔬 Rapports toxicologiques systématiques sur chaque lot et disponibles sur leur site (les seuls à assurer cette transparence !) 🌊 Fabriqué en Vendée, et distribué en circuit court.",,https://www.mifexpo.fr/exposants/les-petits-culottes-405838/?fromsalon=952944,,
LES SAUVAGES,lessauvages.co,,,,France,Stand J65,"Eau de Fleurs d'oranger produite sur la Côte d'Azur à Cap d'Ail, près de Nice. Je suis Murielle Iris, agricultrice, j'entretiens mes vergers au naturel en agriculture biologique et je fais la cueillette des fleurs d'oranger à la main pour préserver l'excellence de la qualité de ce produit. Distillation des fleurs en hydrodistillation. Cette eau de fleurs d'oranger est 100% pure et naturelle , elle est composée uniquement d'eau et de fleurs d'oranger bigaradier (citrus aurantium) Mon but : perpétuer les gestes anciens, et à travers un produit de grande qualité, sensibiliser au territoire.",,https://www.mifexpo.fr/exposants/les-sauvages-281474/?fromsalon=952944,,
Les Seins Nus,lesseinsnus.com,,,,France,Stand Village de l'Artisanat - D21.38,,,https://www.mifexpo.fr/exposants/hector-creation-984367/?fromsalon=952944,,
LES STYLOS DE MANUELA R.,les stylos de manuela.fr,,,,France,Stand O71,"Un produit réalisé en caseïne de lait. Matière qui a plus de 50 ans et qui ne se fabrique plus. Ecologique, naturelle et soyeuse monté avec des mécanismes haut de gamme (plaqué or, chrome, platine, titane et swarovski ) Modèles uniques et personnalisables sur commande.",,https://www.mifexpo.fr/exposants/manuela-roque-445184/?fromsalon=952944,,
Les Toiles du Large,lestoilesdularge.com,,,,France,Stand F40,"Depuis 21 ANS, nous transformons des VOILES DE BATEAU qui ont navigué en objets durables pour votre quotidien : Sacs, Accessoires et Objets de décoration. ENTREPRISE FAMILIALE, 100% de notre processus de fabrication (La Ciotat et Marseille) est ÉTHIQUE, DURABLE et ARTISANAL 🌞 SOLIDAIRE car en partenariat avec un ESAT. PRODUITS UNIQUES et PERSONNALISABLES (choix des numéros, sérigraphie, broderie, étiquette personnalisée...). Chaque produit est adapté selon vos besoins : ☼ SACS : voyage, plage, ville, bureau, sport, sac à dos... à main, à l'épaule ou en bandoulière ; ☼ ACCESSOIRES : trousse de toilette, porte-clé, trousses diverses, pochette téléphone, protège passeport, porte-monnaie, portefeuille, cartable, housse d'ordinateur ; ☼ DÉCORATION : rangement, luminaire, miroir, set de table, vide-poche ; ☼ MOBILIER : transat, fauteuils, tabouret, coussin, pouf.",,https://www.mifexpo.fr/exposants/sarl-les-toiles-du-large-795762/?fromsalon=952944,,
Les Véritables Nougatines de Nevers,nougatines-nevers.fr,,,,France,Stand Village de l'Artisanat - D21.105,"Fabrication artisanale française depuis 1868, spécialités culinaire et savoir-faire dont le secret de fabrication reste inchangé depuis sa création. Le développement commerciale ne cesse de croître avec son histoire emblématique. Les véritables Nougatines de Nevers une gourmandise incontournable à la Française ...",,https://www.mifexpo.fr/exposants/ets-desenne-les-veritables-nougatines-de-nevers-983821/?fromsalon=952944,,
Lesitedumadeinfrance.fr,lesitedumadeinfrance.fr,,,,France,Stand H36,"Avec 50 000 produits et 800 marques et distributeurs référencés, Le Site du Made in France est le premier moteur de recherche qui vous permet de trouver très facilement, sur web et mobile, des produits fabriqués en France pour chacune de vos envies Mode, Maison, Gastronomie, Loisir, Beauté, Puériculture et Jouets. Vous y trouverez également de nombreux guides cadeaux et une section promotions et soldes pour toutes les occasions et budgets. Nous ne vendons pas de produits mais redirigeons les utilisateurs vers les fiches produits de nos marchands partenaires. Auto-entrepreneurs, artisans, TPE, PME, ETI jusqu'aux grands distributeurs, tous réunis et à nos côtés au quotidien pour le Made in France. Du jamais vu !",,https://www.mifexpo.fr/exposants/lesitedumadeinfrance-fr-135555/?fromsalon=952944,,
Lifeaz,lifeaz.com,,,,France,Stand K61,"Lifeaz, fabricant français de défibrillateurs et lauréat du Grand Prix de l’Innovation Made in France 2025, propose une solution simple et accessible avec son défibrillateur français pensé pour tous (dispositif médical doté du marquage CE). 1. Clark, le défibrillateur conçu pour les particuliers Fabriqué en Normandie, Clark est extrêmement simple d’utilisation. Entièrement automatique, il guide l’utilisateur vocalement et visuellement, étape par étape. Aucune décision n’est à prendre et il n’y a aucun risque de se tromper. Absolument tout le monde peut l’utiliser. 2. Un suivi et une maintenance simplifiés Clark est un défibrillateur connecté qui réalise des auto-tests techniques quotidiens. Il transmet un rapport hebdomadaire et alerte automatiquement l'équipe Lifeaz, basée à Paris, et le client en cas d’anomalie. Grâce à cette combinaison entre technologie connectée et suivi humain permanent, Lifeaz s’assure que le défibrillateur est toujours opérationnel, notamment en cas d’urgence. 3. La formation aux gestes qui sauvent Lifeaz accompagne ses clients dans l’apprentissage des gestes de premiers secours grâce à des outils simples et accessibles à tous. L’application Lifeaz propose plus d’une centaine de modules pédagogiques développés avec les Pompiers de Paris. Des ateliers en visioconférence et des formations en présentiel sont également proposés, via un réseau de plus de 300 formateurs SST partenaires partout en France.",,https://www.mifexpo.fr/exposants/lifeaz-741158/?fromsalon=952944,,
LIKOOLIS,likoolis.fr,,,,France,Stand P16-Q15,"Nos fauteuils et canapés convertibles répondent à un besoin de « gain de place » et nos produits se distinguent par son mécanisme télescopique innovant, offrant une utilisation facile et sans articulation, similaire à celle d'un tiroir. Cette caractéristique est unique et simplifie la transformation du canapé en lit.",,https://www.mifexpo.fr/exposants/likoolis-631742/?fromsalon=952944,,
LiLiKiWi,lilikiwi.fr,,,,France,Stand L72,"LiLiKiWi est la première marque d’hygiène BIO, 100 % d’origine naturelle (pour de vrai !) et ludéducative dédiée aux enfants de 0 à 12 ans. Formulés sans conservateurs, sans colorants et sans allergènes, nos produits allient sécurité dermatologique, plaisir sensoriel et apprentissage de l’autonomie. Chaque mousse, shampoing et dentifrice transforme la toilette quotidienne en un véritable moment d’éveil : l’enfant découvre, joue et apprend à prendre soin de lui tout seul. Fabriqués en France et rechargeables pour limiter les déchets, nos soins sont notés 20/20 sur INCI Beauty et 100/100 sur Yuka !",,https://www.mifexpo.fr/exposants/laboratoire-licornette-753378/?fromsalon=952944,,
LIN DE FRANCE,lindefrance.fr,,,,France,Stand D06-E07,"Chez Lin de France, nous imaginons des vêtements et accessoires en lin, issus d'une filière locale française que nous maîtrisons entièrement, du champ au produit fini. Notre collection se compose de vêtements (t-shirts, chemises, vestes) au style épuré et intemporel, d'accessoires (chaussettes, chèches, casquettes) indispensables et respirants, ainsi que de la bagagerie comme des pochettes plates, trousses de toilette, cabas et sacs de week-end. Pensés pour un usage quotidien, nos produits allient confort, élégance et durabilité, dans une palette de couleurs naturelles ou plus audacieuses. Chaque pièce incarne nos engagements : proposer une mode responsable, ancrée dans les territoires, alliant qualité, transparence et accessibilité, pour rendre le 100 % fabriqué en France désirable et à portée de tous.",,https://www.mifexpo.fr/exposants/eco-technilin-sas-762965/?fromsalon=952944,,
LINAÉ,linaecosmetics.com,,,,France,Stand i61,"Linaé est une marque française de soins naturels qui associe les bienfaits du lin issu de l'agriculture biologique à des actifs d’exception pour proposer une expérience sensorielle unique au service de la beauté et de la santé des femmes. Pour renforcer notre attachement aux savoir-faire français et réduire notre empreinte écologique, tous les soins sont certifiés ORIGINE FRANCE GARANTIE. Chez Linaé, le respect du Vivant est une valeur clé : c’est pourquoi nos produits sont testés sans effet perturbateur endocrinien de type oestrogénique et ont été développés dans le respect de la charte One Voice afin d’affirmer notre engagement contre l’exploitation animale.",,https://www.mifexpo.fr/exposants/flaxlab-100177/?fromsalon=952944,,
LITERIE DUVIVIER,literie-duvivier.fr,,,,France,Stand G10,"Bienvenue dans l’univers de la détente et du rêve. Un monde dont Literie Duvivier possède les clés, à travers ses différentes lignes de literie. Entre le matelas, le sommier et la tête de lit, Literie Duvivier donne une définition nouvelle de la literie à la française.",,https://www.mifexpo.fr/exposants/sas-mafta-611487/?fromsalon=952944,,
LITTLE POTS,littlepots.fr,,,,France,Stand J09,,,https://www.mifexpo.fr/exposants/cdp-distribution-little-pots-969538/?fromsalon=952944,,
LIZIA,lizia.fr,,,,France,Stand M70-N69,"Chez Lizia, nous avons inventé et commercialisé le premier accessoire de lecture 3-en-1 qui a été récompensé de la médaille de bronze au concours Lépine. Cette innovation permet tout d'abord d'éclairer les pages de son livre (pour ne plus gêner son voisin de lit le soir), de tenir son livre à une main pour lire dans les transports, en buvant son café... et enfin à la fin de lecture il se range comme un simple marque-page.",,https://www.mifexpo.fr/exposants/sas-lizia-389966/?fromsalon=952944,,
LO CANTOU DE BASTIEN,locantoudebastien.fr,,,,France,Stand Q59,HUILES VEGETALES BIO ET LEGUMINEUSES,,https://www.mifexpo.fr/exposants/ei-cluzel-bastien-974637/?fromsalon=952944,,
LO NEEL,loneel.fr,,,,France,Stand Pavillon Ile de France,"LO NEEL est une maison de mode visionnaire qui repense le luxe à travers une approche durable, poétique et audacieuse. Fondée par une mère et sa fille, la marque illustre la beauté du lien intergénérationnel et l’alliance entre l’héritage et la modernité. Plus qu’une marque, LO NEEL est une véritable plateforme artistique où l’élégance se conjugue avec engagement éthique et innovation textile. Chaque collection LO NEEL est conçue comme une ode à la nature et à la liberté créative. Les pièces sont uniques, vegan, et respectueuses de la planète, réalisées avec des matières révolutionnaires comme la fibre d’ananas, les pétales de rose ou des textiles recyclés et certifiés. Ces choix innovants permettent de réduire l’impact environnemental tout en proposant une mode qui conserve raffinement et allure contemporaine. L’engagement éco-responsable de LO NEEL va au-delà du vêtement : il s’inscrit dans une démarche culturelle et artistique. Alliant esprit rock et lyrisme poétique, la marque propose un nouveau langage du luxe où la durabilité n’est plus une contrainte mais une source infinie de créativité. LO NEEL défend ainsi une vision inclusive et inspirante qui attire une communauté sensible à la fois à l’esthétique et aux valeurs de transparence. Cette philosophie audacieuse a valu à LO NEEL d’être certifiée Paris Good Fashion, le label de référence pour la mode durable, et récompensée par la prestigieuse Maison CHANEL, qui souligne son savoir-faire novateur et son authenticité. Ces reconnaissances confirment la place de LO NEEL parmi les nouvelles icônes du luxe éthique et de la mode responsable à l’international. Au cœur de LO NEEL bat une histoire intime : celle d’une aventure mère-fille. Ce duo fusionnel traduit dans chaque création une complicité artistique rare, où se mêlent transmission émotionnelle, sensibilité esthétique et engagement profond en faveur d’un futur durable. LO NEEL incarne la puissance du féminin pluriel : audace de la jeunesse, sagesse de l’expérience, unité dans l’action. Choisir LO NEEL, c’est opter pour un luxe engagé, vegan, créatif et intemporel, qui célèbre la mode comme une œuvre vivante et consciente.",,https://www.mifexpo.fr/exposants/a-d-n-l-n-sas-772714/?fromsalon=952944,,
LOCO LOCO,liqueurslocoloco.com,,,,France,Stand Village de l'Artisanat - D21.43,"Liqueurs artisanales peu sucrées et tres aromatique, le gout est mis en avant , pas le sucre et l'alcool.",,https://www.mifexpo.fr/exposants/sas-peche-originel-985620/?fromsalon=952944,,
LORDSON,lordson.fr,,,,France,Stand i42,"Depuis 1926, les ateliers Lordson confectionnent des chemises en alliant savoir-faire et techniques de fabrication modernes. Fort d’une expérience de près d’un siècle, nous continuons de partager avec vous nos valeurs à travers notre travail de précision et de qualité. Nos maîtres mots sont l’élégance, la tradition et le sens du détail.",,https://www.mifexpo.fr/exposants/confection-boischaut-nord-1353/?fromsalon=952944,,
Lossia l'éclat des sens,lossia.fr,,,,France,Stand Village de l'Artisanat - D21.28,,,https://www.mifexpo.fr/exposants/sas-lossia-983384/?fromsalon=952944,,
LOUIS TELLIER,louistellier.fr,,,,France,Stand N06,"Louis Tellier est l'un des acteurs de référence dans la fabrication d'ustensiles de cuisine depuis 1947 ! Nous fabriquons les emblématiques moulins à légumes, mandolines inox et coupe-frites dans notre atelier labélisé EPV à Argenteuil ! Et pour des moments conviviaux à partager, retrouvez notre gamme d'appareils à raclette traditionnels (modèles Brézière pour 1 à 4 convives, Alpage pour jusqu'à 8 personnes)",,https://www.mifexpo.fr/exposants/louis-tellier-sas-953881/?fromsalon=952944,,
LOULOU DES BOIS,louloudesbois.fr,,,,France,Stand Pavillon Ile de France,,,https://www.mifexpo.fr/exposants/loulou-des-bois-977201/?fromsalon=952944,,
LOVE & GREEN,loveandgreen.fr,,,,France,Stand i72,"PME familiale française engagée depuis 2011, Love & Green développe des produits du quotidien plus naturels, sans substances controversées et en toute transparence, pour prendre soin des bébés comme de toute la famille. Lingettes Sans plastique et certifiées Ecocert, elles sont composées de fibres d’origine naturelle et de lotions douces, adaptées dès la naissance et aux peaux sensibles. Soins Une gamme certifiée bio, sans parfum, formulée avec des ingrédients d’origine naturelle pour respecter la peau fragile des bébés et de toute la famille Coton Du coton certifié BIO non blanchi, pour une utilisation quotidienne, doux pour la peau et ne peluche pas. Entretien La gamme entretien de Love & Green propose des produits efficaces et plus respectueux de la santé et de l’environnement. Formulés avec une forte proportion d’ingrédients d’origine naturelle, ils sont conçus sans substances controversées. Qu’il s’agisse de la vaisselle, du linge ou de l’entretien de la maison, les produits de la gamme allient performance et sécurité pour toute la famille. Certaines références, comme la lessive sans parfum certifiée Ecodétergent, conviennent particulièrement aux bébé peaux sensibles et aux usages quotidiens.",,https://www.mifexpo.fr/exposants/green-family-960022/?fromsalon=952944,,
LUCIE DEVOILLE,luciedevoille.fr,,,,France,Stand Village de l'Artisanat - D21.85,,,https://www.mifexpo.fr/exposants/lucie-devoille-980979/?fromsalon=952944,,
LUCIEN GEORGELIN,lucien-georgelin.com,,,,France,Stand F81,"Depuis 1982, Lucien Georgelin vous accompagne du petit-déjeuner au goûter, sans oublier l'apéritif. L'objectif est de mettre en lumière les fruits, légumes et viandes du terroir dans des produits gourmands et innovants. Aujourd'hui acteur majeur de l'agroalimentaire français, la production est toujours 100% Lot-et-Garonnaise.",,https://www.mifexpo.fr/exposants/lucien-georgelin-966759/?fromsalon=952944,,
Lunasol,lunasolbijoux.fr,,,,France,Stand L41,,,https://www.mifexpo.fr/exposants/munoz-toro-760865/?fromsalon=952944,,
LUSTRYL,lustryl.com,,,,France,Stand P23,"Nous sommes une entreprise française de fabrication à la main de balais à franges en coton anti-poussière pour nettoyer et lustrer le sol. Une balayette à main est aussi fabriquée pour nettoyer les meubles, les étagères, les tableaux de bord de voitures, les carrosseries... Lustryl est une marque créée en 1924, uniquement dédiée à la fabrication de ces produits (l'affiche ci-contre date de 1926).",,https://www.mifexpo.fr/exposants/ei-forconi-967081/?fromsalon=952944,,
LXIR,lxir-drink.com,,,,France,Stand K73,LXIR développe la première marque française de boisson solide. Notre nouvelle gamme LXIR Life est un petit compact à mettre dans une gourde pour obtenir une délicieuse eau aromatisée vitaminée. L'idée est de lier plaisir et hydratation autour d'un produit sain. Que des arômes naturels 🍀 Délicieux 💕 Français 🇫🇷 Riche en vitamines B & C 🚀 Ludique et pratique 💥,,https://www.mifexpo.fr/exposants/lxir-427134/?fromsalon=952944,,
L’Atelier d’Emy-Lys,latelierdemylys.fr,,,,France,Stand O69,"L’Atelier d’Emy-Lys – Bijoux d’art & matières naturelles Artisane d’art et labellisée Origine Corrèze, je crée à la main des bijoux uniques inspirés par la nature et les souvenirs précieux. 🌸 Fleurs naturelles : cultivées notamment dans mon jardin, séchées puis délicatement préservées dans mes créations. 🍫 Éclats de Cacao : une collection originale où la matière végétale issue de du cacao rencontre la feuille d’or 24 carats pour devenir un bijou singulier. 🤍 Bijoux en lait maternel sur commande : des créations entièrement personnalisées permettant de conserver un souvenir précieux de l’allaitement, avec la possibilité d’intégrer fleurs, initiales, feuilles d’or ou mèches de cheveux. Chaque pièce est imaginée et réalisée artisanalement dans mon atelier en Corrèze. Artisan d’Art • Origine Corrèze • Fabrication française • Marque et modèles déposés",,https://www.mifexpo.fr/exposants/latelier-demy-lys-740426/?fromsalon=952944,,
MA COUCHE DURABLE,macouchedurable.com,,,,France,Stand Pavillon Ile de France,,,https://www.mifexpo.fr/exposants/sas-la-couche-durable-772712/?fromsalon=952944,,
MA FABRIQUE A JOURNAL,mafabriqueajournal.fr,,,,France,Stand D04,,,https://www.mifexpo.fr/exposants/diffusion-plus-990323/?fromsalon=952944,,
MACIF,macif.fr,,,,France,Stand E70,,,https://www.mifexpo.fr/exposants/macif-807546/?fromsalon=952944,,
MADAME IRÈNE,lebobnormand.com,,,,France,Stand Village de l'Artisanat - D21.209,,,https://www.mifexpo.fr/exposants/crochemore-alexandra-983137/?fromsalon=952944,,
Madame Pastry,madamepastry.fr,,,,France,Stand Village de l'Artisanat - D21.59,,,https://www.mifexpo.fr/exposants/madame-pastry-987275/?fromsalon=952944,,
Madame Royale,madame-royale-maroquinerie.fr,,,,France,Stand Village de l'Artisanat - D21.48,"La Maison Madame Royale crée des ceintures-bijoux, des bracelets et des boucles d'oreilles, façonnés à la main en France à partir de cuirs précieux et d'éléments anciens soigneusement restaurés. Chaque pièce est réalisée en exemplaire unique ou en très petite série, dans une démarche qui fait dialoguer patrimoine, savoir-faire maroquinier et création contemporaine.",,https://www.mifexpo.fr/exposants/madame-royale-983297/?fromsalon=952944,,
MADE IN CLÉMENCE,madeinclemence.com,,,,France,Stand O62,"Véa, la première éponge lavable et réutilisable sans mauvaises odeurs et 100% en matériaux issus du réemploi ! Venez la découvrir dans sa version grattante. Notre mission ? Valoriser les déchets textiles ! Nos autres produits du quotidien upcyclés, solidaires et innovants : coton lavable, coton réutilisable, couvre-plat écologique, charlotte à plat, sauve-savon ingénieux et bouillotte sèche. Adoptez des solutions zéro déchet, durables et responsables, tout en faisant la différence !",,https://www.mifexpo.fr/exposants/eirl-bressin-clemence-463136/?fromsalon=952944,,
MAIF,maif.fr,,,,France,Stand N41,,,https://www.mifexpo.fr/exposants/maif-977206/?fromsalon=952944,,
Maison Berthon,maison-berthon.com,,,,France,Stand J81,"Charcuterie artisanale des Landes créée en 1956. 3ème génération de charcutier, de père en fils. Produits de terroir fabriqués à base de producteurs locaux 100% Sud-Ouest en porc, canard et quelques volailles.",,https://www.mifexpo.fr/exposants/sas-maison-berthon-271790/?fromsalon=952944,,
Maison Bichonne,maisonbichonne.fr,,,,France,Stand Village de l'Artisanat - D21.143,"Un vêtement. Trois fonctions. Une charge mentale en moins. Maison Bichonne réinvente le vêtement d'allaitement grâce à une innovation textile pensée et fabriquée en France. Un seul vêtement réunit désormais maintien, absorption des fuites et accès intuitif à l'allaitement pour faciliter le quotidien des femmes qui allaitent et alléger leur charge mentale.",,https://www.mifexpo.fr/exposants/ei-maison-bichonne-984003/?fromsalon=952944,,
MAISON BOCHARD,bochard.com,,,,France,Stand P08,,,https://www.mifexpo.fr/exposants/maison-bochard-774938/?fromsalon=952944,,
MAISON BORÉAL,borealcreations.fr,,,,France,Stand O38,"Les sacs de Maison Boréal revisitent l'accessoire fonctionnel en une pièce intemporelle à forte valeur ajoutée, positionnée sur le segment des accessoires durables et premiums. Pensés pour accompagner le quotidien, nos sacs allient praticité et élégance grâce à leurs designs identifiables et structurés. Leurs conception en petite série, entièrement façonnées à la main dans notre atelier d'Uzès, garantie qualité, maîtrise de production et cohérence de marque. Nos modèles de sacs Banane, Baguette, Hobo, Seau et Cabas répondent aux attentes croissantes du marché pour des produits : - Durables et responsables, - Intemporels et volontairement hors tendances éphémères, - Porteurs de sens et de savoir-faire. Nos sacs sont conçus pour être déclinés au fil des saisons, assurant continuité commerciale et reconnaissance de marque. Ils incarnent pleinement le positionnement de Maison Boréal : un luxe discret, encré dans le geste artisanal et la production raisonnée.",,https://www.mifexpo.fr/exposants/ann-creations-966821/?fromsalon=952944,,
Maison Boteh,maison-boteh.com,,,,France,Stand Village de l'Artisanat - D21.57,,,https://www.mifexpo.fr/exposants/maison-boteh-986949/?fromsalon=952944,,
MAISON CARRILLO,maison-carrillo.com,,,,France,Stand N34,,,https://www.mifexpo.fr/exposants/maison-carrillo-970837/?fromsalon=952944,,
MAISON CRISTINO PARIS,maisoncristinoparis.com,,,,France,Stand M38-N39,,,https://www.mifexpo.fr/exposants/maison-cristino-paris-980236/?fromsalon=952944,,
MAISON EDOUARD,maisonedouard.fr,,,,France,Stand Q70,,,https://www.mifexpo.fr/exposants/maison-edouard-1011435/?fromsalon=952944,,
MAISON FABRE,maisonfabre.com,,,,France,Stand P56,,,https://www.mifexpo.fr/exposants/maison-fabre-775430/?fromsalon=952944,,
Maison Fedon,maison-fedon.fr,,,,France,Stand H81,"Au cœur des terroirs préservés du Limousin, Maison Fedon élève des abeilles et produit des miels d’exception depuis 1960. La diversité florale de la région permet de récolter une vingtaine de miels aux saveurs singulières, certifiés bio et primés à plusieurs reprises. ` On y trouve des nectars traditionnels comme le miel de châtaignier, d’acacia ou de ronce et spécialités pour les gourmets, telles que le miel de sarrasin ou de pissenlit ; gamme ""Signature"" avec des miels très personnels, ainsi que des crus rares, récoltés uniquement lors d'années exceptionnelles, comme le miel de lierre.",,https://www.mifexpo.fr/exposants/fedon-apiculture-759628/?fromsalon=952944,,
Maison Ferrand,maisonferrand.com,,,,France,Stand E84-F83,,,https://www.mifexpo.fr/exposants/maison-ferrand-970598/?fromsalon=952944,,
MAISON FRANCIS MIOT,francis-miot.com,,,,France,Stand i82,Transmettre de main en main le flambeau d’une tradition artisanale aux nouveaux membres permet de faire perdurer notre savoir-faire. C’est donc avec un fort héritage et le respect des traditions que la Maison Francis Miot mène constamment des réflexions sur de nouvelles associations en vue de créer des recettes originales et exaltantes.,,https://www.mifexpo.fr/exposants/sas-confiturerie-francis-miot-100278/?fromsalon=952944,,
MAISON IZARD,maisonizard.com,,,,France,Stand K50,"Pulls, bonnets, dockers, chaussettes, Tee-shirt, sur-chemises, manteaux, pour l'homme et la femme, ainsi que des plaids pour la maison. Tous nos produits sont responsables et engagés, réalisés localement dans le sud ouest, à base de Laine des Pyrénées, de matières recyclées et de coton bio.",,https://www.mifexpo.fr/exposants/maison-izard-104241/?fromsalon=952944,,
MAISON LEMAHIEU,lemahieu.com,,,,France,Stand H26,"L’essentiel mérite d’être bien fait. Parce que c’est ce que l’on porte le plus, Maison Lemahieu pense que l’essentiel mérite le plus d’attention. La bonne matière. La bonne coupe. Une fabrication maîtrisée. Des choix faits pour durer plutôt que pour suivre le rythme des tendances. Maison Lemahieu imagine des vêtements et sous-vêtements essentiels pour la femme et l’homme : des pièces aux lignes justes, conçues pour être portées souvent, longtemps, et traverser les saisons sans avoir besoin d’être constamment réinventées. Depuis près de 80 ans, la Maison s'appuie sur son propre atelier textile à Saint-André-lez-Lille, fondé par Henri Lemahieu. Un savoir-faire rare y perdure : Maison Lemahieu tricote ses propres mailles, les coupe et confectionne ses vêtements sur place, en France. Cette maîtrise de la fabrication permet à la marque fabricante de faire des choix simples et exigeants : travailler les matières, ajuster les coupes, améliorer ce qui doit l’être et conserver ce qui fonctionne déjà. Parce qu’un vêtement que l’on porte tous les jours mérite d’être particulièrement bien fait.",,https://www.mifexpo.fr/exposants/h-lemahieu-sa-244036/?fromsalon=952944,,
MAISON LOWYCK,maisonlowyck.fr,,,,France,Stand Village de l'Artisanat - D21.104,,,https://www.mifexpo.fr/exposants/ei-maison-lowyck-986250/?fromsalon=952944,,
MAISON LUC MARIE,fcn-textiles.com,,,,France,Stand M36,,,https://www.mifexpo.fr/exposants/fcn-textiles-1008571/?fromsalon=952944,,
MAISON LUCIE,maison-lucie.fr,,,,France,Stand M82bis,"Enchantée moi c'est Lucie. Je suis la créatrice de Maison Lucie, une aventure que j’ai lancée en 2023 en Côtes d'Armor, Bretagne, guidée par ma passion pour la cuisine et les saveurs authentiques. Diplômée Maître Confiturière, j’ai toujours eu à cœur de créer des produits à la fois gourmands et sains, qui respectent le fruit et mettent en valeur tout son potentiel. C’est avec cette philosophie que je prépare, dans mes chaudrons en cuivre, des confitures et des caramels en petites quantités, en privilégiant des fruits frais, de qualité et sélectionnés avec soin auprès de producteurs français. Chez Maison Lucie, tout est humain et artisanal. De la sélection des fruits à la création des recettes, en passant par la fabrication, le conditionnement, et même la communication et la distribution. Chaque étape est réalisée avec soin et passion pour garantir des produits artisanaux d’une grande qualité et un goût d'exception.",,https://www.mifexpo.fr/exposants/luminelle-771987/?fromsalon=952944,,
MAISON M,maison-m-paris.com,,,,France,Stand Pavillon Ile de France,"Faites votre rouge à lèvres sur mesure ! Réalisez votre diagnostic personnalisé grâce à l'IA. Testez vos teintes parfaites. Créez sur mesure votre rouge à lèvres et ses 3 teintes. L'innovation médaille d'Or : trois teintes sur-mesure dans un élégant écrin rechargeable. En plus de personnaliser vos teintes, notre rouge à lèvres est conçu pour une tenue durable et est enrichi en ingrédients hydratants, d'origine naturelle, vegan et Made In France. La beauté sur mesure n'a jamais été aussi accessible.",,https://www.mifexpo.fr/exposants/maison-m-394554/?fromsalon=952944,,
MAISON MANEX,maisonmanex.com,,,,France,Stand P24,,,https://www.mifexpo.fr/exposants/maison-manex-sas-999813/?fromsalon=952944,,
Maison Maos,maisonmaos.fr,,,,France,Stand Village de l'Artisanat - D21.31,"Parce que chaque famille est unique, je propose une gamme d’accessoires personnalisés adaptés aux besoins des petits et des grands. Que ce soit pour un cadeau de naissance, un accessoire du quotidien ou une pièce coup de cœur, Maison Maos vous accompagne avec des créations faites sur mesure pour embellir vos moments en famille. pour petits &grands. Chaque création est imaginée avec amour et fabriquée, dans mon atelier toulousain, alliant artisanat, esthétique et engagement écoresponsable.",,https://www.mifexpo.fr/exposants/sonia-moreau-maison-maos-985918/?fromsalon=952944,,
MAISON MARTINON,rhummartinon.com,,,,France,Stand Village de l'Artisanat - D21.61,"Maison Martinon réinvente le rhum à travers une approche gastronomique élégante et sensorielle. Maison Martinon est une entreprise familiale française spécialisée dans les spiritueux et liqueurs au rhum inspirés de l’univers de la gastronomie. Fruits, épices et ingrédients y sont véritablement cuisinés avec le rhum afin de développer des créations aux saveurs profondes, intenses et à la longueur en bouche remarquable. Membre du Collège Culinaire de France et de l’Académie Nationale de Cuisine, Maison Martinon élabore ses créations en Seine-et-Marne et a notamment été récompensée au Concours Général Agricole et aux London Tasting Awards 2025.",,https://www.mifexpo.fr/exposants/martinon-fils-773814/?fromsalon=952944,,
MAISON PARIS,foiegrasmaisonparis.com,,,,France,Stand E86,"Depuis 1907 au cœur des landes, un savoir faire authentique pour des produits de qualité. Issus de canards mulards de souche colorée, lourde et à croissance lente, nos canards sont élevés en plein air durant 13 à 16 semaines, puis sont engraissés exclusivement au maïs grain entier et en parc pour atteindre leur maturité allant de 15 à 18 semaines. Nous travaillons ensuite le canard « à froid » (nous sommes parmi les derniers à perdurer cette tradition), permettant au foie gras et à la viande d’obtenir la maturation optimale qui développe le goût spécifique des produits du terroir.",,https://www.mifexpo.fr/exposants/sarl-maison-paris-390863/?fromsalon=952944,,
Maison Potée by Céramique Lochoise,ceramiquelochoise.fr,,,,France,Stand N28,"Notre entreprise propose une gamme de pots pour plantes en grès émaillé, faits main en Touraine. Personnalisables en forme, taille et couleur, nos pots résistent au gel et peuvent rester à l’extérieur toute l’année. Nous avons été récompensés au Top des entreprises d’Indre-et-Loire et avons reçu le Prix du design circulaire « Jouons collectif pour le design » lors de la Foire de Tours 2025. Nous préparons également une collaboration avec la designer Régine Charvet Pello dans le cadre de la France Design Week.",,https://www.mifexpo.fr/exposants/ceramique-lochoise-782404/?fromsalon=952944,,
MAISON SEBASTIEN BRIAULT,maisonsebastienbriault.fr,,,,France,Stand Village de l'Artisanat - D21.108,,,https://www.mifexpo.fr/exposants/maison-sebastien-briault-984295/?fromsalon=952944,,
MAISON SOLFIN,maisonsolfin.fr,,,,France,Stand J29,"MAISON SOLFIN est une marque de maille Française fabriquée en France dont la fabrication des collections est confectionnée dans son atelier De Villers-Bocage. Soucieuse de soutenir des métiers devenus rares (remaillage, raccoutrage, bonneterie, tricotage…) elle perpétue ces savoir-faire depuis plus de 100 ans grâce à son atelier Normand. La maille joue le grand jeu et affirme une élégance nonchalante et joyeuse. Aux intemporels du vestiaire féminin s’associent des pièces fortes ou les volumes, les couleurs et les détails embrassent l’air du temps. Les fils et les matières premières sélectionnées chez les meilleurs filateurs européens offrent une maille au confort absolu et à la sensualité naturelle. La marque s'engage également dans une démarche de durabilité en privilégiant des matières naturelles et durables, et en favorisant une production respectueuse de l'environnement. Elle produit seulement 2 collections par an et fabrique ses pièces en quantité limitée afin de produire au plus juste et éviter les stocks d’invendus. Elle assure une seconde vie aux vêtements dans une logique d’économie circulaire et propose la réparabilité à vie de ses mailles rendue possible grâce à la conservation de nos matières premières dans notre atelier et aux talents de nos raccoutreuses, remailleuses. Découvrez toute la collection sur www.maisonsolfin.fr et suivez nous sur Instagram et Facebook",,https://www.mifexpo.fr/exposants/b-solfin-2601/?fromsalon=952944,,
MAISON THUEL,maisonthuel.com,,,,France,Stand Village de l'Artisanat - D21.186,Liqueurs à base de plantes et de fruits Limoncello Liqueur de menthe poivrée,,https://www.mifexpo.fr/exposants/maison-thuel-984787/?fromsalon=952944,,
Maitre Artisan Charcutier Traiteur La Belle Rouge,boucherielabellerouge.fr,,,,France,Stand Village de l'Artisanat - D21.139,,,https://www.mifexpo.fr/exposants/sarl-la-belle-rouge-984595/?fromsalon=952944,,
Malangocha,malangocha-marquepages.com,,,,France,Stand M76,"C’est l’histoire de petits marque-pages étonnants et singuliers qui prennent vie, en 2024, dans le Sud de la France. Chaque modèle est imaginé, dessiné et fabriqué avec passion, sous le chant des cigales. Pratique et fonctionnel avec sa “ langue de chat ”, le marque-page Malangocha se glisse et se balade facilement d’une page à l’autre. Résistant et tellement attachant, il est bien plus qu’un simple marque-page et accompagne le lecteur partout, au fil du temps et des livres… En laiton, les marque-pages Malangocha au design original et esthétique subliment l’expérience de lecture. Ils deviennent de véritables compagnons de chaque moment passé plongé dans un livre… Chaque modèle est présenté dans son univers, au travers d’un packaging ludique et coloré.",,https://www.mifexpo.fr/exposants/sas-kdf-760872/?fromsalon=952944,,
MALIZENN,malizenn.fr,,,,France,Stand F43,Fabriquer un futur à nos déchets Malizenn est un atelier artisanal qui réemploie des déchets textiles pour en fabriquer des objets uniques du quotidien. Malizenn relève le défi de valoriser les chutes et rebuts d’ateliers et d'entreprises locales. Exploiter ces rebuts sont sources de développement en matière d’artisanat et de design. Le concept de Malizenn est de fabriquer des objets textiles ornementales en valorisant les déchets textiles. •••••••••••••• To make un futur for our waste Malizenn is a craft workshop that reuses textile waste to make daily unique accessories. Malizenn is taking up the challenge to glamorize scraps and waste from textiles companies around the traditional workshop. The intention is about developing and researching low - craft make and design.,,https://www.mifexpo.fr/exposants/malizenn-963359/?fromsalon=952944,,
MALONGO,malongo.com,,,,France,Stand K09,Découvrez EOH notre nouvelle machine expresso fabriquée en France!,,https://www.mifexpo.fr/exposants/malongo-158428/?fromsalon=952944,,
MAMIK,mamik.fr,,,,France,Stand i54,"MAMIK partage une seule philosophie : créer des objets du quotidien à la fois beaux, fonctionnels et durables, pensés pour simplifier la vie tout en respectant l’environnement. MAMIK conçoit des accessoires de salle de bain pour les particuliers, les marques de cosmétiques et l'hôtellerie. Connue pour son produit iconique la boîte à savon, objet à la fois pratique, élégant et durable, conçu pour protéger et transporter les savons solides, MAMIK propose également le petit accessoire de salle de bain et cuisine. Avec une promesse, une installation sans perçage pour faciliter l'installation. • Étagères de douche murale • Patères de douche - Patères pour peignoir/serviettes • Porte-flacons muraux • Porte papier toilettes avec tablette Tous ces accessoires peuvent se fixer sans perçage grâce à des adhésifs muraux étanches, résistants à l’eau fournis.",,https://www.mifexpo.fr/exposants/ifaty-783072/?fromsalon=952944,,
MANDALAINE,mandalaine.fr,,,,France,Stand D14,Nous proposons des kits d’initiation au feutrage fabriqués en France composés exclusivement de laine vierge française. Seules nos aiguilles sont de fabrication allemande. Grace à notre kit «MANDALAINE» chacun peut découvrir la technique du feutrage à l’aiguille de manière simple et ludique mais il plaira aussi à ceux que maîtrise l’art du feutrage par son aspect créatif et évolutif !,,https://www.mifexpo.fr/exposants/rasmania-wool-990357/?fromsalon=952944,,
Manga Bé,,,,,France,Stand Village de l'Artisanat - D21.125,"Créations artisanales en bois inspirées de Mayotte : porte-clés, bijoux, magnets, trophées et décorations. Nous proposons aussi des objets personnalisés sur demande.",,https://www.mifexpo.fr/exposants/manga-be-985416/?fromsalon=952944,,
MANGE TES GRAINES,mangetesgraines.fr,,,,France,Stand H87bis,,,https://www.mifexpo.fr/exposants/mange-tes-graines-970592/?fromsalon=952944,,
MANGE TON BOL,mangetonbol.fr,,,,France,Stand Village de l'Artisanat - D21.194,"Mange ton Bol propose des bols comestibles fabriqués artisanalement à partir de matières premières 100 % françaises. Destinés aux professionnels de la restauration et de l’événementiel, nos bols permettent de servir, manger puis consommer le contenant, réduisant ainsi les déchets liés aux emballages jetables et offrant des avantages pour la restauration sur place. Notre gamme se compose d’un bol individuel, d’un bol à partager et prochainement d’un micro-bol pour sauces, condiments et dégustations.",,https://www.mifexpo.fr/exposants/sarl-mange-ton-bol-984376/?fromsalon=952944,,
MANUFACTURE BONTEMPS,manufacturebontemps.fr,,,,France,Stand H47,Les lignes de nos modèles sont inspirées de grands souliers emblématiques. Des chaussures françaises qui ont traversé les années sans jamais se démoder et dont la capacité à s’adapter à tous les styles nous inspire encore. La forme ronde et rationnelle est associée à une semelle épaisse qui lui confère une esthétique affirmée et équilibrée. Les doubles coutures petits points soulignent le modèle et sont la signature de sa bonne facture.,,https://www.mifexpo.fr/exposants/manufacture-bontemps-france-sas-549224/?fromsalon=952944,,
MANUFACTURE DE CHAROLLES,,,,,France,Stand H10-i09,"Fondée en 1844 au cœur de la Bourgogne, la Manufacture de Charolles est l’une des plus anciennes manufactures de céramique de France. Labellisée Entreprise du Patrimoine Vivant (EPV), elle perpétue un savoir-faire d’exception à travers la fabrication artisanale d’objets décoratifs en céramique. Chaque pièce est entièrement réalisée à la main dans nos ateliers de Charolles, depuis le coulage jusqu’aux finitions. La Manufacture associe aujourd’hui cet héritage centenaire à une vision contemporaine du design, en développant des collections originales qui trouvent leur place aussi bien dans les intérieurs particuliers que dans les projets d’architecture et de décoration. Symbole de la marque, la célèbre carafe Glouglou côtoie désormais de nouvelles créations imaginées avec des designers et fabriquées selon les mêmes exigences de qualité et de savoir-faire français.",,https://www.mifexpo.fr/exposants/charolles-1844-977472/?fromsalon=952944,,
MANUFACTURE JACQUEMIN,manufacture-jacquemin.com,,,,France,Stand i18,,,https://www.mifexpo.fr/exposants/sarl-manufacture-jacquemin-644250/?fromsalon=952944,,
MANUFACTURE PERRIN 1924,manufacture-perrin.com,,,,France,Stand F37,"La Manufacture PERRIN est la dernière entreprise familiale spécialisée dans la fabrication exclusivement française de chaussettes et de collants de qualité, aux fils choisis et finitions parfaites. Labelisée EPV depuis 2014. Elle fabrique pour des marques et couturiers reconnus à l’international pour leur positionnement luxe. Elle commercialise ses propres collections: Perrin 1924, Dagobert à l'Envers et La Chaussette Française",,https://www.mifexpo.fr/exposants/perrin-sas-1304/?fromsalon=952944,,
MARCUS SPURWAY,marcus-spurway.com,,,,France,Stand i55,,,https://www.mifexpo.fr/exposants/marcus-spurway-740804/?fromsalon=952944,,
MARIE DE LIVINHAC - CROQ & CRAQ - TREK'AVENTURE,mariedelivinhac.com,,,,France,Stand O53,,,https://www.mifexpo.fr/exposants/sas-marie-de-livinhac-775407/?fromsalon=952944,,
MariParis,,,,,France,Stand F44,"MariParis est une maison de création artisanale française spécialisée dans les accessoires de mode en pièces uniques. Chaque création est imaginée et réalisée à la main dans mon atelier à Menton, à partir de matières soigneusement sélectionnées : tissus, cuir, textiles anciens ou contemporains. Les sacs berlingots signature, sacs et pochettes incarnent un univers élégant, bohème et libre, où chaque pièce raconte une histoire. MariParis valorise l’artisanat d’art, la fabrication française et la singularité, avec des créations jamais reproduites à l’identique.",,https://www.mifexpo.fr/exposants/charpagne-953705/?fromsalon=952944,,
MARON BOUILLIE,maronbouillie.com,,,,France,Stand Pavillon Ile de France,"Depuis 2004, MARON BOUILLIE, marque parisienne, propose des articles textiles imprimés de photographies de la vie courante. De grande qualité, les produits sont entièrement fabriqués en France en petites séries, dans des matières éco-responsables. Avec poésie et d’humour, la créatrice Marie Bouillon vous habille d’images, vous décroche un sourire. Sacs de courses, paniers de rangement, sac à pain, vide-poche déco, housse de coussins, corbeilles à fruits, protège-livre ; que ce soit sur votre épaule, à porter de main, ou dans votre maison, nos objets donnerons à votre quotidien une touche fraiche et singulière. Distribués dans le monde entier, de la boutique cadeaux au concept store de musée les plus prestigieux, les produits séduisent à travers le monde. MARON BOUILLIE, c'est comme un croissant frais du matin : unique, délicieux et made in France !",,https://www.mifexpo.fr/exposants/la-boite-a-maron-772688/?fromsalon=952944,,
Maroquinerie du Cotentin,maroquineriecotentin.fr,,,,France,Stand D10-E09,"Atelier de maroquinerie artisanale et vente directe en sortie d'atelier. Ceintures, sacs à main...",,https://www.mifexpo.fr/exposants/maroquinerie-du-cotentin-408019/?fromsalon=952944,,
MAROQUINERIE HEXAGONE,hexagone-cuir.com,,,,France,Stand Q39,,,https://www.mifexpo.fr/exposants/hexagone-967319/?fromsalon=952944,,
MATA,bijoux-mata.com,,,,France,Stand Village de l'Artisanat - D21.79,"Accessoires textiles faits main : broches florales, serre‑têtes, barrettes, boutonnières et nœuds papillon réalisés en satin, organza, tulle et autres textiles nobles. Chaque pétale est façonné à la main, un par un, parfois à la flamme pour obtenir des formes uniques. Le montage et la couture sont entièrement réalisés à la main, selon un savoir‑faire hybride mêlant plusieurs techniques artisanales, dont le Kanzashi. Toutes les créations sont fabriquées dans mon atelier à Metz, en pièces uniques ou petites séries.",,https://www.mifexpo.fr/exposants/mata-accessoires-de-mode-982879/?fromsalon=952944,,
MAX CAPDEBARTHES,max-capdebarthes.fr,,,,France,Stand N58-O57,"L’entreprise artisanale Max Capdebarthes est implantée à Sauveterre de Rouergue, village Bastide, lieu propice à l’expression de l’artisanat. Tous nos produits, sacs, sacs à main, petite maroquinerie et ceintures bénéficient de l'agrément ""Fabriqué en Aveyron"". Nous avons obtenu le label Entreprise du Patrimoine Vivant pour la première fois en 2009.",,https://www.mifexpo.fr/exposants/mc-cuir-551293/?fromsalon=952944,,
MAX DE GÉNIE,maxdegenie.com,,,,France,Stand D86bis,"Chez Max de Génie, on réinvente la gourmandise avec une conviction simple : se faire plaisir ne devrait jamais être un compromis. Née de l’envie de proposer des alternatives plus saines sans renoncer au goût, nous proposons des préparations sucrées et farines bio à indice glycémique bas, fabriquées en France avec des ingrédients de qualité. Notre engagement va au-delà de l’assiette : notre atelier est installé au sein d’une entreprise adaptée. Nos collaborateurs en situation de handicap participent pleinement à la fabrication de nos produits, contribuant chaque jour à faire vivre un modèle plus inclusif, responsable et profondément humain.",,https://www.mifexpo.fr/exposants/les-gourmands-exigeants-967036/?fromsalon=952944,,
MAY'FIL,,,,,France,Stand Village de l'Artisanat - D21.114,"May’Fil propose des créations textiles contemporaines réalisées artisanalement en tufting et punch needle. Je conçois et réalise à la main des pièces uniques et entièrement sur mesure : tapis, tableaux et décorations murales en relief, ainsi que des reproductions de logos destinées aux professionnels. Chaque création est fabriquée dans mon atelier en Mayenne, principalement à partir de laine, et peut être personnalisée selon les dimensions, les couleurs et l’univers souhaités. Mon travail s’adresse aussi bien aux particuliers qu’aux professionnels — architectes d’intérieur, décorateurs, hôtels, commerces et entreprises — à la recherche d’une création textile originale et d’un savoir-faire artisanal français.",,https://www.mifexpo.fr/exposants/mayfil-984923/?fromsalon=952944,,
Mayilôr,mayilor.com,,,,France,Stand Village de l'Artisanat - D21.196,,,https://www.mifexpo.fr/exposants/mayilor-983287/?fromsalon=952944,,
"MAZETTE, QUELLE MAQUETTE !",mazettequellemaquette.com,,,,France,Stand Pavillon Ile de France,"La super histoire de Mazette « Mazette, quelle maquette ! » est la marque fille de « Kit et Colle » : créée en 2022 elle est destinée au grand public. Après 20 ans d’expérience en écoles avec nos maquettes pédagogiques, nous nous lançons dans une nouvelle aventure : des maquettes pour tous, petits et grands ! Cette décision a été prise après avoir rencontré un grand intérêt de la part de particuliers, de confrères et de professionnels lors du salon Made in France 2021. C’était parti ! L'objectif reste le même. Proposer une alternative au numérique par le biais d’activités stimulant la motricité fine des enfants tout en les sensibilisant à l’histoire, la science, la techno… et en plus, on s’amuse, on décore, on imagine, on joue !",,https://www.mifexpo.fr/exposants/kit-et-colle-595518/?fromsalon=952944,,
Maï tisse,maitisse.fr,,,,France,Stand Village de l'Artisanat - D21.101,,,https://www.mifexpo.fr/exposants/laurence-tarvernier-981402/?fromsalon=952944,,
Maïana Durcudoy & maison Mayte,,,,,France,Stand F82,"Charcuterie traditionnelle et artisanale Basque . Filière IBAIAMA, cochons nés et élevés en plein air. Jambons Sans sel nitrites .",,https://www.mifexpo.fr/exposants/sarl-maiana-durcudoy-954632/?fromsalon=952944,,
MENUISERIE DESBRAIS-PANEL,desbrais-panel.fr,,,,France,Stand P26,,,https://www.mifexpo.fr/exposants/desbrais-panel-782349/?fromsalon=952944,,
MERVEILLES DU MONDE,merveilles-du-monde.fr,,,,France,Stand K79,"Merveilles du Monde est de retour pour une grande aventure gourmande. Pour ceux qui ont une féroce envie de chocolat, RDV sur notre stand !",,https://www.mifexpo.fr/exposants/krokola-244995/?fromsalon=952944,,
MEUBLES LAGRANGE,meubles-lagrange.fr,,,,France,Stand M18,"Entreprise artisanale, spécialisée dans la réalisation de mobilier contemporain, sur mesure, en bois massif, avec une finition huilée naturelle.",,https://www.mifexpo.fr/exposants/meubles-lagrange-1511/?fromsalon=952944,,
MICHELI DESIGN,michelidesign.fr,,,,France,Stand Village de l'Artisanat - D21.107,"Micheli Design conçoit et fabrique du mobilier artisanal sur mesure en chêne massif français et acier. Chaque création est dessinée et fabriquée à la commande dans notre atelier en Mayenne, selon les dimensions, les usages et l’intérieur de son futur propriétaire. Bois massif, acier façonné et patiné à la main : nous créons des meubles singuliers, fonctionnels et durables, pensés pour accompagner la vie pendant de nombreuses années.",,https://www.mifexpo.fr/exposants/sas-micheli-design-984270/?fromsalon=952944,,
MICROBRASSERIE ORIGINE,microbrasserie-origine.fr,,,,France,Stand Q57,,,https://www.mifexpo.fr/exposants/microbrasserie-origine-974343/?fromsalon=952944,,
MIELS D'AQUÍ,,,,,France,Stand Q58,,,https://www.mifexpo.fr/exposants/miels-daqui-974351/?fromsalon=952944,,
MIJUIN,mijuin.fr,,,,France,Stand F02,"Vêtements, accessoires et linges de maison en 100% lin avec des engagements forts sur le design (moderniser l'image du lin) et sur la qualité (penser pour durer).",,https://www.mifexpo.fr/exposants/mijuin-970623/?fromsalon=952944,,
MILEFOLIA,milefolia.co,,,,France,Stand Village de l'Artisanat - D21.170,,,https://www.mifexpo.fr/exposants/sarl-milefolia-984871/?fromsalon=952944,,
MILLENIALE,savonnerie-milleniale.com,,,,France,Stand Village de l'Artisanat - D21.113,"Milléniale, savonnerie naturelle et artisanale située près d’Angers. Nous fabriquons nos savons par saponification à froid à partir d’ingrédients naturels et biologiques. La saponification à froid nous permet de préserver les propriétés des ingrédients utilisés. Nous obtenons ainsi de véritables savons de soin, très doux, surgras et adaptés à toute la famille et tous les types de peaux. Notre gamme s'étend également aux shampoings solides, aux cosmétiques et aux accessoires, avec des produits pensés pour prendre soin de soi au quotidien et privilégier une consommation plus simple et durable. Nous proposons aussi des savons personnalisés pour les particuliers et les professionnels, ainsi que des cadeaux d'entreprise éco-responsables. À travers notre savoir-faire, nous défendons un artisanat local et à taille humaine, en privilégiant des ingrédients de qualité et une fabrication soignée, au cœur du Maine-et-Loire.",,https://www.mifexpo.fr/exposants/savonnerie-milleniale-984279/?fromsalon=952944,,
MITCHUT,mitchut.com,,,,France,Stand E85,,,https://www.mifexpo.fr/exposants/sarl-mitchut-986386/?fromsalon=952944,,
MLO FOR HER,mloforher.com,,,,France,Stand Village de l'Artisanat - D21.49,"Il faut bien le reconnaître, tout se ressemble. La tendance est donc à la démarcation. Le col plastron devient le meilleur atout pour ajouter sa touche personnelle à sa tenue. Il permet de personnaliser son look et de retrouver cette petite touche qui nous rend ""unique"" Quelle femme ne s’est pas plainte dans la journée, souvent de sa chemise trop collante, trop chaude, trop serrée. Les cols avec en plus beaucoup moins d’entretien , sont eux faciles à porter. En un clin d’oeil, ils permettent d’associer style et bien être. Variations de poids, de taille, aucun souci les cols s’adaptent à toutes les morphologies. Chic, city, casual, branché, sous une robe, un pull, un sweat shirt, tee shirt ou gilet. Les femmes sont sublimées",,https://www.mifexpo.fr/exposants/sml-modagent-100200/?fromsalon=952944,,
MOKI MOKI,mokimoki.fr,,,,France,Stand P32,"Les produits Moki (ou Moki Moki) sont des kits créatifs de papercraft en 3D qui permettent d'assembler soi-même des sculptures en papier au design géométrique moderne (style ""low-poly""). Ce sont des pochettes prêtes à l'emploi contenant du papier de qualité (déjà imprimé, découpé et pré-plié), de l'adhésif et des instructions pas à pas. Ces kits se déclinent principalement en décorations d'intérieur. Le produit offre ainsi une double promesse : une activité manuelle à partager et un bel objet déco design à exposer une fois terminé.",,https://www.mifexpo.fr/exposants/imprimerie-pere-976805/?fromsalon=952944,,
Mon boudoir à cire,monboudoiracire.com,,,,France,Stand Village de l'Artisanat - D21.158,"Mon Boudoir à Cire imagine et fabrique artisanalement des créations parfumées, avec pour pièce phare le bouquet de bougies parfumées. Chaque création est réalisée à la main et personnalisable : je fabrique moi-même mes vases en résine, puis chaque client choisit ses bougies, ses végétaux et son parfum. J’utilise une cire végétale de tournesol française et des parfums de Grasse, pour créer des pièces décoratives, parfumées et uniques.",,https://www.mifexpo.fr/exposants/mon-boudoir-a-cire-983737/?fromsalon=952944,,
MONT VALIER,montvalier.fr,,,,France,Stand F41,"Mont Valier propose des vêtements mixtes fabriqués en France à partir de laine issue des Pyrénées. La collection associe des pulls, vestes, gilets, pantalons et accessoires, avec une fabrication locale dans le Béarn, qui valorise la matière et les savoir-faire du territoire.",,https://www.mifexpo.fr/exposants/sasu-textile-pyrenees-970342/?fromsalon=952944,,
MONTBIGORNO,montbigorno.com,,,,France,Stand Village de l'Artisanat - D21.86,,,https://www.mifexpo.fr/exposants/sas-montbigorno-983150/?fromsalon=952944,,
MONTIFAUD,chateaumontifaud.com,,,,France,Stand E84-F83,,,https://www.mifexpo.fr/exposants/sarl-chateau-montifaud-983852/?fromsalon=952944,,
MORVAN,chaudieres-morvan.com,,,,France,Stand O28,,,https://www.mifexpo.fr/exposants/selfclimat-morvan-963493/?fromsalon=952944,,
MOULIN DE LA VEYSSIÈRE,moulindelaveyssiere.fr,,,,France,Stand K86,"Nous produisons au Moulin de la Veyssière à Neuvic en Périgord des huiles, des farines et des produits d'épicerie fine autour de la noix, de la noisette, de l'amande et de la cacahuète. Nos huiles sont fabriquées de façon artisanale, suivant un savoir-faire familial transmis depuis 1857. En 2022, nous avons décidé de nous lancer dans une nouvelle aventure : reprendre une exploitation agricole familiale située à Sarlat en Périgord, afin de devenir producteur de noix et nous rapprocher de la terre. Entre histoire et gastronomie, notre fabrication artisanale est associée à une production responsable et durable, en recherche perpétuelle d’innovation et d’excellence. En véritable passionnés de nos terroirs français, nous apportons une attention particulière à la sélection de nos matières premières. Exclusivement issues de notre exploitation ou de production locales, notre production est 100% française.",,https://www.mifexpo.fr/exposants/sas-moulin-de-la-veyssiere-248944/?fromsalon=952944,,
MOUTARDE DE PROVINS,patrice-boudignat.com,,,,France,Stand Pavillon Ile de France,"Nous avons développé une gamme de moutardes à partir de nos cultures, façonnées à la ferme.",,https://www.mifexpo.fr/exposants/boudignat-patrice-582455/?fromsalon=952944,,
MURA - Single Farm Whisky,hautes-terres.fr,,,,France,Stand Village de l'Artisanat - D21.197,,,https://www.mifexpo.fr/exposants/distillerie-haute-terre-983717/?fromsalon=952944,,
MUTUALE,mutuale.fr,,,,France,Stand G69,"Besoin d'une complémentaire santé responsable, engagée et qui répond vos besoins ? Mutuale est votre solution. Que vous soyez un particulier, une entreprise ou une collectivité, nos équipes reconnues pour leur savoir-faire, sauront vous accompagner dans la mise en place de votre contrat aussi bien en santé, qu’en prévoyance ou en assurance de biens. Soucieux de notre responsabilité sociétale, nous privilégions les placements éthiques et responsables, favorisons les circuits courts et soutenons financièrement plus de 50 entreprises qui produisent en France. Mutuale est d’ailleurs la première mutuelle à avoir été certifiée « Service France Garanti » pour son service d’assurance santé. Mutuale détient aussi le label Engagé RSE de niveau confirmé. Délivré par AFNOR Certification, ce label est la reconnaissance de nos engagements envers nos adhérents, nos salariés et nos territoires. Actrice de l’Economie Sociale et Solidaire, Mutuale est ancrée localement auprès de ses adhérents par le biais de différentes actions de prévention et de solidarité.",,https://www.mifexpo.fr/exposants/mutuale-238267/?fromsalon=952944,,
MYLITTLEFABRIC,mylittlefabric.fr,,,,France,Stand Village de l'Artisanat - D21.193,"J'ai fondé Mylittlefabric et créé le sac Pépette avec une idée simple : permettre aux femmes d'adopter une mode plus éco-responsable sans renoncer au plaisir de changer de style. Le Pépette, un sac qui se porte comme un charm. « On ne change pas de sac : on change ce que l’on a envie de porter et de raconter. » L’idée est simple, mais assez différente des sacs traditionnels : le rabat de Pépette est interchangeable. Il permet ainsi de faire évoluer son sac au gré de ses envies, de ses tenues ou des saisons, mais aussi de raconter quelque chose de soi. Un rabat peut exprimer une émotion, un état d’esprit, un souvenir, un moment de vie, ou simplement devenir une sorte de grigri, d’amulette que l’on choisit de porter avec soi. Le Pépette s’inscrit également dans une démarche pratique et plus responsable : plutôt que de multiplier les sacs, un même sac peut évoluer grâce à ses rabats interchangeables. Une façon de consommer autrement, tout en restant économique, ludique et personnelle. C’est ce mélange entre maroquinerie artisanale, personnalisation, émotion et consommation plus raisonnée qui fait l’originalité du concept. Créé et fabriqué entièrement à Villaz près d'Annecy en Haute-Savoie, Lauréat du Trophée Coup de Cœur Artinov, Le Pépette®, marque déposée auprès de l'INPI, incarne ma volonté d'allier créativité, innovation et savoir-faire artisanal pour proposer une maroquinerie française originale, personnalisable et conçue pour durer. Ingrid BERTAU",,https://www.mifexpo.fr/exposants/ingrid-berteau-984380/?fromsalon=952944,,
MÉDUSE,meduse.com,,,,France,Stand O64,"Modèle emblématique et déposé, la sandale SUNMIF Méduse est fabriquée en France depuis 1946 à partir de PVC souple, 100 % recyclable, issu d’un approvisionnement local. Son design iconique avec brides tressées et picots sous la semelle allie confort, style et durabilité.",,https://www.mifexpo.fr/exposants/groupe-humeau-beaupreau-772136/?fromsalon=952944,,
Mémé Bernadette,feel-inde.com,,,,France,Stand L37,"Qualité, rapidité et savoir-faire. Nous concevons, fabriquons et personnalisons en Île-de-France des articles destinés à la communication par l’objet. Épais et résistants (jusqu'à 280 g), nos produits sont réalisés à partir de matières premières éco-responsables, conçues pour durer dans le temps. Fabricants et producteurs, nous mettons en avant notre savoir-faire et garantissons une maîtrise complète de la production. De la conception au produit fini, toutes les étapes sont réalisées dans notre usine : coupe, assemblage et marquage. Notre atelier est aussi un acteur engagé : en collaborant avec un ESAT, nous favorisons l’insertion et la réinsertion professionnelle de personnes en situation de fragilité ou de handicap. Une équipe motivée et qualifiée donne vie à des articles uniques et porteurs de sens.",,https://www.mifexpo.fr/exposants/sarl-feel-inde-431029/?fromsalon=952944,,
Møtsent,motsent.com,,,,France,Stand Village de l'Artisanat - D21.97,,,https://www.mifexpo.fr/exposants/sarl-savonnerie-du-doubs-982859/?fromsalon=952944,,
NAIGE,naige.fr,,,,France,Stand Village de l'Artisanat - D21.178,Notre collection premier flocons propose des vêtements dans un tricot de polaire moelleux 100% mérinos d'Arles pour des produits 100% français de la fibre aux produits finis.,,https://www.mifexpo.fr/exposants/lapsuss-sarl-984330/?fromsalon=952944,,
Nathalie Pinto,nathalie-pinto.fr,,,,France,Stand Village de l'Artisanat - D21.200,"Nathalie Pinto est illustratrice et carnettiste basée en Savoie. Spécialisée dans l'encre de Chine, elle développe une écriture graphique sensible inspirée du vivant, des paysages de montagne et des détails souvent imperceptibles qui nous entourent. Ses créations naissent de ses immersions en pleine nature, où elle observe, dessine et collecte des fragments de paysages qui deviennent ensuite des œuvres réalisées dans son atelier à Barberaz (près de Chambéry). Elle propose des œuvres originales à l'encre de Chine, des tirages d'art numérotés en édition limitée ainsi que des œuvres naturalistes encadrées prêtes à prendre place dans les intérieurs. Chaque création est pensée avec une attention particulière portée aux matières, aux finitions et à sa fabrication. Les tirages sont imprimés en France sur des papiers de qualité soigneusement sélectionnés et les encadrements sont réalisés sur mesure en collaboration avec des artisans locaux. Sa démarche valorise les savoir-faire français, les circuits courts et les collaborations de proximité. Chaque œuvre est une invitation à ralentir, à observer autrement et à renouer avec une relation sensible au vivant.",,https://www.mifexpo.fr/exposants/nathalie-pinto-980963/?fromsalon=952944,,
NATIVITAS,nativitas.fr,,,,France,Stand J62bis,Nativitas a créé avec alinéa l’aligneur charentais la première marque française d’aligneurs imprimés avec une résine à mémoire de forme et labellisé origine France Garantie. C’est une réelle innovation dans le milieu de la dentisterie.,,https://www.mifexpo.fr/exposants/nativitas-976936/?fromsalon=952944,,
NATNA,natna.fr,,,,France,Stand H62,"Les huiles proposées par Natna forment une gamme de soins naturels et haut de gamme, conçus pour le visage, le corps, les cheveux et la barbe. Issues de cultures biologiques en Bourgogne et pressées à froid, elles conservent toute leur richesse en acides gras essentiels (oméga 3, 6, 9), vitamine E et antioxydants. Chaque huile associe efficacité et sensorialité : certaines sont formulées pour nourrir et protéger la peau après le soleil, d’autres pour adoucir la barbe, renforcer les cheveux ou sublimer la peau avec des parfums délicats (floraux, fruités ou poudrés). La marque valorise un savoir-faire familial et artisanal, offrant des produits purs, élégants et respectueux de l’environnement.",,https://www.mifexpo.fr/exposants/sas-la-maison-pere-740600/?fromsalon=952944,,
NEO,neo-backpacks.fr,,,,France,Stand G49,"NEO est un atelier qui fabrique et conçoit des sacs à dos techniques outdoor. Depuis 2013, nous nous engageons pour une fabrication locale et responsable au sein de notre atelier de confection, au bord du lac d’Annecy. Nous proposons des produits innovants et durables qui garantissent à tous nos utilisateurs confort, technicité et légèreté. Nous sommes fiers de fabriquer ici. Et pas ailleurs.",,https://www.mifexpo.fr/exposants/sas-neo-234431/?fromsalon=952944,,
NEOLOGY,neology.tm.fr,,,,France,Stand O74-Q75,"Neology est une entreprise française implantée en Corrèze depuis 1973. Nous fabriquons des sièges haut de gamme, en cuir ou en tissu. A l'écoute de nos clients, nous confectionnons nos modèles sur mesure, et les personnalisons à votre intérieur.",,https://www.mifexpo.fr/exposants/canapes-design-neology-1800/?fromsalon=952944,,
NEREÏS OCEAN,nereisocean.com,,,,France,Stand N79,"Inspirée des nageoires de baleine, le DeepFoil révolutionne la manière de se déplacer sous l’eau et procure une glisse douce et fluide, souvent comparée à une sensation de “voler sous l’eau”. Léger et maniable, le DeepFoil se tient à la main et permet de s'immerger et de remonter par simple inclinaison des poignets, sans plomb ni moteur, simplement grâce à la forme hydrodynamique de l’aile et aux mouvements du corps en palmant. Adapté aussi bien en mer qu’en piscine, le DeepFoil s’adresse aux nageurs, apnéistes, snorkeleurs, et, plus largement, à toute personne qui souhaite découvrir le milieu aquatique, en balade, de façon intuitive et ludique. Le DeepFoil flotte naturellement et remonte à la surface, renforçant la sécurité de l’utilisateur. Il est conçu et fabriqué en dans l'ouest de la France dans une démarche écoresponsable avec des matériaux recyclables.",,https://www.mifexpo.fr/exposants/sas-nereis-ocean-967468/?fromsalon=952944,,
NKIUP,nkiup.fr,,,,France,Stand M52,"NKIUP est une marque française spécialisée dans l’upcycling de matières techniques issues du monde du sport et de l’outdoor. Nous transformons des voiles de parapente, waders de pêche, néoprène et autres textiles techniques destinés au rebut en sacs et accessoires durables fabriqués en France. Notre mission est de réduire les déchets et l’empreinte carbone liés à la production de nouvelles matières en donnant une seconde vie à des matériaux d’exception. Chaque produit est conçu et fabriqué localement dans une démarche responsable, alliant design, fonctionnalité, durabilité et impact positif. À travers NKIUP, nous souhaitons démontrer qu’une autre façon de produire est possible : plus circulaire, plus locale et plus respectueuse des ressources.",,https://www.mifexpo.fr/exposants/neree-group-963969/?fromsalon=952944,,
NOBSOLETE,nobsolete.com,,,,France,Stand J18,,,https://www.mifexpo.fr/exposants/demain-sas-963495/?fromsalon=952944,,
NOGENT 3 étoiles ***,nogent3etoiles.com,,,,France,Stand N17,"Chez Nogent***, nous fabriquons des outils qui coupent, tranchent, tiennent et durent. Pour ceux qui aiment faire de leurs mains : des cuisiniers du quotidien comme des fins gourmets. Depuis 1923, notre métier est le même : fabriquer les bons outils pour rendre les gestes plus simples, plus précis et plus agréables. À Biesles, en Haute-Marne, chaque lame est travaillée, de la découpe du bois à l'affûtage final. Entièrement en France. Un savoir-faire de précision, une Entreprise du Patrimoine Vivant. Un savoir-faire que nous transmettons chaque jour dans nos ateliers pour que les bons gestes continuent, eux aussi, de passer de main en main.",,https://www.mifexpo.fr/exposants/nogent-282299/?fromsalon=952944,,
NOIROT,noirot.fr,,,,France,Stand O22,"L’entreprise Noirot est spécialisée dans la conception et la fabrication de radiateurs et de sèche-serviettes électriques intelligents. Basée à Laon dans les Hauts-de-France, Noirot fait partie du Groupe Muller depuis 1970, actuellement rebaptisé Groupe intuis. Leader reconnu sur le marché du chauffage, Noirot est un acteur industriel engagé en faveur de l’économie française et attaché au maintien des emplois dans nos régions.",,https://www.mifexpo.fr/exposants/intuis-services-752433/?fromsalon=952944,,
Normandie Limonade,normandie-limonade.fr,,,,France,Stand E02 - entreprise présente uniquement le vendredi 13 novembre,"Les jus et pétillants ""Normandie Limonade"" sont fabriqués par le Pressoir de Normandie à Grossoeuvre (27-Eure), entreprise artisanale où savoir-faire familial et goût authentique guident chaque étape de conception. Gorgés de nature, nos jus restituent le meilleur du fruit pour un goût pur et généreux. Du verger à la bouteille, le fruit est respecté à chaque étape pour exprimer toute la richesse du terroir normand. Aucun conservateur ni additif ne sont ajoutés, toutes les vitamines et nutriments sont préservés pour un véritable moment de plaisir à chaque gorgée.",,https://www.mifexpo.fr/exposants/pressoir-de-normandie-986900/?fromsalon=952944,,
NOULI,nouli.fr,,,,France,Stand Village de l'Artisanat - D21.141,"NOULI, Artisan d’art, je suis créatrice de perles en verre filé au chalumeau. Fascinée par ce matériau d’exception qu’est le verre depuis plus de 10 ans, je crée au chalumeau des perles de verre, entièrement réalisées à la main. Chaque perle que j’assemble à un bijou est une pièce unique, façonnée avec passion, précision et savoir-faire. J’étudie minutieusement les associations de couleurs pour créer des harmonies originales et raffinées. Chaque création est pensée pour apporter une touche d’éclat et d’élégance afin de sublimer vos tenues avec un bijou unique.",,https://www.mifexpo.fr/exposants/mallet-virginie-983154/?fromsalon=952944,,
NOVACEL OPHTALMIQUE,novacel-optical.com,,,,France,Stand K53,"Depuis plusieurs années, le navire Novacel prend le large en se positionnant à la 3ème place sur le marché industriel français du verre ophtalmique, tout en imposant sa philosophie.",,https://www.mifexpo.fr/exposants/novacel-ophtalmique-113573/?fromsalon=952944,,
NOVARA PARIS,novaraparis.com,,,,France,Stand i58,,,https://www.mifexpo.fr/exposants/sas-livo-771399/?fromsalon=952944,,
NUIT DES VOSGES,valrupt.com,,,,France,Stand O03,"Nuit des Vosges vous invite à découvrir son savoir-faire dans la protection literie, avec une sélection de protège-matelas et protections d’oreillers conçus pour allier confort, hygiène et durabilité. Molleton gratté doux et confortable, protections imperméables, matières respirantes : nos collections répondent aux différents besoins du quotidien. À l’occasion du MIF Expo, découvrez également nos nouveautés, dont une protection en microfibre ultra-imperméable au toucher peau de pêche, douce et agréable au contact. Les plus jeunes ont aussi leur univers avec P’tit Vosgien, une gamme de protections literie spécialement pensée pour les enfants. Des protections pratiques, confortables et durables, portées par le savoir-faire textile vosgien.",,https://www.mifexpo.fr/exposants/valrupt-tgv-industries-964220/?fromsalon=952944,,
NURBELLE,nurbelle.com,,,,France,Stand Pavillon Ile de France,,,https://www.mifexpo.fr/exposants/nurbelle-977339/?fromsalon=952944,,
O DISTRIBS,o-distribs.fr,,,,France,Stand N83,,,https://www.mifexpo.fr/exposants/o-distribs-sasu-1011473/?fromsalon=952944,,
ODASPICY,odaspicy.com,,,,France,Stand Village de l'Artisanat - D21.127,,,https://www.mifexpo.fr/exposants/sarl-odaspicy-984350/?fromsalon=952944,,
ODYZ,odyz.net,,,,France,Stand Village de l'Artisanat - D21.198,"ODYZ a pour objectif de proposer un cadeau de naissance 100% Français à un prix accessible à tous ! Le Dodyz, un doudou 100% Made in France, tout doux avec franges d'éveils qui stimulera les sens de bébé, des animaux rigolos, des tissus de qualité certifiés Oeko-Tex respectueux de la peau, des couleurs contrastées et personnalisable avec le prénom de votre choix brodé. Un compagnon d'aventure unique, pimpant, réconfortant et rempli de douceur, dès 19.90 € Doux pour bébé et doux pour le portefeuille !",,https://www.mifexpo.fr/exposants/lauridou-audrey-984783/?fromsalon=952944,,
OFLOT,oflotatelier.fr,,,,France,Stand Village de l'Artisanat - D21.137,"Des pièces élégantes et confortables qui accompagnent le mouvement des corps des femmes. Une marque engagée sur le plan environnemental. Les collections OFLOT sont confectionnées avec des tissus d'origine naturelle sourcés en Europe. De plus, les patronages des modèles sont optimisés afin de réduire les chutes textile et limiter les déchets textile. Certaines chutes textiles sont inévitables du fait du style des vêtements et de la morphologie féminine, la créatrice valorise alors ces chutes restantes en fabriquant des accessoires. Chaque pièce est ainsi fabriquée en petite série de façon artisanale avec cet objectif : que les femmes se sentent à l'aise dans leur vêtements, sur le plan physique, éthique et environnemental.",,https://www.mifexpo.fr/exposants/oflot-985477/?fromsalon=952944,,
ohme,ohme.shop,,,,France,Stand Village de l'Artisanat - D21.146,"Bougies et parfums d'intérieur d'exception conçus à partir de cires et bases de diffusion végétales, fabriqués à la main à Pessac (33). - Bougies parfumées - Diffuseurs de parfum à bâtonnets - Brumes d'intérieur - Fondants parfumés - Suspensions parfumées",,https://www.mifexpo.fr/exposants/ohme-983961/?fromsalon=952944,,
Ongi doggy,ongidoggy.com,,,,France,Stand L52,"Ongi doggy est née au Pays Basque, d’une envie simple et personnelle : créer de beaux accessoires pour chiens, utiles, durables, porteurs de sens, conçus et fabriqués ici, au Pays Basque, à partir de matières premières locales soigneusement sélectionnées. Des objets pensés et choisit pour leur qualité, leur confort, leur durabilité… parce qu’ils racontent une histoire. La marque s’appuie sur des collaborations étroites avec des ateliers locaux, des artisans passionnés, certains reconnus pour leur savoir-faire d’exception. Ensemble, nous concevons des pièces fabriquées en petites séries, avec une attention particulière portée aux matières et aux finitions. Chaque accessoire Ongi doggy est pensé pour accompagner le quotidien des chiens et de ceux qui les aiment : des objets solides, élégants, agréables à porter, faits pour traverser le temps. Ongi doggy s’adresse à celles et ceux qui aiment les belles choses sans ostentation, qui privilégient le local, l’artisanat, l’authentique, le travail bien fait, et qui considèrent leur chien comme un véritable membre de la famille. Plus qu’une marque, Ongi doggy, incarne une certaine idée de l’art de vivre basque appliqué à l’univers canin : du caractère, de la douceur, de la qualité, et ce petit twist qui fait la différence. Ongi doggy, l’élégance canine, assemblage de savoir-faire basque.",,https://www.mifexpo.fr/exposants/mmconsulting-sas-987276/?fromsalon=952944,,
OPINEL,opinel.com,,,,France,Stand M06-N05,"Fabriqué au cœur des Alpes françaises en Savoie, le couteau de poche Opinel est resté le même qu’à l’origine. Simple, durable et malin, il est le compagnon indispensable que l’on offre et transmet. Unique et intemporel, il est devenu un objet familier qui traverse de poche en poche les siècles et les générations. Aujourd’hui, avec le même souci de simplicité et de fiabilité, Opinel célèbre l’art de vivre à la française en proposant d’autres lignes de couteaux et d’outils pour la cuisine, la table, le jardin, le bricolage, les activités outdoor... Opinel est synonyme du juste équilibre entre le design et l’authenticité, de l’attachement à un savoir-faire ancestral et de la volonté de toujours proposer l’outil le mieux adapté à l’usage.",,https://www.mifexpo.fr/exposants/opinel-sa-1763/?fromsalon=952944,,
OPTIMIST',optimist-sudfinistere.com,,,,France,Stand H41,"OPTIMIST est une marque écoresponsable, qui propose des pièces élégantes, pensées pour être durables.",,https://www.mifexpo.fr/exposants/sarl-optimist-100060/?fromsalon=952944,,
Orange,orange.fr,,,,France,Stand D70,"Orange, 1er opérateur télécom français, présentera ses dernières offres fixe et mobile, ses solutions de cybersécurité, de protection de la maison, de paiement électronique ainsi qu’une sélection de smartphones reconditionnés.",,https://www.mifexpo.fr/exposants/orange-986741/?fromsalon=952944,,
ORIGAÏA,origaia.fr,,,,France,Stand Village de l'Artisanat - D21.165,,,https://www.mifexpo.fr/exposants/sas-origaia-997927/?fromsalon=952944,,
ORIGIN T&R,originter.com,,,,France,Stand L48,,,https://www.mifexpo.fr/exposants/origin-tr-1008207/?fromsalon=952944,,
Origin'Ain,ain.fr,,,,France,Stand Q70,"Le label « Origin’Ain » est un gage de qualité. Son réseau d'adhérents porte des valeurs fondamentales comme l'attachement au territoire ou encore la transmission des savoir-faire. Une charte d'adhésion est régie par 5 piliers fondamentaux. Etre adhérent Origin'Ain, c'est participer à des speed business meeting, des conférences thématiques. C'est aussi bénéficier de campagnes de communication sur les réseaux sociaux, les insertions presse, les newsletters, d'articles dans le magazine ICI C’est l’Ain, sur le site internet www.originain.fr. C'est également être pourvu d'un kit de communication pour afficher le label comme vous le souhaitez (stickers, trophées ...)",,https://www.mifexpo.fr/exposants/departement-de-lain-582982/?fromsalon=952944,,
ORIGINE FRANCE GARANTIE - SERVICE FRANCE GARANTI,originefrancegarantie.fr,,,,France,Stand K07,,,https://www.mifexpo.fr/exposants/origine-france-garantie-242531/?fromsalon=952944,,
ORIJINAL,orijinal.fr,,,,France,Stand Pavillon Ile de France,"ORIJINAL, c’est la nouvelle marque de vernis à ongles soin écoresponsables ! Un actif breveté à l’efficacité prouvée sur les ongles. Résultat: des ongles plus épais, plus lisses et surtout plus hydratés. Une gamme fruitée et fleurie qui donne carrément envie ! Impossible de se mélanger les pinceaux, ORIJINAL ce sont des vernis à ongles dans un packaging unique: un flacon en verre bicubique et un bouchon en bois (certifié PEFC). Le plus d’ORIJINAL, nous reprenons les flacons usagés pour limiter notre impact sur notre belle planète. C’est ce que nous appelons, le recyclage éternel. En effet, chez ORIJINAL, nous récupérons, nettoyons et réutilisons à l’infini nos flacons en verre. (Nous avons aussi pensé à retirer les filtres solaires chimiques de la composition de nos vernis naturels ?)",,https://www.mifexpo.fr/exposants/orijinal-114132/?fromsalon=952944,,
Ouiziou,ouiziou.fr,,,,France,Stand E13,,,https://www.mifexpo.fr/exposants/ouiziou-983572/?fromsalon=952944,,
OYAS,oyas.eco,,,,France,Stand O37,"Oyas à enterrer pour les arbres, les potagers, les jardins... Oyas à planter pour les pots, les balconnières et jardinières Jusqu'à 70 % d'économie d'eau à l'arrosage",,https://www.mifexpo.fr/exposants/oyas-environnement-405376/?fromsalon=952944,,
PAALM COSMETICS,paalm.co,,,,France,Stand i68,,,https://www.mifexpo.fr/exposants/paalm-cosmetics-964392/?fromsalon=952944,,
PAMPLEMOUSSE PELUCHES,pamplemoussepeluches.com,,,,France,Stand N77,,,https://www.mifexpo.fr/exposants/pamplemousse-peluches-sas-774719/?fromsalon=952944,,
PAPA PLANCHE,papaplanche.fr,,,,France,Stand O06,,,https://www.mifexpo.fr/exposants/creavasque-980734/?fromsalon=952944,,
PAPIER D'ARMÉNIE,papierdarmenie.fr,,,,France,Stand P17,"« Depuis 1885, l'entreprise familiale Papier d'Arménie fabrique ses petits carnets parfumés à brûler, dans son atelier de Montrouge. Le carnet est un des plus anciens parfums d'intérieur. Il est décliné en 3 senteurs uniques: Tradition, Arménie et Rose. Ses senteurs sont aussi proposées sous forme de bougies en cire végétale, d’une durée de brûlage de plus de 50 heures. A l'occasion de ses 140 ans, Papier d'Arménie a le plaisir d'exposer au MIF pour la première fois. »",,https://www.mifexpo.fr/exposants/papier-darmenie-sas-772105/?fromsalon=952944,,
PARAPLUIE 1705,1705.fr,,,,France,Stand D40,"Laissez-vous séduire par l'élégance et la robustesse du PARAPLUIE1705, le parapluie qu'on garde à vie! Chic, solide et facilement réparable.",,https://www.mifexpo.fr/exposants/parapluie-1705-763271/?fromsalon=952944,,
PARFUMS D'UZÈGE,parfums-duzege.com,,,,France,Stand P37,"Les 7 eaux de Parfums : Chacune des eaux de parfums des Parfums d’Uzège est inspirée par la cité d’Uzès et ses alentours. La volonté de rendre hommage à la richesse de son patrimoine, chargé d’histoire. Une 8 -ème sortira en septembre. A l'ombre du Figuier : La Figue sous toutes ses formes, de la chair pulpeuse au lait des feuilles vertes. Une infusion florale réhaussée par la Bergamote et enveloppée de Vanille. Patchouli en Uzès : L’iconique Patchouli réinventé aux couleurs olfactives du Duché d’Uzès, terriblement addictif. Un Patchouli moderne tout en gourmandise, inspiré du terroir local, authentique et ensoleillé. Une nouvelle interprétation lumineuse teintée de pulpe de Cassis et enveloppée d’Amande douce. Uzès Cherry : Coup de foudre pour cette création autour d’un duo irrésistible. La Cerise et l’Amande se parent d’un voile de Vanille pour offrir leurs atouts les plus séducteurs. Les Eaux de Toilettes : La collection des eaux de toilette est une invitation à (re)découvrir les matières et accords emblématiques de la Parfumerie. Chaque note a été développée autour d’un ingrédient iconique, un hommage aux plus belles nuances de la palette du parfumeur. Une gamme de fragrances féminines, masculines ou mixtes, à porter tous les jours au gré de vos envies et des saisons. Bergamote d'Italie : A la découverture du plus célèbre des agrumes en parfumerie. Sur un fond de Bois de Cèdre et de Musc Blanc, la Bergamote rayonne par sa fraîcheur acidulée. Patchouli : Symbole de paix et de liberté, un souffle boisé devenu iconique et universel. Un Patchouli lumineux aux nuances terreuses qui incarnent son élégance et sa personnalité, associé à l’Immortelle et au Labdanum. Musc blanc : L’incarnation de la féminité, à la fois innocente et espiègle, subtilement sensuelle. Les délicats pétales du Jasmin et de la Violette s’épanouissent, révélant la douceur de leurs facettes poudrées. En fond, le Musc Blanc souligne la sensualité de la femme, insouciante, éblouissante, captivante. .",,https://www.mifexpo.fr/exposants/sas-parfums-duzege-775092/?fromsalon=952944,,
PARFUMS DES ILES,parfums-des-iles.com,,,,France,Stand Village de l'Artisanat - D21.129,"Parfums des Îles – L’Art de la Parfumerie Tropicale Depuis 1996, Parfums des Îles célèbre la beauté des tropiques à travers des créations artisanales, nées au cœur des Antilles Françaises . Notre mission ? Faire voyager les sens grâce à une parfumerie inspirée de la richesse naturelle et olfactive des Antilles, entre savoir-faire, émotion et exotisme. Nouveauté à découvrir : la collection Les Vanilles Créoles",,https://www.mifexpo.fr/exposants/pdi-martinique-996098/?fromsalon=952944,,
PARIS MON AMOUR,parismonamour.paris,,,,France,Stand i65,"Découvrez pourquoi nos clients nous font confiance. Transcender le parfum : faire de nos fragrances un voyage olfactif qui éveille les sens et l'esprit, célébrant les lieux emblématiques de la capitale française de manière moderne et raffinée, et faisant résonner son patrimoine culturel au plus profond de chacun, à travers le monde.",,https://www.mifexpo.fr/exposants/the-french-perfumery-754166/?fromsalon=952944,,
PARQUETCHENE.COM,parquetchene.com,,,,France,Stand M17,"Fabrication et vente en direct usine de parquets en chêne massif 100% Français en 14mm ou 22mm d'épaisseurs. Nombreuses largeurs et finitions disponibles. Parquets pour pose droite, pose en chevrons, pose à bâtons rompus. Tous nos parquets sont personnalisables. Fabrication et vente de produits sur-mesure en chêne massif : plans de travail, marches, étagères ...",,https://www.mifexpo.fr/exposants/sarl-scierie-bezier-389943/?fromsalon=952944,,
PATACRÉER,patacreer.fr,,,,France,Stand M73,"Jeux de construction en pâte à modeler, fabriqués et conditionnés 100% en FRANCE",,https://www.mifexpo.fr/exposants/patacreer-741149/?fromsalon=952944,,
PAUL JOUAN,pauljouan.fr,,,,France,Stand Village de l'Artisanat - D21.5,"Maroquinier de métier, je me suis lancé en 2014 pour satisfaire à mes envies de créations. Mon style ? Un tantinet rétro, je réexplore la couture d'angle. Mes peaux sont sélectionnées avec le plus grand soin, uniquement en tannage végétal. Mes sacs sont entièrement montés et cousus à la main, c'est mon credo ! Point de machine, du fil de lin ciré et l'amour de fabriquer un produit français au lustre exceptionnel.",,https://www.mifexpo.fr/exposants/paul-jouan-983697/?fromsalon=952944,,
PAVENROD,pavenrod.fr,,,,France,Stand P36,"Vêtements outdoor en matières biosourcées et recyclées fabriqués à Chambéry. Notre engagement : plus de kilomètres sur votre dos, qu'en ayant traversé la planète avant d'arriver chez vous.",,https://www.mifexpo.fr/exposants/pavenrod-814449/?fromsalon=952944,,
PAYZAN,payzan.fr,,,,France,Stand H78,,,https://www.mifexpo.fr/exposants/sarl-payzan-772790/?fromsalon=952944,,
PEACE33 une paille pour la vie,peace33.com,,,,France,Stand Village de l'Artisanat - D21.147,"Peace33 est une entreprise familiale et artisanale bordelaise, née de l’envie de proposer une alternative durable au plastique. Nous fabriquons nos pailles en inox directement dans notre atelier en Gironde : nous les coupons, les cintrons et les personnalisons sur place, avec soin et savoir-faire. Notre fabrication locale nous permet de proposer des pailles réutilisables, durables et adaptées aux envies et aux besoins de chacun. Fiers de notre savoir-faire, nous sommes aujourd’hui les seuls fabricants français de pailles en inox à réaliser l’ensemble de ces étapes en France. Pour notre première participation au salon Made in France, nous sommes heureux de faire découvrir un produit simple, utile et durable, imaginé et fabriqué à Bordeaux.",,https://www.mifexpo.fr/exposants/peace-33-981134/?fromsalon=952944,,
PEAUCEROS,peauceros.fr,,,,France,Stand H34,"Notre mission : protéger les mains de ceux qui œuvrent au quotidien. Depuis notre centre de production en Nouvelle-Aquitaine, le savoir-faire du cuir et de la confection spécifique est au cœur de nos compétences. Installés dans les Deux-Sèvres, nous mettons à l’honneur une conception qualitative et une rigueur de premier ordre dans la fabrication des gants spécifiques à chaque secteur. Le cuir est la matière que nous utilisons sur tous nos gants, il vous protège, il est respirant et souple. Nous sélectionnons les peaux en fonction de l’emplacement des pièces à couper sur le gant.",,https://www.mifexpo.fr/exposants/peauceros-963355/?fromsalon=952944,,
PEAUX ET PANTOUFLES - Monseigneur Mouton,peauxetpantoufles.fr,,,,France,Stand E17,"Chaussons et moufles en peau de mouton, matière première tannée en France et réalisation normande. Nous fabriquons également des plaids, galettes de chaises et semelles en peau de mouton.",,https://www.mifexpo.fr/exposants/peaux-et-pantoufles-1528/?fromsalon=952944,,
Pente douce,pentedouce.fr,,,,France,Stand H27,"Chez Pente Douce, on ne fait qu'une seule chose, mais on la fait bien : la chaussette de sport haute performance. Cyclisme, trail, running ou rando, on a conçu nos modèles pour ceux qui ne veulent plus choisir entre style et technique. Pourquoi vos pieds vont nous adorer ? Adieu les ampoules : On utilise un mix précis de polyamide et d’élasthanne pour un effet seconde peau qui ne bouge pas. Si ça ne frotte pas, ça ne brûle pas. Respirabilité maximale : Nos mailles sont pensées pour évacuer la transpiration instantanément. Pieds au sec, même en plein effort. Confort durable : C’est souple, c’est robuste et c’est tricoté ici, en France, pour durer plus d’une saison. Que vous cherchiez à gagner quelques watts à vélo ou à finir votre premier ultra sans douleur, on a la paire qu'il vous faut.",,https://www.mifexpo.fr/exposants/pente-douce-740557/?fromsalon=952944,,
PETIT LOULOU,petitloulou.com,,,,France,Stand Village de l'Artisanat - D21.153,"Petit Loulou est une marque de peluches de collection qui développe un univers textile singulier autour des expressions et des émotions. Derrière la marque, Mathilde Fabry imagine, conçoit et fabrique, dans son atelier en Charente, des pièces produites en séries limitées. Leurs expressions, leurs personnalités et leurs univers sont pensés pour éveiller l'imaginaire, susciter l'émotion et raconter une histoire. Les kits de couture créatifs permettent à chacun de réaliser une peluche unique et de lui donner sa propre personnalité en jouant avec les expressions. Mathilde transforme également les dessins, illustrations, logos et mascottes de ses clients en créations textiles uniques, fabriquées artisanalement en France. Chaque création est réalisée avec une attention particulière portée au choix des matériaux et à une fabrication raisonnée, privilégiant des fournisseurs de proximité ainsi que la valorisation des chutes de tissu et des cartons afin de limiter les déchets.",,https://www.mifexpo.fr/exposants/ei-fabry-mathilde-980890/?fromsalon=952944,,
PETIT MAQUIS,petitmaquis.fr,,,,France,Stand Village de l'Artisanat - D21.65,,,https://www.mifexpo.fr/exposants/petit-maquis-985910/?fromsalon=952944,,
Piano LED,pianoledshop.com,,,,France,Stand L74,"Piano LED est né d’une conviction simple : Apprendre le piano doit rester un plaisir. À l’origine du projet, il y a Anthony, ingénieur français passionné de piano. Comme beaucoup, il a découvert à quel point l’apprentissage pouvait parfois être frustrant, malgré l’envie et la motivation. Une question s’est alors imposée : Comment rendre le piano plus intuitif, plus ludique, plus accessible à tous ? C’est de cette réflexion qu’est née l’idée d’éclairer le clavier pour guider le jeu. Avec elle, l’aventure Piano LED commence. En mars 2021, le projet devient réalité avec la création de la startup. Très vite, le produit séduit une communauté de pianistes débutants et passionnés, convaincus par une approche innovante et bienveillante de l’apprentissage musical.",,https://www.mifexpo.fr/exposants/piano-led-977592/?fromsalon=952944,,
PIECES & PEACE PUZZLES,alize-group.com,,,,France,Stand K74,"Alizé Group fabrique et commercialise les puzzles de ses cinq marques propres : Bluebird, Grafika, Pieces and Peace, Alipson et Jig and Puz, notre marque d'accessoires. Nous avons également un service de puzzles sur-mesure, à personnaliser de 12 à 2 000 pièces pour immortaliser vos plus beaux souvenirs.",,https://www.mifexpo.fr/exposants/alize-group-550719/?fromsalon=952944,,
PIERRE & TIM COOKIES,pierre-tim.fr,,,,France,Stand J84,"Bonjour, Nous sommes Pierre et Tim, deux artisans Yvelinois spécialisés dans la fabrication de cookies 100 % Made in France. Tous les matins on enfile les gants et la charlotte pour cuire des petite pépites moelleuses, gourmandes, sans aucun conservateur. Nous avons par ailleurs un cookieshop à Versailles, dans lesquels vous pouvez apprécier notre savoir-faire sucré accompagné d’un café, d’un thé ou d’un chocolat chaud préparé avec amour. Et pour les gourmands les plus lointains, nos cookies, grookies et kits préparation font le trajet jusqu’à la boîte aux lettres : commandez vite sur notre site Internet www.pierre-tim.fr. ⚠️ Attention à vous ! Nos biscuits peuvent créer une forte dépendance…",,https://www.mifexpo.fr/exposants/rdv-cookies-114116/?fromsalon=952944,,
PIERRE LANNIER,pierre-lannier.com,,,,France,Stand J37,"Depuis 1977, Pierre Lannier conçoit et fabrique des montres qui allient style français, créativité et exigence horlogère. Pensées dans notre atelier d’Ernolsheim-lès-Saverne, en Alsace, nos collections sont le fruit d’un travail minutieux mêlant conception, développement et fabrication. Chaque montre est imaginée comme un objet du quotidien, à la fois esthétique, durable et accessible. Chez Pierre Lannier, la création occupe une place centrale. Nos designers explorent les formes, les matières et les couleurs pour imaginer des montres qui reflètent les tendances contemporaines tout en affirmant une personnalité forte. Cadrans texturés, jeux de lumière, bracelets travaillés ou détails graphiques viennent composer des pièces originales qui accompagnent chaque style et chaque moment de vie. Notre savoir-faire repose sur la maîtrise d’une grande partie de la chaîne de valeur, de la création au contrôle qualité. Dans notre atelier alsacien, nos équipes assemblent les montres avec précision et exigence, dans le respect des standards horlogers. Chaque pièce est soumise à des contrôles rigoureux afin de garantir sa fiabilité et sa durabilité. Cette proximité entre la conception et la fabrication nous permet de maintenir un haut niveau de qualité tout en conservant une grande liberté créative. Les collections Pierre Lannier se distinguent par leur diversité. Pour les hommes, des lignes comme Copilot, Paddock ou Aviateur proposent des montres au caractère affirmé, inspirées de l’univers de l’aviation ou du sport automobile. Elles se distinguent par des cadrans structurés, des boîtiers robustes et des designs contemporains qui associent technicité et élégance. Pour les femmes, les collections Australe, Multiples ou Neora mettent en avant une horlogerie plus expressive et ornementale. Jeux de matières, cadrans décorés, nacres, pierres naturelles ou bracelets délicats donnent naissance à des montres qui se portent comme de véritables bijoux. Ces créations reflètent l’attention portée aux détails et la volonté de proposer des pièces singulières, capables de sublimer un style. Pierre Lannier propose ainsi une horlogerie accessible, avec des collections comprises entre 89 € et 349 €, qui permettent à chacun de trouver une montre adaptée à son style et à son quotidien. Cette approche démocratique du beau fait partie de l’ADN de la marque : proposer des montres de qualité, au design travaillé, accessibles au plus grand nombre. Produites à plus de 350 000 exemplaires chaque année et distribuées dans plus de 50 pays, les montres Pierre Lannier font rayonner une vision vivante de l’horlogerie française. Elles incarnent un équilibre entre créativité, savoir-faire et accessibilité, et accompagnent celles et ceux qui souhaitent affirmer leur personnalité à travers un objet à la fois utile et esthétique.",,https://www.mifexpo.fr/exposants/pierre-lannier-sasu-954533/?fromsalon=952944,,
PIERROT GOURMAND,pierrot-gourmand.com,,,,France,Stand K77,"Découvrez un savoir-faire et une créativité uniques dans une gamme de sucettes aux saveurs authentiques et réconfortantes, avec des emballages éco-conçus et un bâtonnet en bois naturel français. Découvrez ou redécouvrez notre sucette au caramel au lait frais, recette originale Pierrot Gourmand, mais aussi des saveurs fruitées, promesses d'escapades et de retour en enfance. Toutes nos sucettes sont sans arômes et colorants artificiels.",,https://www.mifexpo.fr/exposants/gerson-snc-127384/?fromsalon=952944,,
PIKOC PARFUMEUR DU QUOTIDIEN,pikoc.fr,,,,France,Stand Pavillon Ile de France,Pikoc est une marque de produits ménagers qui rend votre maison unique grâce à une collection de fragrances haut de gamme développées par des passionnées. ​ Nous souhaitons vous transporter dans un univers encore inexploré pour les produits d’entretien : le plaisir !,,https://www.mifexpo.fr/exposants/sas-pikoc-1481/?fromsalon=952944,,
PIMPANT,pimpant.com,,,,France,Stand G70,"Chez Pimpant, nous proposons une alternative fraîche, fun et engagée pour réduire l’impact environnemental des produits du quotidien à la maison. 🌍💚 Nous imaginons et fabriquons en Normandie des produits d’hygiène et d’entretien du quotidien, sous forme de poudres à reconstituer, rechargeables, faciles à utiliser et pensés pour toute la famille. 🏠 Nos engagements : Des formules à base d’ingrédients d’origine naturelle 🍃 Fabriqués en Normandie, dans notre propre usine 🇫🇷 Rechargeables et durables 🧴 Agréables à utiliser 🧡 Et bien sûr efficaces ! 🌟 Notre mission ? 👉🏻 Remplacer les bouteilles jetables par des solutions simples, ludiques et responsables, sans compromis sur l’efficacité.",,https://www.mifexpo.fr/exposants/sas-pimpant-953970/?fromsalon=952944,,
Pipolaki,pipolaki.com,,,,France,Stand H46,,,https://www.mifexpo.fr/exposants/manufacture-de-tricot-jean-ruiz-741275/?fromsalon=952944,,
PIROTAIS Meubles,meubles-pirotais.com,,,,France,Stand O26-P25,"Pirotais Meubles propose une gamme de meubles modulable et entièrement personnalisable, made in France, pour toutes les pièces de la maison : salle à manger, salon, entrée, bureau, chambre. Chaque produit, table de repas, buffet, bibliothèque, vitrine, console, meuble TV, table basse, bureau, lit, armoire, commode, chiffonnier, chevet, peut être personnalisé à la demande du client, tant sur les dimensions que sur l’association de matériaux : essences de bois, laque, cannage, Fénix, verre, métal, céramique, dans le but d’offrir un produit unique et sur-mesure. PIROTAIS Meubles met en avant plusieurs collections aux esthétiques distinctes, s’adaptant à tous les styles et ambiance : Moderne, intemporel, épuré, texturé, graphique. PIROTAIS Meubles est une marque de meubles, désignés et fabriqués en France, de style contemporain et intemporel. Ses meubles sont réalisés exclusivement en bois massif, principalement en chêne, frêne, châtaignier, noyer et merisier. Forte d’un savoir-faire artisanal transmis depuis 1958, elle privilégie l’authenticité, la qualité et la durabilité de ses créations, intégralement réalisées dans ses ateliers bretons, situés en Ille et Vilaine près de Rennes. Sa vocation est de fabriquer et fournir un produit de qualité et unique.",,https://www.mifexpo.fr/exposants/sarl-pirotais-meubles-823227/?fromsalon=952944,,
"Poisson malin, Cal'huîtres",patissefrance.com,,,,France,Stand O18,"Des ustensiles de cuisine astucieux et malins ! Poisson malin : ouvre boîte/bocal pour l'ouverture facile des pots de confiture, cornichons, boîtes de sardine, briques de crème fraîche, bouchons d'eau minérale… Cal'huître : cale en élastomère pour sécuriser l'ouverture des huîtres ! Micro- Coq : cuisson rapide des œufs au micro-ondes. Pinces à bois : pour les toasts, cornichons, la viande… multi-usages et indispensables ! Casse-noix et casse-noisettes en bois décoratifs. Des idées cadeaux pratiques, utiles et responsables.",,https://www.mifexpo.fr/exposants/patisse-7240/?fromsalon=952944,,
POLUX,lampe-polux.fr,,,,France,Stand N38,"ELUE Grand Prix Produit Made in France du MIF expo 2023 Polux Original, c’est la lampe, à poser ou à pince, design, française et intelligente qui contribue à votre bien être. Que vous ayez des problèmes de vision, des besoins d’éclairage spécifique ou que vous sollicitiez votre vision de près régulièrement, Polux Original est faite pour vous ! Elle offre une lumière tonique et énergisante quand cela est nécessaire, confortable et douce à d’autres moments. Grâce à son mode intelligent, elle adapte automatiquement sa lumière en fonction de l’ambiance lumineuse de votre pièce. Diminution du stress, des maux de tête et de la fatigue visuelle, meilleure concentration et meilleure qualité de sommeil, grâce à un éclairage de qualité et personnalisable à chaque personne et à chaque activité (mode adaptatif et variateurs de température d'intensité et de températures de couleurs). Polux s’adapte à toute la famille et à votre intérieur avec ses différents coloris son allure pop et colorée est disponible en 5 combinaisons de couleurs, et avec 2 accroches différentes (socle ou étau). Plus d'informations sur la société POLUX : Polux est une entreprise française innovante, spécialisée dans la conception et la fabrication de luminaires intelligents centrés sur l’humain. Implantée en Occitanie, Polux développe des solutions d’éclairage alliant design universel, santé visuelle et technologie adaptative, pour améliorer le confort visuel à la maison comme au travail. Récompensée par plusieurs prix (dont le Grand Prix Produit Made in France en 2023), Polux propose une gamme de luminaires équipés d’un mode intelligent qui adapte la lumière automatiquement selon l’éclairage ambiant, ainsi qu’un mode manuel personnalisable. Les produits sont pensés pour répondre aux besoins de toutes et tous : enfants, actifs, personnes âgées, et personnes déficientes visuelles.",,https://www.mifexpo.fr/exposants/polux-408367/?fromsalon=952944,,
POLYHABITAT,polyhabitat.fr,,,,France,Stand Q70,,,https://www.mifexpo.fr/exposants/polyhabitat-ouest-1004330/?fromsalon=952944,,
POM' POM' - ARRANGÉ Ô CALVADOS,pompom-calvados.fr,,,,France,Stand F18,"Pom'Pom' - Le Calvados Autrement Fruité, audacieux, authentique – 100 % artisanal et normand Pom’Pom’, c’est l’audace d’un Calvados AOC sublimé par des fruits, des épices, et zéro arôme ajouté. Chaque parfum est pensé comme une surprise gustative, une rencontre inattendue entre la richesse du Calvados et des ingrédients choisis avec créativité et exigence. Framboise & basilic, pomme & menthe, ananas & fleur de sel ou encore fraise & poivre de Sichuan : nos associations osées font voyager les sens et bousculent les codes. Préparée à la main après une macération longue dans notre atelier normand, chaque bouteille de Pom’Pom’ reflète un savoir-faire artisanal unique et une volonté de revisiter la tradition. A consommer en apéritif ou en digestif; à température, frappé ou sur glace. Formats disponibles • 20 cl – Le format idéal pour offrir ou découvrir • 70 cl – À savourer longtemps et à partager",,https://www.mifexpo.fr/exposants/norpom-763454/?fromsalon=952944,,
POMJOY,pomjoy.fr,,,,France,Stand N72,,,https://www.mifexpo.fr/exposants/cooperative-fruitiere-du-limousin-980398/?fromsalon=952944,,
Pomponne,pomponne-makeup.com,,,,France,Stand H54,"Pomponne, c’est la 1ère marque de maquillage soin, green & clean, sans compromis sur la performance, pour consommer mieux jusque dans sa trousse à maquillage. En tant que pharmaciennes, on a voulu le rendre actif, en lui ajoutant une action soin dont l’efficacité est prouvée cliniquement. Il est aussi vegan, éco-responsable et made in France. En fait, on a voulu créer un maquillage qui coche toutes les cases pour donner le sourire aux femmes :) Plus que du maquillage, Pomponne c’est un état d’esprit : Pomponne makes you smile. Agathe & Charline",,https://www.mifexpo.fr/exposants/agathe-et-charline-104511/?fromsalon=952944,,
POTERIE DIEULEFIT,poteriedieulefit.fr,,,,France,Stand Village de l'Artisanat - D21.192,"Vaisselle du quotidien: bols, assiettes, pichets, etc. Ainsi que des plats de services et plats d'exception. Toutes nos pièces sont réalisées à la main dans notre atelier selon le savoir-faire traditionnel dieulefitois. Retrouvez dans nos collections les formes et les couleurs emblématiques des poteries provencales: le vert émeraude, le jaune paille, le aune miel et le bleu outre-mer. Nous avons également ajouter une nouvelle couleur: le blanc crème. Caractéristiques: Poterie Dieulefit, véritable institution dieulefitoise, perpétue l'héritage vivant de la terre vernissée. À la tête de cet atelier d’exception un duo d'artisans, Amandine et Nicola, façonnent à la main chaque pièce dans le respect des savoir-faire traditionnels transmis depuis des générations. Aux formes intemporelles, se mêlent les couleurs emblématiques de la région. Poterie sobre et élégante au cœur du village de Dieulefit, notre atelier a reçu le label ""Maître Artisan d'Art"".",,https://www.mifexpo.fr/exposants/sas-poterie-dieulefit-984324/?fromsalon=952944,,
POULET MOULURES & BOIS,pouletmoulures.com,,,,France,Stand Q55,,,https://www.mifexpo.fr/exposants/sas-raymond-poulet-974654/?fromsalon=952944,,
Poumyi cosmétiques Du Val,poumyi.com,,,,France,Stand Village de l'Artisanat - D21.206,,,https://www.mifexpo.fr/exposants/duval-belinda-poumyi-cosmetiques-du-val-980969/?fromsalon=952944,,
PRODUIT EN ANJOU,produitenanjou.fr,,,,France,Stand Q64,"Produit en Anjou rassemble une diversité d'artisans et de producteurs issus du territoire de Maine-et-Loire. Sur notre stand, vous découvrirez : Un pôle gastronomie avec : - les pâtisseries d'Artisan Passionné - les célèbres chocolats ""Caramandes"" de Benoit Chocolats - les infusions à froid et à chaud d'Infusionad - l'incontournable liqueur de Cointreau - la menthe pastille et les sirops de Giffard - les vins d'Anjou et de Saumur avec les Vignerons Indépendants Un pôle artisanat avec : - les savons de Martin de Candre - les éponges upcylées de Made in Clémence - les accessoires en cuir de Tone la Bouclée - les caracos, polos et autres vêtements de Seize Point Neuf - les chaussures Meduse de Humeau Beaupréau - les peintures de Comtess - les briques et parments des Rairies Montrieux - les toises et accessoires pour enfants de Charlie et Suzie - les capsules temporelles de Toodays.me",,https://www.mifexpo.fr/exposants/produit-en-anjou-774122/?fromsalon=952944,,
Puzzle & Sens,mystereanima.com,,,,France,Stand Village de l'Artisanat - D21.32,"Puzzles artisanaux haut de gamme fabriqués en France, découpés au laser dans notre atelier. Inspirés de la nature, de l'art et du patrimoine, nos puzzles en fibre de bois aux pièces irrégulières sont conçus comme de véritables objets de décoration.",,https://www.mifexpo.fr/exposants/mystere-anima-984604/?fromsalon=952944,,
Puzzle Michèle Wilson,puzzlemichelewilson.com,,,,France,Stand P20-Q19,"Les puzzles Michèle Wilson sont fabriqués en France, par nos artisans dans nos ateliers de Chalon sur Saône et Paris. La découpe suit les lignes du tableau, contours, ombres, couleurs ou touches du pinceau, pour une immersion dans l'œuvre.",,https://www.mifexpo.fr/exposants/puzzle-michele-wilson-256848/?fromsalon=952944,,
Pyrénées Candles,pyreneescandles.fr,,,,France,Stand Village de l'Artisanat - D21.40,"Pyrénées Candles, située à Tarbes dans les Hautes-Pyrénées, crée des bougies 100 % françaises alliant savoir-faire artisanal et exigence de qualité. Fabriquées à la main à partir de cire de soja sans OGM, nos bougies sont respectueuses de l’environnement et de votre santé. Elles sont parfumées avec des fragrances d’exception provenant de Grasse (France), sans CMR, dosées à 10 % pour offrir une diffusion intense, équilibrée et durable.",,https://www.mifexpo.fr/exposants/garcia-meryl-981069/?fromsalon=952944,,
PÉPÉ ET MÉMÉ,pepeetmeme.fr,,,,France,Stand Village de l'Artisanat - D21.160,"Pépé et Mémé est une marque textile que j’ai imaginée unique et joyeusement nostalgique. À partir de tissus anciens et revalorisés, je crée des sacs et accessoires uniques, pensés pour durer et traverser le temps. Chaque pièce est réalisée à la main, en petite série ou en exemplaire unique, avec l’envie de proposer une consommation plus sensible, responsable et profondément humaine. Porter Pépé et Mémé, c’est choisir un objet qui a une histoire et du sens. Magali",,https://www.mifexpo.fr/exposants/ei-magali-perrigault-985613/?fromsalon=952944,,
QUO VADIS,quovadis1954.com,,,,France,Stand i41,"Créée en 1954 par le Docteur Francis Georges Beltrami, la marque Quo Vadis est devenue au fil des années une référence dans l’univers de l’organisation du temps. Sa gamme de produits permet de répondre aux besoins des écoliers, étudiants, adultes et professionnels. Attachée à son histoire, Quo Vadis continue de défendre un savoir-faire français au cœur de ses ateliers nantais.",,https://www.mifexpo.fr/exposants/quo-vadis-1424/?fromsalon=952944,,
RAGNAR,brasserieragnar.com,,,,France,Stand E08,,,https://www.mifexpo.fr/exposants/brasserie-ragnar-974332/?fromsalon=952944,,
RAIRIES MONTRIEUX,rairies.com,,,,France,Stand N62-O61,"Rairies Montrieux est une entreprise familiale spécialisée dans la fabrication de matériaux de construction en terre cuite, depuis 110 ans. L'entreprise décline ses produits autour de quatre univers : façades, intérieur et monuments historiques. Parmi les produits phares, on retrouve plaquettes, carreaux, briques et pavés, en diverses formes, couleurs, finitions, pour répondre aux besoins des architectes, artisans et bâtisseurs.",,https://www.mifexpo.fr/exposants/terres-cuites-des-rairies-772241/?fromsalon=952944,,
RAMDAM SOCIAL,ramdamsocial.eu,,,,France,Stand K83,"Tout ce qu'il faut pour un apéro solidaire et gourmand : des sablés apéro, des chips et des cookies. Le plus beau, c'est qu'ils génèrent tous un don concret pour une personne dans le besoin et qu'ils sont tous sont faits en France.",,https://www.mifexpo.fr/exposants/ramdam-social-597086/?fromsalon=952944,,
RE-ACT,atelier-mu-nantes.com,,,,France,Stand M51,,,https://www.mifexpo.fr/exposants/re-act-980235/?fromsalon=952944,,
REBORN ARCADE,rebornarcade.fr,,,,France,Stand Village de l'Artisanat - D21.15,,,https://www.mifexpo.fr/exposants/sasu-reborn-arcade-981369/?fromsalon=952944,,
RECYCLBALL,recyclball.fr,,,,France,Stand F46,"Recyclball est une entreprise française (Marcq-en-Barœul, métropole lilloise) qui collecte des ballons usagés de basket, rugby et volley auprès des clubs sportifs et les transforme en accessoires du quotidien, dans une logique d'upcycling et d'économie circulaire. Les produits phares : Porte-clés — l'un des best-sellers, environ 5€ Bracelets de montre et montres avec cadran, fabriquées à partir du cuir des ballons Porte-cartes et porte-monnaie Tongs avec inserts en ballon recyclé Laisses et accessoires pour animaux Un seul ballon peut donner jusqu'à dix porte-clés, quatre porte-cartes ou six bracelets de montre, et la startup arrive à recycler 87% de la matière d'un ballon.",,https://www.mifexpo.fr/exposants/recyclball-sarl-997405/?fromsalon=952944,,
REGION ÎLE-DE-FRANCE,iledefrance.fr,,,,France,Stand P45,,,https://www.mifexpo.fr/exposants/region-ile-de-france-133400/?fromsalon=952944,,
RENOLUX,renolux.fr,,,,France,Stand M71,"RENOLUX est une entreprise familiale industrielle française, implantée près de Lyon dans le Nord-Isère, qui conçoit et fabrique des sièges auto haut de gamme depuis plus de 45 ans. Renolux a toujours su innover dans le domaine de la sécurité auto : il est l’inventeur du premier siège auto pivotant et créateur de la technologie brevetée SOFTNESS®. C'est une gamme premium et complète de sièges auto FABRIQUÉS EN FRANCE, très confortables, pour les trajets en voiture des enfants en toute sécurité, de la naissance à 12 ans. Parce qu'un voyage incroyable commence toujours par un siège auto confortable ! Les sièges auto et réhausseurs SOFTNESS® bénéficient de ce procédé unique de fabrication qui se démarque totalement de celui des sièges auto en plastique standard. Les sièges SOFTNESS® sont constitués d’une armature en acier de haute résistance qui forme l’ossature du siège, surmoulée d’une mousse polyuréthane qui procure un accueil moelleux, et assure le maintien et le confort de l’enfant. La sécurité est garantie par une meilleure absorption de l'énergie et des chocs en cas d'accident grâce aux grandes propriétés de déformation de l’acier. Ce matériau possède en plus une très bonne stabilité thermique donc une meilleure résistance et durabilité face aux variations de température que subissent les sièges auto dans les véhicules.",,https://www.mifexpo.fr/exposants/renolux-french-care-980827/?fromsalon=952944,,
Ribambelle Bijoux Enfants,ribambelle.com,,,,France,Stand Village de l'Artisanat - D21.100,,,https://www.mifexpo.fr/exposants/ribambelle-986364/?fromsalon=952944,,
RICOCO,,,,,France,Stand L47,"Ricoco est une marque française , d'origine aveyronnaise, crée en 1999. Initialement destinée à la mode enfantine, Ricoco a évolué depuis 15 ans vers la mode femme et ses accessoires. Tout le processus de création jusqu'à la fabrication des articles se déroule dans mon atelier situé dans le sud de la france à Albi -81- Ricoco a d'ailleurs obtenu le label "" Fabriqué en Occitanie""en 2024 . Cet hiver, Ricoco propose un univers coloré autour de ses capes, ponchos, bérets, toques , écharpes, cols, mitaines,...",,https://www.mifexpo.fr/exposants/treilles-ricoco-387265/?fromsalon=952944,,
ROQUEFORT CARLES,roquefort-carles.fr,,,,France,Stand O60,"Depuis trois générations, la Maison Carles, entreprise familiale et artisanale, perpétue la tradition et les secrets d'un grand fromage pour offrir à tous les gourmets l'excellence d'un Roquefort. Venez découvrir nos deux gammes emblématiques de Roquefort ""Elégance"" et ""Convoitise"" fabriquées dans le respect des gestes transmis depuis 1927. Chaque fromage incarne notre savoir-faire, notre exigence et notre passion pour notre métier d'artisan fromager.",,https://www.mifexpo.fr/exposants/ets-carles-sas-777044/?fromsalon=952944,,
ROQUEFORT SOCIÉTÉ,roquefort-societe.com,,,,France,Stand J82,"Les origines du Roquefort sont intimement liées au massif du Combalou, qui en s’effondrant il y a environ un million d'années a créé un site géologique unique constitué de grottes et de failles, des cheminées naturelles appelées « fleurines ». L’homme a ensuite su travailler avec la nature pour façonner et construire les Caves d’affinage du Roquefort. Aujourd’hui encore, Société utilise ces caves naturelles, située à Roquefort-sur-Soulzon en Aveyron, pour affiner chacun de ses Roqueforts AOP. Certaines des caves Roquefort Société sont d’ailleurs ouvertes tout au long de l’année pour permettre au public de percer les mystères de fabrication de ce célèbre fromage.",,https://www.mifexpo.fr/exposants/s-c-p-r-ets-fromages-et-terroirs-cl6060-100299/?fromsalon=952944,,
ROSE COBALT,rosecobalt.fr,,,,France,Stand Village de l'Artisanat - D21.115,"Je fabrique des objets utilitaires (vaisselle) et décoratifs (vase, pots, décorations murales) en grès blanc décorés. Ma gamme de bijoux en porcelaine prend une place de plus en plus conséquente dans ma production: mes boucles d'oreilles, broches et colliers plaisent particulièrement pour leurs côtés original (""on ne voit pas ça ailleurs""), fin et coloré.",,https://www.mifexpo.fr/exposants/eve-de-zutter-984297/?fromsalon=952944,,
ROSE ET MYRTILLE,roseetmyrtille.com,,,,France,Stand M39,,,https://www.mifexpo.fr/exposants/eirl-zilliox-marie-line-954346/?fromsalon=952944,,
Rose Lane Paris,roselane.fr,,,,France,Stand i59,"Les valeurs de Rose Lane sont profondément ancrées dans la qualité et l'authenticité du 'Made in France'. Nous avons choisi de produire nos produits en France pour célébrer l'excellence artisanale et l'héritage de la beauté à la française. Nous utilisons des ingrédients naturels dans notre maquillage pour en faire des soins pour la peau. Nous croyons en l'union des soins de la peau et du maquillage. Nos formules vegans sont élaborées avec des ingrédients d'origine naturelle pour protéger votre peau. Les produits Rose Lane sont 100% plaisir et efficacité, porteur de sens et de valeurs !",,https://www.mifexpo.fr/exposants/rose-lane-cosmetiques-550295/?fromsalon=952944,,
ROULE SANDWICH,roulesandwich.com,,,,France,Stand N24,"Roule sandwich ou comment emporter son repas sans film plastique ou papier alu. Un objet textile zéro déchet pour empaqueter proprement son repas. Composé de deux couches, l’une plastifiée , l’autre en coton, il a la forme d’un set de table quand il est déplié. Cela permet donc à l’utilisateur de poser son repas sur n’importe quel support même le plus sale (une table d’autoroute, une tablette de train, un banc public ...) mais aussi , plus poétiquement , là haut sur la montagne, ou face à la mer. L’attention a été portée à la légèreté (pour les randonneurs , les marcheurs qui font la course au poids), à la qualité des matières utilisées (le PUL utilisé à l’intérieur est très très souple et de qualité alimentaire, le coton est Oeko tex ) Cependant, Roule Sandwich a aussi son intérêt quand on doit déjeuner rapidement devant son ordinateur. Déplié il devient une petite nappe et ses imprimés colorés donnent à tout repas une note plus conviviale. Les adeptes de la petite salade glisseront dans le roule sandwich des couverts, une serviette, un bout de fromage, une pomme coupée en quartier … Les exemples sont multiples et on est certains que vous voyez l’idée. Roule Sandwich est conçu pour passer en machine (30°) s’il est vraiment sale, mais en règle générale une simple éponge humide suffit à lui rendre sa superbe. Roule Sandwich est fabriqué par un atelier Français de la région Nord.",,https://www.mifexpo.fr/exposants/roule-sandwich-391119/?fromsalon=952944,,
ROYAL MER,royal-mer.com,,,,France,Stand F38-G37,"Née dans l'Ouest, Royal Mer puise sa créativité de l'univers de la mer. Un savoir-faire perpétué depuis 1946. S'habiller en Royal Mer, c'est adopter l'art de vivre à la française. Une maille de caractère chic et élégante.",,https://www.mifexpo.fr/exposants/royal-mer-sas-7124/?fromsalon=952944,,
Région Normandie,normandie.fr,,,,France,Stand E10-F15,"La Région Normandie soutient l’ARSEN pour l’organisation du pavillon normand sur ce salon. Tous les ans des entreprises de la région sont présentes sur le pavillon Normandie. L’AD Normandie, Normandie Attractivité, Normandie Tourisme ainsi que la marque collective agroalimentaire Saveurs de Normandie seront aussi présentes sur le pavillon aux côtés des entreprises normandes. Les entreprises exposantes exercent dans les secteurs de la mode, de la gastronomie, de l’art de vivre, de la beauté et du bien-être … Certaines sont labellisées « Entreprises du Patrimoine Vivant » (*).",,https://www.mifexpo.fr/exposants/region-normandie-3695/?fromsalon=952944,,
RÉGION OCCITANIE PYRÉNÉES-MEDITERRANÉE,agence-adocc.com,,,,France,Stand O34-P35,"FABRIQUE EN OCCITANIE S’engager à produire « made in France » est une démarche dans laquelle se lancent de plus en plus d’entreprises et d’artisans : innovation, éco-conception et savoir-faire sont mis au service de la réindustrialisation et de la souveraineté de notre pays, comme de notre région. C’est là un modèle de développement vertueux auquel j’ai toujours cru ! Et c’est avec cette même ambition que nous portons la signature régionale « Fabriqué en Occitanie », initiée en 2021, qui permet désormais de signaler les produits conçus et fabriqués dans nos divers territoires. C’est un moteur pour l’économie locale, avec à la clé des milliers d’emplois non-délocalisables. Plus que jamais la demande est là, car acheter du « Fabriqué en Occitanie » est non seulement un acte vertueux, celui d’une consommation éthique, mais aussi un acte militant car « nos emplettes sont nos emplois ». Carole Delga Présidente de la Région Occitanie Présidente de Régions de France Découvrez nos entreprises https://www.agence-adocc.com/-evenements-/salon-made-in-france-2/",,https://www.mifexpo.fr/exposants/sud-de-france-developpement-fabrique-en-occitanie-100549/?fromsalon=952944,,
Réseau Excellence EPV,reseauexcellence.fr,,,,France,Stand F70,"Décerné par les préfets de région et valable pour une période de cinq ans, le label EPV réunit des fabricants partageant une vision commune de leur activité : une approche entrepreneuriale où la préservation du caractère historique et patrimonial de l'entreprise, de ses compétences et de ses outils, enrichit la qualité de la production, favorise des relations harmonieuses avec les partenaires locaux, stimule l'innovation et promeut l'excellence technologique dans la production. Le Réseau Excellence regroupe au sein de 12 associations régionales, les entreprises labellisées « Entreprise du Patrimoine Vivant » (EPV). Ses missions : Fédérer, valoriser et promouvoir leur savoir-faire d'excellence en France à et à l'international.",,https://www.mifexpo.fr/exposants/association-nationale-des-entreprises-du-patrimoine-vivant-582978/?fromsalon=952944,,
SACCORDE,fr.pinterest.com,,,,France,Stand Village de l'Artisanat - D21.157,"SACCORDE crée des sacs artisanaux et des objets de décoration fabriqués entièrement à la main à Amiens, à partir de corde de coton naturelle. Chaque pièce est unique, conçue selon une esthétique minimaliste et sculpturale qui mêle élégance contemporaine et savoir-faire artisanal français. Notre gamme de sacs — Lunéa, Capri, Lovène, Quintessia, Rivage — se distingue par ses formes architecturées, ses textures tressées et sa personnalisation possible en couleur et en finition. Nos objets de décoration (cache-mouchoirs, pochettes) suivent la même exigence : des pièces pensées pour durer, belles au quotidien, fabriquées sans compromis.",,https://www.mifexpo.fr/exposants/saccorde-997893/?fromsalon=952944,,
SAGNE CUISINES,sagne-cuisines.com,,,,France,Stand N18-O19,"C’est dans l’après-guerre que l’entreprise SAGNE Cuisines trouve sa source, quand tout est à reconstruire, quand les idées foisonnent. Alors débute l’aventure entrepreneuriale du jeune ébéniste André SAGNE. Au fil du temps, l’entreprise a connu une évolution remarquable. Tout en gardant la patte du Maître artisan, les collections se sont adaptées en élargissant leurs créations à de nouveaux matériaux et de nouveaux designs. Le monde de la cuisine ne cesse d’évoluer. La technologie de pointe, incontournable, y a trouvé sa place. Les générations se suivent et ne se ressemblent pas. L’air du temps est celui du changement. Les demandes sont différentes. La deuxième décennie du XXIème siècle s’inscrit dans cette mouvance. Pour garder le cap, l’entreprise familiale SAGNE Cuisines a passé le relais. En 2019, l’entreprise a été rachetée par le groupe STF. Les valeurs du travail se perpétuent, les expériences diverses sont mises en commun et l’entreprise continue d’avancer. C’est un nouveau départ plein de promesses et de projets. SAGNE Cuisines, ce sont de belles gammes de meubles qui répondent aux tendances actuelles, pour que chacun puisse vivre en harmonie avec le monde qui l’entoure.",,https://www.mifexpo.fr/exposants/bel-air-cuisines-2-551029/?fromsalon=952944,,
SAINT JAMES,saint-james.com,,,,France,Stand G01,"Depuis 1889, SAINT JAMES fabrique et confectionne, dans ses ateliers en Normandie, l'authentique pull marin, tricoté en laine vierge, ainsi que la marinière, devenus tous deux des pièces iconiques de la mode. À travers chacune de ses collections, cette maison normande réinterprète le vestiaire marin avec authenticité, savoir-faire et créativité. Sa dimension internationale et le succès de ses modèles à travers le monde font de SAINT JAMES une entreprise française qui promeut le savoir-faire tricolore, depuis 135 ans.",,https://www.mifexpo.fr/exposants/sas-tricots-saint-james-1537/?fromsalon=952944,,
SAKU SAKU,sakusaku.fr,,,,France,Stand Pavillon Ile de France,"“Depuis toujours j'aime susciter la surprise dans mes créations ! C’est au cœur de la culture japonaise que m’est venue l’inspiration. En effet, l'originalité du système de fermeture et des motifs, nous viennent directement du Japon. Inspirés de la péninsule japonaise, mes sacs sont fabriqués en France. Un savoir-faire à la française qui me permet de créer des accessoires de haute qualité, pratiques et élégants ! En complément à la beauté des tissus, mes accessoires s'inscrivent dans une démarche éco-responsable et vous accompagneront en toute situation… En soirée, à vélo, en pleine nature ou au travail, vous aurez tout le nécessaire à portée de main ! Grâce à votre Saku Saku vous serez libre de vos mouvements et vous pourrez profiter pleinement du moment présent. Et cette année, je vous présente en exclusivité mon tout dernier modèle : le SAKU de ville, le city bag qui se ferme ! Vous voilà prête pour partir à l'aventure… Un Saku Saku pour une femme Libre, Belle et Sereine !” Marie-Pierre Morel, Créatrice de la marque Saku Saku.",,https://www.mifexpo.fr/exposants/marie-pierre-morel-390744/?fromsalon=952944,,
SAMUEL CORAUX - PARIS,,,,,France,Stand L48bis,,,https://www.mifexpo.fr/exposants/eurl-samuel-coraux-sarl-990130/?fromsalon=952944,,
Sandales Tropéziennes Rondini,rondini.fr,,,,France,Stand Village de l'Artisanat - D21.177,,,https://www.mifexpo.fr/exposants/societe-dexploitation-atelier-rondini-saint-tropez-984773/?fromsalon=952944,,
SANSON CUIR,sansoncuir.fr,,,,France,Stand Village de l'Artisanat - D21.199,,,https://www.mifexpo.fr/exposants/sonia-vernadat-980961/?fromsalon=952944,,
SARBAKANE,sarbakane.com,,,,France,Stand N73,,,https://www.mifexpo.fr/exposants/kerluna-967510/?fromsalon=952944,,
SAUTER,confort-sauter.com,,,,France,Stand N10,,,https://www.mifexpo.fr/exposants/sauter-scga-741539/?fromsalon=952944,,
SAVEURS DE NORMANDIE,saveurs-de-normandie.fr,,,,France,Stand E02,"SAVEURS DE NORMANDIE : LA PREUVE DE BON SENS ! Depuis 2003, SAVEURS DE NORMANDIE, le label des produits alimentaires normands, garantit l’origine, la qualité et le goût des produits élaborés par des entreprises citoyennes. Grâce à l’engagement et au dynamisme de ses adhérents, fiers d’être Normands, SAVEURS DE NORMANDIE rassemble aujourd’hui 150 entreprises et producteurs, 650 produits labellisés, 20 012 emplois en Normandie. S’engager avec SAVEURS DE NORMANDIE, c’est faire preuve de bon sens !",,https://www.mifexpo.fr/exposants/area-normandie-1810/?fromsalon=952944,,
SAVEURS EN OR,saveursenor.fr,,,,France,Stand H82,"la marque Saveurs en'or compte près de 250 adhérents (producteurs, entreprises agro-alimentaire) 800 produits agrées, les produits transformés subissent un test sensoriel , les entreprises sont auditées chaque année, pour garantir l'application du cahier des charges et le respect de ses exigences.",,https://www.mifexpo.fr/exposants/saveurs-en-or-555793/?fromsalon=952944,,
SAVONNERIE DE L'ATLANTIQUE,savon-atlantique.com,,,,France,Stand G54,"La Savonnerie de l’Atlantique vous propose de découvrir 3 marques : La Cigale La marque traditionnelle des produits d’hygiène et de toilette parfumés, dans la grande tradition de la conjugaison des savoir-faire des savonniers français et des parfumeurs grassois. Cigale Bio La marque des produits d’hygiène et de toilette parfumés formulés à partir d’ingrédients naturels issus de l’agriculture biologique et certifiés. Superclair La marque des savons destinés au marché des produits de détergence et des produits ménagers : savon de Marseille traditionnel, savoir noir et bien d’autres.",,https://www.mifexpo.fr/exposants/savonnerie-de-latlantique-1364/?fromsalon=952944,,
SAVONNERIE LE SERAIL,savon-leserail.com,,,,France,Stand i67,"Dans les années 1900, Marseille grande ville de la Provence voit ses savonneries – une centaine à l’époque – fermer les unes après les autres en raison de l’arrivée massive des lessives. Un homme, de retour de déportation en Allemagne, Vincent BOETTO, fit le pari de créer en 1949 la Savonnerie le Sérail, afin de perpétuer le savoir-faire et la tradition du véritable savon de Marseille. Il reprend alors une ferme située à l’intérieur de la ville, et y installe l’équipement nécessaire à la fabrication du cube de savon traditionnel de Marseille, et notamment les chaudrons dans lesquels est fabriquée la pâte à savon. Aujourd’hui, c’est son fils, Daniel, fier de cet héritage, qui a repris les rênes de la savonnerie en 2009 et qui perpétue le savoir-faire laissé par son père. Ainsi, l’ensemble du matériel est d’époque, et a été conservé ainsi que toutes les étapes nécessaires à la fabrication du traditionnel savon de Marseille, ce qui lui a d’ailleurs permis d’obtenir le label « Entreprise du Patrimoine vivant » décerné par la CCI de Marseille.",,https://www.mifexpo.fr/exposants/le-serail-1484/?fromsalon=952944,,
SCHILLER France,mediprostore.com,,,,France,Stand J57,"SCHILLER France, premier fabricant français de défibrillateurs et acteur reconnu du secteur médical, met son expertise au service du grand public avec le FRED PA-1. Conçu pour être simple, intuitif et rassurant, ce défibrillateur guide chaque citoyen sauveteur grâce à des messages vocaux et visuels clairs. En quelques secondes, il vous accompagne pas à pas pour agir efficacement en cas d’urgence, sans stress ni hésitation. Entièrement automatique et fabriqué en France, le FRED PA-1 allie fiabilité, performance et accessibilité.",,https://www.mifexpo.fr/exposants/schiller-france-s-a-s-740632/?fromsalon=952944,,
SEIZE POINT NEUF,seizepointneuf.fr,,,,France,Stand P61,,,https://www.mifexpo.fr/exposants/seize-point-neuf-772139/?fromsalon=952944,,
SEMJUICE,semjuice.com,,,,France,Stand G71,"Semjuice, est le laboratoire de la visibilité digitale. Semjuice accompagne indépendants, PME, responsables e-commerce et agences de communication afin de leur apporter visibilité et notoriété auprès de leurs audiences, de Google aux intelligences artificielles.",,https://www.mifexpo.fr/exposants/easy-rank-996185/?fromsalon=952944,,
Senteurs de France,senteursdefrance.fr,,,,France,Stand O29,,,https://www.mifexpo.fr/exposants/senteurs-de-france-774120/?fromsalon=952944,,
SESSILE,sessile.co,,,,France,Stand K33,"Sessile est une marque de sneakers réparables, fabriquées en France. Chez Sessile, les chaussures sont faites pour durer. Et aussi pour être désirables. On les choisit pour leur allure. On les garde pour tout ce qu’elles permettent. Vivre, ne rien manquer. Elles évoluent avec le temps et deviennent, jour après jour, des compagnons irremplaçables. Alors on en prend soin, on s’y attache, on les répare. Parce que votre paire préférée est déjà à vos pieds. Chaque jour, on fabrique des chaussures pensées pour la vraie vie. Justes dans leur fabrication. Solides dans leur usage. Désirables dans leur allure. Tracer, couper, assembler, ajuster : sans compromis sur les matières, sans raccourci sur les finitions. Au fil du temps, elles se patinent. Prennent du caractère. Alors on les répare. Parce qu'une chaussure Sessile ne se remplace pas. Elle se prolonge.",,https://www.mifexpo.fr/exposants/mfc-1295/?fromsalon=952944,,
SHERCO MOTORCYCLE,sherco.com,,,,France,Stand O32,,,https://www.mifexpo.fr/exposants/sherco-1003817/?fromsalon=952944,,
SIGVARIS,sigvaris.com,,,,France,Stand M34,"Leader de la compression médicale en France, SIGVARIS GROUP France conçoit, fabrique et distribue des chaussettes, bas et collant de contention destinés au traitement des maladies veineuses et lymphatiques.",,https://www.mifexpo.fr/exposants/sigvaris-574363/?fromsalon=952944,,
SIKOFWI,samsdelices971.com,,,,France,Stand Village de l'Artisanat - D21.119,"Nos produits sont de délicieuses lamelles de coco cuisinées avec différentes saveurs tropicales ,qui sauront époustouflé vos papilles!",,https://www.mifexpo.fr/exposants/sams-delices-971-1002544/?fromsalon=952944,,
SIMMONS,topper.fr,,,,France,Stand Q22,,,https://www.mifexpo.fr/exposants/topper-expansion-984760/?fromsalon=952944,,
SIRIUS GAMES,sirius-games.fr,,,,France,Stand Pavillon Ile de France,,,https://www.mifexpo.fr/exposants/sirius-games-977449/?fromsalon=952944,,
SIWOPETEDJEL,,,,,France,Stand Village de l'Artisanat - D21.128,"Un sirop de canne au Piment Bondamanjak emblématique de la Martinique. S'utilise en boissons (cocktails, jus, smoothies, etc...) et en cuisine (marinades pour viandes ou poissons, sauces, nappage, desserts, etc...). La gourmandise d'un sirop pur sucre de canne allié au parfum et au piquant maitrisé du piment antillais. Un sirop qui séduit même les gens qui n'aiment pas le piment.",,https://www.mifexpo.fr/exposants/siwopetedjel-985934/?fromsalon=952944,,
SMJ BOUGIES,smjbougies.fr,,,,France,Stand P06,,,https://www.mifexpo.fr/exposants/smj-bougies-975100/?fromsalon=952944,,
SO'BRICKS,sobricks.fr,,,,France,Stand Village de l'Artisanat - D21.9,"Les kits complets : tout le nécessaire pour construire, créer et recommencer SO'BRICKS propose une gamme de kits complets permettant de découvrir un concept de construction unique, inspiré des techniques traditionnelles de la maçonnerie et de la poterie. Chaque kit réunit l'ensemble des éléments indispensables pour bâtir de véritables constructions miniatures en terre cuite, tout en profitant d'une expérience de jeu réaliste, créative et durable. Chaque kit comprend : des briques et éléments de construction en terre cuite fabriqués avec soin ; des tuiles et accessoires architecturaux ; le ciment SO'BRICKS, spécialement développé pour assembler solidement les pièces tout en permettant leur séparation sans les détériorer ; les outils indispensables, comme la truelle et les accessoires de mise en œuvre ; un guide de construction permettant de réaliser différents modèles ou de laisser libre cours à son imagination. Les produits dérivés : développez vos créations sans limite Pour les constructeurs les plus passionnés, SO'BRICKS propose une gamme complète de produits complémentaires permettant d'agrandir, de personnaliser et de perfectionner chaque réalisation. Ces produits dérivés offrent une liberté de création quasi illimitée et permettent de concevoir des bâtiments toujours plus ambitieux.",,https://www.mifexpo.fr/exposants/sobricks-984397/?fromsalon=952944,,
Soapyard,"www,soapyard.fr",,,,France,Stand J59,,,https://www.mifexpo.fr/exposants/wendy-moschella-ei-959748/?fromsalon=952944,,
SOMMAP - SO DIVE,sodive.level2-com.fr,,,,France,Stand N75,Kit Palmes Masques Tubas (PMT) Monopalmes,,https://www.mifexpo.fr/exposants/sas-sommap-970345/?fromsalon=952944,,
SOUS LES JUPES DES HOMMES,souslesjupesdeshommes.com,,,,France,Stand M51,"Jupe pour homme en série limitée ou sur-mesure ; Kilt en tartan et asymétrique ; Jupe portefeuille en jean, avec une touche d'originalité et de couleur.",,https://www.mifexpo.fr/exposants/r-mano-980238/?fromsalon=952944,,
SPORTS D'ÉPOQUE,sports-depoque.com,,,,France,Stand i32,,,https://www.mifexpo.fr/exposants/sports-depoque-954551/?fromsalon=952944,,
STUART STUDIO,stuart-studio.com,,,,France,Stand Village de l'Artisanat - D21.164,,,https://www.mifexpo.fr/exposants/stuart-studio-999683/?fromsalon=952944,,
Studio Photo de Jarnac - L'atelier des passeurs d'images,studiophotojarnac.fr,,,,France,Stand Village de l'Artisanat - D21.145,,,https://www.mifexpo.fr/exposants/histoire-de-pixels-980882/?fromsalon=952944,,
STÉMANO,stemano.fr,,,,France,Stand M75,"Stémano c'est un jeu de construction qui permet de construire plusieurs modèles avec une seule boite pour assembler, jouer et démonter à l'infini. les jeux sont conçus et fabriqués en France à partir de composants français, Ils sont pensés pour être écologique et durable avec des pièces en hêtre massif et une boite en médium rigide.",,https://www.mifexpo.fr/exposants/stemano-953855/?fromsalon=952944,,
SUBLINAÉ,sublinaecosmetiques.fr,,,,France,Stand i65 et Village de l'Artisanat D21.151,"La crème de visage SubliNaé ✨ La crème visage SubliNaé. Une crème enrichie en beurre de karité et en huiles végétales précieuses, elle agit comme un voile protecteur qui capture et retient l’hydratation. Un résultat étonnant, une peau nourrie, souple et éclatante, sans effet gras. Lait corporel Appliqué après la douche, quand la peau est encore souple et légèrement humide, il procure à la peau une hydratation maximale et un fini soyeux, sans effet gras. La crème pour cheveux Avec sa texture légère et sans résidu qui respecte la fibre capillaire, la crème SubliNaé pour cheveux redonne brillance et tonicité aux cheveux✨",,https://www.mifexpo.fr/exposants/rebecca-vilcocq-954544/?fromsalon=952944,,
Sulpie Baby-foot,baby-foot.com,,,,France,Stand L70-M69,"Nos baby-foot Sulpie sont en bois massif, fabriqués artisanalement en France et sont entièrement personnalisables !",,https://www.mifexpo.fr/exposants/eurl-sulpie-762955/?fromsalon=952944,,
SWEEDOU,sweedou.com,,,,France,Stand i57,"Sweedou se passionne pour la création de bouillottes qui allient style, durabilité, solidarité et respect de l'environnement. Chaque bouillotte est conçue avec soin à partir de matériaux de haute qualité, respectueux de l'environnement, dans le but de fournir aux clients une expérience thermique agréable et réconfortante. En accordant une grande importance à la durabilité, Sweedou veille à minimiser son impact sur l'environnement. Les bouillottes sont fabriquées à partir de matériaux écologiques tels que des tissus tissés en France et des graines de lin locales et biologiques. Sweedou se distingue également par son engagement envers la solidarité. Dans le cadre de sa démarche, Sweedou travaille en étroite collaboration avec des artisans locaux en situation de handicap. Sweedou offre des opportunités de travail significatives à ces artisans, créant ainsi un environnement inclusif où chacun peut contribuer pleinement et être valorisé.",,https://www.mifexpo.fr/exposants/juillard-coralie-389119/?fromsalon=952944,,
SYLVIE BIOLLU,sylviebiollu.com,,,,France,Stand E44,,,https://www.mifexpo.fr/exposants/sylvie-biollu-980748/?fromsalon=952944,,
TABLE À CARTES,tableacartes.com,,,,France,Stand O23,"Table à cartes : illustrer l’esprit des lieux. Les dessins de Table à cartes, affiches et cartes postales, sont une invitation à observer, se souvenir et rêver. Nous voulons saisir l’esprit d’un lieu, ce qui le rend si particulier, par ses points de vue et par les expériences que l’on y vit. Créer des images qui nous rattachent à un lieu aimé et donnent envie d’être partagées. Les illustrations sont toutes réalisées à la plume, au pinceau ou au stylo, avec passion et patience. Le dessins comportent des irrégularités, des réussites ou des imperfections ; il permet de transmettre une émotion pure, de créer une image vivante et intemporelle.",,https://www.mifexpo.fr/exposants/marguerite-lecointre-970660/?fromsalon=952944,,
TENTHOREY,tenthorey.com,,,,France,Stand G43,"Entreprise Familiale de tissage depuis 1906 dirigée par Yves Dubief, le petit fils du fondateur, spécialisée dans les matières naturelles : Coton, Coton Bio, Lin. Vente de tissu 100% Lin au mètre. Vente de sacs en lin.",,https://www.mifexpo.fr/exposants/sas-tenthorey-301423/?fromsalon=952944,,
TERRE DE ROSE,histoirederose.com,,,,France,Stand J61,"Terre de Rose Distillerie – L’eau de rose made in Anjou Cultivée à la main en Anjou, distillée sur place à la vapeur d’eau, notre eau de rose est 100 % pure, naturelle et artisanale. Fraîche, florale et délicate, elle est idéale pour revitaliser la peau, apaiser les émotions ou simplement profiter d’un moment de bien-être. Nous proposons aussi un falun parfumé, pierre calcaire emblématique de notre région, imprégnée d’hydrolats. Il suffit de l’humidifier de temps en temps pour réactiver ses senteurs : une solution naturelle, longue durée, parfaite pour parfumer l’air ambiant ou même glisser dans un aspirateur pour diffuser une touche florale à chaque passage. Egalement, le sirop de rose sublimera vos apéritifs Chez Terre de Rose Distillerie, chaque création reflète notre engagement pour une production locale, durable et sensorielle, fièrement Made in France.",,https://www.mifexpo.fr/exposants/sarl-terre-de-rose-772248/?fromsalon=952944,,
TEXTILES DE FRANCE by UIT,textile.fr,,,,France,Stand M33bis,,,https://www.mifexpo.fr/exposants/union-des-industries-textiles-444636/?fromsalon=952944,,
THAAS CHIPS,thaaschips.com,,,,France,Stand G86,"CHIPS ARTISANALES AVEC UN PROCEDE A BASSE TEMPERATURE SOUS-VIDE Les points forts · LA CUISSON SOUS-VIDE Nouveau procédé qui limite la surcuisson des graisses et qui rend la chips plus croustillante et moins grasse. · MOINS DE SEL Thaas Chips élabore des chips les moins salées du marché. · PRODUCTION ARTISANALE et 100% marnaise · LE MEILLEUR DE LA PATATE Les chips THAAS, sont sans conservateur, sans arôme artificiel et sans huile de palme. Des qualités que les consommateurs apprécient. · NUTRISCORE A et B Les chips THAAS obtiennent le meilleur score A (vert foncé) pour les goûts classique, craquante, vinaigre et citron et un score très honorable B (vert clair) pour la barbecue et l’oignon",,https://www.mifexpo.fr/exposants/thaas-chips-254874/?fromsalon=952944,,
THE SAFE GARDEN,,,,,France,Stand Village de l'Artisanat - D21.122,,,https://www.mifexpo.fr/exposants/the-safe-garden-sarl-981461/?fromsalon=952944,,
THELMA & ROSE,thelma-rose.com,,,,France,Stand G33,"Des coupes fluides, des matières d’exception — modal, lin, laine mérinos — et une sensation seconde peau pour des vêtements dans lesquels on se sent bien. Et belle.",,https://www.mifexpo.fr/exposants/kapital-ds-113453/?fromsalon=952944,,
TI'PO LOCO,tipoloco.com,,,,France,Stand Q56,,,https://www.mifexpo.fr/exposants/mg-974341/?fromsalon=952944,,
TIPHA CROCHET DESIGNER,tipha-crochet-designer.sumupstore.com,,,,France,Stand M38-N39,,,https://www.mifexpo.fr/exposants/tipha-crochet-designer-984019/?fromsalon=952944,,
TIROIR & COTON,tiroiretcoton.fr,,,,France,Stand Pavillon Ile de France,"🍃 Nous fabriquons des produits éco-responsable pour la cuisine et la salle de bains avec l'idée de remplacer les produits jetables et/ou plastiques par des objets lavables et durables dans le temps. 🤝🏻 En plus de la démarche écologique, nous avons également une démarche sociale quant à la fabrication. En effet, une partie de notre production est assurée par un ESAT à Gennevilliers (Hauts de Seine). Le reste est réalisé dans notre atelier à Ecouen (Val d'Oise). 🧵 Pour cette 6ème année de présence sur le salon du Made in France, nous vous présenterons nos produits phares, éponges lavables, couvre plat lavables et fleurs de douche bi-matière, ainsi que nos classiques torchons, essuies mains, lingettes démaquillantes, savons à froid... Nous mettons également tout en oeuvre pour vous proposer de jolies nouveautés toujours durables et avec une fabrication artisanale et locale. 📍 Au plaisir de vous rencontrer sur notre stand !",,https://www.mifexpo.fr/exposants/tc-977162/?fromsalon=952944,,
TISSAGE DE LUZ,tissagedeluz.com,,,,France,Stand i16-J15,"Depuis 5 générations, Tissage de Luz agite le linge de maison en créant des toiles robustes et nobles, qui traversent le temps sans jamais passer de mode. Notre savoir-faire est une affaire de famille. Notre aïeuil Jean-Baptiste Gouze ne disait-il pas que nos nappes étaient tissées pour durer 100 ans ? Tissage de Luz a obtenu en 2014 le label ""Origine France Garantie"" pour l'ensemble de ses tissages et produits confectionnée. Depuis 2021, les produits de notre maison centaine sont tissés en fils de coton biologique, certifiés GOTS. Nos produits ont été élaborés en France selon notre savoir-faire familial. Cet héritage nous permet de proposer un linge d’une qualité irréprochable, réputé pour sa robustesse et sa durabilité. Nos collections sont développées avec le souci du détail, le goût pour les plus belles matières et l’amour du beau Linge de table. Linge de maison. Ligne de bain. Sacs et trousses. Transat. Métrages coton ou enduit.",,https://www.mifexpo.fr/exposants/les-tissages-de-saint-jean-de-luz-1394/?fromsalon=952944,,
TISSAGE MOUTET,tissage-moutet.com,,,,France,Stand M08-N07,"Maison fondée en 1874. Tisse à Orthez le véritable linge basque, ainsi qu'une collection Jacquard aux couleurs d'artistes prestigieux. Venez découvrir nos torchons et nos mini-serviettes 100% créatifs, 100% souriants et 100% made in France !",,https://www.mifexpo.fr/exposants/sa-tissage-moutet-1331/?fromsalon=952944,,
TOC DE BON,tocdebon.com,,,,France,Stand Village de l'Artisanat - D21.69,"Les produits sont réalisés exclusivement qu'avec des fruits Corse de petits producteurs avec un minima de 55%, très peu de sucre est rajouté pour mettre en valeur le plus possible le terroir fruitier corse dans les goûts.",,https://www.mifexpo.fr/exposants/toc-de-bon-982741/?fromsalon=952944,,
TOKI,toki.fr,,,,France,Stand M45,"Toki est un pisse-debout réutilisable, 100 % fabriqué en France et solidaire. Pensé comme un véritable accessoire de liberté, de santé et de dignité, Toki libère les femmes, les seniors et les personnes en situation de vulnérabilité des contraintes liées à l'accès aux sanitaires publics (hygiène, files d'attente, activités extérieures). Ergonomique et éco-conçu (plastique médical recyclé à 50 %), Toki intègre un modèle de redistribution automatique qui reverse automatiquement 1 € de don par Toki vendu à des initiatives féministes, comme le Planning Familial.",,https://www.mifexpo.fr/exposants/veine-980859/?fromsalon=952944,,
TONY.C,artisanatdart.nc,,,,France,Stand Village de l'Artisanat - D21.123,,,https://www.mifexpo.fr/exposants/tony-c-982715/?fromsalon=952944,,
TOODAYS.ME,toodays.me,,,,France,Stand O67,,,https://www.mifexpo.fr/exposants/sas-the-roomemories-772251/?fromsalon=952944,,
TOPINAMOUR,topinamour.com,,,,France,Stand Village de l'Artisanat - D21.56,,,https://www.mifexpo.fr/exposants/topinamour-986041/?fromsalon=952944,,
TOPY ET TOPY ATELIER,topy.fr,,,,France,Stand J23,"TOPY est un fabricant français de semelles en caoutchouc pour la réparation de chaussures. Engagés depuis plus de 90 ans, nous concevons des produits durables alliant qualité, savoir-faire industriel et fabrication française.",,https://www.mifexpo.fr/exposants/topy-sas-967478/?fromsalon=952944,,
Torréfaction CAHU,,,,,France,Stand Village de l'Artisanat - D21.152,"60 ans de passion. 3 générations. 1 savoir-faire français unique. Installée à Bussière-Galant depuis 1964, la Torréfaction CAHU est une maison artisanale spécialisée dans la torréfaction de fruits secs et d'arachides. Au cœur du Périgord-Limousin, nous transformons des produits rigoureusement sélectionnés à travers le monde (cacahuètes d'Argentine, cajou du Viêt Nam, pistaches d'Iran ... ) pour leur offrir l'excellence du savoir-faire français. Notre charte de fraîcheur ? Une torréfaction exclusive à la commande et une livraison assurée par mes soins.",,https://www.mifexpo.fr/exposants/sarlu-torrefaction-cahu-983964/?fromsalon=952944,,
TOURN'BOIS CRÉATIONS,tournbois-creations.fr,,,,France,Stand Q70,,,https://www.mifexpo.fr/exposants/tournbois-creations-1011398/?fromsalon=952944,,
TOURNABOIS,tournabois.fr,,,,France,Stand D18,"Gamme complète d'ustensiles de cuisine en bois. Bois français à 90 %, Pefc. La totalité de notre gamme est certifiée Origine France Garantie. Sabot à huîtres, planches, rouleaux, pilons, râteaux à crêpes, spatules...",,https://www.mifexpo.fr/exposants/tournabois-7376/?fromsalon=952944,,
TRIGANO JARDIN,triganojardin.com,,,,France,Stand Q20,,,https://www.mifexpo.fr/exposants/trigano-jardin-964194/?fromsalon=952944,,
Trésor de Fruits Tahiti,,,,,France,Stand Village de l'Artisanat - D21.121,,,https://www.mifexpo.fr/exposants/tresor-de-fruits-tahiti-997287/?fromsalon=952944,,
TUFFERY,ateliertuffery.com,,,,France,Stand J42-K45,"Atelier Tuffery confectionne intégralement en France depuis plus d'un siècle des jeans et des vêtements de grande qualité. Ecoresponsabilité, éthique et qualité sont les maîtres mots de la maison depuis 1892.",,https://www.mifexpo.fr/exposants/sas-act1892-1427/?fromsalon=952944,,
TY COUTELIER,tycoutelier.fr,,,,France,Stand O59,"Gamme Authentique respectant les codes du couteau Laguiole, art de la table, couteaux de poche, et sur mesure avec personnalisation. Gamme Aérien dessiné et conçu par mes soins modèle déposé à l'INPI, art de la table, couteaux de poche et sur mesure",,https://www.mifexpo.fr/exposants/sarl-rozelier-974322/?fromsalon=952944,,
UNAÖD,unaod.fr,,,,France,Stand Village de l'Artisanat - D21.6,,,https://www.mifexpo.fr/exposants/sarl-unaod-984381/?fromsalon=952944,,
UNIFAB,unifab.com,,,,France,Stand E69,,,https://www.mifexpo.fr/exposants/union-des-fabricants-595450/?fromsalon=952944,,
UNIQUA,uniqua-limoges.fr,,,,France,Stand i35,"Nos baskets sont fabriquées dans notre petit atelier situé à Limoges. Elles sont : - Personnalisables : Vous créez vos propres baskets en fonction de vos goûts personnels. Grâce à notre interface de personnalisation, créer en temps réel la basket de vos rêves. - Eco-responsables : Nos cuirs par exemple sont issus de surplus industriels. Nos semelles elles, sont en caoutchouc recyclé et nos semelles anatomiques sont biodégradables. Les matières sont un point pour l'écologie, mais le fait de produire nos baskets en France est très important dans notre projet. Nous souhaitons revenir à une consommation locale pour réduire au maximum notre bilan carbone. - Réparables : Nos baskets sont réparables grâce au cousu latéral qui permet d'assembler notre semelle en caoutchouc. La semelle est en effet l'élément qui se détériore le plus rapidement dans une basket. Nous vous proposons donc de la remplacer pour prolonger la durée de vie de votre paire de sneaker adorée. - De qualité : Grâce à l'utilisation de cuir pour le dessus et la doublure à 100%, nos baskets vous proposent un confort et une durée de vie supérieures au marché.",,https://www.mifexpo.fr/exposants/uniqua-limoges-114326/?fromsalon=952944,,
UNPTITBRETON,unptitbreton.fr,,,,France,Stand H86,"Unptitbreton, c’est une entreprise née de l’idée folle de faire découvrir le gâteau breton à toutes et tous, qu’ils soient bretons ou non, de Crozon ou de Lyon, de London ou du Japon. Alors le gâteau breton c’est quoi ? Un subtil mélange de beurre, de farine, de sucre, d’œufs mais pas que… En fonction de vos envies et des saisons celui-ci pourra être agrémenté de framboises, d’oranges ou encore de chocolat pour les plus gourmands d’entre vous. Afin d’obtenir une croûte croquante à l’extérieur, le gâteau breton est cuit à haute température permettant de conserver une texture moelleuse à l'intérieur.",,https://www.mifexpo.fr/exposants/unptitbreton-414180/?fromsalon=952944,,
UPSA,upsa.com,,,,France,Stand K59,"UPSA, la santé fabriquée en France depuis 90 ans Implanté à Agen, le laboratoire UPSA met son savoir-faire pharmaceutique français au service de la santé du quotidien. Premier laboratoire certifié Origine France Garantie pour 100 % de ses médicaments, UPSA fait du Fabriqué en France un levier de qualité, d'innovation et de souveraineté. Produire en France. Employer en France. S'approvisionner en France. Soigner en France.",,https://www.mifexpo.fr/exposants/upsa-550726/?fromsalon=952944,,
VAL DE SAIRE,valdesaire-france.com,,,,France,Stand G15,"La maison Val de Saire est une entreprise familiale implantée en Normandie depuis 1979. Labellisée Entreprise du Patrimoine Vivant (EPV), l'entreprise conçoit des vêtements prêt-à-porter haut de gamme, en matières nobles. S’appuyant sur une équipe de collaborateurs passionnés qui assurent toutes les étapes de la création jusqu’au finitions, la Tricoterie du Val de Saire garantit à ses clients des produits d’une qualité irréprochable, de fabrication 100% française.",,https://www.mifexpo.fr/exposants/tricoterie-du-val-de-saire-107629/?fromsalon=952944,,
VELECTA® PARIS,velecta-paris.com,,,,France,Stand H69,"Fondée en 1936, Velecta Paris est une entreprise française spécialisée dans la conception et la fabrication de matériel électrique professionnel pour la coiffure. Près de 90 ans d'expertise dans les sèche-cheveux professionnels, et un savoir-faire qui s'étend aujourd'hui aux lisseurs.",,https://www.mifexpo.fr/exposants/velecta-sas-963544/?fromsalon=952944,,
VELOURS DE L'ABBAYE,veloursdelabbaye.com,,,,France,Stand G76,"Les VELOURS de l'ABBAYE sont nés de la volonté de Victor GAYET et François de REGLOIX, artisans vinaigriers, épicuriens, amoureux de la France, de ses terroirs et de sa gastronomie et de leur souhait de cuisiner des vinaigres naturels et gourmets. Dans les vinaigres des VELOURS de l’ABBAYE, il n'y a pas d'arôme artificiel, pas de colorant, pas de conservateur. Les ingrédients essentiels de nos recettes sont d’origine française, locale et majoritairement issus de l’agriculture biologique. Les ingrédients sont sélectionnés avec soin pour garantir des vinaigres aux qualités gastronomiques exceptionnelles où les arômes acidulés se mêlent aux saveurs des fruits et des épices. ""Les vinaigres que nous produisons sont issus de la fermentation naturelle de jus de pomme bio ou de raisins qui sont transformés en cidre et vin puis en vinaigre."" Cuisson au chaudron ou macération à froid, autant de procédés traditionnels utilisés par Victor et François pour sublimer leur sélection de vinaigres et leur apporter finesse et puissance. En 2024 les VELOURS de l’ABBAYE ont fêté leurs 10 ans. L'occasion pour les deux amis de vous proposer une gamme de vinaigres encore plus gourmande pour le plus grand plaisir de vos papilles. ​Laissez-vous surprendre et à très bientôt.",,https://www.mifexpo.fr/exposants/cotton-road-638613/?fromsalon=952944,,
VENT DE VOYAGE,ventdevoyage.com,,,,France,Stand H39,"Depuis 2000, Vent de voyage est l’atelier artisanal à l’origine des bagages et objets de décoration en voiles de bateau recyclées, en France. La création et la fabrication à la main sont réalisées à Dinard en Bretagne par les couturières Vent de Voyage. Un vrai savoir-faire. Chaque produit est unique et sort de l'atelier avec sa personnalité, révélée par la qualité et la solidité des finitions issues des techniques du matelotage, des voileries, de la sellerie marine. Personnalisation & sur-mesure. Fabrication 100% internalisée, 100% en France.",,https://www.mifexpo.fr/exposants/vent-de-voyage-394276/?fromsalon=952944,,
VERSATY,versaty.fr,,,,France,Stand i60,,,https://www.mifexpo.fr/exposants/versailles-beaute-980865/?fromsalon=952944,,
VIGNERONS INDÉPENDANTS DE L'ANJOU ET DE SAUMUR,280vignerons.fr,,,,France,Stand P66-Q67,Vins authentiques de Loire,,https://www.mifexpo.fr/exposants/syndicat-des-vignerons-independants-de-lanjou-et-de-saumur-775084/?fromsalon=952944,,
VIGOR,heritagefrance.fr,,,,France,Stand i21,L'efficacité professionnelle concentrée dans l'emblématique bidon orange Vigor : testez la puissance du Nettoyant Suprême pour une efficacité radicale.,,https://www.mifexpo.fr/exposants/heritage-2-954770/?fromsalon=952944,,
VOILA,voilasurprisemif.fr,,,,France,Stand A01,"Emploi, Savoir-Faire, Qualité : Toutes ces valeurs sont contenues dans Voilà, la pochette surprise Made In France. Offrir un cadeau qui a du sens ! Sans gadget, ni échantillon mais uniquement remplie de produits qualitatifs. À toutes occasions, Voilà c’est la surprise idéale ! Les nombreuses marques partenaires, présentes dans cette belle pochette, œuvrent tout au long de l'année à faire perdurer le Made in France et toute la primordialité de garder une économie nationale et de soutenir les emplois locaux. Voilà regroupe 4 à 8 produits (bijoux, cosmétiques, accessoires de mode, maroquinerie, gourmandises, accessoires de cuisine...) made in France. Retrouvez nos collections permanentes : Voilà Inattendue et Voilà Superbe ainsi que des collections capsules tout au long de l'année : Voilà en Cuisine, Voilà Naissance... Voilà la pochette surprise made in France, la surprise qui a du sens !",,https://www.mifexpo.fr/exposants/voila-114079/?fromsalon=952944,,
VOUS POUVEZ DORMIR DANS LA GRANGE,vouspouvezdormirdanslagrange.fr,,,,France,Stand D46,"Une gamme d'accessoires minimalistes et unisexes que vous ne trouverez nulle part ailleurs ! Chaque produit est unique et fruit d’un long travail de design pour vous offrir plus de qualité et de liberté ! ////////// • Un sac de week-end, le baluchon, qui change de volume pour s’adapter à vos besoins. Il passe de 10 à 35 litres en un mouvement. ////////// • Un sac à dos élégant et étanche avec une ouverture latérale pour accéder facilement à son contenu. Tout y est bien organisé ! ////////// • Des draps de voyage en coton bio, pour dormir chez des amis ou dans un gîte sans s’encombrer. ////////// • Un chapeau élégant, qui protège de la pluie et du soleil et que l’on peut accrocher à son sac. ////////// Venez découvrir nos nouveautés !",,https://www.mifexpo.fr/exposants/vpddlg-100256/?fromsalon=952944,,
WELL,well.fr,,,,France,Stand i26,"Well, des gammes de produits pour toutes les femmes quels que soient leur morphologie, leur âge, etc... ...et pour toutes les envies ! Des produits conçus pour que les femmes se sentent belles et bien. Well commercialise des collants, mi-bas, socquettes, bas et protège-pieds, vendus en grandes surfaces. Son usine de production de collants est située au Vigan, dans le Gard (30) dans la région des Cévennes.",,https://www.mifexpo.fr/exposants/csp-paris-fashion-group-256319/?fromsalon=952944,,
Whisky Rozelieures,whiskyrozelieures.com,,,,France,Stand H83,"Fruit de plusieurs années de recherche, notre whisky se distingue par le soin que nous lui portons à chaque étape de sa création : Tous les whiskies de Rozelieures sont single malt, et nous sommes la première distillerie en France à travailler des malts tourbés. Fidèles à la tradition ancestrale, nous effectuons une double distillation de tous nos whiskies. Ce procédé offre une plus grande finesse et une intensité aromatique inégalable. Après distillation, nous faisons vieillir notre whisky en fûts de chêne issus de nos forêts locales mais aussi en fûts ayant contenu des vins et spiritueux provenant du Kentucky, de Xérès, de Bourgogne, de la Vallée du Rhône et du Sud-­Ouest. Pour mieux découvrir notre esprit de producteur distillateur innovant, des visites «dégustation» pour particuliers et groupes sont organisées toute l’année au cœur de notre ferme distillerie.",,https://www.mifexpo.fr/exposants/maison-de-la-mirabelle-434719/?fromsalon=952944,,
WIA COSMETIQUES,wiacosmetiques.com,,,,France,Stand P39,"Wia est une gamme innovante de mascaras soins et naturel avec 3 brosses personnalisables et réutilisables grâce à un système de recharges en verre. La formule soin renforce vos cils grâce aux actifs soins brevetés : un complexe d'extrait de trèfle violet et de pousse de haricot mungo. Un formule d'origine naturelle efficace qui se démaquille en toute douceur à l'eau chaude. La mission principale de Wia: vous proposer des produits de beauté hybrides et astucieux. Composés d'une dimension soin, ils vous sublimeront et vous accompagneront face à n'importe quelle situation grâce à leur efficacité.",,https://www.mifexpo.fr/exposants/wia-sasu-554922/?fromsalon=952944,,
Wool vibe,woolvibe.fr,,,,France,Stand Village de l'Artisanat - D21.174,"Wool Vibe valorise les laines françaises,particulièrement de la région Sud et les savoirs-faire artisanaux comme le tissage à travers des créations textiles et décoratives contemporaines. L’entreprise travaille une matière naturelle locale et durable en lien avec les éleveurs et les territoires.",,https://www.mifexpo.fr/exposants/valentine-guerin-983956/?fromsalon=952944,,
YAKA,yakaparis.com,,,,France,Stand i57bis,,,https://www.mifexpo.fr/exposants/yaka-983888/?fromsalon=952944,,
YRON LIGHT,yronlight.fr,,,,France,Stand O31,"Yron Light est né d’une rencontre entre des objets oubliés et la lumière. Yann, artisan-créateur autodidacte, propose une approche singulière du luminaire : chaque pièce est conçue à partir d’un objet existant, souvent destiné à l’abandon, soigneusement sélectionné pour sa forme, sa texture, sa patine. Ces éléments – bois flotté, métal usé, outils anciens ou pièces industrielles – sont détournés, ré-assemblés, métamorphosés pour devenir des œuvres lumineuses uniques. L’objet n’est pas simplement réparé : il est réinventé. Détaché de sa fonction première, il devient support d’émotion, de souvenir, de projection. La lumière révèle ses volumes, lui donne une nouvelle utilité et inscrit l’œuvre dans une double temporalité : celle de l’objet d’hier et de sa renaissance contemporaine. Intentions et esthétique : • Une valorisation du réemploi, dans une démarche à la fois éthique et poétique. • Un travail sur la mémoire des objets, entre nostalgie, symbolique et imaginaire. • Une recherche formelle : équilibre, contraste des matières, harmonie des volumes. • Une œuvre vivante, qui se transforme selon la lumière du jour et la mise en lumière nocturne. Chaque création invite à une lecture intime : l’objet devient miroir de l’histoire personnelle du spectateur. Certains y reconnaissent un outil ancien, d’autres une silhouette familière… mais tous y trouvent une nouvelle façon de voir l’objet, et la lumière.",,https://www.mifexpo.fr/exposants/yron-light-954740/?fromsalon=952944,,
ZESTED COSMETIC,zestedcosmetic.com,,,,France,Stand J61bis,"SÉRUM EN BRUME Le sérum multifonctions qui traite tous les problèmes de peau en relançant le mécanisme naturel de régénération cellulaire. Il rééquilibre le microbiote cutané grâce à ses prébiotiques, traite et prévient les rougeurs et les imperfections. Les phytocéramides renforcent la structure de la peau pour repulper les ridules. La centella asiatica (herbe du tigre) associée aux Algues rouges, hydrate en profondeur, accélère le renouvellement cellulaire et prévient le vieillissement cutané. Riche en huile de chanvre, ce sérum apaisera les peaux même les plus sensibles. Idéal pour : tous types de peaux, même les plus sensibles. CRÈME FONDANTE PEAU NEUVE Une crème régénérante ultra-performante pour un effet peau neuve instantané et durable. Formulée avec un rétinol-like végétal issu d'une plante adaptogène, elle offre une action anti-âge globale, mais pas que ! Elle rééquilibre le microbiote cutané grâce à ses postbiotiques, traite et prévient les rougeurs et les imperfections. La centella asiatica booste l'éclat et accélère le renouvellement cellulaire. Riche en huile de prune et en extrait d'avoine, cette crème apporte du confort et apaise les peaux les plus sensibles. Dès la première application, les traits sont défatigués, la peau est plus lisse, plus rebondie, et le teint plus lumineux. Idéal pour : Peaux normales à sèches, sensibles.",,https://www.mifexpo.fr/exposants/zedm-consulting-272044/?fromsalon=952944,,
Écopiège®,lamesangeverte.com,,,,France,Stand Village de l'Artisanat - D21.24,"Depuis 2009, le collier Écopiège® est la référence nationale de la lutte mécanique contre la chenille processionnaire du pin. Piège 100 % mécanique et sans pesticide, sa technologie brevetée intercepte les chenilles lors de leur descente, évitant tout contact avec l'insecte urticant. Il protège ainsi humains et animaux domestiques des risques sanitaires et réduit les populations de chenilles pour les saisons suivantes. Seul piège recommandé par l'INRAE, avec 97 % de réussite aux tests, il est réglable et réutilisable plusieurs saisons. Certifié Origine France Garantie, gage d'une fabrication intégralement française, il s'est même invité dans les salons du Palais de l'Élysée en 2025, à l'occasion de la Grande Exposition du Fabriqué en France.",,https://www.mifexpo.fr/exposants/lmv-la-mesange-verte-985478/?fromsalon=952944,,
Éthos,,,,,France,Stand Village de l'Artisanat - D21.133,,,https://www.mifexpo.fr/exposants/atelier-ethos-990299/?fromsalon=952944,,
