exhibitor_name,domain,contact_number,mail,location,country,fair_hall,fair_stand,detail_url,enrichment_source
(Rhöni) Litz Holding GmbH & Co. KG,rhoeni.de,+49171 7403114,a.litz@gmx.net,"Bäckergasse 6, 36169 Rasdorf",Germany,Halle 1,A.13,https://www.offerta.de/offerta-live/ausstellendenverzeichnis/?exhibitorId=46919814-b858-4957-a291-193acb40a0f1_de_DE&name=-rhoeni-litz-holding-gmbh-co-kg,curated_brand_domain
AMC Deutschland,amc.info,+49 6721 180 01,marketing@de.amc.info,"Mainzer Straße 312, 55411 Bingen",Germany,Halle 1,A.20,https://www.offerta.de/offerta-live/ausstellendenverzeichnis/?exhibitorId=751a96dd-b1c1-4e1f-9f08-6c06e31a41d4_de_DE&name=amc-deutschland,detail_api
Amoi Naturel,amoi-naturel.de,,amoi@amoi-naturel.de,"Mühlenstraße 53, 66706 Perl",Germany,Halle 3,N.21,https://www.offerta.de/offerta-live/ausstellendenverzeichnis/?exhibitorId=d2fb5f31-1c10-4cb8-b6e6-c65647069f5d_de_DE&name=amoi-naturel,detail_api
AfB gemeinnützige GmbH,afb-group.eu,+49 7243 20000 0,info@afb-group.eu,"Carl-Metz-Straße 4, 76275 Ettlingen",Germany,Halle 1,C.51,https://www.offerta.de/offerta-live/ausstellendenverzeichnis/?exhibitorId=3969a4e3-9b56-4d12-99a8-f301bd4e06cb_de_DE&name=afb-gemeinnuetzige-gmbh,detail_api
ADAC-Vertriebsagentur Novosel GmbH,novoselgmbh.de,+49 7157 812900 0,info@novoselgmbh.de,"Carl-Zeiss-Str. 5/1, 71093 Weil im Schönbuch",Germany,"dm-arena, Halle 1, Halle 3","X.20, F.41, Q.60",https://www.offerta.de/offerta-live/ausstellendenverzeichnis/?exhibitorId=451c4523-1151-47ac-a46b-00941acb38e6_de_DE&name=adac-vertriebsagentur-novosel-gmbh,detail_api
AFG Reinigungssyteme Mack&Radzuweit GmbH,afg-reinigungssysteme.de,4.9907E+12,s.radzuweit@afg-reinigungssysteme.de,"Gartenstraße 3a, 86609 Donauwörth",Germany,Halle 2,G.60,https://www.offerta.de/offerta-live/ausstellendenverzeichnis/?exhibitorId=481c5643-84c4-4d1a-8f06-af0631ded34b_de_DE&name=afg-reinigungssyteme-mack-radzuweit-gmbh,detail_api
Allwetterdach GmbH Gesell,allwetterdach-gesell.de,+49 7240 9286368,allwetterdach-gesell@web.de,"Wesebachstraße 31a, 76327 Pfinztal-Söllingen",Germany,Halle 2,G.49,https://www.offerta.de/offerta-live/ausstellendenverzeichnis/?exhibitorId=85bf7097-dc2f-4bdb-a1fd-253ff975c812_de_DE&name=allwetterdach-gmbh-gesell,detail_api
Alex Feinkost 015754760166,kreativmesse.online,,alex.sciascia@gmx.de,"Kollwitzweg 7, 66802 Überherrn",Germany,Halle 1,B.34,https://www.offerta.de/offerta-live/ausstellendenverzeichnis/?exhibitorId=dad9ebb1-5f3d-4e5b-a8e0-e95ec77297a6_de_DE&name=alex-feinkost-015754760166,serper_search
AIO GmbH,aio-ag.com,+49 931 452020,info@aio-ag.com,"Leibnizstraße 9, 97204 Höchberg",Germany,Halle 3,R.51,https://www.offerta.de/offerta-live/ausstellendenverzeichnis/?exhibitorId=1f644f63-70f8-46f5-9855-15d0603cfe59_de_DE&name=aio-gmbh,detail_api
ALBRECHT Metallbau GmbH,albrechtmetallbau.de,+49 7456 1543,info@albrechtmetallbau.de,"Altnuifraer Straße 34, 72221 Haiterbach",Germany,Halle 2,G.14,https://www.offerta.de/offerta-live/ausstellendenverzeichnis/?exhibitorId=a2c858b5-aae8-43de-b4d3-03f60160c47c_de_DE&name=albrecht-metallbau-gmbh,detail_api
ALPINA Sonnenschutz GmbH,alpina-sonnenschutz.de,+49 7553 8274254,info@blendfrei.com,"In Oberwiesen 2, 88682 Salem",Germany,Halle 2,G.15,https://www.offerta.de/offerta-live/ausstellendenverzeichnis/?exhibitorId=49073c0d-afc7-41c2-94c9-dfaa9a0a0bd0_de_DE&name=alpina-sonnenschutz-gmbh,detail_api
Alu-Kaupp,alukaupp.de,0744581044,d.kaupp@alukaupp.de,"Maybachstr. 3, 72285 Pfalzgrafenweiler",Germany,Halle 2,L.06,https://www.offerta.de/offerta-live/ausstellendenverzeichnis/?exhibitorId=89bfd7a7-9f64-4ee9-8e9d-03471bb11a8b_de_DE&name=alu-kaupp,corporate_email
Amore - Stefania Barbuto,mandelgebaeck.com,,barbuto11@googlemail.com,"Waldstr. 40, 79206 Breisach",Germany,Halle 1,D.19,https://www.offerta.de/offerta-live/ausstellendenverzeichnis/?exhibitorId=58a656ec-3dca-4d5f-8b02-d293b2069ff4_de_DE&name=amore-stefania-barbuto,detail_api
Ampli5  Hans Fischer,oberrhein-messe.de,4.91764E+12,hansfischer1900@aol.com,"Adlerstr 62, 73540 Heubach",Germany,Halle 3,M.29,https://www.offerta.de/offerta-live/ausstellendenverzeichnis/?exhibitorId=a01c7eeb-a94d-46b1-9595-23f3e6554310_de_DE&name=ampli5-hans-fischer,serper_search
Angelo Eichel,firmeneintrag.creditreform.de,+49 151 23567641,angelo-eichel@web.de,"Erwin-von-Steinbach-Weg 27a, 80937 München",Germany,Aktionshalle,H5,https://www.offerta.de/offerta-live/ausstellendenverzeichnis/?exhibitorId=db14f2bd-dca6-40ff-9f0d-a0f3734e700d_de_DE&name=angelo-eichel,serper_search
Anita Ametovic Einzelunternehmen,nandoskitchen.de,,info@nandoskitchen.de,"Kapellenweg 10, 85120 Hepberg",Germany,Halle 2,L.79,https://www.offerta.de/offerta-live/ausstellendenverzeichnis/?exhibitorId=7e55a55d-d397-48ac-9f89-129fdb39a1d5_de_DE&name=anita-ametovic-einzelunternehmen,detail_api
Anna Rossini,annarossini.de,+49 7181 9375120,salatsauce@annarossini.eu,"Lutherstraße 83, 73614 Schorndorf",Germany,Halle 1,D.38,https://www.offerta.de/offerta-live/ausstellendenverzeichnis/?exhibitorId=14cda13e-de27-47f3-af6b-822f2fba1cfb_de_DE&name=anna-rossini,detail_api
Antje Nicklas,antja-nicklas.de,4.91775E+11,leichthandeln@gmail.com,"Im Gitter 8, 69151 Neckargemünd",Germany,Halle 3,N.25,https://www.offerta.de/offerta-live/ausstellendenverzeichnis/?exhibitorId=2fbc5a4e-e338-4521-98a4-6894b0855abc_de_DE&name=antje-nicklas,detail_api
AOK Baden-Württemberg,aok.de,+49 711 6525-0,uwe.klein@bw.aok.de,"Presselstraße 19, 70191 Stuttgart",Germany,Halle 3,O.60,https://www.offerta.de/offerta-live/ausstellendenverzeichnis/?exhibitorId=932e9d56-7011-4f29-8286-cc3feb76845b_de_DE&name=aok-baden-wuerttemberg,detail_api
Arbeiter-Samariter-Bund Ba-Wü e.V. Region Karlsruhe,asb-ka.de,+49 721 4900 80,info@asb-ka.de,"Pforzheimer Straße 27a, 76227 Karlsruhe",Germany,Halle 2,i.49,https://www.offerta.de/offerta-live/ausstellendenverzeichnis/?exhibitorId=426d0d79-86a9-4bc6-9255-9a916a0bae44_de_DE&name=arbeiter-samariter-bund-ba-wue-e-v-region-karlsruhe,detail_api
ART CAFE Jolanta Duchnik,art-cafe.com.pl,(+48) 693 129119,event@art-cafe.eu,"Cepowa Straße 9, 91-202 Lodz",Poland,"Halle 2, Halle 3","i.41, O.78",https://www.offerta.de/offerta-live/ausstellendenverzeichnis/?exhibitorId=4a2af1f3-2376-4dbf-9fb3-9f6e60899c28_de_DE&name=art-cafe-jolanta-duchnik,detail_api
Artur`s Gourmet,arturs-gourmet.de,+49 172 9734203,info@arturs-gourmet.de,"Hauptstraße 34, 27616 Beverstedt",Germany,Halle 1,A.39,https://www.offerta.de/offerta-live/ausstellendenverzeichnis/?exhibitorId=700f3e03-0b77-4604-b1b3-eb2a24c21e9d_de_DE&name=artur`s-gourmet,detail_api
Asia wok,asia-wok-dang.metro.bar,,asiawokdonerbayrischer@gmail.com,"Kulmbach Straße 8, 95233 Helmbrechts",Germany,dm-arena,W.67,https://www.offerta.de/offerta-live/ausstellendenverzeichnis/?exhibitorId=917cd9d0-e609-41dc-942e-62597f0dd265_de_DE&name=asia-wok,serper_search
Autena Energy GmbH,autena.de,+49 721 98 618 777,info@autena.de,"Kaiserallee 95a, 76185 Karlsruhe",Germany,Halle 2,i.03,https://www.offerta.de/offerta-live/ausstellendenverzeichnis/?exhibitorId=29ca4354-f6c2-46b0-ac4e-2473c40fa27e_de_DE&name=autena-energy-gmbh,detail_api
Autohaus Brenk GmbH,autohaus-brenk.de,+49 721 94413 0,,"Im Husarenlager 1, 76187 Karlsruhe",Germany,Halle 2,"H.81, G.81",https://www.offerta.de/offerta-live/ausstellendenverzeichnis/?exhibitorId=0ad659f4-dda7-4861-9dfb-c5693bbb3c06_de_DE&name=autohaus-brenk-gmbh,detail_api
Autohaus Geisser GmbH Volvo Zentrum Karlsruhe,autohaus-geisser.de,,info@autohaus-geisser.de,"Sudetenstraße 75, 76187 Karlsruhe",Germany,Halle 2,"K.80, K.79",https://www.offerta.de/offerta-live/ausstellendenverzeichnis/?exhibitorId=286f747c-6e6e-489a-afee-c7a9818109be_de_DE&name=autohaus-geisser-gmbh-volvo-zentrum-karlsruhe,detail_api
Autohaus Schmider GmbH,autohaus-schmider.de,+49 721 943950,info@autohaus-schmider.de,"Ellmendinger Straße 2, 76227 Karlsruhe-Durlach",Germany,Halle 2,L.80,https://www.offerta.de/offerta-live/ausstellendenverzeichnis/?exhibitorId=b506c293-05a5-444b-9a59-b554744a14aa_de_DE&name=autohaus-schmider-gmbh,detail_api
Autohaus Streit GmbH,streit-autohaus.de,+49 721 79006 0,info@streit-autohaus.de,"Wattstraße 8, 76185 Karlsruhe",Germany,Halle 2,i.81,https://www.offerta.de/offerta-live/ausstellendenverzeichnis/?exhibitorId=22741b3f-545a-4eab-98a8-fc0307a35fad_de_DE&name=autohaus-streit-gmbh,detail_api
B&H Solutions GmbH 01775661674,pferdinternational.de,01775661674,romanpn33@gmail.com,"Mutter-Teresa-Str.63, 81829 München",Germany,Halle 3,M.39,https://www.offerta.de/offerta-live/ausstellendenverzeichnis/?exhibitorId=8ebe82ea-70d6-4135-9d6b-88c717351dd0_de_DE&name=b-h-solutions-gmbh-01775661674,serper_search
Badische Neueste Nachrichten Badendruck GmbH,bnn.de,+49 721 7890,marketing@bnn.de,"Linkenheimer Landstraße 133, 76149 Karlsruhe",Germany,Halle 1,F.20,https://www.offerta.de/offerta-live/ausstellendenverzeichnis/?exhibitorId=4d2ecba1-0a80-42f8-8799-d60b571dac3d_de_DE&name=badische-neueste-nachrichten-badendruck-gmbh,detail_api
Bachinger Schlafkultur  La Sieste Betten,siestabetten.com,+49 176 80285788,info@siestabetten.com,"Zwergerstraße 8 A, 85579 Neubiberg",Germany,Halle 3,R.04,https://www.offerta.de/offerta-live/ausstellendenverzeichnis/?exhibitorId=ddbbd98b-b7f5-4168-8958-8ebf5a64dea4_de_DE&name=bachinger-schlafkultur-la-sieste-betten,detail_api
BAKA Bundesverband Altbauerneuerung e.V.,bakaberlin.de,+49 30 484907855,info@bakaberlin.de,"Elisabethweg 10, 13187 Berlin",Germany,Halle 2,H.39,https://www.offerta.de/offerta-live/ausstellendenverzeichnis/?exhibitorId=267027e3-8f18-4894-909f-f9268855957b_de_DE&name=baka-bundesverband-altbauerneuerung-e-v-,detail_api
Badischer Tennisverband,badischertennisverband.de,+49 6224 9708 0,info@badischertennisverband.de,"Jahnstraße 4, 69181 Leimen",Germany,dm-arena,"Z.41, Z.40",https://www.offerta.de/offerta-live/ausstellendenverzeichnis/?exhibitorId=b0642ce2-b0c8-4a21-a2c4-a777b76f0af3_de_DE&name=badischer-tennisverband,corporate_email
Ballooning 2000 Baden-Baden GmbH,ballooning2000.de,+49 7223 60002,info@ballooning2000.de,"Dr. Rudolf-Eberle Straße 5, 76534 Baden-Baden",Germany,Halle 1,F.81,https://www.offerta.de/offerta-live/ausstellendenverzeichnis/?exhibitorId=d2e9a1dd-647c-40fb-9a32-de3f794b6531_de_DE&name=ballooning-2000-baden-baden-gmbh,detail_api
Barista Harry - Harrysta Coffee,baristaharry.de,,info@baristaharry.de,"Fremersbergweg 18, 76189 Karlsruhe",Germany,Halle 1,D.41,https://www.offerta.de/offerta-live/ausstellendenverzeichnis/?exhibitorId=ce730b12-c733-44f4-9fbe-5d4747a8843d_de_DE&name=barista-harry-harrysta-coffee,detail_api
Beauty Oase Permanent Make-Up,beautyoase-kuchen.de,,info@beautyoase-kuchen.de,"Neckarstraße 9, 73329 Kuchen",Germany,Halle 3,N.01,https://www.offerta.de/offerta-live/ausstellendenverzeichnis/?exhibitorId=70e0035f-d424-4c12-a7dd-79138cd35160_de_DE&name=beauty-oase-permanent-make-up,detail_api
BDH Bundesverband Rehabilitation BDH-Klinik Waldkirch,bdh-reha.de,4.91623E+11,info@bdh-reha.de,"Heitere Weg 10, 79183 Waldkirch",Germany,Halle 3,O.52,https://www.offerta.de/offerta-live/ausstellendenverzeichnis/?exhibitorId=d8353cb0-dad0-448f-9a2b-8d60c38fcca3_de_DE&name=bdh-bundesverband-rehabilitation-bdh-klinik-waldkirch,detail_api
Bella Sicilia Krzysztof Gizelski,,(+48) 692015248,bella.sicilia@hotmail.com,"ul. J. Kochanowskiego 2c, 05-091 Zabki",Poland,Halle 1,A.11,https://www.offerta.de/offerta-live/ausstellendenverzeichnis/?exhibitorId=6e2fb694-67ae-4ea0-a295-2d7141e677ab_de_DE&name=bella-sicilia-krzysztof-gizelski,detail_api
BERNHARD Einrichtungen GmbH,bernhard.de,+49 6203 8981 0,info@bernhard.de,"Gerberstraße 18, 68535 Edingen-Neckarhausen",Germany,Halle 3,R.01,https://www.offerta.de/offerta-live/ausstellendenverzeichnis/?exhibitorId=f90dedc9-2c2f-4091-8926-b04ba9273b32_de_DE&name=bernhard-einrichtungen-gmbh,detail_api
Bernhard Wiedemer e.K. Meerrettich- und Senfspezialitäten,meerrettich-versand.de,+49 7805 2051,meerrettich-versand@freenet.de,"Waldstraße 59, 77767 Appenweier",Germany,Halle 1,D.31,https://www.offerta.de/offerta-live/ausstellendenverzeichnis/?exhibitorId=2f09d137-a87c-48e1-8b00-24ebc6a64870_de_DE&name=bernhard-wiedemer-e-k-meerrettich-und-senfspezialitaeten,detail_api
BGV-Versicherung AG,bgv.de,+49 721 660 0,service@bgv.de,"Durlacher Allee 56, 76131 Karlsruhe",Germany,Halle 3,Entspannungscaf,https://www.offerta.de/offerta-live/ausstellendenverzeichnis/?exhibitorId=fe479d1d-16a7-4174-95cf-92bc7404acfa_de_DE&name=bgv-versicherung-ag,detail_api
blut.eV,blutev.de,+49 7244 60830,info@blutev.de,"Wilzerstraße 19, 76356 Weingarten",Germany,Halle 3,N.49,https://www.offerta.de/offerta-live/ausstellendenverzeichnis/?exhibitorId=02c4e78e-e240-43b4-92a4-9f65824a4fbd_de_DE&name=blut-ev,detail_api
Bibelstand Karlsruhe,yumpu.com,+49 721 95763826,kuhs-palmbach@web.de,"Ob den Gärten 6, 76228 Karlsruhe",Germany,dm-arena,S.01,https://www.offerta.de/offerta-live/ausstellendenverzeichnis/?exhibitorId=f13b28b4-f207-4016-9391-eb0151e4de13_de_DE&name=bibelstand-karlsruhe,serper_search
BS-Spindler,bs-spindler.de,,info@bs-spindler.de,"Hilgenboomstraße 13a, 45894 Gelsenkirchen",Germany,Halle 2,K.49,https://www.offerta.de/offerta-live/ausstellendenverzeichnis/?exhibitorId=3116ab7c-8ec0-410a-bcf4-b70c85324c86_de_DE&name=bs-spindler,detail_api
BSH Hausgeräte GmbH Bosch Cookit,cookit.de,+49 151 64966624,sandra.thiemer@bshg.com,"Carl-Wery-Str. 34, 81739 München",Germany,Halle 1,A.34,https://www.offerta.de/offerta-live/ausstellendenverzeichnis/?exhibitorId=79dd471f-bc71-47c9-89e0-de3714e1300a_de_DE&name=bsh-hausgeraete-gmbh-bosch-cookit,detail_api
Bundesinstitut für öffentliche Gesundheit (BIÖG),organspende-info.de,+49 221 8992 0,poststelle@bioeg.de,"Maarweg 149-161, 50825 Köln",Germany,Aktionshalle,AH16,https://www.offerta.de/offerta-live/ausstellendenverzeichnis/?exhibitorId=4b40f73a-674a-4b6b-97f2-507f4362f073_de_DE&name=bundesinstitut-fuer-oeffentliche-gesundheit-bioeg-,detail_api
BWT Wassertechnik GmbH,bwt.de,+49 6203 73 0,bwt@bwt.de,"Industriestr. 7, 69198 Schriesheim",Germany,Halle 2,L.15,https://www.offerta.de/offerta-live/ausstellendenverzeichnis/?exhibitorId=40f44c17-b450-4bf9-9d86-9e61dbdb4b2f_de_DE&name=bwt-wassertechnik-gmbh,detail_api
BYstylez,by-onlineshop.de,+49 176 66066415,fashion@bystylez.com,"Waldstraße 8, 76359 Marxzell",Germany,Halle 3,N.39,https://www.offerta.de/offerta-live/ausstellendenverzeichnis/?exhibitorId=890acfc6-0261-4058-88f1-d263006a06dd_de_DE&name=bystylez,detail_api
Büdenbender Hausbau GmbH,buedenbender-hausbau.de,+49 2737 9854 0,info@buedenbender-hausbau.de,"Vorm Eichhölzchen 8-10, 57250 Netphen",Germany,Halle 2,i.02,https://www.offerta.de/offerta-live/ausstellendenverzeichnis/?exhibitorId=8160c6d5-c04a-4f4d-ad38-8bf6113646bd_de_DE&name=buedenbender-hausbau-gmbh,detail_api
Caroline Traber,gossweiler.com,,lulus.snackpoint@gmail.com,"Kapellenstraße 28, 52538 Selfkant",Germany,Aktionshalle,H7,https://www.offerta.de/offerta-live/ausstellendenverzeichnis/?exhibitorId=bc522286-c9e2-4035-8727-bb6dbb65d8a7_de_DE&name=caroline-traber,serper_search
Büffel Bill Deutschland GmbH,bueffelbill.com,+49 7531 9219449,info@bueffelbill.com,"August-Borsig-Str. 11, 78467 Konstanz",Germany,Halle 1,D.29,https://www.offerta.de/offerta-live/ausstellendenverzeichnis/?exhibitorId=dd5e012c-aedd-4031-83f3-889ab79c635d_de_DE&name=bueffel-bill-deutschland-gmbh,detail_api
Cheat & Eat e.K.,cheatandeat.de,,kontakt@cheatandeat.de,"Greefsallee 52 A, 41747 Viersen",Germany,dm-arena,W.58,https://www.offerta.de/offerta-live/ausstellendenverzeichnis/?exhibitorId=723735bf-421b-4c6c-86b3-65aec0ae0fea_de_DE&name=cheat-eat-e-k-,detail_api
Casada Deutschland GmbH,casada.de,+49 5254 9312490,info@casada.de,"Obermeiers Feld 3, 33104 Paderborn",Germany,Halle 3,"N.48, M.59",https://www.offerta.de/offerta-live/ausstellendenverzeichnis/?exhibitorId=5de2baa1-fbe0-4198-af3c-e2c54b20ef7f_de_DE&name=casada-deutschland-gmbh,detail_api
COCO GmbH,cocoblacklabel.de,+49 1722188727,cocotrend@gmx.de,"Sachsstraße 28, 50259 Pulheim",Germany,Halle 3,M.30,https://www.offerta.de/offerta-live/ausstellendenverzeichnis/?exhibitorId=98b5ef65-168c-4773-abdc-b1397c63e2a3_de_DE&name=coco-gmbh,detail_api
CMF-Produkte Keller Inh. Michael Keller,goufrais.com,+49 7621 550260,info@goufrais.com,"Eimeldinger Weg 38, 79576 Weil am Rhein",Germany,Halle 1,D.03,https://www.offerta.de/offerta-live/ausstellendenverzeichnis/?exhibitorId=b561a070-9e57-4560-8b37-7a149b57ed36_de_DE&name=cmf-produkte-keller-inh-michael-keller,detail_api
Coskun GmbH,coskun-bau.de,+49 174 1687852,info@coskun-bau.de,"Hauptstraße 2, 76779 Scheibenhardt",Germany,Halle 2,K.55,https://www.offerta.de/offerta-live/ausstellendenverzeichnis/?exhibitorId=e609c43a-d43a-44b9-92a0-156b5ea6432e_de_DE&name=coskun-gmbh,detail_api
DachFassadeStein – Sanierungsbau,dachfassadestein.de,,dfssanierungsbau@web.de,"Schwarzenbergstraße 4, 55252 Mainz-Kastel",Germany,Halle 2,H.28,https://www.offerta.de/offerta-live/ausstellendenverzeichnis/?exhibitorId=daa090b9-e776-4995-a5ae-45393c467028_de_DE&name=dachfassadestein-–-sanierungsbau,detail_api
Dachcolor UG (haftungsbeschränkt),dachcolor.de,+49 7240 6151856,dachcolor@web.de,"Wesostraße 80, 76327 Pfinztal",Germany,Halle 2,L.58,https://www.offerta.de/offerta-live/ausstellendenverzeichnis/?exhibitorId=1a44999d-4c57-4452-818d-8bbd5510c65a_de_DE&name=dachcolor-ug-haftungsbeschraenkt-,detail_api
DasKüchenLand am Rhein,daskuechenland.de,+49 78517021,s.gerenstein@daskuechenland.de,"Boschstraße 4a, 77694 Kehl-Sundheim",Germany,Halle 3,N.50,https://www.offerta.de/offerta-live/ausstellendenverzeichnis/?exhibitorId=fd01e027-cb00-4a55-9bfc-b0d6d1f709e2_de_DE&name=daskuechenland-am-rhein,detail_api
Deutsche Bundesbank Filiale Karlsruhe,bundesbank.de,+49 721 16007 0,filiale-karlsruhe@bundesbank.de,"Südendstraße 46, 76135 Karlsruhe",Germany,Halle 2,K.30,https://www.offerta.de/offerta-live/ausstellendenverzeichnis/?exhibitorId=7cad3318-11d5-4b11-aa6a-94cbd0009dbc_de_DE&name=deutsche-bundesbank-filiale-karlsruhe,corporate_email
Deveci Levent,,,deveci.emine@web.de,"Kleine Feldstr.1, 65795 Hattersheim",Germany,Aktionshalle,H2,https://www.offerta.de/offerta-live/ausstellendenverzeichnis/?exhibitorId=599b2eba-bfad-4aa9-8924-f38c53d1ec74_de_DE&name=deveci-levent,detail_api
Deutsches Rotes Kreuz Kreisverband Karlsruhe e.V.,drk-karlsruhe.de,+49 7251 922 189,info@drk-karlsruhe.de,"Kriegsstraße 45, 76133 Karlsruhe",Germany,Halle 2,i.58,https://www.offerta.de/offerta-live/ausstellendenverzeichnis/?exhibitorId=85e61d46-9601-467e-9e97-aa73f9176249_de_DE&name=deutsches-rotes-kreuz-kreisverband-karlsruhe-e-v-,detail_api
Die weisse Bluse,meine-infa.de,+49 163 2844234,dieweissebluse@yahoo.de,"Eichendorffstraße 18, 49716 Meppen",Germany,Halle 3,M.38,https://www.offerta.de/offerta-live/ausstellendenverzeichnis/?exhibitorId=01b7336e-b47c-454c-af0e-d7f2e2ced625_de_DE&name=die-weisse-bluse,serper_search
DIE HOLZMEISTER Patrick Vester GmbH,vester-holzmeister.de,+49 7082 2270,mail@vester-holzmeister.de,"Talweg 12, 75334 Straubenhardt",Germany,Halle 2,i.01,https://www.offerta.de/offerta-live/ausstellendenverzeichnis/?exhibitorId=7f474996-832c-474c-9e99-89ac31fb7b2a_de_DE&name=die-holzmeister-patrick-vester-gmbh,detail_api
cooklife e.K.,cooklife.de,+49 7433 14090 50,info@cooklife.de,"Max-Planck-Straße 4, 72336 Balingen",Germany,Halle 1,B.18,https://www.offerta.de/offerta-live/ausstellendenverzeichnis/?exhibitorId=d2c67b2a-27c4-4cba-b2de-5075e07b4869_de_DE&name=cooklife-e-k-,detail_api
dieOhrringe.com Timo Kurz,dieohrringe.com,,timo.kurz@hotmail.de,"Oberer Rosberg 35, 71334 Waiblingen",Germany,Halle 3,M.28,https://www.offerta.de/offerta-live/ausstellendenverzeichnis/?exhibitorId=47212751-e0c8-4eb2-8d52-472807a47343_de_DE&name=dieohrringe-com-timo-kurz,detail_api
Donnerberg,donnerberg.net,089215400980,info@donnerberg.net,"Von Werthern Strasse 4a, 96487 Dörfles-Esbach",Germany,Halle 1,C.38,https://www.offerta.de/offerta-live/ausstellendenverzeichnis/?exhibitorId=90d84c4a-9caa-4a4d-89f3-8ec5ba5fabd2_de_DE&name=donnerberg,detail_api
drehpunkt GmbH,kreativ-freiburg.de,,info@kreativ-freiburg.de,"Breisgauer Str. 66k, 79110 Freiburg",Germany,Aktionshalle,AH99,https://www.offerta.de/offerta-live/ausstellendenverzeichnis/?exhibitorId=37a47615-c255-4294-a9f0-2a0aa0324897_de_DE&name=drehpunkt-gmbh,corporate_email
DS Schmuck Inh. Daniel Steinbach,gmail.com,+49 761 29083702,daniel.steinbach999@gmail.com,"Auggenerweg 65, 79114 Freiburg",Germany,Halle 1,F.58,https://www.offerta.de/offerta-live/ausstellendenverzeichnis/?exhibitorId=235de96e-3f92-4e28-b187-bf0e6cd63fe3_de_DE&name=ds-schmuck-inh-daniel-steinbach,detail_api
Duschfritze GmbH,duschfritze.com,+49 70452041392,mail@duschfritze.com,"An der Hessel 9, 75038 Oberderdingen",Germany,Halle 2,H.29,https://www.offerta.de/offerta-live/ausstellendenverzeichnis/?exhibitorId=f7f832ac-c8e5-4874-ba29-ed6835cca343_de_DE&name=duschfritze-gmbh,detail_api
E. Maria Gerhardt Wein & Sekt GmbH,gerhardtwein.de,+49 6734 9200 0,info@gerhardtwein.de,"Hindenburgring 4, 55237 Bornheim",Germany,Halle 1,A.41,https://www.offerta.de/offerta-live/ausstellendenverzeichnis/?exhibitorId=b19e62d7-60e1-4134-90b6-c3c59adbb9d3_de_DE&name=e-maria-gerhardt-wein-sekt-gmbh,detail_api
Dürr Massivhaus GmbH,duerr-massivhaus.de,+49 721 96140510,info@duerr-massivhaus.de,"Industriestraße 16, 76344 Eggenstein-Leopoldshafen",Germany,Halle 2,K.38,https://www.offerta.de/offerta-live/ausstellendenverzeichnis/?exhibitorId=8ef15762-bc4b-4b9c-bbe8-64a4a6b6ee3e_de_DE&name=duerr-massivhaus-gmbh,detail_api
Eberhardt Travel GmbH,eberhardt-travel.de,+49 7231 38020,pforzheim@eberhardt-travel.de,"Bahnhofstr. 6, 75172 Pforzheim",Germany,Aktionshalle,AH16,https://www.offerta.de/offerta-live/ausstellendenverzeichnis/?exhibitorId=f2b44010-2bf5-4d9a-bc11-8a52e13244a4_de_DE&name=eberhardt-travel-gmbh,detail_api
EAW - Erich Adam  Warenhandelsges. mbH,eaw-handel.de,41713938118,info@eaw-handel.de,"Sonnenstrasse 9A, 87629 Füssen",Germany,Halle 1,A.78,https://www.offerta.de/offerta-live/ausstellendenverzeichnis/?exhibitorId=43a5cc41-559d-420a-8653-bb7261581c85_de_DE&name=eaw-erich-adam-warenhandelsges-mbh,detail_api
Eckstein Wasserenthärter GmbH,eckstein-wasserenthaerter.de,0623337700,info@eckstein-wasser.de,"Robert Bosch Straße, 67227 Frankenthal",Germany,Halle 2,G.39,https://www.offerta.de/offerta-live/ausstellendenverzeichnis/?exhibitorId=57d065fa-7bef-4036-a945-69ab2f94dfd7_de_DE&name=eckstein-wasserenthaerter-gmbh,detail_api
Ehrenmanns GmbH,kultsnack.com,+49 7181 2698870,info@ehrenmanns.com,"Kapuzinerweg 10, 70374 Stuttgart",Germany,Halle 1,A.24,https://www.offerta.de/offerta-live/ausstellendenverzeichnis/?exhibitorId=99e0e31b-6907-4f2e-834f-de837aa0ef6c_de_DE&name=ehrenmanns-gmbh,detail_api
elemente Marcus Schwarzlmüller,ms-elemente.de,+49 711 5407 7611,info@ms-elemente.de,"Pfarrstraße 3, 73773 Aichwald",Germany,Halle 3,O.40,https://www.offerta.de/offerta-live/ausstellendenverzeichnis/?exhibitorId=bb65f763-52f6-43c5-9564-91ac6ba550b1_de_DE&name=elemente-marcus-schwarzlmueller,detail_api
EnBW Energie Baden-Württemberg AG,enbw.com,+49 721 63 00,kontakt@enbw.com,"Durlacher Allee 93, 76131 Karlsruhe",Germany,Halle 2,L.03,https://www.offerta.de/offerta-live/ausstellendenverzeichnis/?exhibitorId=362996a5-9e14-4327-8462-2f4235e209e0_de_DE&name=enbw-energie-baden-wuerttemberg-ag,detail_api
Energieagentur Mittelbaden gGmbH,energieagentur-mittelbaden.info,+49 7222 3813121,kontakt@energieagentur-mittelbaden.info,"Am Schlossplatz 5, 76437 Rastatt",Germany,Halle 2,i.78,https://www.offerta.de/offerta-live/ausstellendenverzeichnis/?exhibitorId=efac1f79-dfe0-4bf4-ad9f-79cd4bbd359f_de_DE&name=energieagentur-mittelbaden-ggmbh,detail_api
Erdmann Bodensysteme GmbH,festwoche.com,4.91705E+11,kurterdmann@gmx.de,"Weiherstraße 9, 88487 Mietingen",Germany,Halle 2,H.19,https://www.offerta.de/offerta-live/ausstellendenverzeichnis/?exhibitorId=665c6607-7e95-491a-83e1-3839d95afe8f_de_DE&name=erdmann-bodensysteme-gmbh,serper_search
Energiekonzepte Deutschland GmbH,ekd-solar.de,+49 342 98 98 990,info@ekd-solar.de,"Torgauer Str. 336, 04347 Leipzig",Germany,Halle 2,H.70,https://www.offerta.de/offerta-live/ausstellendenverzeichnis/?exhibitorId=f77bfc39-e695-4cd7-a452-9f34349de568_de_DE&name=energiekonzepte-deutschland-gmbh,detail_api
Enpal B.V.,enpal.de,4.91624E+11,m.kahloon@pmt-agency.de,"Bödikerstraße 25, 10245 Berlin",Germany,Halle 2,L.70,https://www.offerta.de/offerta-live/ausstellendenverzeichnis/?exhibitorId=80699007-10ea-4350-984e-9d493d842b2d_de_DE&name=enpal-b-v-,detail_api
Ernst,ernst-ankauf.de,,cesarernst@icloud.com,"Joseph-Oertgen-Weg 60, 45327 Essen",Germany,Halle 1,A.85,https://www.offerta.de/offerta-live/ausstellendenverzeichnis/?exhibitorId=aaf4d68d-1cdd-44f4-bdb0-dd54d6731c0f_de_DE&name=ernst,detail_api
EUROPELLE di Tintoretti Tullio,virgilio.it,(+39) 3 473923174,europelle@virgilio.it,"Via Vallesina 82, 30028 Bibione",Italy,Halle 1,"A.58, A.80",https://www.offerta.de/offerta-live/ausstellendenverzeichnis/?exhibitorId=9a1fcb06-3da4-46b4-95e3-edadec962493_de_DE&name=europelle-di-tintoretti-tullio,corporate_email
Esposito Gennaro,paginebianche.it,,expogennaro24@gmail.com,"Via Vittorio Veneto, 33018 Tarvisio",Italy,Halle 3,M.02,https://www.offerta.de/offerta-live/ausstellendenverzeichnis/?exhibitorId=049ac69f-d7c8-46c4-977a-89f51f6b4624_de_DE&name=esposito-gennaro,serper_search
EWP Wellness GmbH,engelwellness.de,+49 6051 53843 0,info@engelwellness.de,"Im Steinigen Graben 30, 63571 Gelnhausen",Germany,Halle 2,G.68,https://www.offerta.de/offerta-live/ausstellendenverzeichnis/?exhibitorId=a7905162-faf0-48ed-b442-96e133e56eb5_de_DE&name=ewp-wellness-gmbh,detail_api
f5event,f5event.de,,mail@f5event.de,"Alter Schlachthof 39, 76131 Karlsruhe",Germany,dm-arena,W.79,https://www.offerta.de/offerta-live/ausstellendenverzeichnis/?exhibitorId=f6914bcd-f402-40e3-9ff6-6cb202e5e28c_de_DE&name=f5event,detail_api
expert Oehler GmbH,expert-oehler.de,+49 781 968 63 0,info@oehler.expert.de,"Bohlsbacher Str. 2, 77652 Offenburg",Germany,Halle 1,B.20,https://www.offerta.de/offerta-live/ausstellendenverzeichnis/?exhibitorId=8eacf9fb-096a-4c49-b93e-b21e8b35ca80_de_DE&name=expert-oehler-gmbh,detail_api
Fa. Westrich Verfugungstechnik,impraeg.de,,westrich90@gmx.net,"Waldstraße 10, 76532 Baden-Baden",Germany,Halle 2,G.79,https://www.offerta.de/offerta-live/ausstellendenverzeichnis/?exhibitorId=9e5dfb0c-79d2-4fbe-8187-30352248eac9_de_DE&name=fa-westrich-verfugungstechnik,detail_api
Firma Janko Rawiel,rawiel.com,+49 34299 793299,info@rawiel.com,"Hauptstraße 5, 04564 Großdeuben",Germany,dm-arena,W.85,https://www.offerta.de/offerta-live/ausstellendenverzeichnis/?exhibitorId=57cb30bd-49d2-452f-9cdc-7b7ff1c6126c_de_DE&name=firma-janko-rawiel,detail_api
Falto,sanaform-falto.de,+49 9524 30 00 50,info@sanaform-falto.de,"Herrenwörth 2, 97522 Sand am Main",Germany,Halle 3,O.18,https://www.offerta.de/offerta-live/ausstellendenverzeichnis/?exhibitorId=f3eacb8d-4a44-4f01-940c-de208db31bc5_de_DE&name=falto,detail_api
Fahrenkamp Spezialitäten,fahrenkamp.de,+49 731 65371,info@fahrenkamp.de,"Walfischgasse 10, 89073 Ulm",Germany,Halle 1,B.38,https://www.offerta.de/offerta-live/ausstellendenverzeichnis/?exhibitorId=bda14536-8cd3-4895-9d29-99d4b0219b1e_de_DE&name=fahrenkamp-spezialitaeten,detail_api
Firma Handelsvertretung Progano,gmail.com,4.91727E+11,g.progano@gmail.com,"Ruster Straße 6, 77975 Ringsheim",Germany,Halle 1,C.21,https://www.offerta.de/offerta-live/ausstellendenverzeichnis/?exhibitorId=c97fd043-cf67-440e-8964-d4d717fa517b_de_DE&name=firma-handelsvertretung-progano,detail_api
Flamero GmbH,flamero.de,+49 7424 502594,info@flamero.de,"Hans-Kraut-Straße 4, 78549 Spaichingen",Germany,dm-arena,S.18,https://www.offerta.de/offerta-live/ausstellendenverzeichnis/?exhibitorId=49a95108-beff-42f2-a557-8cad7287c531_de_DE&name=flamero-gmbh,detail_api
Florino Rescue-Trade GmbH,florino-online.de,+49 89 89356430,info@florino-online.de,"Grubmühlerfeldstraße 14, 82131 Gauting",Germany,Halle 2,i.21,https://www.offerta.de/offerta-live/ausstellendenverzeichnis/?exhibitorId=74a728d8-ebfa-46ec-8cde-287ea65ae281_de_DE&name=florino-rescue-trade-gmbh,detail_api
Fortuna-Glaslamellendach GmbH,profi-lamellendach.de,+49 2904 713990,info@fortuna-lamellendach.de,"Wiemecker Feld 3, 59909 Bestwig",Germany,Halle 2,G.59,https://www.offerta.de/offerta-live/ausstellendenverzeichnis/?exhibitorId=f6a3a029-700e-4b5f-94c2-715ec7b096a9_de_DE&name=fortuna-glaslamellendach-gmbh,detail_api
Frankentore & Türen,frankentore-türen.de,+49 7131 644 2828,info@frankentore.de,"Speyerer Straße 25, 74078 Heilbronn-Frankenbach",Germany,Halle 2,i.71,https://www.offerta.de/offerta-live/ausstellendenverzeichnis/?exhibitorId=1fd674f9-1623-4f92-9c78-8d6dfacc373d_de_DE&name=frankentore-tueren,detail_api
Franz Goetjes Spezialitäten aus dem Schwarzwald,goetjes.com,+49 7422 23345,fgoetjes@t-online.de,"Imbrand 1, 78730 Lauterbach",Germany,Halle 1,F.19,https://www.offerta.de/offerta-live/ausstellendenverzeichnis/?exhibitorId=de0890c5-c06c-485e-a9ff-27c09a13bac6_de_DE&name=franz-goetjes-spezialitaeten-aus-dem-schwarzwald,detail_api
Frammelsberger R. GmbH,frammelsberger-holzhaus.de,+49 7802 92770,info@frammelsberger.de,"Esperantostraße 15, 77704 Oberkirch",Germany,Halle 2,G.20,https://www.offerta.de/offerta-live/ausstellendenverzeichnis/?exhibitorId=ad76ed0f-3b43-4f2a-aca2-e73684e44fb2_de_DE&name=frammelsberger-r-gmbh,detail_api
Freundeskreis für Suchtkrankenhilfe Landesverband Baden e.V.,freundeskreise-sucht-baden.de,+49 721 3528539,freundeskreise-baden@gmx.de,"Adlerstraße 31, 76133 Karlsruhe",Germany,Halle 3,N.76,https://www.offerta.de/offerta-live/ausstellendenverzeichnis/?exhibitorId=d46cf9af-73cc-45c1-b2ec-ad893b086890_de_DE&name=freundeskreis-fuer-suchtkrankenhilfe-landesverband-baden-e-v-,detail_api
G. 26 GALLERY di Basilico Anna,haus-garten-freizeit.de,(+39) 3458297570,basilico.anna75@gmail.com,"Via Roma N 61, 33053 Latisana Ud",Italy,Halle 3,N.14,https://www.offerta.de/offerta-live/ausstellendenverzeichnis/?exhibitorId=2448321d-a856-4486-adb1-3c63f0dbf7ac_de_DE&name=g-26-gallery-di-basilico-anna,serper_search
Frick Polstermöbel GmbH,walter-frick.de,+49 7466 1311,Walter-Frick@t-online.de,"Fidel-Frick-Straße 5, 88637 Leibertingen",Germany,Halle 3,O.06,https://www.offerta.de/offerta-live/ausstellendenverzeichnis/?exhibitorId=a137edcd-f1dd-408a-8689-0ab61c481add_de_DE&name=frick-polstermoebel-gmbh,detail_api
Fächer Fritten,faecherfritten.de,,info@faecherfritten.de,"Hirschstraße 46, 76133 Karlsruhe",Germany,"Aktionshalle, dm-arena","H6, S.60",https://www.offerta.de/offerta-live/ausstellendenverzeichnis/?exhibitorId=fa83132c-8961-4f0d-b1ac-1c93b91262aa_de_DE&name=faecher-fritten,detail_api
Galerie Leder Design SA Lederland,lederland.info,,verkauf.sanktvith@lederland.info,"Luxemburgerstrasse 81, 4780 St. Vith",Belgium,Halle 3,R.38,https://www.offerta.de/offerta-live/ausstellendenverzeichnis/?exhibitorId=9ad2a630-c09f-49ba-a3ea-ab60bc4814a6_de_DE&name=galerie-leder-design-sa-lederland,detail_api
Fritz Insektenschutz,fritz-insektenschutz.de,4.97259E+12,info@fritz-insektenschutz.de,"Häldeweg 62/1, 75038 Oberderdingen-Flehingen",Germany,Halle 2,H.21,https://www.offerta.de/offerta-live/ausstellendenverzeichnis/?exhibitorId=ac32948a-6f42-4c93-a31c-a93a4ad90e37_de_DE&name=fritz-insektenschutz,detail_api
GENA Massivholz Manufaktur,gena-design.de,4.91512E+12,info@gena-design.de,"Schottenhöfen 13, 77787 Nordrach",Germany,Halle 3,R.21,https://www.offerta.de/offerta-live/ausstellendenverzeichnis/?exhibitorId=ce13e90a-11d8-4f75-86e3-ddd747e3005d_de_DE&name=gena-massivholz-manufaktur,detail_api
Genossenschaft Badischer Friedhofsgärtner eG,dauergrabpflege-baden.de,+49 721 94487 0,service@dauergrabpflege-baden.de,"Alte Karlsruher Straße 8, 76227 Karlsruhe",Germany,Aktionshalle,AH07,https://www.offerta.de/offerta-live/ausstellendenverzeichnis/?exhibitorId=deab8052-c9a6-4e15-be63-c0ccadc18602_de_DE&name=genossenschaft-badischer-friedhofsgaertner-eg,detail_api
Germany Delicatessen,germanydelicatessen.nl,(+31) 548858755,germanydelicatessen@ziggo.nl,"Bote van der Walstraat 1, 7441 DX Nijverdal",Netherlands,Halle 1,D.15,https://www.offerta.de/offerta-live/ausstellendenverzeichnis/?exhibitorId=20bde50c-4907-4338-aa1a-84b5103b7bec_de_DE&name=germany-delicatessen,detail_api
GenussGönner - Vanessa Jeromin,,+49 1731656951,genussgoenner@gmail.com,"Schlesische Straße 1 i, 82538 Geretsried",Germany,dm-arena,W.75,https://www.offerta.de/offerta-live/ausstellendenverzeichnis/?exhibitorId=b13c6246-7cf2-4fa6-a3e5-957f8b4f4573_de_DE&name=genussgoenner-vanessa-jeromin,detail_api
GEWA Balkonsysteme GmbH,gewa-balkone.de,+49 7484 92903 0,jw@gewa-balkone.de,"Poststraße 5, 72226 Simmersfeld",Germany,Halle 2,G.38,https://www.offerta.de/offerta-live/ausstellendenverzeichnis/?exhibitorId=8a979a71-d2d4-4667-ae21-8fea05459413_de_DE&name=gewa-balkonsysteme-gmbh,detail_api
Gisela Gewürze Inhaber Markus Hensel e.K.,sau-gudd.de,015127080675,info@sau-gudd.de,"Dallgarten 8, 69121 Heidelberg",Germany,Halle 1,A.59,https://www.offerta.de/offerta-live/ausstellendenverzeichnis/?exhibitorId=2d0d1111-37c0-4c2b-a078-338d25bfd941_de_DE&name=gisela-gewuerze-inhaber-markus-hensel-e-k-,detail_api
Gold & Antik Ankauf,infobel.com,4.91762E+12,,"Uffhauser Str.8, 79115 Freiburg",Germany,Halle 1,C.30,https://www.offerta.de/offerta-live/ausstellendenverzeichnis/?exhibitorId=11983b2f-58e9-45db-9d99-ba4a8ad2cf8c_de_DE&name=gold-antik-ankauf,serper_search
GLOCK Terrassenüberdachungen,glock-ueberdachung.de,+49 7229 696 973 3,info@glock-ueberdachung.de,"Am Forlenspitzen 15, 76473 Iffezheim",Germany,Halle 2,i.31,https://www.offerta.de/offerta-live/ausstellendenverzeichnis/?exhibitorId=3d4fb477-af92-4be9-b44d-4441aedd0a58_de_DE&name=glock-terrassenueberdachungen,detail_api
Golden Hair (EU) Ltd,golden-curl.com,(+44) 2080904442,,"103 High Street, EN8 7AN Waltham Cross",United Kingdom,Halle 1,F.61,https://www.offerta.de/offerta-live/ausstellendenverzeichnis/?exhibitorId=eb2cdf0e-1a2a-416a-8e63-21e23e499675_de_DE&name=golden-hair-eu-ltd,detail_api
Graf von Rüdesheim GmbH,grafvonruedesheim.de,06704-2011704,kontakt@grafvonruedesheim.de,"An den Nahewiesen 8, 55450 Langenlonsheim",Germany,Halle 1,A.90,https://www.offerta.de/offerta-live/ausstellendenverzeichnis/?exhibitorId=a26e0d27-b63e-4ee5-a1a7-e4d6cc98b648_de_DE&name=graf-von-ruedesheim-gmbh,detail_api
GROSSEVENTS - Sebastian Gross,grossevents.de,+49 176 84872847,info@grossevents.de,"Krummenackerstrasse 150, 73733 Esslingen",Germany,dm-arena,S.50,https://www.offerta.de/offerta-live/ausstellendenverzeichnis/?exhibitorId=c8122716-4303-406b-8bc1-1beb1ee7c8c0_de_DE&name=grossevents-sebastian-gross,detail_api
Haasbausanierung,haas-bausanierung.de,4.91713E+12,info@haas-bausanierung.de,"Am langen Rech 41, 67547 Worms",Germany,Halle 2,H.01,https://www.offerta.de/offerta-live/ausstellendenverzeichnis/?exhibitorId=9059f42d-9015-4271-b1d0-6d835d7d110b_de_DE&name=haasbausanierung,detail_api
H.M.Pallhuber GmbH & Co.KG,pallhuber.de,06704-2011268,weinkeller@pallhuber.de,"An den Nahewiesen 8, 55450 Langenlonsheim",Germany,Halle 1,A.18,https://www.offerta.de/offerta-live/ausstellendenverzeichnis/?exhibitorId=f80eb4ab-959f-442e-915b-32feac182903_de_DE&name=h-m-pallhuber-gmbh-co-kg,detail_api
Handels- und Messevertrieb Tetzlaff,hmv-tetzlaff.de,+49 7161 989567,hmv-tetzlaff@gmx.de,"Max-Herz-Straße 12, 73035 Göppingen",Germany,"Halle 3, Halle 1","M.61, B.44",https://www.offerta.de/offerta-live/ausstellendenverzeichnis/?exhibitorId=7c247a37-1305-4529-ad64-b6be88fa569e_de_DE&name=handels-und-messevertrieb-tetzlaff,detail_api
Happy Fun World,happyfunworld.de,,gkaselowsky@yahoo.de,"Fischhof 1, 74638 Waldenburg",Germany,dm-arena,S.90,https://www.offerta.de/offerta-live/ausstellendenverzeichnis/?exhibitorId=aa9a442f-6de5-41d1-87e9-7240cfc7e601_de_DE&name=happy-fun-world,detail_api
HAR - MONI Harald Wollmann,har-moni-shop.de,+49 1520 4698415,har-moni@online.de,"Rheinstraße 61A, 76532 Baden-Baden",Germany,Halle 1,B.39,https://www.offerta.de/offerta-live/ausstellendenverzeichnis/?exhibitorId=2bce1c3f-2ecc-4e78-bb92-b44d7bca59d2_de_DE&name=har-moni-harald-wollmann,detail_api
Heidt & Hummel Elektrotechnik GmbH,heidt-hummel.de,4.97236E+11,t.hummel@heidt-hummel.de,"Wielandstr. 14, 75210 Keltern",Germany,Halle 2,i.01,https://www.offerta.de/offerta-live/ausstellendenverzeichnis/?exhibitorId=b90582ee-1955-4716-bfbd-926208f33d6c_de_DE&name=heidt-hummel-elektrotechnik-gmbh,corporate_email
HARK GmbH & Co. KG Kamin- und Kachelofenbau,hark.de,+49 2065 997 136,info@hark.de,"Hochstraße 197-213, 47228 Duisburg",Germany,Halle 2,H.18,https://www.offerta.de/offerta-live/ausstellendenverzeichnis/?exhibitorId=e4cfc22e-f97b-42dc-88f0-8c6d201a45c1_de_DE&name=hark-gmbh-co-kg-kamin-und-kachelofenbau,detail_api
Harry Kreutz,meine-infa.de,+492404 957254,meineversiegelung@gmail.com,"Kleine Tröt 28, 52477 Alsdorf",Germany,Halle 1,A.27,https://www.offerta.de/offerta-live/ausstellendenverzeichnis/?exhibitorId=0751d489-b769-426e-8428-d7b75939b419_de_DE&name=harry-kreutz,serper_search
HEIM & HAUS Produktion und Vertrieb GmbH,heimhaus.de,+49 7225 988270,info@heimhaus.de,"Hochstraße 7-9, 47169 Duisburg",Germany,Halle 2,"G.61, L.20",https://www.offerta.de/offerta-live/ausstellendenverzeichnis/?exhibitorId=0b1dfe6a-9778-4001-b37f-728c7de80fe4_de_DE&name=heim-haus-produktion-und-vertrieb-gmbh,detail_api
heizer.kaffee,heizer-kaffee.de,+49 151 23022523,post@heizer-kaffee.de,"Erlenbadstr. 73, 77880 Sasbach",Germany,Aktionshalle,AH60,https://www.offerta.de/offerta-live/ausstellendenverzeichnis/?exhibitorId=e00588a5-18a0-4088-82f0-cf2f68b00368_de_DE&name=heizer-kaffee,detail_api
HELL Insekten & Sonnenschutz,hell-insekten-sonnenschutz.com,4.91766E+12,info@hell-insektenschutz.de,"Lochfeldstraße 30, 76437 Rastatt",Germany,Halle 2,G.34,https://www.offerta.de/offerta-live/ausstellendenverzeichnis/?exhibitorId=99610387-3bb1-41eb-8363-7a68a8714721_de_DE&name=hell-insekten-sonnenschutz,detail_api
Herrmann-Gewürze GmbH & Co. KG,herrmann-gewuerze.de,+49 6826 188720,office@herrmann-gewuerze.de,"Saarpfalz-Park 117, 66450 Bexbach",Germany,Halle 1,D.79,https://www.offerta.de/offerta-live/ausstellendenverzeichnis/?exhibitorId=b4f6b1f1-5c78-4b03-8243-3cd9430541d2_de_DE&name=herrmann-gewuerze-gmbh-co-kg,detail_api
Heuser&Söhne GmbH,heuserundsoehne.de,4.97276E+12,info@heuserundsoehne.de,"Im Gereut 20, 76770 Hatzenbühl",Germany,Halle 2,H.46,https://www.offerta.de/offerta-live/ausstellendenverzeichnis/?exhibitorId=44ef3cda-3206-4b68-9c1f-617947db1bb0_de_DE&name=heuser-soehne-gmbh,detail_api
Hirth GmbH,zweirad-hirth.de,+49 7246 5000,info@zweirad-hirth.de,"Am Federbach 14, 76316 Malsch",Germany,Halle 1,"E.39, F.39",https://www.offerta.de/offerta-live/ausstellendenverzeichnis/?exhibitorId=a6c6f751-10f5-4427-92f7-56cea5427e70_de_DE&name=hirth-gmbh,detail_api
HKS Handelskontor Süd Holger Lode,,+49 160 99781759,holger.lode@yahoo.de,"Adolf- Damaschke- Straße 59, 08606 Oelsnitz",Germany,Halle 1,A.81,https://www.offerta.de/offerta-live/ausstellendenverzeichnis/?exhibitorId=2c54aaa9-9967-4502-a9cf-aeae53bc7fb5_de_DE&name=hks-handelskontor-sued-holger-lode,detail_api
HOF eventcatering GmbH,pommesmeister.at,0043225930509,goenndir@pommesmeister.at,"Schusterstraße 12H, 2482 Münchendorf",Austria,dm-arena,W.71,https://www.offerta.de/offerta-live/ausstellendenverzeichnis/?exhibitorId=160421b9-6231-4121-9876-9fc5d8fb2f32_de_DE&name=hof-eventcatering-gmbh,detail_api
Hodapp Metallbau und Hydraulik GmbH Hydraulik GmbH,hodapp-metallbau.de,0780292660,info@hodapp-metallbau.de,"Gewerbestraße 1, 77704 Oberkirch",Germany,Halle 2,H.41,https://www.offerta.de/offerta-live/ausstellendenverzeichnis/?exhibitorId=e78cda78-680e-44a6-86e6-2cc9afc2ab77_de_DE&name=hodapp-metallbau-und-hydraulik-gmbh-hydraulik-gmbh,detail_api
Höffner Möbelgesellschaft GmbH & Co. KG,hoeffner.de,+49 621 8080,schwetzingen@hoeffner.de,"Mannheimer Landstraße 62-64, 68723 Schwetzingen",Germany,Halle 2,"K.60, K.61",https://www.offerta.de/offerta-live/ausstellendenverzeichnis/?exhibitorId=404c3d5f-d8ab-456f-8522-27bbc0ce970f_de_DE&name=hoeffner-moebelgesellschaft-gmbh-co-kg,detail_api
Hut-Fashion Monika Rettig,mayserhats.com,+49 176 61738009,monika-rettig@t-online.de,"Straße der weißen Rose 9, 77815 Bühl",Germany,Halle 3,M.20,https://www.offerta.de/offerta-live/ausstellendenverzeichnis/?exhibitorId=d8174eb2-8cc2-45bc-b005-daee0add3e95_de_DE&name=hut-fashion-monika-rettig,serper_search
Hörgeräte Seifert GmbH,hoergeraete-seifert.de,0897109925,a.gerschner@hoergeraete-seifert.de,"Fraunhoferstraße 18a, 82152 Planegg",Germany,Halle 3,N.58,https://www.offerta.de/offerta-live/ausstellendenverzeichnis/?exhibitorId=f5ffeb25-335c-4ab3-bb1f-84b5d57e51a7_de_DE&name=hoergeraete-seifert-gmbh,detail_api
I love Mauldasch GmbH,ilovemauldasch.de,+49 7195 9573570,buchung@ilovemauldasch.de,"Erlenstraße 38, 73663 Berglen",Germany,dm-arena,W.87,https://www.offerta.de/offerta-live/ausstellendenverzeichnis/?exhibitorId=305e73f1-4b5c-40b3-8efa-2294d79902bc_de_DE&name=i-love-mauldasch-gmbh,detail_api
i-Tüpfele die Vollholzmöbel Manufaktur M. Sontheimer,i-tuepfele.net,+49 7825 8191286,info@i-tuepfele.net,"Frankenstraße 23, 77971 Kippenheim",Germany,Halle 2,L.19,https://www.offerta.de/offerta-live/ausstellendenverzeichnis/?exhibitorId=7d40bb8b-cc3d-4871-b9e9-3cc09c3a0778_de_DE&name=i-tuepfele-die-vollholzmoebel-manufaktur-m-sontheimer,detail_api
IKEA Deutschland GmbH & Co. KG Niederlassung Karlsruhe,ikea.com,+49 69 509518 551,karlsruhe.unternehmen.de@ikea.com,"Durlacher Allee 97, 76137 Karlsruhe",Germany,Halle 3,Entspannungscaf,https://www.offerta.de/offerta-live/ausstellendenverzeichnis/?exhibitorId=18f64b4c-4190-421b-9167-c930e0ad3a03_de_DE&name=ikea-deutschland-gmbh-co-kg-niederlassung-karlsruhe,detail_api
IL GUSTO DELLA PUGLIA  DI GRAZIA VUR,libero.it,,ilgustodellapuglia@libero.it,"VIA GIUSEPPE FUCA 1, 76123 ANDRIA BT",Italy,Halle 1,D.67,https://www.offerta.de/offerta-live/ausstellendenverzeichnis/?exhibitorId=c874fadf-1800-4c4a-94f8-7656d27e677d_de_DE&name=il-gusto-della-puglia-di-grazia-vur,corporate_email
IN2U Jewelery & Accessoires,,,in2u@hotmail.de,"Edmund-Henkel-Weg 7, 79540 Lörrach",Germany,Halle 3,O.02,https://www.offerta.de/offerta-live/ausstellendenverzeichnis/?exhibitorId=50fae8c0-8641-473e-80a2-e29b8450191e_de_DE&name=in2u-jewelery-accessoires,detail_api
Iuliano Design by Andreas Iuliano,iuliano-design.de,4.91511E+12,info@iuliano-design.de,"Silberstreifen 4, 76287 Rheinstetten",Germany,Halle 3,N.55,https://www.offerta.de/offerta-live/ausstellendenverzeichnis/?exhibitorId=704790da-1c80-4303-a67b-77b29c9d5271_de_DE&name=iuliano-design-by-andreas-iuliano,detail_api
Indian Chowrasta,indian-chowrasta.com,,indianchowrasta@gmail.com,"Gartenstr 56A, 76133 Karlsruhe",Germany,dm-arena,W.95,https://www.offerta.de/offerta-live/ausstellendenverzeichnis/?exhibitorId=a0971e07-cc2e-4b57-b96b-00cd016dfb23_de_DE&name=indian-chowrasta,detail_api
INVIDA GmbH,xxlkoffer.de,+49 7433386593,info@xxlkoffer.de,"Steinlachstraße 109, 72116 Mössingen",Germany,Halle 1,E.48,https://www.offerta.de/offerta-live/ausstellendenverzeichnis/?exhibitorId=bedd61de-f73e-46ce-8a93-8d8724551c5f_de_DE&name=invida-gmbh,detail_api
Jahnke Gastro Markt GmbH,misterwild.at,(+43)6642545590,jahnke@misterwild.at,"Goldschlagdstraße 172, 1140 Wien",Austria,dm-arena,W.91,https://www.offerta.de/offerta-live/ausstellendenverzeichnis/?exhibitorId=baa4a4ae-f0b8-474f-8723-b1391c6251cf_de_DE&name=jahnke-gastro-markt-gmbh,detail_api
John Dee Beauty & Care Instruments,johndee.de,+49 6241 307865,johndee.zimmermann@t-online.de,"Steingewann 1 b, 67551 Worms",Germany,Halle 1,B.78,https://www.offerta.de/offerta-live/ausstellendenverzeichnis/?exhibitorId=e944d743-e3ad-412c-8e1b-cac9a3126340_de_DE&name=john-dee-beauty-care-instruments,detail_api
Jenser's Grill Einzelunternehmer,outlook.de,,jensersgrill@outlook.de,"Volkmarsbergstr. 12, 73447 Oberkochen",Germany,Halle 1,D.39,https://www.offerta.de/offerta-live/ausstellendenverzeichnis/?exhibitorId=fb96242b-aed6-4ac0-8dff-e367cd4e22da_de_DE&name=jenser-s-grill-einzelunternehmer,detail_api
Joachim Simonis GmbH,simoniskamine.de,+49 6371 916 9090,info@simoniskamine.de,"Auf der Heide 6, 66851 Queidersbach",Germany,Halle 2,"G.10, H.40",https://www.offerta.de/offerta-live/ausstellendenverzeichnis/?exhibitorId=bcb13aa8-2cd9-45e5-aa70-581b7887e57a_de_DE&name=joachim-simonis-gmbh,detail_api
Imkerei Tietjen GbR,imkerei-tietjen.de,+49 4282 1311,kontakt@imkerei-tietjen.de,"Schulstraße 6, 27419 Klein Meckelsen",Germany,Halle 1,D.09,https://www.offerta.de/offerta-live/ausstellendenverzeichnis/?exhibitorId=d120281c-6efc-45e1-96f3-765fdef6a662_de_DE&name=imkerei-tietjen-gbr,detail_api
JOOLA,joola.de,+49  6345 95470,kontakt@joola.de,"Wiesenstraße 13, 76833 Siebeldingen",Germany,dm-arena,Z.51,https://www.offerta.de/offerta-live/ausstellendenverzeichnis/?exhibitorId=bb239e99-a8d0-4a3b-b160-fdc340214969_de_DE&name=joola,detail_api
Juchiwell Europa GmbH,chiwellpointer.de,+49 6190 918602,info@chiwellpointer.eu,"Starenweg 6, 65795 Hattersheim am Main",Germany,Halle 1,B.47,https://www.offerta.de/offerta-live/ausstellendenverzeichnis/?exhibitorId=6fcf171b-0ddf-415a-b0d4-9acb651f3dbe_de_DE&name=juchiwell-europa-gmbh,detail_api
Karl Spindler,yahoo.de,,bksworms@yahoo.de,"Mittelochsenplatz 31, 67547 Worms",Germany,Halle 2,L.74,https://www.offerta.de/offerta-live/ausstellendenverzeichnis/?exhibitorId=1ebd7746-c094-468d-95a9-c9b0313618c3_de_DE&name=karl-spindler,detail_api
JUST THE SMASH,justthesmash.de,,,"Königsberger Straße 9, 76694 Forst",Germany,dm-arena,W.93,https://www.offerta.de/offerta-live/ausstellendenverzeichnis/?exhibitorId=7f2a2449-cb11-461d-bb9e-a5634b6e5ec3_de_DE&name=just-the-smash,detail_api
Julia & Stefan Kanitzer GbR,heilkunstwerk.de,4.91526E+12,julia@heilkunstwerk.de,"Sonnenbergweg 10c, 76534 Baden - Baden",Germany,Halle 3,N.38,https://www.offerta.de/offerta-live/ausstellendenverzeichnis/?exhibitorId=3a1d9809-5799-49b5-a2e5-0bd8ad40e462_de_DE&name=julia-stefan-kanitzer-gbr,detail_api
Kaindl Reiling GmbH,kaindl.de,+49 7232 4001 0,h.reiling@kaindl.de,"Remchinger Straße 4, 75203 Königsbach-Stein",Germany,Halle 2,G.47,https://www.offerta.de/offerta-live/ausstellendenverzeichnis/?exhibitorId=1da6f557-b96e-4f00-92b8-77b07c6f6064_de_DE&name=kaindl-reiling-gmbh,detail_api
Karlsruher Messe- und Kongress GmbH,messe-karlsruhe.de,+49 721 3720 0,info@messe-karlsruhe.de,"Festplatz 9, 76137 Karlsruhe",Germany,Aktionshalle,AH1,https://www.offerta.de/offerta-live/ausstellendenverzeichnis/?exhibitorId=2b33d7db-e7ad-4ba4-bca4-12bb4e34c46c_de_DE&name=karlsruher-messe-und-kongress-gmbh,detail_api
KARLSRUHER MESSE- UND KONGRESS GMBH,offerta.de,+49 721 3720 5000,info@messe-karlsruhe.de,"Messeallee 1, 76287 Rheinstetten",Germany,Halle 3,Entspannungscaf,https://www.offerta.de/offerta-live/ausstellendenverzeichnis/?exhibitorId=40885fd6-d8fb-4462-bb8b-ff0abf19c015_de_DE&name=karlsruher-messe-und-kongress-gmbh,detail_api
Karlsruher Bädergesellschaft mbH,ka-baeder.de,+49 721 1335212,account-kbg@ka-baeder.de,"Hermann-Veit-Straße 7, 76135 Karlsruhe",Germany,Halle 1,F.02,https://www.offerta.de/offerta-live/ausstellendenverzeichnis/?exhibitorId=a5fd66f8-c809-4662-a72b-c3eaa1716ec7_de_DE&name=karlsruher-baedergesellschaft-mbh,detail_api
Karlsruher Verkehrsverbund GmbH (KVV),kvv.de,0721 6107 7036,Larissa.Stutz@kvv.karlsruhe.de,"Tullastraße 71, 76131 Karlsruhe",Germany,Halle 1,F.18,https://www.offerta.de/offerta-live/ausstellendenverzeichnis/?exhibitorId=afda270a-a52e-44fc-90d4-75991c6c2acb_de_DE&name=karlsruher-verkehrsverbund-gmbh-kvv-,detail_api
Kart und Eventcenter Stupferich  GmbH,kart-eventcenter.de,4.97212E+12,info@kart-eventcenter.de,"Thomashofstraße 27-29, 76228 Karlsruhe",Germany,dm-arena,Z.60,https://www.offerta.de/offerta-live/ausstellendenverzeichnis/?exhibitorId=10f18d66-87a9-46d5-abfa-63c6a0987c0e_de_DE&name=kart-und-eventcenter-stupferich-gmbh,detail_api
KEK - Karlsruher Energie- und Klimaschutzagentur gGmbH Kristine Simonis,kek-karlsruhe.de,+49 721 480 88 18,presse@kek-karlsruhe.de,"Hebelstraße 15, 76133 Karlsruhe",Germany,Halle 2,i.78,https://www.offerta.de/offerta-live/ausstellendenverzeichnis/?exhibitorId=ff903424-82fb-43f3-bae0-c75bdfe45682_de_DE&name=kek-karlsruher-energie-und-klimaschutzagentur-ggmbh-kristine-simonis,corporate_email
Koffler's Heuriger Hotel- und Gaststättenbetriebsgesellschaft mbH,kofflers-heuriger.de,+49 721 66050000,m.koffler@kofflers-gastro.de,"Rastatter Straße 101, 76199 Karlsruhe",Germany,Halle 1,D.01,https://www.offerta.de/offerta-live/ausstellendenverzeichnis/?exhibitorId=a0fccc03-c73c-41d3-a0a4-e9b616642781_de_DE&name=koffler-s-heuriger-hotel-und-gaststaettenbetriebsgesellschaft-mbh,detail_api
KlimaAlarm24 GmbH,klimaalarm24.de,+49 721 83175320,info@klimaalarm24.de,"Karlsruher Straße 21, 76287 Rheinstetten",Germany,Halle 2,G.40,https://www.offerta.de/offerta-live/ausstellendenverzeichnis/?exhibitorId=105d421c-16ce-4581-b13c-61f016225192_de_DE&name=klimaalarm24-gmbh,detail_api
Kreishandwerkerschaft Karlsruhe Region Karlsruhe,handwerk-region-karlsruhe.de,+49 721 93284 0,mail@kh-karlsruhe.de,"Rüppurrer Straße 13, 76137 Karlsruhe",Germany,Halle 2,H.02,https://www.offerta.de/offerta-live/ausstellendenverzeichnis/?exhibitorId=e8847ff3-d7e9-4ff1-99f0-6ef3a7e14a17_de_DE&name=kreishandwerkerschaft-karlsruhe-region-karlsruhe,detail_api
Klaus Flötzer Internationaler Messevertrieb,schwarzwaldstaende.de,+49 7805 977 33,info@schwarzwaldstaende.de,"Schwarzwaldstraße 16, 77767 Appenweier",Germany,Halle 2,G.72,https://www.offerta.de/offerta-live/ausstellendenverzeichnis/?exhibitorId=ba529fb6-2cdb-4fbe-9cd5-4b6cfa8838e1_de_DE&name=klaus-floetzer-internationaler-messevertrieb,detail_api
Kreisverwaltung Germersheim Südpfalz-Tourismus,suedpfalz-tourismus.de,+49 7274 53 300,info@suedpfalz-tourismus.de,"Luitpoldplatz 1, 76726 Germersheim",Germany,Halle 1,F.03,https://www.offerta.de/offerta-live/ausstellendenverzeichnis/?exhibitorId=66ad5381-4da7-4dc9-86cc-4042cb8b6295_de_DE&name=kreisverwaltung-germersheim-suedpfalz-tourismus,detail_api
Kunstwerkstatt Stange GmbH,kunstwerkstatt-stange.eu,+49 2542 916694,k.s.ordermail@gmx.de,"Eickholder Esch 11, 48715 Gescher",Germany,Halle 3,R.02,https://www.offerta.de/offerta-live/ausstellendenverzeichnis/?exhibitorId=b2be442d-a856-415d-8453-985f9851d23c_de_DE&name=kunstwerkstatt-stange-gmbh,detail_api
KS-Sanierung,ks-sanierung.de,4.96241E+12,info@ks-sanierung.de,"Mittelochsenplatz 31, 67547 Worms",Germany,Halle 2,K.14,https://www.offerta.de/offerta-live/ausstellendenverzeichnis/?exhibitorId=95f5b33c-4e74-4b79-b353-ebdeee020014_de_DE&name=ks-sanierung,corporate_email
Käffli Haus,kaeffli-haus.de,,info@kaefflihaus.de,"Baumeisterstraße 36, 76137 Karlsruhe",Germany,Aktionshalle,Cafe,https://www.offerta.de/offerta-live/ausstellendenverzeichnis/?exhibitorId=939ef6df-7d29-440d-898a-17166ca829ea_de_DE&name=kaeffli-haus,detail_api
Kölper Colours & Design GmbH,koelper.de,+49 7243 54340,info@koelper.de,"Borsigstraße 6, 76275 Ettlingen",Germany,Halle 2,G.01,https://www.offerta.de/offerta-live/ausstellendenverzeichnis/?exhibitorId=0adb1b39-25c1-479b-8e74-0331d9e2746f_de_DE&name=koelper-colours-design-gmbh,detail_api
L+M Loritz,yumpu.com,4.91773E+11,margit.loritz@gmx.de,"Gewerbering 16, 76351 Linkenheim-Hochstetten",Germany,Aktionshalle,"H11, H12",https://www.offerta.de/offerta-live/ausstellendenverzeichnis/?exhibitorId=767449cb-cf62-4889-a3ff-6b40394f837a_de_DE&name=l-m-loritz,serper_search
Leckereienliebe Daniel Ehlich,leckereienliebe.de,+49 176 31145225,info@leckereienliebe.de,"Julia-Lanz-Straße 34, 68782 Brühl",Germany,dm-arena,W.59,https://www.offerta.de/offerta-live/ausstellendenverzeichnis/?exhibitorId=003541c9-cc8f-472f-a5f9-1a60afd131da_de_DE&name=leckereienliebe-daniel-ehlich,detail_api
Leeb Balkone Dielheim,leeb-balkone.de,4.96222E+12,info@leeb-balkone.de,"Industriestraße 2, 69234 Dielheim",Germany,Halle 2,L.69,https://www.offerta.de/offerta-live/ausstellendenverzeichnis/?exhibitorId=b742af29-66ca-40ec-ab76-823306d3fd24_de_DE&name=leeb-balkone-dielheim,detail_api
LEICHT Küchenstudio Nopper Interior GmbH & Co. KG,schreinerei-nopper.de,+49 (0)7243 526752,info@schreinerei-nopper.de,"Rheinstraße 96, 76275 Ettlingen",Germany,Halle 3,R.20,https://www.offerta.de/offerta-live/ausstellendenverzeichnis/?exhibitorId=3d2db367-50ce-4a52-a6c1-96e97c93fa89_de_DE&name=leicht-kuechenstudio-nopper-interior-gmbh-co-kg,detail_api
LHZ Firmengruppe,goettert-lhz.de,+49 3636 7590804,ralf.hergesell@web.de,"Mittlere Gasse 1, 99718 Greußen",Germany,Halle 2,L.78,https://www.offerta.de/offerta-live/ausstellendenverzeichnis/?exhibitorId=28f471a8-9d46-44a7-87d3-b612ce3d5c2f_de_DE&name=lhz-firmengruppe,detail_api
Linea Primero Kelee Jawa GmbH,lineaprimero.de,+49 7248 9161 0,info@lineaprimero.de,"Im Strietwälle 1 - 3, 76359 Marxzell / Pfaffenrot",Germany,Halle 3,M.03,https://www.offerta.de/offerta-live/ausstellendenverzeichnis/?exhibitorId=480c4f7f-5665-4e33-8fd6-63e271554d46_de_DE&name=linea-primero-kelee-jawa-gmbh,detail_api
LUBW Landesanstalt für Umwelt Baden-Württemberg,lubw.baden-wuerttemberg.de,+49 721 5600 0,poststelle@lubw.bwl.de,"Griesbachstraße 1, 76185 Karlsruhe",Germany,Halle 2,i.14,https://www.offerta.de/offerta-live/ausstellendenverzeichnis/?exhibitorId=88a4fb81-6e19-40f0-ad8e-a33158aaf268_de_DE&name=lubw-landesanstalt-fuer-umwelt-baden-wuerttemberg,detail_api
Lions Club Fächer Karlsruhe,lionsclub-karlsruhe-faecher.de,+49 176 80318195,info@lionsclub-karlsruhe-faecher.de,"Wilzerstraße 19, 76356 Weingarten",Germany,Halle 3,N.49,https://www.offerta.de/offerta-live/ausstellendenverzeichnis/?exhibitorId=ea737d99-3e07-474f-895f-1ec55344383b_de_DE&name=lions-club-faecher-karlsruhe,detail_api
Liselotte Krusig,krusig.de,4.91635E+11,info@krusig.de,"Hagsfelder Weg 4, 76344 Eggenstein - Leopoldshafen",Germany,Aktionshalle,H3,https://www.offerta.de/offerta-live/ausstellendenverzeichnis/?exhibitorId=a3d4e43d-df15-4395-b8fd-798b7d1bb3e6_de_DE&name=liselotte-krusig,detail_api
Luft und Wasserbettenzentrum airvital e.K.,gesundheitsbett.de,+49 561 998569 0,info@gesundheitsbett.de,"Lange Wender 4, 34246 Vellmar",Germany,Halle 3,R.59,https://www.offerta.de/offerta-live/ausstellendenverzeichnis/?exhibitorId=a3b938f9-72ee-40ab-8ab2-b5344d8951e3_de_DE&name=luft-und-wasserbettenzentrum-airvital-e-k-,detail_api
Luguo GmbH,hikam.de,4.91765E+12,luguo.gmbh@gmail.com,"Brunnenstr. 15/1, 79312 Emmendingen",Germany,Halle 1,C.41,https://www.offerta.de/offerta-live/ausstellendenverzeichnis/?exhibitorId=4c7811ff-3234-4e65-aa2b-ec86b5bb61d8_de_DE&name=luguo-gmbh,serper_search
MAB-Marketing und Verlags GmbH,genussmitplus.de,+49 7142 99 3930,ammann@genussmitplus.de,"Sudetenstraße 12, 74321 Bieitgheim-Bissingen",Germany,Halle 1,F.25,https://www.offerta.de/offerta-live/ausstellendenverzeichnis/?exhibitorId=caafd027-b042-43c8-9908-37a1bd486274_de_DE&name=mab-marketing-und-verlags-gmbh,detail_api
M+E Solinger Stahlwaren  Haushaltswaren Ihsan Elmasli,me-solinger-stahlwaren.de,+49 7121 622151,mm-schlossgartenleudle@web.de,"Ravensburger Straße 143, 72760 Reutlingen",Germany,Halle 1,C.58,https://www.offerta.de/offerta-live/ausstellendenverzeichnis/?exhibitorId=08f6a622-68f3-4ffc-be91-ccbec7335183_de_DE&name=m-e-solinger-stahlwaren-haushaltswaren-ihsan-elmasli,detail_api
MAREMY ITALY DI Biancolino Raffaele,tim.it,(+39)3509556239,maremyitaly@tim.it,"Via Croce del Sud 19, 30028 San Michele al Tagliamento (VE)",Italy,Halle 1,A.40,https://www.offerta.de/offerta-live/ausstellendenverzeichnis/?exhibitorId=d25b379e-02ee-4595-9e20-780407d446d5_de_DE&name=maremy-italy-di-biancolino-raffaele,corporate_email
Marc Sauer Einzelhandel Smutje Spirituosen,smutjegin.de,+49 1636666296,smutjegin@gmx.de,"Frankfurter Straße 62, 63150 Heusenstamm",Germany,Halle 1,D.21,https://www.offerta.de/offerta-live/ausstellendenverzeichnis/?exhibitorId=768e7c3f-6480-4fd1-9430-c0907ab1aec3_de_DE&name=marc-sauer-einzelhandel-smutje-spirituosen,detail_api
Marianne Dittes,yumpu.com,+49 7252 568818,marianne.dittes53@gmail.com,"Theodor-Storm-Weg 12, 75015 Bretten",Germany,Halle 1,B.89,https://www.offerta.de/offerta-live/ausstellendenverzeichnis/?exhibitorId=1b3bca47-e13e-459e-9d68-49cfdfe212cb_de_DE&name=marianne-dittes,serper_search
Markisenbau Müller GmbH,mm-markisen.de,+49 7946 9117 0,info@mm-markisen.de,"Schmalbachstraße 18, 74626 Bretzfeld-Schwabbach",Germany,Halle 2,H.09,https://www.offerta.de/offerta-live/ausstellendenverzeichnis/?exhibitorId=e745ce05-e1d7-4d54-8952-fd1eb9d0010c_de_DE&name=markisenbau-mueller-gmbh,detail_api
Max Weishaupt SE,weishaupt.de,+49 721 98656 0,nl.karlsruhe@weishaupt.de,"Ortenbergstraße 5, 76135 Karlsruhe",Germany,Halle 2,i.28,https://www.offerta.de/offerta-live/ausstellendenverzeichnis/?exhibitorId=c3182021-4778-4576-8d0f-a13940632df4_de_DE&name=max-weishaupt-se,detail_api
Masstreppen Trautmann GmbH,masstreppen-trautmann.de,+49 6233 37920,info@masstreppen-trautmann.de,"Schraderstraße 26, 67227 Frankenthal",Germany,Halle 2,L.60,https://www.offerta.de/offerta-live/ausstellendenverzeichnis/?exhibitorId=86b7d0b2-78c8-40d8-81df-34fcde8d5d00_de_DE&name=masstreppen-trautmann-gmbh,detail_api
Mayer & Schindler Eventservice GbR,drinkgenuss.de,,info@musevents.de,"Steig 6, 72406 Bisingen",Germany,Halle 3,O.09,https://www.offerta.de/offerta-live/ausstellendenverzeichnis/?exhibitorId=8bd67ded-2804-4f45-b413-dcdf0873865e_de_DE&name=mayer-schindler-eventservice-gbr,detail_api
Medrelief BV,medrelief.be,(+32)0477083972,info@medrelief.be,"Ijslandvaardersstraat 24, 8670 Koksijde",Belgium,Halle 3,N.59,https://www.offerta.de/offerta-live/ausstellendenverzeichnis/?exhibitorId=d3c433e9-aadf-46cb-a9bf-97f235b9e72a_de_DE&name=medrelief-bv,detail_api
Meisel und Gerken GmbH,meisel-gerken.de,+49 4242 78088,info@meisel-gerken.de,"Barrierstraße 29, 28857 Syke-Barrien",Germany,Halle 3,"R.39, M.78",https://www.offerta.de/offerta-live/ausstellendenverzeichnis/?exhibitorId=2d011e0a-8fa1-4b8f-90c5-66dd79a75c9f_de_DE&name=meisel-und-gerken-gmbh,detail_api
Mild & Würzig Käsevertrieb Patrik Deuchler,oberrhein-messe.de,,deuchler-kaese@t-online.de,"Augustenburgstraße 13, 76229 Karlsruhe",Germany,Halle 1,A.33,https://www.offerta.de/offerta-live/ausstellendenverzeichnis/?exhibitorId=038afbea-9708-4017-ae10-71319ec55ac8_de_DE&name=mild-wuerzig-kaesevertrieb-patrik-deuchler,serper_search
Meubles Rott SARL STE D'EXPL,meubles-rott.com,(+33) 388941545,direction@meubles-rott.com,"46 Rue de la Pépinière, 67160 Wissembourg",France,Halle 3,R.18,https://www.offerta.de/offerta-live/ausstellendenverzeichnis/?exhibitorId=9bc5ee99-31ee-447a-93e2-20a269883754_de_DE&name=meubles-rott-sarl-ste-d-expl,detail_api
MIR KASHMIR ART Channa Mohalla,,(+91) 94 194 2470436,mirkashmirart@yahoo.com,"Chattabal, 190010 Srinagar",India,Halle 1,B.41,https://www.offerta.de/offerta-live/ausstellendenverzeichnis/?exhibitorId=8006148b-9d09-4525-b7c0-914c03e8ab55_de_DE&name=mir-kashmir-art-channa-mohalla,detail_api
Mister Cevap,mapquest.com,,christian.senekovic@web.de,"Dörnigstraße 11, 76571 Gaggenau",Germany,Halle 1,D.51,https://www.offerta.de/offerta-live/ausstellendenverzeichnis/?exhibitorId=e87f57a8-dbb2-4f9f-8564-f17531ed7aa8_de_DE&name=mister-cevap,serper_search
MIRA ART GmbH,traumschwinger.de,+49 521 66545,info@mira-art.de,"Wiesenstraße 53, 33613 Bielefeld",Germany,Halle 3,O.57,https://www.offerta.de/offerta-live/ausstellendenverzeichnis/?exhibitorId=668db796-0b1e-4849-b388-439678c9ad84_de_DE&name=mira-art-gmbh,detail_api
Modu-Wohl Inh. Cheong-Soo Shin,modu-wohl.de,+49 4240 952 869,info@modu-wohl.de,"Halbetzer Straße 29, 28857 Syke",Germany,Halle 3,M.63,https://www.offerta.de/offerta-live/ausstellendenverzeichnis/?exhibitorId=a00308fe-7b00-4a0c-a04a-a9fe6ed6f4c3_de_DE&name=modu-wohl-inh-cheong-soo-shin,detail_api
Moveo GmbH,moveo.at,4.36763E+11,gerd.bacher@moveo.at,"Gewerbestraße 3, 9184 St. Peter",Austria,Halle 1,E.58,https://www.offerta.de/offerta-live/ausstellendenverzeichnis/?exhibitorId=4eac1ca5-42cb-4e5a-addc-793b0036b0fa_de_DE&name=moveo-gmbh,detail_api
MR Bausanierung,mr-bausanierung-online.de,4.91573E+12,roedermanuel133@gmail.com,"Husarenstraße 14, 77933 Lahr",Germany,Halle 2,H.44,https://www.offerta.de/offerta-live/ausstellendenverzeichnis/?exhibitorId=4cb1b225-8f39-4685-ac3b-667b4a88d24e_de_DE&name=mr-bausanierung,detail_api
Multicycle Fahrrad-Handels GmbH  & Co. KG,multicycle.de,,verwaltung@multicycle.de,"Am Riedbach 15, 87499 Wildpoldsried",Germany,Halle 1,D.70,https://www.offerta.de/offerta-live/ausstellendenverzeichnis/?exhibitorId=79de96c8-b420-4ade-8da3-3263f9babc6f_de_DE&name=multicycle-fahrrad-handels-gmbh-co-kg,detail_api
N.G. Kosmetik GmbH,laximor.com,,laximor.de@gmail.com,"Unterwaldenstr. 3, 81475 München",Germany,Halle 3,M.09,https://www.offerta.de/offerta-live/ausstellendenverzeichnis/?exhibitorId=fc6ce59a-0fb0-48c5-b0c1-e48a1d887c77_de_DE&name=n-g-kosmetik-gmbh,detail_api
Neubauer Immobilien GmbH,neubauer-immo.de,+49 7083 5084940,info@neubauer-immo.de,"Johann-Peter-Hebel-Straße 1, 75335 Dobel",Germany,Aktionshalle,AH09,https://www.offerta.de/offerta-live/ausstellendenverzeichnis/?exhibitorId=ecf7d89a-241d-4ed3-b873-356a196cf9f4_de_DE&name=neubauer-immobilien-gmbh,detail_api
Natex Pro Markus Laufer,bbs.fobshanghai.com,4.91574E+12,natex@mail.de,"Fuchspass 11, 46282 Dorsten",Germany,"Halle 2, Halle 3","G.58, M.54",https://www.offerta.de/offerta-live/ausstellendenverzeichnis/?exhibitorId=1a46801f-a439-405a-afee-34467d603d8a_de_DE&name=natex-pro-markus-laufer,serper_search
Natalies gourmet,nataliesgourmet.de,+49 2624 1809536,info@nataliesgourmet.de,"In der Trift 20, 56203 Höhr-Grenzhausen",Germany,Halle 1,A.38,https://www.offerta.de/offerta-live/ausstellendenverzeichnis/?exhibitorId=77dd93e0-fd3b-4b3d-9b6c-6420e43626ad_de_DE&name=natalies-gourmet,detail_api
NiceCheese Ibrahim Biliz,nicecheese.at,00436607199139,office@nicecheese.at,"Krottendorferstrasse 86a, 8052 Graz",Austria,Halle 1,A.86,https://www.offerta.de/offerta-live/ausstellendenverzeichnis/?exhibitorId=c340d628-765b-4905-b7f4-48b708a9b0b5_de_DE&name=nicecheese-ibrahim-biliz,detail_api
NGM,gmail.com,,linaju2904@gmail.com,"6 rue Clément Hobson, 14390 Varaville",France,Halle 1,B.90,https://www.offerta.de/offerta-live/ausstellendenverzeichnis/?exhibitorId=28bbf6f0-2974-4c20-8cb8-98c37aa89614_de_DE&name=ngm,detail_api
Norbert Woll GmbH,woll.de,+49 681 97049 0,info@woll.de,"Heinrich-Barth-Straße 7-11, 66115 Saarbrücken",Germany,Halle 1,C.19,https://www.offerta.de/offerta-live/ausstellendenverzeichnis/?exhibitorId=a10d8154-213a-487d-9d8d-c849ef4a24be_de_DE&name=norbert-woll-gmbh,detail_api
OBENLAND & MONDRAGHI  by WIMEX SRL,obenland.de,+39 0471051010,info@obenland.de,"A. Nobel Straße 18, 39055 Laives",Italy,Halle 1,C.25,https://www.offerta.de/offerta-live/ausstellendenverzeichnis/?exhibitorId=458ac009-57e4-4989-8b9d-56d736d1e06e_de_DE&name=obenland-mondraghi-by-wimex-srl,detail_api
Oliver Hess Wassertechnik,hess-wassertechnik.de,+49 7031 656322,oliver.hess@hess-wassertechnik.de,"Lange Straße 37, 71101 Schönaich",Germany,Halle 2,i.19,https://www.offerta.de/offerta-live/ausstellendenverzeichnis/?exhibitorId=22e676a4-00cb-438c-acb3-f15ddaa0a0a3_de_DE&name=oliver-hess-wassertechnik,detail_api
Original-Flammlachs Rainer Traber,orginal-flammlachs.info,+49 178 7018082,original-flammlachs@freenet.de,"Kapellenstraße 28, 52538 Selfkant",Germany,Aktionshalle,H14,https://www.offerta.de/offerta-live/ausstellendenverzeichnis/?exhibitorId=7b59b450-8643-48d6-9508-df078fdb6435_de_DE&name=original-flammlachs-rainer-traber,detail_api
Outdoor-Living Krause GmbH,outdoor-living-gmbh.com,,info@outdoor-living-gmbh.com,"Neue Straße 5, 76477 Elchesheim-Illingen",Germany,Halle 2,K.29,https://www.offerta.de/offerta-live/ausstellendenverzeichnis/?exhibitorId=3723dd07-4dd3-4bd2-8b46-6f7b8c0f1184_de_DE&name=outdoor-living-krause-gmbh,detail_api
Parkhotel Waldlust,parkhotel-waldlust.de,+49 7672 480 390,info@parkhotel-waldlust.de,"In der Würze 18, 79837 Häusern",Germany,Halle 1,F.21,https://www.offerta.de/offerta-live/ausstellendenverzeichnis/?exhibitorId=3aca3a0d-d479-4c75-b014-554b2f640355_de_DE&name=parkhotel-waldlust,detail_api
Paschke GmbH,paschke-gmbh.com,+49 6721 4971122,a.braden@paschke-gmbh.com,"Stefan-George-Str. 16, 55411 Bingen",Germany,Halle 1,B.80,https://www.offerta.de/offerta-live/ausstellendenverzeichnis/?exhibitorId=f1d573e5-081a-4b56-a1bb-2571afd9b351_de_DE&name=paschke-gmbh,detail_api
pedomedix Instrumente,pedomedix.de,017680718040,pedomedix@gmail.com,"Schlesierstr 5, 84359 Simbach am Inn",Germany,Halle 3,M.58,https://www.offerta.de/offerta-live/ausstellendenverzeichnis/?exhibitorId=304b4d48-36c5-449a-b756-be3f281b67a3_de_DE&name=pedomedix-instrumente,detail_api
Pflasterstein-Verfugung Wetzel,verfugungstechnik-wetzel.de,+49 1724786527,markus.wetzel123@gmail.com,"Silzweg 31, 67374 Hanhofen",Germany,Halle 2,L.01,https://www.offerta.de/offerta-live/ausstellendenverzeichnis/?exhibitorId=052523ee-c88c-4acd-99a5-679e695f7c24_de_DE&name=pflasterstein-verfugung-wetzel,detail_api
Physio Care Physiotherapy 789380250,relaxzonemesse.com,,info@relaxzonemesse.com,"ul. Kolejowa 19, 62-090 Rokietnica",Poland,Halle 3,N.75,https://www.offerta.de/offerta-live/ausstellendenverzeichnis/?exhibitorId=ae5399af-af7a-4934-9dec-ab57ac7d345f_de_DE&name=physio-care-physiotherapy-789380250,detail_api
Philip Morris GmbH,pmi.com,+49 89 7247 0,David.Papikian@pmi.com,"Am Haag 14, 82166 Gräfelfing",Germany,Halle 1,C.59,https://www.offerta.de/offerta-live/ausstellendenverzeichnis/?exhibitorId=c67a0d99-e380-43ec-ab6e-e729d7329f02_de_DE&name=philip-morris-gmbh,detail_api
Pfälzerwald Tourismus e.V.,pfaelzerwald-touristik.de,+49 6331 809126,info@pfaelzerwald-tourismus.de,"Unterer Sommerwaldweg 40-42, 66953 Pirmasens",Germany,Halle 1,F.01,https://www.offerta.de/offerta-live/ausstellendenverzeichnis/?exhibitorId=b06162c3-a027-4f89-a00d-612541e361ca_de_DE&name=pfaelzerwald-tourismus-e-v-,detail_api
Pieroth Deutschland GmbH,pieroth.de,+49 6721 965 140,info@pieroth.de,"Pommernstraße 1, 55595 Hargesheim",Germany,Halle 1,C.80,https://www.offerta.de/offerta-live/ausstellendenverzeichnis/?exhibitorId=21b68820-fef0-4870-8ab5-013f378bb8fa_de_DE&name=pieroth-deutschland-gmbh,detail_api
Piper Verlag GmbH,piper.de,,monika.hertle@piper.de,"Georgenstraße 4, 80799 München",Germany,Halle 3,Entspannungscaf,https://www.offerta.de/offerta-live/ausstellendenverzeichnis/?exhibitorId=bf2d363e-426e-46d6-8278-5a8533f15497_de_DE&name=piper-verlag-gmbh,detail_api
Planville GmbH,planville.de,+49 2431 900 3000,hallo@planville.de,"Gerhard-Welter-Straße 7, 41812 Erkelenz",Germany,Halle 2,K.36,https://www.offerta.de/offerta-live/ausstellendenverzeichnis/?exhibitorId=2c69ea67-71a6-4fff-bcb0-a4f1647b260e_de_DE&name=planville-gmbh,detail_api
Polizeipräsidium Karlsruhe,polizei-karlsruhe.de,+49 721 666 0,karlsruhe.pp.praevention@polizei.bwl.de,"Durlacher Allee 31-33, 76131 Karlsruhe",Germany,Halle 2,i.40,https://www.offerta.de/offerta-live/ausstellendenverzeichnis/?exhibitorId=300188c1-80c0-4b03-99fc-7ed10a2839f6_de_DE&name=polizeipraesidium-karlsruhe,detail_api
Polarholz GmbH,polarholz-sauna.de,+49 6704 9633 10,info@polarholz.de,"An den Nahewiesen 20, 55450 Langenlonsheim",Germany,Halle 3,R.41,https://www.offerta.de/offerta-live/ausstellendenverzeichnis/?exhibitorId=95f565c8-3119-4e80-8725-b39c2de8de79_de_DE&name=polarholz-gmbh,detail_api
Popice - Eismanufaktur GmbH & Co.KG,popice.de,,info@popice.de,"Nokkstraße 17, 76137 Karlsruhe",Germany,dm-arena,S.40,https://www.offerta.de/offerta-live/ausstellendenverzeichnis/?exhibitorId=08eedc0e-b06e-4840-b836-bff968434d9f_de_DE&name=popice-eismanufaktur-gmbh-co-kg,detail_api
PREFA GmbH Alu-Dächer und Fassaden,prefa.com,+49 369417850,marketing.de@prefa.com,"Aluminiumstraße 2, 98634 Wasungen",Germany,Halle 2,L.39,https://www.offerta.de/offerta-live/ausstellendenverzeichnis/?exhibitorId=b0378ccb-c1f6-4d06-ba57-c2403c8b58cf_de_DE&name=prefa-gmbh-alu-daecher-und-fassaden,detail_api
profashion,pro-fashion.info,4.91526E+12,m.doll@pro-fashion.info,"Hinterfeldweg 33, 77815 Bühl",Germany,Halle 3,M.21,https://www.offerta.de/offerta-live/ausstellendenverzeichnis/?exhibitorId=e5a0389b-804a-428e-8257-9073f1188f17_de_DE&name=profashion,corporate_email
Profilo di Andrielli Ombretta,sossio.balucelibero.it,(+39) 33 96647053,ombrettaandri@gmail.com,"Via Raggio dell'Ostro 23, 33054 Lignano Sabbiadoro (UD)",Italy,Halle 3,M.18,https://www.offerta.de/offerta-live/ausstellendenverzeichnis/?exhibitorId=6e6d5dcf-1fc4-40c7-8afa-235239eddc9d_de_DE&name=profilo-di-andrielli-ombretta,detail_api
PRS Bautenschutz & Sonnenschutz- Vertriebs GmbH,prs-fussbodentechnik.de,+49 7486 4174,info@prs-fussbodentechnik.de,"Schlattweg 5, 72178 Waldachtal",Germany,Halle 2,i.30,https://www.offerta.de/offerta-live/ausstellendenverzeichnis/?exhibitorId=569d0e50-b7ac-4994-9c34-9d81e7fefc78_de_DE&name=prs-bautenschutz-sonnenschutz-vertriebs-gmbh,detail_api
PSD Bank Karlsruhe-Neustadt eG,psd-kn.de,+49 721 9182 0,info@psd-kn.de,"Philipp-Reis-Straße 1, 76137 Karlsruhe",Germany,Halle 2,L.29,https://www.offerta.de/offerta-live/ausstellendenverzeichnis/?exhibitorId=1835a165-613d-46d6-8024-cddbf630872d_de_DE&name=psd-bank-karlsruhe-neustadt-eg,detail_api
PROVERA Warenhandels GmbH,oskar-the-best.de,+49 8341 100053,info@provera-kf.de,"Am Riederloh 4 A, 87600 Kaufbeuren",Germany,Halle 1,A.50,https://www.offerta.de/offerta-live/ausstellendenverzeichnis/?exhibitorId=29932881-96d3-4660-b67b-78e8151e8a24_de_DE&name=provera-warenhandels-gmbh,detail_api
Quellweich Wasserenthärter & Umkehrosmoseanlagen M Eckstein GmbH,quellweich.com,+49 6359 906 3722,raymond.hammel@quellweich.com,"Bissersheimer Straße 17, 67281 Kirchheim an der Weinstrasse",Germany,Halle 2,i.38,https://www.offerta.de/offerta-live/ausstellendenverzeichnis/?exhibitorId=62fad5c2-4874-4402-9ed2-8a7cb857fb14_de_DE&name=quellweich-wasserenthaerter-umkehrosmoseanlagen-m-eckstein-gmbh,detail_api
Radio Karlsruhe GmbH & Co. KG Die neue Welle,meine-neue-welle.de,+49 721 2016 345,info@die-neue-welle.de,"Philipp-Reis-Straße 3, 76137 Karlsruhe",Germany,dm-arena,W.40,https://www.offerta.de/offerta-live/ausstellendenverzeichnis/?exhibitorId=3e5ba6ed-8ca9-4c19-8b6f-a3b7eab7fa53_de_DE&name=radio-karlsruhe-gmbh-co-kg-die-neue-welle,detail_api
RB Bausanierung,,+49 7222 5958193,bausanierung.roeder2000@gmail.com,"Schlosserstraße 6, 76437 Rastatt",Germany,Halle 2,G.18,https://www.offerta.de/offerta-live/ausstellendenverzeichnis/?exhibitorId=6381cebd-515b-4c9f-bd3d-9a49e958a1d6_de_DE&name=rb-bausanierung,detail_api
Regional-Haus GmbH & Co. KG,regional-haus.de,4.95317E+11,messen@regional-haus.de,"Kamp 4a, 38122 Braunschweig",Germany,Halle 2,"G.21, K.01",https://www.offerta.de/offerta-live/ausstellendenverzeichnis/?exhibitorId=ac6d996b-3479-4bd3-aab4-02492325d7eb_de_DE&name=regional-haus-gmbh-co-kg,detail_api
Reich Fenstervisionen GmbH & Co. KG,meinreichfenster.de,+49 7351 5801 0,info@meinreichfenster.de,"Im Espach 11, 88444 Ummendorf",Germany,Halle 2,i.18,https://www.offerta.de/offerta-live/ausstellendenverzeichnis/?exhibitorId=e93cae17-559f-4b5a-bba5-2a5c567f9a6e_de_DE&name=reich-fenstervisionen-gmbh-co-kg,detail_api
Reifen Derbogen GmbH,reifen-derbogen.de,+49 721 41642,info@reifen-derbogen.de,"Pforzheimerstraße 15a, 76227 Karlsruhe",Germany,Halle 2,K.70,https://www.offerta.de/offerta-live/ausstellendenverzeichnis/?exhibitorId=8c5f9993-7177-4c7a-8f0d-6568014d2c82_de_DE&name=reifen-derbogen-gmbh,detail_api
Rhein-Apotheke im Ärztehaus Mühlburg,rhein-apotheke-karlsruhe.de,+49 721 9550260,Rhein-Apotheke.fm@t-online.de,"Rheinstr. 41, 76185 Karlsruhe",Germany,Aktionshalle,AH20,https://www.offerta.de/offerta-live/ausstellendenverzeichnis/?exhibitorId=cd5699e7-f3c8-431b-8893-064cd71986aa_de_DE&name=rhein-apotheke-im-aerztehaus-muehlburg,detail_api
Rettner & Ziegler Balkongeländer GmbH & Co. KG,rettner-ziegler.de,+49 9728 1441,info@rettner-ziegler.de,"Kaistener Straße 21, 97450 Schwebenried",Germany,Halle 2,G.02,https://www.offerta.de/offerta-live/ausstellendenverzeichnis/?exhibitorId=30f31686-6204-4c32-b60d-872152b2d5f3_de_DE&name=rettner-ziegler-balkongelaender-gmbh-co-kg,detail_api
RINGANA GmbH RINGANA Partner Jessica Weiß,jessicaweiss.ringana.com,+49 160 94479564,jessica@fanatur.de,"Durmersheimer Straße 89, 76185 Karlsruhe",Germany,Halle 3,M.19,https://www.offerta.de/offerta-live/ausstellendenverzeichnis/?exhibitorId=305003dd-0a73-4bed-93b9-d54ae4fed415_de_DE&name=ringana-gmbh-ringana-partner-jessica-weiss,detail_api
Riedinger Massivholz-Möbel GmbH,riedinger-moebel.de,+49 7223 21019,info@riedinger-moebel.de,"Bußmatten 13, 77815 Bühl",Germany,Halle 3,R.40,https://www.offerta.de/offerta-live/ausstellendenverzeichnis/?exhibitorId=332fee2d-4a4e-4a0b-8b4c-c1585fb06b49_de_DE&name=riedinger-massivholz-moebel-gmbh,detail_api
RS Beschichtung,,4.91773E+11,rs.schwarzneberger@icloud.com,"Hauptstraße 30, 86482 Aystetten",Germany,Halle 2,L.18,https://www.offerta.de/offerta-live/ausstellendenverzeichnis/?exhibitorId=9e7eb046-7934-4bd5-b05e-bc600d3db214_de_DE&name=rs-beschichtung,detail_api
RNS-Energy GmbH,rheinneckarsolar.de,4.97261E+12,info@rheinneckarsolar.de,"Gottlieb-Daimler-Straße 13, 75050 Gemmingen",Germany,Halle 2,H.59,https://www.offerta.de/offerta-live/ausstellendenverzeichnis/?exhibitorId=b439ad99-4c65-4814-9533-49123cdca0d7_de_DE&name=rns-energy-gmbh,detail_api
Rotel GmbH,rotel-deutschland.com,+49 2722 95826 0,info@rotel-deutschland.com,"Zum Kalkofen 27, 57439 Attendorn",Germany,Halle 1,A.21,https://www.offerta.de/offerta-live/ausstellendenverzeichnis/?exhibitorId=5a0b663b-9f41-4bfa-943f-a5f7bae66041_de_DE&name=rotel-gmbh,detail_api
Sanatherm Wellness-Geräte GmbH,sanatherm.de,,j.goettler@sanatherm.de,"Am Busch 20, 26160 Bad Zwischenahn",Germany,Halle 3,N.60,https://www.offerta.de/offerta-live/ausstellendenverzeichnis/?exhibitorId=1b4e35d8-5deb-44ba-be33-51e28767ce2d_de_DE&name=sanatherm-wellness-geraete-gmbh,detail_api
Sanierungsteam Max Eichhorn,ame-bau.de,+49 151 59835016,eichhornmax@hotmail.com,"Heilbronner Str. 33, 76131 Karlsruhe",Germany,Halle 2,"L.33, G.55",https://www.offerta.de/offerta-live/ausstellendenverzeichnis/?exhibitorId=eba1c44d-57e7-4927-a5bd-a12d2d9fb05c_de_DE&name=sanierungsteam-max-eichhorn,detail_api
SAS HAVI,asset.library.wisc.edu,(+33)624301250,fruitssecs57@gmail.com,"124 DES ARMOISIERES, 57000 METZ",France,Halle 1,B.48,https://www.offerta.de/offerta-live/ausstellendenverzeichnis/?exhibitorId=98b6e44f-c239-470d-9fff-2fe1f30df0db_de_DE&name=sas-havi,serper_search
SAS TLM,,+33 6 66 15 39 41,tlmfruit111@gmail.com,"43 rue èmile Zola, 94260 Fresnes",France,Halle 1,C.35,https://www.offerta.de/offerta-live/ausstellendenverzeichnis/?exhibitorId=015fe842-38ab-409f-a972-cda54943dd8f_de_DE&name=sas-tlm,detail_api
Schanz Rollladensysteme GmbH,schanz.com,+49 7484 9291 0,info@schanz.de,"Forchenbusch 9, 72226 Simmersfeld",Germany,Halle 2,G.30,https://www.offerta.de/offerta-live/ausstellendenverzeichnis/?exhibitorId=0bb7934d-82ae-404c-9cbf-7a78cb0a76c5_de_DE&name=schanz-rollladensysteme-gmbh,detail_api
Schmik Abdichtungen,schmik-abdichtungen.de,,schmik.abdichtungen@gmail.com,"Himmelsbach Straße 5, 77960 Seelbach",Germany,Halle 2,L.48,https://www.offerta.de/offerta-live/ausstellendenverzeichnis/?exhibitorId=62524e37-356f-4c8f-8ba5-f46b543d1983_de_DE&name=schmik-abdichtungen,detail_api
SCHOBBA Electriccycle,schobba.com,+49 7803 9669966,info@schobba.com,"Im Fruchtfeld 19, 77791 Berghaupten",Germany,Halle 1,F.40,https://www.offerta.de/offerta-live/ausstellendenverzeichnis/?exhibitorId=b8dbb639-ddf8-48e4-8f32-75d5dade8880_de_DE&name=schobba-electriccycle,detail_api
Schweng GmbH,schweng.eu,+49 6033927980,info@schweng.eu,"R.-Samesreuther-Straße 2, 35510 Butzbach",Germany,Halle 2,H.69,https://www.offerta.de/offerta-live/ausstellendenverzeichnis/?exhibitorId=dbe19fc9-ceef-4e7d-8838-621f97dba4b8_de_DE&name=schweng-gmbh,detail_api
"Scholz-Vertrieb Für ACE Auto, Club",gmx.de,,ace-scholz@gmx.de,"Weiserstraße 44, 56170 Bendorf",Germany,Halle 1,F.78,https://www.offerta.de/offerta-live/ausstellendenverzeichnis/?exhibitorId=72dee01f-db36-4e70-ac7b-1b6a262ebc23_de_DE&name=scholz-vertrieb-fuer-ace-auto-club,detail_api
SE Insektenschutz und Wohndesign,sliakas-wohndesign.de,+49 7022 99 01 009,info@sliakas-wohndesign.de,"Im Schlat 6, 72636 Frickenhausen",Germany,Halle 2,K.41,https://www.offerta.de/offerta-live/ausstellendenverzeichnis/?exhibitorId=9d89bc7b-0f6d-405f-b8fe-b2aa2adb2391_de_DE&name=se-insektenschutz-und-wohndesign,detail_api
Schreinerei Wilhelm KG Der Schuhbutler,schuhbutler.de,+49 821 2628415,info@schuhbutler.de,"Beethovenstraße 10, 86316 Friedberg",Germany,Halle 3,R.15,https://www.offerta.de/offerta-live/ausstellendenverzeichnis/?exhibitorId=21e960ad-81e3-42d1-a3bc-fdfb471ff8ff_de_DE&name=schreinerei-wilhelm-kg-der-schuhbutler,detail_api
Schwimmbad-Henne GmbH,schwimmbad-henne.de,+49 7231 9565 0,info@schwimmbad-henne.de,"Kieselbronner Straße 42, 75177 Pforzheim",Germany,Halle 2,K.21,https://www.offerta.de/offerta-live/ausstellendenverzeichnis/?exhibitorId=a6a544c5-7403-4e64-9ffa-574298c7fd88_de_DE&name=schwimmbad-henne-gmbh,detail_api
Sectra Sicherheitssysteme Trauth & Partner GmbH,sectra.de,+49 7252 5629980,info@sectra.de,"Bruchsaler Straße 79, 75053 Gondelsheim",Germany,Halle 2,i.11,https://www.offerta.de/offerta-live/ausstellendenverzeichnis/?exhibitorId=5af67b4d-0c04-4a3c-9511-75a01888522b_de_DE&name=sectra-sicherheitssysteme-trauth-partner-gmbh,detail_api
Servet Öner Miss Fit,missfit.shop,4.91636E+11,info@missfit.shop,"Clevischer Ring 90, 51063 Köln",Germany,Halle 1,B.58,https://www.offerta.de/offerta-live/ausstellendenverzeichnis/?exhibitorId=3c1fa0b2-63e7-4afa-9202-3178abcfa8f9_de_DE&name=servet-oener-miss-fit,detail_api
Seitz-Mühle,seitz-muehle.de,+49 6220 911-209,info@seitz-muehle.de,"Hauptstr. 9-11, 69253 Heiligkreuzsteinach",Germany,Halle 1,B.40,https://www.offerta.de/offerta-live/ausstellendenverzeichnis/?exhibitorId=bc2e7552-d631-4134-8315-ff667f16b5d8_de_DE&name=seitz-muehle,detail_api
Sesamae Land Mohamad Haj Mohamad Kaskrosh,sesame-land.com,4.91797E+11,mohamad.kaskrosch@gmail.com,"Yorckstrasse3, 69115 Heidelberg",Germany,Halle 1,C.67,https://www.offerta.de/offerta-live/ausstellendenverzeichnis/?exhibitorId=a5d22ade-3772-49c1-8762-713bb2147096_de_DE&name=sesamae-land-mohamad-haj-mohamad-kaskrosh,detail_api
Senci Nähzentrum,naehzentrum-senci.de,+49 721 23491,info@naehzentrum-senci.de,"Amalienstraße 31, 76133 Karlsruhe",Germany,Halle 1,C.04,https://www.offerta.de/offerta-live/ausstellendenverzeichnis/?exhibitorId=2b27393b-7ab1-4a8b-b215-3d37e1469b80_de_DE&name=senci-naehzentrum,detail_api
SFB Südwest Fassadenbau GmbH,suedwest-fassaden.de,+49 7237 4868177,info@suedwest-fassaden.de,"Brunnenrainstraße 19, 75248 Ölbronn-Dürrn",Germany,Halle 2,G.52,https://www.offerta.de/offerta-live/ausstellendenverzeichnis/?exhibitorId=bb728349-d29d-402c-967c-8c606042584b_de_DE&name=sfb-suedwest-fassadenbau-gmbh,detail_api
SI-Energie,si-e.de,4.97243E+12,info@si-e.de,"Karl-Benz-Weg 22, 76275 Ettlingen",Germany,Halle 2,G.29,https://www.offerta.de/offerta-live/ausstellendenverzeichnis/?exhibitorId=857d9bd1-b4d6-4d25-b393-5941d27e480d_de_DE&name=si-energie,detail_api
SOHO Kulinarik – Catering I Event I Restaurant,soho-kulinarik.de,+49 7222 9672 558,info@soho-kulinarik.de,"Klauselsäcker 1, 76479 Steinmauern",Germany,dm-arena,W.77,https://www.offerta.de/offerta-live/ausstellendenverzeichnis/?exhibitorId=3b832bf5-f75e-49bd-b235-62737fe40ed6_de_DE&name=soho-kulinarik-–-catering-i-event-i-restaurant,detail_api
Solar Now,solarnow.de,4.97219E+12,info@solarnow.de,"Wikingerstraße 10, 76189 Karlsruhe",Germany,Halle 2,L.21,https://www.offerta.de/offerta-live/ausstellendenverzeichnis/?exhibitorId=1131d7fb-8444-475a-ae3c-032a9086dd88_de_DE&name=solar-now,detail_api
Singer - Helmut Hämmerle  Maschinenhandel GmbH & Co KG,singer.ag,(+43)557782720,messen@singer.ag,"Glaserweg 37, 6890 Lustenau",Austria,Halle 1,C.40,https://www.offerta.de/offerta-live/ausstellendenverzeichnis/?exhibitorId=dc17614b-b3cd-4d97-a06d-22b784c3e90f_de_DE&name=singer-helmut-haemmerle-maschinenhandel-gmbh-co-kg,detail_api
SK Extrem Lecker GmbH,extremlecker.com,(+33) 64 7888222,sebastien@extremlecker.com,"Am Torhaus 54a, 66113 Saarbrücken",Germany,Halle 1,B.79,https://www.offerta.de/offerta-live/ausstellendenverzeichnis/?exhibitorId=6482aa61-cba8-421c-8f8d-cec14f9e6abe_de_DE&name=sk-extrem-lecker-gmbh,detail_api
Spanndecken Billmann,billmann-spanndecken.de,+49 7254 70304,info@billmann-spanndecken.de,"Weiherweg 29, 68794 Oberhasuen-Rheinhausen",Germany,Halle 2,L.14,https://www.offerta.de/offerta-live/ausstellendenverzeichnis/?exhibitorId=a36ed8f4-8cc6-499a-b579-8632bdf3f7dd_de_DE&name=spanndecken-billmann,detail_api
Springer Medien GmbH Die Laserei,die-laserei.de,+49 7307 955 05 82,info@die-laserei.de,"Magirusstr. 2, 89250 Senden",Germany,Halle 1,B.23,https://www.offerta.de/offerta-live/ausstellendenverzeichnis/?exhibitorId=e1ca560d-6cca-4862-b09d-c291c42ecfac_de_DE&name=springer-medien-gmbh-die-laserei,detail_api
SRS Solartechnik GmbH,srs-solartechnik.de,+49 6661 9110634,info@srs-solartechnik.de,"Friedhofsweg 8, 36381 Schlüchtern",Germany,Halle 2,G.16,https://www.offerta.de/offerta-live/ausstellendenverzeichnis/?exhibitorId=e2be8793-5392-4888-abb5-4c7c77a52bc3_de_DE&name=srs-solartechnik-gmbh,detail_api
Stadt Karlsruhe Amt Zoo,zoo.karlsruhe.de,+49721 1336815,maike.kindinger@zoo.karlsruhe.de,"Ettlinger Straße 6, 76137 Karlsruhe",Germany,Halle 1,D.14,https://www.offerta.de/offerta-live/ausstellendenverzeichnis/?exhibitorId=e1ee7007-16b2-47b6-9e88-d616aaaaab79_de_DE&name=stadt-karlsruhe-amt-zoo,corporate_email
Stadt Rheinstetten,rheinstetten.de,+49 7242 9514 0,kultur@rheinstetten.de,"Rappenwörthstraße 49, 76287 Rheinstetten",Germany,Halle 1,D.18,https://www.offerta.de/offerta-live/ausstellendenverzeichnis/?exhibitorId=92e9bbcd-a086-4a5f-b102-a9a390e24d3f_de_DE&name=stadt-rheinstetten,detail_api
Stadtwerke Karlsruhe GmbH,stadtwerke-karlsruhe.de,+49 721 599 0,postbox@stadtwerke-karlsruhe.de,"Daxlander Straße 72, 76185 Karlsruhe",Germany,dm-arena,Z.38,https://www.offerta.de/offerta-live/ausstellendenverzeichnis/?exhibitorId=8fc0e76c-ef46-457e-9cbf-a521ce6cd406_de_DE&name=stadtwerke-karlsruhe-gmbh,detail_api
Stadtbibliothek Karlsruhe,stadtbibliothek.karlsruhe.de,,stadtbibliothek@kultur.karlsruhe.de,"Ständehausstraße 2, 76133 Karlsruhe",Germany,Halle 3,O.39,https://www.offerta.de/offerta-live/ausstellendenverzeichnis/?exhibitorId=29b77585-3e2c-4100-91a0-9b9261f1a009_de_DE&name=stadtbibliothek-karlsruhe,detail_api
Stadt- und Kreisfeuerwehrverband Karlsruhe e.V.,sfv-ka.de,+49 721 670278,info@sfv-ka.de,"Karlsruher Straße 9, 76139 Karlsruhe",Germany,Halle 2,i.59,https://www.offerta.de/offerta-live/ausstellendenverzeichnis/?exhibitorId=e6908a1a-d84f-4adf-9f28-2e0a801c5b1b_de_DE&name=stadt-und-kreisfeuerwehrverband-karlsruhe-e-v-,detail_api
Stein Fugen Technik Trossbach,romex-ag.de,+49 157 30410847,Joschitrossbach@msn.com,"Am Weidensatz 45, 76756 Bellheim",Germany,Halle 2,K.03,https://www.offerta.de/offerta-live/ausstellendenverzeichnis/?exhibitorId=83a87d40-64e3-4826-8372-17d16bf070f5_de_DE&name=stein-fugen-technik-trossbach,detail_api
Steinfresh Mittelbaden GmbH,steinfresh-mittelbaden.de,4.91766E+12,info@steinfresh-mittelbaden.de,"Jasminstraße 8, 76571 Gaggenau",Germany,Halle 2,G.11,https://www.offerta.de/offerta-live/ausstellendenverzeichnis/?exhibitorId=88fe752d-1672-4c0d-9c67-b89b34312632_de_DE&name=steinfresh-mittelbaden-gmbh,detail_api
Storch und Beller & Co. GmbH Medizin- und Orthopädietechnik,storch-beller.de,0721-55 900 0,,"Nördliche Uferstraße 11, 76189 Karlsruhe",Germany,Aktionshalle,AH13,https://www.offerta.de/offerta-live/ausstellendenverzeichnis/?exhibitorId=338f2a79-8c1f-48be-8317-08178550663e_de_DE&name=storch-und-beller-co-gmbh-medizin-und-orthopaedietechnik,detail_api
Stranger 74 The Cocktailbus,thecocktailbus.de,,Stranger74@thecocktailbus.de,"Eisenhowerstraße 1, 89231 Neu-Ulm",Germany,"dm-arena, Halle 1","W.60, D.50",https://www.offerta.de/offerta-live/ausstellendenverzeichnis/?exhibitorId=0c3da6d9-2d20-4fbb-82ef-9d0ba593a241_de_DE&name=stranger-74-the-cocktailbus,detail_api
STREIF Haus GmbH,streif.de,+49 6551 1200,marketing@streif.de,"Josef-Streif-Straße 1, 54595 Weinsheim",Germany,Halle 2,L.61,https://www.offerta.de/offerta-live/ausstellendenverzeichnis/?exhibitorId=77f4a797-f674-405c-8791-c3f751e4a303_de_DE&name=streif-haus-gmbh,detail_api
Street Cookery’s,street-cookerys.de,+49 176 84678477,Info@street-cookerys.de,"Rebgärtenstraße 45, 76228 Karlsruhe",Germany,dm-arena,W.65,https://www.offerta.de/offerta-live/ausstellendenverzeichnis/?exhibitorId=d2fe5b94-5b40-4bcc-aa82-de222ed9f1a1_de_DE&name=street-cookery’s,detail_api
Streuobstinitiative im Stadt- und Landkreis KA e.V.,streuobstinitiative.de,+49 7251 3486931,info@streuobstinitiative.de,"Heidelberger Straße 10, 76646 Bruchsal",Germany,Halle 1,D.28,https://www.offerta.de/offerta-live/ausstellendenverzeichnis/?exhibitorId=ec65faba-e16c-4e04-939b-9c18e9c209cb_de_DE&name=streuobstinitiative-im-stadt-und-landkreis-ka-e-v-,detail_api
Sweet on Wheels,bbs.fobshanghai.com,4.91763E+12,Sweetonwheels@outlook.de,"Kleikamp67a, 48720 Rosendahl",Germany,dm-arena,"W.61, T.61",https://www.offerta.de/offerta-live/ausstellendenverzeichnis/?exhibitorId=292bef54-c688-41da-bc72-65ec4c585606_de_DE&name=sweet-on-wheels,serper_search
Striezelwerk,striezelwerk.de,,,"Römerstrasse 25, 69115 Heidelberg",Germany,dm-arena,S.46,https://www.offerta.de/offerta-live/ausstellendenverzeichnis/?exhibitorId=ca9ee2c9-d122-49a2-8926-7d674f7f14fd_de_DE&name=striezelwerk,curated_brand_domain
Sucietto + Wöschler GmbH,sucietto.de,+49 7271 989898,info@sucietto.de,"Im Bruch 5, 76744 Wörth am Rhein",Germany,Halle 2,L.59,https://www.offerta.de/offerta-live/ausstellendenverzeichnis/?exhibitorId=10c3b1e6-e5e8-47bf-9259-2de6e7ddc4d2_de_DE&name=sucietto-woeschler-gmbh,detail_api
Tasci Hamit,info@tasci-bag.de,,info@tasci-bag.de,"Ludwig-Roebel-Straße 7, 68309 Mannheim",Germany,Halle 1,A.29,https://www.offerta.de/offerta-live/ausstellendenverzeichnis/?exhibitorId=fe62d6a5-9c63-4c30-90b2-2c59edcdcdd1_de_DE&name=tasci-hamit,detail_api
Tapas locas Sandra Mahler,tapaslocas.de,,tapaslocas1@gmail.com,"Unterer Bogen 36, 39291 Lostau",Germany,dm-arena,W.63,https://www.offerta.de/offerta-live/ausstellendenverzeichnis/?exhibitorId=7c88c3d2-9616-404c-b85c-55b678d10d9e_de_DE&name=tapas-locas-sandra-mahler,curated_brand_domain
Thermen ITALIA,thermenitalia.de,+49 6223 487 77 88,office@thermenitalia.de,"Hauptstraße 30, 69245 Bammental",Germany,Aktionshalle,AH12,https://www.offerta.de/offerta-live/ausstellendenverzeichnis/?exhibitorId=b1de079d-097b-481f-ad69-439575b3e96d_de_DE&name=thermen-italia,detail_api
Systembau Bruckert GmbH Boris Bruckert,bruckert-systembau.de,+49171 8346103,stoerzer.sascha@t-online.de,"Schlattweg 9, 72178 Waldachtal",Germany,Halle 2,L.28,https://www.offerta.de/offerta-live/ausstellendenverzeichnis/?exhibitorId=73c723b4-d7e6-4903-b6d9-5e33178a2383_de_DE&name=systembau-bruckert-gmbh-boris-bruckert,detail_api
Thermofonte AG,thermofonte.ch,(+41) 71 393 81 18,info@thermofonte.ch,"Schändrichstrasse 7, 9230 Flawil",Switzerland,Halle 3,O.50,https://www.offerta.de/offerta-live/ausstellendenverzeichnis/?exhibitorId=a802ae61-ef35-41a6-8b89-87335c57ae32_de_DE&name=thermofonte-ag,detail_api
Tim Gören Käsejagd,haus-garten-freizeit.de,4.91762E+12,Kaesejagd@web.de,"Bensheimer str 20, 40229 Düsseldorf",Germany,Halle 1,C.66,https://www.offerta.de/offerta-live/ausstellendenverzeichnis/?exhibitorId=eff36ea4-854f-4dd1-99ba-b6962cf0315e_de_DE&name=tim-goeren-kaesejagd,serper_search
Tiroler Hofladen  Witz & Lutter GbR,tiroler-hofladen.eu,,info@tiroler-hofladen.eu,"Kirchgasse 4, 07387 Krölpa",Germany,Halle 1,E.01,https://www.offerta.de/offerta-live/ausstellendenverzeichnis/?exhibitorId=4cd5d59c-196b-4232-9bbc-991e86d288cd_de_DE&name=tiroler-hofladen-witz-lutter-gbr,detail_api
TL Team Solar GmbH,tlteamsolar.de,4.97232E+12,r.mroncz@tlteamsolar.de,"Höhenstraße 7, 75239 Eisingen",Germany,Halle 2,L.41,https://www.offerta.de/offerta-live/ausstellendenverzeichnis/?exhibitorId=65272c2e-6ad0-4d57-84db-de49f24871ff_de_DE&name=tl-team-solar-gmbh,detail_api
TLP GmbH Wellness-Point,wellness-point.com,(+43) 664 393 4322,michael.edlinger@wellness-point.com,"Sankt Marthastraße 13, 8733 St. Marein",Austria,Halle 2,L.02,https://www.offerta.de/offerta-live/ausstellendenverzeichnis/?exhibitorId=79310cdd-0592-4ea9-8677-fb7f9a2f6de3_de_DE&name=tlp-gmbh-wellness-point,detail_api
Traber's Flammhütte,,+49 178 4036588,gtraber@gmx.net,"Posenerstraße 202, 40231 Düsseldorf",Germany,Aktionshalle,H4,https://www.offerta.de/offerta-live/ausstellendenverzeichnis/?exhibitorId=ec29f40e-51ba-43b5-a318-bd32b5a56928_de_DE&name=traber-s-flammhuette,detail_api
TOSSIT,tossit.game,015563040721,adminDE@tossit.game,"Tina 3 /1-5, 10126 Tallinn",Estonia,dm-arena,W.41,https://www.offerta.de/offerta-live/ausstellendenverzeichnis/?exhibitorId=81b73677-a2eb-4f9d-b124-235d19c1378e_de_DE&name=tossit,detail_api
Trauerhilfe Stier OHG,trauerhilfe-stier.de,+49721 9646010,intern@trauerhilfe-stier.de,"Gerwigstraße 10, 76131 Karlsruhe",Germany,Aktionshalle,AH08,https://www.offerta.de/offerta-live/ausstellendenverzeichnis/?exhibitorId=824ab6e5-d0e9-405c-837f-5d5043541aad_de_DE&name=trauerhilfe-stier-ohg,detail_api
Trauerhilfe-Raithel,trauerhilfe-raithel.de,+49 721 20400904,info@trauerhilfe-raithel.de,"Am Wetterbach 90, 76228 Karlsruhe",Germany,Halle 3,M.79,https://www.offerta.de/offerta-live/ausstellendenverzeichnis/?exhibitorId=5479dded-6560-40c0-abb5-f9c153abe07a_de_DE&name=trauerhilfe-raithel,detail_api
Treppenrenovierer Werner,werner.hafa-treppen.de,+49 7381 182418,w_werner@live.de,"Talstraße 13, 72525 Münsingen-Dottingen",Germany,Halle 2,H.61,https://www.offerta.de/offerta-live/ausstellendenverzeichnis/?exhibitorId=7ca4e4ed-860e-4dca-b8ae-7ab15dbeebaf_de_DE&name=treppenrenovierer-werner,detail_api
Träume Exclusiv,traeume-exclusiv.de,+49 170 8099995,info@traeume-exclusiv.de,"Kurt-Schumacher-Str. 11, 61194 Niddatal",Germany,Halle 3,M.60,https://www.offerta.de/offerta-live/ausstellendenverzeichnis/?exhibitorId=14cdba51-1613-41ee-9dda-90d481b4f356_de_DE&name=traeume-exclusiv,detail_api
"TW-Holzbau, Einzelunternehmen",tw-holzbau.de,+49 7224 65897 0,info@tw-holzbau.de,"Am Reichenbach 3, 76593 Gernsbach",Germany,Halle 2,G.04,https://www.offerta.de/offerta-live/ausstellendenverzeichnis/?exhibitorId=218577d2-eef9-473b-867a-01e3a4173418_de_DE&name=tw-holzbau-einzelunternehmen,detail_api
Tête de Moine VTF/ AFT,tetedemoine.ch,(+41) 32 94177 77,info@tetedemoine.ch,"Le Domaine 1, 2713 Bellelay",Switzerland,Halle 1,A.09,https://www.offerta.de/offerta-live/ausstellendenverzeichnis/?exhibitorId=39e03119-8359-4a55-a8b6-0fb7848d50dd_de_DE&name=tête-de-moine-vtf-aft,detail_api
Umwelt- und Energieagentur Kreis Karlsruhe GmbH,uea-kreiska.de,+49  721 936 99600,info@uea-kreiska.de,"Hermann-Beuttenmüller-Straße 6, 75015 Bretten",Germany,Halle 2,i.78,https://www.offerta.de/offerta-live/ausstellendenverzeichnis/?exhibitorId=45bb3df1-df65-4052-97ae-bc3675235627_de_DE&name=umwelt-und-energieagentur-kreis-karlsruhe-gmbh,detail_api
Unimatic Vertriebs-GmbH,unimatic-tiamo.de,+49 7641 570157,messe@unimatic-tiamo.de,"Schwarzwaldstraße 7, 79312 Emmendingen",Germany,Halle 2,G.41,https://www.offerta.de/offerta-live/ausstellendenverzeichnis/?exhibitorId=f001b10f-1e70-40c8-9139-2158ab5ab0cc_de_DE&name=unimatic-vertriebs-gmbh,detail_api
Vaillant Deutschland GmbH & Co. KG,vaillant.de,+49 2191 180,info@vaillant.de,"Berghauser Straße 40, 42859 Remscheid",Germany,Halle 2,K.19,https://www.offerta.de/offerta-live/ausstellendenverzeichnis/?exhibitorId=512bdc10-f192-41b1-a0bf-13f17f836313_de_DE&name=vaillant-deutschland-gmbh-co-kg,detail_api
VAKUTECH Eric Windler,vakutech.de,+49 3772 3730118,info@vakutech.de,"Wildbacher-Glück-Auf-Weg 4, 08280 Aue-Bad Schlema",Germany,Halle 1,A.63,https://www.offerta.de/offerta-live/ausstellendenverzeichnis/?exhibitorId=1bee7860-040b-4675-ae66-23cc4df389df_de_DE&name=vakutech-eric-windler,detail_api
Vario Überdachungstechnik Kielgast GmbH & Co. KG,kielgast.de,+49 291 7422,info@kielgast.de,"Auf'm Brinke 14, 59872 Meschede",Germany,Halle 2,G.19,https://www.offerta.de/offerta-live/ausstellendenverzeichnis/?exhibitorId=06bc1c08-965d-4b31-9383-6d2422cd4b7e_de_DE&name=vario-ueberdachungstechnik-kielgast-gmbh-co-kg,detail_api
Verbraucherzentrale Baden-Württenberg e.V.,,,,"Paulinenstraße 47, 70178 Stuttgart",Germany,Halle 2,i.78,https://www.offerta.de/offerta-live/ausstellendenverzeichnis/?exhibitorId=2e047c77-93e4-4703-a13f-fc5da3355e9a_de_DE&name=verbraucherzentrale-baden-wuerttenberg-e-v-,detail_api
Viessmann Deutschland GmbH,viessmann.de,06452 70-0,info@viessmann.com,"Viessmannstr. 1, 35108 Allendorf (Eder)",Germany,Halle 2,K.58,https://www.offerta.de/offerta-live/ausstellendenverzeichnis/?exhibitorId=e42c8eb9-1544-48e1-ac98-0d37324669e7_de_DE&name=viessmann-deutschland-gmbh,detail_api
Verein Südliche Weinstrasse Herxheim e.V.,suedlicheweinstrasse.de,+49 7276 501107,verein-suew@herxheim.de,"Obere Hauptstraße 2, 76863 Herxheim",Germany,Halle 1,F.09,https://www.offerta.de/offerta-live/ausstellendenverzeichnis/?exhibitorId=641ef7af-7872-4fda-855f-d463ca47f4e2_de_DE&name=verein-suedliche-weinstrasse-herxheim-e-v-,detail_api
Vital Gesundheitspraxis,vital-gesundheitspraxis.com,+49 7225 9866 063,hurrle.christina@gmail.com,"Orchideenweg 14, 76571 Gaggenau",Germany,Halle 3,M.51,https://www.offerta.de/offerta-live/ausstellendenverzeichnis/?exhibitorId=7b4b5e97-45c8-4af1-9abb-34c9ecf77e0e_de_DE&name=vital-gesundheitspraxis,detail_api
VMG Vertriebs-Marketing Gesellschaft mbH,gutscheinbuch.de,+49 624120260,info@gutscheinbuch.de,"Niedesheimer Straße 18, 67547 Worms",Germany,Halle 1,F.38,https://www.offerta.de/offerta-live/ausstellendenverzeichnis/?exhibitorId=90e3db43-d893-48a1-91fb-60454e5f7a76_de_DE&name=vmg-vertriebs-marketing-gesellschaft-mbh,detail_api
Volkshochschule Karlsruhe e.V.,vhs-karlsruhe.de,+49 721 98575 0,info@vhs-karlsruhe.de,"Kaiserallee 12e, 76133 Karlsruhe",Germany,Halle 1,F.34,https://www.offerta.de/offerta-live/ausstellendenverzeichnis/?exhibitorId=f16bad31-7a1d-4173-8485-42ea7dd6b1cb_de_DE&name=volkshochschule-karlsruhe-e-v-,detail_api
Vorwerk Deutschland Stiftung & Co. KG Geschäftsbereich Thermomix,vorwerk.de,+49 202 564 3000,kundenservice@vorwerk.de,"Rauental 38, 42270 Wuppertal",Germany,Halle 1,B.60,https://www.offerta.de/offerta-live/ausstellendenverzeichnis/?exhibitorId=37dc3d24-70d2-4cec-b747-32206f2f432a_de_DE&name=vorwerk-deutschland-stiftung-co-kg-geschaeftsbereich-thermomix,detail_api
Vorwerk Deutschland Stiftung & Co. KG,vorwerk.de,+49 202 564 3000,kundenservice@vorwerk.de,"Rauental 38, 42270 Wuppertal",Germany,Halle 1,A.60,https://www.offerta.de/offerta-live/ausstellendenverzeichnis/?exhibitorId=3c039a08-63ed-4471-aa89-6a1ab546dbe8_de_DE&name=vorwerk-deutschland-stiftung-co-kg,detail_api
Waldenmaier GmbH + Co. KG Insektenschutzsysteme,fliegle.de,+49 791 946707 0,info@fliegle.de,"Raiffeisenstraße 41, 74523 Schwäbisch Hall",Germany,Halle 2,L.52,https://www.offerta.de/offerta-live/ausstellendenverzeichnis/?exhibitorId=334b2298-8ba3-4125-826d-4719c5338472_de_DE&name=waldenmaier-gmbh-co-kg-insektenschutzsysteme,detail_api
Wasserbetten-Oase,wasserbetten-oase.de,+49 7532 2358,info@wasserbetten-oase.de,"Dr. Zimmermannstraße 56, 88709 Meersburg",Germany,Halle 3,R.19,https://www.offerta.de/offerta-live/ausstellendenverzeichnis/?exhibitorId=a9632e3e-1d74-49de-8963-82012b1f8faf_de_DE&name=wasserbetten-oase,detail_api
Wasserbotschaften Ralf Falkenstein,wasserbotschaften.eu,+49 6724 6057941,reineswasser@deutschland.ms,"Sonnenhang 10, 55444 Seibersbach",Germany,Halle 3,M.55,https://www.offerta.de/offerta-live/ausstellendenverzeichnis/?exhibitorId=c2ba964c-97f6-451c-8e7d-4465dac1e485_de_DE&name=wasserbotschaften-ralf-falkenstein,detail_api
WBS Wasserbehandlungssysteme Berthold Wehrle,derwassermann.net,+49 172 7375800,b-wehrle@t-online.de,"Dobelweg 6, 76337 Waldbronn",Germany,Halle 2,L.44,https://www.offerta.de/offerta-live/ausstellendenverzeichnis/?exhibitorId=d31439b2-10d6-48fb-8b46-5540d1624f27_de_DE&name=wbs-wasserbehandlungssysteme-berthold-wehrle,detail_api
WAWI Schoko-Welt GmbH,wawi.com,+49 6331 239990,info@wawi.com,"Unterer Sommerwaldweg 18-20, 66953 Pirmasens",Germany,Halle 1,B.74,https://www.offerta.de/offerta-live/ausstellendenverzeichnis/?exhibitorId=f16a8a39-b40b-4b2b-bdb4-b344e08c47e9_de_DE&name=wawi-schoko-welt-gmbh,detail_api
watercat GmbH,watercat.de,+49 77219520,info@watercat.de,"Am Krebsgraben 15, 78048 Villingen-Schwenningen",Germany,Halle 2,L.38,https://www.offerta.de/offerta-live/ausstellendenverzeichnis/?exhibitorId=86e74b3b-0940-4e53-8160-ef678ebd0b24_de_DE&name=watercat-gmbh,detail_api
Wein- und Sektkellerei Jakob Gerhardt GmbH & Co. KG,jakobgerhardt.de,+49 6133 507 0,info@jakobgerhardt.de,"Dalheimer Straße 70, 55278 Dexheim",Germany,dm-arena,W.38,https://www.offerta.de/offerta-live/ausstellendenverzeichnis/?exhibitorId=f166b524-3855-4b12-a29c-940517aadff3_de_DE&name=wein-und-sektkellerei-jakob-gerhardt-gmbh-co-kg,detail_api
Wenatex Das Schlafsystem GmbH,wenatex.com,+49 8654 772354,info@wenatex.com,"Sägewerkstraße 5, 83416 Saaldorf-Surheim",Germany,Halle 3,N.41,https://www.offerta.de/offerta-live/ausstellendenverzeichnis/?exhibitorId=90961449-0c93-4da8-9c76-c004eab7eabb_de_DE&name=wenatex-das-schlafsystem-gmbh,detail_api
Willy Krusig,krusig.de,+49 721 6237306,info@krusig.de,"Hagsfelder Weg 4, 76344 Eggenstein - Leopoldshafen",Germany,"dm-arena, Aktionshalle","S.92, H8, H10",https://www.offerta.de/offerta-live/ausstellendenverzeichnis/?exhibitorId=63957675-c6f6-4e18-b0ff-2802f51742b0_de_DE&name=willy-krusig,detail_api
WHIRLPOOL & LIVING GmbH,whirlpool-living.de,+49 7202 9387848,karlsbad@whirlpool-living.de,"Ettlingerstraße 4, 76307 Karlsbad",Germany,Halle 3,O.61,https://www.offerta.de/offerta-live/ausstellendenverzeichnis/?exhibitorId=30fcc5c6-148c-4bf0-ab63-f52edbfcdc2b_de_DE&name=whirlpool-living-gmbh,detail_api
Wümmys Mampfhexle,mampfhexle.de,+49 15733323441,mampfhexle@gmx.de,"Alte Uhldinger Str. 1a, 88690 Uhldingen-Mühlhofen",Germany,dm-arena,W.94,https://www.offerta.de/offerta-live/ausstellendenverzeichnis/?exhibitorId=b0fd449b-0f64-4d54-a51b-3de34c4b51ff_de_DE&name=wuemmys-mampfhexle,detail_api
XXXLutz Mann Mobilia,xxxlutz.de,+49 721 6096 0,al.kuechen.kr@xxxlutz.de,"Durlacher Allee 109, 76137 Karlsruhe",Germany,Halle 2,H.60,https://www.offerta.de/offerta-live/ausstellendenverzeichnis/?exhibitorId=a29d0a08-e8dc-45a8-95df-41f9768b7b07_de_DE&name=xxxlutz-mann-mobilia,detail_api
Zebra-Fahrschule Axel Reichenberger,zebra-fahrschule.de,+49 721 577522,zebra-fahrschule@t-online.de,"Nelkenstraße 1, 76135 Karlsruhe",Germany,dm-arena,S.02,https://www.offerta.de/offerta-live/ausstellendenverzeichnis/?exhibitorId=2547b17a-0ff7-446f-8d64-40c35d95d3a0_de_DE&name=zebra-fahrschule-axel-reichenberger,detail_api
ZamZam-Shop,zamzam-shop.com,+49 1521 7539684,info@zamzam-shop.com,"Senftenberger Ring 66, 13435 Berlin",Germany,Halle 1,C.23,https://www.offerta.de/offerta-live/ausstellendenverzeichnis/?exhibitorId=1662c3eb-b6f3-432f-975a-a8942df66835_de_DE&name=zamzam-shop,detail_api
Ziegler Hörgeräte,ziegler-hoergeraete.com,+49 721 94545440,info@ziegler-hoergeraete.com,"Bahnhofplatz 8, 76137 Karlsruhe",Germany,Aktionshalle,AH05,https://www.offerta.de/offerta-live/ausstellendenverzeichnis/?exhibitorId=5ab2d720-ae19-4082-95dd-bd7ac3600b08_de_DE&name=ziegler-hoergeraete,detail_api
Zielinsky Universal-Stein GmbH & Co.KG,universalstein.com,+49 4956 91880,info@universalstein.de,"Barkensweg 50, 26670 Uplengen",Germany,Halle 1,A.61,https://www.offerta.de/offerta-live/ausstellendenverzeichnis/?exhibitorId=d68d0bbe-a4cb-4e81-8b39-afe7a88489e3_de_DE&name=zielinsky-universal-stein-gmbh-co-kg,detail_api
Wela-Trognitz Fritz Busch GmbH & Co. KG,wela-suppen.de,+49 9263 94 20,info@wela-suppen.de,"Alte Poststraße 12-13, 96337 Ludwigsstadt",Germany,Halle 1,A.67,https://www.offerta.de/offerta-live/ausstellendenverzeichnis/?exhibitorId=bde36204-1285-4ebc-8f81-26d92cafd89e_de_DE&name=wela-trognitz-fritz-busch-gmbh-co-kg,detail_api
Ökumenische Citykirchenarbeit Fächersegen,faechersegen.de,+49721 9127451,info@faechersegen.de,"Herrenstraße 16, 76139 Karlsruhe",Germany,dm-arena,S.03,https://www.offerta.de/offerta-live/ausstellendenverzeichnis/?exhibitorId=835c1c4f-f317-4e8c-928e-cd256a4584d2_de_DE&name=oekumenische-citykirchenarbeit-faechersegen,detail_api
