exhibitor_name,domain,contact_number,mail,location,country,booth_no,desc,linkedin_url,city,profile_url,event_source
4B-FRANCE,go4b.com,,,"114 Rue de Calonges, 47440 Casseneuil, France",France,D10,,https://fr.linkedin.com/showcase/4b-france,Casseneuil,https://www.vractech.com/fr/partner/c54fb7fc-0d63-f111-8fcb-6045bd954326/4b-france,https://www.vractech.com/fr/partners
AA BIOMASSE,aa-biomasse.com,,,"114 Rue de Calonges, 47440 Casseneuil, France",France,H20,,,Casseneuil,https://www.vractech.com/fr/partner/dc4fb7fc-0d63-f111-8fcb-6045bd954326/aa-biomasse,https://www.vractech.com/fr/partners
AAF INTERNATIONAL,aafintl.com,,,"114 Rue de Calonges, 47440 Casseneuil, France",France,E44,"AAF International: Over 100 Years Helping Industry Achieve Cleaner, Safer and More Efficient Air AAF International helps companies around the world create safer working environments, protect their manufacturing processes and reduce the environmental impact associated with dust and particulate emissions. As part of the Daikin Industries Group, we combine the expertise of a specialist filtration company with the strength and resources of a global organisation renowned for its technological and industrial capabilities. Our business focuses on the design, manufacture and supply of dust collection and filtration systems for industrial applications. We develop solutions capable of handling a wide range of dusts generated throughout manufacturing processes, tailoring each system to the specific requirements of the facility. Our objective goes beyond regulatory compliance. We aim to improve worker safety, optimise process performance and contribute to more efficient industrial operations. With an international presence, manufacturing and development centres located across different regions of the world, and an extensive service and support network, AAF International supports customers throughout the entire lifecycle of their filtration systems. From initial engineering and technology selection through to maintenance and spare parts supply, we work to ensure reliable and consistent long-term performance. Our experience spans a broad range of industries, including chemicals, food and beverage, pharmaceuticals, automotive, metal processing, recycling, minerals, wood and paper, among many others. This diversity has enabled us to develop a deep understanding of the real challenges faced by modern industrial processes, as well as the specific characteristics of different dust types and emissions. AAF International's portfolio includes cartridge and baghouse dust collectors, wet collectors, specialised filtration systems, and a comprehensive range of services and consumables. Every solution is designed to deliver high levels of performance, durability and energy efficiency, helping customers reduce operating costs and maximise plant availability. Innovation, safety and customer proximity are at the heart of the way we work. We believe that every industrial application is unique and that the best solutions come from a thorough understanding of the process, operational objectives and specific challenges of each customer. By combining technical expertise, engineering capability and a long-term perspective, we deliver solutions that create tangible value from day one.",https://www.linkedin.com/showcase/aaf-international-industrial-air-quality,Casseneuil,https://www.vractech.com/fr/partner/caf8bf16-1f6e-f111-ac9b-6045bd954d86/aaf-international,https://www.vractech.com/fr/partners
ACETT,acett.eu,,,"114 Rue de Calonges, 47440 Casseneuil, France",France,G46,"French manufacturer of industrial equipment since 1986. We design and manufacture custom solutions for the transfer, dosing, and routing of your bulk products (powders, granules, waste). Our Expertise: Rotary valves: Full range of high-performance solutions. Diverters & Valves: Ensuring reliability and tightness for your process flows. Lump breakers: Guaranteed flowability for your materials. Services: Maintenance, reconditioning, and spare parts for all brands. French excellence serving your industrial facilities.",https://www.linkedin.com/company/acett-sas/posts/?feedView=all,Casseneuil,https://www.vractech.com/fr/partner/838e7ff2-8974-f111-ac9b-6045bd954d86/acett,https://www.vractech.com/fr/partners
ACM,acm-vis-archimede.com,,,"114 Rue de Calonges, 47440 Casseneuil, France",France,E48,,,Casseneuil,https://www.vractech.com/fr/partner/e64fb7fc-0d63-f111-8fcb-6045bd954326/acm,https://www.vractech.com/fr/partners
AD PACK,adpack.fr,,,"114 Rue de Calonges, 47440 Casseneuil, France",France,A39,"Spécialiste depuis 1984 dans les équipements de conditionnement, AD PACK propose des machines et des lignes d’ensachage et d’emballage :  ensacheuses,  presse-ensacheuses à balles,  étuyeuses en boites carton, jusqu’aux équipements de fin de ligne :  encaisseuses,  robots de palettisation et palettiseurs,  banderoleuses et housseuses. Grace à son expérience, notre équipe apporte son savoir-faire et son expérience afin d’y répondre de façon efficace et adaptés. Nous analysons chaque projet en fonction des demandes et des contraintes du client afin de lui apporter une solution techniquement et économiquement la plus adaptée.. Les machines ont été sélectionnés sur leur technicité et leur capacité à répondre aux exigences de notre clientèle en apportant fiabilité, flexibilité et performance. Notre propre service technique assure à notre clientèle l’ensemble du service après-vente en collaboration avec nos constructeurs et apporte un support technique de proximité.",https://www.linkedin.com/company/adpack,Casseneuil,https://www.vractech.com/fr/partner/f94fb7fc-0d63-f111-8fcb-6045bd954326/ad-pack,https://www.vractech.com/fr/partners
Adix Explosion Protection,adixatex.com,,,"114 Rue de Calonges, 47440 Casseneuil, France",France,D21,"At Adix Explosion Protection, we are a company specialized in the prevention and protection against explosions in industrial environments. With more than 20 years of experience, we offer innovative and customized solutions to meet the specific needs of each client, guaranteeing the safety of people and processes. Our commitment to safety, innovation and proximity drives us to continuously improve our products, ensuring effective solutions for sectors such as the chemical, food, pharmaceutical, wood industries, etc. We stand out for our engineering, consulting and training in ATEX environments, designing solutions that comply with the most demanding international regulations. From risk analysis to equipment maintenance, we provide a comprehensive service to minimize the risk of explosions and optimize operational efficiency.",https://www.linkedin.com/company/adix-explosion-protection-/,Casseneuil,https://www.vractech.com/fr/partner/5cba2d03-0e63-f111-8fcb-6045bd954326/adix-explosion-protection,https://www.vractech.com/fr/partners
ADVENTICE ASPIRATEURS INDUSTRIELS,adventice.fr,,,"114 Rue de Calonges, 47440 Casseneuil, France",France,E52,"Adventice manufactures high-vacuum solutions for industrial clients for over 20 years. We design both centralized vacuum systems for large-scale industries and mobile or stationary vacuum solutions for all types of waste, chips, dust, and oils. These solutions address worker health and safety challenges by capturing toxic dust directly at workstations and include a wide range of Atex-compliant systems for explosive dust. Official DISAB distributor in France. We also offer a high-performance and innovative range, designed to meet the needs of heavy industrial and construction environments : - Portable and mobile vacuum units - Vacuum trucks - Centralized vacuum systems",https://www.linkedin.com/company/18814087,Casseneuil,https://www.vractech.com/fr/partner/81ba2d03-0e63-f111-8fcb-6045bd954326/adventice-aspirateurs-industriels,https://www.vractech.com/fr/partners
AERZEN RENTAL SOLUTIONS,aerzenrental.com,,,"114 Rue de Calonges, 47440 Casseneuil, France",France,C52,,,Casseneuil,https://www.vractech.com/fr/partner/99ba2d03-0e63-f111-8fcb-6045bd954326/aerzen-rental-solutions,https://www.vractech.com/fr/partners
AETIC,aetic.eu,,,"114 Rue de Calonges, 47440 Casseneuil, France",France,D22,"Chez Aetic, nous proposons une offre complète dédiée à l'optimisation des process de production au sein du secteur industries céréalières et pulvérulent.",,Casseneuil,https://www.vractech.com/fr/partner/a4ba2d03-0e63-f111-8fcb-6045bd954326/aetic,https://www.vractech.com/fr/partners
AL INDUSTRIE,al-industrie.fr,,,"114 Rue de Calonges, 47440 Casseneuil, France",France,H20,,,Casseneuil,https://www.vractech.com/fr/partner/b2ba2d03-0e63-f111-8fcb-6045bd954326/al-industrie,https://www.vractech.com/fr/partners
AMETIS,ametis.eu,,,"114 Rue de Calonges, 47440 Casseneuil, France",France,C9,,https://www.linkedin.com/company/ametis-vitadresse/,Casseneuil,https://www.vractech.com/fr/partner/e53b3409-0e63-f111-8fcb-6045bd954326/ametis,https://www.vractech.com/fr/partners
AMIXON,amixon.com,,,"114 Rue de Calonges, 47440 Casseneuil, France",France,F37,Represented by AZO FRANCE,https://www.linkedin.com/company/amixon-gmbh,Casseneuil,https://www.vractech.com/fr/partner/2dd79e7c-0e63-f111-8fcb-6045bd954326/amixon,https://www.vractech.com/fr/partners
AMOS INDUSTRIE,amos-industrie.com,,,"114 Rue de Calonges, 47440 Casseneuil, France",France,C18,"Amos Industrie designs, manufactures and installs conveyor and calibration lines for industry. To meet its customers' specific needs, Amos Industrie offers a range of innovative, high-performance products developed by its Research & Development department. Made in France.",https://www.linkedin.com/company/93117805/,Casseneuil,https://www.vractech.com/fr/partner/fb3b3409-0e63-f111-8fcb-6045bd954326/amos-industrie,https://www.vractech.com/fr/partners
ARCEN FRANCE SARL,arcen.fr,,,"114 Rue de Calonges, 47440 Casseneuil, France",France,C29,,,Casseneuil,https://www.vractech.com/fr/partner/103c3409-0e63-f111-8fcb-6045bd954326/arcen-france-sarl,https://www.vractech.com/fr/partners
ARCHIMEDYS,archimedys.com,,,"114 Rue de Calonges, 47440 Casseneuil, France",France,B23,,,Casseneuil,https://www.vractech.com/fr/partner/173c3409-0e63-f111-8fcb-6045bd954326/archimedys,https://www.vractech.com/fr/partners
ATCI PROCESS,annuaire-entreprises.data.gouv.fr,,,"114 Rue de Calonges, 47440 Casseneuil, France",France,A3,,https://fr.linkedin.com/company/atci-process,Casseneuil,https://www.vractech.com/fr/partner/203c3409-0e63-f111-8fcb-6045bd954326/atci-process,https://www.vractech.com/fr/partners
ATEM,atem-industrie.com,,,"114 Rue de Calonges, 47440 Casseneuil, France",France,D43,,,Casseneuil,https://www.vractech.com/fr/partner/283c3409-0e63-f111-8fcb-6045bd954326/atem,https://www.vractech.com/fr/partners
ATEX EXPLOSION PROTECTION,atex100.com,,,"114 Rue de Calonges, 47440 Casseneuil, France",France,F40,,https://www.linkedin.com/company/atex-explosionsschutz,Casseneuil,https://www.vractech.com/fr/partner/343c3409-0e63-f111-8fcb-6045bd954326/atex-explosion-protection,https://www.vractech.com/fr/partners
ATRISSEM,atrissem.com,,,"114 Rue de Calonges, 47440 Casseneuil, France",France,B34,,,Casseneuil,https://www.vractech.com/fr/partner/443c3409-0e63-f111-8fcb-6045bd954326/atrissem,https://www.vractech.com/fr/partners
AUTOPROG,autoprog.fr,,,"114 Rue de Calonges, 47440 Casseneuil, France",France,C34,,,Casseneuil,https://www.vractech.com/fr/partner/533c3409-0e63-f111-8fcb-6045bd954326/autoprog,https://www.vractech.com/fr/partners
AWITECH,awitech.fr,,,"114 Rue de Calonges, 47440 Casseneuil, France",France,C51,,https://www.linkedin.com/company/awitech/,Casseneuil,https://www.vractech.com/fr/partner/b49bf5ad-1c81-f111-b337-6045bd95467a/awitech,https://www.vractech.com/fr/partners
AZO FRANCE,azo.com,,,"114 Rue de Calonges, 47440 Casseneuil, France",France,F37,Welcome to AZO! Everything revolves around the automatic handling of raw materials in your production processes. Extensive know-how about raw materials and over 70 years of experience form the basis for your trouble-free and safe production processes. AZO is a family-owned business with strong links to its region and the people who live there. The commitment and expertise of more than 1000 employees has enabled our equipment and our innovations to become market leaders in the automatic delivery system sector. Time after time developments bearing the AZO trade name go on to set new trends – all over the world.,https://www.linkedin.com/company/azo-gmbh-co-kg,Casseneuil,https://www.vractech.com/fr/partner/5c3c3409-0e63-f111-8fcb-6045bd954326/azo-france,https://www.vractech.com/fr/partners
BANDESERVICES,annuaire-entreprises.data.gouv.fr,,,"114 Rue de Calonges, 47440 Casseneuil, France",France,H39,Represented by LES FAÇONNERIES,https://fr.linkedin.com/company/bandeservices,Casseneuil,https://www.vractech.com/fr/partner/52d79e7c-0e63-f111-8fcb-6045bd954326/bandeservices,https://www.vractech.com/fr/partners
BARCODIS,barcodis.com,,,"114 Rue de Calonges, 47440 Casseneuil, France",France,D53,"Barcodis est <b>leader en France des solutions de traçabilité, d’étiquetage industriel et d’identification automatique</b>. Membre de <b>La French Fab et 1er fabricant français de solutions d’impression-pose automatique</b>, Barcodis accompagne depuis plus de 40 ans les grandes entreprises industrielles, et acteurs du Transport & logistique dans la sécurisation de leur supply chain et de leurs données. Barcodis conçoit, fabrique, installe et maintient des solutions complètes associant machines d’impression-pose, étiqueteuses industrielles, imprimantes d’étiquettes, lecteurs codes-barres, RFID, logiciels d’étiquetage, production d’étiquettes, consommables, tracking vidéo, portiques automatiques et services industriels. Ses solutions permettent d’identifier, tracer, contrôler et piloter les produits, colis, lots, palettes et flux logistiques à chaque étape de la supply chain. Parmi les entreprises qui font confiance à l’expertise Barcodis figurent de grands acteurs français et internationaux tels que Sanofi, Safran, Kiab, Biomerieux ou Sodiaal. Cette reconnaissance s’appuie sur <b>40 ans d’expérience, plus de 5 000 clients, des machines d’impression-pose reconnues par la profession et des certifications auprès de marques partenaires majeures</b> comme Zebra, Armor, Teklynx, Loftware, Honeywell, Sato, Epson, SOTI, Datalogic, Toshiba et Unitech. Barcodis incarne également un <b>savoir-faire industriel français</b> ancré dans les territoires : 24 agences régionales réparties sur toute la France, 40 experts-techniciens, 220 collaborateurs, une hotline et un SAV internalisés, 3 sites de production en France, une conception et une fabrication 100 % françaises, sans sous-traitance. Cette organisation permet à Barcodis de garantir proximité, réactivité, qualité industrielle et continuité de service pour ses clients.",https://linkedin.com/company/barcodis,Casseneuil,https://www.vractech.com/fr/partner/2cca430f-0e63-f111-8fcb-6045bd954326/barcodis,https://www.vractech.com/fr/partners
BENNE SA,benne-sa.fr,,,"114 Rue de Calonges, 47440 Casseneuil, France",France,E40,"BENNE SA is a family-owned SME based in Castres, in the heart of the Tarn region. Since 1985, we have been putting our expertise at the service of manufacturers by designing high-performance, reliable conveyor solutions that are perfectly tailored to their specific needs. Thanks to our expertise in industrial transitics—the art of optimizing the movement of materials and products in your processes—we design tailor-made systems capable of supporting your projects, whatever your sector of activity. By choosing Benne S.A., you benefit from: - over 40 years of experience in industrial conveying, - attentive listening to your challenges and specifications, - a trusted partner for the success of your projects. Our ambition is simple: to become your preferred ally in streamlining and improving the reliability of your industrial flows.",https://www.linkedin.com/company/benne-sa/,Casseneuil,https://www.vractech.com/fr/partner/38ca430f-0e63-f111-8fcb-6045bd954326/benne-sa,https://www.vractech.com/fr/partners
BERTHOLD FRANCE,berthold.com,,,"114 Rue de Calonges, 47440 Casseneuil, France",France,D16,"Berthold: Reliable Measurement Solutions for Your Industrial Processes A specialist in industrial measurement and detection technologies, Berthold helps plant operators monitor, optimise and safeguard their processes. Our expertise is based on in-depth knowledge of several areas of physics—including microwave, near-infrared, capacitive, electrostatic and radiometric technologies—combined with advanced skills in electronics and software. For industries handling powders, granules, pellets, grains and other bulk materials, Berthold offers a comprehensive range of online, real-time measurement solutions: • moisture measurement; • particle size measurement; • colour measurement; • solid mass flow monitoring and measurement; • level measurement and high/low level detection; • density, concentration and dry matter measurement; • filter monitoring and bag-break detection; • fire prevention through the detection and suppression of hot spots, sparks and incipient flames. Our equipment can be integrated into the main conveying, handling and storage systems, including belt, screw, chain and vibrating conveyors, pneumatic conveying lines, free-fall applications, chutes, hoppers, silos, tanks and pipelines. Depending on the application and product characteristics, our teams select the most suitable technology to provide accurate, stable and representative measurements. Non-contact and non-intrusive solutions are among Berthold’s key areas of expertise. Installed outside the equipment, the sensors are not directly exposed to the product, abrasion or build-up. They remain reliable in demanding industrial environments involving dust, high temperatures, vibration, corrosive or alkaline products, and materials that are difficult to measure. They are easy to retrofit to existing processes and require little maintenance. Our systems help manufacturers improve product quality, optimise dosing and yields, reduce material and energy losses, prevent malfunctions and increase plant availability. Berthold France supports customers throughout every stage of their project: feasibility studies, technology selection, installation, commissioning, calibration, operator training and maintenance. Our specialist technicians work in France and internationally and hold the required qualifications to operate on high-risk industrial sites. Used in the food and animal feed, chemical, mining and minerals, metal, building materials, energy, biomass, wood, paper, environmental and recycling industries, Berthold solutions meet both standard measurement needs and the most complex process challenges.",https://www.linkedin.com/company/berthold-process/,Casseneuil,https://www.vractech.com/fr/partner/4cca430f-0e63-f111-8fcb-6045bd954326/berthold-france,https://www.vractech.com/fr/partners
BETTI,interregeurope.eu,,,"114 Rue de Calonges, 47440 Casseneuil, France",France,A39,Represented by AD PACK,https://www.linkedin.com/posts/betti-project_bettiinterreg-interregeurope-trustworthyai-activity-7503052896566136832-nGXv,Casseneuil,https://www.vractech.com/fr/partner/38d79e7c-0e63-f111-8fcb-6045bd954326/betti,https://www.vractech.com/fr/partners
BIOENERGIE INTERNATIONAL,bioenergie-promotion.fr,,,"114 Rue de Calonges, 47440 Casseneuil, France",France,D51,,,Casseneuil,https://www.vractech.com/fr/partner/5bca430f-0e63-f111-8fcb-6045bd954326/bioenergie-international,https://www.vractech.com/fr/partners
BIZERBA,bizerba.fr,,,"114 Rue de Calonges, 47440 Casseneuil, France",France,A18,"Bizerba offers customers in the Retail, Industry, and Logistics sectors a unique portfolio of hardware and software solutions centered around “weighing technology.” This diversified offering includes products and solutions for slicing, processing, weigh-labeling, checkout operations, inspection, and order picking. Consulting, services, consumables, and financing solutions complete the My Bizerba offering. With 160 years of history, the Bizerba Group is firmly focused on innovation. Present in 120 countries and employing 4,500 people, Bizerba, headquartered in Balingen, Germany, has been managed by the same family for five generations. The Group operates production sites in Germany, Austria, Switzerland, Italy, France, Spain, China, and the United States. Bizerba addresses specific customer challenges through customized solutions designed to: - Adapt to a wide range of technical constraints. - Facilitate integration with third-party solutions and customer applications through a project-based approach. - Support customers by providing guidance, expertise, and insights into market trends.",https://www.linkedin.com/company/bizerbafrance,Casseneuil,https://www.vractech.com/fr/partner/6aca430f-0e63-f111-8fcb-6045bd954326/bizerba,https://www.vractech.com/fr/partners
BONNET SA,bonnetsa.com,,,"114 Rue de Calonges, 47440 Casseneuil, France",France,C21,,https://www.linkedin.com/company/bonnetbybsmineralgroup/?viewAsMember=true,Casseneuil,https://www.vractech.com/fr/partner/7fca430f-0e63-f111-8fcb-6045bd954326/bonnet-sa,https://www.vractech.com/fr/partners
BOUBIELA MORET,boubiela.fr,,,"114 Rue de Calonges, 47440 Casseneuil, France",France,F24,"BOUBIELA MORET, créée au début du siècle dernier et installée à Saint-Quentin dans l’Aisne est spécialisée dans la conception de systèmes de manutention de matériel en vrac, en sacs, de charges isolées, transitique et robotique. BOUBIELA MORET exporte toute sa gamme d'équipements directement dans le monde entier.",https://www.linkedin.com/company/boubiela-moret/,Casseneuil,https://www.vractech.com/fr/partner/8bca430f-0e63-f111-8fcb-6045bd954326/boubiela-moret,https://www.vractech.com/fr/partners
BUCHI,buchi.com,,,"114 Rue de Calonges, 47440 Casseneuil, France",France,B46,"Depuis 85 ans, BÜCHI fournit des solutions de pointe dans le domaine des technologies de laboratoire pour la R&D, le contrôle de qualité et la production. Nos solutions conçues pour l'évaporation en laboratoire, l'évaporation industrielle, l'atomisation, la détermination du point de fusion, la chromatographie préparative, l'extraction, la minéralisation et la distillation, la méthode Dumas, la spectroscopie proche infrarouge, répondent parfaitement aux exigences et aux besoins spécifiques de nos clients à travers le monde.",https://www.linkedin.com/company/b%C3%BCchi-labortechnik-ag/mycompany/,Casseneuil,https://www.vractech.com/fr/partner/45b14315-0e63-f111-8fcb-6045bd954326/buchi,https://www.vractech.com/fr/partners
BURTON STEEL,annuaire-entreprises.data.gouv.fr,,,"114 Rue de Calonges, 47440 Casseneuil, France",France,F24,Represented by BOUBIELA MORET,,Casseneuil,https://www.vractech.com/fr/partner/25d79e7c-0e63-f111-8fcb-6045bd954326/burton-steel,https://www.vractech.com/fr/partners
CANAL,canal-engineers.com,,,"114 Rue de Calonges, 47440 Casseneuil, France",France,C8,"For over 30 years we have been the market leader in separation techniques such as dewatering, sieving, screening and filtration helping industries of all sizes and domains all over the world. We combine technical knowledge with long experience in the field. We like to think beyond products. Finding solutions, that is our goal.",,Casseneuil,https://www.vractech.com/fr/partner/0a77f7ae-d4a6-f111-9b32-000d3a20b1f9/canal,https://www.vractech.com/fr/partners
CAP INSTRUMENTATION,capinstrumentation.fr,,,"114 Rue de Calonges, 47440 Casseneuil, France",France,B29,,https://www.linkedin.com/company/49184026/admin/dashboard/,Casseneuil,https://www.vractech.com/fr/partner/55b14315-0e63-f111-8fcb-6045bd954326/cap-instrumentation,https://www.vractech.com/fr/partners
CARRIER,carriereurope.be,,,"114 Rue de Calonges, 47440 Casseneuil, France",France,E16,"Carrier is the reference in the design and manufacturing of tailor-made equipment for the processing of bulk solids. A pioneer in vibration technology, we offer natural frequency conveyors, feeders and screeners, as well as fluid bed dryers, and spiral elevators. Our other products include heat exchanger chillers and rotary calciners, for which we have unique experience in Europe. Our designs are recognized for their reduced energy consumption, low maintenance cost and longevity, and our fluid bed offer the best thermal efficiceny of all drying technologies. We offer a personalized approach, with a tailor-made design to meet the needs of your process. This flexibility allows us to serve many industries, and process many products, from the finest and most sensitive (such as powders, grains, etc.) to the most coarse and bulky (clinker, scrap metal, wood, glass, etc.). …). We offer global coverage, with offices and production sites close to the end user.",https://linkedin.com/company/carrier-europe,Casseneuil,https://www.vractech.com/fr/partner/66b14315-0e63-f111-8fcb-6045bd954326/carrier,https://www.vractech.com/fr/partners
CEIA INTERNATIONAL,ceia.net,,,"114 Rue de Calonges, 47440 Casseneuil, France",France,B22,"Les systèmes de détection de métaux CEIA THS 21 offrent une détection, une conformité, une qualité de construction et de fiabilité qui en font la solution la plus adaptée et la plus efficace pour l'élimination automatique des contaminants métalliques. Les détecteurs de métaux CEIA détectent les contaminants métalliques accidentellement présents dans les produits industriels avec des niveaux de sensibilité, d'immunité aux interférences et des vitesses de réponse dépassant les normes de contrôle de qualité les plus strictes. Parfaitement conformes aux normes HACCP et GMP, les détecteurs de métaux CEIA sont fabriqués selon un système qualité certifié ISO 9001, avec des matériaux répondant aux spécifications FDA et CE.",https://fr.linkedin.com/company/ceia-international,Casseneuil,https://www.vractech.com/fr/partner/76b14315-0e63-f111-8fcb-6045bd954326/ceia-international,https://www.vractech.com/fr/partners
CETEC INDUSTRIE,cetec.net,,,"114 Rue de Calonges, 47440 Casseneuil, France",France,D52,,,Casseneuil,https://www.vractech.com/fr/partner/84b14315-0e63-f111-8fcb-6045bd954326/cetec-industrie,https://www.vractech.com/fr/partners
CETEC INDUSTRIE,cetec.net,,,"114 Rue de Calonges, 47440 Casseneuil, France",France,D54,,,Casseneuil,https://www.vractech.com/fr/partner/94b14315-0e63-f111-8fcb-6045bd954326/cetec-industrie,https://www.vractech.com/fr/partners
CFCAI,cfcai-technologies.com,,,"114 Rue de Calonges, 47440 Casseneuil, France",France,B17,,,Casseneuil,https://www.vractech.com/fr/partner/9cb14315-0e63-f111-8fcb-6045bd954326/cfcai,https://www.vractech.com/fr/partners
CHAINES CONCEPT,chaines-concept.fr,,,"114 Rue de Calonges, 47440 Casseneuil, France",France,F19,,,Casseneuil,https://www.vractech.com/fr/partner/a3b14315-0e63-f111-8fcb-6045bd954326/chaines-concept,https://www.vractech.com/fr/partners
CHAUVIN-VIBRATING TECHNOLOGY,chauvin.fr,,,"114 Rue de Calonges, 47440 Casseneuil, France",France,D45,,,Casseneuil,https://www.vractech.com/fr/partner/b4b14315-0e63-f111-8fcb-6045bd954326/chauvin-vibrating-technology,https://www.vractech.com/fr/partners
CHEVEUX STMM,cheveux-stmm.fr,,,"114 Rue de Calonges, 47440 Casseneuil, France",France,D9,"CHEVEUX STMM is a french manufacturer of conveyor belts and mobile hoppers. Our factrory is located in the North of France and our workshop of +4000 m² is equipped with the latest technologies such as laser cutting for tubes and sheets. CHEVEUX STMM hopper conveyors come in a number of configurations to adapt to all storage, loading and unloading challenges. By designing and manufacturing our own equipment, we can provide our clients with customised solutions. CHEVEUX STMM hopper conveyors are designed to last and withstand the harshest of environments, such as fertiliser handling. CHEVEUX STMM also provides conveyors and processes for the recycling industry.",https://www.linkedin.com/company/cheveux-stmm,Casseneuil,https://www.vractech.com/fr/partner/c3b14315-0e63-f111-8fcb-6045bd954326/cheveux-stmm,https://www.vractech.com/fr/partners
CHIPS CO2,chips-co2.com,,,"114 Rue de Calonges, 47440 Casseneuil, France",France,B30,,https://www.linkedin.com/company/chips-co2/,Casseneuil,https://www.vractech.com/fr/partner/ceb14315-0e63-f111-8fcb-6045bd954326/chips-co2,https://www.vractech.com/fr/partners
CHUPINPACK,chupinpack.fr,,,"114 Rue de Calonges, 47440 Casseneuil, France",France,D38,"CHUPINPACK, c'est quoi ? Nous sommes distributeur technique spécialisé dans l'étanchéité et le transfert de poudres et granulés en milieu industriel. Basés à Saint-Malo, nous intervenons sur toute la France — et depuis peu, au Maghreb et en Côte d'Ivoire. Ce qui nous différencie ? On ne vend pas des produits. On résout des problèmes. Un client vient nous voir avec une fuite sur une ligne de production, un problème de contamination, un besoin de dosage précis — on analyse, on préconise, on installe, on forme. De A à Z. Notre force : un catalogue de 6 marques de référence mondiale BFM Fitting®, CinchSeal®, Vortex Valves®, Sollau®, Webb GWA® et Star Universal® — des solutions complémentaires qui couvrent l'intégralité d'une ligne de transfert de matières sèches. Pour qui ? Les industriels de l'agroalimentaire, de la pharmacie, de la chimie et des mines & carrières qui veulent des équipements fiables, un interlocuteur unique et un vrai partenaire technique sur le long terme.",https://www.linkedin.com/company,Casseneuil,https://www.vractech.com/fr/partner/ba8d861b-0e63-f111-8fcb-6045bd954326/chupinpack,https://www.vractech.com/fr/partners
CODEFINE INTERNATIONAL,codefine.com,,,"114 Rue de Calonges, 47440 Casseneuil, France",France,G17,,,Casseneuil,https://www.vractech.com/fr/partner/c68d861b-0e63-f111-8fcb-6045bd954326/codefine-international,https://www.vractech.com/fr/partners
COLEAS,coleas.fr,,,"114 Rue de Calonges, 47440 Casseneuil, France",France,C37,,,Casseneuil,https://www.vractech.com/fr/partner/d78d861b-0e63-f111-8fcb-6045bd954326/coleas,https://www.vractech.com/fr/partners
CONCEPTOGRAM,conceptogram.com,,,"114 Rue de Calonges, 47440 Casseneuil, France",France,C28,,https://www.linkedin.com/company/conceptogram/?viewAsMember=true,Casseneuil,https://www.vractech.com/fr/partner/e18d861b-0e63-f111-8fcb-6045bd954326/conceptogram,https://www.vractech.com/fr/partners
CONCETTI - PRUD'HOMME,matph.com,,,"114 Rue de Calonges, 47440 Casseneuil, France",France,B18,,,Casseneuil,https://www.vractech.com/fr/partner/fb8d861b-0e63-f111-8fcb-6045bd954326/concetti-prud-homme,https://www.vractech.com/fr/partners
CORIOLIS FLUIDES,coriolis-fluides.com,,,"114 Rue de Calonges, 47440 Casseneuil, France",France,C47,"Coriolis Fluides specializes in industrial vacuum solutions and pumping equipment. We offer a wide range of vacuum pumps and solutions designed to meet the specific requirements of industrial professionals. Thanks to our technical expertise and in-depth knowledge of industrial applications, we support our customers in selecting, integrating and optimizing their equipment. Our solutions are used across a wide range of industries, including food processing, chemical, medical, robotics and surface treatment. Our goal is to provide reliable, high-performance solutions tailored to each application, while offering close and responsive support to our customers.",https://www.linkedin.com/company/coriolis-fluides/,Casseneuil,https://www.vractech.com/fr/partner/078e861b-0e63-f111-8fcb-6045bd954326/coriolis-fluides,https://www.vractech.com/fr/partners
CROIX,croix-sas.eu,,,"114 Rue de Calonges, 47440 Casseneuil, France",France,D39,,https://www.linkedin.com/company/25416638/admin/dashboard/,Casseneuil,https://www.vractech.com/fr/partner/1d8e861b-0e63-f111-8fcb-6045bd954326/croix,https://www.vractech.com/fr/partners
DATIZY,datizy.com,,,"114 Rue de Calonges, 47440 Casseneuil, France",France,C22,,,Casseneuil,https://www.vractech.com/fr/partner/0c6f7f21-0e63-f111-8fcb-6045bd954326/datizy,https://www.vractech.com/fr/partners
DEBOFFLES,deboffles.fr,,,"114 Rue de Calonges, 47440 Casseneuil, France",France,D44,,,Casseneuil,https://www.vractech.com/fr/partner/1a6f7f21-0e63-f111-8fcb-6045bd954326/deboffles,https://www.vractech.com/fr/partners
DENIS,denis.fr,,,"114 Rue de Calonges, 47440 Casseneuil, France",France,E17,"Established in 1855 in BROU at 1.30 hours from Paris the familly DENIS designs, manufactures and markets mechanical handling and cleaning equipment for cereals, grains, pellets, powders and various bulk products. Thank to our years of experience, we have acquired a knowledge that allows us to develop a wide range of equipment such as (screw conveyors, trough augers, chain conveyors, belt conveyors, belt & bucket elevators, rotary sweep extractors, sweep augers, flat screen or rotary drum cleaners, etc…). Our engineering design office's expertise is based on all our skills and know-how to meet our clients' needs. We are able to carry out a complete design of a project; as creation, extension, rehabilitation. The mastery of our various processes and continuous investments in industrial tools allowed us to develop the skills and production capacity of our 24 000 sq. meters factory. The 200 men and women who contribute daily to the company's expansion are proud to be part of it. The national and international presence of our partners (dealers and installers) allows us to provide personalised support in customers projects realisations. The erection and maintenance of the equipment are carried out by our network of installers. Today, we are recognised for our expertise, our equipment quality and its knowledge.",https://www.linkedin.com/company/ets-denis/,Casseneuil,https://www.vractech.com/fr/partner/396f7f21-0e63-f111-8fcb-6045bd954326/denis,https://www.vractech.com/fr/partners
DIMELCO,dimelco.com,,,"114 Rue de Calonges, 47440 Casseneuil, France",France,C10,,,Casseneuil,https://www.vractech.com/fr/partner/476f7f21-0e63-f111-8fcb-6045bd954326/dimelco,https://www.vractech.com/fr/partners
DINNISSEN PROCESS TECHNOLOGY,dinnissen.com,,,"114 Rue de Calonges, 47440 Casseneuil, France",France,A16,Represented by EVS DISTRIBUTION,https://www.linkedin.com/posts/dinnissen-process-technology_dinnissenprocesstechnology-trustedbythebest-activity-7401905483340541952-jcRT,Casseneuil,https://www.vractech.com/fr/partner/3bd79e7c-0e63-f111-8fcb-6045bd954326/dinnissen-process-technology-,https://www.vractech.com/fr/partners
DMN-WESTINGHOUSE,dmnwestinghouse.com,,,"114 Rue de Calonges, 47440 Casseneuil, France",France,H27,,https://www.linkedin.com/company/dmn-westinghouse/posts/?feedView=all,Casseneuil,https://www.vractech.com/fr/partner/536f7f21-0e63-f111-8fcb-6045bd954326/dmn-westinghouse,https://www.vractech.com/fr/partners
DOHOGNE SYSTEM,dohogne.com,,,"114 Rue de Calonges, 47440 Casseneuil, France",France,C38,,,Casseneuil,https://www.vractech.com/fr/partner/5d6f7f21-0e63-f111-8fcb-6045bd954326/dohogne-system,https://www.vractech.com/fr/partners
DOLAV FRANCE,dolav.com,,,"114 Rue de Calonges, 47440 Casseneuil, France",France,G52,"DOLAV Plastic Products conçoit et fabrique des caisses palettes et des palettes en plastique fournissant des solutions de manutention, d’emballage et de stockage. Plusieurs formats de caisses palettes (1200x800 / 1200x1000 / 1300x1150) sont fabriqués en France Nos avantages : - De nombreuses dimensions de caisses palettes de 240 litres à 1400 litres - La caisse ALTO (1400 litres) est particulièrement recommandées pour le stockage et le transport de vrac - Les caisses Dolav sont monoblocs pour permettre le retournement en toute sécurité - Des caisses palettes très résistantes qui vous permettront de maitriser votre budget. - Des solutions sur mesure pour chaque application et demande. - Une grande variété d'options ou d’accessoires est disponible sur demande (couleurs, marquage, roues, portes, fermetures etc...) - Une gamme de caisses UN/ADR pour le transport de matières dangereuses. - Tous les produits sont 100% recyclables. - Un ROI maitrisé - Aptitude au contact alimentaire grâce à l'utilisation de Pehd vierge",https://www.linkedin.com/search/results/all/?keywords=dolav&origin=GLOBAL_SEARCH_HEADER&sid=Hz%3A,Casseneuil,https://www.vractech.com/fr/partner/dcde93bc-0e79-f111-b337-6045bd95467a/dolav-france,https://www.vractech.com/fr/partners
EBRO ARMATUREN,ebro-armaturen.com,,,"114 Rue de Calonges, 47440 Casseneuil, France",France,A15,,,Casseneuil,https://www.vractech.com/fr/partner/676f7f21-0e63-f111-8fcb-6045bd954326/ebro-armaturen,https://www.vractech.com/fr/partners
ERIMAKI,erimaki.it,,,"114 Rue de Calonges, 47440 Casseneuil, France",France,B47,,,Casseneuil,https://www.vractech.com/fr/partner/766f7f21-0e63-f111-8fcb-6045bd954326/erimaki,https://www.vractech.com/fr/partners
ESSEGI,essegiautomation.com,,,"114 Rue de Calonges, 47440 Casseneuil, France",France,A39,Represented by AD PACK,https://www.linkedin.com/company/essegi-automation,Casseneuil,https://www.vractech.com/fr/partner/30d79e7c-0e63-f111-8fcb-6045bd954326/essegi,https://www.vractech.com/fr/partners
EUROTECH,eurotech-packaging.com,,,"114 Rue de Calonges, 47440 Casseneuil, France",France,B16,,,Casseneuil,https://www.vractech.com/fr/partner/866f7f21-0e63-f111-8fcb-6045bd954326/eurotech,https://www.vractech.com/fr/partners
EUROTECH - JANODET,eurotech-janodet.com,,,"114 Rue de Calonges, 47440 Casseneuil, France",France,B16,"EUROTECH-JANODET designs, manufactures and integrates dosing, weighing and packaging equipment for bulk solids. Its offering combines JANODET’s expertise in dosing and weighing with EUROTECH’s capabilities in bagging and palletising. Applications span food processing, animal nutrition, seeds, fertilisers, chemicals, minerals and wood products. Equipment selection considers particle size distribution, bulk density, flow characteristics and product fragility, alongside packaging specifications. The technical scope includes net and gross weighing, bagging with pre-made bags or tubular film, big bag filling, sewing or heat sealing, conveying, palletising and stretch wrapping. Checkweighing, labelling and traceability complete the installation as required. Weighing configurations suitable for trade use are also available. Projects range from standalone machines to complete lines and upgrades to existing installations. Engineering addresses dosing accuracy, overall line throughput, format changeovers and interfaces between machines. Layout design accounts for bag and pallet flows, maintenance access and workstation ergonomics. EUROTECH-JANODET’s development within the MACHINEXT Group broadens the expertise available in automation, robotics and machine vision. These complementary capabilities support projects incorporating additional handling, inspection and equipment synchronisation functions. Current development work focuses on bagging systems supporting multiple closure methods, automated handling and machine vision inspection. This work aims to improve transfer reliability, reduce manual intervention and accommodate a wider range of products and formats. Working relationships with customers are built on direct dialogue between engineering, production and maintenance teams. Support extends from initial studies through commissioning and throughout equipment operation, including technical assistance, maintenance, spare parts and modifications. Mechanical robustness, accuracy and ease of maintenance remain core design criteria.",,Casseneuil,https://www.vractech.com/fr/partner/cb931b3a-0e63-f111-8fcb-6045bd954326/eurotech-janodet,https://www.vractech.com/fr/partners
EVS DISTRIBUTION,evsdis.com,,,"114 Rue de Calonges, 47440 Casseneuil, France",France,A16,,,Casseneuil,https://www.vractech.com/fr/partner/2dbd0a28-0e63-f111-8fcb-6045bd954326/evs-distribution,https://www.vractech.com/fr/partners
FB FILTRATION,fb-filtration.fr,,,"114 Rue de Calonges, 47440 Casseneuil, France",France,C40,,,Casseneuil,https://www.vractech.com/fr/partner/5caf8c3c-62b6-f111-a6a9-000d3a20bbba/fb-filtration,https://www.vractech.com/fr/partners
FDI,fdi-filtres.com,,,"114 Rue de Calonges, 47440 Casseneuil, France",France,C27,"FDI est une société familiale spécialisée depuis plus de 40 ans dans la conception, la fabrication et l'installation de filtres de dépoussiérage industriel. FDI propose une large gamme de produits pour des applications variées : des filtres à poches ponctuels (encastrables) et centralisés (modulaires) à décolmatage pneumatique, des filtres à manches ponctuels (RMF) et centralisés (FAM) à décolmatage pneumatique, des filtres vide sac et des cyclofiltres. Nous possédons également un service Pièces de rechanges pour vous accompagner dans toutes vos opérations de maintenance. Grâce à une équipe pluridisciplinaire composée d'ingénieurs technico-commerciaux, de responsables projets, d'un bureau d'études et de techniciens aguerris, FDI est en mesure de répondre efficacement aux besoins de ses clients, dans des secteurs d'activité aussi divers que l'agro-alimentaire, la cimenterie, les carrières, la biomasse, le recyclage et la métallurgie.",https://www.linkedin.com/company/fdi-filtres/about/?viewAsMember=true&success=true,Casseneuil,https://www.vractech.com/fr/partner/3cbd0a28-0e63-f111-8fcb-6045bd954326/fdi,https://www.vractech.com/fr/partners
FICAP / Featbelt®,featbelt.fr,,,"114 Rue de Calonges, 47440 Casseneuil, France",France,H47,,,Casseneuil,https://www.vractech.com/fr/partner/51bd0a28-0e63-f111-8fcb-6045bd954326/ficap-featbelt-,https://www.vractech.com/fr/partners
FILTRELYS,filtrelys.com,,,"114 Rue de Calonges, 47440 Casseneuil, France",France,H38,"MANUFACTURING of filtering elements : sleeve, pocket, multi-pocket, big-bag, connecting sleeve or decompression sleeve, canvas for filter-press, air filters (pleated, bag, media...), cartridge, and supplying of all the spare – parts of your deduster, ventilation system or handling / bulk unit FILTRELYS offers a wide range of quality products to meet your needs in dry or liquid filtration. - French Manufacture - Standard or made-to-measure sizing and design - Reliable production lead times - Ecological commitment and environmental protection - Analysis and search for solutions Our Flexibility and Availability are at the service of many industrial companies, in the chemical, paper, textile, metallurgy, cement or recycling industries, and many others ... THE WHOLE TEAM is at your disposal !",,Casseneuil,https://www.vractech.com/fr/partner/59bd0a28-0e63-f111-8fcb-6045bd954326/filtrelys,https://www.vractech.com/fr/partners
FLOVEYOR AEROMECHANICAL TRANSPORTSYSTEM,solids-antwerp.be,,,"114 Rue de Calonges, 47440 Casseneuil, France",France,E27,Represented by ROBBE INDUSTRIES,,Casseneuil,https://www.vractech.com/fr/partner/c938449e-016f-f111-ac9b-6045bd954d86/floveyor-aeromechanical-transportsystem,https://www.vractech.com/fr/partners
FOCQUET EURONORM,focquet.com,,,"114 Rue de Calonges, 47440 Casseneuil, France",France,F45,,,Casseneuil,https://www.vractech.com/fr/partner/9721e89e-ca6f-f111-ac9b-6045bd954d86/focquet-euronorm,https://www.vractech.com/fr/partners
FOSS,foss.fr,,,"114 Rue de Calonges, 47440 Casseneuil, France",France,A27,"FOSS develops rapid and accurate analytical solutions. Whatever your sector – dairy, meat, animal feed, wine, beer, grain or laboratories – FOSS supports you throughout your entire processing chain: • Standardisation of your production • Compliance of finished products. By offering easy-to-use monitoring tools, FOSS enables you to monitor every stage of your production process, either by taking a simple sample or directly on the production line, for more detailed process monitoring. This allows you to make savings on your raw materials and improve your productivity.",https://www.linkedin.com/company/foss-france/,Casseneuil,https://www.vractech.com/fr/partner/6abd0a28-0e63-f111-8fcb-6045bd954326/foss,https://www.vractech.com/fr/partners
FRIGORTEC FRANCE SAS,frigortec.com,,,"114 Rue de Calonges, 47440 Casseneuil, France",France,B45,"FrigorTec est en société allemande qui conçoit, construit et commercialise des groupes de froid pour la conservation des céréales depuis 1960. Nos GRANIFRIGOR sont utilisés dans de nombreuses applications dans le monde entier. Actuellement 150 machines FRIGORTEC sont utilisées en France par des organismes et agriculteurs stockeurs. Le refroidissement des grains en silo ou stockage à plat est de plus en plus difficile par la ventilation à l’air ambiant, notamment avec des offres climatiques de plus en plus limitées. Que ce soit en agriculture conventionnelle ou en agriculture biologique, les OS nous sollicitent en vue d’éviter le développement d’insectes et de mycotoxines de stockage, en utilisant une technique naturelle et écologique. N'hésitez pas à venir nous rencontrer.",https://www.linkedin.com/company/frigortec/,Casseneuil,https://www.vractech.com/fr/partner/76bd0a28-0e63-f111-8fcb-6045bd954326/frigortec-france-sas,https://www.vractech.com/fr/partners
GANTOIS INDUSTRIES,gantois.com,,,"114 Rue de Calonges, 47440 Casseneuil, France",France,B38,,https://www.linkedin.com/company/gantois-industries-sas/,Casseneuil,https://www.vractech.com/fr/partner/7dbd0a28-0e63-f111-8fcb-6045bd954326/gantois-industries,https://www.vractech.com/fr/partners
GASCOGNE SACS,gascognesacs.com,,,"114 Rue de Calonges, 47440 Casseneuil, France",France,G45,,,Casseneuil,https://www.vractech.com/fr/partner/8bbd0a28-0e63-f111-8fcb-6045bd954326/gascogne-sacs,https://www.vractech.com/fr/partners
GILLOUAYE,gillouaye.com,,,"114 Rue de Calonges, 47440 Casseneuil, France",France,E45,,,Casseneuil,https://www.vractech.com/fr/partner/83ac022e-0e63-f111-8fcb-6045bd954326/gillouaye,https://www.vractech.com/fr/partners
GINDRO,gindro.com,,,"114 Rue de Calonges, 47440 Casseneuil, France",France,C39,"Depuis 60 ans, notre entreprise familiale aspire à fabriquer des produits de qualité et possède un savoir-faire reconnu dans le domaine de la tôlerie fine et du tube. Nous sommes aujourd'hui leader dans le domaine de la tuyauterie aéraulique pour le dépoussiérage. Nous fabriquons ainsi longueurs droites, coudes, registres, trémies, colliers,... soit plus de 160.000 pièces par an. Situé en Franche-comté, terre d’industrielle depuis des siècles, nous avons la culture des produits robustes et du travail bien fait ! Avec notre stock important de produits finis et la grande polyvalence de nos équipes, nous entendons mettre à votre service la souplesse de notre outil et la rigueur de nos engagements pour vous garantir la meilleure réactivité du marché ! Notre process est totalement intégré, de la conception à la peinture des pièces, ce qui nous permet de tenir nos engagements. D’ailleurs notre devise est : “UN DÉLAI DONNÉ EST UN DÉLAI TENU” Notre sérieux est le gage de votre sécurité...aussi pour vos pièces de tôlerie sur plan !",https://www.linkedin.com/company/gindro-sas,Casseneuil,https://www.vractech.com/fr/partner/8cac022e-0e63-f111-8fcb-6045bd954326/gindro,https://www.vractech.com/fr/partners
GKM SIEBTECHNIK,gkm-group.com,,,"114 Rue de Calonges, 47440 Casseneuil, France",France,A16,,,Casseneuil,https://www.vractech.com/fr/partner/40ce1e34-0e63-f111-8fcb-6045bd954326/gkm-siebtechnik,https://www.vractech.com/fr/partners
GL EVENTS EXHIBITION CASSENEUIL,global-industrie.com,,,"114 Rue de Calonges, 47440 Casseneuil, France",France,,,,Casseneuil,https://www.vractech.com/fr/partner/4ace1e34-0e63-f111-8fcb-6045bd954326/gl-events-exhibition-casseneuil,https://www.vractech.com/fr/partners
GODIN,godin-stockage.com,,,"114 Rue de Calonges, 47440 Casseneuil, France",France,B30,,,Casseneuil,https://www.vractech.com/fr/partner/59ce1e34-0e63-f111-8fcb-6045bd954326/godin,https://www.vractech.com/fr/partners
GOMMAZONE,event.businessfrance.fr,,,"114 Rue de Calonges, 47440 Casseneuil, France",France,H39,Represented by LES FAÇONNERIES,https://www.linkedin.com/company/gommazone,Casseneuil,https://www.vractech.com/fr/partner/5bd79e7c-0e63-f111-8fcb-6045bd954326/gommazone,https://www.vractech.com/fr/partners
GRELBEX,grelbex.com,,,"114 Rue de Calonges, 47440 Casseneuil, France",France,C30,,https://www.linkedin.com/company/grelbex-technologies/,Casseneuil,https://www.vractech.com/fr/partner/60ce1e34-0e63-f111-8fcb-6045bd954326/grelbex,https://www.vractech.com/fr/partners
GUERY,guery.fr,,,"114 Rue de Calonges, 47440 Casseneuil, France",France,D8,"Since 1864, Guéry, based in La Tourlandry (France, department 49), has specialized in industrial boilermaking. Our expertise in sheet metal work and pipework (thin gauge from 1.5 mm to 2 mm) and boilermaking (thick gauge up to 8 mm) allows us to produce large components ranging from 50 mm to 2 m in diameter. We design and manufacture a wide range of parts: boxes, ducts, elbows, branches, hoppers, pipes, cyclones, collars, and more. These parts are intended for various industries such as flour mills, grain processing companies, cooperatives, sawmills, the automotive sector, and others. Our products can be delivered raw, painted, in stainless steel, or hot-/cold-galvanized. In 2024, Guéry celebrates its 160th anniversary, highlighting the company’s longevity and strength. Our pipework catalog: https://www.guery.fr/tolerie/",https://www.linkedin.com/company/guéry/,Casseneuil,https://www.vractech.com/fr/partner/6ece1e34-0e63-f111-8fcb-6045bd954326/guery,https://www.vractech.com/fr/partners
HEILIG MIXING TECHNOLOGY,heiligmixer.com,,,"114 Rue de Calonges, 47440 Casseneuil, France",France,C45,"INDUSTRIAL MIXING SOLUTIONS FOR POWDERS, GRANULES AND BULK MATERIALS Looking for a reliable mixing solution for powders, granules, pastes or difficult-flowing bulk materials? Heilig Mixing Technology develops and manufactures industrial mixers and complete mixing systems tailored to your product, process and production requirements. Our solutions are designed for high mixing quality, reliable operation, efficient processing and long service life. V-MIX CONICAL MIXER The V-mix combines a rotating mixing screw, a moving swing arm and gravity to achieve a highly homogeneous mixture while treating the product gently. Its conical design enables efficient mixing, low energy consumption and almost complete product discharge. With capacities up to 75,000 litres, the V-mix can be configured for a wide range of processes. Options include liquid addition, coating, heating, cooling, vacuum and pressure operation, as well as solutions for ATEX environments. The V-mix is used across industries including food, feed, chemicals, minerals, plastics, pharmaceuticals and battery materials. CENTRAL BALANCE MIXER – CBM For more intensive mixing and processing applications, Heilig Mixing Technology offers the Central Balance Mixer. The CBM is designed for fast and effective mixing and can also be used for processes such as homogenising, heating and cooling. Each CBM is configured around the properties of the raw materials, the production process and the required final product. FROM MIXER TO COMPLETE PROCESS SOLUTION A successful mixing process involves more than the mixer itself. Heilig Mixing Technology can integrate equipment such as dosing systems, conveyors, screens, hoppers, silos and control systems into one complete solution. From a stand-alone mixer to a fully integrated turnkey installation, our engineers develop the system around your production process. SERVICE, OVERHAUL AND MODIFICATION Already operating a conical mixer? We also provide maintenance, repairs, modifications, overhauls and spare parts for existing mixing installations. Our service is available for Heilig Mixing Technology equipment as well as conical mixers from other manufacturers, including Nauta mixers. Upgrading an existing mixer can improve reliability, performance and service life without the need to replace the complete installation. LET’S DISCUSS YOUR MIXING CHALLENGE Whether you need to improve mixing quality, increase process efficiency, handle a difficult product or modernise an existing mixer, our engineers can help you find the right solution. Meet Heilig Mixing Technology at Vrac Tech and discuss your mixing process with our specialists.",https://www.linkedin.com/company/heilig-mixing-technology/,Casseneuil,https://www.vractech.com/fr/partner/7fce1e34-0e63-f111-8fcb-6045bd954326/heilig-mixing-technology,https://www.vractech.com/fr/partners
HIKMICRO,hikmicrotech.com,,,"114 Rue de Calonges, 47440 Casseneuil, France",France,A31,"HIKMICRO is a rapidly growing company mainly focusing on thermal imaging industry, with visible light imaging, electromagnetic, high-precision single-crystal silicon, ultrasonic and radar technology as additional areas, providing products and solutions to the world. HIKMICRO's products are widely used in the outdoor, industrial, security and safety industries and consumer electronics, serving customers in over 100 countries and regions. The company has developed ranges of handheld thermal imaging cameras, acoustic imaging cameras and leak detectors, firefighting thermal cameras, fixed thermography cameras and instrumentation products, The instrumentation line spans temperature, flow, level, and pressure solutions. These products are widely used in building inspections, HVAC, predictive maintenance, utility inspections, water leakage detection, personal home maintenance, DIY applications, and more, enhancing the safety and efficiency of industrial inspections.",https://www.linkedin.com/company/hangzhou-hikmicro-sensing-technology-co-ltd/posts/?feedView=all,Casseneuil,https://www.vractech.com/fr/partner/6d931b3a-0e63-f111-8fcb-6045bd954326/hikmicro,https://www.vractech.com/fr/partners
HOSOKAWA MICRON ALPINE AG,,,,"114 Rue de Calonges, 47440 Casseneuil, France",France,A34,Represented by HOSOKAWA MICRON GROUP,,Casseneuil,https://www.vractech.com/fr/partner/42d79e7c-0e63-f111-8fcb-6045bd954326/hosokawa-micron-alpine-ag-,https://www.vractech.com/fr/partners
HOSOKAWA MICRON BV,hosokawamicron.fr,,,"114 Rue de Calonges, 47440 Casseneuil, France",France,A34,Represented by HOSOKAWA MICRON GROUP,https://fr.linkedin.com/company/hosokawa-micron-bv,Casseneuil,https://www.vractech.com/fr/partner/3fd79e7c-0e63-f111-8fcb-6045bd954326/hosokawa-micron-bv-,https://www.vractech.com/fr/partners
HOSOKAWA MICRON GROUP,hosokawamicron.fr,,,"114 Rue de Calonges, 47440 Casseneuil, France",France,A34,,,Casseneuil,https://www.vractech.com/fr/partner/78931b3a-0e63-f111-8fcb-6045bd954326/hosokawa-micron-group,https://www.vractech.com/fr/partners
HOSOKAWA SOLIDS SL,hosokawa.co.uk,,,"114 Rue de Calonges, 47440 Casseneuil, France",France,A34,Represented by HOSOKAWA MICRON GROUP,https://es.linkedin.com/in/gustavohidalgo,Casseneuil,https://www.vractech.com/fr/partner/46d79e7c-0e63-f111-8fcb-6045bd954326/hosokawa-solids-sl,https://www.vractech.com/fr/partners
HYDRONIX,hydronix.com,,,"114 Rue de Calonges, 47440 Casseneuil, France",France,B40,Your Moisture Measurement Partner,https://www.linkedin.com/company/hydronix-limited/,Casseneuil,https://www.vractech.com/fr/partner/87931b3a-0e63-f111-8fcb-6045bd954326/hydronix,https://www.vractech.com/fr/partners
IGENIUM,igenium.ch,,,"114 Rue de Calonges, 47440 Casseneuil, France",France,F18,,,Casseneuil,https://www.vractech.com/fr/partner/91931b3a-0e63-f111-8fcb-6045bd954326/igenium,https://www.vractech.com/fr/partners
INDICES,indices-fr.com,,,"114 Rue de Calonges, 47440 Casseneuil, France",France,G18,"L’entreprise INDICES représente, commercialise et distribue des produits et des machines pour l’industrie du vrac et des pulvérulents. INDICES est présent dans de nombreux secteurs d’activité, tels que : Les verreries Les fonderies Les carrières La chimie (engrais – plastique,.. Le traitement et la valorisation des déchets L’agro-alimentaire et les céréales Les sucreries Les bureaux d’études et les ensembliers L’objectif de INDICES est de vous apporter son savoir-faire, la solution la plus judicieuse tant en matière de qualité, de coût pour votre installation ainsi que le suivi de votre projet.",https://www.linkedin.com/company/76320967/admin/dashboard/,Casseneuil,https://www.vractech.com/fr/partner/a2931b3a-0e63-f111-8fcb-6045bd954326/indices,https://www.vractech.com/fr/partners
INFO VRAC,infovrac.com,,,"114 Rue de Calonges, 47440 Casseneuil, France",France,,,,Casseneuil,https://www.vractech.com/fr/partner/bd4ac6c0-a06f-f111-ac9b-6045bd954d86/info-vrac,https://www.vractech.com/fr/partners
INFOVRAC,infovrac.com,,,"114 Rue de Calonges, 47440 Casseneuil, France",France,D7,,,Casseneuil,https://www.vractech.com/fr/partner/ba931b3a-0e63-f111-8fcb-6045bd954326/infovrac,https://www.vractech.com/fr/partners
INNOVATION CONCEPT PROCESS,i-c-p.fr,,,"114 Rue de Calonges, 47440 Casseneuil, France",France,A23,"Innovation Concept Process is an engineering company specializing in powder and liquid processes. We offer a comprehensive service for all types of projects, from design to commissioning, as well as manufacturing and installation, meeting the needs of SMEs and SMIs to large multinationals. With expertise and know-how acquired over more than 30 years of experience, we offer tailored solutions, whether standard or customized. Our support also extends to the maintenance of your equipment, with the supply of spare parts or comprehensive services including on-site interventions. We also equip cleanrooms and laboratories with custom-made stainless steel furniture and accessories. Our main areas of activity include the food, pharmaceutical, cosmetics, and chemical industries.",https://www.linkedin.com/company/innovation-concept-process,Casseneuil,https://www.vractech.com/fr/partner/c0931b3a-0e63-f111-8fcb-6045bd954326/innovation-concept-process,https://www.vractech.com/fr/partners
ISERCO,annuaire-entreprises.data.gouv.fr,,,"114 Rue de Calonges, 47440 Casseneuil, France",France,E35,,https://ie.linkedin.com/company/iserco,Casseneuil,https://www.vractech.com/fr/partner/43f9706a-6d66-f111-8fcb-6045bd954326/iserco,https://www.vractech.com/fr/partners
IST,en.concerts-metal.com,,,"114 Rue de Calonges, 47440 Casseneuil, France",France,E24,Represented by PELLETIER/TECHNIPES/IST,,Casseneuil,https://www.vractech.com/fr/partner/2ad79e7c-0e63-f111-8fcb-6045bd954326/ist,https://www.vractech.com/fr/partners
JL CORP,jlcorp.fr,,,"114 Rue de Calonges, 47440 Casseneuil, France",France,F51,,,Casseneuil,https://www.vractech.com/fr/partner/d1931b3a-0e63-f111-8fcb-6045bd954326/jl-corp,https://www.vractech.com/fr/partners
JOURNAL DU VRAC,lejournalduvrac.com,,,"114 Rue de Calonges, 47440 Casseneuil, France",France,"F42, G44",,,Casseneuil,https://www.vractech.com/fr/partner/cf4ac6c0-a06f-f111-ac9b-6045bd954d86/journal-du-vrac,https://www.vractech.com/fr/partners
KEVAC ASPIRATEURS INDUSTRIELS,kevac-aspirateurs.fr,,,"114 Rue de Calonges, 47440 Casseneuil, France",France,H24,La satisfaction de nos clients est notre priorité. Notre équipe d'experts est à votre disposition pour vous conseiller et vous accompagner dans le choix de l'aspirateur industriel le plus adapté à vos besoins. Nous offrons également un service après-vente réactif pour garantir le bon fonctionnement de nos équipements.,https://www.linkedin.com/company/kevac-france/people/,Casseneuil,https://www.vractech.com/fr/partner/e1931b3a-0e63-f111-8fcb-6045bd954326/kevac-aspirateurs-industriels,https://www.vractech.com/fr/partners
KSE - The Batching Experts,ksegroup.com,,,"114 Rue de Calonges, 47440 Casseneuil, France",France,B41,"KSE is a company with a rich history of solving complex production challenges through technological expertise, and customer focus. Specializing in advanced dosing, weighing and batch automation, we serve the animal nutrition and solids handling industries with precision, reliability, and years of specialist experience supported by deep industry data. As a family-owned business, we combine that insight with long-term partnerships, entrepreneurial drive and a commitment to future-ready solutions that address the unique challenges of our clients. So, we are not just a technology provider — we are The Batching Experts.",https://www.linkedin.com/company/436292,Casseneuil,https://www.vractech.com/fr/partner/053c7252-72a0-f111-9b33-000d3a203d8e/kse-the-batching-experts,https://www.vractech.com/fr/partners
LA TRIBUNE DES METAUX,tribune-des-metaux.fr,,,"114 Rue de Calonges, 47440 Casseneuil, France",France,,,,Casseneuil,https://www.vractech.com/fr/partner/d799142c-a96f-f111-ac9b-6045bd954d86/la-tribune-des-metaux,https://www.vractech.com/fr/partners
LA VOIX DU NORD,lavoixdunord.fr,,,"114 Rue de Calonges, 47440 Casseneuil, France",France,,,,Casseneuil,https://www.vractech.com/fr/partner/0eb1c1c6-a06f-f111-ac9b-6045bd954d86/la-voix-du-nord,https://www.vractech.com/fr/partners
LABOCONTROLE,labocontrole.com,,,"114 Rue de Calonges, 47440 Casseneuil, France",France,E15,,,Casseneuil,https://www.vractech.com/fr/partner/1fb11c40-0e63-f111-8fcb-6045bd954326/labocontrole,https://www.vractech.com/fr/partners
LAURALU Industrie,lauralu.com,,,"114 Rue de Calonges, 47440 Casseneuil, France",France,E32,"Depuis plus de 25 ans, LAURALU conçoit, fabrique et installe des bâtiments modulaires et réemployables directement sur les sites de ses clients. Nos solutions permettent aux industriels de créer rapidement des surfaces supplémentaires pour le stockage, les ateliers, les extensions de bâtiments ou encore le stockage de produits en vrac. Disponibles à la location de 3 à 120 mois ou à la vente, nos bâtiments offrent une solution flexible pour adapter les surfaces couvertes à l’évolution de l’activité, sans les contraintes d’une construction traditionnelle. LAURALU assure l’ensemble du projet, de la conception à l’installation, avec une fabrication française réalisée dans notre usine en Ariège. Nos équipes accompagnent chaque projet avec un interlocuteur commercial, un responsable chantier et un suivi administratif dédiés. Une solution rapide, modulable et adaptée aux contraintes des sites industriels.",https://www.linkedin.com/company/lauralu-industrie/,Casseneuil,https://www.vractech.com/fr/partner/26b11c40-0e63-f111-8fcb-6045bd954326/lauralu-industrie,https://www.vractech.com/fr/partners
LEGOUPIL INDUSTRIE,legoupil-industrie.com,,,"114 Rue de Calonges, 47440 Casseneuil, France",France,B33,"For over 50 years, LEGOUPIL INDUSTRIE has specialized in the design and installation of demountable and modular industrial buildings. Suited to both temporary and permanent requirements, these structures provide solutions for storage, logistics, facility expansion, production, and office space. All buildings are designed to withstand local weather conditions effectively and comply with construction standards. Operating throughout France, LEGOUPIL INDUSTRIE assesses each project to tailor the solution to the specific duration of the need and the building's intended use. They offer options for both rental and purchase, including temporary structures for short-term storage; metal buildings for long-term use, production, and logistics; modular construction for offices, staff facilities, or schools; and custom turnkey solutions.",https://fr.linkedin.com/company/legoupil-industrie,Casseneuil,https://www.vractech.com/fr/partner/31b11c40-0e63-f111-8fcb-6045bd954326/legoupil-industrie,https://www.vractech.com/fr/partners
LES FAÇONNERIES,faconnerie.fr,,,"114 Rue de Calonges, 47440 Casseneuil, France",France,H39,"Les Façonneries rassemblent des expertises industrielles complémentaires pour accompagner les professionnels. Du convoyage à la maintenance, en passant par la métallerie, la peinture industrielle et la sous-traitance, nous proposons des solutions sur mesure, avec un haut niveau d’exigence et de réactivité. Un partenaire unique pour une réponse globale.",,Casseneuil,https://www.vractech.com/fr/partner/43b11c40-0e63-f111-8fcb-6045bd954326/les-faconneries,https://www.vractech.com/fr/partners
LES MERGERS,lesmergers.fr,,,"114 Rue de Calonges, 47440 Casseneuil, France",France,D4,"Based in Eure-et-Loir, France, LES MERGERS is a long-established manufacturer of in-floor ventilation solutions for flat grain storage buildings, including ventilation grilles and channels specifically designed for grain storage. Drawing on 30 years of experience, the company provides its customers with dedicated engineering support, expert advice, and robust, field-proven products. LES MERGERS has developed a comprehensive range of solutions and accessories for the flat storage of harvested crops. Made from highly durable materials, these systems can be adapted to meet the requirements of any ventilation or drying project. Our solutions include: - LM ThermoGuard, a comprehensive grain temperature-monitoring system featuring connected probes and a mobile app. It monitors and records grain temperatures, providing greater control and optimum traceability. - AIRFLOW MANAGER programmable fan starter panels, suitable for both new and existing installations. They can be programmed to start and stop fans according to a preset temperature and for a defined operating period. - LES MERGERS mobile grain dryers, providing a cost-effective and versatile drying solution close to your storage facilities. - LM POWERMIX, a mixing auger designed for flat-store drying. It ensures even crop distribution while helping to reduce energy consumption. - New for 2026: LM G-PROTECT, a patented solution designed to facilitate transverse grain removal while protecting ventilation grilles and floors. Find out more at: www.lesmergers.fr",https://www.linkedin.com/company/les-mergers/,Casseneuil,https://www.vractech.com/fr/partner/43ade3fc-0bb1-f111-a6a7-000d3a20b67c/les-mergers,https://www.vractech.com/fr/partners
LESSINE,lessine.com,,,"114 Rue de Calonges, 47440 Casseneuil, France",France,C40,"With over 130 years of experience, Lessine stands out for its expertise and know-how in designing, developing, building, and installing machinery for the bulk material industry. We specialize in five core technologies: grinding, mixing, drying, separation, and handling. Our expertise Lessine has developed a wide range of machines tailored to each specific application. Thanks to our well-equipped test facility, we perform semi-industrial scale tests before each order to ensure optimal performance and anticipate wear conditions. Our customs solutions We believe that every detail matters, and we are committed to providing custom solutions to our clients. Our services range from installing individual equipment to delivering comprehensive solutions.",https://www.linkedin.com/company/2501600/,Casseneuil,https://www.vractech.com/fr/partner/70b11c40-0e63-f111-8fcb-6045bd954326/lessine,https://www.vractech.com/fr/partners
LINDOR PRODUCTS BV,lindor.nl,,,"114 Rue de Calonges, 47440 Casseneuil, France",France,A22,,,Casseneuil,https://www.vractech.com/fr/partner/18f7ba97-f2a5-f111-9b32-000d3a20b1f9/lindor-products-bv,https://www.vractech.com/fr/partners
LOGOPAK FRANCE,logopak.fr,,,"114 Rue de Calonges, 47440 Casseneuil, France",France,F52,"Logopak designs and manufactures high-performance automatic labeling machines. With over 40 years' experience in the labelling market and a strong international presence, Logopak offers unique solutions to meet the needs of all industrial sectors. With LOGOPAK, you'll find the perfect solution for your application, and benefit from extremely precise machines. Entrusting your project to LOGOPAK is the assurance of total project management and the guarantee of a product that meets your specifications. Certified ISO 9001 for 30 years, LOGOPAK is committed to a process of continuous quality improvement. Our expertise at the service of your competitiveness: ✔ Labellers adapted to demanding environments (dust, humidity, extreme temperatures). ✔ Compliance with European standards, including the food safety directive (CE 178/2002). ✔ Modular solutions for pallets, bundles, cases or vacuum-packed products. ✔ Print-and-apply label, custom label dispensing and inkjet marking solutions. ✔3SIXTY PID software platform: print job and data management for identification. Logopak is a member of the POSSEHL Identification Solutions Division (PID), one of the divisions of the POSSEHL Group.",https://www.linkedin.com/company/logopak-france/,Casseneuil,https://www.vractech.com/fr/partner/57bb164c-0e63-f111-8fcb-6045bd954326/logopak-france,https://www.vractech.com/fr/partners
M.I.P. Solutions,mip-nv.com,,,"114 Rue de Calonges, 47440 Casseneuil, France",France,B48,"Since its founding in 1984, M.I.P. has grown into an independent, internationally oriented family-owned business. In its early years, the company focused primarily on the agricultural sector, where M.I.P. is the European market leader. Since the beginning of this century, its activities have also expanded into petrochemicals, animal feed, food, construction, and salt & brine. M.I.P.’s vision is to continue investing in its design and engineering expertise, quality, production processes, and services. As a result, M.I.P. has become a professional and reliable partner for its customers. M.I.P. is led by a young and enthusiastic management team, headed by Maikel Elst. In recent years, this team has developed the company with great vision and courage, making it one of the most modern silo and tank manufacturers in Europe. Our headquarters are located in Rijkevorsel (Belgium), where our offices are also situated. This 42,000-square-meter production facility features a modern machine park, from which between 2,500 and 3,000 FRP tanks and silos are shipped annually. Since 2020, larger tanks ranging from approximately Ø 5,000 mm to Ø 14,000 mm in diameter have been produced at our Moerdijk plant in the Netherlands.",,Casseneuil,https://www.vractech.com/fr/partner/6cbb164c-0e63-f111-8fcb-6045bd954326/m-i-p-solutions,https://www.vractech.com/fr/partners
MASTERVAC DUPUY,mastervacuums.fr,,,"114 Rue de Calonges, 47440 Casseneuil, France",France,F41,,https://www.linkedin.com/company/106215048/admin/dashboard/,Casseneuil,https://www.vractech.com/fr/partner/73f880fc-42b0-f111-a6a7-000d3a20b67c/mastervac-dupuy,https://www.vractech.com/fr/partners
MAY-IA,may-ia.fr,,,"114 Rue de Calonges, 47440 Casseneuil, France",France,H45,"May-IA est la première start-up française qui propose une solution d'IA documentaire entièrement conçue, assemblée et déployée sur site, du serveur au logiciel.",https://www.linkedin.com/company/may-ia,Casseneuil,https://www.vractech.com/fr/partner/ef49d2dc-9a74-f111-ac9b-6045bd954d86/may-ia,https://www.vractech.com/fr/partners
MECABAG SYSTEM,mecabag.com,,,"114 Rue de Calonges, 47440 Casseneuil, France",France,B44,MECABAG SYSTEM is a French company specialized in the design and manufacture of bulk bag (FIBC) filling and emptying equipment.,https://www.linkedin.com/company/86619255,Casseneuil,https://www.vractech.com/fr/partner/79bb164c-0e63-f111-8fcb-6045bd954326/mecabag-system,https://www.vractech.com/fr/partners
MORILLON,morillonsystems.com,,,"114 Rue de Calonges, 47440 Casseneuil, France",France,D46,"Founded in 1865, MORILLON is the European specialist of silo unloading systems for flat-bottom or hopper silos. Our systems ensure smooth unloading of bulk materials, including even the most difficult-to-extract products (soybean meal, wheat bran, plastics, pellets, etc.). Our services include design and manufacturing in our workshops, as well as commissioning and maintenance worldwide.",https://www.linkedin.com/company/morillon-sas/,Casseneuil,https://www.vractech.com/fr/partner/8cbb164c-0e63-f111-8fcb-6045bd954326/morillon,https://www.vractech.com/fr/partners
MORTELECQUE,mortelecque.com,,,"114 Rue de Calonges, 47440 Casseneuil, France",France,A37,,,Casseneuil,https://www.vractech.com/fr/partner/9cbb164c-0e63-f111-8fcb-6045bd954326/mortelecque,https://www.vractech.com/fr/partners
MS VIBRATION,meca-services.fr,,,"114 Rue de Calonges, 47440 Casseneuil, France",France,B23,,,Casseneuil,https://www.vractech.com/fr/partner/a6bb164c-0e63-f111-8fcb-6045bd954326/ms-vibration,https://www.vractech.com/fr/partners
MUSITELLI,musitelli.fr,,,"114 Rue de Calonges, 47440 Casseneuil, France",France,E18,,,Casseneuil,https://www.vractech.com/fr/partner/b1bb164c-0e63-f111-8fcb-6045bd954326/musitelli,https://www.vractech.com/fr/partners
NEWTEC BAG,newtecbag.com,,,"114 Rue de Calonges, 47440 Casseneuil, France",France,B24,"Since 1972, Newtec Bag has been developing its experience in complete end-of-line solutions. Our solutions meet the needs of the food, chemical and building materials markets, drawing on a wide range of products. Our technology is based on tried-and-tested, reliable principles derived from the experience of hundreds of systems installed worldwide, as well as the ongoing integration of new technologies: simple & reliable kinematics, modularity & flexibility, eco-design, ergonomics & safety, performance & reliability. Newtec Bag is committed to a process of continuous improvement to ensure the total satisfaction of its customers, partners and employees. This improvement approach is based on: management by process and performance indicators; an environmental approach both internally and externally to reduce energy consumption and waste; management of safety and working conditions; ongoing training of our teams, the right solution for each market, our solutions must reconcile the imperatives of production and product presentation quality, taking into account the specificities of different business sectors. This objective has led Newtec Bag to develop a complete range of palletizing systems and end-of-line solutions for a wide variety of products in the food, chemical and building materials industries.",https://www.linkedin.com/company/newtec-bag-palletizing-illzach/?viewAsMember=true,Casseneuil,https://www.vractech.com/fr/partner/bebb164c-0e63-f111-8fcb-6045bd954326/newtec-bag,https://www.vractech.com/fr/partners
NEXAIR,nexair.fr,,,"114 Rue de Calonges, 47440 Casseneuil, France",France,E39,"Spécialiste en filtration et traitement d'air industriel, Nexair vous accompagne depuis plus de 20 ans de l'étude à la mise en oeuvre de vos installations, pour tout projet de filtration, dépoussiérage, ventilation, ventilation adiabatique, transport pneumatique, nettoyage centralisé ou transfert pneumatique de déchets avec un seul et même objectif: fournir une solution sur mesure et un accompagnement sur le long terme. VENEZ NOUS RENCONTRER AU STAND E39!",https://www.linkedin.com/company/12990288,Casseneuil,https://www.vractech.com/fr/partner/5aea2452-0e63-f111-8fcb-6045bd954326/nexair,https://www.vractech.com/fr/partners
NILFISK,nilfisk.com,,,"114 Rue de Calonges, 47440 Casseneuil, France",France,F9,,,Casseneuil,https://www.vractech.com/fr/partner/94ce2158-0e63-f111-8fcb-6045bd954326/nilfisk,https://www.vractech.com/fr/partners
NORO GMBH,noro-rohre.de,,,"114 Rue de Calonges, 47440 Casseneuil, France",France,D40,"We are a medium-sized, ISO 9001:2015 certified company which deals with the manufacture and the worldwide sales of pipeline and distribution systems for aspiration and bulk material lines. Our product range includes a standard range of pipes, mouldings and distribution systems made from steel (powder coated or galvanized) and stainless steel as well as associated pipe connection elements. The modular principle of our products enables an uncomplicated assembly and quick exchangeability. Through automated production processes, we ensure consistently high quality and high product availability. We regard personal consultation and the constant contact with our customers as an important component of our corporate concept. Since we operate not only on the German market, but all over the world, we are supported by our international representatives. Through this intensive cooperation and the exchange of information with our customers, products are improved and new ones developed for the benefit of all customers. Let our specialists advise you and find your ideal solution together with us!",https://www.linkedin.com/company/noro-gmbh/,Casseneuil,https://www.vractech.com/fr/partner/9dce2158-0e63-f111-8fcb-6045bd954326/noro-gmbh,https://www.vractech.com/fr/partners
ORHAND/ODS,orhand.fr,,,"114 Rue de Calonges, 47440 Casseneuil, France",France,F17,,,Casseneuil,https://www.vractech.com/fr/partner/a8ce2158-0e63-f111-8fcb-6045bd954326/orhand-ods,https://www.vractech.com/fr/partners
OXYMAX,oxymax.fr,,,"114 Rue de Calonges, 47440 Casseneuil, France",France,C16,"sous traitance industrielle découpe laser, jet d'eau, oxycoupage pliage 14m roulage mécano soudure cuve sous pression DESP",https://www.linkedin.com/company/oxymax/mycompany/,Casseneuil,https://www.vractech.com/fr/partner/bdce2158-0e63-f111-8fcb-6045bd954326/oxymax,https://www.vractech.com/fr/partners
PEINTOU,annuaire-entreprises.data.gouv.fr,,,"114 Rue de Calonges, 47440 Casseneuil, France",France,H39,Represented by LES FAÇONNERIES,https://www.linkedin.com/company/peintou,Casseneuil,https://www.vractech.com/fr/partner/55d79e7c-0e63-f111-8fcb-6045bd954326/peintou,https://www.vractech.com/fr/partners
PELLETIER/TECHNIPES/IST,pelletiersas.fr,,,"114 Rue de Calonges, 47440 Casseneuil, France",France,E24,"En quelque 40 ans, fort d’une gamme complète TECHNIPES de pesage, ensachage, trieuse pondérale, détecteur de métaux, étiquetage, robot de palettisation, banderolage, PELLETIER SAS a accompagné de nombreuses entreprises sur toute la France. Pour chaque étude qui nous est confiée, nous vous apportons une réponse unique, parfaitement adaptée à votre production et aux attentes de vos services qualité, sécurité et ergonomie. Nous commercialisons également des solutions de triages optiques IST. Nos techniciens sont présents au quotidien pour vous assurer un service adapté et réactif.",https://www.linkedin.com/company/pelletiersas/,Casseneuil,https://www.vractech.com/fr/partner/cbce2158-0e63-f111-8fcb-6045bd954326/pelletier-technipes-ist,https://www.vractech.com/fr/partners
PERTEN,perkinelmer.com,,,"114 Rue de Calonges, 47440 Casseneuil, France",France,F46,,,Casseneuil,https://www.vractech.com/fr/partner/d7ce2158-0e63-f111-8fcb-6045bd954326/perten,https://www.vractech.com/fr/partners
PHARAON - SOLUTION D'ASPIRATION INDUSTRIELLE,pharaon.fr,,,"114 Rue de Calonges, 47440 Casseneuil, France",France,E28,"Le spécialiste de l’aspiration industrielle, c’est Pharaon ! Entreprise historique du Nord créée en 1972, Pharaon conçoit des solutions d’aspiration au plus près des réalités industrielles : de l’aspirateur mobile au système d’aspiration centralisé. Notre bureau d’études intégré nous permet de dimensionner des réseaux d’aspiration centralisés sur mesure, en tenant compte de vos process, de vos contraintes d’exploitation et de vos exigences de sécurité. Un accompagnement local, une expertise de terrain et un service réactif : parce qu’une solution industrielle ne s’arrête pas à sa livraison.",https://www.linkedin.com/company/10009756/,Casseneuil,https://www.vractech.com/fr/partner/e4ce2158-0e63-f111-8fcb-6045bd954326/pharaon-solution-d-aspiration-industrielle,https://www.vractech.com/fr/partners
PM FILTRATION,pmfiltration.com,,,"114 Rue de Calonges, 47440 Casseneuil, France",France,E38,"PM FILTRATION est un des acteurs majeurs dans le domaine des composants pour les dépoussiéreurs industriels et les silos. Ce savoir-faire nous permet d’apporter à notre clientèle les conseils techniques ainsi que les solutions adaptées aux besoins en traitement de surface, filtration de l''air et dépoussiérage, grâce à des produits de qualité, robustes et fiables.",https://fr.linkedin.com/company/pmfiltration,Casseneuil,https://www.vractech.com/fr/partner/f5ce2158-0e63-f111-8fcb-6045bd954326/pm-filtration,https://www.vractech.com/fr/partners
PM FILTRATION,pmfiltration.com,,,"114 Rue de Calonges, 47440 Casseneuil, France",France,E37,"PM FILTRATION est un des acteurs majeurs dans le domaine des composants pour les dépoussiéreurs industriels et les silos. Ce savoir-faire nous permet d’apporter à notre clientèle les conseils techniques ainsi que les solutions adaptées aux besoins en traitement de surface, filtration de l''air et dépoussiérage, grâce à des produits de qualité, robustes et fiables.",https://fr.linkedin.com/company/pmfiltration,Casseneuil,https://www.vractech.com/fr/partner/86261c5e-0e63-f111-8fcb-6045bd954326/pm-filtration,https://www.vractech.com/fr/partners
PORTEX,portex-sas.com,,,"114 Rue de Calonges, 47440 Casseneuil, France",France,E46,"Depuis plus de 60 ans, les portes Portex sont fabriquées en France et distribuées à travers le monde. Gazonorme, puis Promécam jusqu’en 1985, date à laquelle nous avons constitué la société Portex, destinée exclusivement à la fourniture de portes étanches. Ces produits, à l’origine utilisés comme couvercles pour les gazogènes, n’ont cessé d’évoluer en qualité, performance et durabilité, et sont devenus aujourd’hui une référence dans les applications industrielles les plus diverses. Notre stratégie de développement et d’investissement est fondée sur notre attachement au travail bien fait, à un produit et un service de qualité. Vous trouverez en notre équipe dynamique et fortement impliquée, le partenaire idéal pour faire aboutir vos projets.",https://www.linkedin.com/in/christophe-prieur-6b77bb184/,Casseneuil,https://www.vractech.com/fr/partner/8c261c5e-0e63-f111-8fcb-6045bd954326/portex,https://www.vractech.com/fr/partners
PRECIA MOLEN,preciamolen.com,,,"114 Rue de Calonges, 47440 Casseneuil, France",France,C31,,,Casseneuil,https://www.vractech.com/fr/partner/92261c5e-0e63-f111-8fcb-6045bd954326/precia-molen,https://www.vractech.com/fr/partners
PRECIA MOLEN,preciamolen.com,,,"114 Rue de Calonges, 47440 Casseneuil, France",France,C31,Represented by PRECIA MOLEN,,Casseneuil,https://www.vractech.com/fr/partner/4ad79e7c-0e63-f111-8fcb-6045bd954326/precia-molen,https://www.vractech.com/fr/partners
PRIVÉ SA,prive.fr,,,"114 Rue de Calonges, 47440 Casseneuil, France",France,D33,"PRIVÉ SA fabrique des silos cylindriques en acier galvanisé pour le stockage des o Céréales, o Granulés, o Pellets de bois, o Plastiques, o Copeaux, o Tourteaux, o Sciure de bois, o Plaquette, o Liquide.",https://www.linkedin.com/company/privesa/,Casseneuil,https://www.vractech.com/fr/partner/a2261c5e-0e63-f111-8fcb-6045bd954326/prive-sa,https://www.vractech.com/fr/partners
PRODUR - WELDING ALLOYS,wa-produr.com,,,"114 Rue de Calonges, 47440 Casseneuil, France",France,A30,"PRODUR is the French specialist in anti-wear solutions. Our unrivalled expertise and wide range of anti-wear materials enable us to meet and even exceed our customers' needs. Customer first: at Produr, customer satisfaction is at the heart of everything we do. Every solution we offer is tailored to your needs and challenges. We have an exceptional team: our dedicated team of men and women is the guardian of our unique expertise, passed down from generation to generation. Together, we form an agile and proactive team, ready to take on any challenge. Performance and Sustainability: we are committed to providing sustainable materials that avoid wasting time, money, and human and material energy in industrial production. Our goal: to offer you reliable and long-lasting solutions. Continuous Innovation: we are constantly searching for innovative solutions thanks to our in-depth expertise in materials and industrial processes. Every day, we take on new challenges to offer you the best. Are you looking for cutting-edge anti-wear solutions for your business? Contact us today to discuss your requirements at info@wa-produr.com. We are always looking for passionate talent to join our team. Join us on this journey where performance, quality and customer satisfaction are at the heart of everything we do. Together, we create industrial excellence.",https://www.linkedin.com/company/wa-produr/?viewAsMember=true,Casseneuil,https://www.vractech.com/fr/partner/ae261c5e-0e63-f111-8fcb-6045bd954326/produr-welding-alloys,https://www.vractech.com/fr/partners
QLEANAIR SCANDINAVIA FRANCE SAS,qleanair.com,,,"114 Rue de Calonges, 47440 Casseneuil, France",France,H52,,,Casseneuil,https://www.vractech.com/fr/partner/6851824f-cead-f111-9b33-000d3a20628d/qleanair-scandinavia-france-sas,https://www.vractech.com/fr/partners
QUALI-FILTRES,quali-filtres.com,,,"114 Rue de Calonges, 47440 Casseneuil, France",France,F15,,https://www.linkedin.com/company/quali-filtres,Casseneuil,https://www.vractech.com/fr/partner/bc261c5e-0e63-f111-8fcb-6045bd954326/quali-filtres,https://www.vractech.com/fr/partners
QUINTYN GEBR BV,quintyn.be,,,"114 Rue de Calonges, 47440 Casseneuil, France",France,F30,,,Casseneuil,https://www.vractech.com/fr/partner/cf261c5e-0e63-f111-8fcb-6045bd954326/quintyn-gebr-bv,https://www.vractech.com/fr/partners
R BRUNONE,brunone-innovation.com,,,"114 Rue de Calonges, 47440 Casseneuil, France",France,E23,,https://www.linkedin.com/company/brunone-innovation,Casseneuil,https://www.vractech.com/fr/partner/dc261c5e-0e63-f111-8fcb-6045bd954326/r-brunone,https://www.vractech.com/fr/partners
RENTOKIL,rentokil.com,,,"114 Rue de Calonges, 47440 Casseneuil, France",France,G44,"Rentokil supports bulk sector professionals with pest control solutions tailored to storage and packaging constraints. Meet our teams at Vrac Tech to discover our flagship innovations: Heat Treatment (Entotherm) — 100% thermal elimination of stored product insects (eggs, larvae, adults) with zero biocides or equipment damage. Atmonoxy Treatment (Anoxia) — Eco-friendly controlled atmosphere solution (oxygen deprivation), ideal for treating sensitive bulk foods without chemicals or impact on organoleptic properties. Bulk Protection & Traceability — Rodents, connected devices, and digitalized tracking to ensure full compliance with HACCP, IFS, and BRC standards.",https://www.linkedin.com/company/3548535/admin/dashboard,Casseneuil,https://www.vractech.com/fr/partner/8151824f-cead-f111-9b33-000d3a20628d/rentokil,https://www.vractech.com/fr/partners
REVTECH,revtech-process-systems.com,,,"114 Rue de Calonges, 47440 Casseneuil, France",France,E7,,,Casseneuil,https://www.vractech.com/fr/partner/f94aa769-94ab-f111-9b33-000d3a20628d/revtech,https://www.vractech.com/fr/partners
RHEWUM GmbH,rhewum.com,,,"114 Rue de Calonges, 47440 Casseneuil, France",France,A21,,https://www.linkedin.com/company/rhewum-gmbh,Casseneuil,https://www.vractech.com/fr/partner/e6261c5e-0e63-f111-8fcb-6045bd954326/rhewum-gmbh,https://www.vractech.com/fr/partners
ROBBE INDUSTRIES,robbe-industries.be,,,"114 Rue de Calonges, 47440 Casseneuil, France",France,E27,"Robbe Industries is a Belgian specialist in bulk solids handling, weighing, filling, and process automation. We design and build standard and customized solutions for the storage, conveying, dosing, weighing, and packaging of powders, granulates, and other bulk materials. From standalone machines to complete turnkey installations, our engineering expertise and hands-on approach help customers improve efficiency, accuracy, and reliability. Industries served: chemicals, food, feed, recycling, minerals, and process industries. Core expertise: bagging installations, weighing technology, big bag filling, aeromechanical transport systems",https://be.linkedin.com/company/robbe-industries-nv,Casseneuil,https://www.vractech.com/fr/partner/2d593a8b-016f-f111-ac9b-6045bd954d86/robbe-industries,https://www.vractech.com/fr/partners
ROBOTEK,apps.apple.com,,,"114 Rue de Calonges, 47440 Casseneuil, France",France,A39,Represented by AD PACK,https://in.linkedin.com/company/robotekindia,Casseneuil,https://www.vractech.com/fr/partner/33d79e7c-0e63-f111-8fcb-6045bd954326/robotek,https://www.vractech.com/fr/partners
ROS TUYAUX S.A.S.U.,rostubos.com,,,"114 Rue de Calonges, 47440 Casseneuil, France",France,A40,,,Casseneuil,https://www.vractech.com/fr/partner/f0261c5e-0e63-f111-8fcb-6045bd954326/ros-tuyaux-s-a-s-u-,https://www.vractech.com/fr/partners
ROTOLOK FRANCE,rotolok.fr,,,"114 Rue de Calonges, 47440 Casseneuil, France",France,G10,,https://www.linkedin.com/company/rotolok-france/posts/?feedView=all,Casseneuil,https://www.vractech.com/fr/partner/cf6b5a64-0e63-f111-8fcb-6045bd954326/rotolok-france,https://www.vractech.com/fr/partners
RUD LIFTING FRANCE,rud.com,,,"114 Rue de Calonges, 47440 Casseneuil, France",France,H17,,,Casseneuil,https://www.vractech.com/fr/partner/23570756-cead-f111-9b33-000d3a20628d/rud-lifting-france,https://www.vractech.com/fr/partners
SAHIVO SA,sahivo.com,,,"114 Rue de Calonges, 47440 Casseneuil, France",France,E10,"TECHNICAL EXPERTISE AND EXPERIENCE AT YOUR SERVICE. With its main headquarters located in the province of Barcelona, SAHIVO, S.A. has established itself in the market since its foundation in 1967. For over half a century, we have been dedicated to providing specialized solutions and high-quality equipment for the dosing, transportation, weighing, and storage of solid powder and granular products. Our commitment to technical excellence and experience has allowed us to offer our clients the most suitable solutions for their specific needs. We have a highly skilled technical department that conducts detailed studies and customized projects, ensuring that each client receives the best solution tailored to their requirements. At SAHIVO, S.A., we have an extensive manufacturing program that encompasses a wide range of equipment and products designed to cover all stages of the solid product handling process. In addition to our success in the domestic market, SAHIVO, S.A. has achieved international expansion. We are present in different European markets and have also established a strong presence in other continents. Through exportation, our equipment and products reach clients in different countries who trust the quality and reliability of our products.",https://es.linkedin.com/company/sahivo,Casseneuil,https://www.vractech.com/fr/partner/da6b5a64-0e63-f111-8fcb-6045bd954326/sahivo-sa,https://www.vractech.com/fr/partners
SAULAS,saulas.fr,,,"114 Rue de Calonges, 47440 Casseneuil, France",France,H51,"SAULAS, the answer to your filtration, sieving and separation needs ! As a recognized French industrial player, ISO 9001 certified and COFRAC accredited for its laboratory activity, we can guarantee you over 80 years' expertise and know-how. Our experienced and committed team will carry out your projects at the best value for money, according to your specifications. Our modern machinery enables us to bring all types of metallic mesh and precrimped wire mesh, and to transform them according to your requirements, either individually or in series. Our flexible, high-performance industrial organization provides you with a solution in the shortest possible time. We are proud to be the preferred partner of over 15,000 customers worldwide, in all sectors of activity. Our priority is you!",https://www.linkedin.com/company/saulas-cie/,Casseneuil,https://www.vractech.com/fr/partner/e46b5a64-0e63-f111-8fcb-6045bd954326/saulas,https://www.vractech.com/fr/partners
SAUTERELLES VANNIER,sauterellesvannier.fr,,,"114 Rue de Calonges, 47440 Casseneuil, France",France,H36,,,Casseneuil,https://www.vractech.com/fr/partner/ef6b5a64-0e63-f111-8fcb-6045bd954326/sauterelles-vannier,https://www.vractech.com/fr/partners
SCAN & CO,scan-co.fr,,,"114 Rue de Calonges, 47440 Casseneuil, France",France,D47,,,Casseneuil,https://www.vractech.com/fr/partner/fa6b5a64-0e63-f111-8fcb-6045bd954326/scan-co,https://www.vractech.com/fr/partners
SCHNEIDER JAQUET,schneider-jaquet.fr,,,"114 Rue de Calonges, 47440 Casseneuil, France",France,D37,"Schneider Jaquet is a long-established expert in the cleaning, sorting and grading of materials. Since 1868, we have been designing and manufacturing machines and industrial solutions that clean, separate, sort and grade materials with precision and efficiency. More than 150 years of experience have enabled us to develop unique expertise, proven in the field and recognized by the industries we serve. Our expertise is based on an in-depth understanding of materials and their specific characteristics. We develop technologies capable of addressing complex processing challenges, with one constant objective: to deliver cleaner, better-sorted and accurately graded materials. One of Schneider Jaquet’s key strengths lies in the compact design of our machines, which are capable of handling high throughputs while requiring very little floor space. This significantly facilitates their integration into existing production facilities and enables our customers to optimize their available space without compromising performance. Our equipment therefore offers an excellent balance between capacity, efficiency and footprint—a major advantage in industrial environments where every square meter matters. Historically established in the agricultural and food-processing industries, Schneider Jaquet is now applying its expertise to an increasingly diverse range of sectors. Our technologies can meet the needs of the cocoa industry, the processing and sorting of insects, as well as emerging markets linked to the circular economy, such as the sorting and recovery of waste from building deconstruction. Our ability to adapt our expertise to new materials and applications enables us to support industries undergoing rapid transformation. Our positioning is that of a specialized, agile and recognized industrial player, capable of delivering technical solutions tailored to each customer’s specific requirements. Our compact organization allows us to remain close to the field, respond quickly to our customers and develop solutions efficiently, while relying on industrial expertise built up since 1868. From material analysis and process definition to equipment design and manufacturing, Schneider Jaquet acts as a true technology partner. We combine experience, technical expertise and innovation to deliver reliable, high-performance machines that are easy to integrate. Since 1868, Schneider Jaquet has transformed its expertise in cleaning, sorting and grading into compact, high-performance industrial solutions. Today, we are bringing this expertise to new industries and new challenges, with a clear ambition: to be a key player in material sorting and recovery.",https://www.linkedin.com/company/14781405,Casseneuil,https://www.vractech.com/fr/partner/006c5a64-0e63-f111-8fcb-6045bd954326/schneider-jaquet,https://www.vractech.com/fr/partners
SEFRAM,sefram.eu,,,"114 Rue de Calonges, 47440 Casseneuil, France",France,A38,,,Casseneuil,https://www.vractech.com/fr/partner/126c5a64-0e63-f111-8fcb-6045bd954326/sefram,https://www.vractech.com/fr/partners
SEMA,sema-europe.com,,,"114 Rue de Calonges, 47440 Casseneuil, France",France,A24,,https://www.linkedin.com/company/semaeurope/,Casseneuil,https://www.vractech.com/fr/partner/196c5a64-0e63-f111-8fcb-6045bd954326/sema,https://www.vractech.com/fr/partners
SEMIC,semic.fr,,,"114 Rue de Calonges, 47440 Casseneuil, France",France,B10,Bag closing materials and consumables,https://fr.linkedin.com/company/semicnimes?trk=public_profile_experience-item_profile-section-card_subtitle-click,Casseneuil,https://www.vractech.com/fr/partner/2b6c5a64-0e63-f111-8fcb-6045bd954326/semic,https://www.vractech.com/fr/partners
SEPARTECH,separtech.com,,,"114 Rue de Calonges, 47440 Casseneuil, France",France,G29,,,Casseneuil,https://www.vractech.com/fr/partner/fe911c6b-e079-f111-b337-6045bd95467a/separtech,https://www.vractech.com/fr/partners
SEPAVAL,sepaval.com,,,"114 Rue de Calonges, 47440 Casseneuil, France",France,F33,,,Casseneuil,https://www.vractech.com/fr/partner/fb9a6a3a-b868-f111-8fcb-6045bd954326/sepaval,https://www.vractech.com/fr/partners
SERA,sera-gpi.com,,,"114 Rue de Calonges, 47440 Casseneuil, France",France,B37,SERA est un interlocuteur privilégié du secteur de l’Agro-Industrie. La société s’occupe d’optimiser et de sécuriser les productions grâce à des solutions informatisées d’automatisation et de pilotage de la production. Éditeur du logiciel de MES ALTESOFT,https://www.linkedin.com/company/sera-groupe-gpi-/,Casseneuil,https://www.vractech.com/fr/partner/386c5a64-0e63-f111-8fcb-6045bd954326/sera,https://www.vractech.com/fr/partners
SERCAA,sercaa.fr,,,"114 Rue de Calonges, 47440 Casseneuil, France",France,D24,,,Casseneuil,https://www.vractech.com/fr/partner/4c6c5a64-0e63-f111-8fcb-6045bd954326/sercaa,https://www.vractech.com/fr/partners
SERGE ROGER,sergeroger.com,,,"114 Rue de Calonges, 47440 Casseneuil, France",France,E9,"Fondée en 1848, Serge Roger s’est imposé comme un acteur reconnu de l’ingénierie et de la réalisation pour l’industrie du vrac. La maîtrise de l’ensemble des process permet à Serge Roger un accompagnement depuis l’étude globale jusqu’à la réalisation clés en main des installations industrielles. Un seul maître d’œuvre pour l’ensemble des installations vrac. Serge Roger SAS œuvre sur plusieurs secteurs d’activité : agricole, agroalimentaire, verrerie, industrie minérale, traitement des déchets avec un panel de métiers permettant d’apporter une réponse optimale et globale aux besoins des clients (ingénierie, fabrication, montage, transfert industriel, maintenance…) l’objectif est de pouvoir apporter une vision globale au service de la réussite industrielle.",https://www.linkedin.com/in/serge-roger-208743153/,Casseneuil,https://www.vractech.com/fr/partner/556c5a64-0e63-f111-8fcb-6045bd954326/serge-roger,https://www.vractech.com/fr/partners
SERTAC,denis-sertac.com,,,"114 Rue de Calonges, 47440 Casseneuil, France",France,C46,"SERTAC conçoit des installations clés en main pour la manutention des poudres. Nos nombreuses années d’expérience dans le domaine des pulvérulents nous procurent de fortes compétences en matière de stockage, de dosage, de mélange et de manutention. - Le stockage: Conception et fabrication de silos, trémies en acier ou inox. Station de remplissage ou vidage de big-bag. - Le dosage et pesage: Réalisation de stations de dosage pour composition de produits formulés. Dosage par vis d'Archimède par batch ou à perte de poids en process continu. - Le mélange: Fort de nos décennies d’expérience, nous proposons et conseillons des équipements adaptés à vos impératifs de mélange. - Le transport pneumatique: La manutention pneumatique des pulvérulents nécessite une bonne maîtrise des différentes techniques de convoyage. - La manutention-mécanique: Nous construisons les équipements traditionnels suivants les applications : vis d'Archimède, élévateur à godets, Aéroglissière…",,Casseneuil,https://www.vractech.com/fr/partner/afd8686a-0e63-f111-8fcb-6045bd954326/sertac,https://www.vractech.com/fr/partners
SERVA,serva-conveyors.fr,,,"114 Rue de Calonges, 47440 Casseneuil, France",France,A28,,,Casseneuil,https://www.vractech.com/fr/partner/bfd8686a-0e63-f111-8fcb-6045bd954326/serva,https://www.vractech.com/fr/partners
SET FRANCE,cyclesetsports.com,,,"114 Rue de Calonges, 47440 Casseneuil, France",France,F48,,,Casseneuil,https://www.vractech.com/fr/partner/ac9319e4-2c6b-f111-8fcb-6045bd954326/set-france,https://www.vractech.com/fr/partners
SIGNODE FRANCE,signode.com,,,"114 Rue de Calonges, 47440 Casseneuil, France",France,G38,"With over $2B in revenue, 80+ manufacturing facilities across 6 continents and over 7,000 employees worldwide, Signode is a leading manufacturer of a broad spectrum of transit packaging consumables, tools, software, and equipment that optimize end-of-line packaging operations and protect products in transit. Signode brings this extensive product portfolio together under hundreds of trusted brands to offer complete transit packaging solutions to its customers. We produce strap, stretch and protective packaging. We also manufacture packaging tools and equipment used to apply the bulk packaging materials. These commercial packaging products are used to pack, bundle, unitize, protect and secure goods during warehousing and transit. Our company is a pioneer in the industrial packaging sector with a long history of customer-focused innovations in materials, processes and automation technology that have revolutionized the sector. Headquartered in Tampa, Florida, we are proud to be the Transit Packaging Division of Crown Holdings, Inc. We are excited to go to market as Signode and to share the portfolio of products, services and capabilities that make us the world’s premier end-of-line packaging company.",,Casseneuil,https://www.vractech.com/fr/partner/ced8686a-0e63-f111-8fcb-6045bd954326/signode-france,https://www.vractech.com/fr/partners
SIMATEK A/S,simatek.com,,,"114 Rue de Calonges, 47440 Casseneuil, France",France,B31,"Un air sain pour monde meilleur ! Simatek est un fabricant de premier plan de solutions pour la maitrise des émissions industrielles, le contrôle de la pollution de l'air et la récupération des produits.",https://www.linkedin.com/company/simatek-a-s/,Casseneuil,https://www.vractech.com/fr/partner/d9d8686a-0e63-f111-8fcb-6045bd954326/simatek-a-s,https://www.vractech.com/fr/partners
SINEX-VIBRATING PROCESS,sinex-industrie.com,,,"114 Rue de Calonges, 47440 Casseneuil, France",France,D45,"SINEX INDUSTRIE is the 1st French brand which designs vibrating equipments for continuous handling and screening of bulk materials by vibration. We are present in many industrial sectors : food industry, pharmaceutical industry, foundries, nuclear industry...) in France and abroad (40% of the turnover). Manufactured in our production site, all our machines are designed to perfectly fit your requirements. The experience of SINEX INDUSTRIE for handling difficult products allows us to offer you the equipment that best suits your problem.",https://www.linkedin.com/company/sinex-industrie-sa/,Casseneuil,https://www.vractech.com/fr/partner/ecd8686a-0e63-f111-8fcb-6045bd954326/sinex-vibrating-process,https://www.vractech.com/fr/partners
SMB-ALOATEC ENVIRONNEMENT,aloatec.com,,,"114 Rue de Calonges, 47440 Casseneuil, France",France,E43,,,Casseneuil,https://www.vractech.com/fr/partner/a30c4726-1db1-f111-a6a7-000d3a20b67c/smb-aloatec-environnement,https://www.vractech.com/fr/partners
SOLUFAIRE,annuaire-entreprises.data.gouv.fr,,,"114 Rue de Calonges, 47440 Casseneuil, France",France,H39,Represented by LES FAÇONNERIES,https://fr.linkedin.com/in/s%C3%A9bastien-beugin-2109b61a4,Casseneuil,https://www.vractech.com/fr/partner/58d79e7c-0e63-f111-8fcb-6045bd954326/solufaire,https://www.vractech.com/fr/partners
SOTIC,sotic.com,,,"114 Rue de Calonges, 47440 Casseneuil, France",France,C17,"French specialist in gear motors, the SOTIC-VASSAL Group designs, manufactures, and assembles high value-added power transmission, drive, and automation solutions. We support hundreds of companies in France and around the world in the fields of food processing, pharmaceutical chemistry, cosmetics, logistics, and energy. French quality, cutting-edge innovations (Gear Up Inox), expert support, reduced lead times... Discover all the advantages of SOTIC expertise.",https://www.linkedin.com/company/sotic-motor/posts/?feedView=all,Casseneuil,https://www.vractech.com/fr/partner/aa648570-0e63-f111-8fcb-6045bd954326/sotic,https://www.vractech.com/fr/partners
SPIRES,spires.fr,,,"114 Rue de Calonges, 47440 Casseneuil, France",France,G28,,,Casseneuil,https://www.vractech.com/fr/partner/b6648570-0e63-f111-8fcb-6045bd954326/spires,https://www.vractech.com/fr/partners
STANDARD INDUSTRIE INTERNATIONAL,standard-industrie.com,,,"114 Rue de Calonges, 47440 Casseneuil, France",France,G16,"Since 1978, STANDARD INDUSTRIE International has specialized in the design and manufacture of equipment that facilitates industrial cleaning, silo maintenance, and the safe and environmentally responsible handling of bulk powdered products. Our processes enable you to optimize the performance of your production equipment while reducing your operating and maintenance costs. 4 areas of expertise at your service: ✔ ELIMINATION OF CLOGGING AND CONCRETIONS: We offer technologies tailored to different types of clogging. These preventive solutions optimize productivity by helping bulk material manufacturers regain their full storage capacity. Products: AIRCHOC® Air Cannon & MACSYS Multi-Outlet Air Cannon. ✔ INDUSTRIAL VACUUM CLEANING: STANDARD INDUSTRIE International offers a wide range of industrial vacuum equipment to meet all your cleaning, pumping, and recycling needs: from 4 to 300 kW—electric or diesel—fixed, mobile, or truck-mounted units. Products: VALNET, UMA Compact, INC, GAD, SAM, PAD, Pre-separators. ✔ BELT CONVEYOR OPTIMIZATION: We offer an innovative system that optimizes the sealing of any belt conveyor. Issues related to safety, dust emission reduction, and maintenance costs can be resolved using our patented system. Product: LIFTUBE® ✔ SILO & HOPPER CLEANING SERVICES: STANDARD INDUSTRIE International is also a service provider offering safe cleaning and vacuuming services for silos and hoppers, without the need for human intervention inside the storage units. Products: POWERNET, GIRONET; Vacuum cleaning services: SAM, VALNET, GAD.",https://www.linkedin.com/company/standard-industrie-international,Casseneuil,https://www.vractech.com/fr/partner/bb648570-0e63-f111-8fcb-6045bd954326/standard-industrie-international,https://www.vractech.com/fr/partners
STOLZ,desmet.com,,,"114 Rue de Calonges, 47440 Casseneuil, France",France,B39,"Spécialisé dans la conception et la fabrication d’équipements pour les usines d’aliments, les silos de stockage de grains et l’industrie agroalimentaire, Stolz propose une gamme complète de services pour la manutention et le traitement de produits pulvérulents ou sous forme granuleuse",https://www.linkedin.com/company/Stolz/,Casseneuil,https://www.vractech.com/fr/partner/bd8f9176-0e63-f111-8fcb-6045bd954326/stolz,https://www.vractech.com/fr/partners
STUVEX BY STIF,stuvex.com,,,"114 Rue de Calonges, 47440 Casseneuil, France",France,F16,,,Casseneuil,https://www.vractech.com/fr/partner/f08f9176-0e63-f111-8fcb-6045bd954326/stuvex-by-stif,https://www.vractech.com/fr/partners
SWECO,sweco.com,,,"114 Rue de Calonges, 47440 Casseneuil, France",France,A10,,,Casseneuil,https://www.vractech.com/fr/partner/ff8f9176-0e63-f111-8fcb-6045bd954326/sweco,https://www.vractech.com/fr/partners
SYMACH Bag filling & Palletizing,symach.nl,,,"114 Rue de Calonges, 47440 Casseneuil, France",France,D15,"SYMACH Designing & Manufacturing Packaging & Palletizing systems SYMACH develops and manufactures palletizers and bag-filling machines that are optimally suited to your business activities. Our products enable us to lay the foundations for efficient, flexible logistics processes. We build our packaging and palletizers based on years of experience and an innovative understanding of the available options. The result: customized modular design, exceptional reliability and excellent performance in terms of speed and quality. Our service engineers ensure the machines are well maintained. This ranges from preventative maintenance to lightning-fast repairs in the event of an emergency. You can rely on us. Our palletizers and bag-filling machines are critical in ensuring reliable business operations and optimum efficiency.",https://www.linkedin.com/company/symach-palletizers-bv/,Casseneuil,https://www.vractech.com/fr/partner/05909176-0e63-f111-8fcb-6045bd954326/symach-bag-filling-palletizing,https://www.vractech.com/fr/partners
T.P.I. TEAM PROCESS INDUSTRIELS,tpi.sarl,,,"114 Rue de Calonges, 47440 Casseneuil, France",France,D18,,,Casseneuil,https://www.vractech.com/fr/partner/10909176-0e63-f111-8fcb-6045bd954326/t-p-i-team-process-industriels,https://www.vractech.com/fr/partners
TECHNIPES,technipes.com,,,"114 Rue de Calonges, 47440 Casseneuil, France",France,E24,Represented by PELLETIER/TECHNIPES/IST,https://fr.linkedin.com/company/pelletiersas,Casseneuil,https://www.vractech.com/fr/partner/27d79e7c-0e63-f111-8fcb-6045bd954326/technipes,https://www.vractech.com/fr/partners
TEEPTRAK,teeptrak.com,,,"114 Rue de Calonges, 47440 Casseneuil, France",France,G23,,,Casseneuil,https://www.vractech.com/fr/partner/1c909176-0e63-f111-8fcb-6045bd954326/teeptrak,https://www.vractech.com/fr/partners
THIMON,thimon.com,,,"114 Rue de Calonges, 47440 Casseneuil, France",France,B28,"For more than 50 years, Thimon has been designing machines for packaging palletised loads in stretch or shrink film, serving all industries. SPIRAL WRAPPING - HOODING - FULL-WEB WRAPPING - HANDLING SYSTEMS Our multi-technology expertise enables us to advise you objectively on the choice of the most suitable solution for your needs. More information: https://www.thimon.com/en",https://www.linkedin.com/company/thimon,Casseneuil,https://www.vractech.com/fr/partner/26909176-0e63-f111-8fcb-6045bd954326/thimon,https://www.vractech.com/fr/partners
TMI,tmipal.com,,,"114 Rue de Calonges, 47440 Casseneuil, France",France,G24,"TMI is a cutting-edge company developing Bagging and Palletizing Technology. We design, manufacture and supply complete lines for bagging, palletizing and stretch-wrapping. Our deep knowledge about the product allows us to supply tailor-made solutions and turn-key projects with the highest success guarantees. We develop our solutions for five different industrial fields: food industry, agro-feed industry, construction and mining, chemicals and petrochemicals, and recycling, thus turning out to 1500+ machines currently working into 40 countries within the 5 continents. TMI solutions meet the most demanding regulations and needs for formats from 5 to 50kg. either for open mouth, valve or FFS bags, as well as FIBCs. We offer one of the largest machinery portfolios that can be found in the market for heavy duty bagging and palletizing from one single source, along with the required engineering, project management, full FAT procedures before delivery, as well as spare parts & service assistance.",https://www.linkedin.com/company/tmibaggingpalletizing/,Casseneuil,https://www.vractech.com/fr/partner/33909176-0e63-f111-8fcb-6045bd954326/tmi,https://www.vractech.com/fr/partners
TRANSITUBE,transitube.com,,,"114 Rue de Calonges, 47440 Casseneuil, France",France,C7,"Since 1961, TRANSITUBE has been designing and manufacturing flexible mechanical conveying solutions for transferring, metering and distributing powders, granules and other bulk solids. Our technology uses a reinforced flexible spiral rotating inside a tube, enabling products to be conveyed along horizontal, inclined, vertical or curved routes. Compact and adaptable, the TRANSITUBE system can be integrated into both new installations and existing processes, particularly where layout, space or accessibility constraints make conventional solutions difficult to implement. Our equipment is used across a wide range of industrial sectors, including chemicals and fine chemicals, minerals, construction materials, plastics, environmental applications, foundries, powder processing and non-food agricultural industries. It can be configured to handle products with highly diverse characteristics, including fine powders, bridging or cohesive materials, granules, abrasive substances and products with poor flow properties. TRANSITUBE solutions include: * extraction from hoppers, silos, bag-emptying stations or big-bag discharging stations; * flexible mechanical conveying; * volumetric dosing; * vertical elevation; * distribution to one or more discharge points; * feeding of mixers, reactors, vessels, packaging lines and production equipment. The absence of intermediate bearings within the conveying line helps simplify installation and maintenance. As a mechanical conveying system, it requires neither conveying air nor a dedicated filtration system. Depending on the application, our equipment can also be designed to meet the requirements applicable to potentially explosive atmospheres and ATEX environments. Each project is individually assessed, taking into account the product characteristics, required throughput, conveying distance, elevation, route, operating conditions and process requirements. This approach enables us to propose a suitable configuration, ranging from a standalone unit to a fully integrated installation. With TRANSITUBE, manufacturers benefit from proven, flexible and customisable technology designed to transfer their materials efficiently while adapting to the practical realities of their production processes. TRANSITUBE — Flexible mechanical conveying",https://www.linkedin.com/company/transitube/,Casseneuil,https://www.vractech.com/fr/partner/f4da2367-bb6b-f111-8fcb-6045bd954326/transitube,https://www.vractech.com/fr/partners
TRIAX,triax-securite.com,,,"114 Rue de Calonges, 47440 Casseneuil, France",France,F27,,,Casseneuil,https://www.vractech.com/fr/partner/43909176-0e63-f111-8fcb-6045bd954326/triax,https://www.vractech.com/fr/partners
TRIPETTE ET RENAUD,tripette.fr,,,"114 Rue de Calonges, 47440 Casseneuil, France",France,F38,,,Casseneuil,https://www.vractech.com/fr/partner/4f909176-0e63-f111-8fcb-6045bd954326/tripette-et-renaud,https://www.vractech.com/fr/partners
TURBE,vtt-hautsdefrance.fr,,,"114 Rue de Calonges, 47440 Casseneuil, France",France,H39,Represented by LES FAÇONNERIES,https://fr.linkedin.com/company/turbe,Casseneuil,https://www.vractech.com/fr/partner/4cd79e7c-0e63-f111-8fcb-6045bd954326/turbe,https://www.vractech.com/fr/partners
UTI-METALLERIE,ssocl.fr,,,"114 Rue de Calonges, 47440 Casseneuil, France",France,H39,Represented by LES FAÇONNERIES,https://fr.linkedin.com/company/uti-metallerie,Casseneuil,https://www.vractech.com/fr/partner/4fd79e7c-0e63-f111-8fcb-6045bd954326/uti-metallerie,https://www.vractech.com/fr/partners
VDL OLOCCO,vdlindustrialproducts.com,,,"114 Rue de Calonges, 47440 Casseneuil, France",France,G37,"VDL IP OLOCCO votre spécialiste des Ecluses et Aiguillages Depuis des décennies, VDL Industrial Products et VDL OLOCCO avec deux usines de production à Erseel (NL) et Fossano (IT) propose des solutions adaptées à de nombreuses industries et domaines d’applications.",,Casseneuil,https://www.vractech.com/fr/partner/d0d69e7c-0e63-f111-8fcb-6045bd954326/vdl-olocco,https://www.vractech.com/fr/partners
VENTILEC INDUSTRIAL,ventilecindustrial.be,,,"114 Rue de Calonges, 47440 Casseneuil, France",France,B52,"Ventilec Industrial is a growing family business with a team of about 30 employees. The company evolved from Ventilec and its sister company Hertometal. Ventilec initially focused on supplying the agricultural sector. With the establishment of its sister company Hertometal, the core business expanded to include agricultural and bulk handling systems. In 2021, Ventilec Industrial and Ventilec Agro were founded, each specializing in its own field. With 20 years of experience, Ventilec Industrial has developed into a turnkey company offering solutions for the storage, transport, and extraction of liquids and bulk materials. We specialize in various sectors: the food industry, including the brewery and coffee sectors, the chemical industry, the cement industry, the liquids industry, and the bulk industry, encompassing the powder, recycling, energy, and environmental sectors. We are your partner for the development of tailor-made installations. Every step of the process is managed in house, starting with the conceptualization and design phase. The manufacturing of components is done in our own workshop. Ventilec Industrial also takes care of automation, installation, and maintenance of your system",https://www.linkedin.com/company/14839297/admin/dashboard/,Casseneuil,https://www.vractech.com/fr/partner/8e25db0f-9889-f111-b337-6045bd95467a/ventilec-industrial,https://www.vractech.com/fr/partners
VIBRA MASCHINENFABRIK SCHULTHEIS GmbH & Co.,vibra-schultheis.com,,,"114 Rue de Calonges, 47440 Casseneuil, France",France,D27,"Vibration Technology: conveying, screening, batching, discharging, sprinkling, compacting, testing | Process Engineering: drying, cooling, instantizing, calcining, roasting, crystallizing",,Casseneuil,https://www.vractech.com/fr/partner/dfd69e7c-0e63-f111-8fcb-6045bd954326/vibra-maschinenfabrik-schultheis-gmbh-co-,https://www.vractech.com/fr/partners
VIKAT EKINOX,vikat-ekinox.com,,,"114 Rue de Calonges, 47440 Casseneuil, France",France,F23,,,Casseneuil,https://www.vractech.com/fr/partner/ecd69e7c-0e63-f111-8fcb-6045bd954326/vikat-ekinox,https://www.vractech.com/fr/partners
VOLKMANN,vokmann.info,,,"114 Rue de Calonges, 47440 Casseneuil, France",France,F28,,,Casseneuil,https://www.vractech.com/fr/partner/f5d69e7c-0e63-f111-8fcb-6045bd954326/volkmann,https://www.vractech.com/fr/partners
WAM FRANCE,wamgroup.fr,,,"114 Rue de Calonges, 47440 Casseneuil, France",France,C24,"WAMGROUP, with 20 factories and 60 sales subsidiaries worldwide, specialises in the manufacture of accessories for handling and mixing bulk materials such as powders, granules and minerals...... To optimise costs and lead times, manufacturing is now equipped with laser cutting machines and high-precision welding robots. However, each product is tested individually. Our aim has always been to offer quality to all industries, guaranteeing them a top-of-the-range, high-performance product that ranks among the best on the market. To make our service even more comprehensive, our subsidiary WAM France, located in LE THILLAY, north of Paris, will help you with your purchase by providing you with a pilot station so that we can test the equipment together with your products. In addition, an after-sales service is at your disposal for any further information on the use and maintenance of our range of equipment.",https://www.linkedin.com/company/2677019/admin/dashboard/,Casseneuil,https://www.vractech.com/fr/partner/03d79e7c-0e63-f111-8fcb-6045bd954326/wam-france,https://www.vractech.com/fr/partners
WESTRUP FRANCE,westrup.com,,,"114 Rue de Calonges, 47440 Casseneuil, France",France,G40,"Westrup designs and manufactures sorting solutions for all types of seeds. Our expertise and experience provide solutions for your most complex sorting tasks. Our engineering teams design turnkey solutions to ensure high-quality results. Our range is comprehensive: pre-cleaners, precision cleaners, sizers, cell sorters, density tables, handling elements such as elevators, conveyor belts, and various equipment such as deburrers and container returners. We have an industrial range and a complete range in laboratory size. Our range is completed by optical sorting from our partner 3U Vision.",https://fr.linkedin.com/company/westrup-aps,Casseneuil,https://www.vractech.com/fr/partner/0fd79e7c-0e63-f111-8fcb-6045bd954326/westrup-france,https://www.vractech.com/fr/partners
Wimesure,wimesure.fr,,,"114 Rue de Calonges, 47440 Casseneuil, France",France,B8,"Wimesure est acteur de la mesure depuis 1994. Notre entreprise à taille humaine vous accompagne dans le choix de solutions destinées aux applications simples et complexes dans tout type d’industrie et autres services de qualité, métrologie et laboratoire ou R&D. Wimesure distribue des instruments de mesure et centrales d’acquisition avec capteurs associés et propose un service de montage-programmation des appareils distribués afin d’offrir à nos clients une solution clés en main. • Température • Humidité de l’air • Vitesse de l’air • Force, couple, pression, déplacement • Bancs de tests et d’essai • Rotation, débit, niveau, process • Météorologie • Physique du bâtiment, humidité des matériaux • Confort thermique • Rayonnement optique • Analyse • Concentration gazeuse • Instruments de calibration • Étalonnage",https://fr.linkedin.com/company/wimesure,Casseneuil,https://www.vractech.com/fr/partner/1ad79e7c-0e63-f111-8fcb-6045bd954326/wimesure,https://www.vractech.com/fr/partners
