company_name,booth,description,email,mobile_primary,domain,full_address,city,linkedin_url
A.I.F.M. - Associazione Italiana Finiture dei Metalli,,"La Metallurgia Italiana - the international journal of the Italian Association of Metallurgy - has been published by AIM since 1909. AIM organises various courses, seminars and conferences for the Italian and international metallurgical community to disseminate the knowledge and culture of metals.",,,https://metallurgia-italiana.net,"Via G. Sismondi 50, 20133",Milan,
A.t.i.e. Uno Informatica S.r.L.,1E57,"Atieuno is a holistic software solution provider for the entire aluminium manufacturing process. Our EMS 3rd G Ecosystem delivers reliable, integrated and scalable digital solutions across feasibility, planning, extrusion, quality, logistics, finishing and business intelligence. By combining deep process expertise with AI, simulation and real-time data, we help manufacturers manage complexity, improve energy and resource efficiency, increase productivity, reduce scrap and turn digital innovation into measurable industrial impact.",atieuno@atieuno.com,+390341210444,https://atieuno.com,"via Macon, 30",,
ABB AG,5C06,"ABB is a technology leader in electrification and automation, enabling a more sustainable and resource-efficient future. The company’s solutions connect engineering know-how and software to optimize how things are manufactured, moved, powered and operated. Building on over 140 years of excellence, ABB’s more than 105,000 employees are committed to driving innovations that accelerate industrial transformation. www.abb.com",contact.center@de.abb.com,+49 2102 12 0,https://new.abb.com,Oberhausener Straße 33,,
ABP Induction Systems GmbH,6F72,"ABP Induction develops and manufactures induction systems for the melting and heating of iron, steel, and non-ferrous metals. As a trusted partner to the metals industry, ABP combines state-of-the-art technology with comprehensive service and digitalization solutions. More than 400 employees at locations in the United States, Germany, Sweden, Mexico, Thailand, India, China, and South Africa ensure close customer support, technical expertise, and first-class service. ABP INDUCTION - YOUR PARTNER ON THE WAY TO ZERO EMISSION",info@abpinduction.com,+49 231 997-0,https://abpinduction.com,"Kanalstr. 25, 44147",Dortmund,
Acciai Speciali Terni S.p.A. Forging Division,3H19,"Forging Division of Acciai Speciali Terni S.p.A. (Arvedi group) produces forgings for different applications since 1884 in Terni. With its own melting shop can produce ingots up to 530 tons and delivery a finished weight up to 270 tons. We produce rolls for both steel and aluminium industry in 3%Cr and 5%Cr. 100% our production is made in our site in Terni starting from Melting, Refining and Stream degassing to Forging shop with our 12.600 tons hydraulic presse. We have dedicated furnaces for Differential Quality Heat Treatment for the barrel of the rolls and mechanical shops.",stefano.teofili@acciaiterni.it,+39.3316648784,https://acciaiterni.it,"Viale Benedetto Brin 218, Umbria, 05100",Terni,
Achenbach Buschhütten GmbH & Co KG,3E13,"Achenbach is a family-owned and family-run enterprise which can look back on more than 570 years of history and is a global provider of non-ferrous metal rolling mills with rolling oil and automation systems as well as foil slitting machines for winding, separating and slitting thinnest metal foils and converting material. The range of products includes turnkey production plants, machinery lines, single machines, technology components and the cloud-based platform Achenbach OPTILINK®.",info@achenbach.de,+49 (0) 2732 799 - 0,https://achenbach.de,"Siegener Straße 152, Nordrhein-Westfalen, 57223",Kreuztal,
"ADTECH METALLURGICAL MATERIALS CO., LTD",6M18,"We are a manufacturer of: online degassing equipment, online filtration equipment (plate filtration, tube filtration, deep bed filtration), launder, filter plate(PHF-CFF,PAL-CFF), caster tip, hot top accessories, fluxes and tap out cones.",terry.wang@adtechamm.com,+8615903635011,https://adtechamm.com,"Room 1502, Fuhua building No.1, University science park of Changchun road, Gaoxin District",,
Advanced Material Specialty Inc.,4D02,"AMSpec can provide aerospace-grade tubing and profiles, ideal for aircraft mechanical parts due to our use of qualified high cleanliness alloys and our renowned proven manufacturing process that results in high product stability. When a request is received, we will discuss with the customer if there is a better combination of the selected alloy and structure. In order to provide the highest quality products to all of our customers, AMSpec prefers to spend more time identifying requirements, from project discussion to prototyping. Mass production can only begin after samples have been approved",claire@amspec-inc.com,+88655516188,https://amspec-inc.com,"No.18, Kegong 2nd Rd., YUNLIN, 64064","Douliu City, Yunlin County",
"Aerospace Engineering Equipment (Suzhou) Co.,Ltd",5M07,"AEE is a specialized provider of friction stir welding (FSW) technology, equipment and turnkey aluminum joining solutions. With strong R&D and engineering expertise, we develop and manufacture C-type, gantry, 3D, heavy-load, dual-head and fully automated FSW systems, plus customized fixtures, tools, spindles and production lines. Serving automotive, rail transit, aerospace, marine, electronics, semiconductor, photovoltaic and energy storage industries, AEE supports customers from feasibility analysis and process development to installation, commissioning and mass production.",overseas_aee@163.com,+86 18325808715,https://a-fsw.com,"No.81 North Guandu Road,Yuexi Street,Wuzhong Economic Development, ACT, 215104",苏州,
AIROLDI METALLI S.p.A.,3E71,"Airoldi Metalli’s core business is focused on the distribution of aluminium. It offers extruded, drawn, casted and turned bars, cold laminated tubes, hot laminated plates and casted slabs. Airoldi Metalli offers a wide stock range of aluminium products in many alloys and sizes. Airoldi Metalli is recognised by the market for its attention to clients, availability, technical level of the staff and strict compliance to the agreements with both suppliers and clients. Since 1836 Airoldi Metalli’s main characteristics have been: fast deliveries, reliability and professionalism.",info@airoldimetalli.it,+390313574111,https://airoldimetalli.it,viale grandi 59,,
AIRPROTECH SRL,3A34,"Airprotech is active globally with a wide range of solutions and products for the control of industrial emissions including VOC volatile organic compounds, VIC volatile inorganic compounds, oily aerosols from rolling, mists, solvents, odors, hydrocarbons and particles. Airprotech designs and produces: Oil recovery systems from rolling lines through scrubber and distillation, Regenerative Thermal Oxidizers for colour coating lines, Recuperative Thermal Oxidizers, Catalytic Oxidizers, deNox systems, Scrubber and activated carbon systems. All the plants are designed and produced in house.",info.airprotech@munters.com,+39029790466,https://airprotech.eu,"VIA F.LLI BRONZETTI 10/12, 20013",MAGENTA,
AK Corporation,4H07,"We are able to cast 1xxx ~ 7xxx alloys for 5"" 6"" 7"" 10"" 13"" 15"" 22"" 26"" 32"" 41.7"" billets and 520*1620, 700*2400mm sized slabs, and also can manufacture 1xxx ~ 7xxx extruded products for round bars, square bars, hexa bars and tubes.",mtshl@akglobal.net,+82-44-998-7175,https://akglobal.net,"70, Wonhapgang 1-Gil, Yeondong-myeon,",,
AKPA Alüminyum Sanayi Ve Ticaret A.S.,1C56,"Akpa Aluminium was established in 1986 in İstanbul. Aluminium profile manufacture, aluminium billet manufacture, aluminium composite panel manufacture, accessory sales are the primary fields of activity of the company. One of the main scopes is to support our economy with 800 employees of Akpa Aluminium. Our marketing team, who are experts in their fields and have great experience, work in order to meet the needs of our customers at one location.",akpa@akpaas.com.tr,444 2499,https://akpaas.com.tr,Hürriyet Mah. Dr. Cemil Bengü Cad. No: 6,,
Al Alüminyum San ve Tic A.Ş.,3H18,"Operating with principles of sustainability, reliability, and being a long-term solution partner, Al Aluminium has secured a significant position in the industry for over 45 years with its wide range of products and tailor made technical service solutions.",info@alaluminyum.com.tr,+902125678723,https://alaluminyum.com.tr,YENI DOGAN MAH. ABDI IPEKCI CAD. NO:86/1 Bayrampaşa,,
AL Circle,6M77,"Thousands of aluminium professionals will gather in Düsseldorf, but there is one platform that connects the entire value chain in one place. Visit AL Circle to explore a global digital ecosystem spanning bauxite, alumina, primary aluminium, downstream manufacturing, recycling and end-use sectors. Discover market intelligence, business networking, industry reports, e-magazines and branding solutions designed to help companies identify opportunities, build partnerships and stay ahead of evolving market trends. If you're looking to expand your business reach beyond the exhibition floor, AL Circle",info@alcircle.com,91 8910106540,https://alcircle.com,"401A, Plot IIF/11, 4th Floor, Block -3A, Ecospace Business Park, New Town, Rajarhat,, West Bengal, 700156",Kolkata,
"Al Forge Tech Co., Ltd",5L08,"We have extensive forging expertise such as hot forging and cold forging, design, engineering expertise, and manufacturing capabilities, which makes us one of Taiwan's leading forging manufacturers. We specialize in the application of precision aluminum forging technology in industrial hardware, vehicles, bicycles, and locomotive parts to create world-class products, making us the best precision forging company in Taiwan.",alforgetech@gmail.com,+886492227058,https://aft-forge.com,"No.266, Nanxiang Rd., Nantou County, 540",Nantou city,
AL METAL ALÜMİNYUM SAN.TİC.A.Ş.,3E11,"ALMETAL ALUMINIUM SAN. TIC. A.Ş. is a leading industrial manufacturer specializing in aluminium billet and extruded profile production. Equipped with modern infrastructure and six extrusion presses, we produce profiles across 1xxx, 2xxx, 3xxx, 5xxx, 6xxx, and 7xxx series alloys in a wide range of dimensions. Beyond standard products, we provide custom project-based profiles for the automotive, construction, machinery, energy, defense, and furniture sectors. From billet manufacturing to final profiles, we deliver strength to industry with quality, consistency, and quick turnaround.",,,,"Alaylar 2 Mah. 152332 Sok. No:1 Hafif Sanayi Bölgesi, Seydişehir, 42370",Konya,
ALBAPLANT S.r.l,5G03,"ALBAPLANT Italian company specialising in the production of industrial furnaces. We skilfully design and manufacture furnaces and automatic lines for vacuum and controlled atmosphere heat treatment of finished or semi-finished ferrous and non-ferrous products. ALBAPLANT is based on its workforce's 30 years' experience. Our business is based on the excellence of the raw materials used and the continuous search for innovations and new technologies in the heat treatment sector. Automotive, Aerospace, Forgings, Railway, Building, Energy",info@albaplantsrl.it,+39 02-92111047,https://albaplantsrl.it,"Via Alessandro Volta, 11 - CAP 20042, MILANO",Pessano con Bornago,
Albarrie Canada Limited,4D01,"At Albarrie, we specialize in material handling solutions for aluminium extrusion, with a strong focus on high-performance fullback rollers designed for durability, heat resistance, and profile protection. Our product range includes roller covers, sleeves, separator rollers, and meta-aramid tape, all part of our Defender™ product line. With Defender™ Series Heat Felts, we deliver tailored solutions for demanding extrusion and high-temperature handling systems, ensuring safe, efficient material flow while minimizing wear and profile marking. Visit us to optimize your extrusion performance.",marketing@albarrie.com,1.866.269.8275,https://albarrie.com,85 Morrow Rd,,
ALBOND ALUMINYUM SAN.TIC.A.S.,3H34,"We're a leading manufacturer of aluminum composite panels & profiles prepainted aluminium, offering durable, sleek solutions for architectural needs. From facades to signage, our products blend aesthetics with functionality. With a focus on quality and innovation, we're committed to meeting industry demands.",export@albond.com.tr,+90 533 421 05 40,https://albond.com.tr,"Hatip Mah. Ali Osman Celebi Bulv., No 140, Tekirdag, 59860",Corlu,
Alcas Metal Sanayi A.S.,4D06,"Unsere Produktionsanlage ist in Tekirdag mit einer geschlossenen Fläche von 36.000 m² auf einer Fläche von 42.000 m², die speziell für die Herstellung von Aluminiumprofilen gebaut wurde und in der 420 Fachkräfte beschäftigt sind. Unsere Anlage verfügt über 5 Extrusionspressen mit 4.400 Tonnen, 2.750 Tonnen, 1.800 Tonnen ,1.540 Tonnen und 880 Tonnen. Unsere jährliche Produktionskapazität beträgt 34.000 Tonnen und es können alle Arten von Profilen von 5 mm bis 410 mm Durchmesser hergestellt werden. Wir haben die Möglichkeit, Profile bis zu 13,6 m in blank.",alcas@alcas.com.tr,+902128711781,https://alcas.com.tr,Cumhuriyet Mah. Kaya Millenium Is Merkezi Kat 7 No 139,Beykent-Büyükcekmece ISTANBUL,
Alcoa,6H41,"Alcoa (NYSE: AA) is a global industry leader in bauxite, alumina, and aluminum products with a vision to reinvent the aluminum industry for a sustainable future. Our purpose is to turn raw potential into real progress, underpinned by Alcoa Values that encompass integrity, operating excellence, care for people and courageous leadership. Since developing the process that made aluminum an affordable and vital part of modern life, our talented Alcoans have developed breakthrough innovations and best practices that have led to improved safety, sustainability, efficiency and stronger communities.",,+1 (412) 315-2900,https://alcoa.com,201 Isabella Street,,
Alcobra GmbH - Part of Alumeco Group,"4F40, 6F35",Visit us at stand 4F40!,,,,"Næsbyvej 26 Odense C, 5000",Syddanmark,
Alcomet AD,3C14,"Alcomet AD is a leading Bulgarian producer of flat-rolled and extruded aluminium products, with over 45 years of experience. The company operates a fully integrated manufacturing facility in Shumen, covering the entire downstream production cycle—from billet and coil casting through extrusion and cold rolling to prefabricated components. The plant is equipped with advanced technological solutions and has a total production capacity of 160 thousand tons per year.",office@alcomet.eu,+359 54 858 601,https://alcomet.eu,"2nd industrial zone, Shumen, 9700",Shumen,
"ALEASTUR - Asturiana de Aleaciones, S.A.",6G20,"Aleastur Group is specialized in the manufacture of complex, value-added aluminium alloys that are used for different purposes and applications within the transformation chain of the proper aluminium industry. In all segments of the value chain to which our products are directed, we are considered one of the most relevant and technically advanced operators worldwide. Within our aluminium division the group currently counts with two production facilities in Spain and a third one in Bahrain.",sales@aleastur.com,+34985129038,https://aleasturgroup.com,Poligono Industrial de Maqua s/n,,
ALEX GLOBAL TECHNOLOGY INC,6H09-14,"ALEX GLOBAL TECHNOLOGY VIETNAM CO., LTD is a private-owned enterprise in Vietnam. Its factory is located in the Phu Dong Industrial Zone, Tay Ninh Province, Vietnam, covering an area of ​​60,000 square meters (6 hectares). The company primarily exports to Europe and America and supplies local bicycle manufacturers with aluminum alloy raw materials, base materials, and components.Our products include aluminum alloy casting billets, aluminum bicycle frame materials, aluminum alloy seam/seamless tubing, and aluminum bicycle rims.",yen@alexrims.com.tw,+842763515288,https://alexrimsvn.com,"NO. 699 SHINGWANG RD. MINGHE VILL. SHANSHANG DIST., Lô 47-12b-2,47-14, 47-15, 47-16-1, dubng N 16, KCN Phuóc Đông, Tinh Tây Ninh",phubng Gia Lôc,
ALEX SPA,1C05,"Alex S.p.A. is a leader company in aluminum extrusion, offering customers deep and long-standing experience. With two technologically advanced extrusion lines, we guarantee products at the highest level. Our highly qualified team ensures that all quality standards are exceeded. Sustainable development, innovation, and continuous training form the foundation of our strategy. Your advantages? Top quality and fast delivery times. Visit us to develop innovative solutions for your projects together!",info@alexspa.eu,+39 0835 462701,https://alexspa.eu,Z.I. Comparto C,,
ALFA METAL Aluminum Industry and Trade Inc.,4A52,"ALFA METAL Aluminum Industry and Trade Inc. produces high quality, primary and secondary aluminum billets in different diameters and alloys in line with the extrusion companies’ demand. ALFA METAL holds 2 Wagstaff casting systems and state-of-the-art homogenization furnaces.",info@alfa-metal.com.tr,+902127710606,https://alfa-metal.com.tr,"Hadimköy Mh. Denizkizi Sokak,, No:9 34555 Arnavutköy, 34555",Istanbul,
ALFOT Technologies Co LTD,5G01,"ALFOT fully grasp the aluminum material properties, tooling build, forging process development, heat treatment and other key technology, and has won customers recognition on product quality and manufacturing process technology capabilities. ALFOT mainly produces aluminum forging components of aerospace seat spreaders, automotive chassis parts on suspension system, motorcycle parts(anodized/machined/assembly), industrial mechanical components such as storz...etc.",info@alfot.com,+886-(0)-4-2359-2768,https://alfot.com,"No. 8, 19th Rd, Taichung Industrial Park, 40850",Taichung City,
alimex GmbH Precision in Aluminium,4B28,"alimex is the main contact for leading companies in key industries around the world, when it comes to finding the best possible solutions targeting aluminum cast material. Being the founder of the manufacturing process for aluminum-cast-plates, alimex does not only produce plates, cuts and cnc components of the highest quality, but has also strived to meet its own aspiration concerning topics such as the sustainable handling of resources, the future-compliant development of processes and material as well as the establishment of reliable partnerships targeting the entire supply chain, for years",contact@alimex.de,+49215491770,https://alimex.de,Karl-Arnold- Str. 14-16,,
ALIT TECHNOLOGIES SpA,3H42,"ALIT Technologies develops and manufactures chemicals, machines, and filtration systems for chemical paint stripping in the aluminum industry. Our solutions help powder coating and liquid coating facilities strip and recover rejected parts, clean hanging hooks and racks, extend bath life, and reduce waste and operating costs. From stand-alone chemicals to complete paint stripping systems, we support efficient and sustainable paint stripping processes.",info@alit-tech.com,+39 045 245 6638,https://alit-tech.com,"Via Cavalieri d’Italia nr. 7, Verona, 37047",San Bonifacio,
Alkegen,6G70,"Alkegen creates high performance specialty materials designed with the ultimate goal of saving energy, reducing pollution, and improving safety for people, buildings and equipment. Used in advanced applications including high-temperature insulation, electric vehicles, energy storage, filtration, and fire protection, our products enable the world to breathe easier, live greener, and go further than ever before. Our products include: • Fiberfrax® • Excelfrax® • Insulfrax® • Isofrax® • RapidFire® • Saffil® • Silplate® • Thermbond® • Thermfrax® Ultra 30G • ThermShape™",info@alkegen.com,+1 716 768 6500,https://alkegen.com,"Mandalay Tower III, 201 East John Carpenter Freeway, Suite 900, TX, 75062",Irving,
All.Co S.p.A.,1D50,"FOUNDRY: 2 melting furnaces with a capacity of BILLETTS of 28 KT per year EXTRUSION: 5 presses, 2 of 1600 tons, 2 of 2200 and 1 of 2700 PAINTING: 1 vertical plant, 1 sublimation plant (wood effect) EXPORT: 30% of whole revenue DISTRIBUTION: 13 centers located in Italy and all over the world SERVICES: Research and Development Planning Office (R & D) CERTIFICATES: UNI EN ISO 9001:2015, UNI EN ISO 14001: 2015, Qualicoat, Qualitherm, Sea Side, P225, UNI/PdR 125:2022",info@allco.it,+39 0509561,https://allco.it,"Via Antonio Meucci, 15",,
Allied Mineral Products,6D35,"Allied Mineral Products is a world leader in the design and manufacture of monolithic refractories and precast shapes. With strong sales and service teams in the foundry, aluminum, steel, heat treat/forge and industrial markets, our success is based on our dedication to Being There Worldwide with Refractory Solutions. Producing quality, consistent products is top priority at Allied and we have the products to meet your refractory needs. Our extensive product line includes innovative refractory technology and longstanding refractory alternatives.",marketing@alliedmin.com,,https://alliedmineral.com,Energieweg 5,,
Almax Mori,4C23,"Our constellation of companies design and manufacture extrusion dies up to 1000 mm diameter for any alloy and application. Thanks to our dies, through the extrusion process aluminum can be formed in the most variable forms, finding application in the construction, transport and industry sectors in general. With our job aluminum takes shape allowing your dreams to come true.",sales@almax-mori.it,+390464916600,https://almax-mori.it,Via Matteotti 13,,
Almec Tech srl,6B43,"Almec Tech is a well-known provider of advanced technologies for DC cast-houses, serving companies worldwide with innovative and reliable solutions. Our mission is to support customers in identifying the most effective solutions for their needs. We design and develop hot-top billet and rolling ingot casting solutions, including pilot casting systems and rod feeder machines, washing machine. Almec Tech offers comprehensive revamping and service solutions for existing foundries and supports customers in modernizing their plants and adapting them to constantly changing production conditions.",commerciale@almectech.it,+39 0464748080,https://almectech.com,"Via Fornaci, 64/D, TRENTO, 38068",ROVERETO,
ALMESAN ALÜMINYUM,3E30,"Almesan Aluminum constructed at a 50.000 m² enclosed area and 100.000 m² open area in Turkey. An annual 50.000 ton casting and hot rolled coilmanufacturing is made via 40 ton Melting furnaces, and modern aluminum furnaces with 30 ton holding capacity with Hazelett continuous strip belt casting technology. It has 30.000 ton aluminum Disc, Slug, Cold rolled Coil, Strip, Plate, Aluminum Thick Plate and Thick Foil , Automotive Tie-rod compenents manufacturing capacity. 3xxx, 4xxx, 6xxx series alloys are produced only by Almesan Alüminyum in Türkiye with twin belt casting technology.",info@almesan.com.tr,+90 262 3513943,https://almesan.com.tr,"Arslanbey Organize Sanayi Bölgesi, 1. Cad., No:10, 41285, KARTEPE, 41285",KOCAELİ,
Almex USA Inc.,6F05,"Almex USA is the leading supplier of aerospace and commercial aluminum billet and slab casting technology and equipment. The company specializes in complete turnkey “Furnace to Finish™” casthouse engineering, equipment supply, and a comprehensive technology and know-how training program. The well-rounded product line includes melting furnaces, degassing systems, DC casting machines, billet and slab casting systems, automated process control, and homogenization systems. Almex is engaged in equipment and processes involving green technology for efficient recycling of aluminum alloys.",info@almexusa.com,+1-714-739-0303,https://almexusa.com,"6925 Aragon Circle, 90620",Buena Park,
ALPROF SA,1D47,"We extrude aluminium profiles and manufacture components for many industries, including automotive, building and construction, heavy industry, HVAC. We take pride in being a leading aluminum extrusion manufacturer, offering our customers aluminum extrusion design support, aluminum fabrication, machining and tooling, as well as parts assembly, packaging and fulfillment solutions.",office@alprof.ro,+40758245350,https://alprof.ro,"IC Bratianu, nr. 6,, Constanta, 907175",Lumina,
ALPSAN Aluminyum ve Plastik Profil San ve Tic A.S.,4F27,"With 35 years old expertise and 150 employees team Alpsan produce aluminium profiles for a wide range of sectors such as automotive, solar, lightening, manufacturing, furniture, winter garden, lifting etc. Alpsan has three extrusion lines, one anodizing facility, one vertical paint line, one mechanical application department as inhouse. With its extrusion partners, in 2021, annual sales has been reached to 13.000 tons and planning to increase this amount in 2022.",trade@alpsan.com,+90 262 642 84 42,https://alpsan.com,Baris Mah. 1804/4 Sok. No:3,,
ALRO S.A.,3E23,"ALRO is one of the largest vertically integrated European aluminium producers, listed on the Bucharest Stock Exchange since 1997. Its Primary Aluminium Division produces wire rod, billets, and slabs, while its Processed Aluminium Division manufactures a wide range of high and very high value-added products including plates, sheets, and coils which can be used in various industries, from aerospace and automotive to building & construction, electric & electronics and general engineering. For more information, please visit our website: www.alro.ro.",ababolea@vimetco.ro,+40752105383,https://alro.ro,"116 Pitesti Street, Olt County, Cladirea Rivergate Center, Outside of the U.S., 00000",Bucharest,
ALSAN Alvarez Schaer,4A23,Alsan is located in the east of Spain in the city of Valencia and for more than 50 years we have been in the aluminum business. We have two main divisions in our company. The chemical department where thanks to our research center we produce and sell chemical products for the pretreatment of the aluminum and the engineering department which is specialized in anodizing installations and waste water treatment plants for the aluminum market.,alsan@alsan.es,+34961343033,https://alsan.es,"Ferrol 15, Pol. Ind. Fuente del Jarro, Valencia, 46988",Paterna,
Altas Aluminum,1C10,"Altaş Aluminum: Excellence in Aluminum Extrusion stablished in 1990, Altaş Aluminum stands as a pioneer in the aluminum extrusion industry. With a commitment to excellence, we have built a reputation for delivering high-quality products to a diverse range of industries. Our ownership structure reflects a harmonious blend of Turkish and Irish influence, with 67% Turkish ownership and 33% Irish ownership.We uphold the highest industry standards with the following certifications: IATF 16949:2016 | ISO9001:2015. Our products are exported to various corners of the world with an export ratio of 94%",info@altasal.com,+902626461484,https://altasal.com,"Muallimköy Mah. 4127 Sok. No:8, Kocaeli, 41400",Gebze,
Altek Europe Limited,6F51,"ALTEK is a technology-based company with specialist expertise in the design, manufacture and installation of aluminium dross and scrap processing systems. We pride ourselves on supplying market-leading end-to-end Total Dross Management solutions to maximise aluminium recoveries and optimise the casthouse. Our products include: Air-Cooled Electro-Magnetic Stirrers, Dross Presses, Castings for aluminium, dross and slag, Tilt Rotary Furnaces, Ingot Casting Lines, AluSalt, and our new development projects of Permanent Magnet Stirrers and OnSpec (molten metal alloy specification analysis).",sales@altek-al.com,+441246 383 737,https://altek-al.com,"Lakeside House, Turnoaks Business Park",,
Altek Metal San. Ve. Tic. A.S.,3B23,"ALTEK METAL was founded in 1987 as a solution partner in aluminium supply. The company exports to 30+ countries, mainly in Europe, and is a reference supplier in Turkey and Europe. It is Turkey’s only producer of precision milled aluminium cast plates and, since 2023, produces recycled aluminium slabs and billets in its own foundry. It is also the first and only producer of 7xxx series slabs and billets in Turkey and a pioneer in 26–32 inch billet production. With three service centres, it supplies plates, sheets, coils and extrusions, specializing in cutting, waterjet, CNC.",export@altek.com.tr,+902123066000,https://altekmetal.com,Büyükdere Cad. No: 122 A Blok 2.Kat,,
ALTEST GTS Ltd.,3D32,"Altest Ltd. is a leading manufacturer of aluminium and PVC profiles. The company is specialized in anodizing, vertical powder coating plant, sublimation surface effect and polishing.",office@altest-kmg.com,0035956880440,https://altest-kmg.com,"South Industrial Area, 8000",Burgas,
Alu-met GmbH,6F49,"Alu-met is the largest independent producer of extrusion billets in Central Europe. The company operates two production sites: Aluminium GmbH Nachrodt (Germany) and Speedline Aluminium-Gießerei GmbH (Austria). Together, the two plants produce more than 160,000 metric tons of extrusion billets annually for the Central European market.",info@alu-met.com,+43 5552 636 79-0,https://alu-met.com,"Bundesstraße 12, Vorarlberg, 6714",Nüziders,
ALUCAD,7AD17,"Manufacturing bespoke extruded and machined aluminium profiles since 2000. EU-based partner providing the security, reliability, and quality you expect at globally competitive production costs. We manage the full process from design review to extrusion, machining, surface finishing (anodisation pre- or post-machining, lacquering, polishing), accessories (including non-aluminium materials), and customised packaging tailored to your production workflow. We work around your needs to simplify your supply chain, reduce your costs, and deliver your part, ready to be integrated.",contact@alucad.com,0233126712,https://alucad.com,"21 Avenue de l'Industrie, Normandie, 61205",Argentan,
ALUEUROPA S.A.,4F15,"We always seek to provide the maximum added value for our customer, applying the necessary finishes and processes to the profile, offering competitive prices and delivering the product in the shortest possible time. We work to continuously increase the satisfaction of our customers and the competitiveness and recognition of ALUEUROPA by improving: The quality and efficiency of our processes. Products Extrusion Anodized Lacquer Machining Wood Finish Thermal Bridge Breakage Packaging and Logistics",alueuropa@alueuropa.com,+34 91 895 58 00,https://alueuropa.com,"Carretera Nacional IV, KM 32.400",,
ALUFAR LLC,4F05,"ALUFAR is an aluminum extrusion manufacturer and supplier based in Azerbaijan. Since 2018, we have developed and produced aluminum profiles for architectural, construction and industrial applications. Our capabilities include profile extrusion, processing and finishing, custom profiles based on individual designs, as well as our own architectural systems. With full-cycle production and technical expertise, we provide reliable solutions from profile development to finished product.",info@alufar.az,+994123103949,https://alufar.az,"Ziya Bunyadov Ave 2071, AZ1029",Bakı,
ALUFEM ALUMINYUM SAN. TIC. A.S.,3A23,"Alufem Aluminium operates in the Kayseri Organized Industrial Zone with a 50,000 m² production facility, delivering innovative aluminium solutions. Our plant includes 1,100 USTons (5”), 2,000 USTons (7”), and 4,000 USTons (10”) extrusion press lines, enabling the production of profiles in various sizes and sections. With an annual capacity exceeding 27,000 tons, our integrated facility is supported by anodizing, powder coating, wood-effect coating, and CNC machining lines, providing reliable solutions for architectural and industrial applications.",info@alufem.com.tr,+90 352 502 3883,https://alufem.com.tr,"Organize Sanayi Bölgesi 17. Cadde No: 2, Kayseri, 38070",Melikgazi,
ALUFILE METAL TICARET VE SANAYI LIMITED SIRKETI,3F32,"ALUFILE Metal manufactures aluminium profiles to customer specification – from standard profiles to complex bespoke profiles for almost any application: solar profiles, facade and building profiles, industrial profiles, and complete systems such as patio roofs, sliding systems and railings. Founded in late 2025, we produce on 6,500 m² in Kapaklı (Turkey) fully integrated – from extrusion through surface finishing to mechanical processing, certified to ISO 9001, ISO 14001 and ISO 45001. Warehouse in the Netherlands for fast EU delivery.",info@alufile.com,+90 282 970 51 34,https://alufile.com,KARAAGAÇ OSB. MAH. 104. CAD. NO: 15/1 KAPAKLI / TEKİRDAĞ,,
Alufinish GmbH & Co. KG,3F45,"Alufinish is your competent partner when it comes to products and processes for the chemical surface treatment of aluminium, steel and zinc. We develop, manufacture and distribute these products at our Andernach site - Made in Germany. From innovative cleaners to chrome-free corrosion protection processes, colouring processes and time- or energy-saving process chemicals - we will find the right solution for you. Together with our international partner network, we have been offering these chemical pre-treatment products and processes for over 50 years. We are looking forward to your visit!",welcome@alufinish.de,0049-2632/9297-0,https://alufinish.de,Otto - Wolff - Straße 5 - 15,,
Aluforge GmbH,5H37,"Aluforge steht für innovative Aluminiumlösungen, präzise Fertigung und partnerschaftliche Zusammenarbeit. Wir entwickeln und fertigen kundenspezifische Aluminiumbauteile für anspruchsvolle Anwendungen und begleiten unsere Kunden entlang der gesamten Prozesskette – von Entwicklung und Konstruktion über Warmumformung und Schmieden, Zerspanung und mechanische Bearbeitung bis hin zur Montage. Mit Werkstoffkompetenz, modernen Technologien und hohen Qualitätsstandards machen wir Aluminiumbauteile leichter, leistungsfähiger und wirtschaftlicher. Besuchen Sie uns auf der Messe in Düsseldorf.",marketing-de@alu-forge.com,,https://alu-forge.com,"Holcimstr. 2, 78187",Geisingen,
Alufra GmbH,4F48,"We love Aluminium. Alufra trade and manufacture our own aluproducts from profiles. We have 2 production centres - Hambühren und Mainhardt. And also some good old partners. in 2025, we start with sheet metal processing and and with our Tubelaser from Trumpf, we have possibility to process pipes or profiles.",verkauf@alufra-gmbh.de,+49 173 6142 733,https://alufra-gmbh.de,"Tweegten 8a, Niedersachsen, 29313",Hambühren,
Alugen Alüminyum San. Tic . A.Ş.,4B52,"Alugen Aluminium is aleading supplier for customer drawing profiles. With our high technology infrastructure and engineering vision, we are offering solutions starting from design, die production, extrusion, surface treatments, machining, packing and logistics. We are supplying various branches like construction, heating & cooling, electronics, automotive, furniture, etc. Alugen exports nearly all its capacity to West European countries and also have deliveries to USA.",info@alugen.com.tr,02128861787,https://alugen.com.tr,Alkent 2000 Mah. Dr hasan Akgün cad,,
AlumatIQ AS,6F24,"AlumatIQ delivers customized Robotic Anode Change Systems, which make aluminum smelters smarter, more efficient and greener. The robot automates all steps in the anode change process, providing high precision and high degree of autonomy. The operator supervises the robot. Our solution is customized according to each smelting plant’s specifications, ensuring that the solution fit the needs of your operation. The systems can be installed on existing cranes or delivered with new cranes. Prior to any investment decision, our engineers and consultants guide",frode@alumatiq.com,+4790146010,https://alumatiq.com,"C.M. Havigs Gate 21, 8656",Mosjøen,
ALUMEX PLC,4C02,"A fully-integrated aluminium extrusions manufacturer since the 1986, we have always put our customers and their needs at the very center of our business ethos, emphasizing on reliability, resourcefulness, and professionalism, with a personalized approach in all that we do.We are proud to belong to the World of Hayleys, representing among Sri Lanka’s premier multinationals as a multifaceted manufacturer with world-class operations and capabilities.",im@alumexgroup.com,009411400332,https://alumexgroup.com,"PATTIWILA ROAD, SAPUGASKANDA",,
Aluminij Industries,6F39,"Established in 1975 with an annual production capacity exceeding 350,000 metric tons, Aluminij has been Bosnia and Herzegovina's largest exporter. With its state-of-the-art equipment, strategic location, well-developed roads, railways and seaport lines, Aluminij is positioned as a leading European aluminium manufacturer with access to the European, Middle Eastern and Asian markets. Today, being part of M.T. Abraham Group and benefiting from its extensive network of alliances, Aluminij is a global aluminium leader.",info@aluminij.com,+387 36 375 555,https://aluminij.com,"Baćevići b.b., Federation, 88000",Mostar,
Aluminios Cortizo S. A.,"4F33, 4F39","With over 50 years of experience shaping aluminium, Cortizo stand as a leading European manufacturer of high-performance aluminium profiles and integrated processing solutions, combining 150,000 tonnes of annual production capacity across 9 centres. Foundry, Extrusion, Anodizing, Powder Coating, Machining, Packaging, Distribution. Every stage is managed in-house to ensure quality, flexibility and reliable supply worldwide. Driven by precision, innovation and industrial excellence, we deliver sustainable aluminium solutions for industries that demand more.",mktg.industrial@cortizo.com,+34 981 804 213,https://cortizo.com,"Extramundi, s/n",,
"ALUMINIOS DEL MAESTRE, S.A.",3H03,"Aluminios del Maestre, S.A. (ALUMASA) is a Spanish company based in Villafranca de los Barros (Badajoz), specializing in continuous coil coating and processing of aluminum. Backed by over 35 years of experience, ALUMASA produces high-quality prepainted aluminum coils, sheets, and custom components designed for the construction, architecture, and industrial sectors. Its product portfolio supports applications such as roller shutters, roofing, ceilings, and metal carpentry, offering versatile, durable, and precision-engineered solutions tailored to international client needs.",alumasa@alumasa.com,+34 924 520 820,https://alumasa.com,"Pol. Ind. Los Varales, Av. del Trabajo, 1, 06220",,
Aluminium Bahrain B.S.C. (ALBA),6F34,"Starting as a 120,000 tonnes per annum smelter in 1971, Alba, today, is the world’s largest aluminium smelter ex-China with a production of more than 1.561 million metric tonnes per annum (2021). Alba Campus comprises six Reduction Lines, five Power Stations (power stations 1 &2 are no longer in use), three Casthouses, four Carbon Plants along with other ancillary facilities. In addition to molten metal and diverse Value-Added Product (VAP) portfolio, Alba also produces 540,000 mtpa of high-quality calcined petroleum coke at its own dedicated Coke Calcining Plant",contact@alba.com.bh,0097317830000,https://albasmelter.com,"150, King Hamad Highway",,
Aluminium Bozen S.r.l.,3B71,"Aluminum has been produced in the Bolzano plant since 1936. Bolzano South was well known because of the presence of foundries since the early 1900s. The city is strategically located in relation to the German market, where many of the raw materials came from. Our mission is helping customers to find the best solutions to their needs. The markets to which our products are mainly located in Europe and addressed to industry and transport. We mainly produce the following types: extruded quenched/unquenched bars, custom-made profiles, seamless extruded tubes, homogenized and turned billets.",info@aluminiumbozen.com,0039 0471 906111,https://aluminiumbozen.com,"Via Toni Ebner, 24, Alto Adige/Südtirol, 39100",Bolzano/Bozen,
Aluminium Deutschland e. V.,6D74,Aluminium Deutschland is the association of the aluminium producing and processing industry in Germany. Members of Aluminium Deutschland are companies that produce aluminium in primary smelters and recycling facilities and/or process aluminium.,information@alu-d.de,+49 211 4796-0,https://aluminiumdeutschland.de,"Fritz-Vomfelde-Straße 30, NRW, 40547",Düsseldorf,
Aluminium Duffel BV,3A48,"Aluminium Duffel is a European leader in the manufacture and sale of aluminium rolled products for diverse industries worldwide. Our operations use state-of-the-art technology, including the widest automotive cold rolling mill in Europe as well as a CALP-line (Continuous Annealing Line with Pre-Treatment). With the current production capacity of 200,000 tonnes of aluminium per year, we supply products for applications ranging from architectural facade sheet materials to automotive body sheet.",info.duffel@aluminiumduffel.com,+32 15 302111,https://aluminiumduffel.com,"Adolf Stocletlaan 87, Antwerp, 2570",Duffel,
Aluminium federation Ltd (ALFED),,"Aluminium is an affordable, highly recyclable material that supports a global circular economy. As the voice of the UK industry, our mission is to expand the market for aluminium products by helping members solve problems, lobby government and boost their competitiveness. Whether it’s providing technical support, delivering market insight, informing trade policy or offering networking opportunities – everything we do focuses on helping UK aluminium capitalise on opportunities. As a member, you become part of an influential community, getting your voice heard.",alfed@alfed.org.uk,0333 240 9735,https://alfed.org.uk,"Bragborough Hall Business Centre, Welton Road, Braunston, Northants, NN11 7JG",Daventry,
Aluminium Global Business Lounge,7AF30,"ALUMINIUM offers direct access to connect directly with decision-makers and buyers across the global aluminium value chain, to strengthen existing partnerships, unlock new business opportunities, and grow sales. Welcoming 21,000+ visitors, from 100 countries, over 3 days, the event is a must attend showcasing innovations, products and solutions, and hosting conversations and discussions to drive future industry growth. Whether your goals are lead generation, brand visibility, product launches or market expansion, ALUMINIUM offers a proven platform to achieve them, all in one place.",,,,Johannstraße 1,,
ALUTECHNAL FACTORY,4C51,• Facade Engineering. • Aluminum and Glass Curtain walls. • Aluminum Doors and Windows. • Aluminum Cladding Systems. • Glass and Aluminum Partitions. • Architectural Screens and Mashrabia Works. • Architectural Metal Works. • Fire Rated and Bullet Proof Windows and Doors.,amin@alattiyahgroup.com,0097430040432,https://alutechnalfactory.com,"22774 Street 24 Al-Rayyan, Doha, 45444",Doha,
ALUTITAN S.p.A - TECNOAL S.r.l.,4G36,"Specialised in aluminium extrusion, we are proud to offer customised solutions to meet the specific needs of our customers. Our expertise extends beyond the simple production of profiles; we can professionally and efficiently handle even the most complex and differentiated demands in terms of geometry, metallurgy and quantity. We offer a complete service, from the initial design consulting to the delivery of the finished product. Working with Alutitan means creating added value for your project; we are at your disposal to transform your ideas into real, functional products.",mail@alutitan.com,+378 0549 998270,https://alutitan.com,Via dei Faggi,,
"ALUVOLTEC INDUSTRIAL CO., LTD. (CAMBODIA)",5L06,"Aluvoltec is an aluminum extrusion manufacturer based in Cambodia, backed by Chinese investment from Yuanshuo Metal, headquartered in Jiangyin, China. Our facility operates six extrusion presses, producing custom profiles with circle sizes ranging from 4 to 14 inches across alloys 6060, 6063, 6005, and 6061. Beyond extrusion, we offer a comprehensive range of finishing and fabrication services, including black and silver anodizing, powder coating in a wide selection of colors, as well as cutting, punching, and CNC machining. We are equally committed to quality and sustainability—our production",tina@aluvoltec.com,855978936994,https://aluvoltec.com,"Sihanoukville Sez (Phun Pou Thoeung,Bet Trang Connune & Phun Snach Deng, Rean Connune, Prey Nob District,Sihanoukville Province), Kingdom of Cambodia, SIHANOUKVILLE, 180108",SIHANOUKVILLE,
AM Tooling A/S,5E03,Tool and special machine construction. AM TOOLING A/S produces prototypes - bending and stretch bending tools - punching tools - special tools - devices - measuring fixtures and gauges. In our molds- and model shop we produce casting tools and model equipment for iron and metal foundries throughout Europe.,jbc@amv.dk,+4563955600,https://amv.dk,"Teknikvej 25, 5260",ODENSE S,
AMAG Austria Metall AG,3E69,"AMAG is a reliable and financially stable, stock-listed producer of flat rolled products in Austria and has a stake in low-carbon primary aluminium production in Canada. Since years we are a trustworthy and flexible partner to our customers in various industries and demanding applications (e.g. aerospace, automotive, sports), delivering on time and in the requested quality. We are a fully integrated site in the heart of Europe with recognized operational excellence and high recycling capabilities.",office@amag.at,+43 (0) 7722 - 801 - 0,https://amag-al4u.com,Postfach 3,,
AMARI METALS LTD,3D24,"Amari Metals is a consortium of companies that provide a route through which OEMs and sub-contractors in engineering and manufacturing can source their metals, processing requirements, components, fittings, forms and sections, the businesses can even help with product design. AMARI Metals is able to provide these services in a variety of materials from High Performance and Marine-Grade Stainless Steels, Copper, Brass, Bronze & Aluminium. Each company under the AMARI Metals umbrella operates independently and has a highly trained team providing the very best in customer satisfaction",sbarron@amari-metals.com,,https://amarimetals.ee,United Kingdom,,
AMCO Metall-Service GmbH,4F52,"Als Familienunternehmen mit rund 270 Mitarbeitern in der AMCO-Gruppe stellen wir uns persönlich auf Ihre Wünsche ein. Dazu steht uns ein besonders breites Lagersortiment von über 7.000 Tonnen zur Verfügung, das Ihnen eine exzellente Warenverfügbarkeit garantiert. Wir liefern alle Teile bedarfsgerecht und stellen uns flexibel auf Ihre Stückzahlen ein. Natürlich können Sie bei AMCO auch auf einen hochmodernen Maschinenpark und viel Branchen-Know-how zählen.",info@amco-metall.de,+ 49 421 41009-0,https://amco-metals.com,"Pfalzburger Straße 251, 28207",Bremen,
AMETEK Land,1B55,"AMETEK Land is the world’s leading manufacturer of monitors and analysers for industrial infrared non-contact temperature measurement, combustion efficiency and environmental pollutant emissions. Through our trusted range of leading-edge technologies, we are chosen the world over to deliver the highly accurate measurement solutions that precisely meet every customer’s process needs. With unrivalled applications knowledge, choosing AMETEK Land ensures the highest standards of process safety, process control and product quality are reached.",land.enquiry@ametek.com,01246 417691,https://ametek-land.com,"Stubley Ln,, Outside US, S18 1DJ",Dronfield,
AMETEK Surface Vison,1B55,"AMETEK Surface Vision ist weltweit führend in der automatisierten Online-Oberflächeninspektion und Prozessüberwachung. Unsere SmartView®- und SmartAdvisor®-Systeme bieten zuverlässige, flexible Lösungen für kontinuierliche Fertigungsprozesse in zahlreichen Branchen und sind mit über 3.000 Installationen weltweit im Einsatz. Hunderte von Kunden vertrauen auf unsere Systeme, um die Produktqualität zu verbessern, die Effizienz zu steigern, Abläufe zu optimieren sowie Ausschuss und Betriebskosten zu reduzieren.",surfacevision.info@ametek.com,+1 510 431 6767,https://ameteksurfacevision.com,"455 Corporate Blvd, Delaware, 19702",Newark,
AMG Aluminum Master Alloys China Limited.,6H09-10,"For more than 80 years, AMG Aluminum has earned a trusted reputation for reliable delivery of consistently dependable aluminium grain refiners and alloy tablets anywhere in the world. Our grain refiners with a number of different titanium-to-boron, titanium-to-carbon ratios are available to accommodate special conditions which may exist in the user’s plant；Compacted alloying additives also (known as ALTAB™) are a mixture of hardener elements such as Mn, Cr, Fe, Ti and Cu compacted with high grade aluminium powder or flux.",info@amg-al.com.cn,86-13960774702,https://amg-al.com,"NO.39 Dutouping, Huangsha Village, Xinkou Town, Sanyuan District, Sanming City, Fujian Province, China.",,
AMPERE ALLOYS SAS,6K59,A.M.P.E.R.E Alloys SAS is more than 23000m2 storage capacity in Europe. We hold a range of more than 500 products always in stock and available in our warehouses. We are an efficient and reactive company dedicated to the clients satisfaction.,julia@amperealloys.com,0033134324000,https://amperealloys.com,5-7 RUE DE BRETAGNE,,
AMV Soluciones,6D66,"AMV Soluciones develops systems to optimize the foundry industry. ALEA® software optimizes production, materials, energy and carbon footprint for each type of alloy and controls the entire melt flow. The PRONOX4CAST® software plans, schedules and monitors your processes in real time to achieve the best production goals. Automation, optimization, management and planning with complete control of the production process in any type of foundry. We offer tools to expand your know-how towards intelligent production.",admin@amvsoluciones.com,+34 986 133 990,https://amvsoluciones.com,Ctra Bembrive 23,,
"Anhui Krant Aluminum Products Co.,Ltd.",1A05,"Anhui Krant Aluminum Products Co., Ltd. is located in Guangde Economic Development Zone, Anhui Province, with a construction area of 170,000 square meters. Since 2013, it has ranked first in the production and sales of aluminum profiles in Anhui Province, and is the largest aluminum profile manufacturer in East China. Specialized in aluminum doors and Windows, curtain walls and Solar energy and other industrial profile research and development, production and sales. The company has 100 extrusion lines and 5 anodizing lines and 10 powder coating lines, with an annual capacity of 300,000 tons.",wmj6012190@foxmail.com,+8618225927202,https://krant-china.com,"NO.12,Guohua Road,Gangde Economic Zone",,
"Anhui Shenchang Aluminum Industry Group Co.,LTD",5N25,"We are a leading metal stockiest and manufacturer located in East China, Focus on aluminum plate,aluminum bar,aluminum tube，magnesium plate and bar, titanium materials, stainless steel materials and so on Our reliable quality standards have enabled us to serve over 15000 customers worldwide, with sales presence on all five continents. You are always welcome to visit our factory in China.",aluminumasc@gmail.com,+86 13311839191,https://ascalgroup.com,"South of Weisan Road,east of Jingba Road, Economic Development Zone, Anhui, 239300",Tianchang,
"ANHUI SHENGDA QIANLIANG ALUMINUM CO.,LTD",7AD10,"With a complete aluminum processing industry chain, we are a comprehensive manufacturer that integrates aluminium casting, aluminium extrusion profiles, aluminium forging, surface treatment, aluminium precision machining, and mold designing and manufacturing.",SDtrade-01@shengda-alu.com,+8613928214214,https://sdql-alu.com,"Dangtu Economic Development Zone, Dangtu County, Anhui, 243100",Ma Anshan,
"Anhui World Wide Welding Co.,ltd",5B12,,,,https://globalfsw.com,"Mingchuan Road 219, Anhui, 230000",Hefei,
AP Aluminium Sdn.Bhd.,1E39,"AP Aluminum is located in Klang Port, Malaysia, covering an area of 400,000 square feet. It has a set of recycled aluminum crushing, automatic flotation equipment, 20 tons of casting furnace, 25 tons and 50 tons, a 2,500 tons of reverse extrusion machine, a 400-ton straightening machine, and several auxiliary equipment such as pulling and straightening heat treatment.",elaine@apalum.com,+60129669570,https://apalum.com,"LEVEL 29.04 OF LEVEL 29, MID ZONE, EXCHANGE 106, LINGKARAN TRX",,
ARABIAN EXTRUSIONS FACTORY L.L.C.,1D20,"One of the leading manufacturer of aluminium profiles in various finishes like Mill, Powder coated, Anodized and wood effect. We supply standard and customized aluminium products for structural, automotive and other industries.",sales@arexco.ae,0097167646152,https://arabianextrusion.com,"P.O Box – 1999, Umm Al Quwain, Block-5, Emirates Modern Industrial Area, Umm Al Thoube, 1999",Umm Al Quwain,
Arck Sensor,3H46,"Arck Sensor is a French company specialized in optical measurements in harsh industrial environments, with extensive experience in pinhole detection of flat-rolled products. Laser-based PinHole Detectors of our CEPHEE range are offering accurate automatic on-line inspection equipments. Our last innovation consists of a linear CCD solution designed for battery foils inspection (ABELL range). Arck Sensor is completing the pinhole detection by offering a Surface Defect Inspection System named VEGA. All-In-One : Pinhole detection + Surface Inspection = the ultimate solution only by us.",contacts@arck-sensor.com,+33 534318644,https://arck-sensor.com,22 RUE HERMES,,
ARCONIC ARCHITECTURAL PRODUCTS SAS,7AE05,"With over 60 years of experience, Arconic Architectural Products SAS is a leading European supplier of coil coated aluminium coils and sheets. Reynolux® pre-painted aluminium is coated with liquid paint in a continuous process at our Merxheim site in France. The product is 100% recyclable and is suitable for façade cladding, roofs, transport and industry. Reynolux® combines beauty with high performance, delivering durable, lightweight and flexible solutions.",Reynolux.service@arconic.com,+33 3 89 74 46 00,https://arconicarchitecturalproducts.eu,"2 RUE MARIE CURIE, 68500",MERXHEIM,
Ardis Information Systems NV,5K39,"Wir liefern Ihnen eine ganzheitliche Optimierung Ihres Arbeitsablaufs. —— Die heutige komplexe Welt mit hartem Wettbewerb erfordert eine Lösung, in die man hineinwachsen kann. Dies erfordert eine standardisierte, bewährte Software, die durch Parametrisierung hochgradig anpassbar ist. Unser modularer Aufbau ermöglicht es uns, auf Ihre aktuellen Bedürfnisse zu fokussieren, ohne die Türen für die Zukunft zu schließen. Die Produktversionen ermöglichen es sowohl kleine, mittlere als auch große Kunden zu unterstützen.",info@ardis.eu,+32 50 72 89 89,https://ardis.eu,Brugstraat 93,,
Arfem Alüminyum,4C39,"Arfem Aluminum was established in 2011 to produce aluminum profiles with the slogan ""We are producing from Diyarbakır to the world."" Arfem Aluminum operates on a total of 40.000 m² open area and 21.000 m² closed area with 450 employees. Our company continues its production with 4 extrusion presses, anodizing, and electrostatic powder coating facilities with a total capacity of 1.500 tons/month, 1.100, 1.450, 1650, and 2.200 tons.",info@arfemaluminyum.com.tr,+904123450112-13,https://arfemaluminyum.com.tr,"Organize Sanayi Bölgesi 15.Cad. 110 Ada, No:12, 21010",Yenişehir /Diyarbakır,
ARP GmbH & Co.KG,6E52,"ARP is an international system provider in chip processing and environmental technology. The company develops systems for crushing, conveying, de-oiling, drying, and recycling metal chips. The focus is on tailored, practical solutions. From consulting and engineering to manufacturing and commissioning, ARP delivers everything from a single source. This enables industrial customers to efficiently process production waste and recover valuable raw materials.",info@arp-mb.de,+49 7444 95150,https://arp-mb.de,"Industriestraße 37, BW, 72275",Alpirsbach,
Arslan Aluminyum A.S.,3E14,"Arslan Alüminyum combines aluminium profile extrusion, anodizing , Powder-coated ,mechanical processing and aluminium billet casting under one roof. With modern technology, strong manufacturing capabilities and a consistent focus on quality, we provide tailored solutions for various industries and applications.",arslan@arslanaluminyum.com,+90 (212) 224 21 06,https://www.arslanaluminyum.com,"HÜRRİYET MAH. DR. CEMİL BENGÜ CAD. NO:40 34403 KAĞITHANE, İSTANBUL",,
ARZYZ,6C23,"With over 40 years in non-ferrous metals, ARZYZ is known for quality, innovation, and sustainability. We operate through Trading, Manufacturing, and Service Center, trading aluminum and copper, manufacturing alloys, FRP, and billets, and offering cutting and machining services. Our unique sustainability commitment sets us apart from our competitors. We maximize scrap use, certify our facilities (ISO 9001, ISO 14001, ISO 45001, ASI, IATF), invest in efficient technology, and offer a circular economy approach to recover our clients' waste.",comercial@arzyz.com,+5282880000,https://arzyz.com,"Carr. Ciénega de Flores - Salinas Victoria KM 5.0 Sur, Nuevo León, 65550",,
Asas Alüminyum Sanayi ve Ticaret A.S.,3A53,"ASAŞ is a leading aluminium extrusion and flat rolled products manufacturer and exports more than 90 countries across 6 continents. Company produces coil & sheet, foil and pre-painted flat rolled products and pre-fabricated, surface treated (anodized, powder coated & sublimation options) and finished aluminium extruded products for serving the transportation, automotive, packaging, building & construction, energy, HVAC sectors.",info@asastr.com,+902166800780,https://asastr.com,"Rüzgarli Bahçe Mah., Kumlu Sok., No:2, 34810",Istanbul,
Asbury Advanced Materials,5L43,"Asbury Advanced Materials is a global supplier and processor of engineered carbon, graphite, and advanced material solutions serving a wide range of industrial markets, including aluminum processing, refractory, foundry, and high-temperature applications. With more than 130 years of material expertise, Asbury combines technical knowledge, global sourcing strength, and controlled processing capabilities to help customers meet demanding performance requirements. For the aluminum industry, Asbury offers solutions designed to improve release, thermal stability, and extend equipment life.",info@asbury.com,(908) 537-2155,https://asbury.com,405 Old Main St.,,
ASCONA GmbH,1C09,"As the industry leader in optical profile measurement technology, our focus is on offering our customers in the aluminum, plastics and rubber industries the best solutions for quality control. 100% made in Germany. More than 850 installations in 55 countries - our many years of experience in the industry and our global service network make us true specialists.",info@ascona.de,+497546917910,https://ascona-gmbh.de,Maybachstrasse 11,,
ASEN ALÜMİNYUM SANAYİ VE TİCARET A.Ş.,1E34,"Asen Alüminyum produces custom profiles up to 400mm wide and 14.5m long using 18 MN and 40 MN presses with a 24,000 tons/year capacity. Serving the automotive, solar, railway, and industrial sectors, our IATF 16949 and Qualicoat certified facility offers integrated solutions including CNC machining, powder coating, and assembly. We prioritize sustainability through our 1.7 MW solar power plant and low-carbon billet usage, ensuring world-class quality from design to the final product.",info@asenalu.com,+902625037313,https://asenalu.com,Makine İhtisas OSB Mah. 27 Sk. No: 3/2 Dilova,,
Assan Alüminyum Sanayi ve Ticaret A.S.,6A23,"Assan Alüminyum, the leading aluminium FRP manufacturer, produces coil&sheet, foil and pre-painted products for packaging, distribution, construction, consumer durables, automotive and HVAC sectors, in its ASI Performance Standard certified facilities. It offsets its scope 2 emissions by generating IREC certificates through its renewable energy production. With its global culture, it exports to more than 70 countries, mainly to West Europe and North America.",info@assanaluminyum.com,+90 216 5811200,https://assanaluminyum.com,"Yayla Mah. Ruya Sok No:2, Tuzla, 34940",Istanbul,
ASSIMAKIS S.A.,1D51,"Assimakis has 51 years of experience in designing and manufacturing extrusion handling machinery for aluminium extrusion factories. Our mission is to give our customers the most effective, state-of-the-art solution to their production needs, with persistence on high quality, constant pursuit of innovation and improvement, and focus on building long term partnerships.",info@assimakis.gr,+302262032054,https://assimakis.gr,P.O.B. 81,,
AST Accurate Sensors Technologies,1A01,"Accurate Sensors Technologies has been well known in the world market since 1994 for their special Plug and Play pyrometers for Aluminium Industry. AST, a leading name among manufacturers of Infrared Pyrometers for the aluminum extrusion process, made a remarkable presence worldwide for innovation with our accurate Infrared pyrometers range for the aluminum extrusion process. With more than 20 years of experience along with efficient teams of R&D, Software, and Mechanical AST offers a complete line of pyrometers and accessories for Accurate non-contact temperature monitoring in all stages of",ast@accuratesensors.com,+97249990025,https://accuratesensors.com,Israel,,
AST-X GmbH & Fraunhofer IIS,5B47,"The AST-X GmbH and the Fraunhofer Institute for Integrated Circuits join forces to offer robust and intelligent sensing solutions for primary aluminum electrolysis. Our Anode Current Monitoring System (Wireless ACM) provides real-time measurement of anode currents in harsh potroom environments. This fast-install retrofit solution is powered by cell voltage and uses a secure wireless mesh network for safe data transmission. It enables condition monitoring, process optimization, and predictive maintenance, helping smelters increase efficiency, reduce costs, and lower greenhouse gas emissions.",hallinpower@iis.fraunhofer.de,+49 9131 776-4471,https://iis.fraunhofer.de,Germany,,
ASTAS Aluminyum San. ve Tic. A.S.,1B50,"Astaş Aluminium who has been in aluminium profile industry since 1974, is a leading company of the sector by being a member of aluminium communities in local (Turkish Aluminium Community TALSAD) and also continental (European Aluminium). Astaş, with its surface treatment and machining areas, has integrated aluminium extrusion production facilities in a total 56.600 m² area. Astaş’s Headquarter is located in Yeşilköy/İstanbul and the production plant is located in Çorlu/Tekirdağ with an annual capacity of 24.000 tons per a year.",info@astasalu.com.tr,+902826751120,https://astasalu.com.tr,"Astaş Alüminyum San. ve Tic. A.Ş., Yeşilyurt Mahallesi, Sipahioğlu Caddesi No 2 Kat 2 Daire 6, 34149",Bakırköy / İstanbul,
ATEMA srl,4A49,"ATEMA s.r.l. is Italian leading supplier of tools for the aluminium extrusion industry. ATEMA supplies all the range of tools for extrusion dies correction, starting from abrasive tools, electric and pneumatic tools, measuring instruments and milling tools. Among the basic tools every die corrector use are carbide burrs, diamond files, calipers, edge squares, precision control pins, air grinders, end mills and much more. We look forward to meeting you in Düsseldorf.",atema@atema-utensili.it,+390302185399,https://atema-utensili.it,"Via Stella, 66, Brescia, 25062",S.Vigilio di Concesio,
ATHERM SAS,6M12,"Atherm, original manufacturer Immersion Heaters, proposes the most efficient solution for non ferrous liquid metal heating. Our heaters are used in many light metal industries: Aluminium, Zinc (including galvanization), Magnesium are the preferred environments for our heaters. After more than 20 years of existence, our proven technology is suitable for: High pressure die casting Gravity die casting Low pressure die casting Degassing & filtration unit Transport ladle re-heating Hot dip galvanizers",commercial@atherm.net,+33 4 76 77 23 24,https://atherm.com,1 rue Charles Morel,,
ATM Atılım Teknik Metal Geri Dönüşüm Döküm Makina İmalatı Savunma San. İth. İhr. ve Tic. Ltd. Şti.,6H70,"Founded in 1999, ATM Atılım Teknik Makina manufactures recycling, melting and casting machinery in its 20,000 m² production facility in Türkiye. Our expertise includes furnaces, filtration systems, shredders, briquetting presses, billet and ingot production plants, and casting machinery. ATM exports to more than 30 countries and continues to expand its global presence.",info@atilimteknik.com.tr,+90 312 267 2145,https://atilimteknik.com.tr,"Ahi Evren OSB Mah. Ural caddesi, No. 10 Sincan, ANKARA, 06935",Ankara,
ATS ATES MAKINE VE METAL SAN. TIC. LTD,4A55,"ATS, besides manufacturing discs,slugs and plates, offers you spun, drawn and impact extruded products",info@atsmetal.com,00902128751060,https://atsmetal.com,Beylikdüzü Osb,,
August Mössner GmbH + Co. KG,5C33,"Mössner entwickelt und baut Sonderlösungen in den Bereichen des Maschinenbaus, der Automatisierungstechnik und der Robotik. Mit unseren 140 Mitarbeitern sind wir in der Lage auch größere Projekte abzuwickeln – ohne die nötige Flexibilität für Sonderlösungen zu verlieren. An unserem Standort in Eschach entwickeln, fertigen und montieren wir Ihre Anlage und nehmen diese für Sie weltweit in Betrieb.",vertrieb@moessner-kg.de,+49 (0) 7175 / 99806-0,https://moessner-kg.de,"Hohenstaufenstr 3, 73569",Eschach,
Austin AI Europe,6G33,"With the utmost importance of the use of specific recycled Aluminium and other special alloys, an increasing need prevailed for very precise, high-speed, high-capacity automated sorting systems. Austin AI's expertise on applied spectroscopy in automation technologies ensured a unique opportunity to develop their new model, the worldwide patented LIBS spectroscopy-based sensor sorter for light scrap fractions. In 2020 Austin AI opened the European Office in Budapest responsible for the EMEA regions - beyond sales and service obligations, it also acts as a LIBS demo and test center.",info@austinai-eu.com,+36 309 545 146,https://austinai-eu.com,"Helsinki u. 128., 1238",Budapest,
AVANZA TECNOLOGIA INFORMATICA SL (AVANZATE),4H13,"AVANZATE develops Industrial Intelligence solutions exclusively for the aluminium extrusion industry. APS helps extrusion plants increase productivity, reduce scrap, improve process stability and optimize die performance through Artificial Intelligence and real extrusion expertise. More than software, APS transforms extrusion operations into connected, preventive and knowledge-driven manufacturing environments.",info@avanzate.es,+34 967 19 17 91,https://avanzate.es,"Calle de la Investigación 1, Edificio 3, Albacete, 02006","Albacete,",
AVAS METAL SAN. TIC. A.S.,3H15,"AVAS METAL is a leading supplier of high-quality alloy aluminum bars, tubes, plates and sheets for the aerospace, defense, automotive, marine and machinery industries. With an extensive stock of 2xxx, 5xxx, 6xxx and 7xxx series alloys, we provide reliable material sourcing, precision cutting and fast delivery solutions. We are committed to quality, traceability and customer-focused service.",info@avasmetal.com.tr,+90 312 384 85 00,https://avasmetal.com.tr,"Saray Mah. Atom Cd. No:40 Kahramankazan, 06980",ANKARA,
AYMAS MAKİNA SANAYİ VE TİCARET A.Ş.,6B07,"Explore our Inclined Shears, Metal Baling Presses, Shredders, Briquetting Presses, and customized recycling plant solutions. Our experts will be available to discuss your recycling needs and recommend the most suitable equipment for your operations. Every machine is engineered for durability, high performance, and long service life, making AYMAS a trusted partner for customers worldwide.",sales02@aymasmakina.com,+905330743975,https://aymasmakina.com,"HALİLBEYLİ OSB.MAH.EGE CAD.NO:4 BAĞYURDU ORG.SAN. BÖL. KEMALPAŞA, 35000",Izmir,
Bahra Metals,6G49,"Bahra Metals, ein Unternehmen der Bahra Electric Group, ist ein führender Hersteller hochwertiger Kupfer- und Aluminiumprodukte für die Energie-, Elektro-, Bau- und Industriebranche. Unser Produktportfolio umfasst Kupfer- und Aluminiumstäbe, Sammelschienen sowie kundenspezifische Lösungen, die nach internationalen Standards gefertigt werden. Mit modernen Produktionsanlagen und einer starken Exportpräsenz in über 50 Ländern liefern wir zuverlässige, nachhaltige und leistungsstarke Metalllösungen an Kunden weltweit.",info@bahra-electric.com,800 124 8111,https://bahra-electric.com,Jeddah,,
Balaji Aluminium Extrusions Pvt Ltd,1C49,"At Balaji Aluminium Extrusions Pvt. Ltd., we make custom aluminum profiles with outstanding precision, accuracy, and consistency to meet the toughest industry demands. Backed by state-of-the-art 638-ton and 1450-ton presses, strict quality checks, and world-class alloys, we deliver high-performance aluminum profiles with tight tolerances and reliable quality. Our commitment to innovation, sustainability, and customer satisfaction is reflected in internationally recognized certifications like IATF 16949 and ISO 9001.",marketing@balajialuminium.com,+918222860918,https://balajialuminium.com,"Plot no 109, Sector-16, HSIIDC, Haryana",,
BALEKS MUHENDISLIK VE MAKINA SAN TIC LTD STI,5K37,"Our company provides service in the field of spare parts manufacturing, maintenance, revision operations and auxiliary machines (die removal etc.) for brass and aluminum extrusion systems.",info@baleks.com,+90 533 160 3285,https://baleks.com,"Aksemseddin Mah. Dogan Arasli Blv. Fatih San Sit. 215 Sk. D1 B Blok No:5-7 Esenyurt / Istanbul, 34510",,
Bano Recycling SRL,6G18,"Manufacturing of aluminum and non-ferrous metals scrap recycling plants. The extraordinary Single-shaft technology of PREMAC HYDRO primary shredder, has revolutionized the way to process aluminum scrap. MAC-S HYDRO heavy-duty secondary shredder ensures precise cutting while keeping maintenance costs low. HAMMER MILLS increase the product density and purity along achieving optimum recovery levels. Our products can be 100% tailor-made and developed to meet and satisfy customers needs. For further info, please do not hesitate to contact our office at sales@shredder-bano.com",sales@shredder-bano.com,+39 0499200757,https://shredder-bano.com,"Via Antoniana 10, Veneto, 35011",Campodarsego - Padova,
Barni Spa,4C06,"Barni Spa has been manufacturing custom machinery for over 50 years, primarily plant equipment for strip coating, degreasing and anodising, as well as for final processing of tubes both with and without welding seams. Its merger with Guida srl in 2021 has resulted in synergy effects for the entire Group and expanded Barni’s product portfolio, which now includes slitting and packaging systems for flat steel.",info@barnispa.com,+39 0342 614403,https://barnispa.com,"Via Artigianato, 7-7a, (SO), 23017",Morbegno,
Bartz Maschinenbau GmbH,6F09,"Bartz gehört mit seinen innovativen Lösungen für Schmelzaggregate zu den Technologieführern im Bereich der Kipptrommelöfen. Unsere moderne Prozess- und Ofensteuerungen in Verbindung mit zuverlässiger und langlebiger Anlagentechnik stellt momentan die Benchmark dar. Erweitert wird das Produktportfolio um das komplette Handling von Flüssig-Aluminium. Straßentransport-Behälter, Kipp- und Warmhaltestationen, Impellerstationen und Tiegelreinigungsanlagen. Bartz bietet seinen Kunden das komplette Leistungsspektrum aus einer Hand. Planung, Fertigung, Montage, Inbetriebnahme, Schulungen, Service.",info@bartz-maschinenbau.de,+49265149300,https://bartz-maschinenbau.de,"Robert-Bosch-Str. 14+18, Rheinland-Pfalz, 56727",Mayen,
BASIS EP,6H74,"BASIS EP offers solutions in power electronics such as High Current rectiformers for Primary Alumium Production: Booster solution, up to 100kA Process loop or compensation loop, up to 100kA Modular rectiformers VAR compensation or Harmonic filter modules Electronics retrofit for old rectifiers",contact@basis-ep.com,+33323610047,https://basis-ep.com,"164 Rue de la Chaussée Romaine, 02100",SAINT-QUENTIN,
Baumann S.r.l.,5K40,"Seit über 50 Jahren entwickelt und produziert BAUMANN zuverlässige Seitenstapler für den sicheren und effizienten Transport von Langgut. Tragfähigkeiten von 3 bis 50 Tonnen, leistungsstarke Elektroantriebe und innovative Fahrzeugtechnologien machen uns zum weltweit führenden Spezialisten in diesem Segment.",info@baumann-sideloaders.com,+39 045 6205311,https://baumann-seitenstapler.com,"Via Palesega 1, Veneto, 37010",Cavaion Veronese,
bavius technologie gmbh,5H21,"For more than 40 years, bavius (previously Handtmann A-Punkt Automation) has been one of the world's leading manufacturers of highly productive 5-axis machining centers for high-speed milling of big structural parts and profiles. The smallest biggest machine! Our aim is transparency, innovation, sustainability and shared success based on unique products.",info@bavius-technologie.com,+49 751 5079 0,https://bavius-technologie.com,Eisenbahnstr. 17,,
Behringer Eisele GmbH,5E05,"BEHRINGER EISELE represents advanced circular sawing technology for steel and non ferrous metals. The company develops and manufactures vertical circular saws, fully automatic machines and automated systems designed for precision cuts, high output and long service life. Material handling is considered as part of the process. With modern control concepts, transparent processes as well as consulting and service, the result is efficient and predictable solutions for economical production. Geben Sie Ihr Feedback zu BizChat ab.",info@eisele.behringer.net,07023-957570,https://behringer.net,Austraße 29,,
BEHRINGER GmbH,5E05,"With our portfolio, we are one of the few complete suppliers on the sawing technology market. We are a competent partner, especially for customised solutions. Stainless steel, tool steel, tempered steels, special alloys and aluminium. In a wide range of thicknesses, shapes and diameters. Individually, in bundles or in fixed lengths. Whatever you need to saw, our industrial saws can handle any sawing task. Thanks to their robust design and the consistent use of vibration-damping cast components, they are powerful and durable saws.",info@behringer.net,07266/207-0,https://behringer.net,Industriestr. 23,,
"Beijing Microcenti optoelectronic technology Co., Ltd.",5N17,"Main product: Laser Doppler Velocimetry and Length Measurement Instrument Typical Industries: Various composite materials including steel, non-ferrous metals, lithium batteries, paper, corrugated paper, film, textiles, cables, and extrusion materials Application Scenarios: Length measurement; Speed measurement; Cutting to length; Speed control; Speed difference and elongation control; Inkjet printing; Providing speed signals for surface inspection",info@matend.com,075589398907,https://microcenti.cn,"3rd Floor, Building 1, Beijing Instrument Base, No. 2 Shengfang Road, Daxing District, Beijing",,
BELIS a.s.,5A01,"BELIS a.s. specializes in metalworking with a focus on pressing parts from steel, stainless steel, and aluminum. Their capabilities include deep drawing, circular and other stampings, welding, assembly, and surface treatments such as enamelling and coating. Serving industries like automotive and electrical, BELIS emphasizes high-quality production, innovative tooling, and strict quality control under ISO 9001 and IATF 16949 standards. With extensive machinery and expertise, the company offers comprehensive solutions from design to finishing.",SALES@BELIS.EU,+420387737380,https://belis.eu,"Rudolfovská třída 476/111, 37001",České Budějovice,
Bending Technology Denmark,"4F40, 6F35","Visit us at Stand 4F40. At Bending Technology, we develop the right rolling and bending solution for virtually any aluminium profile. Our experience dates back to 1948 and forms the foundation of our extensive expertise in metalworking. Together with our partners, we develop cost-effective and practical solutions through open dialogue. With our expertise, we help ensure projects are delivered cost-efficiently and to the required quality standards.",kha@bendtech.dk,+45 75820588,https://bendtech.dk,Hedevej 44 Uldum,,
"BIELE, S.A.U.",3D54,"Biele Group develops turn-key stacking solutions for press, shear and laser blanking lines. These solutions include magnetic, vacuum and robot stackers, as well as handling & packaging systems for metal and aluminium sectors. Biele Metal is the specific division focused on the metal-automotive sector regarding metal sheets processing, handling and packaging, either of cold-rolled or hot-rolled steel, stainless steel or aluminium. This automation solutions include high productivity lines for the stacking and packaging of metal components related to cutting and pressing processes.",biele@biele.com,+34 943 15 70 50,https://biele.com,"Larrañaga Industrialdea 1, Urrestilla, 20738",Azpeitia,
BIKAR METALS,4F28,"With our dedicated employees, we supply companies in various industries worldwide with aluminum, brass, copper, bronze, plastics and special alloys in the form of plates, sheets, blanks, rods, profiles and tubes. Short delivery times thanks to extensive warehouse stocks, fast action with state-of-the-art machine technology and professional advice are integral parts of our customer-oriented collaboration. We are pioneers in the digitalization of the metal trade and offer our customers innovative solutions for their requirements for non-ferrous semi-finished metal products.",info@bikar.com,0049-2751-9551111,https://bikar.com,"Industriestraße 3-17, 57319",Bad Berleburg,
Binder+Co AG,6B17,"Binder+Co develops innovative solutions for processing aluminum scrap and aluminum-containing materials. High-performance screening machines and sensor-based sorting systems enable precise separation by size, properties, and quality, helping maximize recycling efficiency and recover valuable aluminum fractions. CLARITY sorting systems can be equipped with color sensors, metal detectors, NIR spectroscopy, or LIBS technology for highly accurate separation based on color, conductivity, or chemical composition.",office@binder-co.at,+43 3112 800 0,https://binder-co.com,"Grazer Straße 19/25, 8200",Gleisdorf,
"Binzhou Zhengdao Mechanical Manufacturing Co.,Ltd",6A62,"Binzhou Zhengdao Machinery Manufacturing Co., Ltd. specializes in the research and development and manufacturing of aluminum cores. We provide customized solutions for aluminum casting manufacturers, helping our clients achieve more efficient and higher-quality aluminum casting production.",,,https://sdbzd.goldsupplier.com,"No. 558, Bohai 30th Road, China, 256600",Binzhou,
Biser Insaat Sanayi ve Ticaret Anonim Sirketi,3A49,"BISER ALUMINIUM IS PRODUCING ALUMINIUM BILLETS IN 5,6,7,8 AND 9 INCHES DIAMETER WITH MAX 6 MT LONG WITH HIGH TECHNOLOGY MACHINES; ALL PRODUCTION STAGES ARE CONTROLLED BY QUALITY ASSURANCE DEPARTMENT. BILLETS ARE SOLD IN TURKISH MARKET AND EUROPE & NORTH AFRICA. OUR POLICY IS TO FULFILL OUR CUSTOMERS REQUIREMENTS/REQUESTS WITH HIGH QUALITY AND COMPETETIVE PRICES. NEW INVESTMENTS ARE IN OPERATION TO FOLLOW ALL NEW TECHNOLOGIES AND DEVELOPMENTS IN THE MARKET.",extrade@biser.com.tr,+903125441044,https://biseraluminyum.com,"ÇANKAYA KIZILIRMAK MAH. 1443. CAD, 1071 PLAZA NO :25/179, 06600",ANKARA,
BLOOM Engineering (Europa) GmbH,6G72,"Bloom Engineering provides high quality burners, combustion systems and services to the Aluminium industry. Operators who work with Bloom achieve optimal results due to the process expertise of our staff and our ability to customize products. High efficiency, low NOx, and multifuel applications are Bloom’s speciality. Bloom offers burners that are optimized for fuels available today such as various gases and oil. In looking to the future, we have carried out laboratory testing of many of our burners firing pure hydrogen and are already offering systems to customers. Making Bloom ready today!",info.BloomEurope@wabtec.com,+49 (0)211 50091-0,https://bloomeng.com,Büttgenbachstr. 14,,
Bodega G.& C. S.p.A.,1D13,"We produce aluminum extrusions (ranging from 100g to 105kg per linear meter), alongside mechanical processing and surface finishes. Operating across two plants with 5 extrusion presses, we deliver a net production capacity of approximately 65,000 tons per year.",info@bodega.it,+39 035 438211,https://bodega.it,"Via Binda di Sopra,1, Bergamo, 24034",Cisano Bergamasco,
Bonetti Costruzioni Meccaniche S.r.l.,5F16,"BONETTI have also designed a complete line of high productivity bandsaw machines with blade speeds up to 10,000 feet per minute; on this machines designers have succeeded in fact to optimize the life of the tool until reaching an impressive result of 2000 square-m of cuts made by each blade, which means a cost of 0,05 € / cent per cut. Bonetti Co. starts operations in 1978, producing hea",sales@bonettigroup.eu,+39037457203,https://cuttingexperts.net,via Medaglie dArgento 8,,
Bonfanti,3H13,"For over 60 years, BONFANTITALGRU has delivered material handling and production logistics solutions. We provide fully integrated, turnkey systems with advanced technologies to manage production, logistics, and shipping. Competence and innovation guide our planning and development. Our brands, BONFANTI and ITALGRU, are globally recognized, offering efficient, reliable systems designed to support the growth and success of leading businesses worldwide.",coms@bonfanti.it,+39 035908911,https://bonfanti.it,"Strada Statale Briantea, 4, Bergamo, 24030",Ambivere,
Bridgnorth Aluminium Limited,3D68,,,,https://bridgnorthaluminium.co.uk,"a. Stourbridge Road Bridgnorth, WV15 6AU",,
Briganto GmbH,5F06,"The Austrian manufacturing company offers turn-key solutions, to include consulting, designing, manufacturing and installation of custom engineered Aluminum cutting machines, effective automation concepts, and a dedicated after sales service. Our longstanding experience as well as our comprehensive knowledge allows us to understand the upcoming challenges of the Aluminum Industry. We are a service provider with a strong focus of integrated consulting while analyzing your needs. From this gained knowledge we develop and engineer individually tailored machines and automation solutiotions.",office@briganto.com,+43 5512 93081,https://briganto.com,Kammern 1303,,
BRUNO PRESEZZI S.p.A.,4B38,"Bruno Presezzi S.p.A. is an international partner in precision engineering and advanced manufacturing. With over 70 years of experience, we design and manufacture high-performance equipment, critical components, and turnkey solutions for the Aluminum, Energy, Oil & Gas, and mechanical industries. Our expertise covers precision machining, special steels, aluminum casting equipment, and integrated services from engineering to commissioning, delivering reliable, customized, and sustainable solutions.",marketing@brunopresezzi.com,+39.039.6095814,https://brunopresezzi.com,"Bruno Presezzi spa, Via per Ornago, 8, MB, 20875",20875 Burago di Molgora,
Buss AG | BUSSLIST Group,6H09-02,"BUSSLIST Group develops and manufactures process technology for demanding material processing applications. Our KX Co-Kneader is designed specifically for anode paste production in the aluminium industry – a technology we have been continuously refining for over 70 years. The KX combines efficient mixing, direct pitch injection, and electrical heating to deliver consistent anode quality at output rates of up to 65 t/h. The result: reduced pitch consumption, low maintenance effort, and reliable long-term operation.",info@busslist.com,+41 61 825 66 00,https://busslist.com,"Hohenrainstrasse 10, 4133",Pratteln,
Böhler Steuerungen GmbH,1D40,"Böhler Steuerungen konzipiert und fertigt seit beinahe 50 Jahren hochwertige Automatisierungstechnik für Extrusions-Anwendungen. Weltweit realisieren wir Projekte in den Bereichen SPS-Steuerungen und Robotik. Auch Prozess- und Transportleitsysteme gehören zu unserem Leistungsspektrum. Für unsere intelligenten und individuellen Lösungen, die neben der Hard- und Software auch das komplette Projektmanagement beinhalten, wurden wir von der Wirtschaftskammer als bestes Klein- und Mittelunternehmen ausgezeichnet. Haben wir Ihre Neugierde geweckt? Besuchen Sie uns auf unserem Stand 1D40.",wbs@boehler.at,+4355723790,https://boehler.at,"Fabrikstraße 6 Schwarzach,, 6858",Vorarlberg,
Büro für angewandte Mineralogie Dr. Stephan Rudolph,6H09,"We develop and produce Original ALU-STOP Boron-Nitride-Coatings, which contain high-quality boron nitride (BN) as an advanced ceramic material. These coatings can be applied like ordinary paints and show excellent non-wetting properties.",,02156-80072,https://alu-stop.com,Hinkes Weißhof 50,,
C.I.E. Compagnia Italiana Ecologia S.p.A. - CISART,3A04,"The CIE GROUP composed by: CISART, CIE and MST CHEMICALS is now generally considered one of the European leaders in the ALUMINUM FINISHING TREATMENT sector. The group, which has origins since 1981, exploits, designs and creates all the systems as well as the chemical specialties necessary for finishing aluminium: Horizontal and Vertical Anodizing OX plant, Powder Coating & Painting systems, Primary water treatment plants, Process water treatment systems (purification), Zero discharge systems and water reuse and Chemical specialties of degreasing, deoxidation, colouring, conversion.",info@cieeng.com,+39 029810470,https://cieeng.com,"Via I° Maggio, 20/22, Milano, 20070",San Zenone al Lambro,
Calderys,6C65,"Together, Calderys and HWI leverage a worldwide network of R&D, manufacturing, and technical experts to bring the best refractory solutions to aluminum producers. By sharing technologies, product innovations, and application experience across regions, we offer customers access to an expanded portfolio and proven expertise for every stage of aluminum production. Meet our team to explore solutions that enhance performance, reliability, and productivity.",info@calderys.com,,https://calderys.com,"61 Rue des Belles Feuilles, 75016",Paris,
Candour technology,5M46,"Candour Technology is a leading manufacturer of Aluminium Extrusion Dies and Machinery, delivering precision-engineered solutions backed by extensive expertise in die design and manufacturing. Our state-of-the-art facility features advanced Wire-Cut, EDM, CNC, VMC, VMM, Automatic Surface Grinding, and CAD/CAM simulation technologies to ensure exceptional accuracy and quality. Using premium EFS Grade H13 steel and vacuum heat treatment, we produce high-performance extrusion dies with superior strength, durability, and extended service life.",info@candourtechnology.in,9896517656,https://candourtechnology.com,"1 main Delhi Rohtak Road ,, Jhajjar, Haryana, 124507",BAHADURGARH,
CANEX aluminum,3B32,"We are Boutique Aluminum Creations company. We specialize in creating a tailor-made experience for our customers focusing on providing a stylish service, satisfying the most demanding customers and applications, and consistently improving our quality on all metrics. We grow when we best serve existing leaders in the Aluminum downstream industries and promote aluminum to replace other material whenever it can bring more environmental, operational and monetary value to potential customers.",info@canexalu.com,+201027778093,https://canexalu.com,"CPC Industrial Zone, Northern Extensions, Industrial Area #4",,
Carcano Antonio S.P.A.,3H31,"Carcano Antonio S.p.A produces aluminium foil and aluminium based products in different sizes and thicknesses depending on the final application. Since 1880 it has been in continuous technological evolution to offer its Costumers full satisfaction, ensuring at the sametime environmental sustainability.",info@carcano.com,+39 03411571211,https://carcano.com,Via Antonio Carcano 10,,
Carl Spaeter GmbH,3D30,"As part of the Carl Spaeter Group, we offer a wide range of products for your aluminum needs from our location in Duisburg. As a family business with almost 150 years of history, we are one of the top 500 companies with the highest turnover in Germany and use our size to get the best for our customers. We are a large company and at the same time a medium-sized enterprise. That is important to us because there are many generalists as well as specialists, but we are both at the same time.",Aluminium@Spaeter.de,+49 203 2818-0,https://aluminium.spaeter.de,"Philosophenweg 17, 47051",Duisburg,
Castellini S.p.A. Società Benefit Unipersonale,5M38,"Castellini is an Italian industrial company with over 75 years of experience in high-quality manufacturing and advanced technological solutions. Through its Machining and Solution business units, Castellini supports industrial sectors with precision components, process equipment and laser-based technologies designed to improve production quality, efficiency and innovation. For the aluminium industry, Castellini offers expertise in process optimization and reliable solutions for demanding manufacturing applications.",sales@castellini.it,00390307256211,https://castellini.it,"Via Privata G.Castellini 2, Brescia, 25046",Cazzago San Martino,
CASTREF METAL MAKİNE REFRAKTER SAN VE TİC LTD STI,6M05,"Castref is a young, dynamic company with big potential. It is a specialist producer, supplying high quality precast refractory parts for vertical billet and Twin roll continuous casting and turnkey projects. It offers flexible and scalable products, setting and advising. Strategically located between Asia and Europe, the company is agile and able to serve international clients easily. A highly experienced team manages projects closely for quality and client satisfaction to ensure the best results.",info@castref.com,+905318660906,https://castref.com,"İKİTELLİ OSB MH. TORMAK M BLOK SK., TORMAK M BLOK NO 35 / 35-BAŞAKŞEHİR",İstanbul,
CBAMBOO,7AC13,"CBAMBOO is the leading independent specialist for CBAM management and policy, combining both advisory and software services to simplify compliance, analyse risk, and minimise CBAM costs. Our advisory services include training, legislative analysis, policy updates, engagement with suppliers and third parties, and the sharing of best practices. Our software offering includes internal reporting of CBAM exposure for commercial and financial teams, forecasting tools to support pricing decisions, and streamlined compliance processes. Founded in 2023, CBAMBOO is ISO 27001 certified.",hello@cbamboo.com,CBAMBOO,https://cbamboo.com,"FBC Clerkenwell, Bowling Green Lane, London EC1R 0NE, FBC Clerkenwell, 40 Bowling Green Ln, London, EC1R 0NE",London,
CEOTHERM ENDÜSTRİYEL FIRIN İMALAT SAN. VE TİC. LTD. ŞTİ.,5H34,ALUMINUM Melting Furnaces Billet Homogenization Facilities Billet Stacking-Destacking Systems Billet Casting Machines Billet Cutting Saws and Marking-Weighing Mold Heating Furnaces Billet Annealing Furnaces Ceramic Filter Units Die Heating Furnaces T4-T6 Heat Treatment Furnaces Rotary Tilting Type Melting Furnaces Ingot Conveyors Scrap Charging Cars IRON-STEEL Roller-Based Ovens Walking Beam Furnaces Belt Conveyor Ovens Steel Billet Re-Heating Furnaces Bogie Hearth Furnaces Annealing Furnaces Well&Bell Type Furnaces Tempering Furnaces Gas Atmosphere Controlled Furnaces Ceramic Heat Treathment,sales@ceotherm.com,+902626581164,https://ceotherm.com,Marmara Geri Dönüsümcüler San. Sit. 241,,
CeraNovis GmbH,6H09-07,"Ceranovis develops, manufactures, and sells robust, inert nanoceramic release coatings for the casting of aluminum semi-finished products and components. Just a few kilograms of these coatings replace tons of conventional release agents. From ingots to complex components, Ceranovis offers the right release coating for an efficient, productive, and environmentally friendly process. The resulting components are of the highest quality and free of contamination. Exceptionally long service life increases OEE, productivity, and cost efficiency, and fosters true sustainability.",sales@ceranovis.com,+49 (681) 3875-4000,https://ceranovis.com,"Untertürkheimer Str. 25, Saarland, 66117",Saarbrücken,
"CHANGSHU SHI SHOUYU MACHINERY CO.,LTD",6B14,"Changshu Shi Shouyu Machinery Co., Ltd began in Italy 1977, specialized in producing environmentally friendly machinery and equipment. SOYU professionally produces and manufactures crushing and sorting equipment for solid waste. The products are mainly single shaft shredder, two shaft shredder, four shaft shredder, metal chip shredder, agglomerator, plastic crusher, etc. The products are mainly applied to the recycling of renewable materials, environmental protection industry, and hazardous waste. The products have been exported to more than 80 countries and regions.",sy@shredder-3e.com,0512-52408453,https://shredder-3e.com,"Wangyuhe Bridge , Liantang Shanghu Town, Jiangsu Province, 215551",Changshu Suzhou City,
CHARNAUD & Co (Pty) Ltd,6H09-11,"CHARNAUD® for the last 46 years has constantly strived to deliver products that are on the cutting edge of innovation, ensuring the highest level of safety standards. CHARNAUD®’s HEAD TO FOOT® range offers protection against: Fire, Rescue, Radiant Heat, Molten Metal Splash and the Thermal effects of an Electric Arc Flash. Regarded as a leading global supplier, with an ethos of providing Protective Clothing and PPE for the users’ safety and comfort, makes CHARNAUD® THE TRUSTED BRAND THAT CREATES CONFIDENCE IN AN HOSTILE WORK ENVIRONMENT®.",sales@charnaud.co.za,+036 634 1534,https://.charnaud.net,"1 Pink Street, Ezakheni Industrial Estate, Ladysmith, 3370, KwaZulu Natal, 3370",Ladysmith,
"Chengdu Thintech Co., Limited",5H02,"Chengdu Thintech Technology Co., Ltd. was established in 2011, with its headquarters located in Chengdu, the ""Land of Abundance."" It has offices in Suzhou, Mianyang, Chongqing, Shenzhen, Qingdao, and Xi'an, forming a service network covering multiple core regions nationwide. The company has successively passed certifications for ISO9001 Quality Management System, ISO14001 Environmental Management System, and ISO45001 Occupational Health Management System, and has been recognized as a National High-Tech Enterprise. Relying on the Inspection and Testing Agency (CMA) qualification accreditation a",,,,"C2, 1ST FLOOR, BUILDING 1, ATRIUM OF BUILDING 1, BOE (CHENGDU) SMART SYSTEM INNOVATION CENTER PROJECT (PHASE I), PIDU DI, chengdu, 611700",chengdu,
"Chinalco Advanced Manufacturing Co.,LTD.",4C27,"Chinalco Advanced Manufacting Co., Ltd. was established through a partnership between Chinalco Group and the Chongqing Municipal People's Government. The company's products are widely used in aerospace, automotive lightweighting, rail transportation, shipbuilding and marine engineering, new energy, green building, electronics and electrical appliances, and food and pharmaceutical packaging. Its products are exported to more than 40 countries and regions worldwide. The company ranks first in China and second globally in terms of production and sales volume.",,,https://marketscreener.com,"No.85 KeCheng Road, Erlang Street, Jiulongpo",,
"Chongqing Runji Far East Alloy Co., Ltd.",6H09-06,"Alloy Tablets,Mn Metal,Si Metal",,,https://unglobalcompact.org,"21F, Building A, Jiangbeizui CBD",,
"Chung Ho Cheng Enterprise Co., Ltd",5M30,"CHC with abundant experience in developing toolings for Taiwan local forgers, CHC is rather competent in developing new and difficult items to achieve customer's expectations. Presently, CHC has been providing products to industries like Automotive (70%), Bicycle, Motorcycle, Railway, Agriculture, Defense and Security equipments. While providing customers with complex geometry and close tolerance parts, CHC has implemented innovating forging technology, adding equipment and enhancing management the first priority.",chc@chc-forging.com,+886-4-2698-2246,https://chc-forging.com,"No. 67-23, Ln. 854. Sec 1, Shatian Rd, Dadu Dist., 432",Taichung,
"CHUNG YANG INDUSTRIES Co., Ltd.",5K56,"Chung Yang Industries is a Taiwan-based precision manufacturer specializing in aluminum and metal component machining. We provide complete OEM/ODM manufacturing solutions, including CNC turning, milling, grinding, assembly support, and supply chain integration. Serving automotive, aerospace & UAV, industrial automation, electronics, and performance industries, we help global customers transform concepts into high-quality production parts. Our focus on precision, consistency, and responsive customer service makes us a trusted manufacturing partner worldwide.",cyi2@ms11.hinet.net,+886425344036,https://chungyang.com.tw,"No.2, Ln.178, Sec.3, Changping Rd., Tanzi Dist., Taichung City 427",,
CİTİUS ISIL İŞLEM TESİSLERİ MÜHENDİSLİK SANAYİ VE TİCARET A.Ş.,5G45,"With over 28 years of experience, CitiUS supplies Complete Billet Foundries and Heat Treatment Furnaces for Extrusion, Melting/Holding Furnaces for Continuous Casting Lines, Coil/Foil Annealing Furnaces for Flat products, Heating and Heat Treatment Furnaces for Forging, Curing Furnaces and Autoclaves for composite industry and special process furnaces according to customer request. Provides one-stop service to our customers, especially in the field of complete aluminium foundry.",info@citiusmuhendislik.com,+90 262 206 01 10,https://citiusmuhendislik.com,Kozyatağı Mah. Sıtma Pınar Sok. İMPA İş Merkezi Kat:2 D:5 Kadıköy,,
Cleansort GmbH,6G55,"Als Spezialist für laserbasierte Sortiertechnologie entwickelt Cleansort hochpräzise Anlagensysteme für die Metallaufbereitung. Mittels Laser-Induced Breakdown Spectroscopy (LIBS) werden Aluminiumschrotte im laufenden Prozess echtzeitgenau analysiert und sortenrein nach Legierung getrennt. Das Ergebnis: maximale Sortierqualität, minimierte Schmelzverluste und eine hochprofitable Kreislaufwirtschaft. Cleansort liefert damit Schlüsseltechnologien für Aluminiumverarbeiter und Recycler, die Wertstoffe profitabel und mit maximaler Transparenz zurückgewinnen wollen.",sales@cleansort.de,+492205901002100,https://cleansort.de,"Nußbaumweg 23-27, 51503",Rösrath,
NOXMAT,6E60,"NOXMAT is a specialist in industrial heating technology, developing, engineering, manufacturing and supplying industrial gas burners and electric heating systems for thermal process technology. Our portfolio includes recuperative and high-velocity burners, burner control systems, radiant tubes for heating industrial furnaces, electric heating elements, spare parts, and customised control cabinet solutions. Since January 2023, we have also offered the proven, highly efficient industrial burners from Wiedemann, which are used particularly in the aluminium industry.",info@noxmat.de,+49 37292 6503-0,https://noxmat.com,"Ringstraße 7, Sachsen, 09569",Oederan,
Surventis Surface Treatment GmbH,3G50,"We are a leading supplier of applied surface treatment technologies for metal, plastic, and glass substrates. Our aluminum pretreatment and anodizing technologies ensure perfect surfaces. Excellent adhesion and durable corrosion performance are achieved with the company’s approved products and customized processes. A complete portfolio is available for all types of aluminum finishing applications, e.g. prior to paint, wet paint and powder-paint processes as well as anodizing processes.",jorge.trolho@basf.com,+351 91 7579364,https://chemetall.com,Trakehner Str. 3,,
The Danish Pavillion,"4F40, 6F35","Aluminium Denmark hosts the Danish Pavilion at 4F40 as well as 6F35. We represent a complete value chain of Danish expertise, offering high-quality, sustainable aluminium solutions. Our pavilion brings together leading innovators specialising in everything from precision machining to advanced surface treatments. With a strong focus on low-carbon production and technical excellence, we connect global partners with reliable suppliers. Visit us to see how Danish collaboration can strengthen your supply chain.",howi@di.dk,+45 2893 4379,https://danskindustri.dk,"H.C. Andersens Boulevard 18, 1553",Copenhagen,
YESILOVA EXTRUSIONS,4C43,"At Yeşilova, we understand that quality and consistency are critical to your success. With decades of expertise, we deliver reliable aluminum extrusion solutions that meet the highest standards for performance and precision. As a family-owned business, we’re committed to building long-term partnerships based on trust and flexibility, tailoring each solution to your unique needs. Our efficient, sustainable processes ensure your products are delivered on time, within budget, and with minimal environmental impact. Partner with us for the excellence and reliability your business deserves.",info@cansan.com.tr,00902244842330,https://yesilova.com,HOSAB Hasanâga Organize,,
ÇAĞDAŞ KAĞIT AMBALAJ SAN. VE TİC. LTD. ŞTİ.,1A57,"Our company located in Istanbul and supplies paper to many sectors. Food packaging, industrial packaging, printing press, footwear, textile, automotive, plastic, shipping, jewelry, chemistry, furniture, digital printing industries etc. We have provide our AFYA PAPER brand in countries. Our Products ; Crepe Paper Interleaving Paper Sublimation Paper Protection Paper Newsprint Paper Tissue Paper Black Tissue Paper MG Bleached Paper Fluting Paper Wax Paper Anti slip Paper Kraft Paper White Crepe paper for bookbinding Pleating Paper Napkin Paper MG Brown Kraft Paper Glassine Paper Etc",exportafya@cagdaskagit.com,+902126741625,https://cagdaskagit.com,"HADIMKÖY MAHALLESİ , İBNİ SİNA CADDESİ , No: 8",,
