company_name,booth,description,email,mobile_primary,domain,full_address,city,linkedin_url
4TRIPAZ,10 / 10-37,"4Trip.az Travel registered tourism company - DMC that operates in Baku, Azerbaijan . It specializes in providing a well flexible and satisfying travel packages to different people from all walks of life . We started in 2024 with a strategy to do things differently. We have already made a difference in the market! Based in Baku, We’re probably the company with better local knowledge in meetings and incentives. We have the Western background to help our clients exceed guest expectations.| You can use our professional services for the following areas •Rent a car •Hotel Booking •Tickets •E-visa •Transfer Services •FIT Packages •Group Tours •MICE inAzerbaijann Nature Tours",info@4trip.az,+994512808647,https://4trip.az,,Baku,
A + GROUP,10 / 10-37,"A+ Group is a trusted Destination Management Company (DMC) specializing in Azerbaijan and Georgia. With headquarters in the USA and operational offices in Baku, Tbilisi, and Yerevan, we provide seamless travel solutions across the South Caucasus under one umbrella. Core Services • FIT & Group Travel • Luxury, Leisure, Corporate & Educational Travel • MICE & Event Management • Hotel, Transport, Guides & Excursions • Visa Support & 24/7 Multilingual Assistance • Tailor-made and Ready-made Travel Packages Key Strengths • Established in 2004 • Strong regional expertise in Azerbaijan & Georgia • Active in key source markets: China, Korea, Singapore, Malaysia, Russia, Germany, India • Reliable operational support for both B2B partners and group series",vali.ismayilli@aplustravel.group,+994505227059,,,Baku,
ABAY TOURISM,10 / 10-10,,,+77081151153,,,Semey,
ABTOURS VIETNAM,11 / 11-55,"ABTOUR is a destination management company in Vietnam and Indochina with over 12 years of experience and a professional Russian-speaking team. We provide a full range of ground services, including accommodation in 3–5* luxury hotels, individual and group transfers, excursion programs, business travel and MICE, visa support, and fast-track services. We work with a wide portfolio of popular hotels across Vietnam and offer special deals in Nha Trang and Phan Thiet, as well as exclusive rates for unique excursions to Fun Island and Yang Bay Eco Park.",sales@abtour.vn,+ 84 862869788,,,Nha Trang,
AIR CAIRO,10 / 10-32,Egyptian Airline,,201143355133,http://aircairo.com,,Cairo,
AIRASIA,10 / 10-31,"AirAsia will participate in KITF as part of the Tourism Malaysia stand. The company will showcase its destinations, route network, and offers, as well as engage visitors through on-site activities.",aa@fstravel.kz,+7 771 766 0471,,,Almaty,
ANA HOTELS EUROPA & ANA HEALTH SPA,10 / 10-21,"Escape to the seaside and enjoy a relaxing holiday at Ana Hotels Europa Eforie Nord, a 4-star hotel located on the shores of the Black Sea, in one of the most appreciated resorts on the Romanian seaside. Recently modernized, the hotel welcomes its guests with spacious gardens, comfortable rooms with a new design and modern facilities, as well as access to the Ana Health Spa center, renowned for its relaxation, wellness, and balneotherapy programs. All rooms and suites are equipped with a modern air-conditioning system, spacious balconies, many of them offering sea views, free Wi-Fi, and minibar, ensuring comfort both for seaside holidays and for relaxation stays or business trips.",anda.nedelcu@anahotels.ro,0040726388852,https://anahotels.ro,,EFORIE NORD,
ANSAN HOSPITAL,10 / 10-41,"I am Hong Kwangdae, a surgeon and the Director of the Medical Referral Center at Korea University Ansan Hospital. Having visited Uzbekistan three times, I have a profound interest in fostering medical cooperation and friendship between our two nations. I am here to facilitate clinical training opportunities for Uzbek physicians at our hospital and to ensure that Uzbek patients receive world-class medical treatment at our facility. Korea University Ansan Hospital is equipped with state-of-the-art medical technology and systems, and we are committed to providing the highest standard of care and treatment for every patient from Uzbekistan",drhkd@korea.ac.kr,+821050254740,,,Ansan-si,
AO BANK CENTERCREDIT,11 / 11-54,"Bank CenterCredit is one of the leaders of the country’s banking system, which has been providing simple and convenient products and services in all regions of Kazakhstan since 1988. Today the Bank has its own extensive branch network across the country, serving more than 3 million individuals and business clients in 20 branches and more than 150 outlets.",info@bcc.kz,+77024740059,,,ALMATY,
APPLE TREE DENTAL HOSPITAL,10 / 10-41,"Thank you for your interest in our clinic! My name is Grigory Kim, and I am the official representative of the Apple Tree Dental Group in the Republic of Korea. I began working for Apple Tree in 2012 as a coordinator-translator, manager, and later as the head of the international department. Today, our network comprises 20 clinics across the country. We see international patients at our Seoul (Gangnam) and Goyang (Ilsan) clinics. Our clinics offer all types of dental treatment: Implantology, Dentoplasty (aesthetics), Maxillofacial surgery, Internal Medicine, Orthodontics, and Pediatric Dentistry. The clinics are equipped with modern technology (Ever Green CT technology with reduced radiation dose, 3D design, CEREC crown design and fabrication within half an hour, and much more).",atruskg@gmail.com,+82-10-2753-1863,,,"1450, Jungang-ro, Ilsanseo-gu, Goyang-si, Gyeonggi-do, Republic of Korea",
ASAN MEDICAL CENTER,10 / 10-42,.,russian@amc.seoul.kr,+82-2-3010-5001,,,Seoul,
ASIAN OVERLAND SERVICES (AOS) TOURS & TRAVEL,10 / 10-31,"Founded in 1976, AOS is a proudly Malaysian-owned Destination Management Company (DMC) with deep local roots and decades of experience. Specializing in Malaysia and Borneo, we combine local insight and expertise to create meaningful travel experiences. From FITs and small exclusive groups to large-scale tours, AOS is known for crafting creative itineraries beyond the ordinary. We connect travelers with local communities through authentic experiences that enrich each journey. Our experienced team provides exceptional service with 24/7 support. With our own fleet, licensed drivers, and professional guides, we ensure seamless travel. Partners can also access our B2B platform at www.aosconnect.com . AOS is committed to responsible tourism and is a certified Travelife Partner, working towards full certification.",aos@asianoverland.com.my,+60328571957,http://asianoverland.com.my,,SELANGOR,
ASTERIA MUINE,11 / 11-55,"Welcome to Asteria Mui Ne Resort, an enchanting coast of Vietnam, where dreams intertwine the sea for a truly holistic vacation. Enjoy the refined ambiance of 343 rooms & suites, each offering stunning views of turquoise waters. Delight in beachfront amenities and tailored activities that unfold throughout the day at 200m stretch of white sand beach, and evening at the Arena stage. Unwind by the exquisite pool, where the colors of the sky and sea merge in a harmonious symphony. Savor coastal flavors at our dining venues, paired with delectable cocktails. Experience ultimate relaxation at Stellar Spa, inspired by the sea. Escape to our Asteria Mui Ne Viet Nam to embrace adventure and nature’s beauty with luxurious comfort. Our dedicated team is here to curate personalized experiences for joyful moments!",info@asteriamuineresort.com,(+84) 252 382 2222,https://asteriamuineresort.com,,"Mui Ne Ward, Lam Dong province",
AZERBAIJAN AIRLINES,10 / 10-37,AZAL,k.gadimzade@azal.az,+994555738592,,,Bak?,
AZERBAIJAN TOURISM BOARD,10 / 10-37,OTHER,office@tourismboard.az,+994125058704,https://tourismboard.az,,Baku,
AZERTOUR,10 / 10-37,Travel agencies,rafngroup@gmail.com,+994512556364,http://azertour.ru,,Baku,
AZUKI TOURS,10 / 10-31,"Azuki Tours is a premier specialist agency crafting high-end, bespoke journeys across Southeast Asia. Under our motto, ""Personalized Malaysia and Borneo Holidays,"" we cater to affluent travelers seeking cultural depth, comfort, and highly personalized experiences. With over a decade of expertise, our team excels in creating seamless, tailor-made itineraries that showcase Malaysia’s ""Pristine Nature"" and rich heritage. From the ancient rainforests of Borneo to the luxury resorts of Langkawi, we provide private transportation and expert storytelling to ensure a sophisticated, immersive encounter with our beautiful land. We specialize in bridge-building between cultures, offering expert guidance in multiple languages to ensure a flawless, stress-free travel experience. At Azuki Tours, we don't just book trips, we curate the moments that become lifelong memories. We invite you to partner with us at the Central Asia Roadshow 2026 to redefine luxury travel in Malaysia.",info@azukitours.com,+60166016116,https://azukitours.com,,Petaling Jaya,
BAC EDUCATION GROUP,10 / 10-31,"BAC Education Group is an award-winning educational network in Malaysia dedicated to ""Transforming Lives Through Education."" Originally renowned for its top-tier law and business programs at Brickfields Asia College (BAC), it has expanded into a comprehensive ecosystem of specialized institutions: • BAC: Law & Business • UNIMY: IT & Future Tech • Veritas University College (VUC): Diverse Undergraduate & Postgraduate degrees • IACT College: Media, Creative Arts & Communications • Reliance College: Hospitality, Tourism & Culinary Arts Offering everything from Pre-University to Postgraduate degrees, BAC stands out for its ""Learn Different"" holistic philosophy. By blending traditional academics with real-world skills and integrating global digital platforms like Coursera and LinkedIn Learning, BAC ensures its graduates are highly competent and future-ready.",bakhrullo.r@bac.edu.my,+60 11-6939 4484,http://bac.edu.my,,Petaling Jaya,
BAKU MARRIOTT BOULEVARD HOTEL,10 / 10-37,"Baku Marriott Hotel Boulevard is a modern five-star hotel located along the Caspian Sea promenade in Baku. With 813 rooms, it is the largest hotel in the entire Caucasus region. The hotel offers elegant accommodations, diverse dining options, a spa and wellness center, and extensive meeting facilities, making it ideal for both business and leisure travelers.",murad.ahmadov@absheronhotelgroup.com,+994123100010,https://marriott.com,,Baku,
BELAVIA - BELARUSIAN AIRLINES,11 / 11-65,"Belavia is the leader in passenger air transportation in the Republic of Belarus. The company's operations are built on the principle of creating a positive image, which is shaped by safety, regularity and punctuality of flights, as well as by improving the quality of passenger service. The airline's main focus is on providing its customers with the opportunity to fly on direct flights or seamlessly continue their journey to any destination in the world, striving to accommodate all passenger wishes.",info@belavia.by,(+375 17) 220-25-55,http://belavia.by,,Minsk,
BRIGHT EYE CLINIC,10 / 10-42,"Bright Eye Clinic Gangnam is a premium ophthalmology center located in Seoul, offering comprehensive eye examinations and advanced vision correction procedures for patients of all ages. We are the only KAHF-certified ophthalmology clinic in Seoul and are officially recognized by the Korean government as an Excellent Medical Institution for Attracting Foreign Patients. With over 750,000 vision correction procedures and 150,000+ SMILE surgeries, we specialize in SMILE Pro, SMILE, LASIK, LASEK, ICL, presbyopia, and cataract surgery, as well as Dream Lens and dry eye treatment. We operate 12 specialized surgical suites built to international standards, welcoming thousands of patients from around the world each year with a focus on safety, precision, and personalized care.",business@brightlife.co.kr,+82 10 4501 3994,http://rus.brighteyesclinic.com,,Seoul,
BUSAN ADVENTIST HOSPITAL,10 / 10-42,"Busan Adventist Hospital is a modern general hospital with a 75-year history and 273 beds, providing high-quality medical services based on international standards and regional expertise. It follows a patient-centered approach, combining clinical excellence with compassionate care. As part of a global network of over 180 medical institutions, the hospital actively supports international collaboration and patient care. Its Cardiovascular and Neurovascular Intervention Center offers advanced diagnosis and treatment for complex conditions. KAHF accreditation confirms its high standards of quality and patient safety. The International Healthcare Center provides comprehensive support throughout all stages of treatment, with multilingual services in Russian, English, and Japanese. A dedicated team ensures personalized care, seamless communication, and a comfortable experience for international patients.",sybhid@naver.com,+821085543675,,,PUSAN,
CAIRO MARRIOTT HOTEL,10 / 10-32,"The hotel has 1,064 rooms including 134 Executive rooms, 816 Deluxe Rooms, 5 Presidential Suites, 3 Ambassadors Suites, 2 Royal Suites, 102 Diplomatic Suites and 2 Executive Suites. The meeting and banqueting areas of the Cairo Marriott Hotel are superbly appointed with professional banqueting staff to help you plan any event from a small meeting to a large banquet. Nineteen multi-purpose conference rooms, featuring the 8,000 square feet Aida Ballroom, catering meetings from 10 to 1000 people, with simultaneous translation facilities. The Cairo Marriott has 13 food and beverage outlets. The health club is open 24/7 providing in-house guests the most modern cardiovascular equipment and free weights. Personalized training sessions are offered upon request. Saray Spa consist of 13 treatment rooms, tranquil indoor relaxation areas, showers, steam room, sauna and Jacuzzi. Saray Spa Cairo offers a variety of massage therapies, Hammams, signature rituals, body treatments and facial treatments",inas.fouad@marriott.com,0020227283000,http://cairomarriotthotel.com,,Cairo,
CHA FERTILITY CENTER,10 / 10-42,"The CHA Fertility Center Seoul Station is equipped with the most advanced medical technologies, including a state-of-the-art embryo culture and cryopreservation system. Thanks to its highly experienced medical staffs, the center performs the largest number of in vitro fertilization (IVF) procedures in the country and maintains one of the highest pregnancy success rates in Korea. Over 9,000 IVF procedures are performed here annually—the highest number in Korea. * High pregnancy success rates * A team of highly qualified professors and specialists experienced in treating severe and complex infertility cases. * Comprehensive treatment system across the gynecology, urology, and endocrinology departments. * The largest biobank in Korea, ensuring safe, long-term storage of embryos, oocytes, and sperm using advanced cryopreservation technologies.",tenlarissa@hanmail.net,+821042670890,,,Seoul,
COSTABELLA,11 / 11-56,"COSTABELLA RESORT NHA TRANG is a premier beachfront destination nestled in the vibrant coastal area of Khanh Hoa Province, Vietnam. Located just 10 km from city center, 25 km from Cam Ranh International Airport, and about 450 km from Ho Chi Minh City. Bordered by lush green mountains to the west and the East Sea to the east, this resort offers the perfect harmony between nature and luxury. COSTABELLA RESORT NHA TRANG beckons with its pristine white-sand Nhu Tien beaches, upscale accommodations, exciting seaside activities, and the peaceful charm of tropical surroundings — an ideal escape for relaxation, adventure, and unforgettable memories.",info@costabellaresortnhatrang.com,+84 2583 545 888,https://costabellaresortnhatrang.com,,Nha Trang,
CYPRUS DEPUTY MINISTRY OF TOURISM,10 / 10-19,"Cyprus Deputy Ministry of Tourism, the government body that focuses on the sustainable development of tourism in Cyprus, and its systematic, targeted promotion as a tourist destination. The Deputy Ministry of Tourism is responsible for the development and implementation of the National Tourism Strategy of Cyprus. It ensures the implementation of tourism legislation, maintains lists of licensed tourism businesses, and supervises the tourism sector, in order to maintain high standards of service. It promotes tourism awareness, education and training, prepares studies and analyzes tourism-related data, aiming at the continuous improvement and modernization of the services provided. The goal of the DMT is to further develop, enrich and upgrade the tourism product of Cyprus, as well as highlight the variety of local experiences and the balanced distribution of tourism benefits in all areas of the island, always with the cooperation of all involved bodies and stakeholders.",cytour@visitcyprus.com,+357 22 691 100,https://visitcyprus.com,,Nicosia,
DALIAN SUNGOOD TCM HOSPITAL,10 / 10-26,"Dalian Sun-Good TCM Hospital is located in the commercial center of Dalian and was established in 2003 as an international TCM hospital. Recognized as one of the first TCM service export bases by China’s Ministry of Commerce and the National Administration of Traditional Chinese Medicine, the hospital is also designated as a rehabilitation base by the Chinese Anti-Cancer Association and serves as a partner in the TCM tour of the World Economic Forum’s Summer Davos. Sun-Good TCM Hospital boasts a team of over sixty TCM specialists, covering fields such as TCM internal medicine (including digestive, respiratory, rheumatology, endocrinology, urology, and neurology specialties), TCM proctology, TCM orthopedics, gynecology, dermatology, pediatrics, cosmetic TCM, and rehabilitation medicine. It is especially known for its expertise in treating conditions like autoimmune diseases, chronic pain, insomnia, cancer rehabilitation, skin conditions, and ulcerative colitis.",ru@sun-good.group,+8613795143626,https://sun-good.ru,,DALIAN,
DEEVANA PLAZA PHUKET PATONG,10 / 10-30,Deevana Plaza Phuket Patong Hotel,sales.clusterphuket@deevanahotels.com,66898915529,http://deevanahotels.com,,Phuket,
DEPARTMENT OF PHYSICAL CULTURE AND SPORTS OF PAVLODAR REGION,10 / 10-06,"Department of Physical Culture and Sports of Pavlodar Region is a government body responsible for implementing policy in the fields of sports, physical activity, and tourism in the region. Its main areas of activity include the development of mass and youth sports, support for professional athletes, organization and conduct of sports events, development of sports infrastructure, as well as the development of the tourism sector and promotion of a healthy lifestyle among the population",Turizmpvl@mail.ru,87782884137,http://visit_pavlodar.obl,,Pavlodar,
DEPARTMENT OF TOURISM AND RESORTS OF AJARA AUTONOMOUS REPUBLIC,10 / 10-40,"The Department of Tourism and Resorts of Ajara Autonomous Republic is a governmental organization supporting tourism development in Ajara region. It ensures the popularization of the region as a tourist destination on a national and international levels, identification, diversification and development of tourist products and improvement of the service level in the region. THE DEPARTMENT CARRIES OUT ITS MISSION BY: ? Establishing close cooperation with private, civil and public organizations, self governing units and international organizations ? Using innovative methods for tourism management ? Raising awareness of local population and all stakeholders ? Periodically collecting and analyzing the information and data connected with tourism ? Working out recommendations and proposals important for tourism development Non commercial legal entity Tourism Product Development Agency functions under the Department of tourism and resorts of Ajara A. R.",info@gobatumi.com,0422 27 74 38,,,Batumi,
"DEPARTMENT OF TOURISM, GOVERNMENT OF GOA",10 / 10-35,"The Department of Tourism, Government of Goa is the principal government body responsible for the planning, development, promotion, and regulation of tourism in the state of Goa. The Department plays a key role in positioning Goa as one of India’s leading tourism destinations by promoting its rich natural beauty, heritage, culture, and hospitality. The Department formulates tourism policies, implements development projects, and undertakes promotional activities both within India and internationally. It works closely with stakeholders such as tourism industry partners, local communities, and other government agencies to ensure sustainable and responsible tourism growth. Major initiatives include the promotion of beach tourism, heritage and cultural tourism, eco-tourism, hinterland tourism, adventure tourism, spiritual tourism, and MICE (Meetings, Incentives, Conferences, and Exhibitions) tourism. In addition, the Department supports the organization of major cultural festivals and event",deptgoatourism@gmail.com,+91 832 2494206 / +91 832 2494200,"http://goatourism.gov.in , goa-tourism.com",,Panaji-Goa,
DM DERMATOLOGY,10 / 10-42,"Led by a board-certified dermatologist with over 20 years of expertise, DM Dermatology offers premier customized treatments. Our chief dermatologist personally develops tailored plans using 20+ state-of-the-art medical devices to ensure optimal results and high patient satisfaction. Located just a one-minute walk from Apgujeong Station in Gangnam, we provide exceptional accessibility for both local and global patients. Even during the pandemic, we maintained unwavering trust through dedicated in-person care. As a KAHF-certified clinic (Korea Accreditation for Hospitals serving Foreign Patients), our international department provides professional multilingual services, committing to the highest standards of specialized dermatologic care through continuous medical innovation.",themderma@naver.com,+82-02-3445-0803,https://dmdermatology.com,,Gangnam-gu,
DMO MAMAIA CONSTANTA - BLACK SEA COAST,10 / 10-21,,omd.mamaia.constanta@gmail.com,0722150767,https://omdmamaiaconstanta.ro,,Constanta,
DMO ROMANIAN RIVIERA,10 / 10-21,Destination Management Organisation for the Romanian Black Sea Riviera,omd.judetul.constanta@gmail.com,0722150767,https://rivieraromaneasca.ro,,Constanta,
DONGGUK UNIVERSITY MEDICAL CENTER,10 / 10-41,"Dongguk University Ilsan Hospital's medical staff is dedicated to being close to their patients, understanding not just their health but also their emotional well-being, and doing the best to help them recover a healthy life. There are skilled medical staff who accumulate abundant clinical experience. They provide treatment for high-level diseases, successful surgery, and patient-centered customized treatment. By doing so, they are producing high-quality treatment results. Additionally, they are actively conducting research activities such as winning academic awards, selecting excellent papers, and making a presentation for research results at symposiums and academic conferences organized by diverse institutions at home and abroad. Through this, they are establishing the foundation for developing new treatments and clinical applications.",ihc@dumc.or.kr,+82319617027,,,Goyang,
DONGGUK UNIVERSITY MEDICAL CENTER,10 / 10-41,"Dongguk University Ilsan Hospital's medical staff is dedicated to being close to their patients, understanding not just their health but also their emotional well-being, and doing the best to help them recover a healthy life. There are skilled medical staff who accumulate abundant clinical experience. They provide treatment for high-level diseases, successful surgery, and patient-centered customized treatment. By doing so, they are producing high-quality treatment results. Additionally, they are actively conducting research activities such as winning academic awards, selecting excellent papers, and making a presentation for research results at symposiums and academic conferences organized by diverse institutions at home and abroad. Through this, they are establishing the foundation for developing new treatments and clinical applications.",ihc@dumc.or.kr,+82319617027,,,"Goyang, Korea",
EDUCATION MALAYSIA GLOBAL SERVICES,10 / 10-31,,,,,,,
EGYPTIAN TOURISM AUTHORITY,10 / 10-32,"The Egyptian Tourism Authority (ETA) is a government-affiliated body in Egypt focused on promoting tourism both internationally and within Egypt. It was established in 1981 by presidential decree as a regulatory and promotional authority under the umbrella of the Ministry of Tourism and Antiquities. Key roles and goals of the ETA: - Promote Egypt’s cultural heritage, historical sites, natural landscapes, and diverse tourist attractions to global audiences. - Support the development of marketing strategies and tourism campaigns. - Help remove obstacles to sector growth and encourage tourism. - Promote domestic tourism and raise awareness of Egypt’s cultural identity among Egyptians. - Organize and sponsor tourism, cultural, sporting, and entertainment events at archaeological sites and attractions.",int.tourism@mota.gov.eg,+2 0220546112,,,cairo,
EMBASSY ALLIANCE TRAVEL DMC,10 / 10-31,DMC in Malaysia. Unique Tours & Excursions. Kids' Camps & Study Abroad Programs. MICE & Business Travel,web@embassyalliance.com,+ 60 (0)3-22874722,https://embassyalliance.com,,Kuala Lumpur,
EMBASSY OF MALAYSIA,10 / 10-31,,,+7-7172-790690,,,Astana,
ERA TRAVEL,10 / 10-37,"**Era Travel: Company Overview** **Era Travel** is a travel agency dedicated to providing a wide range of services for leisure and business travelers. The company focuses on delivering comfortable, high-quality, and memorable travel experiences for its clients. **Core Services:** * **Tour Packages:** Offering curated vacation packages to popular global destinations (such as Turkey, the UAE, Europe, and Asia). * **Flight Bookings:** Searching for and securing the most cost-effective and convenient flights worldwide. * **Visa Support:** Providing expert guidance and assistance with the document preparation process for various visas. * **Hotel Reservations:** Access to a broad selection of accommodations, ranging from budget-friendly stays to luxury five-star resorts. * **Tailor-Made Trips:** Designing personalized itineraries customized to the specific preferences and needs of the traveler.",sales@eratravel.az,+994 50 525 65 45,https://eratravel.net,,Baku,
EXPERIENCE ABU DHABI,10 / 10-34,"The Department of Culture and Tourism - Abu Dhabi drives the sustainable growth of Abu Dhabi’s culture and tourism sectors, fuels economic progress and helps achieve the UAE capital’s wider global ambitions.",,+971 2 444 0444,https://visitabudhabi.ae,,Abu Dhabi,
EYEREUM EYE CLINIC,10 / 10-42,"2018 Established Triple Centration technique in SMILE 3 SCI publications (IOVS, JRS, JRS) +ASCRS Best Paper Award +Patent acquisition 2019 KSCRS SMILE Academic Award ?Marquis Who’s Who in the World -Lifetime Achievement Award 2020 SMILE ‘Vector Planning’ proven to reduce residual astigmatism 2021 Developed Biomechanical Index for diagnosing post-refractive ectasia 2022 AI-based ectasia diagnostic algorithm (TBIv2) PresbyMAX presbyopia correction outcomes(SCI publication) 2023 First surgeon in Korea to perform SMILE Pro Selected ophthalmology provider for ‘Korea–Asia Pacific Islands Summit’ for visiting heads of state 2024 ASCRS Best Paper – Clinical outcomes and visual quality of SMILE Pro European CSCRS Award for Plasma SMILE 10-year long-term outcomes of ICL(SCI publication) 2025 ASCRS Best Paper – SMILE pro Laser spacing Plasma SMILE visual quality study (SCI publication) SMILE Laser spacing study (SCI publication) KSCRS ICL Scientific Paper Award",ckr@eyereum.com,82 10 9048 1245,,,Seoul,
FACEON,10 / 10-41,"FaceOn, developed by Linkiss Inc., is a digital healthcare and medical tourism platform connecting international patients with leading Korean hospitals and clinics. The platform provides AI-assisted medical consultations, multilingual patient coordination, and access to dermatology, aesthetic medicine, and plastic surgery services in Korea. FaceOn aims to simplify cross-border medical travel and deliver safe, transparent, and high-quality healthcare experiences for global patients.",kyuri@faceonkorea.com,+821033438297,,,Seoul,
FTA EXCLUSIVE,11 / 11-70,,,,,,,
FUN & SUN HOLIDAYS SDN. BHD,10 / 10-31,"Established in 2001 in the heart of Malaysia, Kuala Lumpur, Fun & Sun Holidays Sdn. Bhd. has grown to be a trusted name in the travel industry. As a reliable Travel Agency and Tour Operator in Malaysia, we specialize in delivering unforgettable experiences to travelers from across the globe. We are proud to be the leading Destination Management Company (DMC) in Malaysia, particularly catering to guests from Russia, Eastern Europe, and CIS countries. Our strong partnerships with Tourism Malaysia allow us to play a key role in attracting international visitors, while also offering valuable support to travel agents. At Fun & Sun Holidays, we prioritize convenience and efficiency. Our intuitive B2B online system ensures seamless booking for travel professionals, simplifying the process of arranging tailor-made journeys.",booking@fnsholidays.com,+60 32 141 22 20,http://funandsunholidays.com,,Куала Лумпур,
FUN&SUN,11 / 11-73,"FUN&SUN Kazakhstan is one of the leading travel companies in Kazakhstan and Central Asia. The company operates as a full-scale tour operator, cooperating with 5,000+ travel agencies, and includes: An Incoming Department, actively developing domestic and inbound tourism MICE & Group Department A growing franchise retail network Own DMC companies in Vietnam, Thailand, Egypt, Turkey, UAE, and the Maldives A dedicated Halal travel concept, tailored to the needs of Muslim travelers FUN&SUN offers both beach and экскурсионный (excursion & cultural) holidays across multiple international destinations. In 2016, the company became a member of the Kazakhstan Tourist Guarantee Fund Association “Turistik Kamkor”, ensuring financial protection and safeguarding the rights of outbound tourists.",olga.chagay@fstravel.kz,+77020663322,,,Алматы,
G,11 / 11-74,,,+90462 280 17 00,,,TRABZON,
GANGNAM GRAND EYE CLINIC,10 / 10-42,"Leading the Future of Vision Correction in South Korea — Gangnam Grand Eye Clinic Gangnam Grand Eye Clinic is a premium ophthalmology clinic located in Seoul, South Korea, trusted by patients from around the world for its world-class medical services. Our Core Expertise: 1) Next-Generation Vision Correction (Target Vision: 2.0) Using cutting-edge technologies such as SMILE, LASIK, and LASEK, combined with fully personalized treatment plans, we strive to achieve the highest level of visual outcomes — target vision 2.0. Our mission is to provide freedom from glasses with the highest standards of safety and precision. 2) One-Step Solution for Presbyopia and Cataracts We specialize in advanced multifocal intraocular lens (IOL) implantation. This innovative procedure simultaneously treats cataracts and age-related vision decline, restoring clear vision at all distances — near, intermediate, and far in a single treatment.",mohichehrabahromova@gmail.com,+82-10-6499-1074,https://grandeye.kr,,Seoul,
GANGNAM JS HOSPITAL,10 / 10-42,"An Internationally Recognized Leader in Stem Cell Treatment for Knee Degenerative Arthritis Gangnam JS Hospital is a specialized hospital for knee cartilage regeneration surgery using umbilical cord blood stem cells. Since performing stem cell knee surgery on Guus Hiddink, the former head coach of the Korean National Soccer Team, the hospital has successfully conducted over 3,000 knee stem cell surgeries over the past 10 years. While artificial joint replacement has been the primary treatment for degenerative arthritis worldwide, we provide medical services to completely cure it through stem cell surgery and corrective osteotomy for bowed legs. Also, we manage post-operative care with medical specialists and therapists. Thanks to our exceptional medical services, we have successfully treated numerous international patients, including royalty and prominent figures from GCC, CIS, and European countries.",gnjs.int@gmail.com,+82-10-8977-8634,https://gnjshospital.com,,SEOUL,
GANGNAM SEVERANCE HOSPITAL,10 / 10-42,"Established in 1983 as part of the Yonsei University Health System, Gangnam Severance Hospital stands proudly in the heart of Gangnam, Seoul. Throughout its history, the hospital has been at the forefront of local medical advancements and has evolved into a distinguished healthcare institution with a global reputation. The hospital comprises four specialized facilities, including the Cancer Hospital, Spine Hospital, Heart Brain Vascular Hospital, and Dental Hospital, along with 47 departments. Notably, Gangnam Severance Hospital is dedicated to providing efficient and targeted healthcare through its exclusive """"Fast-track program for foreign patients."""" This comprehensive program seamlessly integrates health screening, outpatient care, and hospitalized treatment and surgery, ensuring expedited and precise medical services.",gnseverance2@yuhs.ac,+82-(2)-2019-3693,https://gs.severance.healthcare,,Seoul,
GLORY MEDICAL AND TOUR,10 / 10-42,"Glory Medical and Tour is an international medical tourism company specializing in the organization of medical examinations, treatment, and rehabilitation for foreign patients in South Korea. The company provides a full range of services, including selection of leading hospitals and doctors, patient coordination at all stages of treatment, medical interpretation, and arrangement of travel, accommodation, and transportation. Key areas include comprehensive health check-ups, oncology, cardiology, orthopedics, plastic surgery, and traditional Korean medicine. Glory Medical and Tour cooperates with top medical centers and ensures a personalized approach to each patient.",glorymedtour@gmail.com,+821075981974,,,ANSAN,
GOLDEN TOUR KOREA DMC,10 / 10-42,"Welcome to GTK DMC Since its inception in 2013, Golden Tour Korea DMC has been dedicated to delivering travel services worldwide, specializing in tailored high-quality travel experiences and a diverse array of Korean travel offerings. Furthermore, our involvement extends to organizing corporate incentive tours, meetings, government forum events, business excursions, family vacations, educational programs, and medical tourism initiatives in Europe. The GTK DMC crafts travel packages with the aim of enhancing customer satisfaction by collaborating with experienced tour operators to cater to travelers' specific requirements while fostering partnerships with numerous international associates. Leveraging extensive expertise and proficiency in the travel sector, we are committed to creating unforgettable journeys and weaving memorable chapters into the life stories of our clients alongside our team of GTK DMC designers.",marina@gtkdmc.com,+82-2-374-2380,,,Seoul,
GYEONGGI INTERNATIONAL MEDICAL ASSOCIATION,10 / 10-41,"Since its establishment in 2009, GIMA has been promoting the excellent medical services of South Korea and Gyeonggi Province to the world for 17 years, while leading international medical exchanges and achieving growth. Throughout this process, it has firmly maintained its status as a pioneer and leader in South Korea’s international medical business. Until now, GIMA has supported international exchanges through overseas medical technology exchanges, training for medical personnel, and charitable medical activities in collaboration with Gyeonggi Province. Furthermore, it has taken the initiative in developing new markets and attracting foreign patients, striving to enhance the status of ‘K-Healthcare’ in the world.",gima123@e-gima.org,031-222-4782~3,,,"5F, 445 Gyeongsu-daero, Paldal-gu, Suwon-si, Gyeonggi-do, Korea",
GYEONGGI PROVINCIAL GOVERNMENT,10 / 10-41,"Gyeonggi-do is located in the central western part of the Korean Peninsula. It surrounds the cities of Seoul and Incheon and borders Hwanghae-do (North Korea) in the north, Gangwon state in the east, Chungcheongnam-do in the south and the Yellow Sea in the west. Gyeonggi-do is the land where people have settled down since prehistoric times as it has a fertile plain along the Hangang River. This fact is proven by the evidence that has been uncovered at Paleolithic sites in Jeongok-ri, Yeoncheon-gun, in Neolithic sites in Misa-dong, Hanam-si, and in various sites from the Bronze Age.",,82-31-120,,,"30 Docheong-ro, Yeongtong-gu, Suwon City, Gyeonggi Province, Republic of Korea",
H+ YANGJI HOSPITAL,10 / 10-42,"H+ Yangji Hospital is a general hospital located in central Seoul with a 50-year history since its establishment in 1976. The hospital operates 28 medical departments with more than 120 specialists and over 1,200 staff members, and has been selected seven times as one of “Korea’s Best Hospitals” by Newsweek (2019–2023, 2025–2026). The Metabolic & Bariatric Surgery Center is led by Professor Yongjin Kim, the first surgeon in Korea certified as an SRC Master Surgeon in bariatric surgery. The center provides advanced treatment for morbid obesity, diabetes, and metabolic diseases, and has performed over 5,000 bariatric surgeries, the largest number for a single institution in Korea. Patients from more than 130 countries have visited H+ Yangji Hospital.",yangji.int@gmail.com,82-70-4665-9527,,,SEOUL,
HAIYUE TRAVEL,10 / 10-26,Tour operator,,,,,,
HISEAS INTERNATIONAL TOURISM GROUP,10 / 10-26,"HiSEAS International Tourism Group - Established in Switzerland in 2011, HiSEAS International Tourism Group is a leading global tech-powered destination management corporation. Our global service network spans 40+ offices across 29 countries in Europe, North America, Africa, the Middle East, Asia, and Oceania, supported by a dedicated team of 800+ multilingual professionals. This robust infrastructure enables us to deliver exceptional travel experiences to over 13,000 international groups and over 420,000 International tourists annually, providing seamless service and unparalleled local support across every destination. Backed by a curated global supplier base of 45,000+ partners and more than a decade of industry leadership, we deliver highly customized, end-to-end travel solutions. From group tours, MICE programs, and cultural explorations to educational travel, we design cost-effective and diverse experiences tailored to the precise needs of each client.",valentina@hiseas.com,+862862095833,http://hiseas.com,,Chengdu,
HOLISTIC BEAUTY TOUR,10 / 10-42,"[Company Profile] Holistic Beauty Tour is a certified Tourism Venture Startup that redefines the medical tourism industry by integrating advanced IT solutions with premium healthcare services. Through our signature brand, ""Holistic Beauty Tour,"" we provide a sophisticated concierge service that connects international patients with Korea’s world-class medical infrastructure. Our services encompass a full spectrum of care, including comprehensive health screenings, plastic surgery, dermatology, and specialized medical treatments. As a registered facilitator with the Ministry of Health and Welfare, Mudiocean ensures a seamless journey—from initial consultation and visa support to professional medical translation and dedicated post-operative care. We are committed to delivering a safe, luxurious, and results-driven K-medical experience for global clients. Key Service Areas Comprehensive Health Check-up, Plastic Surgery & Cosmetology, Specialized Medical Treatment, Tour, B2B Services",maxim@mudiocean.com,+82 10 2996 6487,https://holisticbeautytour.com,,SEOUL,
HOSPITAL,10 / 10-42,"Kyung Hee University Hospital at Gangdong provides a wide range of patient care services from treatment for serious diseases such as cancer to oriental medicine and dental treatment. KUIMS encompasses all aspects of healthcare for international patients including appointment booking, examinations, operations, and accommodation. Healthcare coordinators fluent in English, Russian, Mongolian, and Chinese are available at all times to provide optimal services to individual patients. Kyung Hee University Hospital at Gangdong has become one of the most sought-after hospitals by patients across the world and promotes Korea’s unmatched excellence in healthcare to the World. The name ""Kyung Hee University Hospital at Gangdong"" has been changed to ""KUIMS"" since 2009 for those who have difficulty in pronunciation. We have 800 hospital beds and more than 53 Specialized Centers. KUIMS provides state-of-the-art diagnostics, treatment, and intensive care facilities in an one-stop medical center.",medkuims@gmail.com,+82-2-440-7899,,,Seoul,
HOTEL TURQUOISE,10 / 10-21,"HOTEL TUQUOISE, VENUS , on the Romanian Black Sea Riviera",office@turquoise.ro,+40720121488,,,MANGALIA,
"HUNAN SHENGSHIYIYOU INTERNATIONAL TRAVEL AGENCY CO., LTD",10 / 10-26,Tourist facilities,305942339@qq.com,+8618563157352,,,Zhangjiajie,
I LOVE CHINA,10 / 10-26,"Serving as KITF's exclusive agent in China, we annually facilitate the participation of local tourism authorities, inbound tour operators, hotels, airlines, and medical/educational travel institutions. We also offer tailored trade matching services for our clients.",owen@fortune-exhibitions.com,+8613401185075,,,Beijing,
I'WAY,11 / 11-51,"i’way is a global transfer provider operating in 120 countries and across more than 600 airports worldwide. We arrange transfers for both FITs and groups, to and from any airport and from any point A to B ensuring a smooth journey from the moment you land. i’way offers not only classic airport transfers, but also chauffeured car rentals and access to new, in-demand destinations—making every trip smooth from door to door. New treats for the season: - Transfer on Demand – Your car delivered anywhere in the city in just 15 minutes. Available in Armenia, Belarus, Hungary, Indonesia, Kazakhstan, Qatar, China, Kyrgyzstan, Malaysia, the UAE, Turkey, Uzbekistan, France, and Russia. - Sea Trips – Premium yacht and boat rentals with the highest standards of safety and service. Choose from a curated selection of experiences designed especially for you. All services are now available on the i’way website. Travel smarter with i’way",,+7 727 312-3713,,,Almaty,
INHA,10 / 10-42,"Inha University Hospital is a tertiary general hospital with strong capabilities in treating severe and complex cases. It is particularly competitive in attracting international patients in specialties such as neurosurgery, orthopedics, obstetrics and gynecology, breast and thyroid surgery, and urology. The hospital operates a system that allows for fast appointment scheduling and flexible surgery scheduling. For major cancer surgeries, patients can quickly move from diagnosis to surgery and chemotherapy through a coordinated treatment process. This approach helps reduce the length of stay for overseas patients and allows them to complete the necessary treatment within a limited travel schedule. In addition, breast, thyroid, and gynecologic cancer surgeries are performed directly by female specialists, which improves accessibility for female patients and provides greater psychological comfort during treatment.",jylee0217@inhauh.com,+82-32-890-2095,http://inha.com,,Metropolitan City,
INTERPOINT TOURS AND TRAVEL,10 / 10-32,"Interpoint Tours & Travel Group is a professional Inbound Tour Operator and Destination Management Company (DMC), specializing in receiving travelers from international markets and operating complete travel programs in our destination countries. We design and operate inbound travel services across Egypt, Jordan, Morocco, Turkey, Algeria, Oman, and Saudi Arabia, offering full ground handling services, including accommodation, transfers, guiding, activities, and cultural experiences. We receive clients from the United States, China, India, Taiwan, Kenya, Turkey, and other international markets, providing tailor-made travel experiences that highlight the culture, heritage, and nature of our destinations. 2. Main Business Scope We organize and operate inbound tourism programs across multiple destinations, including: Egypt, Jordan, Morocco, Turkey, Algeria, Oman, and Saudi Arabia.",info@interpointtourstravel.com,+20 10 06850020,http://interpointtourstravel.com,,Giza,
ITS TOUR BY EL ART,10 / 10-37,"ITS Tour is an IATA-accredited travel company with over 10 years of experience in the tourism industry. We specialize in both outgoing and incoming travel services, working closely with government institutions and corporate clients. Our expertise also includes organizing large-scale events and delivering high-quality, reliable travel solutions.",nigar.alizada@itstour.az,+994559708373,http://itstour.az,,Baku,
JSBTOUR & MICE,10 / 10-42,"JSB Tour and MICE is a Korea-based MICE and travel management specialist with over two decades of industry experience, dedicated to designing and delivering high-quality corporate events, incentive programs, technical visits, and international conferences. With a strong focus on customized planning, we create tailored MICE experiences that reflect each client’s objectives while highlighting Korea’s unique cultural and tourism assets. Through close collaboration with key partners such as the Korea Tourism Organization (KTO), Busan Tourism Organization (BTO), and local industry stakeholders, we provide comprehensive services ranging from program development and logistics management to on-site operation and multilingual support. Leveraging extensive industry expertise and global networks, our team is committed to understanding the diverse cultural, corporate, and religious needs of international clients, ensuring that every program is both meaningful and professionally executed.",jsbmaster@jsbtour.com,82-10-3849-4646,http://jsbtour.com,,Busan,
JSC AIR ASTANA,11 / 11-69,"Air Astana Group is the largest airline group in Central Asia and the Caucasus by revenue and fleet size. The Group comprises full-service carrier Air Astana (established in 2002) and low-cost airline FlyArystan (launched in 2019), operating a fleet of more than 60 modern aircraft. Air Astana Group provides scheduled passenger and cargo services, including direct and transit flights, across domestic, regional, and international routes, connecting Central Asia with Europe, the Middle East, India, and Asia. In 2025, Air Astana was named “Best Airline in Central Asia and CIS” for the 14th time by Skytrax World Airline Awards and received a five-star rating from APEX. FlyArystan has been recognized three times by Skytrax as the Best Low-Cost Carrier in Central Asia and CIS.",marketing@airastana.com,"+7 (727) 258 41 35, +7 (727) 258 41 36",http://airastana.com,,Almaty,
KAZALPINECLUB,Pavilion,"The Public Association “Kaz Alpine Club” (KAC) is a non-governmental organization dedicated to the development of active forms of tourism in Kazakhstan, including the creation of the necessary infrastructure to ensure tourist safety, environmental conservation, and compliance with international sustainable tourism standards. KAC’s members include major organizations such as “Extreme Athletics,” the Almaty Mountaineering Federation, the Almaty Region Federation of Sports Tourism, the Tabigat Public Foundation, as well as well-known tourism companies, educational institutions, trekking guides, and individual members.",df@alpineclub.kz,+77775527422,,,Almaty,
KAZIN INTERNATIONAL,11 / 11-60,Tourism company inbound for Kazakhstan,,+77755037208,,,Almaty,
KAZUNION BY RUSTAR,11 / 11-72,"Kazunion Touroperator by Rustar is a rapidly growing tour operator and part of the international Rustar holding. We have been operating in the tourism market for over 18 years. Currently, our offices are represented in 6 countries: Kazakhstan, Russia, Uzbekistan, Azerbaijan, Georgia, and Ukraine. We also have our own incoming companies in 8 destinations worldwide — Kazakhstan, Qatar, the UAE, Georgia, Azerbaijan, Turkey, the Maldives, and Mauritius — which allows us to ensure a high level of service. In addition, we organize tours to destinations such as Thailand, Malaysia, Vietnam, South Korea, Italy, Slovenia, the Czech Republic, Spain, Greece, Indonesia, Sri Lanka, and Montenegro.",info@kazunion.com,+77273468606,https://kazunion.com,,Almaty,
KEIMYUNG UNIVERSITY DONGSAN HOSPITAL,10 / 10-42,"Keimyung University Dongsan Hospital is a leading 932-bed smart tertiary hospital in Daegu, Korea, founded in 1899 as the first Western medical institution in the Daegu–Gyeongbuk region. The hospital operates 25 specialized clinical departments and advanced centers including the Comprehensive Cancer Center, Cardiocerebrovascular Center, and Robotic Surgery Center. Recognized for excellence in patient-centered care, the hospital ranked No.1 nationwide in the 2024 Patient Experience Evaluation (HIRA) among tertiary hospitals and achieved EMRAM Stage 6 certification by HIMSS, demonstrating leadership in digital healthcare. [Key Services] • Multilingual medical interpretation (English, Russian, Mongolian, and more) • Appointment coordination and direct international insurance billing • Airport–hotel–hospital pick-up and send-off service • Prestige VIP Health Check-up Program (2 days)",mdongsan@mail.ru,+82-53-258-4007,,,Daegu,
KOREA MEDICAL INSTITUTE - MEDICAL CHECK-UP CENTER,10 / 10-41,"From Seoul to Jeju, ‘A Healthy Lifetime’ KMI operates medical check-up centers across eight regions nationwide, from Seoul to Jeju, dedicated to disease prevention and early detection. In addition to activities for national health promotion, KMI supports various research initiatives and actively conducts social contribution projects for the underprivileged, contributing to the creation of a healthier society. As a leader in popularizing comprehensive health examination in Korea, KMI continues to enhance its accumulated capacity in health examinations, service quality, and brand value. We are committed to protecting the health of our citizens and fulfilling our social responsibility as your ‘Lifetime Health Management Partner’ and a leading institution in ‘K-Medical Check-up.’",kmiglobal@kmi.or.kr,+82-1551-7070,,,Seoul,
KOREA TOURISM ORGANIZATION,10 / 10-42,"Korea Tourism Organization invites you to visit one of the most attractive tourist destinations — the Republic of Korea. We are here to help you get the most enjoyment and positive experiences from traveling to this amazing country. Korea Tourism Organization opened on July 14, 2017. The scope of our office covers five Central Asian countries: Kazakhstan, Uzbekistan, Kyrgyzstan, Turkmenistan, and Tajikistan. Main activities: Development of tourism products and support in attracting tourists Providing information on tourism destinations and products Support in the development and promotion of tourism products (including organizing familiarization trips and conducting joint marketing activities with travel companies) Support in attracting independent travelers Support in attracting tourists for medical tourism, group tourism, and incentive tourism Providing information about and promoting tourism to Korea",aida1512@knto.or.kr,+77053098844,,,Almaty,
KRABI TIPA RESORT,10 / 10-30,Krabi Tipa Resort,dosm@krabi-tiparesort.com,626594565,http://krabi-tiparesort.com,,Krabi,
LE MERIDIEN PHUKET BEACH RESORT,10 / 10-30,Le Meridien Phuket Beach Resort,hoyoung.ko@lemeridien.com,954198542,http://lemeridien.com,,Phuket,
LIENJANG PLASTIC SURGERY AND DERMATOLOGY CLINIC,10 / 10-42,"22 Years of Flawless Practice. Since 2004, Lienjang has proudly maintained a flawless record of zero medical accidents. Our state-of-the-art facility is fully equipped to cater to all your beauty needs, with a team of specialists in dermatology and plastic surgery offering unparalleled expertise in each field. Our distinguished team includes 45 doctors, 300 medical experts and multilingual global beauty consultants, and 60 dedicated support staff, all committed to providing exceptional medical beauty care. With an impressive average of 2,000 daily patients and nearly 700,000 total patients, Lienjang proudly holds the highest record for patient volume in Korea.",heritagelienjang@gmail.com,+825333060,https://enlienjang.com,,Seoul,
LLC A AND J HOLDING,10 / 10-37,"The holding operates in the health resort and spa sector, uniting a network of modern health resorts and wellness centers. Its primary focus is providing medical, preventative, and rehabilitation services using natural healing factors and advanced technologies. The company also develops recreational infrastructure, offering clients comfortable accommodations, wellness programs, and a high level of service. The holding also invests in modernizing facilities, implementing innovative treatment methods, and expanding the range of wellness services The Shahdag Guba Health Resort and Spa Complex is a sanatorium for those seeking a healthy and relaxing holiday in the bosom of nature. Guba is one of the most charming regions of Azerbaijan, particularly popular among nature lovers. The Shahdag Guba Sanatorium is located in a picturesque area on the banks of the Gudialchay River.",food.az.thu1@gmail.com,+994502750238 / +994502411171,,,Baku,
MASON,10 / 10-30,"MASON is the ultimate beachfront retreat in Na Jomtien, where the serene beauty of the Gulf of Thailand meets ultra-modern luxury. Nestled along a private stretch of shoreline, the resort features exquisitely designed pool villas that offer both seclusion and sophistication. From the very beginning, our vision has been to seamlessly blend high-end beachfront living with thoughtful design and a truly crafted hospitality experience. As an ultra-modern luxury pool villa resort, MASON is proud to be honored with One MICHELIN Key 2025, reflecting our commitment to exceptional service and distinctive stays. Located just outside Pattaya, MASON offers unparalleled beachfront privacy, panoramic ocean views, and bespoke services tailored to each guest—creating an exclusive sanctuary for discerning travelers.",sirinan.sm@masonpattaya.com,+66 (0) 38 194 699,,,Chonburi,
MEDIA,10 / 10-41/3,Media,zauresh.danayeva@gmail.com,+77018182280,,,Almaty,
MISTRAL TOURS,10 / 10-21,,corinamartin@mistraltours.ro,+40722150767,http://mistraltours.ro,,Mamaia,
MY AGENT AVIA CENTER,11 / 11-62,"My Agent Kazakhstan is an online booking system for travel services for professional users. Our main goal is to provide any travel company with the opportunity and tools for online booking of flights, reilways and various travel services.",agent@myagentonline.kz,+77009828781,https://myagentonline.kz,,Almaty,
MY PHUKET HOLIDAY,10 / 10-30,,,,,,,
MYONGJI HOSPITAL,10 / 10-42,"Myongji Hospital is a leading multidisciplinary medical center located in Goyang City, just 30 minutes from Seoul, offering world-class healthcare services. With 34 clinical departments and a team of highly qualified specialists recognized in their respective fields, we provide comprehensive medical care to both local and international patients. Our dedicated International Center ensures a seamless experience for international patients, offering: • Complete coordination at every stage of treatment • Professional medical interpretation in Russian, Mongolian, English, and Chinese • Airport transfers, visa support, and other related services Advanced Diagnostics and Treatments • Comprehensive full-body check-up programs for preventive healthcare • High-tech procedures, including robotic surgery (da Vinci Xi) • Specialized treatment for oncological and other complex conditions • Liver and kidney transplantation, cardiac surgery, and orthopedic surgery performed by experienced teams",myongji.korea@gmail.com,+82-31-810-5497,,,Goyang-si,
MYTRAVEL,11 / 11-63,"MyTravel is a tech-driven aggregator platform for the tourism industry, part of the Astana Motors group of companies. We provide hotels, glamping, guest houses, and recreation areas with a steady stream of bookings and fully automated sales. What we do for our partners: Turnkey launch: We conduct professional photo and video shoots for free, fully set up your property's profile, and train your staff; Smartphone management: Monitor occupancy, accept bookings, and adjust prices in real time using the MyTravel Partner app; Marketing at our expense: We cover the costs of advertising on Google, Instagram, and TikTok, bringing you ready-to-book, targeted tourists; Transparent pricing: No hidden fees or monthly subscriptions. You only pay a commission for actually completed bookings. MyTravel is your strong and reliable partner for scaling your business!",mytravel.kaz.marketing@gmail.com,+77756551290,,,Алматы,
NATIONAL PR-CENTRE OF REPUBLIC OF UZBEKISTAN,10 / 10-33,"Our organization's history dates back to 2018 and is linked to major events in Uzbekistan—large-scale economic reforms, from foreign exchange market liberalization to global tax reforms. During this period, the government of the country decided to focus on developing and promoting Uzbekistan's tourism potential as a strategic economic sector. For these purposes, the National PR Center was established in February 2018 by Presidential Decree No. UP-5326. This allowed us to take a fresh look at the country's vast tourism potential, create a completely new brand for Uzbekistan, and promote it far beyond its borders. Our mission is to show the world the beauty of our country, the unique character of its ancient cities, and the uniqueness of previously unexplored routes!",fair@nationalprcentre.com,+99878129-09-90,http://uzbekistan.travel,,Tashkent city,
NESMA AIRLINES,10 / 10-32,"Founded in 2008 by a Saudi company, Nesma Airlines established its base in Egypt and launched commercial operations in 2010. For several years, the airline maintained a focused operation centered on reliable domestic services and essential charter flights, building a foundation of trust and operational stability. A major turning point came in March 2022, when the airline was fully acquired by an Egyptian investor to support the country’s growing tourism sector. Under new ownership, the airline accelerated its development by expanding its route network, increasing frequencies, and rebuilding its operational capabilities. Today, the airline operates an average of 35 daily flights to more than 127 destinations across over 40 countries, serving around 1.2 million passengers annually reflecting the momentum of its renewed strategic direction. The company embarked on a strategic transformation to strengthen its market position and evolve into a leading low cost carrier in Egypt.",MELSHERIF@NESMAAIRLINES.COM,+202 26 21 7591,http://nesmaairlines.com,,CAIRO,
NEW ONE TOURS,10 / 10-32,"Who We Are For over 20 years, One Tour Egypt has been a recognized leader in Destination Management (DMC) services. We provide our international partners with the local expertise and logistical insight necessary to create safe, seamless, and exciting travel products. Our Services & Infrastructure • Technology & Ease of Use: We utilize the Samo Incoming system. Partners can easily manage hotel reservations through our dedicated B2B portal: b2b.onetour-egypt.com. • Extensive Hotel Network: Gain instant access to over 200 hotels across Sharm El-Sheikh, Hurghada, Dahab, Nuweiba, and Taba. • Transportation Excellence: We manage a large, modern fleet of tourist vehicles, providing high-quality transfers for individuals, groups, and VIP clients. • Strategic Presence: With branches in Cairo, Luxor, Sharm El-Sheikh, and Hurghada, we provide comprehensive coverage across Egypt's premier destinations. • Multilingual Support: Our professional team of tour escorts provides multilingual assistance",contracting@onetour-egypt.com,+201062291732,,,Sharm El Sheikh,
NINETYGO SUITCASE,11 / 11-56,"M-Home.kz is the exclusive distributor of NinetyGo suitcases in Kazakhstan. NinetyGo combines an engineering approach, reliable German Covestro materials, and thoughtful design, created for intensive use on trips of any length. We provide full customer support: 3-year international warranty on all NinetyGo suitcases official warranty service paid service and repairs if necessary quality control and support throughout all stages of use We offer more than just suitcases, we offer confidence on every trip—from business trips to long-distance travel. Our mission is to make our customers' travels comfortable, safe, and predictable in terms of luggage quality.",itisit@bonanza.com.kz,+77750070625,,,Almaty,
NUR AERO,10 / 10-31,"Nur Aero Travel Tech Sdn. Bhd. (201501009542 [1134877-W]), established in 2015, is a Malaysia-based tourism solutions company specializing in inbound travel from Central Asia. Strategically positioned in northern Malaysia, the company has built a strong operational foundation and an extensive regional partner network. Focusing on high-growth markets including Kazakhstan, Uzbekistan, Tajikistan, Turkmenistan, Kyrgyzstan, and Russia, Nur Aero acts as a strategic gateway connecting Central Asia to Malaysia. The company collaborates with leading aviation partners such as Malaysia Airlines, Batik Air, AirAsia, and Lion Group to facilitate structured travel flows. Its integrated services include end-to-end travel packages, group tour management, hotel block bookings, airport transfers, and route development support. The company has also supported direct Malaysia–Uzbekistan connectivity, enhancing bilateral tourism access.",booking@nur.aero,+6011-54161786,http://nur.aero,,Perlis,
"OCEAN INTERNATIONAL TRAVEL SERVICE CHINA-BEIJING CO., LTD",10 / 10-26,"Ocean International Travel Service China-Beijing Co., Ltd Ocean International Travel Service China-Beijing Co., Ltd is one of the largest and most famous travel companies in China. It was established in 1994. The company is headquartered in Beijing. Basic service (in China and other Asian countries): 1. Tour (Group Tour, Vip-Individual Tour, Business travel) 2. Hotel booking 3. Booking of transport (transfer, rental cars of different classes) 4. Booking air tickets and train tickets 5. Translators and tour guides of all languages 6. Visa support 7. Mice 8. Organization of international conferences, exhibitions, cultural and sports exchange activities 9. Organization of business visits, business negotiations, and trade exchange activities 10. Organization of medical consultations 11. VIP lounge at airport, fast track 12. Private jet and yacht renting",grusha@163.com,+8613141359957,http://hhchinatour.com,,Beijing,
"OCEAN INTERNATIONAL TRAVEL SERVICE CHINA-BEIJING CO., LTD",10 / 10-26,"Ocean International Travel Service China-Beijing Co., Ltd is one of the largest and most famous travel companies in China. It was established in 1994. The company is headquartered in Beijing. We welcome tourists from all over the world, specializing in serving Russian-speaking guests in China and Asian countries. ""OCEAN"" - No. 1 in China's business tourism sector ""OCEAN"" - No. 1 in China's VIP tourism sector Why choose us? · Over 30 years of experience and leadership in business and VIP tourism. · Service for Government Authorities: Russian Federation Duma, Russian Ministry of Foreign Affairs, Russian Ministry of Commerce, Moscow City Government, and other former Soviet government bodies · Promptness in answering request, high-quality services, 7/24/365 customer support, competitive prices “OCEAN” is your loyal friend in China and the most powerful tour operator in Asia!",grusha.bai@mail.ru,+8613141359957,http://hhchinatour.com,,Beijing,
ONE DAY MONGOLIA,11 / 11-63/1,"Our project “One Day Mongolia” was founded in 2021 in Europe and Mongolia with the aim of introducing an international audience to the rich Mongolian culture, lifestyle, heritage, and, above all, authentic Mongolian products. In 2025, we took a new step in the development of the project and are pleased to announce the opening of a showroom space in the city of Almaty (Kazakhstan). Here, we continue the same mission as in Europe and Mongolia: to showcase the diversity of Mongolian products and to share the culture, lifestyle, and authentic story of Mongolia with a new audience.",info@onedaymongolia.com,+976 88881834,http://onedaymongolia.com,,Ulaanbaatar,
OPEN UNIVERSITY MALAYSIA,10 / 10-31,"Open University Malaysia (OUM) is a digital university offering flexible, future-focused higher education for modern learners. With 64 accredited programmes across 5 faculties, Education, Business & Management, Technology & Applied Sciences, Social Sciences & Humanities, and Computing & Analytics, OUM seamlessly blends academic rigour with real-world application. Supported by a user-friendly digital platform, recorded e-tutorials, and comprehensive modules, OUM enables its 40,000 active students, predominantly working adults, to study anytime, anywhere. This accessible approach has cultivated a powerful alumni network of nearly 140,000 graduates worldwide. OUM’s impact extends globally through partnerships with 16 international institutions. Earlier this year, it launched the OUM International Centre in Astana. Whether you are starting afresh or changing careers, OUM provides an inclusive, high-standard environment that empowers you to level up.",int_admission@oum.edu.my,+60378012000,,,Selangor,
PAN GLOBAL TRAVELS & TOURS PVT LTD,11 / 10-21/1,"Pan Global Travels & Tours (Pvt) Ltd Pan Global Travels & Tours (Pvt) Ltd is a Sri Lanka–based travel and tourism company specializing in inbound and outbound travel solutions. With a strong commitment to excellence, personalized service, and authentic travel experiences, we aim to showcase the beauty, culture, and heritage of Sri Lanka to the world. We offer a comprehensive range of services including: Tailor-made holiday packages Hotel reservations (luxury, boutique, and budget) Cultural and heritage tours Adventure and wildlife experiences MICE and corporate travel arrangements Airport transfers and transportation services Visa assistance and travel consultation At Pan Global Travels & Tours, we focus on delivering seamless travel experiences with attention to detail, competitive pricing, and dedicated customer support. Our team works closely with trusted partners, hotels, airlines, and tourism authorities to ensure high-quality service standards. With a vision to positio",rukmalie@panglobaltravels.com,+94777353047,http://panglobaltravels.com,,COLOMBO,
PHUKET ISLAND VIEW RESORT,10 / 10-30,"A 4 star beach front resort located in Karon Beach, Phuket Thailand. The resort is perfect getaway for beach lovers. Take just a few steps to reach the gorgeous soft sands of Karon Beach. Our resort is filled with exotic gardens for a tranquil and relaxing stay where you can swim in four outdoor swimming pools. We have pool bar and restaurant serving a delightful choice of local and international dishes and our rooms and villas are tastefully designed and well equipped with modern comforts.",dbd@phuket-islandview.com,+66 76 396452,,,Phuket,
POLAR TRAVEL CLUB,11 / 11-59,"Polar Travel Club is a leading cruise operator and provider of expedition voyages to the Arctic, Antarctica and North Pole. The company was founded as a tour operator specializing in icebreaker cruises to the North Pole. However, over the past 27 years, it gained tremendous experience and today provides travelers with much more! The company offers Arctic expedition voyages to Svalbard, Greenland and Iceland, as well as Antarctic itineraries. The company’s fleet consists of an ice-strengthened vessel, Sea Spirit, and the most powerful nuclear icebreaker, 50 years of Victory. Cruising with Polar Travel Club means immersing into polar worlds in style and comfort.",info@polartravelclub.ru,+74951505270,https://polartravelclub.ru,,MOSCOW,
QAZAQ EXPRESS / ONLINE EXPRESS KAZAKHSTAN,11 / 11-64,"Qazaq Express is a licensed tour operator in Kazakhstan and a member of the Kazakhstan Tourism Association. We work B2B and offer agencies three tools for any client request. Qazaq Express — ready-made package tours to key destinations: China, Thailand, Vietnam, Indonesia, Japan & South Korea, Europe, Turkey, Russia, the Maldives, Africa, CIS. Flights, hotels, excursions, transfers, insurance, visa support. VIP bookings available. Online Express — a self-assembly platform available 24/7. Book individual services and build flexible itineraries in real time. FIT-express — personalized routing for complex requests worldwide. A dedicated manager handles the full itinerary and delivers a single consolidated booking. We also run educational webinars, business breakfasts, and familiarization trips to support agency growth.",Denis.Davydov@online-express.kz,+77019265550,https://q-express.kz,,Almaty,
REOLLO TRAVEL,10 / 10-24,"Since 2005, Reollo Travel established itself as a premier destination management company dedicated to curating bespoke and unparalleled travel experiences in the Maldives. With state-of-the-art benchmarking to luxury travel practices and expanding its footprint globally, we’ve evolved our business model to become a trusted B2B Travel Wholesaler, catering to the diverse needs of business worldwide. Drawing on over two decades of expertise in the industry, we've earned a sterling reputation for delivering exceptional services to all our global clients catering to the new world traveler’s needs. Vision: To be leading B2B Travel Wholesaler, creating unforgettable travel experiences, while committing to responsible tourism practices and providing exceptional customer service.",reservations@reollo.travel,+960 3346004,http://reollo.travel,,Kaneeru Villa,
REPRESENTATIVE OF THE KOREA TOURISM ORGANIZATION IN ALMATY,10 / 10-42,The national and regional tourist organisations,,,,,,
RESTO CONSTANTA TOURISM BOARD,10 / 10-21,"RESTO CONSTANTA HORECA TOURISM BOARD, on the Romanian Black Sea Riviera",office@asociatia-resto.ro,0722150767,http://asociatia-resto.ro,,Constanta,
ROMANIAN TOURISM FEDERATION FPIOR,10 / 10-21,ROMANIAN HOSPITALITY FEDERATION FPIOR,secretariat@fpior.org,+40722150767,http://fpior.org,,BRASOV,
ROYAL CLIFF HOTELS GROUP,10 / 10-30,"Royal Cliff Hotels Group is a collection of 5-star hotels in Pattaya, founded in 1973 on an exclusive coastal estate. The group comprises four unique resorts: the romantic Royal Cliff Beach Terrace with 89 suites right by the water’s edge, Royal Cliff Beach Hotel at the heart of the complex offering panoramic views, the flagship Royal Wing Suites & Spa inaugurated by King Maha Vajiralongkorn in 1986 and featuring personal butler services, and Royal Cliff Grand Hotel catering to business travelers with ocean-view rooms that seamlessly combine work and leisure. Guests enjoy exclusive access to two private golden beaches, landscaped pools, award-winning restaurants, and spa facilities, making Royal Cliff Hotels Group the benchmark of personalized luxury and the ideal choice for discerning vacations, events, and wellness retreats in Pattaya.",anastasia@royalcliff.com,+6638250421,,,Chonburi,
"RSE ""INFRACOS"" (REPUBLICAN STATE ENTERPRISE ON THE RIGHT OF ECONOMIC MANAGEMENT “INFRAСOS” OF THE AEROSPACE COMMITTEE OF THE MINISTRY OF ARTIFICIAL INTELLIGENCE AND DIGITAL DEVELOPMENT OF THE REPUBLIC OF KAZAKHSTAN)",11 / 11-79,"RSE “Infracos” carries out activities related to the management, operation, and development of the infrastructure of the Baikonur complex. The enterprise ensures the efficient use of Baikonur facilities, including those of historical and tourist value, as well as the maintenance and modernization of the spaceport’s infrastructure, the implementation of repair and restoration works, and the functioning of engineering and utility systems. Key areas of activity also include participation in state projects for the development of space infrastructure, environmental support for launch operations of launch vehicles, and the development of the tourism potential of the Baikonur complex.",post@infracos.kz,8 (33622) 7-74-12,,,Baikonur,
SAIRAM THERMAL RESORT SANATORIUM,11 / 11-53,"Санаторий «Sairam Thermal Resort» находится в южной части Казахстана, в районе Сайрам Туркестанской области. Он расположен вдали от промышленных зон и населенных пунктов, и окружен чистым воздухом, изобилием солнца и фруктовых садов. Гостям предоставляется высококвалифицированное медицинское обслуживание, комфортабельные жилые помещения, вкусная и полезная еда, быстрое обслуживание и разнообразные досуговые мероприятия.",booking@onresort.kz,+7,,,Туркестан,
SAM HOSPITAL,10 / 10-41,"Since its inception in 1967, Sam Hospital of Hyosan Medical Foundation (HMF) has done its best to promote health and healthcare of local residents as the first general hospital in Anyang. Sam Hospital established cooperative relationships with 24 hospitals in 18 countries and is playing a role as a designated hospital for 8 foreign embassies in Korea. The hospital also proved its excellence by ranking first and second for several years by the Ministry of Health and Welfare in the general hospital sector for attracting foreign patients.",samhospital1@gmail.com,+82-31-389-3864,https://anyang.samhospital.com,,"G Sam Hospital, 591, Gunpo-ro, Gunpo-si, Gyeonggi-do, Korea",
SAMSUNG MEDICAL CENTER,10 / 10-42,"Since its establishment in 1994, Samsung Medical Center (SMC) has been at the forefront of transforming Korea’s healthcare sector. Guided by its vision, “SMC, The Frontier of Future Medicine,” the center is committed to delivering outstanding clinical outcomes for patients with complex and critical conditions through the use of cutting-edge medical technologies. In 2025, Samsung Comprehensive Cancer Center was recognized by Newsweek as the No. 1 cancer center in Asia and ranked third globally.",support.smc@samsung.com,8-800-080-8213; +82-10-4300-9632 (WhatsApp),https://samsunghospital.com,,Seoul,
SANYA PHOENIX,10 / 10-26,"One of China's leading companies in the field of business and corporate event management (MICE), specializing in premium leisure and business tourism throughout China, including the tropical island of Hainan, Hong Kong, Macau, and Taiwan. KEY SERVICES: Conferences and business events International business forums and industry summits Scientific conferences and medical symposia Hybrid events (offline + online streaming) Technical support: equipment, interpretation, streaming Beach networking sessions: informal negotiations by the ocean or at private villas Corporate events Team building at unique locations (from the Great Wall to the tropics of Hainan) Themed parties (with elements of Chinese culture) Incentive travel Exclusive programs in Hainan: golf tours, spa retreats, yachting and diving in the bays of Hainan Island",info@sanya-phoenix.com,+86 18889681743,http://sanya-phoenix.com,,Sanya,
SAVTOUR,10 / 10-37,"SAVTOUR - is a tourism company based in Azerbaijan, operating since 2016 and providing a full range of travel services, including inbound tourism (reception of international visitors). Within this segment, the company organizes the complete cycle of destination services, including hotel and accommodation bookings, transfers and transportation support, development and operation of sightseeing and excursion programs in Baku and across the regions of Azerbaijan, visa assistance, as well as the creation of both individual and group tour packages. Savtour also acts as a Destination Management Company (DMC), cooperating with international tour operators and travel agencies to ensure high-quality service and seamless logistics for tourists during their stay in the country.",Incoming@savtour.az,+994125982861,https://online.savtour.az,,Bak?,
SAYAMA TRAVEL GROUP,10 / 10-30,Sayama Travel Group,Teerasak.C@sayamagroup.com,6633678505,http://sayamagroup.com,,Chonburi,
SELECTUMNOA,11 / 11-55,"Selectum Noa Resort Cam Ranh is a prestigious 5-star all-inclusive beachfront destination, set along the pristine shores of the Cam Ranh Peninsula — one of Vietnam’s most exclusive coastal escapes. Blending refined elegance with vibrant leisure, the resort offers a world-class experience featuring a private beach, expansive water park, multiple swimming pools, gourmet dining, a luxurious spa, and curated entertainment. Designed for discerning travelers, Selectum Noa delivers sophisticated accommodations, exceptional service, and immersive experiences — where every detail is crafted to create unforgettable moments in a tropical paradise.",info@selectumnoaresort.com,+84 (258) 3863 888,https://selectumnoaresort.com,,Cam Lam,
SELFIE TRAVEL,11 / 11-68,Tour operator,sales@selfietravel.kz,+7 (700) 377 15 15,https://selfietravel.kz,,Shymkent,
SEOUL MEDICAL TOURISM,10 / 10-25,"The Seoul Metropolitan Government and the Seoul Tourism Organization are carrying out various initiatives to provide optimal medical tourism experiences for foreign patients by combining Seoul's outstanding medical infrastructure with its unique tourism resources. -Carefully Selected Cooperative Network: We guarantee a verified medical environment by designating and operating over 180 partner institutions for Seoul medical tourism. -Customized Information Provision: We provide highly reliable information on medical tourism in Seoul through our official multilingual platform. -Hosting International Events: Through the annual 'Seoul International Travel Mart for Medical Tourism (SITMMT)', we support practical business consultations and fam tours between overseas buyers and Seoul's medical institutions.",medicaltourseoul@sto.or.kr,02-3788-0858,https://medical.visitseoul.net,,Seoul,
SEOUL NATIONAL UNIVERSITY BUNDANG HOSPITAL,10 / 10-41,"This is SNUBH, leading the innovation in medical paradigm and bringing the future medical service forward Through the development of the world’s best hi-tech medical service and public health, we will pour all-out efforts into promoting public health and enhancing the quality of life. SNUBH has shown impressive growth under its founding philosophy of “enabling humans to enjoy a healthy and happy life through the world’s best training, research, and medical service.” It is recognized by the people of Korea as the nation’s leading central hospital. Thank you for your warm affection and trust, and we will always strive to become the SNUBH that keeps creating a bright, healthy society. Thank you.",ihsi@snubh.org,+82-31-787-2034,,,"Кёнги-до, г. Сонгнам",
SEVERANCE HOSPITAL,10 / 10-42,,,,,,,
SHIHWA MEDICAL CENTER,10 / 10-41,"Geographical close to the airport and the industrial complex, the International Healthcare Center of Shihwa Medical Center provides services not only for foreigners residing in Korea, but also for those living abroad so that optimal treatment can be performed smoothly regardless of race, language, culture, or nationality Dedicated coordinators fluent in Korean, Chinese, Vietnamese and Russian are always standby to help communication with foreign patients. We provide total medical care from a patient's pre-entry request to medical appointment, customized consultation by the medical staff of the relevant department, check-up, and post-treatment follow-up.",shhosp8000@naver.com,+82(031)51890556,,,Siheung-si,
"SIAM NIRAMIT (PHUKET) CO., LTD.",10 / 10-30,"Siam Niramit Phuket Show is the most celebrated show in Thailand, well accepted as one of the best shows in the world",salesdata@siamniramit.com,6676335001,http://siamniramit.com,,Phuket,
SILK ROAD SAMARKAND,10 / 10-33,"Silk Road Samarkand is a multi-purpose, world-class tourism complex dedicated to cultural, business (MICE), medical and event tourism. The company offers a full range of services for the organisation and delivery of international forums, exhibitions, congresses, corporate and private events, as well as accommodation for guests within the complex’s hotel cluster. The infrastructure includes a congress centre and exhibition centres, the ‘Eternal City’ historical and cultural park, dining venues, and eight hotels with over 1,200 rooms, enabling the delivery of projects of any scale. The complex has experience in hosting major international events, including summits, forums and world-class championships, ensuring a high standard of service and modern solutions in the hospitality sector. Translated with DeepL.com (free version)",sales@silkroad-samarkand.com,+998 55 705 55 55,https://silkroad-samarkand.com,,Samarkand,
SMILE TOUR LLC,10 / 10-37,"Smile Azerbaijan Tour LLC operates in the tourism industry as a Tour Operator and DMC, providing a comprehensive range of travel services, including: the organization of individual and group tours; hotel reservations; transportation and transfers; tour package development; and B2B and B2C client services on an international level.Smile Azerbaijan Tour LLC is an official DMC partner of the Azerbaijan Tourism Board. The company maintains an international presence through Beijing Smile International Co. Ltd. (People's Republic of China), which holds a valid license to organize tourism and cultural events within China, as well as to conduct outbound cultural programs for Chinese clients. This allows the company to actively develop inbound and outbound tourism sectors, alongside international cultural projects.",info@smile-tour.az,+994705330360,http:// www.smile-tour.az,,Baku,
SOMATHEERAM AYURVEDA GROUP,11 / 11-58,"Somatheeram Ayurveda Group Nestled in the picturesque landscapes of Kerala, India, Somatheeram Ayurveda Group is renowned for its authentic Ayurvedic treatments, Yoga, and Meditation. Established in 1985 by Mr. Baby Mathew, it has grown into the world's leading Ayurveda hospital group in a resort ambience, offering four Ayurveda Hospitals in a resort ambience, all guided by experienced doctors and therapists. The group's excellence is reflected in numerous awards, including being named 'India's Best Ayurveda Retreat' six times and earning a place in the ""HALL OF FAME"" by the Government of India. We have also received the title of 'Kerala State's Best Ayurveda Retreat' eleven times and hold accreditations from renowned organizations like NABH, Ayur Diamond and Ayurveda SPA Europe. For more details: www.somatheeram.net Chairman and MD: Baby Mathew Email: mail@somatheeram.in, Address: Somatheeram Ayurveda Group, Chowara P.O, South of Kovalam, Trivandrum, Kerala, India, PIN 695501",mail@somatheeram.in,+914713511000,http://somatheeram.net,,TRIVANDRUM,
SOON CHUN HYANG UNIVERSITY HOSPITAL,10 / 10-41,"Sun Cheonhyang Medical Center in Bucheon opened in 2001. Sun Cheonhyang is one of the leading multidisciplinary university hospitals in the Western District of Gyeonggi Province, specializing in the treatment of severe illnesses. The center boasts tremendous potential in research and education, making a significant contribution to the region's development. At the core of its operations is a profound commitment to human kindness, which is shared by all of Sun Cheonhyang's physicians. With its extensive medical care serving the cities of Bu Cheon, Incheon, and Siheung, Sun Cheonhyang Medical Center has become one of the region's leading providers of emergency care.",schbcru@gmail.com,+82-32-621-5114,,,"170, Jomaru-ro, Bucheon-si, Gyeonggi-do, 14584, Rep.of Korea",
"SOURCE OF HEALTH SANATORIUM, SANYA, HAINAN, CHINA",10 / 10-26,"""If you maintain harmony and balance in everything you do, a long life is guaranteed."" Do you want to be healthy, happy, and successful? You can make it happen right now!!!!! The ""Source of Health"" Sanatorium is waiting for you! The primary goal of Chinese medicine is to eliminate the root causes of diseases, which lie in the disruption of internal balance and energy imbalance. Treatment in Chinese medicine is aimed at the whole body as a holistic system. The Sanatorium's arsenal includes a wide range of programs for disease treatment and prevention, as well as cosmetic procedures for facial and body care. The ""Source of Health"" Sanatorium is a licensed medical institution with over 17 years of experience. Since its founding, the medical center has come a long way and achieved outstanding results! It has become one of the leading medical centers in China and abroad! Over the years of operation, more than 5,000 patients from different countries have received highly qualified care.",istochnik_zdorovia@mail.ru,+86 13178950998,http://sanyayihe.ru,,Sanya,
STUDY IN MALAYSIA,10 / 10-31,"Education Malaysia Global Services (EMGS) is an agency under the purview of the Ministry of Higher Education Malaysia (MoHE). EMGS is the wing responsible for promoting Malaysia as the international education hub of choice and to position Malaysia as the preferred education destination among international students. It is also the principal body that manages the movement of international students in Malaysia, including facilitating visa processing. Malaysia offers Edutourism packages, offered by leading universities, which combine academic learning with cultural exploration. With over 100 packages across 11 categories, students can experience nature, culture, English language immersion, beach activities, heritage tours, and innovation labs. These short-term programs are designed to provide global exposure, hands-on learning, and intercultural exchange. Participants engage in workshops, field trips, and community projects while enjoying Malaysia’s diverse landscapes.",rajafariz@educationmalaysia.gov.my,+60142977336,http://educationmalaysia.gov.my,,KUALA LUMPUR,
TABIA GROUP,10 / 10-37,"Understanding the needs of today’s travelers, TABIA Group was established in 2016 (formerly PMD Hospitality) with a vision to offer something truly exceptional. We focus on well-being, celebrate the charm of regional locations, and are dedicated to supporting local communities. Our unique approach blends comfort, cultural richness, and a commitment to making a positive impact on both guests and the communities we serve.",Nariman.Heydarov@tabia.az,+994 50254 50 96,http://tabia.az,,Baku,
TAIRIKU JAPAN,10 / 10-23,"Tairiku Travel Co., Ltd. has been operating in the Japanese tourism market since 1979 and is a subsidiary of the Japanese trading and investment company ‘Tairiku Trading’. Applying our long experience, we organise all types of tours. If you are looking for guaranteed Japanese quality, then our experienced staff are ready to give a quick and accurate answer and help you.",sumida@tairiku-travel.co.jp,+81362220587,http://tairiku-travel-yaponia.com,,Chuoku,
THE ASSOCIATION OF JOINT LEGAL ENTITIES AND INDIVIDUAL ENTREPRENEURS SELF-REGULATORY ORGANIZATION «REPUBLICAN ASSOCIATION OF «KAZAKHSTAN TOURISM INDUSTRY»»,10 / 10-41/2,"National Association ""Kazakhstan Tourism Industry"" (Association of Legal Entities).",info@kitsro.kz,+77012182002,,,Almaty,
THE CATHOLIC UNIVERSITY OF KOREA BUCHEON ST. MARY'S HOSPITAL,10 / 10-41,"The Catholic University of Korea Bucheon St. Mary's Hospital is the first university hospital in Bucheon. Since its opening in 1958, it has used leading medical technology and has contributed to the local community healthcare development and health promotion. We will expand our multidisciplinary medical treatment so that patients' emotions can be embraced, and we will showcase our advanced patient-centered hospital. All the staff at Bucheon St. Mary's Hospital promise to continue to help every visitor realize a happy and healthy life. The hospital is certified by the Korean Ministry of Health and Welfare. There are 37 medical departments, 46 clinics and 12 interdisciplinary centers in total. The Catholic University of Korea Bucheon St. Mary's Hospital was founded on August 5, 1958.",cmcbc@catholic.ac.kr,+82323407798,https://cmcbucheon.or.kr,,Bucheon-si,
TOURISM AUTHORITY OF THAILAND,10 / 10-30,National Tourism Organization of the Kingdom of Thailand,info@tourismthailand.ru,+74992508345,http://tourismthailand.ru,,Москва,
TOURISM DEPARTMENT OF THE KYZYLORDA REGION,10 / 10-07,"Department of Physical Culture, Sports and Tourism of the Kyzylorda Region",Saltaru@list.ru,87242605496,,,Kyzylorda region,
TOURISM MALAYSIA,10 / 10-31,"Tourism Malaysia’s participation in the 24th Kazakhstan International Exhibition “Tourism and Travel” (KITF) 2026, taking place in Almaty from 22–24 April 2026, aims to strengthen Malaysia’s presence in the Central Asia market. Malaysia will showcase its latest tourism offerings while promoting the Visit Malaysia 2026 campaign. The delegation will include key industry stakeholders such as tour operators, airlines, hotels, and tourism authorities. With Kazakhstan being one of the fastest-growing markets in the region, KITF 2026 is expected to enhance destination awareness and further increase visitor arrivals to Malaysia.",assiya@tourism.gov.my,+7 7273 55 1430/+7 7273 55 1439,https://malaysia.travel,,ALMATY,
TOURIST INFORMATION CENTER OF EAST KAZAKHSTAN REGION,10 / 10-09,Tour operator,,,,,,
"TOURIST INFORMATION CENTER “VISIT ATYRAU” UNDER THE DEPARTMENT OF PHYSICAL CULTURE, SPORTS, AND TOURISM OF THE ATYRAU REGION",10 / 10-05,"Our primary goal is to promote the region's historical, cultural, and natural sites extensively, contributing to the growth of domestic and international tourism. As part of the center's activities, systematic work is being carried out to develop tourist routes, prepare information materials, organize forums and festivals, and build a positive image of the region in the digital space. The Atyrau region is a strategically significant area connecting Europe and Asia. The region’s natural wealth and historical heritage—including the Ural (Zhaiyk) River, the ancient settlement of Saraishyk, Akmeshit, Akkegershin, the Lotus Valley, and Lake Inder—are becoming unique symbols of the regional tourism brand. Today, the ""Visit Atyrau"" team is working to develop ecotourism, cultural, and gastronomic tourism, aiming to transform Atyrau into one of the country's key tourism hubs.",,+7 707 0613030,https://visitatyrau.kz,,Atyrau,
TOUROPERATOR KOMPAS,10 / 10-71,KOMPAS Touroperator is a leading international travel company headquartered in Kazakhstan. It operates in 10 countries and specializes in both developing domestic tourism in Central Asia and opening new destinations abroad.,,+77273550705,https://kompastour.com,,Astana,
TRINIDAD HOSPITALITY,10 / 10-31,"Trinidad Hospitality Group invites you to explore the beauty of Malaysia with our iconic hotels and resorts around Malaysia. Our hotels and resorts are strategically located at Malaysia’s most popular tourist attractions. From the cosmopolitan city of Kuala Lumpur to the remarkable Langkawi island, Trinidad Hospitality Group provides unrivalled value of staying experience. Our hotels and resorts are more than just places to stay and relax; they’re also multifunctional event spaces to host events, meetings and weddings",rob.tan@trinidadholdings.com,+60329389888,http://trinidadhospitality.com,,Kuala Lumpur,
TURISTIK KAMKOR,11 / 11-61,SYSTEM FOR GUARANTEEING THE RIGHTS OF CITIZENS OF THE REPUBLIC OF KAZAKHSTAN IN THE FIELD OF OUTBOUND TOURISM Corporate Fund “Turistik Kamkor”,fondkamkor@mail.ru,+77172677777,http://fondkamkor.kz,,Astana,
TURKISH AIRLINES,11 / 11-50,"Turkish Airlines, the national airline of the Republic of Turkiye, offers scheduled, cargo and charter flights from/through the largest international airport in Istanbul. Turkish Airlines operates flights to more countries than any other carrier, offering its wings for flights to 133 countries and 356 destinations on 6 continents. The main priorities of the company are safety, comfort and high quality of passenger service. By constantly expanding its route network and improving customer service, the airline is a reliable partner for passengers and travel agencies around the world.",ALAMARKETING@THY.COM,+7 727 356 18 18,https://turkishairlines.com,,Almaty,
ULYTAU REGION,10 / 10-05,"The Public Institution “Department of Entrepreneurship and Industry of the Ulytau Region” is a state body authorized to carry out public administration functions in the fields of entrepreneurship, business, trade, tourism, interaction between the business community and government agencies, and the reduction of administrative barriers for entrepreneurs. Its mission includes supporting and developing small and medium-sized enterprises in the region through the implementation of state policy in the field of entrepreneurship, as well as performing public administration functions in industrial sectors, industrial and innovative policy, and investment attraction.",,87017777149,,,Zhezkazgan,
UNDERWATER WORLD PATTAYA,10 / 10-30,"Underwater World Pattaya has been one of Pattaya’s trusted attractions for over 20 years, welcoming both domestic and international visitors. Our main highlight is the 100-meter underwater tunnel, where guests can enjoy a close-up experience with sharks, rays, and a wide variety of tropical marine species. We also showcase freshwater fish from regional ecosystems, providing a well-rounded aquatic experience that blends education with entertainment. In addition, we offer a dedicated Reptile Zone featuring snakes, lizards, and other exotic reptiles, which adds variety and makes the attraction especially appealing for families and student groups. We are conveniently located just 10 minutes from Pattaya city center and the main beach area, making it easy to include us in half-day or full-day programs. As an indoor attraction, we operate comfortably all year round. We would be very happy to see Underwater World Pattaya included in your Pattaya programs. For overseas partners, we kindly reco",khanittha.k@uwp.hawpar.com,+66815751006,http://underwaterworldpattaya.com,,Nongprue,
UNIVERSITI PUTRA MALAYSIA,10 / 10-31,"UPM, a leading research university in Malaysia, is located in Serdang, next to Malaysia’s administrative capital city, Putrajaya. As a world-renowned centre of learning and research, UPM has attracted students and staff from all around the world, making it a well-respected global entity. As a premier institution of learning widely recognised for leadership in research and innovation, UPM continues to strive for excellence. In order to motivate the entire university community towards achieving excellence, it is important that all members, both students and members of staff, share the responsibility of strictly adhering to the demands of the university’s vision, mission, and goals.",pspk@upm.edu.my,+603-9769 1000,,,"Serdang, Selangor",
UNIVERSITI SULTAN ZAINAL ABIDIN,10 / 10-31,"Universiti Sultan Zainal Abidin (UniSZA) is a Malaysian public university located in Terengganu, offering diverse programmes in social sciences, science and technology, health sciences, and medicine. At the 24th Kazakhstan International Exhibition Tourism & Travel, UniSZA showcases its edutourism initiatives that combine academic learning with cultural immersion. Through mobility programmes and curated edutourism packages, participants engage in biodiversity exploration, community-based activities, language learning, and heritage experiences. A key highlight is sa.eng, a flexible platform that enables customised programmes tailored to institutions and groups. UniSZA promotes Terengganu as a unique destination for experiential learning, blending education, culture, and nature in a safe and enriching environment.",alianabila@unisza.edu.my,+60129939711,,,Terengganu,
UPNM MALAYSIA,10 / 10-31,"UPNM, which stands for Universiti Pertahanan Nasional Malaysia (National Defense University of Malaysia), is the country's premier military university situated at Kem Sungai Besi in Kuala Lumpur, Malaysia. Established to support the needs of the Malaysian Armed Forces, UPNM uniquely integrates rigorous academic education with specialized military training. The institution caters to a dual student body consisting of Cadet Officers, who undergo full-time training to be commissioned into the Army, Navy or Air Force upon graduation and civilian students who pursue standard academic degrees. While maintaining a core focus on national security, defense technologies, and strategic management, the university offers a comprehensive array of undergraduate and postgraduate programs across various disciplines including medicine, engineering, management and cyber security with the ultimate goal of producing highly disciplined, intellectual leaders for both military and civilian sectors.",pjaa@upnm.edu.my,+60134206666,http://upnm.edu.my,,Kuala Lumpur,
UZBEKISTAN AIRWAYS,10 / 10-33,"Uzbekistan Airways is the national airline of the Republic of Uzbekistan, established in 1992 following the country’s independence. Based in Tashkent, the airline operates regular passenger and cargo flights across a broad network of international and domestic routes, connecting Uzbekistan with Europe, Asia, the Middle East, and the countries of the Commonwealth of Independent States. Its main hub is Islam Karimov Tashkent International Airport. The fleet consists of modern aircraft produced by Boeing and Airbus, ensuring high standards of safety and comfort. Uzbekistan Airways focuses on developing transit potential, improving service quality, and implementing digital solutions. The airline also contributes to the growth of tourism and the strengthening of Uzbekistan’s international cooperation.",tourism@uzairways.com,+998781405370,https://uzairways.com,,Tashkent,
VETER STRANSTVIY,Pavilion,"VETERS.KZ is a team of like-minded people united by one passion – love for nature and the most diverse hobbies associated with it: hunting, fishing, mountaineering, tourism and many others. We do not leave aside the theme of travel, both in the native land and in distant countries.",natalya@veters.kz,+77778111313,http://veters.kz,,Almaty,
VIETRA,11 / 11-77,"International tour operator Vietnam is our starting point, the world is our routes VIETRA uses technology with a human touch. For us, travel isn't just a route, but a journey with a purpose. We believe in transparency, sustainable development, and a culture of collaboration. Our goal is to maintain a balance between technology, nature, and people. Our principles Technologies serve man. Trust is the foundation of business, transparency is its language. Quality is everyone's right, sustainability is the key to the future. VIETRA is more than a tour operator. We create a system where technology makes service honest and people make it meaningful. Our routes begin in Vietnam and connect Asia, Europe, and the CIS into a unified space of trust. We are open, accessible, and ready to collaborate with those who share the values ??of quality, respect, and development.",info@vietratour.com,+7 727 339 9898,http://vietratour.com,,Almaty,
VISIT ALMATY,10 / 10-01,"Municipal state institution «Tourism Department of Almaty city» is a state body of the Republic of Kazakhstan, which provides guidance in the field of tourism in the territory of Almaty city. The main objectives are to increase the attractiveness and recognition of Almaty city in the international arena and the domestic market for the formation of the city as a center of attraction for foreign and domestic tourists",,8 (727) 394-85-18,https://visitalmaty.kz,,Almaty,
VISIT KARAGANDA,10 / 10-08,Industry organizations,,+7024228944,,,Qaraganda,
"VISIT ZHETYSU"" TOURIST INFORMATION CENTRE",10 / 10-02,"Visit Zhetysu Tourist Information Center provides: Detailed information about tourist sites, activities and infrastructure of the region. Assistance in organizing tours and activities. Advisory and practical assistance for tourists and representatives of tourism business. Advertising and marketing campaigns to promote tourism products. Promotion of cultural, historical and natural resources of Zhetysu both inside and outside the country.",visitjetisu@mail.ru,+7 (7282) 40 50 65,http://visit-zhetsyu.kz,,Taldykorgan,
WOWVOS,10 / 10-41,"WOWVOS is a patient-first medical travel platform focused on care in South Korea. Our mission is to make high-quality treatment accessible and understandable for people from abroad. We select partner hospitals based on outcomes, technology, international patient services and ethical standards. Every doctor profile is verified; we list education, experience, subspecialty and languages to help you choose confidently. \nWhat we do: assess your case, gather opinions from relevant specialists, compare treatment paths and provide clear estimates of price and time. We organize appointments, interpretation, transfers and accommodation so that you focus on your health. Communications are centralized in one secure channel and you receive a written summary after each step. WOWVOS supports oncology, cardiology, neurology, orthopedics, IVF and many other fields. We do not replace your local physician; instead, we complement their care with accurate diagnostics and up-to-date options.",info@wowvos.co.kr,+82 10 8236 0771,https://wowvos.com,,"Gyeonggi-do province, Bucheon city",
XO CLINIC,10 / 10-42,"""A facial surgery specialist offers the most suitable solution for you!"" With diverse clinical experience and extensive knowledge, our plastic surgeons prove their quality to every patient—not just through words, but through surgical mastery and proven results. XO Plastic Surgery Clinic From the initial consultation to post-operative care, Plastic Surgeon Dr. Park Chan-young personally manages the entire process, providing reliable treatment and dedicated service. Core Medical Specialties Facial Contouring Eye Plastic Surgery Rhinoplasty (Nose Surgery) Anti-Aging Surgery (Face Lift) Location & Directions Address: 11F, K-TOWER, 119, Dosan-daero, Gangnam-gu, Seoul, Republic of Korea Subway: Line 3, Sinsa Station, Exit 8 (1-minute walk)",creed11@naver.com,82+1034908359,,,seoul,
YOUTUBE-AGENCY “ZHIR”,Pavilion,"YouTube full-cycle agency ""ZHIR"". We provide full-fledged channel management: strategy development, turnkey content creation, video posting, and results analysis.",eilyassova@gmail.com,+7747 364 6732,,,Almaty,
"ZENDIA, JAPAN",11 / 11-52,"Zendia is a Japan-based company specialising in medical tourism, medical coordination, and tailored cultural travel arrangements. We provide coordination with Japanese medical institutions, Russian-language medical interpretation and translation, logistics support including accommodation and transportation arrangements, post-examination follow-up, as well as special cultural experiences and value-added services that allow visitors to experience Japanese culture. Zendia works closely with trusted medical institutions and partners to deliver transparent, client-focused services to international visitors and partner agencies.",contact@zendia.jp,+81-45-6641455,https://zendia.jp,,Yokohama,
·PERSONAL INFORMATIOGANGNAM WOMEN'S HOSPITAL,10 / 10-41,"Gangnam Women's Hospital will do the best to become a hospital that always satisfies you through smiles, kindness, and touching treatment. We ask for your interest and encouragement, and we will return your support with more improved medical services. A hospital with love We will create a hospital full of love that gently caresses women's health as well as their mind. A developing hospital We will acquire and apply advanced medical technology for women's health, and become a hospital that provides the best medical service in line with the development of changing medical technology. A hospital with history Gangnam Women's Hospital with 39 years of tradition, which is a hospital being with you from childbirth to birth, will become a hospital that develops further for women's health. A warm-hearted hospital Rather than thinking only of the profit of the hospital, we will become a warm-hearted hospital that does not turn away the difficulties of society.",,031-222-7575,https://rus.gangnamhospital.co.kr,,"96, Jungbu-daero, Paldal-gu, Suwon-si, Gyeonggi-do (Ingye-dong)",
СК SINOASIA B&R (СИНОАЗИЯ БИЭНДАР),11 / 11-57,insurance company,info@sinoasia.kz,2040,http://sinoasia.kz,,Almaty,
