exhibitor_name,domain,contact_number,mail,location,country,booth_no,name,desc,email,phone,address,city,linkedin_url,profile_url,source_year
2G Energy AG,2-g.com,,,Німеччина,Germany,,2G Energy AG,2G Energy AG наразі є одним з провідних міжнародних виробників комбінованих теплоенергетичних систем для децентралізованого виробництва енергії в діапазоні потужностей від 20 до 4 500 кВт.,,,Німеччина,Німеччина,,https://catalog.pe.com.ua/company/5179,2026
3M Interserv Grup SRL,3minterserv.ro,+40 727 266 388,,"Тіту, Румунія",Ukraine,,3M Interserv Grup SRL,"Компанія 3M INTERSERV GRUP SRL пропонує високоякісні металоконструкції та послуги з високоточного виготовлення виробів із металу. На цій виставці ми демонструємо наші потужні можливості плазмового різання з ЧПК (система на 400 А), а також спеціалізовані високоміцні металеві деталі та вузли, розробле",,+40 727 266 388,"Тіту, Румунія",Румунія,,https://catalog.pe.com.ua/company/4816,2026
A-Tron Blockheizkraftwerk GmbH,a-tron.de,,,Німеччина,Germany,,A-Tron Blockheizkraftwerk GmbH,"A-TRON — це інноваційна розробка та виробництво високоефективних теплоелектростанцій (ТЕС). Наша компанія спеціалізується на децентралізованому виробництві енергії за допомогою комбінованого виробництва електроенергії та тепла, а також комбінованого виробництва електроенергії, тепла та холоду.",,,Німеччина,Німеччина,https://www.linkedin.com/company/a-tron-blockheizkraftwerke-gmbh/?originalSubdomain=de,https://catalog.pe.com.ua/company/5182,2026
A.P. Møller - Mærsk A/S,maersk.com,,,Данія,Denmark,,A.P. Møller - Mærsk A/S,"A.P. Moller - Maersk — інтегрована транспортно-логістична компанія, що спеціалізується на контейнерних перевезеннях, портах, логістиці, зберіганні, дистрибуції, 4PL та рішеннях для холодового ланцюга.",,,Данія,Данія,https://www.linkedin.com/company/maersk-group/,https://catalog.pe.com.ua/company/4950,2026
ABB,abb.com,+1 800 435 7365,,Швейцарія,Switzerland,,ABB,"ABB є світовим лідером у сфері електрифікації та автоматизації. Поєднуючи інженерний досвід і цифрові технології, компанія допомагає підприємствам підвищувати продуктивність, ефективність і сталий розвиток, досягаючи кращих результатів із меншим використанням ресурсів.",,+1 800 435 7365,Швейцарія,Швейцарія,https://www.linkedin.com/company/abb,https://catalog.pe.com.ua/company/4970,2026
"ABC Style Co.,Ltd",abc-style.co.jp,,,Японія,Japan,,"ABC Style Co.,Ltd",-,,,Японія,Японія,,https://catalog.pe.com.ua/company/4900,2026
Acula Technology Corp.,acula.com,+886 3 313 5577,,"Таоюань, Тайвань",Taiwan,,Acula Technology Corp.,"ACULA Technology Corp. спеціалізується на OEM/ODM розробці та виробництві CCTV, медичних дисплеїв і промислових комп’ютерів (IPC) для оборони, безпеки, автоматизації, транспорту, медицини та професійної візуалізації. Понад 30 років досвіду у відеоспостереженні. Розвиваємо інтелектуальні UAV-рішення.",,+886 3 313 5577,"Таоюань, Тайвань",Тайвань,https://tw.linkedin.com/company/acula-technology-corp,https://catalog.pe.com.ua/company/4868,2026
"Advantage Austria, Trade Department of the Embassy of Austria in Ukraine",,,,Австрія,Austria,,"Advantage Austria, Trade Department of the Embassy of Austria in Ukraine","ADVANTAGE AUSTRIA генерує можливості для міжнародного бізнесу, просуваючи продукти та послуги австрійських компаній у всьому світі, допомагаючи компаніям і організаціям за межами Австрії будувати міцні відносини з австрійськими компаніями.",,,Австрія,Австрія,,https://catalog.pe.com.ua/company/5203,2026
Afry,afry.com,,,Швеція,Sweden,,Afry,"AFRY — європейський лідер у галузі інженерних, проектних та консультаційних послуг із глобальним охопленням. Ми прискорюємо перехід до сталого суспільства.",,,Швеція,Швеція,,https://catalog.pe.com.ua/company/4936,2026
agru Kunststofftechnik Gesellschaft m.b.H.,agru.at,,,Австрія,Austria,,agru Kunststofftechnik Gesellschaft m.b.H.,"AGRU — провідний виробник пластикових труб та постачальник високоякісних фітингів, напівфабрикатів, геомембран і захисних прокладок для бетону, виготовлених із термопластичних матеріалів. З моменту заснування компанією Алоїсом Грубером-старшим у 1948 році в Верхній Австрії AGRU є взірцем інновацій,",,,Австрія,Австрія,,https://catalog.pe.com.ua/company/5204,2026
AHP International Group,ahp-international.com,,,Німеччина,Germany,,AHP International Group,"Ми допомагаємо міжнародним організаціям у реалізації проектів економічного розвитку, а компаніям – у розвитку їхнього бізнесу в Україні. Ми є членами Німецької східноєвропейської бізнес-асоціації (OA) та Польсько-української торгової палати. Ви хочете вийти на український ринок? Зверніться до нас!",,,Німеччина,Німеччина,,https://catalog.pe.com.ua/company/5180,2026
AIC s.a.,myaic.com,,,Польща,Poland,,AIC s.a.,"Компанія AIC S.A., заснована у 2001 році, швидко здобула репутацію визнаного фахівця у сфері проєктування, інженерної розробки та виготовлення теплообмінників із нержавіючої сталі й титану.",,,Польща,Польща,https://www.linkedin.com/company/aic-s.a./,https://catalog.pe.com.ua/company/5075,2026
AJ Power Ltd,ajpower.net,,,"Північна Ірландія, Велика Британія",Ukraine,,AJ Power Ltd,"Компанія AJ Power, що базується на сучасному підприємстві в Північній Ірландії (Велика Британія), виробляє дизельні електрогенератори потужністю від 10 кВА до 2800 кВА із застосуванням технологій автомобілебудування. Це обладнання призначене для лікарень, банків, центрів обробки даних,супермаркетів.",,,"Північна Ірландія, Велика Британія",Велика Британія,https://www.linkedin.com/company/ajpower/?originalSubdomain=uk,https://catalog.pe.com.ua/company/5144,2026
Alfa Laval,alfalaval.com,,,Швеція,Sweden,,Alfa Laval,"Alfa Laval постачає продукцію в галузі теплообміну, сепарації та транспортування рідин на глобальному рівні.",,,Швеція,Швеція,,https://catalog.pe.com.ua/company/4937,2026
Altempo / Agleco,altempo.com,,,Франція,France,,Altempo / Agleco,"Altempo — французька компанія, що спеціалізується на комплексному супроводі великих проєктів у складних умовах, як у державному, так і в приватному секторах. Altempo розробляє модульні рішення, що масштабуються, у поєднанні з цифровими послугами з високою доданою вартістю.",,,Франція,Франція,https://www.linkedin.com/company/algeco-france/,https://catalog.pe.com.ua/company/4910,2026
Andritz Hydro GmbH,andritz.com,,,Австрія,Austria,,Andritz Hydro GmbH,"ANDRITZ Hydro є одним з провідних світових постачальників електромеханічного обладнання та послуг для гідроелектростанцій на динамічно зростаючому світовому ринку відновлюваної енергетики. Компанія пропонує інноваційні рішення для нових та існуючих гідроелектростанцій, від малих до великих ГЕС.",,,Австрія,Австрія,https://www.linkedin.com/company/andritz-hydro/,https://catalog.pe.com.ua/company/5205,2026
Anyline GmbH,anyline.com,,,Австрія,Austria,,Anyline GmbH,-,,,Австрія,Австрія,https://www.linkedin.com/company/anyline/,https://catalog.pe.com.ua/company/5226,2026
Aprovis Energy Systems,aprovis.com,,,Німеччина,Germany,,Aprovis Energy Systems,APROVIS є виробником інноваційних технологій для систем очищення газів та вихлопних систем (зменшення викидів та рекуперація тепла).,,,Німеччина,Німеччина,,https://catalog.pe.com.ua/company/5181,2026
Arcen Polska Sp. z o.o.,arcen.pt,+48 32 435 01 72,,"Жори, Польща",Poland,,Arcen Polska Sp. z o.o.,"ARCEN Polska — провідний виробник бетонозмішувальних вузлів і систем рециклінгу. Понад 180 бетонних вузлів працюють у Польщі, також маємо успішно реалізований проєкт в Україні. Надійні, сучасні рішення та професійна технічна підтримка.",,+48 32 435 01 72,"Жори, Польща",Польща,https://www.linkedin.com/company/arcen-polska-sp-z-o-o/?viewAsMember=true,https://catalog.pe.com.ua/company/4537,2026
Arginta,arginta.lt,,,Литва,Ukraine,,Arginta,"Основним напрямком діяльності нашої компанії є будівництво, реконструкція та розробка муніципальних водопровідних, каналізаційних та очисних споруд. Більшість об’єктів, які ми збудували, були реалізовані в рамках національних або міжнародних державних закупівель.",,,Литва,Литва,,https://catalog.pe.com.ua/company/5005,2026
Ariterm Energy Oy,ariterm.fi,,,Фінляндія,Ukraine,,Ariterm Energy Oy,"Наше бачення полягає в тому, щоб допомогти нашим клієнтам перейти на енергію без викопного палива. Ми розробляємо, проектуємо та виробляємо біоопалювальні установки та технології спалювання, щоб замінити викопне паливо деревними пелетами, деревною тріскою та агропелетами у виробництві гарячої води.",,,Фінляндія,Фінляндія,https://www.linkedin.com/company/ariterm/,https://catalog.pe.com.ua/company/5169,2026
Arkpax / TWS GmbH,arkpax.com,+49 4976 02705757,,"Лаген, Німеччина",Germany,,Arkpax / TWS GmbH,"Arkpax, бренд TWS з 28-річним досвідом інновацій, пропонує літієві рішення для будівництва, ремонту інфраструктури та надзвичайних ситуацій. Titan PRO замінює генератори, Ark має захист IP67, а Core живить мобільні підрозділи.",,+49 4976 02705757,"Лаген, Німеччина",Німеччина,https://www.linkedin.com/company/arkpax/,https://catalog.pe.com.ua/company/5128,2026
Armsteel Enerji Ve Galveniz Çelik Yapilar San. Ve Tic. A.Ş.,armsteel.com.tr,,,Туреччина,Türkiye,,Armsteel Enerji Ve Galveniz Çelik Yapilar San. Ve Tic. A.Ş.,"Armsteel Enerji ve Galvanizli Çelik Yapılar San. ve Tic. A.Ş. — це виробнича компанія з потужною інженерною інфраструктурою, що виготовляє конструкції з оцинкованої сталі для енергетичного та промислового секторів.",,,Туреччина,Туреччина,https://www.linkedin.com/company/armsteeltr/?originalSubdomain=tr,https://catalog.pe.com.ua/company/4989,2026
Arthur Flury AG,aflury.ch,+41 32 613 33 66,,"Дайтінген, Швейцарія",Switzerland,,Arthur Flury AG,"Ми виробляємо високоякісну продукцію для будівництва сучасних контактних мереж. Регіональні та національні залізничні організації по всьому світу довіряють нашій надійній продукції. Окрім широкого асортименту продукції, ми пропонуємо клієнтам послуги та підтримку для успішної реалізації проектів.",,+41 32 613 33 66,"Дайтінген, Швейцарія",Швейцарія,https://www.linkedin.com/company/arthur-flury-ag,https://catalog.pe.com.ua/company/4977,2026
Astron Buildings,astron.biz,,,Франція,France,,Astron Buildings,"Astron Buildings — експерт з проєктування та виробництва збірних сталевих будівель. Понад 60 років ми реалізуємо індивідуальні рішення «під ключ», які поєднують ефективність, сталий розвиток і довговічність. Кожна будівля створюється з максимальною точністю, високою якістю та довготривалою цінністю.",,,Франція,Франція,https://www.linkedin.com/company/astrongroup/,https://catalog.pe.com.ua/company/4911,2026
ATP Wien Planungs GmbH,atp.ag,,,Австрія,Austria,,ATP Wien Planungs GmbH,"Інтегративна співпраця в галузі архітектури та інженерії, а також сучасне управління знаннями дозволили компанії ATP стати провідною платформою компетенцій у сфері забудови.",,,Австрія,Австрія,https://www.linkedin.com/company/atp-architekten-ingenieure/?originalSubdomain=at,https://catalog.pe.com.ua/company/5227,2026
Atradius Dutch State Business (Atradius DSB),atradiusdutchstatebusiness.nl,+31 20 553 2693,,"Амстердам, Нідерланди",Netherlands,,Atradius Dutch State Business (Atradius DSB),"Atradius Dutch State Business (Atradius DSB) є Експортно-кредитним агентством Нідерландів. Від імені уряду Нідерландів ми допомагаємо компаніям, банкам та інвесторам управляти ризиками, отримувати доступ до фінансування та підтримувати міжнародну торгівлю, інвестиційні проєкти й відбудову України.",,+31 20 553 2693,"Амстердам, Нідерланди",Нідерланди,https://www.linkedin.com/company/atradius-dutch-state-business/home/,https://catalog.pe.com.ua/company/5026,2026
BAE Batterien GmbH !!,bae-berlin.de,,,Німеччина,Germany,,BAE Batterien GmbH !!,"Компанія BAE Batterien GmbH (BAE), розташована в Берліні, є підприємством з багаторічними традиціями у виробництві промислових акумуляторів. Вже близько 120 років компанія BAE забезпечує світ надійною енергією. Основним напрямком діяльності BAE є виробництво свинцево-кислотних акумуляторів.",,,Німеччина,Німеччина,,https://catalog.pe.com.ua/company/5183,2026
Barbaric GmbH,barbaric.at,,,Австрія,Austria,,Barbaric GmbH,Від ручних вакуумних підйомників для скла та деревини до систем зберігання панелей для повністю автоматизованого зберігання дерев’яних панелей — ми пропонуємо відповідне рішення для будь-яких завдань з переміщення вантажів.,,,Австрія,Австрія,https://www.linkedin.com/company/barbaric-gmbh/,https://catalog.pe.com.ua/company/5229,2026
Basque Trade and Investment,basquetrade.spri.eus,,,Іспанія,Ukraine,,Basque Trade and Investment,"Basque Trade & Investment надає підтримку баскським компаніям, сприяючи їхньому виходу на ринки Польщі та України.",,,Іспанія,Іспанія,,https://catalog.pe.com.ua/company/4716,2026
Beam Global,beamforall.com,,,"Штат Каліфорнія, Сполучені Штата Америки",Ukraine,,Beam Global,"Beam Global — інноваційна компанія у сфері чистих технологій, яка розробляє та виробляє екологічні інфраструктурні продукти та технології. Ми працюємо на стику екологічно чистих джерел енергії та транспорту, зосереджуючись на стійкій енергетичній інфраструктурі, рішеннях для зарядки електромобілів.",,,"Штат Каліфорнія, Сполучені Штата Америки",Сполучені Штата Америки,https://www.linkedin.com/company/beamforall/,https://catalog.pe.com.ua/company/5001,2026
"Beha Technologies, UAB",beha.no,+370 684 04072,,"Каунас, Литва",Ukraine,,"Beha Technologies, UAB","Виробник електричних обігрівачів BEHA вже понад 100 років забезпечує теплом норвезькі домівки — і завжди приділяв особливу увагу якості. Сьогодні компанія BEHA випускає обігрівачі, які є лідерами у світі за такими показниками, як екологічність, електричні характеристики, технологічність, якість.",,+370 684 04072,"Каунас, Литва",Литва,https://www.linkedin.com/company/beha-elektro-as/posts/?feedView=all,https://catalog.pe.com.ua/company/4875,2026
Biogenic Energy,biogenic.energy,,,"Штат Каліфорнія, Сполучені Штати Америки",Ukraine,,Biogenic Energy,"Biogenic Energy — це компанія, яка прагне скоротити величезні обсяги викидів парникових газів шляхом перетворення відходів біомаси з низькою вартістю (наприклад, лісових відходів, обрізків дерев, міських деревних відходів тощо) на відновлюване паливо.",,,"Штат Каліфорнія, Сполучені Штати Америки",Сполучені Штати Америки,,https://catalog.pe.com.ua/company/5148,2026
BOM Business Development & Foreign Investments B.V.,bom.nl,,,Нідерланди,Netherlands,,BOM Business Development & Foreign Investments B.V.,"BOM — це агентство регіонального розвитку Брабанту, що діє за підтримки провінції Північний Брабант та Міністерства економічних справ.",,,Нідерланди,Нідерланди,https://www.linkedin.com/company/brabantse-ontwikkelings-maatschappij-bom-/,https://catalog.pe.com.ua/company/5043,2026
Boot,buroboot.nl,+31 318 527 600,,"Венендал, Нідерланди",Netherlands,,Boot,"BOOT надає комплексні консультаційні та управлінські послуги для сталого й комфортного середовища. Ми працюємо у сферах будівництва, мобільності, водних ресурсів, довкілля, безпеки, спорту та рекреації, поєднуючи ризик-орієнтований підхід, дані й циркулярне мислення.",,+31 318 527 600,"Венендал, Нідерланди",Нідерланди,https://www.linkedin.com/company/boot-ingenieursburo/,https://catalog.pe.com.ua/company/5109,2026
Brugg Pipes,bruggpipes.com,+48 536 595 174,,"Плохоцин, Польща",Poland,,Brugg Pipes,"BRUGG Pipes — провідний постачальник попередньо ізольованих трубопровідних систем для мереж централізованого теплопостачання. Наші гнучкі та жорсткі системи забезпечують енергоефективність, надійність і тривалий термін служби.",,+48 536 595 174,"Плохоцин, Польща",Польща,https://www.linkedin.com/company/brugg-pipes-polska,https://catalog.pe.com.ua/company/4979,2026
Business Lahti,businesslahti.fi,+358 44 7022700,,"Лахті, Фінляндія",Ukraine,,Business Lahti,"Business Lahti об’єднує послуги з консультування стартапів, бізнес-консалтингу та підтримки розвитку, послуги у сфері інвестицій та залучення капіталу, а також послуги у сфері туризму.",,+358 44 7022700,"Лахті, Фінляндія",Фінляндія,https://www.linkedin.com/company/invest-in-business-lahti/posts/?feedView=all,https://catalog.pe.com.ua/company/5154,2026
Bwsc A/S,bwsc.com,,,Данія,Denmark,,Bwsc A/S,"Burmeister & Wain Scandinavian Contractor A/S (BWSC) — це данська інженерна компанія з потужною міжнародною присутністю, яка пропонує надійні енергетичні рішення по всьому світу.",,,Данія,Данія,https://www.linkedin.com/company/bwsc/,https://catalog.pe.com.ua/company/4952,2026
C.G.M. S.r.l.,cgm-srl.com,+39 338 748 4239,,"Луго, Італія",Italy,,C.G.M. S.r.l.,"Понад 60 років CGM проєктує та виготовляє машини й форми для виробництва збірних бетонних виробів. Наші гнучкі рішення поєднують високочастотну вібрацію, змінні форми та надійні італійські інженерні технології, забезпечуючи стабільно високу якість бетонної продукції.",,+39 338 748 4239,"Луго, Італія",Італія,https://www.linkedin.com/company/cgm-srl/,https://catalog.pe.com.ua/company/4898,2026
Cabragh Engineering,cabragheng.com,,,"Північна Ірландія, Велика Британія",Ukraine,,Cabragh Engineering,"Cabragh Engineering Ltd — провідний виробник обладнання для галузей виробництва бетону, кар'єрних робіт та переробки відходів.",,,"Північна Ірландія, Велика Британія",Велика Британія,https://www.linkedin.com/company/cabragh-engineering/,https://catalog.pe.com.ua/company/5143,2026
Caf Endüstri Teknolojileri Ticaret E.Ş.,cafendustri.com,,,Туреччина,Türkiye,,Caf Endüstri Teknolojileri Ticaret E.Ş.,"Компанія CAF Endüstri, яка в рамках електромеханічних рішень інтегрує системи протипожежного захисту та системи транспортування рідин у проекти промислових об’єктів, надає послуги з проектування, інжинірингу, постачання, виробництва та монтажу.",,,Туреччина,Туреччина,https://www.linkedin.com/company/caf-end%C3%BCstri%CC%87/about/,https://catalog.pe.com.ua/company/4990,2026
Calidris-ua,calidris-ua.com,+33 6 25 57 32 15,,"Київ, Україна",Ukraine,,Calidris-ua,"Calidris — консалтингова компанія з екології та біорізноманіття (з 2007 р., 74 фахівці, 6 офісів у Франції), активно працює в Україні: офіс у Києві (2025), літня школа з Ужгородським університетом та проведення міжнародних ОВНС (ESIA) для проєктів будь-якого типу.",,+33 6 25 57 32 15,"Київ, Україна",Україна,,https://catalog.pe.com.ua/company/4914,2026
CCIFU,ccifrance-international.org,,,"Україна, Франція",Ukraine,,CCIFU,"CCIFU - це бізнес-асоціація, що допомагає французьким компаніям відкривати нові можливості, налагоджувати присутність та розширювати свою діяльність в Україні. Наразі вона об’єднує понад 120 компаній, що прагнуть зміцнювати торговельні та інвестиційні зв’язки між Францією та Україною.",,,"Україна, Франція",Франція,,https://catalog.pe.com.ua/company/4913,2026
"CEMO, GmbH",cemo-group.com,+49 4971 5196360,,"Вайнштадт, Німеччина",Germany,,"CEMO, GmbH","CEMO Group — один із провідних виробників систем для надійного зберігання й транспортування небезпечних матеріалів і пального. З 1960 року ми розробляємо та виробляємо в Німеччині практичні рішення — від резервуарів до вогнестійких шаф та контейнерів. CEMO — це безпека, якість та інновації.",,+49 4971 5196360,"Вайнштадт, Німеччина",Німеччина,https://www.linkedin.com/company/cemo-safe-storage/,https://catalog.pe.com.ua/company/5132,2026
CEVA Logistics,cevalogistics.com,+48 22 255 64 00,,"Варшава, Польща",Poland,,CEVA Logistics,"CEVA Logistics — глобальна логістична компанія та постачальник рішень для управління ланцюгами постачання, що надає послуги авіаційних, морських, автомобільних і залізничних перевезень, складського зберігання, митного супроводу та комплексні логістичні рішення у понад 170 країнах світу.",,+48 22 255 64 00,"Варшава, Польща",Польща,https://www.linkedin.com/company/ceva-logistics,https://catalog.pe.com.ua/company/4915,2026
CFT Compact Filter Technic,cft-gmbh.de,+49 4923 6587260,,"Марль, Німеччина",Germany,,CFT Compact Filter Technic,"CFT — це системний постачальник передових технологій у сфері знепилення, вентиляції та клімат-контролю, створених «за індивідуальним замовленням у Німеччині».",,+49 4923 6587260,"Марль, Німеччина",Німеччина,,https://catalog.pe.com.ua/company/5125,2026
Charignon,charignon.com,+33 6 31 31 42 47,,"Шатузанж-ле-Губе, Франція",France,,Charignon,"Оцинковані сталеві конструкції для ліній високої та надвисокої напруги, підстанцій і телекомунікаційної інфраструктури.",,+33 6 31 31 42 47,"Шатузанж-ле-Губе, Франція",Франція,https://www.linkedin.com/company/charignontower,https://catalog.pe.com.ua/company/5108,2026
Chefree Technology Corp.,chefree.com,+886 2 2378 8555,,"Тайбей, Тайвань",Taiwan,,Chefree Technology Corp.,"Заснована 6 червня 2007 року, компанія Chefree Technology Corp. є професійним виробником дисплеїв та сенсорних екранів малого та великого розміру — від 3,5 до 32 дюймів — для всього спектру вбудованих промислових застосувань.",,+886 2 2378 8555,"Тайбей, Тайвань",Тайвань,,https://catalog.pe.com.ua/company/4843,2026
Cityförster architecture + urbanism,cityfoerster.net,+31 6 16902955,,"Роттердам, Нідерланди",Netherlands,,Cityförster architecture + urbanism,"CITYFÖRSTER — міжнародне бюро архітектури та урбаністики, що проєктує кліматично стійкі, циркулярні та змішані будівлі, райони й громадські простори, спеціалізуючись на стратегічному плануванні та сталому відновленні міст.",,+31 6 16902955,"Роттердам, Нідерланди",Нідерланди,https://www.linkedin.com/company/cityfoerster/,https://catalog.pe.com.ua/company/5219,2026
CKS,cks.ua,,,Україна,Ukraine,,CKS,"CKS - це компанія з багаторічним досвідом у виробництві та монтажі повнокомплектних сталевих будівель, виробництві мостів та складних металоконструкцій. Проєкти, які ми реалізуємо – це логістичні центри, складські та виробничі будівлі, автомобільні салони, спортивні комплекси та мостові конструкції.",,,Україна,Україна,https://www.linkedin.com/company/cks-the-framing-construction-center-company/,https://catalog.pe.com.ua/company/4367,2026
Collectron Energy,collectronenergy.com,,,"Штат Каліфорнія, Сполучені Штати Америки",Ukraine,,Collectron Energy,"Collectron Energy прискорює перехід до чистої енергії, інвестуючи та керуючи розподіленими мережами для живлення електромобілів. Через державно-приватні партнерства компанія забезпечує вуглецево-нейтральну електроенергію, зарядні станції, зберігання та розумні енергосистеми.",,,"Штат Каліфорнія, Сполучені Штати Америки",Сполучені Штати Америки,https://www.linkedin.com/company/collectron-energy/,https://catalog.pe.com.ua/company/5149,2026
"Combi Works Oy, Finland",combiworks.com,+358 10 2193080,,"Гельсінкі, Фінляндія",Ukraine,,"Combi Works Oy, Finland","Компанія Combi Works вже понад 20 років розробляє та виробляє довговічні інфраструктурні рішення для складних умов: люки, дренажні системи, решітки для водовідвідних каналів та дерев. Разом з нашими українськими партнерами ми пропонуємо надійний сервіс та швидку доставку з нашого складу в Естонії.",,+358 10 2193080,"Гельсінкі, Фінляндія",Фінляндія,https://www.linkedin.com/company/nordic-cast-sourcing-ltd/,https://catalog.pe.com.ua/company/4705,2026
Comprex Engineering GmbH,comprex.de,+49 4963 413803506,,"Ландау-ін-дер-Пфальц, Німеччина",Germany,,Comprex Engineering GmbH,"Comprex® постачає системи очищення на основі запатентованого процесу для механічного очищення без хімії комунальних і промислових трубопроводів. Технологія видаляє відкладення, біоплівку та помутніння, покращує якість води й надійність експлуатації та сприяє подовженню строку служби трубопроводів.",,+49 4963 413803506,"Ландау-ін-дер-Пфальц, Німеччина",Німеччина,https://linkedin.com/company/comprex-hammann,https://catalog.pe.com.ua/company/5120,2026
Containex Container-Handelsgesellschaft m.b.H.,containex.com,+43 660 8382008,,"Віденський Нойдорф, Австрія",Austria,,Containex Container-Handelsgesellschaft m.b.H.,CONTAINEX — надійний європейський постачальник контейнерів і модульних будівельних рішень.,,+43 660 8382008,"Віденський Нойдорф, Австрія",Австрія,https://at.linkedin.com/company/containex-container,https://catalog.pe.com.ua/company/4546,2026
Cowi,cowi.com,,,Данія,Denmark,,Cowi,"Будуємо стійкість і сталість: COWI сприяє відновленню України, застосовуючи провідний інженерний та економічний досвід. З понад 40 проєктами з 1991 року ми створюємо сучасну інфраструктуру та відкриваємо інвестиційні можливості.",,,Данія,Данія,,https://catalog.pe.com.ua/company/4953,2026
Creative Sensor Inc.,csi-sensor.com.tw,+886 2 8912 1289,,"Тайбей, Тайвань",Taiwan,,Creative Sensor Inc.,"Creative Sensor Inc. — тайванський виробник технологій візуалізації, що пропонує неохолоджувані модулі LWIR не китайського походження для БПЛА та промислових застосувань. Серії Mars і Venus підтримують різні роздільні здатності, відеовиходи, об’єктиви та індивідуальні рішення.",,+886 2 8912 1289,"Тайбей, Тайвань",Тайвань,https://www.linkedin.com/company/creative-sensor-inc/,https://catalog.pe.com.ua/company/4845,2026
CTC Global,ctcglobal.com,,,"Штат Каліфорнія, Сполучені Штати Америки",Ukraine,,CTC Global,"Заснована у 2003 році, компанія CTC Global є лідером галузі у сфері технологій композитних сердечників і спеціалізується на наданні інноваційних рішень для електромереж енергетичним компаніям. Ми розробили та виробляємо композитний сердечник, що використовується у провіднику ACCC®.",,,"Штат Каліфорнія, Сполучені Штати Америки",Сполучені Штати Америки,https://www.linkedin.com/company/ctc-global/,https://catalog.pe.com.ua/company/5150,2026
"Daiwatech Co., Ltd.",dt-daiwatech.com,,,Японія,Japan,,"Daiwatech Co., Ltd.",-,,,Японія,Японія,,https://catalog.pe.com.ua/company/4901,2026
Danmarks Eksport- og Investeringsfond,eifo.dk,,,Данія,Denmark,,Danmarks Eksport- og Investeringsfond,"Датський фонд експорту та інвестицій — це новий державний фонд, який виступає єдиним контактним центром для всіх датських компаній, що потребують ризикового капіталу, фінансуваного державою. Ми надаємо підтримку як підприємцям, так і малим та середнім підприємствам, яким потрібен капітал.",,,Данія,Данія,https://www.linkedin.com/company/eifo/,https://catalog.pe.com.ua/company/4957,2026
Deloitte Central Europe,deloitte.com,+48 22 511 08 11,,"Варшава, Польща",Poland,partner,Deloitte Central Europe,"Як глобальний лідер, ми надаємо послуги з аудиту, консалтингу, податкові та супутні послуги. Deloitte CE співпрацює з іншими фірмами мережі Deloitte і допомагає вирішувати виклики, що постають перед Україною та її народом, поєднуючи фахові знання, технічну експертизу й досвід у різних галузях",,+48 22 511 08 11,"Варшава, Польща",Польща,https://www.linkedin.com/company/deloitte,https://catalog.pe.com.ua/company/4618,2026
Denzai,denzai.group,+81 3 6260 0088,,"Токіо, Японія",Japan,,Denzai,"DENZAI — світовий лідер із понад 50-річним досвідом у сфері підйому важких вантажів, транспортування та будівництва, який надає експертні інженерні й інноваційні рішення по всьому світу.",,+81 3 6260 0088,"Токіо, Японія",Японія,https://www.linkedin.com/company/denzai-group,https://catalog.pe.com.ua/company/4641,2026
Diehl Metering,diehl.com,+49 911 64240,,"Нюрнберг, Німеччина",Germany,,Diehl Metering,"Компанія Diehl Metering є світовим лідером у галузі інтелектуальних рішень для обліку. Маючи понад 160 років досвіду та постійно впроваджуючи інновації, ми надаємо нашим клієнтам можливість ефективно керувати даними лічильників води та енергії.",,+49 911 64240,"Нюрнберг, Німеччина",Німеччина,https://www.linkedin.com/company/diehl-metering?originalSubdomain=de,https://catalog.pe.com.ua/company/5134,2026
Doepke Schaltgeräte | Spelsberg | WALTHER ELECTRIC | Amphenol FTG | KVK-Electro,kvk-electro.com.ua,+380 44 496 2883,,"Київ, Україна",Ukraine,,Doepke Schaltgeräte | Spelsberg | WALTHER ELECTRIC | Amphenol FTG | KVK-Electro,"П’ять сильних партнерів у сфері електротехніки разом на одному виставковому стенді: Doepke Schaltgeräte, Günther Spelsberg, WALTHER ELECTRIC, FTG Amphenol та KVK Electro представляють інноваційні рішення для безпечного електропостачання, технологій з’єднання та розподілу енергії.",,+380 44 496 2883,"Київ, Україна",Україна,,https://catalog.pe.com.ua/company/5099,2026
Dogus Construction,dogusinsaat.com.tr,,,Туреччина,Türkiye,,Dogus Construction,"Doğuş Construction, світовий лідер з 1951 року, реалізувала 250+ мегапроєктів вартістю 32 млрд дол. США. Працює в Туреччині, на Близькому Сході, у Північній Африці та Східній Європі, входить до ENR Top-250 підрядників світу.",,,Туреччина,Туреччина,,https://catalog.pe.com.ua/company/5176,2026
dronecontrol.ai,dronecontrol.ai,,,"Харків, Україна",Ukraine,,dronecontrol.ai,"DroneControl — українська компанія, що розробляє передові системи керування БПЛА, виконує системну інтеграцію та індивідуальну розробку із застосуванням комп’ютерного зору та штучного інтелекту. Флагманський продукт StrikerCouch забезпечує повністю автономну роботу БПЛА для оборони та безпеки.",,,"Харків, Україна",Україна,,https://catalog.pe.com.ua/company/5228,2026
DWS Wind Turbine Service Sp. z. o. o,dwsservice.pl,+48 510 358 985,,"Страдомно, Польща",Poland,,DWS Wind Turbine Service Sp. z. o. o,"DWS Wind Turbine Service – польська компанія, що спеціалізується на секторі вітроенергетики. Ми пропонуємо послуги з експлуатації вітрових парків, а також аварійне та довгострокове обслуговування вітрових турбін. Ми маємо всі необхідні компетенції та досвід, підкріплені професійною підготовкою.",,+48 510 358 985,"Страдомно, Польща",Польща,https://www.linkedin.com/company/dws-wind-turbine-service,https://catalog.pe.com.ua/company/4538,2026
Ecosun Innovations,ecosuninnovations.com,,,Франція,France,,Ecosun Innovations,Перші повністю автономні мобільні генератори сонячної енергії.,,,Франція,Франція,https://www.linkedin.com/company/ecosun-innovations/?originalSubdomain=fr,https://catalog.pe.com.ua/company/4916,2026
Egeplast Ege Plastik Tic. Ve San. A.S.,egeplast.com.tr,,,Туреччина,Türkiye,,Egeplast Ege Plastik Tic. Ve San. A.S.,"Компанія Egeplast — піонер турецької індустрії пластмас — здійснює виробництво на своєму масштабному підприємстві площею 80 000 квадратних метрів, розташованому в Організованій промисловій зоні Ізміра.",,,Туреччина,Туреччина,,https://catalog.pe.com.ua/company/5087,2026
EKN,ekn.se,,,Швеція,Sweden,,EKN,"Шведське експортно-кредитне агентство є урядовим органом, місією якого є сприяння шведському експорту та інтернаціоналізації шведських компаній шляхом страхування компаній і банків від ризику.",,,Швеція,Швеція,,https://catalog.pe.com.ua/company/4946,2026
Ektos Development ApS,ektos.net,,,Україна Данія,Ukraine,,Ektos Development ApS,"TECHTO Electronics надає комплексні послуги з виробництва електроніки - від виготовлення друкованих плат до збірки готових виробів. Поєднуючи досвід і гнучкий підхід, ми забезпечуємо ефективні, масштабовані рішення. Як частина EKTOS Group, також пропонуємо розробку й сертифікацію електроніки.",,,Україна Данія,Україна Данія,https://www.linkedin.com/company/ektos-group/,https://catalog.pe.com.ua/company/4956,2026
Elbi Electric & Lighting Srl,elbielectric.ro,,,Румунія,Ukraine,,Elbi Electric & Lighting Srl,"ELBI Electric & Lighting — це румунська компанія, що пропонує широкий асортимент електротехнічних матеріалів та обладнання, джерел світла, а також промислових і декоративних світильників. Працюючи за принципом «єдиного вікна» (One-Stop Shop), компанія надає високоефективні та ексклюзивні рішення.",,,Румунія,Румунія,https://www.linkedin.com/company/elbielectricandlighting/,https://catalog.pe.com.ua/company/5135,2026
ElectroAlfa International,electroalfa.com,,,Румунія,Ukraine,,ElectroAlfa International,"Маючи понад 34 роки досвіду, Electroalfa є провідним інтегратором в галузі електрообладнання, EPC та рішень у сфері сталого енергопостачання, забезпечуючи інновації та надійність по всьому світу завдяки передовим дослідженням і розробкам та команді з понад 1100 експертів.",,,Румунія,Румунія,,https://catalog.pe.com.ua/company/5050,2026
"Elmax Žilina, a.s.",elmax.sk,,,Словаччина,Ukraine,,"Elmax Žilina, a.s.",-,,,Словаччина,Словаччина,,https://catalog.pe.com.ua/company/5157,2026
Elydan,elydan.eu,,,Франція,France,,Elydan,"Французький виробник рішень із поліетиленових (PE) труб, що забезпечує надійні та стійкі мережі для води, енергії та телекомунікацій. Завдяки європейському досвіду Elydan підтримує швидку та стійку відбудову інфраструктури України.",,,Франція,Франція,,https://catalog.pe.com.ua/company/4917,2026
Enabel,enabel.be,,,Бельгія,Ukraine,,Enabel,"Бельгійське агентство з міжнародного співробітництва Enabel співпрацює з державним і приватним секторами для вирішення глобальних викликів. Наша чотирирічна програма BE-Relieve спрямована на зміцнення енергетичної стійкості, відновлення інфраструктури та системні зміни для євроінтеграції України.",,,Бельгія,Бельгія,,https://catalog.pe.com.ua/company/4541,2026
Enercon GmbH,enercon.de,+40 756 749 106,,"Бухарест, Румунія",Ukraine,,Enercon GmbH,"Як виробник турбін і постачальник рішень ми завжди виходили за межі вітроенергетики й підтримуємо наших клієнтів на всіх етапах створення рішень в галузі «зеленої» енергетики- від планування та постачання, керування й контролю до підвищення продуктивності та оптимізації вартості.",,+40 756 749 106,"Бухарест, Румунія",Румунія,https://www.linkedin.com/company/enercon-gmbh/,https://catalog.pe.com.ua/company/5155,2026
Enerente Deutschland GmbH,enerent.de,,,Німеччина,Germany,,Enerente Deutschland GmbH,"ENERENT є провідною компанією з мобільної енергетики в Європі. В портфоліо компанії мобільні опалювальні установки, мобільне кондиціонування повітря та холодильну техніку від спліт-систем до високопродуктивних чилерів, а також мобільні парогенератори для промисловості.",,,Німеччина,Німеччина,,https://catalog.pe.com.ua/company/5184,2026
Energy On,energy-on.lt,,,Литва,Ukraine,,Energy On,"Компанія Energy ON має енергійну команду фахівців у галузі енергетики, які мають понад 30 років досвіду роботи в цій сфері. Наші співробітники пропонують рішення для перспективних проєктів з обладнання для виробництва енергії з біомаси, спеціалізовані рішення з підвищення ефективності.",,,Литва,Литва,https://www.linkedin.com/company/energy-on-lt/,https://catalog.pe.com.ua/company/5006,2026
Enerlution Europe B.V.,enerlution.nl,+31 6 20288730,,"Keurmeesterstraat 202984 BA Ріддеркерк, Нідерланди",Netherlands,,Enerlution Europe B.V.,"Enerlution Europe B.V. — нідерландський постачальник систем зберігання енергії, що спеціалізується на C&I ESS та власній EMS. Допомагаємо бізнесу знижувати витрати на електроенергію, керувати піковими навантаженнями та підвищувати енергонезалежність.",,+31 6 20288730,"Keurmeesterstraat 202984 BA Ріддеркерк, Нідерланди",Нідерланди,https://www.linkedin.com/company/enerlution/?viewAsMember=true,https://catalog.pe.com.ua/company/4549,2026
Enertek,enertek.lv,,,Латвія,Ukraine,,Enertek,"Як провідний постачальник будівельних та інженерних послуг для промислових проєктів, ми прагнемо виконувати роботи високої якості в строк та в межах бюджету.",,,Латвія,Латвія,https://www.linkedin.com/company/ener-tek/,https://catalog.pe.com.ua/company/4636,2026
Englo OÜ,englo.eu,+372 670 2444,,"Таллінн, Естонія",Ukraine,,Englo OÜ,"Englo OÜ, Таллінн, Естонія (ЄС/НАТО): розробка, проєктування та виробництво інтелектуальних електромеханічних пристроїв для цивільного і дорожнього будівництва, гірничодобувної промисловості, оборони, безпеки й довкілля — надійне, апробоване обладнання для відбудови й контролю якості інфраструктури.",,+372 670 2444,"Таллінн, Естонія",Естонія,https://www.linkedin.com/company/englo,https://catalog.pe.com.ua/company/4547,2026
"Engul, s.r.o.",engul.sk,,,Словаччина,Ukraine,,"Engul, s.r.o.","Engul — це компанія, що спеціалізується на проєктуванні, виробництві та обслуговуванні обладнання для виробництва електроенергії та тепла на базі двигунів внутрішнього згоряння.",,,Словаччина,Словаччина,,https://catalog.pe.com.ua/company/5158,2026
Enterprise Ireland,enterprise-ireland.com,,,Ірландія,Ukraine,,Enterprise Ireland,Enterprise Ireland - це урядова агенція з розвитку підприємництва в Ірландії.,,,Ірландія,Ірландія,,https://catalog.pe.com.ua/company/4548,2026
Enterprise Lithuania / Innovation Agency Lithuania,inovacijuagentura.lt,,,Литва,Ukraine,,Enterprise Lithuania / Innovation Agency Lithuania,"Мета Агентства з інновацій полягає в тому, щоб діяти в інтересах суспільства, сприяючи сталому економічному розвитку на основі наукових знань, передових технологій та інновацій, а також підвищувати міжнародну конкурентоспроможність країни.",,,Литва,Литва,,https://catalog.pe.com.ua/company/4368,2026
ENTIE,entie.com.ua,,,Україна,Ukraine,,ENTIE,"МИ ПРАЦЮЄМО З 2009 РОКУ. Сьогодні наша група компаній — це інженерна інфраструктура, що збудована навколо власного заводу, котрий створює «енергетичне серце об’єкту» — електрощитове обладнання.",,,Україна,Україна,,https://catalog.pe.com.ua/company/5137,2026
esi a.s.,esi.sk,,,Словаччина,Ukraine,,esi a.s.,"esi as є материнською компанією компаній, що експлуатують окремі системи централізованого виробництва та розподілу енергії. Ми досягаємо цих цілей завдяки професіоналізму наших співробітників, орієнтації на найсучасніші технології, високій інвестиційній активностей, відновлюваних джерел енергії.",,,Словаччина,Словаччина,,https://catalog.pe.com.ua/company/5159,2026
Eternity Technologies Germany GmbH,eternitytechnologies.com,,,Німеччина,Germany,,Eternity Technologies Germany GmbH,"Компанія Eternity Technologies є світовим лідером на ринку промислових акумуляторів, що постачає продукцію світового класу для систем рушійної сили та резервного живлення. Ми пропонуємо найнадійніші, екологічні та доступні акумуляторні рішення для промислового ринку.",,,Німеччина,Німеччина,https://www.linkedin.com/company/eternity-technologies-fz-llc/,https://catalog.pe.com.ua/company/5185,2026
Eucos SK,eucos.sk,,,Словаччина,Ukraine,,Eucos SK,З моменту заснування компанії EUCOS SK s.r.o. у 2006 році наша діяльність зосереджувалася передусім на промисловому секторі. Основним напрямком нашої роботи була реконструкція та модернізація промислових об'єктів.,,,Словаччина,Словаччина,https://www.linkedin.com/company/eucos-sk-s-r-o/,https://catalog.pe.com.ua/company/5160,2026
Euro Gas Systems S.R.L.,eurogassystems.com,+40 365 882 416,,"Чірілеу, Румунія",Ukraine,,Euro Gas Systems S.R.L.,"Euro Gas Systems SRL постачає надійні компресорні установки, створені для високої ефективності та довговічності. Ми працюємо в Європі, СНД, на Близькому Сході, в Африці та Південно-Східній Азії, пропонуючи інноваційні рішення, якість і своєчасну поставку.",,+40 365 882 416,"Чірілеу, Румунія",Румунія,,https://catalog.pe.com.ua/company/4351,2026
Expandia Moduler,expandia.se,,,Швеція,Sweden,,Expandia Moduler,Наше прагнення до сталого розвитку та висока якість зробили нас одним з провідних постачальників тимчасових модульних будівель.,,,Швеція,Швеція,,https://catalog.pe.com.ua/company/4947,2026
FAS Flüssiggas Anlagen GmbH (A Makeen Energy Company),fas.de,+49 4953 4186970,,"Зальцгіттер, Німеччина",Germany,,FAS Flüssiggas Anlagen GmbH (A Makeen Energy Company),"Компанія FAS спеціалізується на проектуванні, виробництві та постачанні комплексних систем і пропонує надійні рішення у сфері скрапленого газу (LPG), синтетичного природного газу (SNG), диметилацетату (DME), а також для промислового застосування.",,+49 4953 4186970,"Зальцгіттер, Німеччина",Німеччина,https://de.linkedin.com/company/fas-flussiggas-anlagen-gmbh,https://catalog.pe.com.ua/company/5133,2026
FG Wilson,fgwilson.com,,,Великобританія (Північна Ірландія),Ukraine,,FG Wilson,"Заснована в 1966 році, компанія FG Wilson є провідним світовим постачальником дизельних генераторних установок, що має багаті традиції якості, сервісного обслуговування та вигідності. На сьогодні FG Wilson пропонує один із найширших асортиментів генераторних установок.",,,Великобританія (Північна Ірландія),Великобританія (Північна Ірландія),https://www.linkedin.com/company/fg-wilson/,https://catalog.pe.com.ua/company/4584,2026
"Fiving, s.r.o.",fiving.eu,,,Словаччина,Ukraine,,"Fiving, s.r.o.","FIVING — це виробнича компанія, яка з моменту свого заснування у 1992 році займається розробкою та виробництвом власного обладнання для вентиляції та кондиціонування повітря.",,,Словаччина,Словаччина,,https://catalog.pe.com.ua/company/5161,2026
FLSmidth A/S,,,,Данія,Denmark,,FLSmidth A/S,"FLSmidth — це постачальник комплексних технологічних схем та послуг для світової гірничодобувної промисловості. Ми допомагаємо нашим клієнтам підвищити ефективність, знизити експлуатаційні витрати та зменшити вплив на довкілля. MissionZero — це наша стратегія сталого розвитку.",,,Данія,Данія,https://www.linkedin.com/company/flsmidth/,https://catalog.pe.com.ua/company/4955,2026
Franklin Electric,franklinwater.eu,+39 0444 360366,,"Дуевілле, Італія",Italy,,Franklin Electric,"Franklin Electric — це більше, ніж виробник насосних систем. Ми є надійним партнером у забезпеченні водою, найважливішим ресурсом світу. Завдяки інноваціям і високому рівню сервісу ми стали світовим лідером у сфері систем і компонентів для управління водними ресурсами.",,+39 0444 360366,"Дуевілле, Італія",Італія,https://www.linkedin.com/company/fe-emena,https://catalog.pe.com.ua/company/4617,2026
Free Bionics Taiwan Inc.,freebionics.com.tw,+886 3 571 1568,,"Сіньчжу, Тайвань",Taiwan,,Free Bionics Taiwan Inc.,"FREE Bionics розробляє роботизовані екзоскелети з ШІ для відновлення мобільності. Наші рішення, сертифіковані CE та TFDA, використовуються у понад 100 медустановах світу, оптимізуючи реабілітацію в клініках, закладах догляду та вдома.",,+886 3 571 1568,"Сіньчжу, Тайвань",Тайвань,,https://catalog.pe.com.ua/company/4850,2026
Friedrich Göhringer Elektrotechnik GmbH,ftg-germany.de,,,Німеччина,Germany,,Friedrich Göhringer Elektrotechnik GmbH,"Amphenol FTG – Friedrich Göhringer Elektrotechnik GmbH є виробником електромонтажних матеріалів для розподільних щитів, що базується в Тріберзі (Gerwigstraße 8), Баден-Вюртемберг, Німеччина.",,,Німеччина,Німеччина,https://www.linkedin.com/company/ftg-friedrich-g%C3%B6hringer-gmbh/,https://catalog.pe.com.ua/company/5186,2026
Fronius International,fronius.com,+43 7242 2410,,"Вельс, Австрія",Austria,,Fronius International,"Fronius — це австрійська сімейна компанія, що працює у сферах сонячної енергетики та зварювання. Від фотоелектричних систем і інтелектуальних рішень для заряджання до високоточних технологій зварювання — компанія Fronius є світовим лідером у інноваціях, якості та сталого розвитку.",,+43 7242 2410,"Вельс, Австрія",Австрія,,https://catalog.pe.com.ua/company/4783,2026
FSD,fsd.ch,+41 22 731 14 79,,"Женева, Швейцарія",Switzerland,,FSD,"FSD – це швейцарська гуманітарна некомерційна організація. З 1997 року ми працюємо над створенням безпечнішого майбутнього для громад, постраждалих від війни та нестабільності. Наша основна місія – захистити цивільне населення від наземних мін та вибухонебезпечних залишків війни.",,+41 22 731 14 79,"Женева, Швейцарія",Швейцарія,https://www.linkedin.com/company/swiss-foundation-for-mine-action-fsd/,https://catalog.pe.com.ua/company/4980,2026
G. Klampfer Elektroanlagen GmbH,klampfer.at,,,Австрія.,Austria,,G. Klampfer Elektroanlagen GmbH,"Ми спеціалізуємося на електротехніці та інженерних системах будівель; як наш клієнт, ви отримуєте переваги від нашого багаторічного досвіду в галузі технічного оснащення будівель — не лише в Австрії, а й у всьому світі.",,,Австрія.,Австрія.,https://www.linkedin.com/company/gklampfer/,https://catalog.pe.com.ua/company/5115,2026
GCS Global Clearance Solutions,gcs.ch,,,Швейцарія,Switzerland,,GCS Global Clearance Solutions,"GCS є провідним світовим постачальником рішень у сфері зменшення вибухових загроз. ми поєднуємо наші інновації та перевірені технології з операційною експертизою для забезпечення ефективного та сталого очищення від мін, вибухонебезпечних залишків війни та саморобних вибухових пристроїв.",,,Швейцарія,Швейцарія,,https://catalog.pe.com.ua/company/4982,2026
Geobrugg,geobrugg.com,+41 71 466 81 98,,"Романсгорн, Швейцарія",Switzerland,,Geobrugg,"Geobrugg розробляє високоміцні сталеві дротяні системи захисту від природних небезпек, для гірничої справи, тунелів, автоспорту, інфраструктури та промисловості. Понад 500 фахівців у всьому світі поєднують швейцарську інженерію, інновації та багаторічний досвід для захисту людей та інфраструктури.",,+41 71 466 81 98,"Романсгорн, Швейцарія",Швейцарія,https://ch.linkedin.com/company/geobrugg,https://catalog.pe.com.ua/company/4983,2026
Geodesk,geodesk.fr,+33 2 28 00 69 03,,"Курбевуа (Париж — Ла-Дефанс), Франція",France,,Geodesk,"GEODESK — це незалежний страховий брокер і міжнародний партнер із управління ризиками, що спеціалізується на захисті організацій, керівників та співробітників, які працюють за кордоном і в складних умовах. Ми надаємо підтримку компаніям, неурядовим організаціям, державним установам та міжнародним ор",,+33 2 28 00 69 03,"Курбевуа (Париж — Ла-Дефанс), Франція",Франція,https://www.linkedin.com/company/geodesk44/?viewAsMember=true,https://catalog.pe.com.ua/company/4918,2026
Germany Trade & Invest (GTAI),gtai.de,,,Німеччина,Germany,,Germany Trade & Invest (GTAI),GTAI — це агентство Федеративної Республіки Німеччина з міжнародного економічного співробітництва. Ми є центральним контактним пунктом для всіх питань німецьких компаній щодо експортної діяльності та допомагаємо міжнародним компаніям налагодити бізнес у найбільшій економіці Європи.,,,Німеччина,Німеччина,,https://catalog.pe.com.ua/company/5187,2026
GF,gfps.com,+41 52 631 39 40,,"Шаффгаузен, Швейцарія",Switzerland,,GF,"GF є лідером у сфері трубопровідних рішень на основі пластикових систем для промисловості та цивільної інфраструктури, забезпечуючи безпечне й сталe транспортування рідин. Понад 30 років досвіду в напівпровідниковій галузі.",,+41 52 631 39 40,"Шаффгаузен, Швейцарія",Швейцарія,,https://catalog.pe.com.ua/company/4981,2026
Giron - French Mining Solutions Consortium,giron.fr,+33 5 49 21 03 22,,"Шательро, Франція",France,,Giron - French Mining Solutions Consortium,"GIRON — французька сімейна компанія зі 100-річним досвідом у виробництві сталевих і поліуретанових рішень для гірничої промисловості, кар’єрів та інших галузей. Як член French Mining Solution, ми поєднуємо промисловий досвід, інновації та потужну мережу професіоналів.",,+33 5 49 21 03 22,"Шательро, Франція",Франція,https://www.linkedin.com/company/giron-entreprise/,https://catalog.pe.com.ua/company/4919,2026
GIZ - German Corporation for International Cooperation GmbH,giz.de,+49 228 44600,,"Бонн, Німеччина",Germany,,GIZ - German Corporation for International Cooperation GmbH,"Deutsche Gesellschaft für Internationale Zusammenarbeit (GIZ) GmbH — це федеральне підприємство, що діє в усьому світі. Воно підтримує уряд Німеччини та багатьох інших державних і приватних замовників у досягненні цілей міжнародного співробітництва задля сталого розвитку.",,+49 228 44600,"Бонн, Німеччина",Німеччина,,https://catalog.pe.com.ua/company/5130,2026
Goldschmidt Sweden,goldschmidt.com,,,Швеція,Sweden,,Goldschmidt Sweden,"Компанія Goldschmidt Sweden з 1976 року займається розробкою, проектуванням та виробництвом дорожньо-залізничних транспортних засобів для технічного обслуговування, будівництва та огляду залізничної інфраструктури.",,,Швеція,Швеція,https://www.linkedin.com/company/goldschmidtgroup/?originalSubdomain=de,https://catalog.pe.com.ua/company/4948,2026
Great Power Engine Company,gpengine.world,,,Тайвань,Taiwan,,Great Power Engine Company,"Great Power Engine— це професійний виробник двигунів для радіокерованих літаків у великому масштабі та безпілотних літальних апаратів, що базується в Гаосюні, Тайвань.",,,Тайвань,Тайвань,,https://catalog.pe.com.ua/company/4869,2026
Greenpipe Group,greenpipegroup.com,,,Швеція,Sweden,,Greenpipe Group,"Greenpipe — це шведська сімейна компанія, що розробляє роз’ємні кабельні захисні труби та фундаментні системи для об’єктів критичної інфраструктури. З 2001 року ми допомагаємо підрядникам, власникам мереж та партнерам захищати кабелі критичного значення та спрощувати монтаж.",,,Швеція,Швеція,https://www.linkedin.com/company/greenpipe-international/,https://catalog.pe.com.ua/company/4949,2026
Grundfos Holding A/S,grundfos.com,,,Данія,Denmark,,Grundfos Holding A/S,Виробник насосів.,,,Данія,Данія,https://www.linkedin.com/company/grundfos/,https://catalog.pe.com.ua/company/4954,2026
Gruner Stucky AG,gruner.ch,,,Швейцарія,Switzerland,,Gruner Stucky AG,"Gruner - це провідна інженерно-проектна компанія, що надає послуги у будівництві, інфраструктурі та енергетиці: від стратегічного планування до введення в експлуатацію, управління, реконструкції, демонтажу та повторного використання.",,,Швейцарія,Швейцарія,,https://catalog.pe.com.ua/company/4984,2026
Günther Spelsberg GmbH + Co. KG,spelsberg.de,,,Німеччина,Germany,,Günther Spelsberg GmbH + Co. KG,Spelsberg є одним з провідних міжнародних виробників електротехнічної промисловості та працює переважно в галузі електромонтажних робіт та технологій корпусів.,,,Німеччина,Німеччина,https://www.linkedin.com/company/els-spelsberg/,https://catalog.pe.com.ua/company/5196,2026
Haemmerlin,haemmerlin.com,,,Франція,France,,Haemmerlin,"З 1867 року компанія Haemmerlin розробляє та виробляє у Франції садові інструменти та будівельне обладнання, що відрізняються міцністю, надійністю та довговічністю.",,,Франція,Франція,https://www.linkedin.com/company/haemmerlinsas/?originalSubdomain=fr,https://catalog.pe.com.ua/company/4931,2026
Happy Nordic Living Oy,happynordicliving.com,,,Фінляндія,Ukraine,,Happy Nordic Living Oy,Ми розвиваємо екологічне та енергоефективне масштабне житлове багатоповерхове дерев’яне будівництво на основі скандинавських цінностей якості.,,,Фінляндія,Фінляндія,https://www.linkedin.com/company/happynordicliving/,https://catalog.pe.com.ua/company/5170,2026
Hegla GmbH & Co. KG,hegla.com,,,Німеччина,Germany,,Hegla GmbH & Co. KG,"З більш ніж 45-річним досвідом та понад 850 співробітниками у всьому світі, група компаній HEGLA пропонує інноваційні системні рішення для різання та обробки листового, автомобільного та функціонального скла.",,,Німеччина,Німеччина,https://www.linkedin.com/company/hegla-gmbh-&-co-kg/,https://catalog.pe.com.ua/company/5197,2026
Helioshine Electric,helioshine.com.tw,+886 6 271 6111,,"Тайнань, Тайвань",Taiwan,,Helioshine Electric,"Helioshine Electric Co., Ltd. це компанія-виробник, що спеціалізується на розробці та виробництві систем двигунів для безпілотних літальних апаратів (БПЛА/дронів) та мобільних рішень. Головний офіс компанії розташований у місті Тайнань, Тайвань.",,+886 6 271 6111,"Тайнань, Тайвань",Тайвань,,https://catalog.pe.com.ua/company/4871,2026
Helvetas Swiss Intercooperation,helvetas.org,,,Швейцарія,Switzerland,,Helvetas Swiss Intercooperation,"Helvetas Swiss Intercooperation — це швейцарська організація, яка працює у 35 країнах Африки, Азії, Латинської Америки та Східної Європи. Її діяльність зосереджена на ініціативах у сфері сталого розвитку, відновленні інфраструктури, економічному відновленні та зміцненні стійкості.",,,Швейцарія,Швейцарія,https://www.linkedin.com/company/helvetas-ukraine/,https://catalog.pe.com.ua/company/4985,2026
Hepta SA,heptagroup.ch,,,Швейцарія,Switzerland,,Hepta SA,"Мета групи Hepta — стати світовим лідером у сфері постачання «зеленої» енергії та відповідної сировини, а також у постачанні біоетанолу 2-го покоління.",,,Швейцарія,Швейцарія,,https://catalog.pe.com.ua/company/4986,2026
Herbst Machinery Ltd,herbstmachinery.com,,,"Північна Ірландія, Велика Британія",Ukraine,,Herbst Machinery Ltd,"Компанію Herbst Machinery Ltd заснував Ноел Гуд у 1983 році; це сімейне підприємство, що базується в місті Ома (графство Тайрон). Пройшовши шлях від скромного початку до сьогодення, ми здобули репутацію провідного виробника техніки для сільського господарства, будівництва та переробки відходів.",,,"Північна Ірландія, Велика Британія",Велика Британія,,https://catalog.pe.com.ua/company/5145,2026
Hering AG,hering-ag.de,+49 9831 800023,,"Gunzenhausen, Germany",Ukraine,,Hering AG,"Системи рекуперації тепла відпрацьованих газів на замовлення для когенераційних установок – від проектування до власного виробництва, 100% виготовлені в Німеччині.",,+49 9831 800023,"Gunzenhausen, Germany",Germany,,https://catalog.pe.com.ua/company/4873,2026
Hirscher Industriesysteme GmbH,hirscher-systems.com,,,Австрія,Austria,,Hirscher Industriesysteme GmbH,"Компанія Hirscher Industriesysteme пропонує індивідуальні продукти та рішення, що варіюються від обладнання робочих місць і засобів охорони праці (для зварювальників, операторів установок плазмового чи газокисневого різання, працівників клінінгових служб тощо) до зварювальних аксесуарів.",,,Австрія,Австрія,,https://catalog.pe.com.ua/company/5118,2026
"HK Courses, LLC",hkcourses.fr,+33 3 87 23 90 00,,"Фальсбур, Франція",France,,"HK Courses, LLC","HK Courses — французька транспортна B2B компанія з 1994 р. Філія в Україні з 2024 р. Термінові та експрес перевезення, FTL/LTL, спецрішення (ADR, температурний режим, митниця) у Франції, Європі та Україні. 1000+ клієнтів, офіси у Франції та Україні, трекінг 24/7.",,+33 3 87 23 90 00,"Фальсбур, Франція",Франція,https://fr.linkedin.com/company/hk-courses,https://catalog.pe.com.ua/company/4932,2026
Holinger AG,holinger.com,,,Швейцарія,Switzerland,,Holinger AG,"Вже понад 90 років компанія HOLINGER вирішує інженерно-технічні та наукові завдання в різних галузях, пов’язаних із кругообігом води. Маючи понад 700 співробітників у більш ніж 30 офісах, ми щорічно розробляємо та супроводжуємо близько 4 500 проєктів у складі мультидисциплінарних команд.",,,Швейцарія,Швейцарія,https://www.linkedin.com/company/holinger-ag/?originalSubdomain=ch,https://catalog.pe.com.ua/company/4987,2026
Holtab Group,holtab.se,,,Швеція,Sweden,,Holtab Group,"Ми пропонуємо індивідуальні рішення для передачі енергії та готові до монтажу збірні вироби, які пройшли випробування.",,,Швеція,Швеція,,https://catalog.pe.com.ua/company/4938,2026
"Home Resource Ind. Co., Ltd.",homeresource.com.tw,+886 2 809 1212,,"Тайбей, Тайвань",Taiwan,,"Home Resource Ind. Co., Ltd.","Home Resource, заснована у 1988 році, спеціалізується на R&D, виробництві та індивідуальних рішеннях. Ми поєднуємо сонячне освітлення та накопичення енергії для створення автономних, надійних і сталих рішень, допомагаючи регіонам, що відновлюються, будувати безпечну та стійку інфраструктуру.",,+886 2 809 1212,"Тайбей, Тайвань",Тайвань,https://www.linkedin.com/company/home-resource/,https://catalog.pe.com.ua/company/4859,2026
"Hong Yu Industrial Co., Ltd.",yanoki.jp,,,"Тайчжун, Тайвань",Taiwan,,"Hong Yu Industrial Co., Ltd.","Yanoki, заснована у 2022 році, спеціалізується на розробці силових систем для БПЛА. Наш асортимент включає високоефективні BLDC-двигуни, складні та прямі пропелери з вуглецевого волокна, карбюраторні та EFI-двигуни, а також двигуни R.",,,"Тайчжун, Тайвань",Тайвань,https://www.linkedin.com/in/yanoki-undefined-564b19430/,https://catalog.pe.com.ua/company/4872,2026
HTS Tentiq GmbH,hts-tentiq.com,,,Німеччина,Germany,,HTS Tentiq GmbH,"HTS TENTIQ проєктує та виготовляє в Німеччині модульні будівлі з алюмінієвим каркасом, намети та укриття для промислового, гуманітарного, оборонного та подієвого застосування. Заснована 2001 року у Кефенроді. Виробнича потужність до 60 000 м² на тиждень.",,,Німеччина,Німеччина,,https://catalog.pe.com.ua/company/5198,2026
Hydrema Export A/S,hydrema.com,,,Данія,Denmark,,Hydrema Export A/S,"Hydrema — це сучасна міжнародна група компаній, яка розробляє, виробляє та продає високотехнологічне землерийне обладнання.",,,Данія,Данія,https://www.linkedin.com/company/hydrema/,https://catalog.pe.com.ua/company/4951,2026
Hydro-Vacuum S.A.,hydro-vacuum.com.pl,,,Польща,Poland,,Hydro-Vacuum S.A.,"Hydro-Vacuum S.A. є лідером індустрії насосів, що динамічно розвивається в Польщі та Центральній та Східній Європі з багаторічним досвідом.",,,Польща,Польща,,https://catalog.pe.com.ua/company/4815,2026
IKEE Ltd.,ikee.jp,,,Японія,Japan,,IKEE Ltd.,-,,,Японія,Японія,,https://catalog.pe.com.ua/company/4902,2026
Iko-Axter - Coletanche,coletanche.com,+34 686 20 01 02,,"Париж, Франція",France,,Iko-Axter - Coletanche,"Геомембрани COLETANCHE® з армованого бітумного матеріалу застосовуються в гірничодобувній галузі, промисловому та цивільному будівництві. Їх висока надійність та адаптація до будь-яких ґрунтів забезпечують ефективний захист навколишнього середовища та водних ресурсів.",,+34 686 20 01 02,"Париж, Франція",Франція,https://www.linkedin.com/company/coletanche/posts/?feedView=all,https://catalog.pe.com.ua/company/4582,2026
"iMeier Green Technology Corp., Ltd.",zau.com.tw,+886 2 8226 2908,,"Новий Тайбей, Тайвань",Taiwan,,"iMeier Green Technology Corp., Ltd.","1. Виробник БПЛА, БПС та ЛЕП (2- або 3-колісних) Інтелектуальна система електричного приводу - система двигунів та контролерів. 2. Виробник БПЛА та ЛЕП (2- або 3-колісних).",,+886 2 8226 2908,"Новий Тайбей, Тайвань",Тайвань,,https://catalog.pe.com.ua/company/4861,2026
Impact Fund Denmark,impactfund.dk,,,Данія,Denmark,,Impact Fund Denmark,Інвестиційний фонд.,,,Данія,Данія,,https://catalog.pe.com.ua/company/4960,2026
Independent Energy,independent-energy.nl,+31 6 14630739,,"Гарлем, Нідерланди",Netherlands,,Independent Energy,"Компанія Independent Energy постачає промислові автономні сонячні системи та рішення для резервного живлення на основі сонячної енергії. Ми пропонуємо мережеві сонячні системи з накопичувачами енергії (BESS), а також промислові сонячні системи та системи резервного живлення.",,+31 6 14630739,"Гарлем, Нідерланди",Нідерланди,https://www.linkedin.com/company/independent-energy-netherlands/?viewAsMember=true,https://catalog.pe.com.ua/company/5112,2026
Ingetec,ingetec.fr,+33 6 38 42 82 14,,"Париж, Франція",France,,Ingetec,"Ingetec, європейська інжинірингова та консалтингова компанія, що спеціалізується на водних ресурсах, довкіллі, інфраструктурі та транспорті. Понад 30 років ми супроводжуємо клієнтів у трансформації територій, маючи в Україні керівника міжнародних програм та мережу експертів.",,+33 6 38 42 82 14,"Париж, Франція",Франція,https://www.linkedin.com/company/ingetec-ingenierie/posts/,https://catalog.pe.com.ua/company/4925,2026
Internet Initiative Japan Inc.,iij.ad.jp,,,Японія,Japan,,Internet Initiative Japan Inc.,-,,,Японія,Японія,,https://catalog.pe.com.ua/company/4903,2026
Invisio A/S,invisio.com,,,Данія,Denmark,,Invisio A/S,Компанія INVISIO розробляє інтегровані системи зв’язку для фахівців у галузі оборони та громадської безпеки.,,,Данія,Данія,,https://catalog.pe.com.ua/company/4961,2026
IPCOM,ipcomroads.com,+420 774 504 150,,"Прага, Республіка Чехія",Ukraine,,IPCOM,"IPCOM Group — це інфраструктурна компанія, яка постачає промислові системи накопичення енергії (BESS), сонячні електростанції та енергетичне обладнання для бізнесу по всій Європі.",,+420 774 504 150,"Прага, Республіка Чехія",Республіка Чехія,https://www.linkedin.com/company/ipcom-group-of-companies,https://catalog.pe.com.ua/company/4784,2026
Işin Daylight Aydinlatma Pazarlama İmalat San. İç Ve Diş Tic. Ltd. Şti.,isinaydinlatma.com.tr,,,Туреччина,Türkiye,,Işin Daylight Aydinlatma Pazarlama İmalat San. İç Ve Diş Tic. Ltd. Şti.,"Основний асортимент продукції компанії включає освітлювальні стовпи з багатокутним та круглим перерізом, стовпи для прожекторів із захисними кільцями та переносними драбинами, стовпи для прожекторів стандартного типу та для пасажирських ліфтів, стадіонні стовпи, зовнішні та внутрішні флагштоки.",,,Туреччина,Туреччина,https://www.linkedin.com/company/isindaylight/,https://catalog.pe.com.ua/company/4991,2026
J. Schmalz GmbH,schmalz.com,+49 7443 24030,,"Глаттен, Німеччина",Germany,,J. Schmalz GmbH,"Компанія Schmalz є одним із лідерів ринку ергономічних систем переміщення та вакуумної автоматизації. Широкий асортимент продукції включає рішення для ручного переміщення, а також вакуумні захвати та затискні системи. У компанії працює близько 1 800 співробітників у 31 філії по всьому світу.",,+49 7443 24030,"Глаттен, Німеччина",Німеччина,https://www.linkedin.com/company/schmalz,https://catalog.pe.com.ua/company/5127,2026
Jeremias Chimney Systems,jeremias.de,+49 9832 686850,,"Вассертрюдінген, Німеччина",Germany,,Jeremias Chimney Systems,"Jeremias Chimney Systems — провідний виробник модульних димохідних систем для житлових, комерційних та промислових об'єктів. Ми пропонуємо інноваційні рішення, високу якість та надійну роботу по всій Європі та за її межами.",,+49 9832 686850,"Вассертрюдінген, Німеччина",Німеччина,https://www.linkedin.com/company/1962448,https://catalog.pe.com.ua/company/4554,2026
Johs. Møller Maskiner A/S,jmm-group.com,,,Данія,Denmark,,Johs. Møller Maskiner A/S,JMM Group A/S продає будівельну техніку LIEBHERR в Данії. У нашому парку техніки також є вживана техніка.,,,Данія,Данія,https://www.linkedin.com/company/johs-m-llers-maskiner-a-s/,https://catalog.pe.com.ua/company/4962,2026
JR Energie Conseil,jrenergieconseil.fr,,,Франція,France,,JR Energie Conseil,"З 2016 року ми здійснюємо монтаж фотоелектричних установок будь-якої потужності для приватних осіб та підприємств, які бажають розпочати енергетичний перехід.",,,Франція,Франція,https://www.linkedin.com/company/jr-energie-conseil/?viewAsMember=true,https://catalog.pe.com.ua/company/4933,2026
Julius Berger International,julius-berger-reconstruction.com,,,Німеччина,Germany,,Julius Berger International,"Julius Berger International — провідна німецька інженерна компанія, що налічує понад 380 фахівців. Наш досвід як у проектуванні, так і у менеджменті, спрямований на всі аспекти відновлення — від оцінки збитків і управління фінансами до гарантування стійкості будівель та безпеки інфраструктури.",,,Німеччина,Німеччина,,https://catalog.pe.com.ua/company/5199,2026
Justsen Energiteknik A/S,justsen.dk,,,,Ukraine,,Justsen Energiteknik A/S,"Justsen пропонує досвід у створенні надійних та довговічних котельних систем з тривалим терміном служби. Розроблений для широкого спектру біопалива, асортимент котельних систем включає як низько-, так і високотискні водогрійні котли, а також парові котли, включаючи котли на перегрітій парі для ТЕЦ.",,,,,https://www.linkedin.com/company/justsen/,https://catalog.pe.com.ua/company/4963,2026
"Kakuichi Co., Ltd.",kaku-ichi.co.jp,,,Японія,Japan,,"Kakuichi Co., Ltd.",-,,,Японія,Японія,https://www.linkedin.com/company/kakuichi-%E6%A0%AA%E5%BC%8F%E4%BC%9A%E7%A4%BE%E3%82%AB%E3%82%AF%E3%82%A4%E3%83%81/,https://catalog.pe.com.ua/company/4904,2026
Kant Proje Elk. Enerji Ins. Taah. San. Ve Tic. Ltd. Sti.,kantenerji.com,+90 312 268 75 21,,"Анкара, Туреччина",Türkiye,,Kant Proje Elk. Enerji Ins. Taah. San. Ve Tic. Ltd. Sti.,"Kant Energy надає надійні рішення для енергетичної інфраструктури: обладнання СН/НН, трансформатори, КТП та щити. Завдяки інжинірингу, постачанню та цілодобовій технічній підтримці ми забезпечуємо повний цикл проєктів, гарантуючи безпеку, високу ефективність та сталий розвиток вашого бізнесу.",,+90 312 268 75 21,"Анкара, Туреччина",Туреччина,https://www.linkedin.com/company/kant-enerji%CC%87/,https://catalog.pe.com.ua/company/4992,2026
KARA Future Energy Systems,karaenergysystems.com,+31 546 876 580,,"Алмело, Нідерланди",Netherlands,,KARA Future Energy Systems,"KARA Future Energy Systems — провідна компанія у сфері систем спалювання біомаси. Вона забезпечує виробництво енергії з найкращої доступної місцевої біомаси, створюючи високоефективні та надійні енергетичні системи. KARA розробляє індивідуальні рішення відповідно до чинних норм і правил.",,+31 546 876 580,"Алмело, Нідерланди",Нідерланди,https://www.linkedin.com/company/kara-energy,https://catalog.pe.com.ua/company/5111,2026
"Kind-Auspice Industrial Co., Ltd.",kindauspice.com.tw,+886 7 621 3333,,"Гаосюн, Тайвань",Taiwan,,"Kind-Auspice Industrial Co., Ltd.","KIND-AUSPICE (Тайвань, з 1993) — сертифікований ISO постачальник, що обслуговує понад 100 клієнтів у 30 країнах. Ми пропонуємо необроблену сталь, катанку, гвинти, кріплення, біти та формувальний інструмент для будівельної та меблевої галузей.",,+886 7 621 3333,"Гаосюн, Тайвань",Тайвань,,https://catalog.pe.com.ua/company/4870,2026
KINT,kintpartners.com,+33 6 66 07 07 66,,"Париж, Франція",France,,KINT,"Міжнародна компанія у сфері підбору топменеджерів та інтерім-менеджменту, представлена в Україні.",,+33 6 66 07 07 66,"Париж, Франція",Франція,https://www.linkedin.com/company/kintpartners/posts/?viewAsMember=true,https://catalog.pe.com.ua/company/4934,2026
KL Yapi Steel Construction,klyapi.com.tr,+90 312 436 33 00,,"Анкара, Туреччина",Türkiye,,KL Yapi Steel Construction,"KL YAPI Steel Construction є провідним підрядником у сфері модульних і збірних будівельних рішень «під ключ», контейнерів та попередньо спроєктованих складів. Ми пропонуємо високоякісні індивідуальні рішення для будь-якої галузі, забезпечуючи великі виробничі потужності та швидкі терміни виконання.",,+90 312 436 33 00,"Анкара, Туреччина",Туреччина,https://www.linkedin.com/company/klyapicelikas/,https://catalog.pe.com.ua/company/4993,2026
Koga Bau s.r.o.,kogabau.sk,,,Словаччина,Ukraine,,Koga Bau s.r.o.,"Компанію KOGA Bau s.r.o. було засновано з метою надання комплексних технічних рішень для підприємств будівельної галузі. Ми прагнемо тісно співпрацювати з проєктувальником під час розробки технічного рішення, а також супроводжувати підрядника — від етапу вибору рішення до прийняття виконаних робіт.",,,Словаччина,Словаччина,,https://catalog.pe.com.ua/company/5162,2026
Korad Radiators s.r.o.,korad-radiators.sk,,,Словаччина,Ukraine,,Korad Radiators s.r.o.,"Ми — компанія KORAD Radiators s.r.o., що базується на території підприємства US Steel Košice. Ми займаємося виробництвом радіаторів і постачаємо свою продукцію до Словаччини та ще 15 країн світу. Виробництво панельних радіаторів у Кошицях має давні традиції; його історія сягає 1968 року.",,,Словаччина,Словаччина,,https://catalog.pe.com.ua/company/5163,2026
KPMG in Ukraine,kpmg.com,,,Україна,Ukraine,,KPMG in Ukraine,"KPMG – міжнародна мережа незалежних фірм, що надають аудиторські, податкові та консультаційні послуги.",,,Україна,Україна,https://www.linkedin.com/company/kpmgukraine/,https://catalog.pe.com.ua/company/5079,2026
Kraftwerk dezentrale Energiesysteme GmbH,kwk.info,+49 511 262997213,,"Гановер, Німеччина",Germany,,Kraftwerk dezentrale Energiesysteme GmbH,"Компанія Kraftwerk розробляє та виробляє газові когенераційні установки з 1996 року. Когенераційні установки Me-phisto мають діапазон електричної потужності від 8 до 50 кВт. Усі установки можуть працювати на природному газі, зрідженому нафтовому газі, біогазі, каналізаційному газі або водні.",,+49 511 262997213,"Гановер, Німеччина",Німеччина,https://de.linkedin.com/company/kraftwerk-dezentrale-energiesysteme-gmbh,https://catalog.pe.com.ua/company/5126,2026
Kraiburg Strail GmbH & Co. KG,strail.de,+49 8683 7010,,"Тітмонінг, Німеччина",Germany,,Kraiburg Strail GmbH & Co. KG,"KRAIBURG STRAIL — світовий лідер у системах залізничних переїздів. Понад 50 років ми розробляємо довговічні рішення для переїздів, шумозахисту, демпфування колії та полімерних шпал — у понад 50 країнах світу.",,+49 8683 7010,"Тітмонінг, Німеччина",Німеччина,https://linkedin.com/company/kraiburg-strail-gmbh-&-co-kg,https://catalog.pe.com.ua/company/5114,2026
Kruk Technika i Energia,zmrkruk.pl,,,Польща,Poland,,Kruk Technika i Energia,"Ми надаємо послуги з монтажу технологічних ліній для машинобудівної, бетонної та хімічної галузей, а також споруджуємо промислові котельні «під ключ». До переліку наших послуг входять системи опалення, обладнання для виробництва бетону та системи для його твердіння.",,,Польща,Польща,,https://catalog.pe.com.ua/company/5077,2026
Kumtel,en.kumtel.com,+90 850 333 5685,,"Кайсері / Стамбул, Туреччина",Türkiye,,Kumtel,"Kumtel — провідний турецький виробник побутової та кухонної техніки, що постачає на світовий ринок інноваційні, надійні й доступні рішення. Маючи багаторічний досвід у виробництві, компанія Kumtel поєднує сучасні технології, функціональний дизайн і високу якість, щоб покращувати повсякденне життя.",,+90 850 333 5685,"Кайсері / Стамбул, Туреччина",Туреччина,https://www.linkedin.com/company/kumtel/,https://catalog.pe.com.ua/company/4994,2026
Ladec,businesslahti.fi,,,Фінляндія,Ukraine,,Ladec,"Засновуйте, розширюйте чи започатковуйте бізнес або інвестуйте в регіоні Лахті! У LADEC ваша компанія отримає безкоштовні та адаптовані під ваші потреби послуги з релокації за принципом «все включено». Lahti Business Region — привабливе бізнес-середовище, що динамічно розвивається.",,,Фінляндія,Фінляндія,,https://catalog.pe.com.ua/company/5171,2026
Lancier SA,lancier.fr,,,Франція,France,,Lancier SA,"Lancier — компанія, що спеціалізується на виробництві обладнання для будівництва електромереж та телекомунікаційних мереж. Lancier Tôlerie fine — ваш підрядник з виготовлення тонколистових металевих виробів, що базується в Європейській спільноті Ельзасу. Umac — виробник високоякісних офісних меблів",,,Франція,Франція,https://www.linkedin.com/company/lancier-group/,https://catalog.pe.com.ua/company/4935,2026
Leirimetal,leirimetal.com,,,"Лейрія, Португалія",Ukraine,,Leirimetal,"LEIRIMETAL — португальська інжинірингова компанія, що спеціалізується на комплексних технологічних рішеннях та виробництві обладнання для будівельної кераміки: від конвеєрів і різальних автоматів до печей, сушарок, систем автоматизації та пакування.",,,"Лейрія, Португалія",Португалія,,https://catalog.pe.com.ua/company/4609,2026
Lemp GmbH & Co. KG,lemp.de,+49 4928 411420,,"Мерс, Німеччина",Germany,,Lemp GmbH & Co. KG,"Lemp — провідний німецький виробник покрівельного водовідведення та вікон з 1856 р. Поєднуючи традиції 7 поколінь із Top 100 інноваціями, ми пропонуємо надійну продукцію «Made in Germany» та експертну технічну підтримку.",,+49 4928 411420,"Мерс, Німеччина",Німеччина,https://www.linkedin.com/company/lempgmbh/posts/?feedView=all,https://catalog.pe.com.ua/company/5123,2026
Les Automatismes Appliques,laa.fr,,,Франція,France,,Les Automatismes Appliques,"З 1981 року наша компанія є одним із провідних гравців у галузі приладобудування. Понад 30 років досвіду забезпечили нам ґрунтовні знання, що дозволяють нам вирішувати складні завдання в галузі регулювання потоків рідин.",,,Франція,Франція,,https://catalog.pe.com.ua/company/4930,2026
Linka Energy A/S,linkaenergy.com,,,Данія,Denmark,,Linka Energy A/S,"Linka Energy проєктує та постачає ефективні біоенергетичні установки на трісці, пелетах, соломі та відходах. Маємо понад 40 років досвіду, забезпечуємо сталу енергію, що зменшує CO₂, підсилює незалежність і підтримує зелений перехід України.",,,Данія,Данія,https://www.linkedin.com/company/linka-energy-a-s/,https://catalog.pe.com.ua/company/4964,2026
Llentab Ukraine,llentab.ua,,,Швеція,Sweden,,Llentab Ukraine,"Проектує, виробляє та реалізує багатофункціональні сталеві будівлі для широкого спектру галузей промисловості та цілей.",,,Швеція,Швеція,,https://catalog.pe.com.ua/company/4943,2026
Lof Solar Corp.,lofsolar.com,,,Тайвань,Taiwan,,Lof Solar Corp.,"З 2008 року компанія Lof Solar є провідним світовим винахідником, розробником та виробником високоефективних кольорових сонячних елементів.",,,Тайвань,Тайвань,,https://catalog.pe.com.ua/company/4851,2026
Logstor,logstor.com,+380 50 445 5445,,"Забже, Польща",Poland,,Logstor,"LOGSTOR - світовий лідер, що за свою 60-річну історію виробив 500.000+ км труб для тепломереж: сталеві теплоізольовані пінополіуретаном системи теплопостачання, гнучкі PEXa/Pert попередньоізольовані ППУ трубопроводи для опалення та гарячого водопостачання на основі циклопентану з дифф.барьером EVOH.",,+380 50 445 5445,"Забже, Польща",Польща,https://www.linkedin.com/company/logstor,https://catalog.pe.com.ua/company/5216,2026
LOOS Centrum Sp. z o.o. / SELO Energia Sp z o.o.,bosch-industrial.pl,+48 734 128 184,,"Варшава, Польща",Poland,,LOOS Centrum Sp. z o.o. / SELO Energia Sp z o.o.,"LOOS Centrum постачає комплексні промислові котельні системи Bosch, а SELO Energia надає послуги з оренди та експлуатації мобільних котелень. Разом ми забезпечуємо ефективне, надійне та гнучке постачання тепла та пари для промисловості.",,+48 734 128 184,"Варшава, Польща",Польща,https://www.linkedin.com/company/loos-kotly-przemyslowe-bosch,https://catalog.pe.com.ua/company/4533,2026
Losberger de Boer,losbergerdeboer.com,+31 72 540 0444,,"Алкмар, Нідерланди",Netherlands,,Losberger de Boer,"Losberger De Boer — світовий лідер у сфері модульних просторових рішень. Понад століття ми проєктуємо, виготовляємо та постачаємо тимчасові й постійні споруди, що поєднують у собі якість, надійність і гнучкість.",,+31 72 540 0444,"Алкмар, Нідерланди",Нідерланди,https://www.linkedin.com/company/losbergerdeboergroup/posts/?feedView=all,https://catalog.pe.com.ua/company/5014,2026
Lutz-Jesco GmbH,lutz-jesco.com,+49 9342 8790,,"Вертгайм, Німеччина",Germany,,Lutz-Jesco GmbH,"Lutz-Jesco GmbH — провідний виробник високоякісного дозуючого обладнання та систем дезінфекції. Ми пропонуємо інноваційні та надійні рішення для очищення води, промислових процесів та дозування хімікатів по всьоому світу. Надійні технології для сталого майбутнього.",,+49 9342 8790,"Вертгайм, Німеччина",Німеччина,https://www.linkedin.com/company/lutz-pumpen-gmbh/,https://catalog.pe.com.ua/company/5124,2026
Magna,terex.com,+44 7534 952816,,"Омх, Південна Ірландія, Велика Британія",Ukraine,,Magna,"MAGNA™, бренд Terex, пропонує мобільні дробарки, грохоти та конвеєри для великих кар’єрних і гірничих підприємств. Завдяки досвіду Terex і глобальній підтримці MAGNA допомагає підвищувати продуктивність та ефективність роботи.",,+44 7534 952816,"Омх, Південна Ірландія, Велика Британія",Велика Британія,https://www.linkedin.com/company/magna-a-terex-brand/,https://catalog.pe.com.ua/company/5038,2026
"Manford Machinery Co., Ltd.",manford.com.tw,+886 938 676 659,,"Тайчжун, Тайвань",Taiwan,,"Manford Machinery Co., Ltd.","Заснована у 1987 році, Manford Machinery спеціалізується на прецизійних та 5-осьових обробних центрах. Наші верстати працюють у автомобільній, аерокосмічній та високотехнологічній галузях. Ми пропонуємо високоточні та інтелектуальні рішення для обробки.",,+886 938 676 659,"Тайчжун, Тайвань",Тайвань,https://www.linkedin.com/in/machinery-manford-12b8a221a/,https://catalog.pe.com.ua/company/4854,2026
Max Perles,maxperles.fr,,,Франція,France,,Max Perles,"Розробник, виробник та постачальник технічних гідроізоляційних та захисних покриттів для внутрішніх поверхонь об’єктів цивільного будівництва.",,,Франція,Франція,https://www.linkedin.com/company/max-perl-s/,https://catalog.pe.com.ua/company/4924,2026
McCloskey International,mccloskeyinternational.com,,,"Північна Ірландія, Велика Британія",Ukraine,,McCloskey International,"У 2025 році компанія McCloskey International відзначає своє 40-річчя, займаючи лідерські позиції в галузі обладнання для грохочення та подрібнення. Вона пропонує повний асортимент техніки, зокрема дробарки, грохоти, штабелеукладальники, шредери та системи промивання.",,,"Північна Ірландія, Велика Британія",Велика Британія,https://www.linkedin.com/company/mccloskey-international-ltd/,https://catalog.pe.com.ua/company/5146,2026
McGuinness Plumbing,mcguinnessplumbing.com.au,,,"Північна Ірландія, Велика Британія",Ukraine,,McGuinness Plumbing,Компанія McGuinness Plumbing & Gasfitting пишається своїм значним досвідом у сфері сантехнічних та газомонтажних робіт. Наша команда ліцензованих фахівців прагне надавати послуги найвищої якості в регіонах Ньюкасл та Гантер-Веллі.,,,"Північна Ірландія, Велика Британія",Велика Британія,,https://catalog.pe.com.ua/company/5147,2026
Melentarii Srl,melentarii.com,+40 742 137 579,,"Поєнарій-де-Арджеш, Румунія",Ukraine,,Melentarii Srl,"SC MELENTARII SRL надає комплексні рішення у сфері дорожньої інфраструктури, цивільного будівництва та виробництва залізобетонних виробів. Маючи понад 20 років досвіду, ми гарантуємо європейські стандарти, довговічні збірні конструкції та надійне партнерство.",,+40 742 137 579,"Поєнарій-де-Арджеш, Румунія",Румунія,https://www.linkedin.com/company/melentarii-srl/home/,https://catalog.pe.com.ua/company/4718,2026
Metal Products Inc.,metapro.co.jp,,,Японія,Japan,,Metal Products Inc.,-,,,Японія,Японія,,https://catalog.pe.com.ua/company/4905,2026
"Micro-Star International Co., Ltd.",acs.msi.com,+886 2 3234 5599,,"Новий Тайбей, Тайвань",Taiwan,,"Micro-Star International Co., Ltd.","MSI ACS підтримує відбудову регіону надійними рішеннями. Ми пропонуємо захищені планшети, телематичні блоки та станції керування БПЛА (CGS) для громадської безпеки, екстрених служб і роботи у складних умовах.",,+886 2 3234 5599,"Новий Тайбей, Тайвань",Тайвань,,https://catalog.pe.com.ua/company/4876,2026
Miler Srl,termopane-constructii.ro,,,Румунія,Ukraine,,Miler Srl,"Заснована у 1996 році, компанія SC MILER SRL — це підприємство з виключно румунським приватним капіталом, що працює у сфері столярних робіт.SC MILER SRL — це молода, динамічна та інноваційна компанія. Ми виконуємо роботи у сфері цивільного та промислового будівництва.",,,Румунія,Румунія,,https://catalog.pe.com.ua/company/5136,2026
Milwaukee,milwaukeetool.eu,+380 50 211 8850,,"Київ, Україна",Ukraine,,Milwaukee,"З моменту заснування компанії в 1924 році, Milwaukee Tool є лідером галузі в розробці інноваційних рішень для професіаналів. Компанія є виробником провідних акумуляторних рішень індустріального рівня, ЗІЗ, освітлення та інноваційних ручних інструментів і систем зберігання.",,+380 50 211 8850,"Київ, Україна",Україна,https://www.linkedin.com/company/milwaukee-tool-emea/,https://catalog.pe.com.ua/company/4616,2026
Mincon Nordic,mincon.com,,,Фінляндія,Ukraine,,Mincon Nordic,"Компанія Mincon спеціалізується на проєктуванні, виробництві, продажу та обслуговуванні широкого спектра рішень для буріння гірських порід, призначених для гірничодобувної та будівельної галузей, а також для сфер буріння свердловин на воду, геотермального буріння, геологорозвідки та інше.",,,Фінляндія,Фінляндія,https://www.linkedin.com/company/mincongroup/,https://catalog.pe.com.ua/company/5172,2026
MPO-Tec GmbH,mpo-tec.de,,,Німеччина,Germany,,MPO-Tec GmbH,Система опалення.,,,Німеччина,Німеччина,,https://catalog.pe.com.ua/company/5200,2026
MWM GmbH,mwm.net,,,Німеччина,Germany,,MWM GmbH,"З 1871 року ми розробляємо та виробляємо екологічні газові двигуни та генераторні установки в Мангаймі.Компанія Caterpillar Energy Solutions під брендом MWM може похвалитися традиціями,що налічують понад 150 років,і завжди керується піонерським духом наших засновників—Карла Бенца та Августа Ріттера.",,,Німеччина,Німеччина,,https://catalog.pe.com.ua/company/5201,2026
National ConTech Cluster,contech.com.ua,,,"Харків, Україна",Ukraine,,National ConTech Cluster,"National ConTech Cluster об'єднує будівельні та цифрові технології для відновлення України і розвитку за її межами. Ми об’єднуємо лідерів бізнесу, стартапи та експертів, щоб прискорювати інновації та розвивати галузь. За підтримки Харківського ІТ Кластера.",,,"Харків, Україна",Україна,,https://catalog.pe.com.ua/company/4540,2026
Netics B.V.,netics.nl,+31 6 10888685,,"Алблассердам, Нідерланди",Netherlands,,Netics B.V.,"NETICS є провідною компанією у сфері досліджень, консалтингу та інженерних розробок, що спеціалізується на циркулярному будівництві з донних відкладень. Ми перетворюємо осади на сталі будівельні матеріали та рішення для дамб, берегозахисту, хвилерізів і водної інфраструктури.",,+31 6 10888685,"Алблассердам, Нідерланди",Нідерланди,https://www.linkedin.com/company/netics-bv/,https://catalog.pe.com.ua/company/5030,2026
Nexum-Dealex Aps,nexum-dealex.com,,,Данія,Denmark,,Nexum-Dealex Aps,"Наша компанія, заснована в Копенгагені у 2000 році та представлена в Данії й Україні, поєднує десятиліття практичного досвіду у сфері перевезень із сучасним та гнучким підходом до логістики. Разом ми виходимо за межі простого транспортування — ми пропонуємо індивідуальні рішення.",,,Данія,Данія,,https://catalog.pe.com.ua/company/4965,2026
Nibe Energy Systems,nibe.eu,,,Швеція,Sweden,,Nibe Energy Systems,"Ми розробляємо, виробляємо та продаємо екологічні, енергоефективні рішення для забезпечення комфортного мікроклімату в приміщеннях будь-якого типу.",,,Швеція,Швеція,,https://catalog.pe.com.ua/company/4942,2026
Nichiha Corporation,nichiha.co.jp,,,Японія,Japan,,Nichiha Corporation,-,,,Японія,Японія,https://www.linkedin.com/company/nichiha-corporation/,https://catalog.pe.com.ua/company/4906,2026
Nobel International EAD,nobel.bg,+359 2 421 0232,,"Софія, Болгарія",Ukraine,,Nobel International EAD,"Nobel International EAD виробляє сучасні рішення для гарячого водопостачання: широкий асортимент баків FC для теплових насосів, баків ГВП з інтегрованими тепловими насосами та комплексних систем Hydro Compact «все в одному», поєднуючи інновації, ефективність і надійність для житлового сектору.",,+359 2 421 0232,"Софія, Болгарія",Болгарія,,https://catalog.pe.com.ua/company/4606,2026
Novitera,novitera.lt,,,Литва,Ukraine,,Novitera,"Ми є однією з найбільш інноваційних компаній у Литві, що спеціалізується на виробництві каталізаторів, електроніці та переробці металобрухту. Вже понад 24 роки ми забезпечуємо ефективну переробку та рекуперацію металів для компаній з усього світу.",,,Литва,Литва,https://www.linkedin.com/company/novitera/,https://catalog.pe.com.ua/company/5007,2026
NP5,np5.lt,,,Литва,Ukraine,,NP5,"NP5 — це група компаній, що діє в Литві та складається з підприємств, які займаються проектуванням будівель, будівельними роботами та виробництвом легких сталевих каркасів. Детальніше — https://www.np5.lt/",,,Литва,Литва,https://www.linkedin.com/company/np5prefabricatedhomes/,https://catalog.pe.com.ua/company/5008,2026
Npower Generators,npowergenerator.com,+90 532 369 10 70,,"Стамбул, Туреччина Мілан, Італія",Italy,,Npower Generators,"Портативний генератор 3,5 кВА - 15 кВА Бензинові/дизельні генераторні установки, 22 кВА - 4500 кВА Промислові генератори Генераторні установки низької та середньої напруги, Газогенераторні установки 25 кВт - 4500 кВт Генераторні установки низької та середньої напруги з постійною вихідною потужністю.",,+90 532 369 10 70,"Стамбул, Туреччина Мілан, Італія",Італія,,https://catalog.pe.com.ua/company/4555,2026
"Nuclear Power, a.s.",nuclear-power.sk,,,Словаччина,Ukraine,,"Nuclear Power, a.s.",Ми пропонуємо комплексні послуги EPC та EPCM для сектору ядерної енергетики.,,,Словаччина,Словаччина,,https://catalog.pe.com.ua/company/5164,2026
Nurmegroup,nurmegroup.com,,,Естонія,Ukraine,,Nurmegroup,"Організація та розвиток виробничих підприємств у ЄС, зокрема пошук ресурсів, придбання та запуск виробничих потужностей.",,,Естонія,Естонія,,https://catalog.pe.com.ua/company/5177,2026
Officine Maccaferri S.p.A.,maccaferri.com,,,Італія,Italy,,Officine Maccaferri S.p.A.,"Maccaferri – виробник продукції для цивільного та екологічного будівництва. Заснована в 1879 році, компанія має комерційну присутність у понад 130 країнах. Maccaferri пропонує передові інженерні рішення для розвитку та безпеки транспортної інфраструктури та міського середовища.",,,Італія,Італія,,https://catalog.pe.com.ua/company/4556,2026
Oxycom Fresh Air BV,oxycom.com,+31 572 349 400,,"Раалте, Нідерланди",Netherlands,,Oxycom Fresh Air BV,"Oxycom — сімейна компанія з Нідерландів, що створює екологічні рішення для охолодження, вентиляції та опалення промислових будівель. Запатентована двоступенева адіабатична технологія охолоджує завдяки випаровуванню води, без шкідливих холодоагентів, і споживає до 90% менше енергії ніж кондиціонери.",,+31 572 349 400,"Раалте, Нідерланди",Нідерланди,https://www.linkedin.com/company/oxycom/,https://catalog.pe.com.ua/company/5131,2026
Panelsan,panelsan.com,,,"Анкара, Туреччина",Türkiye,,Panelsan,"Виробник сендвіч-панелей PIR / PUR, кам'яної вати і пінополістиролу для покрівлі, стін і холодильних камер в Туреччині / Анкара.",,,"Анкара, Туреччина",Туреччина,https://www.linkedin.com/company/panelsantr/,https://catalog.pe.com.ua/company/4995,2026
Pedax GmbH,pedax.com,,,Німеччина,Germany,,Pedax GmbH,"PEDAX є одним з лідерів ринку в області обробки арматурної сталі. Основні компетенції: повний асортимент верстатів, установок, додаткових приладів, логістика та підтримка по всьому світу.",,,Німеччина,Німеччина,,https://catalog.pe.com.ua/company/5202,2026
Pioneer Pump Limited,global.pioneerpump.com,+44 1449 736777,,"Хедлі, Саффолк, Великобританія",Ukraine,,Pioneer Pump Limited,"Компанія Pioneer Pump виробляє та постачає високоефективні відцентрові насоси й комплектні насосні системи з дизельним або електричним приводом, призначені для перекачування великих обсягів води, стічних вод і промислових рідин.",,+44 1449 736777,"Хедлі, Саффолк, Великобританія",Великобританія,https://www.linkedin.com/company/pioneerpumpemena,https://catalog.pe.com.ua/company/4797,2026
"Pitac Technology Co., LTD.",pitac-tech.com,+886 2 2601 2716,,"Новий Тайбей, Тайвань",Taiwan,,"Pitac Technology Co., LTD.","PiTECH — провідний світовий виробник систем для екструзії спіненого пластику. Орієнтуючись на потреби клієнтів, ми не лише ділимося досвідом виробництва листів із пінополістиролу, а й надаємо комплексні інтегровані технічні послуги.ni tekhnichni posluhy.",,+886 2 2601 2716,"Новий Тайбей, Тайвань",Тайвань,,https://catalog.pe.com.ua/company/4852,2026
"Poqutec Co., Ltd.",poqutec.com,,,Республіка Корея,Ukraine,,"Poqutec Co., Ltd.",-,,,Республіка Корея,Республіка Корея,,https://catalog.pe.com.ua/company/5139,2026
PowereX j. s. a.,powerex.io,,,Словаччина,Ukraine,,PowereX j. s. a.,"PowereX створює та експлуатує віртуальні електростанції на базі штучного інтелекту. PowereX пропонує платформу управління енергією на базі штучного інтелекту, яка дозволяє клієнтам скористатися величезною можливістю на ринку енергії «за лічильником» для зниження витрат на енергію та інше.",,,Словаччина,Словаччина,https://www.linkedin.com/company/px-energy/home/,https://catalog.pe.com.ua/company/5165,2026
PowerSilos,powersilo.energy,,,"Штат Каліфорнія, Сполучені Штати Америки",Ukraine,,PowerSilos,"Компанія PowerSILO Inc. сприяє підвищенню глобальної екологічної стійкості у сфері промислового виробництва, зокрема у центрі обробки даних, на нафтопереробних заводах та в енергетичних підприємствах, надаючи послуги та ресурси, що допомагають монетизувати відпрацьоване тепло промислових процесів.",,,"Штат Каліфорнія, Сполучені Штати Америки",Сполучені Штати Америки,,https://catalog.pe.com.ua/company/5151,2026
Presona AB,presona.se,,,Швеція,Sweden,,Presona AB,"Presona — це комплексний постачальник обладнання для пресування, пресів та компакторів для професійних користувачів.",,,Швеція,Швеція,https://www.linkedin.com/company/presona-ab/,https://catalog.pe.com.ua/company/4941,2026
QuinteQ Energy,quinteqenergy.com,+31 6 43228929,,"Кулемборг, Нідерланди",Netherlands,,QuinteQ Energy,"QuinteQ Energy створює контейнерні маховикові накопичувачі для енергостійкості та електрифікації портів. Знижуючи пікову потужність кранів до 80%, ми стабілізуємо мікромережі, долаємо обмеження мережі та суттєво економимо паливо генераторів для безперебійної роботи портів.",,+31 6 43228929,"Кулемборг, Нідерланди",Нідерланди,https://www.linkedin.com/company/quinteqenergy/,https://catalog.pe.com.ua/company/4899,2026
R&S International Holding AG,the-rsgroup.com,,,Швейцарія,Switzerland,,R&S International Holding AG,"R&S є провідним постачальником продуктів електричної інфраструктури на ключових ринках по всьому світу. Портфоліо компанії охоплює від розподільних, литих і силових трансформаторів до різних типів комутаційних пристроїв і промислових електричних з’єднувачів. R&S котирується на SIX Swiss Exchange.",,,Швейцарія,Швейцарія,https://www.linkedin.com/company/r&s-group/?originalSubdomain=ru,https://catalog.pe.com.ua/company/4975,2026
Ragni Group,ragni.com,,,Франція,France,,Ragni Group,"Компанія Ragni, що базується в Кань-сюр-Мер (06) з моменту свого заснування в 1927 році, є сімейним підприємством, яке спеціалізується на проектуванні та виробництві обладнання для вуличного освітлення.",,,Франція,Франція,https://www.linkedin.com/company/ragni/,https://catalog.pe.com.ua/company/4929,2026
Raiffeisen Bank International AG,rbinternational.com,,,"Відень, Австрія",Austria,,Raiffeisen Bank International AG,"RBI Group — провідний корпоративний та інвестиційний банк Австрії й універсальний банк у 11 країнах ЦСЄ. Через нашу ініціативу Rebuild with Ukraine RBI поєднує стратегічний капітал, інновації, фінансування й консультації для інвесторів, українських партнерів і проєктів у ключових секторах.",,,"Відень, Австрія",Австрія,https://www.linkedin.com/company/raiffeisen-bank-international/,https://catalog.pe.com.ua/company/4557,2026
Regio Project Solutions Srl,,,,Румунія,Ukraine,,Regio Project Solutions Srl,-,,,Румунія,Румунія,,https://catalog.pe.com.ua/company/5081,2026
REHAU Germany,rehau.com,,,Німеччина,Germany,,REHAU Germany,"REHAU – ключовий постачальник сталих рішень для віконної індустрії з мережею партнерів. Забезпечує навчання, технічний аудит, впровадження технологій за стандартами ЄС/Німеччини та рішення для опалення й водопостачання.",,,Німеччина,Німеччина,,https://catalog.pe.com.ua/company/5195,2026
Rehau Industries SE & Co.KG,rehau.com,,,Швейцарія,Switzerland,,Rehau Industries SE & Co.KG,"Група REHAU — це унікальна та багатогранна сім’я з шести підгруп, до складу якої входять REHAU Water Technologies, REHAU Industrial Solutions, REHAU Interior Solutions, група Meraxis, RAUMEDIC, REHAU Window Solutions, а також два сервісні підрозділи — REHAU New Ventures та REHAU Global Business.",,,Швейцарія,Швейцарія,,https://catalog.pe.com.ua/company/4976,2026
RSE,rsegroup.com.ua,,,Німеччина,Germany,,RSE,"RSE — це міжнародна компанія, що спеціалізується на інженерії, виробництві та енергетичних рішеннях, забезпечуючи створення надійної енергетичної інфраструктури для об'єктів критичного значення.",,,Німеччина,Німеччина,https://www.linkedin.com/company/rse-s-r-o/,https://catalog.pe.com.ua/company/5194,2026
RSE s.r.o.,rse.cz,,,Республіка Чехія,Ukraine,,RSE s.r.o.,"RSE — європейський виробник модульних енергосистем, що зміцнюють енергетичну стійкість України та Європи. Понад 900 МВт реалізованих проєктів — для сталої, автономної та безпечної енергетики майбутнього.",,,Республіка Чехія,Республіка Чехія,,https://catalog.pe.com.ua/company/4583,2026
Rödl Ukraine,roedl.ua,+380 44 586 2303,,"Київ, Україна",Ukraine,,Rödl Ukraine,"RÖDL Ukraine супроводжує міжнародні компанії в Україні з юридичних, податкових, бухгалтерських питань, а також у сфері розрахунку заробітної плати та бізнес-процесів. Допомагаємо клієнтам працювати, інвестувати й розвивати бізнес в Україні.",,+380 44 586 2303,"Київ, Україна",Україна,https://www.linkedin.com/company/roedl/,https://catalog.pe.com.ua/company/5074,2026
Saint-Gobain Pam Canalisation,pamline.com,,,Франція,France,,Saint-Gobain Pam Canalisation,"Компанія Saint-Gobain PAM, лідер у галузі комплексних рішень з використанням труб із ковкого чавуну, розробляє, виробляє та реалізує повний асортимент рішень, призначених для транспортування води: дорожні комунікації, труби для постачання питної води, крани, каналізація, відведення дощової води.",,,Франція,Франція,https://www.linkedin.com/company/saint-gobain-pam-canalisation/,https://catalog.pe.com.ua/company/4928,2026
Santi Innovation,santi-innovation.com,+886 2 515 2288,,"Тайбей, Тайвань",Taiwan,,Santi Innovation,"Santi Innovation спеціалізується на БПЛА, аерокосмічних технологіях і передовому виробництві, пропонуючи інженерну інтеграцію, розвиток ланцюгів постачання, локалізацію та бізнес-підтримку для глобальних технологічних і оборонних ринків.",,+886 2 515 2288,"Тайбей, Тайвань",Тайвань,,https://catalog.pe.com.ua/company/4877,2026
Sayal Vinç Mak. San. Ve Tic. A.Ş.,sayalvinc.com,,,Туреччина,Türkiye,,Sayal Vinç Mak. San. Ve Tic. A.Ş.,"Компанія Sayal Crane Systems є одним із провідних виробників кранів для аварійних операцій (EOT) у Туреччині. Маючи 20-річний досвід роботи, криту площу 8 600 м², понад 100 співробітників та дистриб’юторів по всьому світу, Sayal Crane Systems експортує свою продукцію до більш ніж 40 країн.",,,Туреччина,Туреччина,,https://catalog.pe.com.ua/company/4996,2026
Schneider Electric Ukraine LLC,se.com,,,Франція,France,,Schneider Electric Ukraine LLC,"Schneider Electric, світовий лідер енерго-промислових технологій, пропонує провідний досвід в електрифікації, автоматизації, цифровізації. Мета Schneider забезпечити Вплив, надаючи можливість максимально ефективно використовувати енергію й ресурси, забезпечуючи прогрес і сталий розвиток для всіх.",,,Франція,Франція,,https://catalog.pe.com.ua/company/4927,2026
Schütz Energy Systems,schuetz-energy.net,+49 4926 26770,,"Рансбах-Баумбах, Німеччина",Germany,,Schütz Energy Systems,Компанія SCHÜTZ Energy Systems вже понад 60 років є символом найвищої якості продукції у сфері будівельних технологій. Наш широкий асортимент систем поверхневого опалення та резервуарних систем дозволяє підібрати оптимальне рішення для будь-яких умов експлуатації.,,+49 4926 26770,"Рансбах-Баумбах, Німеччина",Німеччина,https://www.linkedin.com/company/schuetz-energy-systems/?viewAsMember=true,https://catalog.pe.com.ua/company/5121,2026
"Seak, s.r.o.",seakenergetics.com,,,Словаччина,Ukraine,,"Seak, s.r.o.","SEAK Energetics пропонує унікальну технологію керування вуличним освітленням, а також освітленням у комерційних і промислових будівлях, що використовує наявні лінії електроживлення напругою 230 В. Ви можете перетворити наявні світильники на енергоефективну інтелектуальну систему освітлення.",,,Словаччина,Словаччина,https://www.linkedin.com/company/seak-ltd-/home/,https://catalog.pe.com.ua/company/5166,2026
Sennebogen Maschinenfabrik GmbH,sennebogen.com,+49 9421 5400,,"Штраубінг, Німеччина",Germany,,Sennebogen Maschinenfabrik GmbH,"SENNEBOGEN — це екологічне сімейне підприємство зі Штраубінга. З 1952 року ми розробляємо та виробляємо обладнання для кранової техніки та перевантаження матеріалів відповідно до вимог замовників. Маючи понад 2 200 співробітників, представництва по всьому світу та широкий асортимент продукції.",,+49 9421 5400,"Штраубінг, Німеччина",Німеччина,https://www.linkedin.com/company/sennebogen/,https://catalog.pe.com.ua/company/5122,2026
"Sféra, a.s.",sfera.sk,,,Словаччина,Ukraine,,"Sféra, a.s.","SFÉRA | Цифрові рішення для енергетики, промисловості та транспорту.",,,Словаччина,Словаччина,https://www.linkedin.com/company/sfera-as/home/,https://catalog.pe.com.ua/company/5167,2026
Siemens Energy,siemens-energy.com,,,Швеція,Sweden,,Siemens Energy,Світовий лідер в галузі енергетичних технологій.,,,Швеція,Швеція,,https://catalog.pe.com.ua/company/4945,2026
Siemens Ukraine,siemens.com,,,Україна,Ukraine,,Siemens Ukraine,"Компанія Сіменс - провідний світовий технологічний концерн, який протягом більше 175 років уособлює собою найвищий рівень інжинірингу, інновацій, якості. Компанія веде свою діяльність в більш ніж 200 країнах світу і спеціалізується в таких областях, як електрифікація, автоматизація і цифровізація.",,,Україна,Україна,,https://catalog.pe.com.ua/company/5193,2026
"Smartcity Research Institute Co., Ltd.",smc-tech.com,+81 3 6823 0885,,"Токіо, Японія",Japan,,"Smartcity Research Institute Co., Ltd.","Ми прискорюємо цифрову трансформацію соціальної інфраструктури за допомогою ШІ, інтелектуальних систем і розробки застосунків. Співпрацюючи з бізнесом, наукою та державою, підвищуємо безпеку й сталість автомобільних, залізничних та інших об'єктів інфраструктури.",,+81 3 6823 0885,"Токіо, Японія",Японія,,https://catalog.pe.com.ua/company/5098,2026
Societa Chimica Bussi,chimicabussi.it,,,Італія,Italy,,Societa Chimica Bussi,"Società Chimica Bussi S.p.A. — італійський виробник хімічної продукції, що спеціалізується на випуску неорганічних хімічних речовин та хімікатів спеціального призначення.",,,Італія,Італія,,https://catalog.pe.com.ua/company/5178,2026
"Solarge, BV",solarge.com,+31 85 239 1800,,"Верт, Нідерланди",Netherlands,,"Solarge, BV","Компанія Solarge розробляє та виробляє легкі сонячні модулі, придатні для вторинної переробки, у Нідерландах. Solarge має досвід постачання сонячних модулів для проєктів «під ключ» у лікарнях і школах України.",,+31 85 239 1800,"Верт, Нідерланди",Нідерланди,https://www.linkedin.com/company/solargesolar/posts/,https://catalog.pe.com.ua/company/5153,2026
SoluForce B.V.,soluforce.com,+31 228 355 688,,"Енкхейзен, Нідерланди",Netherlands,,SoluForce B.V.,"SoluForce пропонує гнучкі, стійкі до корозії RTP-трубопроводи для швидкого відновлення критичної енергетичної інфраструктури. Наші надійні та економічні рішення підтримують відбудову України й розвиток локальних мереж біогазу та водню.",,+31 228 355 688,"Енкхейзен, Нідерланди",Нідерланди,https://www.linkedin.com/company/soluforce/,https://catalog.pe.com.ua/company/5100,2026
Steady Energy,steadyenergy.com,,,Фінляндія,Ukraine,,Steady Energy,"Steady Energy розробляє рішення на основі малих модульних реакторів (ММР) для сталого централізованого теплопостачання. Наша флагманська технологія — реактор LDR-50 — спеціально розроблена для умов щільної міської забудови та забезпечує масштабне виробництво надійної, економічно вигідної енергії.",,,Фінляндія,Фінляндія,https://www.linkedin.com/company/steady-energy/?originalSubdomain=fi,https://catalog.pe.com.ua/company/5175,2026
Stiebel Eltron International GmbH& Co. KG,stiebel-eltron.com,,,Німеччина,Germany,,Stiebel Eltron International GmbH& Co. KG,"STIEBEL ELTRON пропонує високоефективні продукти та послуги для систем опалення, охолодження, вентиляції та гарячого водопостачання в будівлях. Ми дотримуємося чіткої стратегії та просуваємо енергетичний перехід: відновлювана електроенергія живить нашу продукцію. STIEBEL ELTRON працює у 120 країнах.",,,Німеччина,Німеччина,https://www.linkedin.com/company/stiebel-eltron-group/,https://catalog.pe.com.ua/company/5192,2026
Stora Enso,storaenso.com,+48 695 132 253,,"Мурув, Польща",Poland,,Stora Enso,"Stora Enso є провідним постачальником відновлюваних матеріалів та одним із найбільших виробників деревинної продукції в Європі. Компанія постачає високоякісну пиломатеріальну та інженерну деревину зі сталих лісів, підтримуючи розвиток сучасного низьковуглецевого будівництва.",,+48 695 132 253,"Мурув, Польща",Польща,https://www.linkedin.com/company/stora-enso/,https://catalog.pe.com.ua/company/4607,2026
Suez,suez.com,+33 7 85 79 37 75,,"Пюто, Франція",France,,Suez,"Вже понад 160 років ми є світовими лідерами у сфері управління водними ресурсами та відходами. Ми надаємо життєво необхідні послуги, спрямовані на збереження природних ресурсів і підвищення якості життя в усіх регіонах нашої присутності.",,+33 7 85 79 37 75,"Пюто, Франція",Франція,https://www.linkedin.com/company/suez/,https://catalog.pe.com.ua/company/4923,2026
Sujen International,sujeninternational.com,,,"Штат Каліфорнія, Сполучені Штати Америки",Ukraine,,Sujen International,"Компанія «Sujen International LLC» здійснює революційні зміни у галузі вітроенергетики завдяки передовим технологіям, що забезпечують максимальну потужність та ефективність. Наші найсучасніші системи гарантують оптимальне виробництво енергії при мінімізації труднощів, пропонуючи надійні рішення.",,,"Штат Каліфорнія, Сполучені Штати Америки",Сполучені Штати Америки,https://www.linkedin.com/company/sujen-international/,https://catalog.pe.com.ua/company/5152,2026
"Sun Fong Waterproof Co., Ltd.",earthrise.com.tw,+886 905 117 382,,"Таоюань, Тайвань",Taiwan,,"Sun Fong Waterproof Co., Ltd.","Ми спеціалізуємося на наногідроізоляційних покриттях, LED-освітленні IP68 та водозахищених електротехнічних виробах, пропонуючи довговічні й стійкі до корозії рішення для промислових, прибережних та інших складних умов.",,+886 905 117 382,"Таоюань, Тайвань",Тайвань,,https://catalog.pe.com.ua/company/4879,2026
"Sungsan Electronics & Communications Co., Ltd.",sungsankor.com,,,Республіка Корея,Ukraine,,"Sungsan Electronics & Communications Co., Ltd.","SUNGSAN — всесвітньо відома компанія, що спеціалізується на розробці та виробництві підсилювачів високої потужності, систем бездротового зв'язку, обладнання для електромагнітної сумісності та підсилювачів вихідної потужності для прискорювачів.",,,Республіка Корея,Республіка Корея,,https://catalog.pe.com.ua/company/5140,2026
Sunrise Taiwan International Corp.,sunrisetaiwan.com.tw,+886 2 2723 0339,,"Тайбей, Тайвань",Taiwan,,Sunrise Taiwan International Corp.,"Sunrise Taiwan розробляє безпечні ланцюги постачання (Non-Red). Наші модулі (NDAA/Green/Blue UAS) включають польотні контролери, ESC, двигуни та тепловізори. Ми пропонуємо системну інтеграцію для уряду й оборони.",,+886 2 2723 0339,"Тайбей, Тайвань",Тайвань,https://www.linkedin.com/company/sunrise-taiwan-international-corp/?viewAsMember=true,https://catalog.pe.com.ua/company/4880,2026
Sweco Finland Ltd,sweco.fi,,,Фінляндія,Ukraine,,Sweco Finland Ltd,"Sweco – провідна європейська консалтингова компанія з надання послуг з архітектури та інженерії. Ми пропонуємо стійкі рішення в галузі міського планування, будівництва, транспорту, інфраструктури, водопостачання, енергетики та екологічних послуг.",,,Фінляндія,Фінляндія,https://www.linkedin.com/company/sweco/,https://catalog.pe.com.ua/company/5174,2026
Sweco International,swecogroup.com,,,Швеція,Sweden,,Sweco International,"Провідна європейська інженерно-консалтингова компанія, що працює в сферах консалтингу, інженерії, екологічних технологій та архітектури.",,,Швеція,Швеція,,https://catalog.pe.com.ua/company/4944,2026
Swisscontact,swisscontact.org,,,Швейцарія,Switzerland,,Swisscontact,"Swisscontact — Швейцарський фонд технічного співробітництва — є незалежною некомерційною організацією з розвитку, заснованою у 1959 році представниками швейцарського приватного сектору та громадянського суспільства. Штаб-квартира організації розташована в Цюриху, Швейцарія.",,,Швейцарія,Швейцарія,https://www.linkedin.com/company/swisscontact/,https://catalog.pe.com.ua/company/4974,2026
Switzerland Global Enterprise (S-GE),s-ge.com,,,Швейцарія,Switzerland,,Switzerland Global Enterprise (S-GE),"Switzerland Global Enterprise (S-GE) офіційна швейцарська організація з просування експорту та інвестицій. Як приватна консалтингова та платформна організація, уповноважена Конфедерацією та кантонами, S-GE підтримує клієнтів у Швейцарії та в усьому світі в розвитку міжнародного бізнесу.",,,Швейцарія,Швейцарія,,https://catalog.pe.com.ua/company/4615,2026
Sécheron SA,secheron.com,,,Швейцарія,Switzerland,,Sécheron SA,"Sécheron пропонує повний асортимент компонентів, рішень, систем та послуг для DC тягових підстанцій, що живлять та захищають масовий транспорт та залізниці, включаючи повну DC підстанцію, трансформаторно-випрямлячі групи, DC розподільні пристрої, регенеративні інвертори/системи зберігання енергії.",,,Швейцарія,Швейцарія,https://www.linkedin.com/company/secheron-sa/,https://catalog.pe.com.ua/company/4971,2026
Tamult OÜ,tamult.ee,+372 507 9589,,"Алу, Естонія",Ukraine,,Tamult OÜ,"Tamult — інжинірингова та виробнича компанія повного циклу з понад 30-річним досвідом. Ми проєктуємо, виготовляємо та виконуємо під ключ котельні й когенераційні установки на біомасі та твердому паливі, а також системи подачі палива й енергетичне обладнання.",,+372 507 9589,"Алу, Естонія",Естонія,https://www.linkedin.com/company/tamult/,https://catalog.pe.com.ua/company/4550,2026
TAP Group,tap-groupe.com,,,Франція,France,,TAP Group,Група TAP: 20 компаній – 9 заводів – у 10 країнах – майже 500 співробітників по світу. Майже 30 років досвіду у проєктуванні та виробництві індивідуального промислового обладнання для підвищення ефективності вашого ланцюга постачання.,,,Франція,Франція,,https://catalog.pe.com.ua/company/4922,2026
Tech Synergy: IT Cluster and Tech communities Alliance,,,,"Харків, Україна",Ukraine,,Tech Synergy: IT Cluster and Tech communities Alliance,"Альянс Tech Synergy — це 24 технологічні кластери та спільноти з 19 регіонів України, об'єднані для розбудови єдиної технологічної екосистеми через міжрегіональну співпрацю, спільну адвокацію, міжнародні партнерства, стратегічний біздев, розвиток талантів і підтримку технологічного бізнесу.",,,"Харків, Україна",Україна,,https://catalog.pe.com.ua/company/4580,2026
Tecpoles Kromiss Sp. z o.o.,contec-kromiss.eu,+48 32 623 42 01,,"Хшанув, Польща",Poland,,Tecpoles Kromiss Sp. z o.o.,"Компанія Tecpoles Kromiss спеціалізується на виробництві сталевих конструкцій для освітлювальної, тягової, телекомунікаційної та енергетичної галузей. Ми маємо багаторічний досвід, кваліфіковані технічні відділи та широкий спектр успішно реалізованих проєктів.",,+48 32 623 42 01,"Хшанув, Польща",Польща,https://www.linkedin.com/company/79037984/,https://catalog.pe.com.ua/company/4535,2026
Tecpoles Sp z. o.o.,tecpoles.com,,,Польща,Poland,,Tecpoles Sp z. o.o.,"Компанія є одним із провідних європейських виробників опор освітлення, опор контактної мережі та опор ліній електропередач.",,,Польща,Польща,,https://catalog.pe.com.ua/company/4534,2026
Tehnoserv Electro Srl,,,,"Мелдеень,Румунія",Ukraine,,Tehnoserv Electro Srl,"Компанія Tehnoserv Electro SRL спеціалізується на електромонтажних роботах, промисловій автоматизації, металообробці та технічних рішеннях для промислових і комерційних проєктів. Ми надаємо надійні, високоякісні послуги та обладнання, адаптовані до потреб наших клієнтів.",,,"Мелдеень,Румунія",Румунія,,https://catalog.pe.com.ua/company/4891,2026
Thermalytica Inc.,thermalytica.com,+81 50 3745 4622,,"Цукуба, Японія",Japan,,Thermalytica Inc.,"Thermalytica є японським deep-tech стартапом, що розробляє TIISA®, теплоізоляційний матеріал на основі аерогелю. Матеріал можна використовувати для покриттів будівель, забезпечуючи теплоізоляцію влітку та збереження тепла взимку, з підтвердженою економією енергії 26,2% та 14,7% відповідно.",,+81 50 3745 4622,"Цукуба, Японія",Японія,https://www.linkedin.com/company/thermalytica-inc/home/,https://catalog.pe.com.ua/company/5220,2026
"Thermolysis Co., Ltd.",thermolysis-asia.com,+886 911 140 872,,"Тайчжун, Тайвань",Taiwan,,"Thermolysis Co., Ltd.","Thermolysis пропонує високоефективні рішення з вуглецевого волокна для бетону, асфальту, гідроізоляції та зміцнення віконних рам. Ми шукаємо партнерів серед урядових установ, консультантів, підрядників і постачальників матеріалів для відбудови стійкої інфраструктури України. Ми з Україною.",,+886 911 140 872,"Тайчжун, Тайвань",Тайвань,https://www.linkedin.com/in/thermolysis-co-ltd-97368430b/,https://catalog.pe.com.ua/company/4881,2026
tk accelis Processing Europe GmbH,thyssenkrupp-materials-processing-europe.com,,,Німеччина,Germany,,tk accelis Processing Europe GmbH,"Як провідний європейський сервісний центр зі сталі та алюмінію, tk accelis Processing Europe (раніше thyssenkrupp Materials Processing Europe) переробляє вуглецеву сталь, нержавіючу сталь та алюміній на індивідуальні різані смуги та заготовки.",,,Німеччина,Німеччина,https://www.linkedin.com/company/tkaccelis-processing-europe/?originalSubdomain=de,https://catalog.pe.com.ua/company/5191,2026
"Tokyo Rope Mfg. Co., Ltd.",tokyorope.co.jp,,,Японія,Japan,,"Tokyo Rope Mfg. Co., Ltd.",-,,,Японія,Японія,,https://catalog.pe.com.ua/company/4908,2026
Traidenis,traidenis.lt,,,Литва,Ukraine,,Traidenis,"Traidenis — це: - виробник, лідер ринку у сфері біотехнологій та очищення стічних вод; - компанія, що займається проектуванням, виробництвом, монтажем та технічним обслуговуванням резервуарів для зберігання та очисних споруд; - наука, знання, інновації («ноу-хау»); - міжнародна мережа; - сучасна вир",,,Литва,Литва,https://www.linkedin.com/in/traidenis-uab/,https://catalog.pe.com.ua/company/5009,2026
Transitube,transitube.com,+33 1 40 85 17 00,,"Женнвільє, Франція",France,,Transitube,"З 1961 року TRANSITUBE розробляє та виготовляє гнучкі механічні системи транспортування й дозування порошків і сипких матеріалів. Наші індивідуальні рішення застосовуються в хімічній, мінеральній, екологічній та інших галузях промисловості.",,+33 1 40 85 17 00,"Женнвільє, Франція",Франція,https://www.linkedin.com/company/transitube/,https://catalog.pe.com.ua/company/4921,2026
"Triple Line Consulting, GmbH",tripleline.com,+49 491 6094938650,,"Гамбург, Німеччина",Germany,,"Triple Line Consulting, GmbH","Triple Line понад 25 років підтримує сталий розвиток. В Україні ми допомагаємо громадам, містам і бізнесу реалізовувати проєкти відновлення, залучати інвестиції та розвивати стійку інфраструктуру відповідно до стандартів ЄС. www. tripleline.com.",,+49 491 6094938650,"Гамбург, Німеччина",Німеччина,,https://catalog.pe.com.ua/company/5156,2026
"TS Centras, UAB",tscentras.lt,,,"Вільнюс, Литва",Ukraine,,"TS Centras, UAB","Компанія TS Centras спеціалізується на ремонті головок циліндрів MWM, Jenbacher і CAT та турбокомпресорів ABB, KBB, PBS для когенераційних установок. Ми постачаємо OEM-запчастини через www.enginepartsonline.eu. Також ми є офіційним представником з продажу та сервісу DEUTZ.",,,"Вільнюс, Литва",Литва,https://www.linkedin.com/company/tscentras/?originalSubdomain=lt,https://catalog.pe.com.ua/company/4558,2026
"TTS Martin, s.r.o.",tts-martin.sk,,,Словаччина,Ukraine,,"TTS Martin, s.r.o.","Електричні джерела живлення (ЕЗА, дизель-агрегати, мотор-генератори, електроцентралі) та когенераційні установки.",,,Словаччина,Словаччина,https://www.linkedin.com/company/tts-martin/home/,https://catalog.pe.com.ua/company/5168,2026
Tyréns Sverige,tyrens.se,,,Швеція,Sweden,,Tyréns Sverige,"Tyréns — одна з провідних шведських консалтингових компаній у сфері містобудування. У співпраці з клієнтами та партнерами ми створюємо стійкі рішення в галузі міського розвитку та інфраструктури. Група компаній Tyréns налічує 3 000 співробітників і веде діяльність у Швеції, Великій Британії,Естонії.",,,Швеція,Швеція,https://www.linkedin.com/company/tyrens-sverige/,https://catalog.pe.com.ua/company/4939,2026
UMS Ugur Metal Sanayi A.S.,umsmetal.com.tr,+90 530 370 21 52,,"Анкара, Туреччина",Türkiye,,UMS Ugur Metal Sanayi A.S.,"UMS Metal — найбільший турецький виробник оцинкованої сталі, профілів та аксесуарів із річною потужністю 150 млн метрів. UMS пропонує якісні рішення для гіпсокартону, підвісних стель, фасадів та LGS-конструкцій, обслуговуючи клієнтів у понад 36 країнах.",,+90 530 370 21 52,"Анкара, Туреччина",Туреччина,https://www.linkedin.com/company/ums-metal,https://catalog.pe.com.ua/company/4998,2026
V-Bahn AG,v-bahn.com,,,Швейцарія,Switzerland,,V-Bahn AG,"V-Bahn AG спеціалізується на наданні інноваційних консалтингових послуг та експертизи, а також на представництві та просуванні швейцарських компаній у залізничній інфраструктурі в Україні.",,,Швейцарія,Швейцарія,,https://catalog.pe.com.ua/company/4973,2026
Valmet,valmet.com,+358 10 6720000,,"Еспоо, Фінляндія",Ukraine,,Valmet,"Valmet — світовий лідер у сфері технологій для переробних галузей промисловості. Ми співпрацюємо з клієнтами протягом усього життєвого циклу, надаючи технології та послуги, а також рішення для автоматизації та керування потоками. Наша команда налічує 18 500 професіоналів і експертів.",,+358 10 6720000,"Еспоо, Фінляндія",Фінляндія,https://www.linkedin.com/company/valmet/,https://catalog.pe.com.ua/company/5142,2026
VDH Holding BV,,,,Нідерланди,Netherlands,,VDH Holding BV,Будівельні матеріали.,,,Нідерланди,Нідерланди,,https://catalog.pe.com.ua/company/4634,2026
Velox -Werk s.r.o.,velox.cz,+420 723 568 383,,"Границі, Республіка Чехія",Ukraine,,Velox -Werk s.r.o.,"VELOX-WERK — виробник перевіреної будівельної системи на основі цементно-стружкових плит. Система VELOX поєднує відмінну тепло- та звукоізоляцію з високою міцністю й довговічністю, пропонуючи ефективне рішення для житлового та комерційного будівництва.",,+420 723 568 383,"Границі, Республіка Чехія",Республіка Чехія,,https://catalog.pe.com.ua/company/4640,2026
Velux,velux.ua,,,Данія,Denmark,,Velux,"Протягом більше 80 років група компаній VELUX створює кращі умови в будинках, наповнюючи денним світлом та свіжим повітрям домівки та інші будівлі по всьому світу. Група VELUX була заснована в Данії та сьогодні є міжнародною компанією, яка представлена ​​в 37 країнах.",,,Данія,Данія,https://www.linkedin.com/company/velux/,https://catalog.pe.com.ua/company/4966,2026
Verdo Energy Systems,verdo.com,,,Данія,Denmark,,Verdo Energy Systems,"Провідний постачальник установок, що виробляють теплову енергію шляхом спалювання біомаси, відходів та RDF.",,,Данія,Данія,,https://catalog.pe.com.ua/company/4967,2026
Vernet Behringer,vernet-berhinger.com,,,Франція,France,,Vernet Behringer,"Завдяки багаторічному досвіду та орієнтованому на майбутнє інноваційному підходу ми пропонуємо компаніям у галузях сталевого будівництва, металоконструкцій, машинобудування та виробництва решітчастих опор широкий асортимент обладнання та систем, що дозволяють зробити ваше виробництво ефективним.",,,Франція,Франція,,https://catalog.pe.com.ua/company/4920,2026
Verwater RDM Tank Construction B.V.,verwater.com,+31 10 416 5477,,"Роттердам, Нідерланди",Netherlands,,Verwater RDM Tank Construction B.V.,"Verwater надає послуги з будівництва та обслуговування резервуарів, а також трубопровідні й механічні роботи по всьому світу. Понад 100 років досвіду в резервуарних терміналах і промисловості дозволяють нам реалізовувати комплексні багатопрофільні проєкти по всій Європі.",,+31 10 416 5477,"Роттердам, Нідерланди",Нідерланди,https://www.linkedin.com/company/verwater/,https://catalog.pe.com.ua/company/5028,2026
Vesitekno,vesitekno.fi,,,Фінляндія,Ukraine,,Vesitekno,"Ми виробляємо засоби для водопідготовки, теплоносії та засоби для догляду за об'єктами, а також імпортуємо обладнання для водопідготовки.",,,Фінляндія,Фінляндія,https://www.linkedin.com/company/vesitekno/,https://catalog.pe.com.ua/company/5173,2026
Vestan İnşaat Ticaret Ve San.A.Ş.,vestan.com.tr,,,Туреччина,Türkiye,,Vestan İnşaat Ticaret Ve San.A.Ş.,"Компанія Vestan İnşaat Ticaret San A.Ş була заснована з метою реалізації проектів будівництва інфраструктури та надбудови. Vestan надає послуги у сфері будівництва та підряду важливим державним установам Туреччини як у галузі інфраструктури, так і надбудови.",,,Туреччина,Туреччина,https://www.linkedin.com/company/vestan/,https://catalog.pe.com.ua/company/4999,2026
Vestas Wind Systems A/S,vestas.com,,,Данія,Denmark,,Vestas Wind Systems A/S,"Vestas прагне стати світовим лідером у сфері сталих енергетичних рішень. Ми проєктуємо, виготовляємо, встановлюємо та обслуговуємо проєкти вітрової енергетики по всьому світу, маючи 30 000 співробітників і понад 180 ГВт встановленої потужності.",,,Данія,Данія,https://www.linkedin.com/company/vestas/?originalSubdomain=dk,https://catalog.pe.com.ua/company/4968,2026
"VG-Orth Polska, LLC",multigips.de,+48 32 783 27 90,,"Явожно, Польща",Poland,,"VG-Orth Polska, LLC",Виробник повнотілих гіпсових блоків та легких гіпсових штукатурок. Першокласні будівельні матеріали MultiGips — запорука довговічності та високої вартості житлової та іншої нерухомості.,,+48 32 783 27 90,"Явожно, Польща",Польща,,https://catalog.pe.com.ua/company/4539,2026
voestalpine Krems Finaltechnik GmbH,voestalpine.com,,,Австрія,Austria,,voestalpine Krems Finaltechnik GmbH,"Компанія voestalpine Krems Finaltechnik GmbH, реалізуємо по всьому світу проекти зі сталевого будівництва у сфері високих стелажних складів та безпеки дорожнього руху. Уже понад 75 років на заводі в Кремсі створюються сталеві рішення.",,,Австрія,Австрія,https://www.linkedin.com/company/voestalpinekremsfinaltechnik/,https://catalog.pe.com.ua/company/5231,2026
Wagner Rail Schweiz GmbH,wagnergroup.com,+41 79 703 76 20,,"Валлізеллен, Швейцарія",Switzerland,,Wagner Rail Schweiz GmbH,"Світовий лідер з виробництва систем пожежного захисту для рухомого складу, повний портфель продукції та величезний досвід у модернізації: понад 30 років активної роботи в галузі з безліччю міжнародних проектів, особливо в Центральній Європі, технологія систем сертифікована за EN54 та EAC.",,+41 79 703 76 20,"Валлізеллен, Швейцарія",Швейцарія,https://www.linkedin.com/company/wagner-group-gmbh/?originalSubdomain=de,https://catalog.pe.com.ua/company/4972,2026
Wah Hong Industrial Corp.,wahhong.com,+886 7 971 7777,,"Гаосюн, Тайвань",Taiwan,,Wah Hong Industrial Corp.,Публічна компанія: понад 50 років компанія котирується на Tpex. Експертиза матеріалів: термореактивні та термопластичні матеріали. Застосування: поєднання матеріалів із галузями. Рішення: практичні рішення на основі експертизи.,,+886 7 971 7777,"Гаосюн, Тайвань",Тайвань,https://www.linkedin.com/company/wahhong/,https://catalog.pe.com.ua/company/4844,2026
Walther-Werke Ferdinand Walther GmbH,walther-electric.de,,,Німеччина,Germany,,Walther-Werke Ferdinand Walther GmbH,"Якщо йдеться про вибір і впровадження оптимальних рішень та продукції для розподілу низьковольтної електроенергії, ми станемо для вас ідеальним партнером. У компанії WALTHER ELECTRIC ми спираємося на глибокі професійні знання, багаторічний досвід роботи на ринку та відданість справі.",,,Німеччина,Німеччина,https://www.linkedin.com/company/waltherelectric/?originalSubdomain=de,https://catalog.pe.com.ua/company/5190,2026
Wehrhahn GmbH,wehrhahn.de,,,Німеччина,Germany,,Wehrhahn GmbH,"З 1892 року компанія Wehrhahn розробляє, проєктує та будує високопродуктивні виробничі лінії, що виготовляються за індивідуальним замовленням, для виробництва блоків з автоклавного газобетону (AAC), а також панелей і фіброцементних листів.",,,Німеччина,Німеччина,https://www.linkedin.com/company/wehrhahn-gmbh/,https://catalog.pe.com.ua/company/5189,2026
wienerberger Pipelife,wienerberger.pl,+48 22 514 21 00,,"Варшава, Польща",Poland,,wienerberger Pipelife,"wienerberger — один із провідних світових постачальників інноваційних і сталих рішень для всієї оболонки будівлі, а також інфраструктурних рішень у сфері управління водними та енергетичними ресурсами. Компанія налічує понад 20 000 працівників і має більш ніж 200 виробничих майданчиків у 28 країнах.",,+48 22 514 21 00,"Варшава, Польща",Польща,,https://catalog.pe.com.ua/company/4658,2026
Wilo FSM,wilo.com,+49 4964 0491940,,"Польхайм, Німеччина",Germany,,Wilo FSM,"Інноваційні рішення для механічного попереднього очищення води та стічних вод З 1970 року Wilo FSM розробляє рішення для механічного очищення води та стічних вод. Сьогодні компанія відома своєю технічною експертизою, а її системи працюють по всьому світу — від Нової Зеландії до Гаваїв.",,+49 4964 0491940,"Польхайм, Німеччина",Німеччина,https://www.linkedin.com/company/wilo-fsm/,https://catalog.pe.com.ua/company/5116,2026
Wind X UCP ApS,windxucp.com,,,Данія,Denmark,,Wind X UCP ApS,"WindX UCP — це данське спільне підприємство, створене компаніями WindX та United Creation Green Power Co. Ltd. Засноване на спільній меті — прискоренні розвитку вітроенергетики у світі, воно об’єднує європейські та китайські інженерні розробки та інновації.",,,Данія,Данія,https://www.linkedin.com/company/windx-ucp/,https://catalog.pe.com.ua/company/4969,2026
WIWA Wilhelm Wagner GmbH & Co. KG,wiwa.de,+49 6441 60920,,"Лаунау, Німеччина",Germany,,WIWA Wilhelm Wagner GmbH & Co. KG,"Вже понад 75 років компанія WIWA розробляє та виробляє високоякісне обладнання для нанесення декоративних і захисних покриттів, герметизації поверхонь у тунельному та канальному будівництві, а також для нанесення високов’язких, пастоподібних 2K- та 3K-матеріалів на сталь і бетон — навіть за умов.",,+49 6441 60920,"Лаунау, Німеччина",Німеччина,https://www.linkedin.com/company/wiwa-wilhelm-wagner-gmbh-&-co--kg/,https://catalog.pe.com.ua/company/5113,2026
Wolf Power Systems GmbH,wolf-ps.de,+49 4956 9298800,,"Вольфгаген, Німеччина",Germany,,Wolf Power Systems GmbH,"Компанія WOLF Power Systems GmbH використовує на вашу користь понад 40-річний досвід у сфері когенерації (CHP), здобутий під час реалізації понад 2600 проєктів у всьому світі. Ми пропонуємо комплексні рішення «з одних рук» для енергетичного використання природного газу, біогазу, газу зі стічних вод.",,+49 4956 9298800,"Вольфгаген, Німеччина",Німеччина,https://www.linkedin.com/company/wolf-power-systems-gmbh/posts/?viewAsMember=true,https://catalog.pe.com.ua/company/5117,2026
"Wolf Technic, LLC",wolf.in.ua,,,Німеччина,Germany,,"Wolf Technic, LLC","Компанія спеціалізується на впровадженні систем вентиляції повітря. Ми розробляємо ефективні, індивідуальні рішення, використовуючи преміальне обладнання від WOLF (Німеччина). Ми зосереджуємося на ключових секторах, таких як: медичні заклади, промислові та виробничі об'єкти, готелі.",,,Німеччина,Німеччина,,https://catalog.pe.com.ua/company/5188,2026
Wärtsilä Energy,wartsila.com,+358 44 3202264,,"Гельсінкі, Фінляндія",Ukraine,,Wärtsilä Energy,Wärtsilä Energy є лідером енергетичного переходу завдяки передовим технологіям і експертизі в галузі енергосистем. Ми маємо присутність у 180 країнах із 81 ГВт гнучких газопоршневих електростанцій і надаємо послуги протягом усього життєвого циклу наших установок через власну сервісну мережу.,,+358 44 3202264,"Гельсінкі, Фінляндія",Фінляндія,,https://catalog.pe.com.ua/company/5141,2026
"Yamada Bee Company, Inc.",,,,Японія,Japan,,"Yamada Bee Company, Inc.",-,,,Японія,Японія,,https://catalog.pe.com.ua/company/4909,2026
Yomura Technologies Inc.,yomura.com.tw,+886 2 8601 3839,,"Новий Тайбей, Тайвань",Taiwan,,Yomura Technologies Inc.,"Завдяки 38-річному досвіду Yomura Technologies надає повний цикл послуг: від 3D-друку й прес-форм до лиття та складання. Спеціалізуючись на двокомпонентному литті, з сертифікатами AS9100 і ISO 13485, ми постачаємо точні рішення для медичної та аерокосмічної галузей.",,+886 2 8601 3839,"Новий Тайбей, Тайвань",Тайвань,https://www.linkedin.com/company/yomuratechnologie/,https://catalog.pe.com.ua/company/4878,2026
Zauner Anlagentechnik GmbH,zaunergroup.com,,,Австрія,Austria,,Zauner Anlagentechnik GmbH,"ZAUNERGROUP є одним з провідних фахівців у галузі міжнародного будівництва промислових об'єктів та трубопроводів. Компанія реалізує складні проекти для галузей майбутнього, наприклад, у сферах біологічних наук, енергетики та центрів обробки даних.",,,Австрія,Австрія,,https://catalog.pe.com.ua/company/5230,2026
Zhuyang technology corporation,zhuyangtech-vnt33h6d.manus.space,+886 971 811 575,,"Таоюань, Тайвань",Taiwan,,Zhuyang technology corporation,"Zhuyang Technology виробляє високоточні авіаційні та оборонні металеві компоненти для F-16, C-130, E-2 і P-3C. Розроблено понад 500 деталей. Пропонуємо індивідуальне виробництво та зворотний інжиніринг для скорочення термінів, витрат і зміцнення ланцюгів постачання MRO.",,+886 971 811 575,"Таоюань, Тайвань",Тайвань,,https://catalog.pe.com.ua/company/4866,2026
"Ziggurat Coordination, Ltd",ziggurat.co.il,+380 99 206 6918,,"Київ, Україна",Ukraine,,"Ziggurat Coordination, Ltd","Ziggurat Coordination — міжнародна компанія з понад 20-річним досвідом у координації інженерних систем (Systems Coordination) та BIM-менеджменті. Ми об’єднуємо архітектурні, конструктивні та інженерні системи в єдиному BIM-середовищі, виявляємо та усуваємо колізії й розробляємо інженерні рішення.",,+380 99 206 6918,"Київ, Україна",Україна,https://www.linkedin.com/company/ziggurat-coordination/about/,https://catalog.pe.com.ua/company/4717,2026
Ucler Aluminium Metal Building Materials Industry and Trade Limited Company,uclertriomat.com,,,Туреччина,Türkiye,,Ucler Aluminium Metal Building Materials Industry and Trade Limited Company,"Наша компанія Üçler Alüminyum, заснована у 1973 році, після діяльності у сфері лиття алюмінію, різних видів обробки металів та статичного порошкового фарбування, у 2003 році запустила виробництво металевих підвісних стельових систем під брендом TRIO Tavan Sistemleri.",,,Туреччина,Туреччина,https://www.linkedin.com/company/trio-metal-ceiling/?originalSubdomain=tr,https://catalog.pe.com.ua/company/4997,2026
Ucler Aluminium Metal Building Materials Industry and Trade Limited Company,uclertriomat.com,+49 905 4 23594539,,"Стамбул, Туреччина",Türkiye,,Ucler Aluminium Metal Building Materials Industry and Trade Limited Company,"Металева підвісна стеля, плиткова підвісна стеля, панелі Trio Boutique, смугаста металева підвісна стеля, освітлення для підвісних стель, профілі та спеціальні конструкції.",,+49 905 4 23594539,"Стамбул, Туреччина",Туреччина,https://www.linkedin.com/company/85664595,https://catalog.pe.com.ua/company/5129,2026
AKAM LLC,akam.ua,+380 67 565 1099,,"Дніпро, Україна",Ukraine,,AKAM LLC,"АКАМ – будівельна компанія, яка також виробляє модульні залізобетонні захисні споруди для підприємств, логістичних комплексів, складів, та т.п., де важливо забезпечити безпеку персоналу й відвідувачів. На сьогодні АКАМ є надійним постачальником захисних споруд по всій території України.",,+380 67 565 1099,"Дніпро, Україна",Україна,,https://catalog.pe.com.ua/company/4345,2026
"Andalusia (Spain), National Pavilion",,,,Іспанія,Ukraine,,"Andalusia (Spain), National Pavilion",Національний павільйон Андалусії.,,,Іспанія,Іспанія,,https://catalog.pe.com.ua/company/5000,2026
Ankara Metal Products Exporters Association (MEPEX),demirbirlik.org,,,Туреччина,Türkiye,,Ankara Metal Products Exporters Association (MEPEX),"Асоціація експортерів металопродукції Анкари (MEPEX) була заснована в 1993 році та налічує понад 4000 членів. Асоціація була створена з метою сприяння компаніям у збільшенні обсягів експорту, зміцненні професійної солідарності, пошуку рішень їхніх проблем та надання консультацій у різних сферах.",,,Туреччина,Туреччина,,https://catalog.pe.com.ua/company/4988,2026
Association of Distributed and Flexible Generation Entities (ASRMG),admge.com,,,Україна,Ukraine,,Association of Distributed and Flexible Generation Entities (ASRMG),"Місія Асоціації суб’єктів розподіленої та маневрової генерації — сприяти трансформації енергетичної системи України через розвиток розподіленої та маневрової генерації, зокрема когенерації, підвищення енергетичної безпеки та енергонезалежності держави в умовах війни та післявоєнного відновлення.",,,Україна,Україна,,https://catalog.pe.com.ua/company/5082,2026
"Belgium, National Pavilion",,,,Бельгія,Ukraine,,"Belgium, National Pavilion",Національний павільйон Бельгії.,,,Бельгія,Бельгія,,https://catalog.pe.com.ua/company/4542,2026
BZKU Ardenz Joint Stock Company,ardenz.ua,+380 44 390 1300,,"Бровари, Україна",Ukraine,,BZKU Ardenz Joint Stock Company,"BZKU ARDENZ — український виробник промислового котельного обладнання з понад 125-річним досвідом. Ми проєктуємо та виробляємо водогрійні й парові котли, модульні котельні та індивідуальні теплогенеруючі рішення для промислових і комунальних об’єктів.",,+380 44 390 1300,"Бровари, Україна",Україна,https://www.linkedin.com/company/bzku-ardenz/,https://catalog.pe.com.ua/company/4799,2026
Bystronic Ukraine LLC,bystronic.com,,,Швейцарія,Switzerland,,Bystronic Ukraine LLC,"ТОВ «Бистронік Україна» є дочірнім підприємством швейцарської компанії Bystronic Laser AG, світового лідера в галузі високоякісної обробки листового металу та труб. Ми пропонуємо верстати для лазерного різання, листозгинальні преси, автоматизацію, програмні рішення та супутній сервіс.",,,Швейцарія,Швейцарія,https://www.linkedin.com/company/bystronicgroup/,https://catalog.pe.com.ua/company/4978,2026
Budmontazh ABK,abmd.com.ua,+380 98 011 8117,,"Київ, Україна",Ukraine,,Budmontazh ABK,"ТОВ «АБК БУДМОНТАЖ» — будівельна компанія повного циклу, що реалізує комплексні проєкти цивільного, інфраструктурного та спеціального будівництва. Забезпечуємо повний цикл виконання робіт, контроль якості, строків і результату відповідно до міжнародних стандартів ISO.",,+380 98 011 8117,"Київ, Україна",Україна,,https://catalog.pe.com.ua/company/4356,2026
"United Kingdom, National Pavilion",,,,Великобританія,Ukraine,,"United Kingdom, National Pavilion",Національний павільйон Великобританії.,,,Великобританія,Великобританія,,https://catalog.pe.com.ua/company/4560,2026
"Greece, National Pavilion",,,,Греція,Ukraine,,"Greece, National Pavilion",Національний павільйон Греції.,,,Греція,Греція,,https://catalog.pe.com.ua/company/4565,2026
Greenville Energy,greenville.ua,+380 382 323 800,,"Львів, Україна",Ukraine,,Greenville Energy,"Компанія Greenville Energy з 2016 року розвиває портфель сонячних та вітрових проектів на території України та Польщі загальною потужність близько 850 МВт, що на сьогодні перебувають на різних стадіях реалізації. Наша експертиза охоплює повний цикл реалізації вітрових та сонячних проектів.",,+380 382 323 800,"Львів, Україна",Україна,https://www.linkedin.com/company/group-of-companies-greenville,https://catalog.pe.com.ua/company/4353,2026
Confederation of Danish Industry (DI),danskindustri.dk,,,Данія,Denmark,,Confederation of Danish Industry (DI),"Данська промисловість(DI) — це приватна організація, що об’єднує підприємства та роботодавців. DI представляє понад 20 000 підприємств різних галузей у Данії. У DI ми захищаємо інтереси наших членів — як на національному, так і на міжнародному рівні.",,,Данія,Данія,https://www.linkedin.com/company/danskindustri/,https://catalog.pe.com.ua/company/4959,2026
Danish Board of District Heating (DBDH),dbdh.org,,,Данія,Denmark,,Danish Board of District Heating (DBDH),"DBDH — це данська некомерційна організація, заснована у 1978 році. Ми працюємо над тим, щоб люди, підприємства та міста могли скористатися перевагами централізованого енергопостачання. Пріоритетні напрямки — налагодження контактів, сприяння експорту, розвиток ринку, комунікація та зв'язки.",,,Данія,Данія,,https://catalog.pe.com.ua/company/4958,2026
Eco Dnipro Municipal Enterprise,,+380 68 615 9023,,"Дніпро, Україна",Ukraine,,Eco Dnipro Municipal Enterprise,"Підприємство здійснює діяльність у сфері управління відходами: збирання, сортування, перероблення, утилізації та видалення відходів, будівництва й експлуатації відповідних об’єктів, реалізації вторинної сировини та впровадження екологічних проєктів.",,+380 68 615 9023,"Дніпро, Україна",Україна,,https://catalog.pe.com.ua/company/4347,2026
SP Development Ukraine LLC,sppdevelopment.com.ua,+380 98 709 1682,,"Київ, Україна",Ukraine,,SP Development Ukraine LLC,"SPP Development Ukraine — вертикально інтегрована енергетична група повного циклу: девелопмент, EPC, O&M utility-scale проєктів відновлюваної енергетики в Україні. Фокус — bankable, ready-to-build активи за міжнародними стандартами. Дворазовий переможець премії ООН зі сталого розвитку.",,+380 98 709 1682,"Київ, Україна",Україна,https://www.linkedin.com/company/spp-development-ukraine/,https://catalog.pe.com.ua/company/4355,2026
Caritas Ukraine International Charitable Foundation,caritas.ua,+380 800 336 734,,"Київ, Україна",Ukraine,,Caritas Ukraine International Charitable Foundation,"Карітас України - одна з найбільших благодійних організацій країни. Окрім гуманітарної допомоги та соціальних програм, ми реалізуємо проєкти з відбудови: відновлюємо об’єкти водопостачання та житло, впроваджуємо сталі рішення й допомагаємо громадам створювати безпечну інфраструктуру.",,+380 800 336 734,"Київ, Україна",Україна,https://www.linkedin.com/company/caritasukraine/posts/?feedView=all,https://catalog.pe.com.ua/company/4357,2026
K Group LLC,keygroup.solutions,,,Україна,Ukraine,,K Group LLC,"Інжинірингова компанія, яка вже понад 11 років реалізує управління великими та складними проєктами в галузі комерційного та промислового будівництва, а також надає послуги з аудиту та трансформації великих компаній у девелопменті.",,,Україна,Україна,,https://catalog.pe.com.ua/company/5085,2026
Compressors International LLC,compressors.ua,+380 800 333 330,,"Київ, Україна",Ukraine,,Compressors International LLC,"Компанія «Compressors International» є провідним постачальником компресорного обладнання в Україні, що забезпечує доставку, технічне обслуговування, запасні частини та матеріали для майже всіх галузей промисловості.",,+380 800 333 330,"Київ, Україна",Україна,,https://catalog.pe.com.ua/company/4635,2026
Construction Machinery LLC,cml.ua,+380 800 335 555,,"Київ, Україна",Ukraine,,Construction Machinery LLC,"ТОВ «Констракшн Машинері» — офіційний дилер JCB в Україні. Постачаємо будівельну й сільськогосподарську техніку, оригінальні запчастини та сервісне обслуговування. Реалізуємо комплексні рішення для будівництва, інфраструктури та відбудови України.",,+380 800 335 555,"Київ, Україна",Україна,,https://catalog.pe.com.ua/company/4352,2026
Krieger LLC,kriger.com.ua,+380 95 400 8586,,"Житомир, Україна",Ukraine,,Krieger LLC,Компанія Kriger – це: 25 років досвіду роботи та досліджень у галузі теплопостачання та енергозберігаючих технологій. Ми забезпечуємо виробництво та впровадження всіх типів котельного обладнання. Обладнання Kriger виготовляється відповідно до вимог європейських та вітчизняних стандартів.,,+380 95 400 8586,"Житомир, Україна",Україна,,https://catalog.pe.com.ua/company/4787,2026
KTS Engineering LLC,kts-eng.com,+380 44 495 2442,,"Київ, Україна",Ukraine,,KTS Engineering LLC,"KTS Engineering — офіційний партнер INNIO, Nidec Leroy-Somer і Baker Hughes в Україні. Понад 23 роки ми реалізуємо проєкти розподіленої генерації «під ключ»: від проєктування до сервісу, допомагаючи підприємствам створювати надійні, ефективні та сучасні енергетичні системи.",,+380 44 495 2442,"Київ, Україна",Україна,https://www.linkedin.com/company/kts-engineering/,https://catalog.pe.com.ua/company/4358,2026
Keel Solution Ukraine / Keel Energy Ukraine,keelsolution.com,,,Україна,Ukraine,,Keel Solution Ukraine / Keel Energy Ukraine,"Компанія Keel Solution спеціалізується на оптимізації та структуруванні технічних даних для галузей, що використовують складні технічні активи, приділяючи особливу увагу енергетичному та оборонному секторам.",,,Україна,Україна,https://www.linkedin.com/company/keel-solution/,https://catalog.pe.com.ua/company/5086,2026
"Latvia, National Pavilion",,,,Латвія,Ukraine,,"Latvia, National Pavilion",Національний павільйон Латвії.,,,Латвія,Латвія,,https://catalog.pe.com.ua/company/4886,2026
"Region of Murcia, Spain",investinmurcia.com,,,Іспанія,Ukraine,,"Region of Murcia, Spain","Регіон Мурсія, Іспанія –Каетра об’єднує компанії та установи у сферах інженерії, будівництва та інновацій.",,,Іспанія,Іспанія,,https://catalog.pe.com.ua/company/4553,2026
Microl LLC,microl.ua,+380 342 502 701,,"Івано-Франківськ, Україна",Ukraine,,Microl LLC,"ТОВ Мікрол займається виготовленням приладів і обладнання для автоматизації технологічних процесів у промисловості. Асортимент продукції включає:контролери, регулятори, технологічні вимірювачі, блоки сигналізації і комутації, модулі віддаленого вводу/виводу, блоки живлення та гальванічної розв’язки.",,+380 342 502 701,"Івано-Франківськ, Україна",Україна,,https://catalog.pe.com.ua/company/4348,2026
Ness Group LLC,kness.energy,+380 67 324 2845,,"Вінниця, Україна",Ukraine,,Ness Group LLC,"KNESS — енергетична група компаній, заснована в Україні у 2009 році, яка інтегрує інноваційні технології та втілює проєкти відновлюваної енергетики та установки зберігання енергії в Україні та закордоном. KNESS забезпечує весь цикл послуг від реалізації до управління об’єктами ВДЕ та УЗЕ.",,+380 67 324 2845,"Вінниця, Україна",Україна,https://www.linkedin.com/company/kness/,https://catalog.pe.com.ua/company/4354,2026
"Norway, National Pavilion",,,,Норвегія,Ukraine,,"Norway, National Pavilion",Національний павільйон Норвегії.,,,Норвегія,Норвегія,,https://catalog.pe.com.ua/company/4566,2026
Hauts-de-France Region,hautsdefrance.fr,,,Франція,France,,Hauts-de-France Region,"Потужна підтримка економічного розвитку та сталого розвитку регіональної економіки через повний спектр послуг, призначених для місцевих компаній усіх розмірів та секторів.",,,Франція,Франція,,https://catalog.pe.com.ua/company/4926,2026
ObRiy Dual-Use Cluster,it-kharkiv.com,+380 99 050 2635,,"Харків, Україна",Ukraine,,ObRiy Dual-Use Cluster,"ОБРІЙ — це спільнота технологічних виробників, інженерів, військових, працівників освітного сектору та держави, які розробляють технології для оборони, безпеки та відновлення. Ми, як рій, діємо синхронно — кожен учасник працює на спільний результат: перемогу, інновації, безпеку.",,+380 99 050 2635,"Харків, Україна",Україна,,https://catalog.pe.com.ua/company/4530,2026
United Nations Industrial Development Organization (UNIDO),unido.org,,,Австрія,Austria,,United Nations Industrial Development Organization (UNIDO),"UNIDO — це спеціалізована установа Організації Об’єднаних Націй, яка має унікальний мандат щодо сприяння та прискорення сталого промислового та економічного розвитку. Програмна спрямованість Організації структурована у чотирьох стратегічних пріоритетах.",,,Австрія,Австрія,,https://catalog.pe.com.ua/company/4608,2026
Peikko Ukraine LLC,peikko.ua,+380 50 510 0909,,"Київ, Україна",Ukraine,,Peikko Ukraine LLC,"Пейкко Груп є провідним світовим постачальником тонких конструкцій перекриттів і технологій з’єднання для збірного та монолітного будівництва. Інноваційні рішення Peikko забезпечують швидший, безпечніший і більш сталий спосіб проєктування та будівництва.",,+380 50 510 0909,"Київ, Україна",Україна,,https://catalog.pe.com.ua/company/4888,2026
"Poland, National Pavilion",,,,Польща,Poland,,"Poland, National Pavilion",Національний павільйон Польщі.,,,Польща,Польща,,https://catalog.pe.com.ua/company/4578,2026
Promavtomatika,pa.ua,+380 67 433 4333,,"Вінниця, Україна",Ukraine,,Promavtomatika,"ПРОМАВТОМАТИКА - всеукраїнська інженерно-виробнича група компаній із 26-річним досвідом в енергетиці, енергонезалежності, автоматизації та роботизації промислових процесів. Група розробляє й виробляє електротехнічне обладнання та інноваційні інженерні рішення для підприємств і громадського сектору.",,+380 67 433 4333,"Вінниця, Україна",Україна,,https://catalog.pe.com.ua/company/4359,2026
"Professional Community of Participants in the Technological Education Ecosystem, Public Union",edu.cluster.digital,+380 50 658 8846,,"Харків, Україна",Ukraine,,"Professional Community of Participants in the Technological Education Ecosystem, Public Union","Tech Education Ecosystem — спілка, що об'єднує освіту, бізнес і державу для розвитку сучасної ІТ-освіти. Вона допомагає створювати якісні програми, розвивати партнерства й впроваджувати інновації, підтримуючи викладачів, студентів і роботодавців — формуючи єдину екосистему підготовки фахівців.",,+380 50 658 8846,"Харків, Україна",Україна,,https://catalog.pe.com.ua/company/4532,2026
Southern Engineering Company Consortium,ik-pik.com,+380 48 705 7834,,"Одеса, Україна",Ukraine,,Southern Engineering Company Consortium,"Послуги інженера-консультанта, технічного нагляду та будівельне проектування об’єктів цивільного будівництва та інфраструктури. Професійний супровід та управління проектами будівництва на всіх стадіях. Технічне консультування, контроль цін, організація закупівель.",,+380 48 705 7834,"Одеса, Україна",Україна,https://www.linkedin.com/company/consortia-southern-engineering-company/,https://catalog.pe.com.ua/company/4346,2026
Taiwan External Trade Development Council (TAITRA),taitra.org.tw,+886 2 2725 5200,,"Тайбей, Тайвань",Taiwan,,Taiwan External Trade Development Council (TAITRA),"Заснована у 1970 р., TAITRA — провідна напівурядова організація Тайваню. Ваш надійний партнер для пошуку постачальників у сфері енергетики, інфраструктури, ІКТ, БПЛА, відбудови та інших! Шукаємо партнерів з ЄС та України. Завітайте до павільйону Тайваню (Зал 4: 4-B4)!",,+886 2 2725 5200,"Тайбей, Тайвань",Тайвань,https://www.linkedin.com/company/taitra/,https://catalog.pe.com.ua/company/4782,2026
Raiffeisen Bank,raiffeisen.ua,+380 44 230 9998,,"Київ, Україна",Ukraine,,Raiffeisen Bank,"Райффайзен Банк є найбільшим банком з іноземними інвестиціями в Україні та найбільшим кредитором економіки держави, а такожнайбільшим гуманітарним донором серед українських фінансових установ.",,+380 44 230 9998,"Київ, Україна",Україна,https://www.linkedin.com/company/raiffeisen-ua?originalSubdomain=ua,https://catalog.pe.com.ua/company/4472,2026
Auvergne-Rhone-Alpes Region,auvergnerhonealpes.fr,,,Франція,France,,Auvergne-Rhone-Alpes Region,"Регіон Овернь-Рона-Альпи активно займається економічним розвитком, професійною підготовкою, транспортом і мобільністю, а також регіональним плануванням.",,,Франція,Франція,,https://catalog.pe.com.ua/company/4912,2026
"Czech Republic, National Pavilion",,,,Республіка Чехія,Ukraine,,"Czech Republic, National Pavilion",Національний павільйон Чехії.,,,Республіка Чехія,Республіка Чехія,,https://catalog.pe.com.ua/company/4559,2026
Robert Bosch,bosch.ua,,,Україна,Ukraine,,Robert Bosch,"Bosch в Україні -один з найбільших постачальників рішень для автомобільної промисловості, ринку автозапчастин, електроінструментів, систем опалення, кондиціонування та гарячого водопостачання, енергоефективних систем, систем безпеки, промислових технологій і побутової техніки.",,,Україна,Україна,,https://catalog.pe.com.ua/company/5083,2026
Ruukki Ukraine LLC,ruukki.com.ua,,,Україна,Ukraine,,Ruukki Ukraine LLC,ТОВ «Рууккі Україна» — офіційний представник Ruukki Construction (концерн SSAB) в Україні. Компанія виробляє та постачає сталеві покрівельні й фасадні рішення,,,Україна,Україна,,https://catalog.pe.com.ua/company/4889,2026
Smart Logistics Ukraine LLC,smart-lodges.com,+380 98 150 2281,,"Велика Добронь, Закарпатська область, Україна",Ukraine,,Smart Logistics Ukraine LLC,"Перше й єдине в Україні автоматизоване виробництво дерев’яних будівельних систем. Виготовляємо 2D- і 3D-панелі та гібридні конструкції із заводською точністю — для швидкого зведення якісних, екологічних та енергоефективних житлових, комерційних і громадських будівель.",,+380 98 150 2281,"Велика Добронь, Закарпатська область, Україна",Україна,https://www.linkedin.com/company/smart-lodges/,https://catalog.pe.com.ua/company/4620,2026
Union of Ukrainian Entrepreneurs (SUP),sup.org.ua,,,Україна,Ukraine,,Union of Ukrainian Entrepreneurs (SUP),"Спілка щодня працює над тим, щоб інтереси та права підприємців в Україні були захищені, а «правила гри» були зрозумілими для всіх. Спілка вже зараз сприяє залученню інвестицій, формуючи репутацію українських підприємців як сильних та надійних бізнес-партнерів.",,,Україна,Україна,,https://catalog.pe.com.ua/company/4890,2026
CityRail Technology LLC,cityrail.com.ua,,,Україна,Ukraine,,CityRail Technology LLC,"ТОВ СІТІРЕЙЛ ТЕХНОЛОДЖІ – інжинірингова будівельна компанія, що більше 15 років виконує роботи з проектування, будівництва та ремонтів трамвайних шляхів, переїздів та силових ліній у східних та центральних регіонах України.",,,Україна,Україна,,https://catalog.pe.com.ua/company/5084,2026
TAD Private Enterprise,tad.com.ua,+380 67 381 3434,,"Волочиськ, Хмельницька область, Україна",Ukraine,,TAD Private Enterprise,"TAD — провідна українська компанія у сфері негабаритних перевезень, що поєднує логістику та власне виробництво спецтехніки. Понад 600 фахівців, дочірні підприємства в Польщі та США, парк із 230+ причепів і 200 модульних ліній (24–45 т на вісь). Власний завод у Західній Україні — 25 000 м².",,+380 67 381 3434,"Волочиськ, Хмельницька область, Україна",Україна,https://www.linkedin.com/company/trans-auto-d/,https://catalog.pe.com.ua/company/4362,2026
"Ukraine Thermal Energy Cluster, Public Union",tcu.org.ua,+380 67 792 5555,,"Київ, Україна",Ukraine,,"Ukraine Thermal Energy Cluster, Public Union","Теплоенергетичний кластер України — галузеве об’єднання українських виробників теплотехнічного обладнання, інженерних компаній і партнерів. Ми поєднуємо 30 компаній, які створюють і впроваджують енергоефективні рішення для громад, бізнесу та відбудови країни.",,+380 67 792 5555,"Київ, Україна",Україна,https://www.linkedin.com/company/thermal-energy-cluster-of-ukraine/,https://catalog.pe.com.ua/company/4361,2026
Tereshchenko Group of Companies,demontazh-group.com,,,Україна,Ukraine,,Tereshchenko Group of Companies,"Група компаній «Терещенко» — одна з провідних будівельних компаній, заснована в 2000-му році. Ми спеціалізуємося на промисловому демонтажі, рециклінгу та переробці будівельних відходів, розробці котлованів, а також вертикальному плануванні будь-якого рівня складності.",,,Україна,Україна,,https://catalog.pe.com.ua/company/4623,2026
Ukrainian Red Cross Society,redcross.org.ua,,,Україна,Ukraine,,Ukrainian Red Cross Society,"5000 співробітників, 10 000 волонтерів і 200 осередків — Товариство Червоного Хреста України є найбільшою неприбутковою організацією в країні. Вже 107 років воно допомагає тим, хто найбільше цього потребує!",,,Україна,Україна,https://www.linkedin.com/company/ukrainian-red-cross-society/about/,https://catalog.pe.com.ua/company/5138,2026
"Hungary, National Pavilion",,,,Угорщина,Ukraine,,"Hungary, National Pavilion",Національний павільйон Угорщини.,,,Угорщина,Угорщина,,https://catalog.pe.com.ua/company/4567,2026
UK Expertise LLC,ukexpertyza.com.ua,+380 50 450 6084,,"Київ, Тернопіль, Україна",Ukraine,,UK Expertise LLC,"УК Експертиза проводить комплексну експертизу проєктної документації об’єктів усіх класів наслідків (СС1, СС2, СС3) по всій території України, незалежно від джерела фінансування. Наша команда — понад 40 експертів різних напрямів та профільних фахівців.",,+380 50 450 6084,"Київ, Тернопіль, Україна",Україна,,https://catalog.pe.com.ua/company/4363,2026
Ukrainian Water Association (UWA),ukrainian-water-association.org,,,Україна,Ukraine,,Ukrainian Water Association (UWA),"Українська водна асоціація (УВА) — неприбуткова організація, що об’єднує понад 60 компаній, науковців та експертів, які відновлюють водний сектор України через інновації, формування політики та сталi рішення для громад і промисловості.",,,Україна,Україна,,https://catalog.pe.com.ua/company/4474,2026
"Ukrainian Cluster Alliance, Public Union",clusters.org.ua,,,Україна,Ukraine,,"Ukrainian Cluster Alliance, Public Union","Український кластерний альянс (УКА) – це мультигалузева загальнонаціональна спілка підприємств, бізнес-об’єднань, кластерів та кластерних організацій України, що прагнуть розвитку шляхом впровадження засад кластерної кооперації, індустріальних, цифрових та зелених інновацій автоматизації.",,,Україна,Україна,,https://catalog.pe.com.ua/company/4364,2026
Ukrhydroproject PJSC,uhp.kharkov.ua,+380 57 702 1507,,"Харків, Україна",Ukraine,,Ukrhydroproject PJSC,"Засноване у 1927 році, ПРАТ «УКРГІДРОПРОЕКТ» є найбільшою інжиніринговою компанією України у сфері гідроенергетики та гідротехнічного будівництва. Проєктуємо ГЕС, ГАЕС, канали, шлюзи та інші гідротехнічні споруди. З 2022 року займаємось відновленням та захистом об’єктів критичної інфраструктури.",,+380 57 702 1507,"Харків, Україна",Україна,https://www.linkedin.com/company/ukrhydroproject-prjsc/,https://catalog.pe.com.ua/company/4350,2026
Ukrselenergoproekt Scientific and Technical Center LLC,usep.com.ua,,,Україна,Ukraine,,Ukrselenergoproekt Scientific and Technical Center LLC,"ТОВ «НТЦЕ «Укрселенергопроект» надає повний комплекс інжинірингових послуг у сфері енергетики в галузі інженерних вишукувань, проектування та будівництва мереж електропостачання, зокрема: управління проектами, консалтинг, супровід, розробку, узгодження та інтеграцію новітніх технічних рішень.",,,Україна,Україна,,https://catalog.pe.com.ua/company/4621,2026
Ukrturboizol Research and Production Enterprise LLC,uti.ua,,,Україна,Ukraine,,Ukrturboizol Research and Production Enterprise LLC,"УКРТРУБОІЗОЛ - єдиний трубний центр, що забезпечує клієнтів комплексними, сучасними та надійними рішеннями у сфері трубної продукції. Серед них: сталеві та поліетиленові труби, труби для тепломереж, покриття трубної продукції для різноманітних цілей, ізоляційні матеріали тощо.",,,Україна,Україна,https://www.linkedin.com/company/ukrtruboizol/,https://catalog.pe.com.ua/company/4365,2026
FBS-Block LLC,fbs-block.com.ua,,,Україна,Ukraine,,FBS-Block LLC,"Наші бетонні системні блоки дозволяють легко здійснювати модульне будівництво як для довгострокових, так і для тимчасових проєктів. Як багаторазові штабельовані блоки (аналогічно системі Lego), їх можна використовувати майже всюди.Таким чином, ми пропонуємо вам економічно вигідне рішення.",,,Україна,Україна,,https://catalog.pe.com.ua/company/4595,2026
German Federal Ministry for Economic Affairs and Energy (BMWE),bundeswirtschaftsministerium.de,+49 30 1861510,,"Берлін, Німеччина",Germany,3A-4,German Federal Ministry for Economic Affairs and Energy (BMWE),"Німеччина бере участь у заході з «Німецьким павільйоном», що пропонує професійні послуги з налагодження ділових контактів із німецькими компаніями, а також надає вичерпну інформацію про Німеччину як важливий центр ведення бізнесу.",,+49 30 1861510,"Берлін, Німеччина",Німеччина,https://www.linkedin.com/company/bmwe-bund/,https://catalog.pe.com.ua/company/5096,2026
"Kharkiv IT Cluster, Public Union",it-kharkiv.com,+380 73 658 8846,,"Харків, Україна",Ukraine,,"Kharkiv IT Cluster, Public Union","Харківський ІТ Кластер об'єднує 1035+ технологічних компаній, освітніх і бізнес-партнерів в Україні та світі. Залучаємо 90 000+ ІТ-фахівців і підприємців, 53 000+ викладачів, студентів і школярів до програм розвитку екосистеми та міжнародної співпраці.",,+380 73 658 8846,"Харків, Україна",Україна,https://www.linkedin.com/company/kharkiv-it-cluster,https://catalog.pe.com.ua/company/4366,2026
Hobbit House LLC,hobbithouse.com.ua,+380 67 445 6794,,"Київ, Україна",Ukraine,,Hobbit House LLC,"ТОВ Хоббіт Хаус — українська інженерно-виробнича компанія, що спеціалізується на виготовленні модульних залізобетонних укриттів та захисних споруд для виробничих підприємств, складів, для захисту транспорту і критичної інфраструктури.",,+380 67 445 6794,"Київ, Україна",Україна,https://www.linkedin.com/in/hobbit-house/,https://catalog.pe.com.ua/company/4586,2026
Swedish Energy Agency,energimyndigheten.se,,,Швеція,Sweden,,Swedish Energy Agency,"Шведське енергетичне агентство є урядовою установою, відповідальною за питання постачання та використання енергії в Швеції. Зараз воно розширює свої відносини та підтримку України.",,,Швеція,Швеція,,https://catalog.pe.com.ua/company/4940,2026
"Washington State Pavilion, USA",,,,"Штат Вашингтон, США",United States,,"Washington State Pavilion, USA","Павільон штату Вашингтон, США.",,,"Штат Вашингтон, США",США,,https://catalog.pe.com.ua/company/4579,2026
"California State Pavilion, USA",,,,"Каліфорнія, США.",United States,,"California State Pavilion, USA","Павільйон штата Каліфорнія, США.",,,"Каліфорнія, США.",США.,,https://catalog.pe.com.ua/company/4545,2026
Yaro-Bud Private Enterprise,uashelters.com,+380 68 179 0343,,"Миколаїв, Львівська область, Україна",Ukraine,,Yaro-Bud Private Enterprise,ПП «ЯРО-БУД» — відповідальний виробник модульних захисних укриттів цивільного захисту населення в Україні.,,+380 68 179 0343,"Миколаїв, Львівська область, Україна",Україна,https://www.linkedin.com/company/uashelters/,https://catalog.pe.com.ua/company/4622,2026
Eurotechenergo LLC,eurotechenergo.com.ua,+380 67 565 7010,,"Київ, Україна",Ukraine,,Eurotechenergo LLC,"Компанія ""ЄВРОТЕХЕНЕРГО"" пропонує комплекс інженерних рішень в сфері теплоенергетики, починаючи з проектних і монтажних робіт будь-якої складності і закінчуючи виробництвом або будівництвом модульних котелень ""під ключ"" для теплозабезпечення об'єктів різного призначення.",,+380 67 565 7010,"Київ, Україна",Україна,,https://catalog.pe.com.ua/company/4798,2026
"Ireland, National Pavilion",,,,Ірландія,Ukraine,,"Ireland, National Pavilion",Національний павільйон Ірландії.,,,Ірландія,Ірландія,,https://catalog.pe.com.ua/company/4563,2026
"Italy, National Stand",,,,Італія,Italy,,"Italy, National Stand",Національний павільйон Італії.,,,Італія,Італія,,https://catalog.pe.com.ua/company/4574,2026
