company_name,booth,description,email,mobile_primary,domain,full_address,city,linkedin_url
"""AWE POLAND"" SP. Z O.O.",Hala E / e4.36,"Zajmujemy się produkcją wyposażenia ze stali nierdzewnej dla zakładów przetwórstwa spożywczego oraz supermarketów już od 30 lat. Nasze wyroby eksportowane są na wszystkie kontynenty do około 50 krajów świata. Nieustannie wprowadzamy na rynek nowe, własne produkty, a także modernizujemy wcześniejsze rozwiązania, nawiązując do obowiązujących trendów i oczekiwań klientów. Sprawdzony i wysoko wykwalifikowany personel, nowoczesny park maszynowy oraz technologie informatyczne pozwalają nam na zdobywanie coraz szerszego grona odbiorców. Naszym klientom oferujemy fachowe doradztwo. Oprócz standardowych wyrobów realizujemy zamówienia wg indywidualnych życzeń i pomysłów. Wszystkie produkowane przez nas wyroby posiadają atest PZH, wymagane badania i certyfikaty CE. Wysoka jakość wykonania, terminowość oraz zadowolenie klientów to nasze priorytety.",,,https://awe.com.pl,INWALIDÓW 3 85-749 BYDGOSZCZ Poland,BYDGOSZCZ,
"""BUSCH POLSKA"" SPÓŁKA Z OGRANICZONĄ ODPOWIEDZIALNOŚCIĄ",Hala E / E3.31,Products: Pompa próżniowa RA 0305 D,ewa.modrzejewska@busch.com.pl,+48 789 091 760,https://buschvacuum.com,Dedala 7 87-853 Nowa Wieś Poland,Nowa Wieś,
"""DADAUX POLSKA"" SP. Z O.O.",Hala E / E4.28,"Posiadana wiedza oraz doświadczenie pozwalają zaproponować Państwu szeroką gamę maszyn i urządzeń ze stali nierdzewnej. W trosce o naszych klientów i ich oczekiwania nasi inżynierowie każdego dnia pracują aby rozwinąć naszą ofertę oraz podnosić ich jakość, wydajność i wytrzymałość. Wysoki poziom techniczny pozwolił firmie zająć pozycję lidera na rynku europejskim oraz zdobyć bardzo dobrą opinię i zadowolenie użytkowników. Jesteśmy jedynym producentem francuskim oferującym tak szeroki wachlarz modeli, odpowiadających Państwa oczekiwaniom. Zakres naszej oferty, nie mający równych sobie na poziomie europejskim, pozwolił firmie z powodzeniem wejść na rynek międzynarodowy.",,,https://dadaux.com.pl,FABRYCZNA 49A 98-300 WIELUŃ Poland,WIELUŃ,
"""LEVEN GROUP"" SP. Z O.O.",Hala E / E4.24,"Jesteśmy liderami branży oferującej rozwiązania dla profesjonalnej gastronomii, dbając przy tym o środowisko naturalne i ekologię. Przez ponad 18 lat działalności dostarczyliśmy nasze produkty do blisko 2 500 obiektów w całej Polsce. Oferowane przez nas rozwiązania wspierają kucharzy w hotelach, restauracjach, zakładach przemysłowych, portach lotniczych, obiektach cateringowych, obiektach sportowych czy szkołach. Skąd zaufanie, którym nas obdarzono? Zarówno w biznesie, jak i w życiu przyświecają nam konkretne wartości. Wynikająca z nich praca u podstaw, systematyczny rozwój kompetencji, innowacje i profesjonalizm w działaniu, a także dbałość o środowisko – ugruntowały naszą pozycję w branży. Cały czas pracujemy intensywnie – nadal chcemy więcej.",,,https://levengroup.pl,LOGISTYCZNA 23 62-080 SADY Poland,SADY,
"""MOESCHLE POLSKA"" SP. Z O.O.",Hala F / F4.20,"Przedsiębiorstwo Moeschle jest niekwestionowanym liderem w dziedzinie produkcji zbiorników, linii produkcyjnych, specjalistycznej aparatury i wyposażenia ze stali szlachetnej, dla branży spożywczej, chemicznej, farmaceutycznej i wielu innych. Dzięki naszemu doświadczeniu, profesjonalizmowi i innowacyjności możemy zapewnić naszym Klientom najwyższą jakość produktów. Przez 46 lat swojej historii marka Moeschle stała się symbolem niezawodności i jakości co sprawiło że, jest rozpoznawana nie tylko w Europie a również w Azji, Arabii Saudyjskiej, obu Amerykach i na Środkowym Wschodzie.",aleksander.sikorski@moeschle.pl,539267070,https://moeschle.pl,PRZEMYSŁOWA 9 36-065 DYNÓW Poland,DYNÓW,
"""NOMA"" Sp. z o.o",Hala E / E4.23,"Firma NOMA Nowicki Machinery projektuje i produkuje specjalistyczne maszyny oraz automatyczne linie technologiczne dla przemysłu spożywczego — obejmujące procesy takie jak marynowanie, nastrzykiwanie, mieszanie, rozdrabnianie i obróbka cieplna. Ponadto firma oferuje systemy myjące (marka Cleanetic) oraz kompleksowe wsparcie posprzedażowe, w tym serwis i dostawę części zamiennych, aby zagwarantować ciągłość i niezawodność produkcji.",info@noma.tech,+48 46 814 55 00,https://noma.tech,TOMASZOWSKA 90 96-200 PODLAS Poland,PODLAS,
"""NOMA"" SPÓŁKA Z OGRANICZONĄ ODPOWIEDZIALNOŚCIĄ",Hala E / E4.19,,,,,Tomaszowska 90 96-200 Podlas Poland,Podlas,
"""SPOMASZ"" BEŁŻYCE S.A.",Hala E / E1.28A,"Fabryka ""SPOMASZ"" w Bełżycach specjalizuje się w produkcji doskonałej jakości maszyn i urządzeń dla przemysłu spożywczego oraz ciepłownictwa. Od ponad 50 lat firma zapewnia kompleksową realizację zleceń, na którą składają się: projektowanie, produkcja maszyn, urządzeń i całych linii produkcyjnych, montaż oraz serwis. Posiadamy własne biuro konstrukcyjne pracujące w środowisku Auto CAD. Wykonujemy również zlecenia nietypowe, w pełni dostosowane do wymagań klienta. Spomasz specjalizuje się w projektowaniu, wykonywaniu, kompletacji, montażu i serwisie maszyn i urządzeń tworzących: kompletne linie technologiczne i pojedyncze urządzenia zakładów przemysłu spożywczego: mleczarń, wytwórni lodów, ketchupu, majonezów, soków, win, czekolady, ciastek i karmy dla zwierząt; systemy wymiany ciepła dla: domów jednorodzinnych, budownictwa wielorodzinnego i przemysłowego. Na zamówienie wykonujemy także konstrukcje dla każdej branży jako podwykonawca.",,,https://spomasz-belzyce.com.pl,FABRYCZNA 2 24-200 BEŁŻYCE Poland,BEŁŻYCE,
"""UNIROB"" MARCIN I PAWEŁ KUBICCY SPÓŁKA JAWNA",Hala F / F4.14,,,,,AL. WOJSKA POLSKIEGO 31/20 01-515 WARSZAWA Poland,WARSZAWA,
"""UNIROB"" MARCIN I PAWEŁ KUBICCY SPÓŁKA JAWNA",Hala F / F4.10,,,,,AL. WOJSKA POLSKIEGO 31/20 01-515 WARSZAWA Poland,WARSZAWA,
'ELESA + GANTER POLSKA' SP. Z O.O.,Hala E / E3.44,"Elesa+Ganter jest producentem standardowych elementów maszyn takich jak: uchwyty funkcyjne, elektroniczne wskaźniki położenia, rękojeści nastawne, koła, dociskacze szybkomocujące, pokrętła, zawiasy, stopy, zapięcia, trzpienie, zatrzaski, uchwyty, korby, dźwignie, wskaźniki położenia, zamki, elementy hydrauliki, łączniki, magnesy oraz wiele innych.",,,https://elesa-ganter.pl,SŁONECZNA 42A 05-500 STARA IWICZNA Poland,STARA IWICZNA,
'FACH-PAK' Sp. z o.o. Sp.K.,Hala E / E2.20a,"FACH-PAK to firma rodzinna specjalizująca się w produkcji i dystrybucji profesjonalnych opakowań z tworzywa sztucznego dla magazynowania oraz transportu. Z małego rodzinnego przedsiębiorstwa, dzięki zaangażowaniu i wytrwałości, w ciągu ostatnich 20 lat stworzyliśmy dobrze funkcjonującą firmę, która jest liczącym się europejskim dostawcą rozwiązań opakowaniowych. Jesteśmy także pierwszym i jedynym w tej części świata producentem trójściennych higienicznych pojemników izolowanych. Centrala firmy mieści się w centrum Pomorza Środkowego w Słupsku, ale aby być bliżej klientów z pozostałych regionów Polski otworzyliśmy jeszcze dwa biura zewnętrzne w Warszawie oraz w Krakowie. Posiadamy też oddziały zagraniczne w Niemczech i na Litwie oraz liczne biura sprzedaży m.in. w Stanach Zjednoczonych, Anglii, Francji, Danii, Norwegii i Wielkiej Brytanii. Możemy też pochwalić się doskonale rozbudowaną siecią dystrybucji, skupiającą kilkadziesiąt firm zajmujących się promocją oraz sprzedażą naszych opakowań m.in. w Australii, RPA czy Korei, dzięki temu docieramy szybko i profesjonalnie wszędzie tam, gdzie jest zapotrzebowanie na produkty naszej firmy. Zespół FACH-PAK budują ludzie pełni energii i dobrze zmotywowani. Dzięki temu wyprzedzamy konkurencję dokładnością, refleksem oraz zaangażowaniem. Wśród naszych stałych odbiorców znajdziecie Państwo najbardziej rozpoznawane rodzime i globalne marki, ale także małe polskie rodzinne firmy i startupy.",,+48 59 845 50 00,https://fach-pak.com,ARTURA GROTTGERA 16C 76-200 SŁUPSK Poland,SŁUPSK,
3A,Hala E / E2.32,,juo@ngi-global.com,+45 3073 7960,,Virkelyst 5 9400 Norresundby Poland,Norresundby,
Agenci AI,Hala E / E5.24A,,info.pl@csb.com,+ 48 602 699 390,,STRZEGOMSKA 140A 54-429 WROCŁAW Poland,WROCŁAW,
AICON X-RAY,Hala E / E5.37,"AICON X-RAY rozwija zaawansowane systemy kontroli jakości oparte na technologii rentgenowskiej. W praktyce oznacza to, że pomagamy producentom - szczególnie w branży spożywczej - kontrolować produkty na różnych etapach produkcji, aby zapewnić ich bezpieczeństwo i zgodność z najwyższymi standardami jakości. Tworzymy własne technologie, bazując na wieloletnim doświadczeniu w zakresie kontroli rentgenowskiej oraz zaawansowanej analizy obrazu. Dzięki temu możemy opracowywać rozwiązania precyzyjnie dopasowane do potrzeb naszych klientów i specyfiki ich procesów produkcyjnych, zapewniając wysoką skuteczność detekcji i niezawodne działanie. Nasze systemy pomagają wykrywać zanieczyszczenia, takie jak kamienie, szkło czy metal, a jednocześnie wspierają kontrolę jakości i pomagają ograniczać straty produkcyjne. Z naszych rozwiązań korzystają najwięksi producenci żywności na świecie, wykorzystując je na różnych etapach swoich procesów produkcyjnych. W skrócie - pomagamy producentom dostarczać bezpieczniejsze produkty o najwyższej jakości.",t.ochnik@aiconxray.com,+48518298397,https://aiconxray.com,POLECZKI 32 02-822 WARSZAWA Poland,WARSZAWA,
AIR LIQUIDE POLSKA SPÓŁKA Z OGRANICZONĄ ODPOWIEDZIALNOŚCIĄ,Hala E / E2.11B,"Grupa Air Liquide, obecna w 59 krajach, zatrudniająca około 66 500 pracowników i obsługująca 4,3 miliona klientów i pacjentów, jest światowym liderem w dziedzinie gazów, technologii oraz usług dla przemysłu i ochrony zdrowia.",,,https://pl.airliquide.com,JASNOGÓRSKA 9 31-358 KRAKÓW Poland,KRAKÓW,
AIR PRODUCTS SP. Z O.O.,Hala E / E5.29,"Air Products od ponad 30 lat wspiera polski przemysł spożywczy, dostarczając gazy spożywcze, technologie kriogeniczne oraz rozwiązania zwiększające efektywność produkcji i jakość wyrobów. Dzięki wieloletniemu doświadczeniu w chłodzeniu, zamrażaniu i pakowaniu żywności pomagamy producentom tworzyć innowacyjne, bezpieczne i wygodne dla konsumentów produkty. W ofercie Air Products znajdują się nowoczesne rozwiązania Freshline® do mrożenia żywności, w tym systemy IQF (Individual Quick Freezing), tunele zamrażalnicze oraz technologie wspierające krojenie, mieszanie i przetwarzanie produktów spożywczych. Dostarczamy również gazy i mieszanki gazowe do pakowania w atmosferze modyfikowanej (MAP), które pomagają wydłużyć świeżość i trwałość żywności. Jako jeden z największych producentów gazów w Polsce dysponujemy nowoczesnymi zakładami produkcyjnymi oraz rozbudowaną siecią dostaw, zapewniając niezawodną obsługę klientów z całego kraju. Naszych partnerów wspieramy nie tylko dostawą gazów, ale także specjalistycznym doradztwem technologicznym na każdym etapie współpracy. Air Products to globalne doświadczenie, lokalna obecność i innowacyjne rozwiązania, które pomagają producentom żywności zwiększać wydajność, ograniczać straty i podnosić jakość produktów.",infopl@airproducts.com,801 100 107,,KOMITETU OBRONY ROBOTNIKÓW 48 02-146 WARSZAWA Poland,WARSZAWA,
AMES,Hala E / E5.41,,j.komoda@tlc.pl,+48 784 945 986,,MAZOWIECKA 35 05-077 WARSZAWA Poland,WARSZAWA,
AMFI Sp. z o.o.,Hala E / E2.28a,"Najlepsi dostawcy i producenci maszyn, przypraw, chemii przemysłowej i opakowań zamieszczają swoje reklamy na naszych łamach. Firma WOMAT zajmuje się również kompleksową obsługą medialną i reklamową podmiotów gospodarczych. Zapewniamy wykonanie zlecenia - od projektu do ostatecznej realizacji.",,,,JÓZEFA ELSNERA 55A 43-190 MIKOŁÓW Poland,MIKOŁÓW,
AMJADI INTERNATIONAL-POL,Hala E / E5.26,"Firma Amjadi już od trzech pokoleń oferuje jelita naturalne. Jelita baranie sprowadzane są z własnych oraz zaprzyjaźnionych zakładów produkcyjnych. W latach 60tych prowadzeniem firmy zajmował się Asghar Amjadi. W latach 80tych do firmy dołączyli także synowie – Saied Amjadi i Majid Amjadi jako dyrektorzy przedsiębiorstwa. Wtedy właśniezałożyli w Europie, a dokładniej w Niemczech spółkę Amjadi GmbH. Amjadi GmbH powiększyło swoją działalność w roku 2004, po rozszerzeniu Unii Europejskiej na wschód i otworzyło zakład produkcyjny w Polsce. Firma Amjadi jest dostawcą jelit naturalnych baranich najwyższej jakości na terenie całej UE. Wysoką jakość naszych produktów zawdzięczamy ich pochodzeniu, na które ma wpływ również rasa, sposób odżywiania i hodowli zwierząt.",polska@amjadi.com,655419066,https://amjadi.com,BRZOSKWINIOWA 7 64-234 KASZCZOR Poland,KASZCZOR,
ARGELITH POLSKA-POŁUDNIE EDYTA BOGACKA,Hala E / E1.22A,,,,,ZAKĄTEK 34 40-636 KATOWICE Poland,KATOWICE,
ARGOSPAW Tomasz Kaczor,Hala E / E5.46,,,,,GUZÓWKA 26 21-450 GUZÓWKA Poland,GUZÓWKA,
"ARMAPOL PPHU R., M. KUBSIK SPÓŁKA JAWNA",Hala E / E6.25,,,,,MOKRA 49 62-064 PLEWISKA Poland,PLEWISKA,
ASM Skewer machine,Hala E / E5.19b,Automatic skewer production,,,,3882 TR PUTTEN 00040 HOGE ENG-WEST Poland,HOGE ENG-WEST,
ASTAT SP. Z O.O.,Hala E / E3.36,"Oferujemy produkty i rozwiązania 200 krajowych i zagranicznych producentów, a dzięki wieloletnim i dobrym kontaktom handlowym z naszymi dostawcami, proponujemy Klientom atrakcyjne ceny i krótkie terminy dostaw.Naszą filozofię działania można streścić w trzech słowach: DOŚWIADCZENIE, WSPARCIE, KNOW-HOW.Doświadczenie wynika z wieku - jesteśmy w rynku od ponad dwóch dekad, znamy realia, rozumiem rzeczywistość, analizujemy przypadki, wyciągamy wnioski.Wsparcie to nasza misja wobec Klientów, Partnerów, a nierzadko również osobistych Przyjaciół. Nie jesteśmy wyłącznie po to by sprzedawać - jesteśmy po to by pomagać i wspierać.",,,https://astat.pl,JANA HENRYKA DĄBROWSKIEGO 441 60-451 POZNAŃ Poland,POZNAŃ,
Asystent AI Cesy,Hala E / E5.24A,,info.pl@csb.com,+ 48 602 699 390,,STRZEGOMSKA 140A 54-429 WROCŁAW Poland,WROCŁAW,
AUTOCOOK SP. Z O.O.,Hala E / E2.44,"Witamy w Autocook – liderze w produkcji urządzeń ze stali nierdzewnej dla przemysłu spożywczego. Dzięki 30-letniemu doświadczeniu w konstruowaniu i produkcji maszyn do termicznej obróbki produktów spożywczych, stawiamy na najwyższą jakość i staranność w każdym aspekcie naszej działalności.",adam@autocook.pl,+48604233316,https://autocook.pl,SŁONECZNA 87/1 62-052 CHOMĘCICE Poland,CHOMĘCICE,
AVENTES Sp. z o.o.,Hala E / e3.25,"Nasz zespół od ponad trzydziestu lat specjalizuje się w dziedzinie higieny, współpracując z wiodącymi producentami artykułów higienicznych przeznaczonych do ręcznego czyszczenia pomieszczeń produkcyjnych . Technex to lider w dostarczaniu profesjonalnych narzędzi do utrzymania higieny w branży spożywczej i napojów, a także w innych środowiskach o wysokich wymaganiach sanitarnych. W trosce o najwyższe standardy higieny oraz zgodność z przepisami, zwłaszcza w przemyśle spożywczym, opracowujemy innowacyjne, skuteczne i profesjonalne narzędzia do czyszczenia oraz świadczymy specjalistyczne usługi doradcze. Produkty z naszej oferty spełniają wszelkie wymagania w zakresie systemu oznaczenia kolorystycznego narzędzi czyszczących, a także są zgodne z zasadami HACCP oraz kluczowymi standardami bezpieczeństwa żywności, takimi jak FSSC 22000, BRC, IFS i SQF. Dbamy nie tylko o ergonomię i wygodę użytkowania naszych produktów, ale również o ich trwałość i niezawodność, dostosowaną do potrzeb branży docelowej. Ważnym aspektem naszej działalności jest terminowość dostaw – dzięki regularnemu uzupełnianiu i aktualizacji stanów magazynowych, jesteśmy w stanie realizować zamówienia w ciągu 24 lub 48 godzin. Wszystko po to, aby nasi klienci zawsze otrzymywali potrzebne produkty na czas.",,,https://aventes.pl,KRESOWA 24 71-770 SZCZECIN Poland,SZCZECIN,
Aviaris by Weindich,Hala E / E4.14,"Aviaris - wcześniej Weindich HoReCa - to marka z wieloletnim doświadczeniem w obszarze projektowania, wyposażenia i serwisowania profesjonalnej gastronomii. Od lat realizujemy kompleksowe inwestycje dla branży HoReCa. Posiadamy własne biuro projektowe i prowadzimy realizacje całościowo - od koncepcji technologicznej i projektu, przez dobór oraz dostawę urządzeń, aż po montaż, szkolenia personelu i stałe wsparcie serwisowe. Tworzymy spójne, technologicznie dopasowane rozwiązania dla restauracji, hoteli, cateringów, gastronomii przemysłowej oraz kuchni centralnych.",l.stanek@aviaris.pl,+48 608 682 028,https://aviaris.pl,KAROLA ADAMIECKIEGO 8 41-503 CHORZÓW Poland,CHORZÓW,
Baader,Hala E / E2.27b,,sm@eryfood.com,+48 572057612,,DOMANIEWSKA 47/10 02-672 WARSZAWA Poland,WARSZAWA,
BAADER Food Systems Denmark A/S,Hala E / E3.01,,,,,Vestermollevej 9M 8380 Trige Poland,Trige,
BACHA B. GUZICKI I W. GUZICKA SP.J.,Hala E / E3.09,"Oferując swoim klientom najlepsze sprzęty produkcji pierogów i opakowania wykorzystywane w gastronomii oraz handlu. Aktualnie działamy jako agent firmy ANKO w Polsce. Firma ta zajmuje się produkcją maszyn do wyrobów garmażeryjnych, takich jak: formierka do pierogów, maszyna do pierogów, maszyna do pyz czy maszyny do wytwarzania produktów cukierniczych. Sprowadzamy maszyny do pierogów i pyz wykonane z najlepszych materiałów, przy jednoczesnym zachowaniu konkurencyjnych cen. W przypadku formiarek czy pierogarek oferujemy pełną gwarancję, wraz z serwisem gwarancyjnym i pogwarancyjnym. Dysponujemy także wszelkimi niezbędnymi częściami zamiennymi firmy Rheon. Wyposażenie lokali gastronomicznych Oprócz sprzedaży pojedynczych maszyn, zajmujemy się kompleksowym wyposażeniem lokali gastronomicznych, w szczególności zaplecza kuchennego. Nasi klienci mogą liczyć na fachowe doradztwo poparte wieloletnim doświadczeniem. Jesteśmy do dyspozycji od poniedziałku do soboty, jednak, wychodząc naprzeciw Państwa oczekiwaniom, w awaryjnych sytuacjach działamy także poza godzinami pracy. Najważniejsze są dla nas jakość usług oraz Państwa zadowolenie. Dla stałych klientów przygotowaliśmy specjalne promocje. Zachęcamy do zapoznania się z ofertą dostępną na stronie. W razie pytań zapraszamy do kontaktu. Aby proces produkcji pierogów przebiegał tak, jak Państwo tego oczekują, zachęcamy do kontaktu. Wspólnie postaramy się dobrać maszynę, która będzie odpowiednia dla Państwa potrzeb. Maszyny, które oferujemy pozwalają na otrzymanie gotowego produktu.",,,https://bachabg.com.pl,GITAROWA 9 03-029 WARSZAWA Poland,WARSZAWA,
BACHA B. GUZICKI I W. GUZICKA SPÓŁKA JAWNA,Hala E / E2.10b,,,,,Gitarowa 9 03-029 Warszawa Poland,Warszawa,
Bando,Hala E / E5.41,,j.komoda@tlc.pl,+48 784 945 986,,MAZOWIECKA 35 05-077 WARSZAWA Poland,WARSZAWA,
BECK CLIP SYSTEMS SP. Z O.O.,Hala E / E4.26,"BECK CLIP SYSTEMS jest częścią rodzinnej grupy firm BECK z siedzibą w Mauerkirchen w Austrii. Od ponad 20 lat firma BECK produkuje w swoim zakładzie w Austrii aluminiowe klipsy CLIP SYSTEMS dla przemysłu spożywczego i opakowaniowego. Wraz z przejęciem dawnej firmy MAGA (przemianowanej na Beck Clip Systems SP. Z O. O.) w Komornikach/Polska, BECK rozszerzył w 2018 r. asortyment produktów marki CLIP SYSTEMS i obecnie oprócz prasy do mięsa MAGA® oferuje również klipsownice - od ręcznych klipsownic jednorzędowych i dwurzędowych, poprzez klipsownice półautomatyczne oraz w pełni automatyczne urządzenia klipsujące.",+48 690 001 474,+48 690 001 474,https://beck-clipsystems.com,PRZEWOZOWA 13 62-064 PLEWISKA Poland,PLEWISKA,
BECKER POLSKA SPÓŁKA Z OGRANICZONĄ ODPOWIEDZIALNOŚCIĄ,Hala E / E1.26b,,,,,Pianowo 46 4-000 Pianowo Poland,Pianowo,
BENT IRON ENERGY SPÓŁKA Z OGRANICZONĄ ODPOWIEDZIALNOŚCIĄ,Hala E / E3.30,,,,,Golfowa 38/2 41-907 Bytom Poland,Bytom,
Betex,Hala E / E5.41,,j.komoda@tlc.pl,+48 784 945 986,,MAZOWIECKA 35 05-077 WARSZAWA Poland,WARSZAWA,
Bezobsługowe zespoły łożyskowe,Hala E / E2.32,"Higieniczne zespoły łożyskowe NGI zostały stworzone z myślą o bezobsługowej i niezawodnej pracy w wymagających warunkach produkcji i intensywnego mycia. Konstrukcja nie wymaga smarowania, co ogranicza konserwację i ryzyko awarii, zapewniając mniej nieplanowanych przestojów, niższe koszty utrzymania i większy uptime linii produkcyjnej. Certyfikowana higieniczna konstrukcja EHEDG, 3-A i USDA oraz szczelność IP69K ułatwiają skuteczne mycie i eliminują ryzyko zanieczyszczenia produktu smarem.",juo@ngi-global.com,+45 3073 7960,,Virkelyst 5 9400 Norresundby Poland,Norresundby,
BIURO TECHNICZNO-HANDLOWE PRO-MAC MACIEJ SAŁASIŃSKI,Hala E / E5.09a,"PRO-MAC od ponad 30 lat dostarcza rozwiązania zwiększające bezpieczeństwo instalacji elektrycznych w przemyśle. Dla przemysłu spożywczego oferujemy przede wszystkim urządzenia wtykowe z rozłącznikami firmy MARECHAL ELECTRIC. Umożliwiają one szybkie i bezpieczne rozłączanie maszyn pod obciążeniem, ułatwiając prace serwisowe i konserwację. Wysoka szczelność, odporność mechaniczna i chemiczna sprawiają, że rozwiązania te doskonale sprawdzają się w wymagających warunkach zakładów produkcji i przetwórstwa żywności. Products: DS6 Dekontaktory dla przemysłu",w.rutkowski@promac.com.pl,505246024,,Generała Bema 55 91-492 Łódź Poland,Łódź,
Bizerba,Hala E / E3.06,,agata.bochenek@bizerba.com,+48 512 198 003,https://bizerba.com,ANNY WALENTYNOWICZ 10 20-328 LUBLIN Poland,LUBLIN,
BIZERBA POLSKA,Hala E / E3.06,"Bizerba SE & Co. KG to niemieckie przedsiębiorstwo technologiczne z ponad 150‑letnią historią, działające globalnie i specjalizujące się w rozwiązaniach dla ważenia, etykietowania, krojenia oraz systemów pakowania dla przemysłu, handlu i logistyki. Firma dostarcza precyzyjne wagi detaliczne i przemysłowe, systemy etykietowania i kodowania, urządzenia kontrolne oraz oprogramowanie wspierające procesy produkcyjne i logistyczne, a jej produkty i usługi są wykorzystywane m.in. w sektorach detalicznych, spożywczych i przemysłowych.",agata.bochenek@bizerba.com,+48 512 198 003,https://bizerba.com,ANNY WALENTYNOWICZ 10 20-328 LUBLIN Poland,LUBLIN,
Blucher Metal,Hala E / E2.20b,"Firmę BLÜCHER założył duński hydraulik Johannes Blücher Skibild, człowiek z wizją, misją i twardo stąpający po ziemi. Poszukując wyrafinowanego rusztu do instalacji odwadniających, wraz z żoną rozpoczął produkcję rusztów ze stali nierdzewnej w swojej stodole. Od tego czasu grupa BLÜCHER stale poszerza swoją ofertę produktów i usług. Kontynuując rozwój i rzucając wyzwanie przeszłości, wprowadzając nowe projekty i rozwiązania, pozostajemy wierni podstawom dobrego rzemiosła, jakości i praktycznemu podejściu naszego założyciela. Dokładamy wszelkich starań, aby współpraca z nami była jak najłatwiejsza, a Państwo mogli skupić się na złożoności projektu. Większość standardowych produktów jest dostępna w magazynie, a nasze warunki dostaw są elastyczne. Zapewniamy uporządkowaną dokumentację, taką jak katalogi, miniprzewodniki, obiekty BIM oraz obszerną bazę danych produktów online, dostępną w każdej chwili. Oczywiście, wszystkie produkty dostarczane są ze szczegółowym przewodnikiem krok po kroku dotyczącym instalacji, a projekty niestandardowe są wspierane obszerną dokumentacją i rysunkami CAD. Przewodniki można znaleźć na naszej stronie internetowej, na wypadek gdyby Państwa produkt BLÜCHER wymagał konserwacji. Utrzymujemy ten trend, stale ulepszając i poszerzając naszą ofertę produktów, dokumentację i komunikację. Tak jak Johannes Blücher Skibild poszukiwał bardziej wyrafinowanych kratek do rozwiązań odwadniających, tak my stale poszukujemy możliwości rozszerzenia naszych usług i przedstawicielstw na całym świecie, aby dostosować się do lokalnych wymagań, jednocześnie odpowiadając na Państwa specyficzne potrzeby. Dlatego z dumą nawiązaliśmy współpracę z marką Watts, aby oferować wyłącznie najwyższej jakości rozwiązania w zakresie wody.",,,https://blucher.com,Wójtowska 60 44-100 Gliwice Poland,Gliwice,
BOGUMIŁ RAJDA,Hala F / F1.08A,,,,,STAROWIEJSKA 41B 34-120 ANDRYCHÓW Poland,ANDRYCHÓW,
Branżowy CSB ERP,Hala E / E5.24A,,info.pl@csb.com,+ 48 602 699 390,https://csb.com,STRZEGOMSKA 140A 54-429 WROCŁAW Poland,WROCŁAW,
Brokelmann,Hala E / E5.05,,brokelmann@brokelmann.eu,+48713842584,https://brokelmann.eu,STAWNA 6 56-300 MILICZ Poland,MILICZ,
BROKELMANN SP. Z O.O.,Hala E / E5.05,"Brokelmann jest polskim producentem i globalnym dostawcą urządzeń, wyposażenia technologicznego oraz konstrukcji ze stali nierdzewnej dla przemysłu spożywczego, przetwórczego i farmaceutycznego. Od wielu lat dostarczamy rozwiązania dla zakładów przetwórstwa mięsnego, ubojni, masarni, producentów żywności, zakładów gastronomicznych, restauracji oraz sieci handlowych. Łączymy wysoką jakość wykonania, funkcjonalność, trwałość i łatwość utrzymania higieny z możliwością dopasowania produktów do indywidualnych procesów technologicznych. Nasza oferta obejmuje między innymi: Systemy higieny personelu i produkcji Centra i stacje higieny, śluzy sanitarne, myjki do obuwia i fartuchów, urządzenia do mycia i dezynfekcji, suszarki do obuwia i odzieży, dozowniki oraz wyposażenie dodatkowe. Meble i wyposażenie ze stali nierdzewnej Stoły robocze i rozbiorowe, szafostoły, szafy, regały, pulpity, stanowiska produkcyjne oraz wyposażenie pomocnicze projektowane z myślą o wymagających warunkach przemysłu spożywczego. Wózki i systemy transportu wewnętrznego Wózki do farszu Eurobin o pojemności 200 i 300 litrów, wózki wędzarnicze, transportowe i perforowane oraz rozwiązania ułatwiające bezpieczne przemieszczanie surowców i produktów w procesie produkcyjnym. Kotły i urządzenia procesowe Kotły z grzaniem bezpośrednim lub pośrednim, w tym z płaszczem glicerynowym, mieszadłem, systemem wywrotu albo pneumatycznie unoszoną pokrywą. Urządzenia mogą być konfigurowane zgodnie z wymaganiami konkretnego procesu technologicznego. Akcesoria i komponenty ze stali nierdzewnej Mieszadła, wieszaki, tace, pojemniki, elementy mocujące, dozowniki oraz indywidualnie projektowane części i podzespoły. Dysponujemy własnym zapleczem projektowym i produkcyjnym, dlatego realizujemy zarówno standardowe wyposażenie zakładów spożywczych, jak i rozwiązania wykonywane na zamówienie. Wspieramy klientów od etapu opracowania koncepcji i dokumentacji technicznej, przez wykonanie prototypu, aż po produkcję gotowego urządzenia lub wyposażenia. Realizujemy również projekty przemysłowe dla branży kolejowej, automotive i ochrony cywilnej, obejmujące produkcję komponentów, elementów konstrukcyjnych oraz spawanych zespołów ze stali nierdzewnej. Nasze procesy prowadzone są zgodnie z wymaganiami systemu zarządzania jakością ISO 9001:2015 oraz AQAP 2110:2016 Zapraszamy do rozmowy podczas targów Food Tech i do zapoznania się z naszą ofertą wyposażenia dla przemysłu spożywczego. Więcej informacji: [www.brokelmann.eu](http://www.brokelmann.eu)",brokelmann@brokelmann.eu,+48713842584,https://brokelmann.eu,STAWNA 6 56-300 MILICZ Poland,MILICZ,
BST - Narzędzie wykrywalne,Hala E / e3.25,,,,,KRESOWA 24 71-770 SZCZECIN Poland,SZCZECIN,
Busch Vacuum Solutions,Hala E / E3.31,,ewa.modrzejewska@busch.com.pl,+48 789 091 760,https://buschvacuum.com,Dedala 7 87-853 Nowa Wieś Poland,Nowa Wieś,
Casa Blanca Communication GmbH & Co. KG,Hala E / E2.11a,,,,,Blankeneser BahnhofstraBe 46 D-22587 Hamburg Poland,Hamburg,
CHEMAXPOL SP. Z O.O. SP.K.,Hala E / E5.15,"Naszym celem jest dostarczanie klientom takich urządzeń, które nie tylko pozwolą im realizować plany biznesowe, ale również poszerzą zakres ich usług, poprawią wydajność i zoptymalizują koszty mediów w firmie. Jesteśmy obecni na rynku od 2007 roku, z każdym kolejnym rokiem wdrażamy nowe, coraz bardziej innowacyjne rozwiązania z zakresu technologii urządzeń ze stali nierdzewnej i kwasoodpornej. Jesteśmy jednocześnie pomysłodawcami, projektantami i producentami urządzeń myjących, sanitarnych oraz innych bazujących na indywidualnych projektach . Kompleksowo więc podchodzimy do procesu tworzenia maszyn, dzięki czemu doskonale wiemy, co sprawdza się najlepiej, co jeszcze można zmienić i udoskonalić, a także jakie są możliwości naszych poszczególnych produktów. Tworzymy zespół, który podejmuje tylko takie kroki, które mogłyby pomóc naszym klientom. Współpracujemy z wieloma wiodącymi na rynku firmami z branży mięsa czerwonego i białego, branży wędliniarskiej, rybnej, mleczarskiej, spożywczej i rolniczej. Nasze maszyny powstają w oparciu o najnowszą technologię, spełniają wysokie wymagania sanitarne, a także w znaczącym stopniu optymalizują procesy zachodzące w przedsiębiorstwach produkcyjnych. Chcąc zapewnić naszym klientom jeszcze lepsze warunki rozwoju i dostarczać im najlepsze urządzenia, wdrożyliśmy System Zarządzania Jakością ISO 9001:2015. To nie tylko potwierdza nasze ogromne zaangażowanie w pracę, jaką wykonujemy, ale jest też sygnałem dla naszych stałych i potencjalnych klientów, że wciąż się rozwijamy i dostosowujemy do zmieniających się wymogów jakościowych. Wiemy, jak ważne jest precyzyjne dopasowanie rozwiązania do działań i charakteru firmy. Realizujemy więc nie tylko autorskie projekty, ale też jesteśmy w stanie wykonać urządzenia na specjalne zamówienie klienta. Realizujemy mniej i bardziej skomplikowane projekty, doradzamy klientom w zakresie urządzeń myjących i sanitarnych, dzieląc się z nimi zdobytą przez długie lata wiedzą. Wspólnie pracujemy nad rozwojem naszym i naszych klientów. Dysponujemy nowoczesnym zapleczem technologicznym. Posiadamy maszyny i systemy, które pozwalają nam wykorzystać dostępne na rynku innowacje w celu tworzenia produktów w możliwie jak najkrótszym czasie przy jednoczesnym zachowaniu ich wysokiej jakości. Wśród nich są specjalistyczne urządzenia CNC, łącznie z nowoczesnym systemem wycinania elementów z blachy „water jet” Wykorzystujemy technologie CNC z zakresu cięcia, obróbki plastycznej i obróbki skrawaniem. Jednocześnie tworzymy zespół wyspecjalizowanych fachowców, którzy maksymalnie wykorzystują potencjał tych urządzeń. Tworzymy to, czego brakuje naszym klientom.",,,https://chemaxpol.com,OSTASZEWO 38 87-148 OSTASZEWO Poland,OSTASZEWO,
Chiaravalli,Hala E / E5.41,,j.komoda@tlc.pl,+48 784 945 986,,MAZOWIECKA 35 05-077 WARSZAWA Poland,WARSZAWA,
CHIORINO,Hala E / e5.27,"Chiorino Sp. z o.o. (działająca pod marką Chiorino) to polski oddział międzynarodowej grupy Chiorino Group, która od 1906 roku produkuje i dystrybuuje techniczne pasy przenośnikowe, pasy napędowe oraz taśmy transportowe i modularne stosowane w różnych gałęziach przemysłu i automatyce. Firma oferuje rozwiązania pasowe dopasowane do specyficznych potrzeb klientów oraz doradztwo techniczne i wsparcie inżynieryjne, a jej wyroby wykorzystywane są m.in. w przemyśle spożywczym, logistycznym, lotniskowym, papierniczym i innych aplikacjach związanych z transportem i przenoszeniem materiałów. Chiorino Polska obsługuje rynek polski oraz kraje regionu, zapewniając terminowe dostawy i serwis techniczny, a jej portfolio obejmuje także taśmy z dopasowanymi właściwościami, np. odporne na ścieranie czy higieniczne.",,,https://chiorino.com.pl,PIĘKNA 13 85-303 BYDGOSZCZ Poland,BYDGOSZCZ,
CLEANACCESS Sp. z o.o,Hala E / E3.07,"CleanAccess to zespół profesjonalistów z bogatym doświadczeniem w zakresie higieny i bezpieczeństwa żywności. Firma projektuje, produkuje i wdraża systemy mycia (średniego i niskiego ciśnienia), stacje dozowania chemii, satelity myjące oraz akcesoria ze stali nierdzewnej, przeznaczone dla zakładów przemysłu spożywczego.",sales@clean-access.com,698209050,https://clean-access.com,KS. PIOTRA ŚCIEGIENNEGO 252 25-116 KIELCE Poland,KIELCE,
CLEANETIC,Hala E / E4.23,,info@noma.tech,+48 46 814 55 00,,TOMASZOWSKA 90 96-200 PODLAS Poland,PODLAS,
CRC,Hala E / E5.41,,j.komoda@tlc.pl,+48 784 945 986,,MAZOWIECKA 35 05-077 WARSZAWA Poland,WARSZAWA,
CRC Industries Europe,Hala E / E2.30A,"All around the world, there’s work that needs to get done, and people are counting on you to do it. Whether you’re part of a service crew serving a city’s electrical grid, a machine operator preparing the ground for a new building, a mechanic doing a routine brake job or a parent tuning up the family bikes for a big Sunday ride, you keep everyone moving forward in a world that never stops—and you can count on CRC to help you on every job and every project. For over 60 years, we've been rolling up our sleeves to create specialty products and solutions that help you get the important work done. We go on-site with the people doing the work —watching, listening, and getting our hands dirty to understand exactly what you need. Then we test the work, getting our products into the hands of professionals and DIYers to ensure it makes the work easier, more efficient, and all-around better. That's why we're confident our products will always perform, and with CRC by your side, we know you'll be ready to take on any project that comes your way. CRC is ISO 9001 certified and adheres to the strictest guidelines for quality in all facets of research, development and production.",,,,Wilcza 31/1a 00-544 Warszawa Poland,Warszawa,
CSB Vision,Hala E / E5.24A,,info.pl@csb.com,+ 48 602 699 390,https://csb.com,STRZEGOMSKA 140A 54-429 WROCŁAW Poland,WROCŁAW,
CSB-SYSTEM POLSKA SPÓŁKA Z OGRANICZONĄ ODPOWIEDZIALNOŚCIĄ,Hala E / E5.24A,"CSB-System już od niemal 50 lat specjalizuje się w rozwiązaniach dla przemysłu spożywczego, w tym dla branży mięsnej, piekarsko-cukierniczej i słodyczy, rybnej, owocowo-warzywnej, mleczarskiej oraz wyrobów delikatesowych i napojów. Te branże są oparte na procesach. Mają one wiele cech wspólnych, ale są też spore różnice. Ta specyfika branżowa jest odwzorowana w oprogramowaniu. Na co dzień wspieramy firmy spożywcze w cyfryzacji produkcji, traceability, automatyzacji i optymalizacji procesów oraz w budowaniu inteligentnej fabryki. Dodatkowo, nasz system płynnie integruje się z liniami etykietująco-ważącymi, drukarkami, skanerami i systemami zewnętrznych producentów. Jako globalny partner w transformacji cyfrowej posiadamy 25 spółek partnerskich na świecie, w tym CSB-System Polska we Wrocławiu. Taki model organizacji gwarantuje sprawną obsługę klientów w ponad 50 krajach, a nasz system pracuje obecnie w ponad 1200 instalacjach i jest dostępny w 25 wersjach językowych. Products: Komputer przemysłowy CSB Rack",info.pl@csb.com,+ 48 602 699 390,https://csb.com,STRZEGOMSKA 140A 54-429 WROCŁAW Poland,WROCŁAW,
CUTLERY SOLUTIONS MICHAŁ BRZESKI,Hala E / E5.13b,,,,,GAJÓWKA KLONOWA 10 26-200 DYSZÓW Poland,DYSZÓW,
Dariusz Jezierski Dar Ogrodu,Hala E / E4.41,"Wszystko zaczęło się od prasy prababci Felicji. Dziś łączymy rodzinne tradycje z nowoczesną technologią, by w każdej butelce zamknąć to, co w owocach najlepsze.",,,https://darogrodu.pl,BRUDZEW 28 98-235 BRUDZEW Poland,BRUDZEW,
DARIUSZ KUSZKOWSKI DAREX,Hala E / E2.33,"Nazywam się Darek Kuszkowski i od 15 lat prowadzę rodzinną firmę Darex. Kiedyś nie przypuszczałem nawet, że moje życie zawodowe potoczy się tak, jak wielu może tylko marzyć. Moją pasją zawsze był i jest zdrowy tryb życia, a więc związana z nim aktywność fizyczna, powysiłkowa regeneracja ciała i ducha oraz wszystko to, co pomaga zachować dobry stan zdrowia i świetną kondycje. Gdy odkryłem cudowną moc masażu, a na mojej drodze stanęły fotele do masażu, wiedziałem, że to pasja, która zdominuje także moje życie zawodowe. Urządzenia do masażu każdy z nas powinien mieć w zasięgu swojej ręki, a więc od piętnastu lat nasza firma oferuje je klientom, którzy – tak jak i my – rozumieją konieczność dbania od własne zdrowie, o dobrą kondycję zarówno ciała, jak i ducha. Klientom proponujemy sprzęt, który jest niezawodny i bezpieczny w użytkowaniu. Nasza firma ma w swojej ofercie fotele do masażu, które dziś stały się urządzeniami prezentującymi najnowsze rozwiązania techniczne. Posiadają funkcje, o których 15 lat temu nie można było nawet marzyć. Fotele masujące – producent Prezentowane fotele masujące i akcesoria do masażu produkowane są w Chinach, w renomowanych fabrykach, których jesteśmy jedynym partnerem w Polsce. Co roku uczestniczymy w szkoleniach producenckich organizowanych dla przedstawicieli z całego świata, a to pozwala nam zapewniać naszym klientom opiekę gwarancyjną i posprzedażną na najwyższym poziomie. Fotele do masażu – gdzie kupić? Wzorcownia naszej firmy mieści się w Warszawie, przy ul. Przydrożnej 38A, gdzie można oglądać fotele po wcześniejszym umówieniu wizyty. Urządzenia prezentujemy też na licznych targach i kongresach krajowych. O wszystkich imprezach informujemy na naszej stronie na Facebooku.",,,,PRZYDROŻNA 38A 03-253 WARSZAWA Poland,WARSZAWA,
DESPOL SP. Z O.O.,Hala E / E5.38a,"Despol - maszyny i wyposażenie do produkcji żywności. Od ponad 30 lat rozwiązujemy realne problemy produkcyjne naszych klientów – od małych masarni po dużych producentów zaopatrujących sieci handlowe. Doradzamy, dobieramy i wdrażamy kompletne rozwiązania technologiczne dopasowane do procesu produkcyjnego klienta. Współpracujemy z czołowymi europejskimi producentami (KOLBE, MAJA, MAINCA, JBT Alco, Henkovac, Rational i inni). Na bieżąco śledzimy nowe technologie, dzięki czemu nasi klienci jako pierwsi poznają innowacje w branży. Posiadamy certyfikaty ISO potwierdzające jakość i wiarygodność naszych usług. Zapewniamy pełne wsparcie techniczne, serwis i części zamienne na każdym etapie współpracy.",,22 380 44 88,https://despol.com.pl,PUŁAWSKA 506/508 02-884 WARSZAWA Poland,WARSZAWA,
DICHTOMATIK,Hala E / E5.41,,j.komoda@tlc.pl,+48 784 945 986,,MAZOWIECKA 35 05-077 WARSZAWA Poland,WARSZAWA,
DITEX SP. Z O.O.,Hala E / E3.39,"Jesteśmy wiodącym dostawcą automatyki bramowej, bram szybkobieżnych i spiralnych, systemów przeładunkowych i bram PPOŻ na polskim rynku. Jako generalny dystrybutor renomowanych marek, takich jak Roger Technology®, BMP Europe, Thermicroll S.r.l., AMTR System oraz NGR Technologie, oferujemy kompleksowe i innowacyjne rozwiązania dostosowane do potrzeb naszych klientów. Nasza Misja Jesteśmy zaufanymi partnerami biznesowymi naszych Klientów. Misją naszej firmy jest zapewnienie bezpieczeństwa i rozwoju biznesu naszym klientom oraz bezpiecznego użytkowania ich odbiorcom poprzez: – najwyższej jakości produkty i usługi serwisowe – edukowanie rynku w obszarze bezpieczeństwa, norm prawnych i innowacji, sprzedaży i marketingu – zaangażowanie, szczerość i serdeczbość w relacjach biznesowych i obsłudze Nasza Oferta Automatyka do bram i szlabanów Roger Technology Roger Technology® to lider w dziedzinie automatyki do bram i szlabanów, oferujący innowacyjne rozwiązania, które łączą zaawansowaną technologię z niezawodnością i łatwością użytkowania. Jako generalny dystrybutor, zapewniamy pełną gamę produktów oraz wsparcie techniczne na najwyższym poziomie. Bramy szybkobieżne BMP Europe i spiralne Thermicroll S.r.l. BMP Europe oraz Thermicroll S.r.l. to synonim szybkości, wydajności i trwałości. Nasze bramy szybkobieżne i spiralne są idealnym rozwiązaniem dla firm, które cenią sobie oszczędność czasu i energii. Dzięki współpracy z tymi włoskimi dostawcami, oferujemy produkty, które spełniają najwyższe standardy jakości. Systemy przeładunkowe AMTR System W logistyce kluczową rolę odgrywają efektywne i bezpieczne systemy przeładunkowe. AMTR System to gwarancja niezawodności i funkcjonalności, które usprawniają procesy logistyczne i zwiększają efektywność operacyjną. Bramy przeciwpożarowe NGR Technologie Bezpieczeństwo jest naszym priorytetem. Bramy przeciwpożarowe NGR Technologie to zaawansowane technologicznie rozwiązania, które zapewniają najwyższy poziom ochrony w sytuacjach awaryjnych. Współpracując z NGR Technologie, oferujemy produkty, które chronią ludzi i mienie. Dlaczego My? Ditex Sp. z o.o. to nie tylko produkty najwyższej jakości, ale także zespół ekspertów, którzy z pasją i zaangażowaniem wspierają klientów na każdym etapie współpracy. Nasze doświadczenie, profesjonalizm oraz indywidualne podejście do każdego projektu gwarantują, że znajdziemy rozwiązanie idealnie dopasowane do Państwa potrzeb. Zapraszamy do kontaktu i współpracy. Razem tworzymy bezpieczną i nowoczesną przyszłość.",,,https://ditex.com.pl,LIPOWA 12 56-410 DOBROSZYCE Poland,DOBROSZYCE,
DOBOPACK TRADING SPÓŁKA Z OGRANICZONĄ ODPOWIEDZIALNOŚCIĄ,Hala E / E1.15,,,,,LUDWIKA RYDYGIERA 8 01-793 WARSZAWA Poland,WARSZAWA,
Donghua,Hala E / E5.41,,j.komoda@tlc.pl,+48 784 945 986,,MAZOWIECKA 35 05-077 WARSZAWA Poland,WARSZAWA,
DS6 Dekontaktory dla przemysłu,Hala E / E5.09a,"DS6 to rozłączalne urządzenie wtykowe wg IEC/EN 60309-1. Rozłączalne przez naciśnięcie przycisku. Zwarta obudowa. Materiał obudowy: tworzywo sztuczne (IK08) lub metal (IK09). Srebrne styki z dociskiem czołowym. Możliwość kodowania 24 pozycji. Zabezpieczenie przed porażeniem przez obrotową tarczę zabezpieczającą. Stopień ochrony: IP66/67. Prąd znamionowy (In): 90A. Napięcie maksymalne (Umax): 1000V AC / 250V DC. Przekrój przewodu (min-maks): 10-35 mm² (drut), 10-25 mm² (linka).",w.rutkowski@promac.com.pl,505246024,,Generała Bema 55 91-492 Łódź Poland,Łódź,
EAPOL SP. Z O.O.,Hala F / F1.14b,"Od samego początku pasja do technologii stanowiła fundament firmy EAPOL. Naszym głównym celem było stworzenie innowacyjnej organizacji, która odmieni przemysł poprzez zastosowanie najnowocześniejszych rozwiązań w dziedzinie automatyki przemysłowej i budowy maszyn. Jako założyciele firmy mieliśmy wyraźną wizję tego, jakie korzyści mogą przynieść: zaawansowana technologia, sprawny serwis i jakość usług. Determinacja i zaangażowanie sprawiły, że staliśmy się marką rozpoznawalną w branży automatyki. Nasi inżynierowie to zespół utalentowanych, kreatywnych i rzetelnych osób, które nie boją się wyzwań. Jesteśmy specjalistami w projektowaniu i wdrażaniu kompleksowych rozwiązań automatyzacji, pozwalających klientom zwiększać wydajność i konkurencyjność na rynku, przy jednoczesnym redukowaniu kosztów. W ciągu ostatnich lat zdobywaliśmy doświadczenie dzięki pracy dla różnych branż – od produkcji przemysłowej, poprzez przemysł chemiczny, aż po sektor medyczny. Nasza wiedza i umiejętności pozwalają nam dostosowywać rozwiązania do indywidualnych potrzeb każdego klienta.",,,https://eapol.pl,ADAMA MICKIEWICZA 37/58 01-625 WARSZAWA Poland,WARSZAWA,
ECO-CLEAN TOMASZ MALANOWICZ,Hala E / E2.08a,"ECO-CLEAN to rodzinna firma o profilu handlowo-usługowym założona przez Janusza Malanowicza, która od 1991r. wprowadza na polski rynek najnowocześniejsze technologie związane z szeroko rozumianym utrzymaniem czystości i higieny pracy. PRZESZŁOŚĆ – jako wyłączny importer wprowadziliśmy do kraju produkty popularnych dzisiaj producentów: GANSOW, Karcher, Multicar, Ceccato, Fiedler, Simed, Toro, COSECO, MEC, Pesci, Nilfisk czy Nordengineering. Z większością współpracujemy do dziś. PRZYSZŁOŚĆ, czyli teraźniejszość – aby przyszłość jawiła się w jasnych kolorach należy tworzyć ją tu i teraz według ustalonych wartości i kryteriów. Naszym kluczowym założeniem jest dbałość o posprzedażowe zadowolenie klienta. Specyfika pracy w środowisku brudnym wymaga nie tylko wysokiej jakości sprzętu, ale również właściwej jego obsługi i konserwacji. W związku z powyższym utrzymujemy stały kontakt z użytkownikami i wspieramy operatorów na bieżąco 24/7. Dziś kreujemy rzeczywistość oferując proekologiczne i efektywne rozwiązania naszych zachodnich partnerów: GANSOW – jedyne w Polsce maszyny szorująco-zbierające klasy premium EGHOLM – wszechstronne nośniki osprzętu komunalnego z najszybszym przezbrojeniem na rynku TENAX – jedyny producent 100 % elektrycznych zamiatarek w Europie z kilkunastoletnim doświadczeniem SARTORI AMBIENTE – przyjazny człowiekowi system segregacji odpadów u źródła Zapraszam Państwa do zapoznania się z naszą ofertą i mam nadzieję, że wkrótce będziemy mogli ze sobą współpracować.",,,https://ecoclean.pl,MIKULCZYCKA 2 42-675 ZIEMIĘCICE Poland,ZIEMIĘCICE,
EHEDG,Hala E / E2.32,,juo@ngi-global.com,+45 3073 7960,,Virkelyst 5 9400 Norresundby Poland,Norresundby,
eich,Hala E / E5.41,,j.komoda@tlc.pl,+48 784 945 986,,MAZOWIECKA 35 05-077 WARSZAWA Poland,WARSZAWA,
Eilersen Electric,Hala E / E2.29a,"Eilersen to duński producent cyfrowych przetworników siły (load cells), specjalizujący się w wymagających aplikacjach przetwórczych, takich jak zbiorniki, mieszalniki, bębny, naczynia podające do wirówek, mobilne zbiorniki oraz inne systemy, w których niezawodność i dokładność są kluczowe. Cyfrowe przetworniki siły Eilersen są znane ze swojej wyjątkowej niezawodności, dokładności i wytrzymałości, co czyni je idealnym wyborem do zastosowań w przemyśle spożywczym. Serce technologii Eilersen stanowi bezstykowy sensor ceramiczny, zdolny wytrzymać przeciążenia i siły boczne do 1000% swojej nominalnej nośności, minimalizując odchylenia, konieczność konserwacji i przestoje w produkcji. Dzięki sprawdzonej wydajności w najbardziej wymagających środowiskach przetwórczych, Eilersen nadal wyznacza standardy precyzyjnego ważenia w przemyśle spożywczym. Dlaczego warto odwiedzić nasze stoisko? Aby zobaczyć najbardziej wytrzymałe i niezawodne przetworniki siły na świecie!",,+48 535 959 289,https://eilersen.com,Industripark 4 2980 Kokkedal Poland,Kokkedal,
EKOMEX-PILŚNIAK SP. Z O.O. SP.K.,Hala E / E4.06,"Firma Ekomex-Pilśniak została założona w 1998 roku w oparciu o wieloletnie doświadczenie w serwisie i naprawie maszyn w połączeniu ze znajomością technologii produkcji mięsa. Od 1999 roku projektujemy i produkujemy maszyny dla przemysłu spożywczego pod własną marką, realizując zamówienia z całego świata.",,,https://ekomex.com.pl,CZĘSTOCHOWSKA 49A 42-140 PANKI Poland,PANKI,
ELPRESS POLAND,Hala E / E2.04,"Elpress jest wiodącym producentem w dziedzinie higieny. Skupiamy się na dostarczaniu kompleksowych rozwiązań: systemów czyszczenia nastawionych na klienta. Profesjonalnie zintegrowanych i dostosowanych do twojej firmy. Poprzez uproszczenie procesów i dzielenie się wiedzą, nasza szeroka gama produktów pozwala nam podnieść jakość twojej pracy. Elpress jest innowacyjny w dziedzinie higieny przemysłowej od ponad trzydziestu lat. Staramy się utrzymać pozycję lidera w rozwoju rynku poprzez projektowanie i wdrażanie systemów w najbardziej skomplikowanych sektorach branży higienicznej . Jesteśmy dumni, że wiele naszych produktów wyznacza standardy w tej branży. By utrzymać wysoki poziom innowacyjności zatrudniamy duży zespół profesjonalistów. Mamy wobec siebie bardzo wysokie wymagania, a co najważniejsze, słuchamy naszych klientów. Taka polityka pozwala nam na rozwój, produkcję, dostawę i utrzymanie efektywnych rozwiązań.",rt@elpress.com,+48536000036,https://elpress.com,Handelstraat 21 5831 AV Boxmeer Poland,AV Boxmeer,
Empra MARIUSZ KUCHARCZYK,Hala E / E2.23a,Firma EMPRA jest producentem maszyn do pakowania próżniowego produktów na tackach oraz wyłącznym przedstawicielem hiszpańskiej firmy Ramon - producenta pakowarek próżniowych oraz maszyn do przetwórstwa mięsa. EMPRA powstała w 2007 roku. Od początku profil działalności firmy byl związany z dostarczaniem klientom wysokiej jakości maszyn do pakowania próżniowego oraz zapewnienie ich niezawodnego działania przez długie lata. Przez 13 lat działalność firmy EMPRA rozszerzała się kolejno o sprzedaż materiałów opakowaniowych oraz materiałow do maszyn oraz o własną produkcję maszyn.,,,https://empra.com.pl,PUŁTUSKA 109A 06-120 WINNICA Poland,WINNICA,
ENRECO SP. Z O.O.,Hala E / E5.23a,"Zajmujemy się energią. Energią w postaci chłodu, ciepła, energii elektrycznej, pary i innych mediów, wykorzystywanych w wielu branżach gospodarki. Głębokie zrozumienie inżynierskie pozwala naszym zespołom dostarczać technologię o najwyższej efektywności energetycznej, bez względu na medium. Mowa o efektywności energetycznej, która oszczędza pieniądze naszych Klientów oraz minimalizuje szkodliwy wpływ na środowisko. EKO-nomia i EKO-logia – tylko razem, nigdy jedno bez drugiego. Głęboko wierzymy, że najlepsze rozwiązania jednocześnie są opłacalne pod względem czysto ekonomicznym i są czyste pod względem środowiskowym. Na równym poziomie do technologii stawiamy wzorową organizację pracy i komunikację z Klientem lub placem budowy. W tym celu korzystamy z najnowocześniejszych narzędzi do prowadzenia projektów. Narzędzia te pomagają unikać strat takich, jak przestoje, marnotrawstwo i niepotrzebne zmiany tak podczas trwania budowy, jak i przygotowania do niej.",info@enreco.pl,+48 788673416,https://enreco.pl,LEGIONÓW 115 05-200 WOŁOMIN Poland,WOŁOMIN,
ERY FOOD MACHINERY,Hala E / E2.27b,,sm@eryfood.com,+48 572057612,https://eryfood.com,DOMANIEWSKA 47/10 02-672 WARSZAWA Poland,WARSZAWA,
EXA22 Sp. z o.o.,Hala F / F2.15,"Exa22 to zespół inżynierów, ekspertów i pasjonatów technologii, którzy specjalizują się w realizacji odważnych pomysłów przedsiębiorców. Jesteśmy partnerem dla firm poszukujących zaawansowanych, dedykowanych rozwiązań w zakresie mechatroniki. Nasze doświadczenie w oprogramowaniu, elektronice i mechanice pozwala nam tworzyć innowacyjne produkty, które odpowiadają na specyficzne potrzeby naszych klientów. Z nami zyskujesz dostęp do zespołu, który nie tylko rozumie technologię, ale potrafi ją przekuć w realny sukces Twojego biznesu. To właśnie ludzie exa22 sprawiają, że niemożliwe staje się możliwe.",info@exa22.com,+48 789 801 940,https://exa22.com,ZAKOPIAŃSKA 175 30-435 KRAKÓW Poland,KRAKÓW,
F.H. Najbar,Hala E / E3.41,"Maszyny do przetwórstwa owoców i warzyw – technologia dopasowana do Twoich potrzeb. Oferujemy szeroki zakres rozwiązań, w tym urządzenia do mycia i sortowania, systemy obierania i krojenia, technologie do dozowania, pakowania i paletyzacji, kompletne linie przetwórcze dla sektora owocowo-warzywnego. Każdy projekt tworzymy indywidualnie, w oparciu o specyfikę Twojego zakładu, layout hali i rodzaj przetwarzanych surowców. Dostarczamy nie tylko maszyny — zapewniamy pełne wsparcie: doradztwo, projekt, instalację, szkolenie operatorów oraz serwis na terenie całej Polski.",najbar@najbar.com.pl,+12 411 59 59,https://najbar.com.pl,KS. BP. WŁADYSŁAWA BANDURSKIEGO 22/2 31-515 KRAKÓW Poland,KRAKÓW,
FAG,Hala E / E5.41,,j.komoda@tlc.pl,+48 784 945 986,,MAZOWIECKA 35 05-077 WARSZAWA Poland,WARSZAWA,
FAIR PLAY PLUS,Hala E / E4.35,"Fair Play Plus to dostawca kompleksowych rozwiązań w zakresie utrzymania czystości i higieny. Od ponad 20 lat kompleksowo obsługujemy firmy sprzątające oraz wspieramy zakłady produkcyjne, przetwórcze, logistyczne i usługowe, dostarczając nowoczesne technologie czyszczenia oraz profesjonalne środki higieny. Nasza oferta obejmuje maszyny sprzątające, odkurzacze przemysłowe, parownice i odkurzacze parowe, a także szeroki asortyment chemii profesjonalnej, artykułów higienicznych i akcesoriów do sprzątania. Dostarczane przez nas produkty spełniają wymagania systemów jakości i bezpieczeństwa żywności, w tym norm HACCP. Oferujemy również doradztwo w doborze technologii czyszczenia, szkolenia z obsługi sprzętu oraz stałe wsparcie serwisowe. Celem Fair Play Plus jest dostarczanie rozwiązań, które łączą skuteczność, oszczędność i troskę o środowisko, pomagając firmom utrzymać najwyższe standardy higieny w każdej strefie produkcji i zaplecza.",biuro@fairplayplus.pl,801 000 115,https://fairplayplus.pl,JÓZEFA PIŁSUDSKIEGO 148 05-091 ZĄBKI Poland,ZĄBKI,
FAM - STUMABO POLSKA Sp. z o.o.,Hala E / E3.43,"FAM STUMABO projektuje i dostarcza specjalistyczne maszyny do krojenia, szatkowania i kostkowania dla przemysłu spożywczego — m.in. mięsa, drobiu, ryb, serów, warzyw i owoców. Ponadto firma oferuje kompleksowe wsparcie klienta: testowanie produktów w centrum R&D, dobór odpowiednich rozwiązań oraz serwis części zamiennych i narzędzi tnących.",,,https://fam-stumabo.pl,WOŁCZYŃSKA 65 62-064 PLEWISKA Poland,PLEWISKA,
FANUC POLSKA Sp. z o.o.,Hala E / E4.32,"FANUC jest światowym pionierem w dziedzinie automatyzacji fabryk oraz liderem technologicznym w zakresie CNC, robotyki i maszyn ROBOMACHINE. Jako prekursor zaawansowanych technologii, od lat 50. XX wieku rewolucjonizujemy procesy produkcyjne na całym świecie. Opierając się na naszym zaangażowaniu w nieustanne innowacje, tworzymy produkty o najwyższej niezawodności, precyzji i wydajności. Wchodząc w erę szybkiego rozwoju technologicznego, nasza misja pozostaje niezmienna: dostarczać przemysłom na całym świecie narzędzia niezbędne do sprostania wyzwaniom jutra.",,,https://fanuc.eu,SAKURY 2 51-117 WROCŁAW Poland,WROCŁAW,
FC FOODCONCEPT Sp. z o. o.,Hala E / e2.39,"FC Foodconcept dostarcza specjalistyczne maszyny i kompletne linie technologiczne przeznaczone dla zakładów przetwórstwa spożywczego, zwłaszcza mięsa i ryb. Firma oferuje również systemy pakowania, dozowania, transportu opakowań oraz usługi szkoleniowe, serwisowe i części zamienne dla tych linii produkcyjnych.",,,https://food-concept.eu,PRZEMYSŁOWA 4 83-050 KOLBUDY Poland,KOLBUDY,
FFT FUTURE FOOD TECHNOLOGIES,Hala E / e2.16,"Future Food Technologies jest sprawdzonym dostawcą technologii dla branży spożywczej w zakresie przemysłowego wychładzania i zamrażania żywności. Nasze technologie zawierają wiele innowacyjnych rozwiązań optymalizujących procesy, zwiększających bezpieczeństwo przetwarzania produktów spożywczych jak również skutecznie optymalizujących uzyski.",,,https://futurefoodtechnologies.com,MIKOŁOWSKA 50 41-400 MYSŁOWICE Poland,MYSŁOWICE,
Fiinu Prosta Spółka Akcyjna [dawniej: Everfex],Hala E / E2.19a,"Twój partner w stabilnym handlu międzynarodowym. Fiinu łączy wieloletnie doświadczenie w obsłudze finansowej firm z tworzeniem zaawansowanych rozwiązań IT dla biznesu. Naszą misją jest dostarczanie sektora MŚP najwyższej jakości rozwiązań walutowych (FX), które skutecznie eliminują ryzyko wahań kursowych. Obsługując transakcje o wartości ponad 1 miliarda dolarów rocznie, gwarantujemy nie tylko bezpieczeństwo, ale i konkurencyjne ceny. Stawiamy na proste, technologiczne i efektywne rozwiązania, które natychmiast przekładają się na wymierne korzyści dla Twojej firmy.",Łukasz Smardzewski lukasz.smardzewski@fiinu.com,Łukasz Smardzewski +48 735 959 824,https://fiinuplc.com,ul. Marszałkowska 58 00-545 WARSZAWA Poland,WARSZAWA,
FOLPOL,Hala E / E2.05B,"Firma FOLPOL działa od końca lat 90-tych i specjalizuje się w produkcji i dystrybucji różnego rodzaju folii (m.in. stretch, folie rolnicze, LDPE, PP, PVC), a także w dostarczaniu maszyn i urządzeń wspierających proces pakowania. Oferuje kompleksowe rozwiązania dla pakowania — od surowców foliowych przez opakowania kartonowe i taśmy, aż po urządzenia owijające palety, a także obsługę logistyczną i doradztwo techniczne w zakresie pakowania.",,,https://folpol.pl,MIKOŁAJA REJA 6 05-532 WÓLKA ZAŁĘSKA Poland,WÓLKA ZAŁĘSKA,
FORBOX SPÓŁKA Z OGRANICZONĄ ODPOWIEDZIALNOŚCIĄ SPÓŁKA KOMANDYTOWA,Hala E / E3.26,,,,,MAZOWIECKA 63A 87-100 TORUŃ Poland,TORUŃ,
FPP,Hala E / E4.35,,biuro@fairplayplus.pl,801 000 115,,JÓZEFA PIŁSUDSKIEGO 148 05-091 ZĄBKI Poland,ZĄBKI,
FPS FOOD PROCESS SOLUTIONS EUROPE B.V.,Hala E / E5.25b,,,,,STANLEYWEG 00012 4462GN GOES Poland,GOES,
Freshline,Hala E / E5.29,,infopl@airproducts.com,801 100 107,,KOMITETU OBRONY ROBOTNIKÓW 48 02-146 WARSZAWA Poland,WARSZAWA,
Freudenberg Sealing Technologies,Hala E / E5.41,,j.komoda@tlc.pl,+48 784 945 986,,MAZOWIECKA 35 05-077 WARSZAWA Poland,WARSZAWA,
GARDENIA FOOD SKROBOL SPÓŁKA KOMANDYTOWA,Hala F / F2.01c,"Gardenia Food to rodzinna firma założona w 2004 roku, od ponad 20 lat dostarczająca świeże i wysokiej jakości produkty spożywcze na rynek włoski oraz europejski. Specjalizujemy się w pakowanych pieczarkach oraz aromatycznych suszonych pomidorach, dbając o naturalny smak, świeżość i najwyższe standardy jakości. Dzięki wieloletniemu doświadczeniu i pasji tworzymy produkty, którym można zaufać każdego dnia.",,,https://gardeniafood.com,POLNE DOMY 90 43-200 PSZCZYNA Poland,PSZCZYNA,
GAROS Sp. z o. o.,Hala E / E3.28,"Garos projektuje i dostarcza maszyny oraz w pełni zautomatyzowane linie produkcyjne dla przemysłu spożywczego, głównie mięsnego. Firma produkuje urządzenia do mieszania, peklowania i przygotowania produktów spożywczych. Oferuje również rozwiązania w zakresie automatyzacji i optymalizacji procesów produkcyjnych.",,,https://garos.se,KOBALTOWA 3 85-453 BYDGOSZCZ Poland,BYDGOSZCZ,
Gates,Hala E / E5.41,,j.komoda@tlc.pl,+48 784 945 986,,MAZOWIECKA 35 05-077 WARSZAWA Poland,WARSZAWA,
Ghibli,Hala E / E4.35,,biuro@fairplayplus.pl,801 000 115,,JÓZEFA PIŁSUDSKIEGO 148 05-091 ZĄBKI Poland,ZĄBKI,
GOMIKO CAPITAL SPÓŁKA Z OGRANICZONĄ ODPOWIEDZIALNOŚCIĄ,Hala F / F2.33,,,,,KOMITETU OBRONY ROBOTNIKÓW 62 02-146 WARSZAWA Poland,WARSZAWA,
Goudsmit Magnetics,Hala E / E2.07b,,michal@matykiewicz.com,504034175,,WŁADYSŁAWA ŁOKIETKA 1/74 61-616 POZNAŃ Poland,POZNAŃ,
Grasselli,Hala E / E2.27b,,sm@eryfood.com,+48 572057612,,DOMANIEWSKA 47/10 02-672 WARSZAWA Poland,WARSZAWA,
Grote Company,Hala E / E2.19b,,,,https://grotecompany.com,MARCON STRA 26 DD 7442 NIJVERDAL Poland,NIJVERDAL,
HABASIT POLSKA Sp. z o. o.,Hala E / E2.07a,"Habasit produkuje i dostarcza taśmy transportowe, taśmy modularne, pasy napędowe i łańcuchy z tworzyw sztucznych. Firma oferuje kompleksowe rozwiązania dopasowane do potrzeb przemysłu, zapewniając wydajność i niezawodność linii produkcyjnych. Jej produkty wykorzystywane są w przemyśle spożywczym, opakowaniowym i transporcie materiałów.",,,https://habasit.com,GDAŃSKA 14 41-250 CZELADŹ Poland,CZELADŹ,
HACPP,Hala E / E2.32,,juo@ngi-global.com,+45 3073 7960,,Virkelyst 5 9400 Norresundby Poland,Norresundby,
HANDTMANN POLSKA Sp. z o.o.,Hala E / E4.13,"Handtmann Polska dostarcza zaawansowane technologie produkcyjne dla przemysłu spożywczego — w tym linie do mieszania, porcjowania, formowania i przetwarzania produktów. Firma obsługuje zarówno tradycyjny rynek mięsa i wędlin, jak i segmenty alternatywnych białek i karmy dla zwierząt. Ponadto zapewnia rozwiązania integrujące przygotowanie surowca, przetwarzanie i interfejsy pakowania.",,,https://pl.processing.handtmann.com,BOCZNICOWA 13A 05-850 JAWCZYCE Poland,JAWCZYCE,
HeatMaster,Hala E / E5.05,,brokelmann@brokelmann.eu,+48713842584,,STAWNA 6 56-300 MILICZ Poland,MILICZ,
HEISSLUFTTECHNIK FLOCKE SP. Z O.O.,Hala E / E5.40a,"Firma Heisslufttechnik FLocke jest związana z branżą tworzyw sztucznych od 1977 roku, natomiast na rynku polskim funkcjonuje od 2006 roku. Jesteśmy autoryzowanym przedstawicielem następujących firm: Leister Technologies AG, Hapro Industriegeräte GmbH, Ingenia GmbH oraz Eugen Riexinger Gmbh. Naszą pozycję rynkową budujemy w oparciu o wysokiej jakości produkty kompetentne doradztwo techniczne. Wykorzystując bogate doświadczenie i posiadaną wiedzę, skupiamy się na dobraniu najodpowiedniejszego rozwiązania dla potrzeb Klienta i dbamy o to, aby eksploatacja urządzeń przebiegała bezproblemowo. Oferujemy kompleksowe doradztwo techniczne, serwis gwarancyjny i pogwarancyjny, prowadzimy szkolenia i testy oraz zapewniamy bezpośredni dostęp do części zamiennych. Wspieramy również projektantów i konstruktorów maszyn oraz aktywnie współpracujemy z czołówką dostawców materiałów termoplastycznych.",,,https://heisslufttechnik.pl,KS. WIKTORA SIWKA 13 40-306 KATOWICE Poland,KATOWICE,
HERT Sp. z o.o.,Hala E / E1.36,"HERT Sp. z o.o. dostarcza i wdraża maszyny oraz linie technologiczne dla piekarni, cukierni i przemysłu spożywczego, a także wspiera klientów w procesie instalacji, konfiguracji i uruchamiania tych urządzeń. Firma zajmuje się doborem, montażem oraz serwisem urządzeń produkcyjnych i części zamiennych, oferując pełne wsparcie technologiczne dla inwestycji w sektorze spożywczym.",,,https://hert.pl,ODLEWNICZA 4A 03-231 WARSZAWA Poland,WARSZAWA,
HHS CHEMICALS Sp. z o. o.,Hala E / E3.29,"HHS Chemicals produkuje i dostarcza profesjonalne środki chemiczne oraz urządzenia do mycia i dezynfekcji wykorzystywane w przemyśle spożywczym. Firma wspiera klientów w opracowaniu planów higieny oraz zapewnia serwis urządzeń i wsparcie technologiczne. Jej oferta jest dostosowana do potrzeb zakładów spożywczych i magazynów żywności, z uwzględnieniem standardów bezpieczeństwa i jakości.",,,https://hhschemicals.pl,BALONNA 1 08-530 DĘBLIN Poland,DĘBLIN,
Hillbrush Higiena,Hala E / e3.25,,,,,KRESOWA 24 71-770 SZCZECIN Poland,SZCZECIN,
HIWIN,Hala E / E5.41,,j.komoda@tlc.pl,+48 784 945 986,,MAZOWIECKA 35 05-077 WARSZAWA Poland,WARSZAWA,
HOCKER SPÓŁKA Z OGRANICZONĄ ODPOWIEDZIALNOŚCIĄ,Hala E / E1.26a,,,,,PIOTROWICKA 4 59-225 CHOJNÓW Poland,CHOJNÓW,
HOENLE UV UK LTD,Hala E / E1.05,,,,,"HM REVENUE AND CUSTOMS, RUBY HOUSE, 8 RUBY PLACE AB10 1ZP ABERDEEN Poland",ABERDEEN,
HSM,Hala E / E5.22a,,handlowy@hsm.eu,+48 22 8622369,https://eu.hsm.eu,EMALIOWA 28 02-295 WARSZAWA Poland,WARSZAWA,
HSM POLSKA,Hala E / E5.22a,"HSM Polska to oddział niemieckiego producenta maszyn i urządzeń. W ofercie firmy znajdują się biurowe i przemysłowe niszczarki dokumentów, systemy niszcząco-belujące oraz szeroka gama pionowych, poziomych i kanałowych belownic o sile zgniotu od 30 do 1500 kN, rozwiązania wspierające recykling PET oraz urządzenia do wytwarzania ze zużytych kartonów pełnowartościowego materiału wypełniającego do pakowania. Jakość Made in Germany, innowacyjność i energooszczędność to wartości gwarantujące produkty i usługi na najwyższym poziomie. HSM – więcej jakości, więcej wsparcia, więcej możliwości !",handlowy@hsm.eu,+48 22 8622369,https://eu.hsm.eu,EMALIOWA 28 02-295 WARSZAWA Poland,WARSZAWA,
IFEC B.V.,Hala E / E2.36,"Our company may be brand new, but our founders are veterans of the poultry processing industry. Their decades of experience are supplemented by the out-of-the-box thinking of a young and enthusiastic team. This combination allows IFEC to add value to a market that is dominated by mass production where profit is found in volume. Our aim is to bring innovation to this market and allow producers to open new avenues of revenue while minimizing the need for extra manpower and changes to their daily production. To achieve this we develop small and specialized machines for automated processing of standard products into specialty products.",,,https://ifec.nl,Rontgenstraat 18 3261 OUD-BEIJERLAND Poland,OUD-BEIJERLAND,
IFEC B.V.,Hala E / E3.35,,,,https://ifec.com,RONTGENSTRAAT 00018 3261LK OUD-BEIJERLAND Poland,OUD-BEIJERLAND,
IGLOSZRON CHMIELEWSCY SP.K.,Hala E / E3.34,"IGLOSZRON projektuje, wykonuje i serwisuje instalacje chłodnicze oraz technologie dla przemysłu spożywczego, w tym magazyny chłodnicze i linie przetwarzania mięsa. Firma produkuje agregaty chłodnicze, zestawy pompowe oraz szafy sterownicze, a także świadczy usługi montażu i serwisu własnych urządzeń oraz urządzeń partnerów technologicznych.",,,https://igloszron.com,OSZKINIE 30 16-515 OSZKINIE Poland,OSZKINIE,
IGUS,Hala E / E5.41,,j.komoda@tlc.pl,+48 784 945 986,,MAZOWIECKA 35 05-077 WARSZAWA Poland,WARSZAWA,
IMPEXMASH SPÓŁKA Z OGRANICZONĄ ODPOWIEDZIALNOŚCIĄ,Hala E / E5.04,,,,,WROCŁAWSKA 38 55-040 DOMASŁAW Poland,DOMASŁAW,
INA,Hala E / E5.41,,j.komoda@tlc.pl,+48 784 945 986,,MAZOWIECKA 35 05-077 WARSZAWA Poland,WARSZAWA,
INDASOL Piotr Nowak/ ZANELLI Srl,Hala E / E5.28a,,,,https://zanelli.com,INSTALATORÓW 17/3 02-237 WARSZAWA Poland,WARSZAWA,
Innowacje,Hala F / F2.15,,info@exa22.com,+48 789 801 940,,ZAKOPIAŃSKA 175 30-435 KRAKÓW Poland,KRAKÓW,
Innowacje,Hala E / E5.25,,m.kramar@lornix.eu,+48517336355,,KSIĘCIA JÓZEFA PONIATOWSKIEGO 4/19 50-326 WROCŁAW Poland,WROCŁAW,
Innowacje,Hala E / E2.32,,juo@ngi-global.com,+45 3073 7960,,Virkelyst 5 9400 Norresundby Poland,Norresundby,
INOXA,Hala E / E5.35,"INOXA to polska hurtownia specjalizująca się w elementach złącznych ze stali nierdzewnej i kwasoodpornej A2/A4. Od ponad 25 lat zaopatrujemy firmy z branży przemysłowej, spożywczej, budowlanej i instalacyjnej, oferując szeroki wybór śrub, nakrętek, podkładek, wkrętów oraz innych elementów złącznych. Duże stany magazynowe zapewniają wysoką dostępność produktów, a sprawna logistyka pozwala na szybką realizację zamówień. Klientom oferujemy także doradztwo w doborze rozwiązań dopasowanych do konkretnych zastosowań.",poczta@inoxa.pl,32 623 57 28,https://inoxa.pl,Rozwojowa 16 43-600 Jaworzno Poland,Jaworzno,
INTER ARMA Sp. z o. o.,Hala E / E1.08a,"Zespół Produkty Wykrywalne od 2015 roku specjalizuje się w produkcji i dystrybucji artykułów zgodnych z systemami HACCP, BRCGS i IFS, wspierając bezpieczeństwo w przemyśle spożywczym, farmaceutycznym i kosmetycznym. Jako lider na polskim rynku dostarczamy artykuły piśmiennicze, środki ochrony osobistej i narzędzia wykrywalne przez detektory metali oraz systemy rentgenowskie. Dzięki wieloletniemu doświadczeniu i bliskiej współpracy z klientami oferujemy tylko sprawdzone produkty, mając pewność, że zaproponowane rozwiązania sprawdzą się także u Państwa. Naszymi klientami są między innymi zakłady mięsne, mleczarskie, piekarnie, przetwórnie warzyw, producenci opakowań oraz wytwórnie dań gotowych. Odwiedź nasze stoisko, obejrzyj produkty i przekonaj się, dlaczego tak wielu klientów nam zaufało.",laura.szpyrko@produkty-wykrywalne.pl,608-512-433,,KRAKOWSKA 60 32-064 RUDAWA Poland,RUDAWA,
INVESTA SPÓŁKA Z OGRANICZONĄ ODPOWIEDZIALNOŚCIĄ,Hala E / E1.31,,,,,PÓŁNOCNA 10 78-600 WAŁCZ Poland,WAŁCZ,
INVO VENTURES SPÓŁKA Z OGRANICZONĄ ODPOWIEDZIALNOŚCIĄ,Hala E / E2.19a,,,,,PROSTA 20 00-850 WARSZAWA Poland,WARSZAWA,
JANSEN TECHNIEK MACHINEBOUW B.V,Hala E / E5.19b,Products: ASM Skewer machine,,,,3882 TR PUTTEN 00040 HOGE ENG-WEST Poland,HOGE ENG-WEST,
JARVIS POLSKA LIMITED SP. Z O.O.,Hala E / E4.22,"Jarvis Polska to oficjalny przedstawiciel amerykańskiej firmy Jarvis Products Corporation, światowego lidera w produkcji maszyn i urządzeń dla przemysłu mięsnego. Firma dostarcza specjalistyczne maszyny do rozbioru i przetwórstwa mięsa, takie jak piły, nożyce, skórowaczki czy ogłuszacze, a także zapewnia serwis techniczny, montaż i wsparcie posprzedażowe dla zakładów przetwórczych w całej Polsce.",,,https://jarvispolska.pl,STARA DĄBROWA 39 76-231 STARA DĄBROWA Poland,STARA DĄBROWA,
JELUX POLSKA Sp.z o.o.,Hala E / E3.03,"Firma JELUX to jeden z najbardziej znanych i najczęściej wybieranych dostawców jelit naturalnych w Polsce. Obecnie firmę JELUX tworzy zgrany zespół młodych, ambitnych ludzi, którzy wspólnie dbają o dynamiczny rozwój firmy każdego dnia. Firma JELUX jest członkiem Polskiego Związku Producentów i Dystrybutorów Jelit oraz Stowarzyszenia Rzeźników i Wędliniarzy Rzeczypospolitej Polskiej. Została również odznaczona tytułem ""Przejrzystej firmy"". Od początku swojej działalności współpracuje i dostarcza swoje produkty do zakładów mięsnych na terenie całego kraju. Budując naszą pozycję lidera na rynku wzbogacaliśmy naszą ofertę o nowe produkty. Obecnie w naszej ofercie można znaleźć szeroką gamę przypraw, osłonek naturalnych i innych akcesoriów niezbędnych do produkcji własnych wyrobów. Nasze produkty pochodzą od sprawdzonych dostawców z Polski i zagranicy.",,,https://jelux.pl,TOWAROWA 2 44-240 ŻORY Poland,ŻORY,
KA-GRA SP.J.,Hala E / E2.O1,"Firma Ka-Gra jest uznanym na polskim rynku dystrybutorem urządzeń i środków do produkcji niezbędnych w przemyśle spożywczym. Od momentu powstania w 1997 roku konsekwentnie budujemy swoją prestiżową pozycję proponując klientom kompleksowe usługi z wykorzystaniem najwyższej jakości oferowanych produktów. Firma Ka-Gra jest przedstawicielem, na rynku polskim FRONTMATEC, ITEC Hygiene, WEBER, Olari e Conti. Wspólnie opracowujemy innowacyjne rozwiązania z dziedzin: Budowy wieprzowych, wołowych i jagnięcych linii rozbiorowych. Higieny Pracy. Kompleksowych rozwiązań logistycznych w zakładach produkcyjnych. Automatyki produkcji. Gospodarki odpadami poubojowymi. Czyszczenia podrobów, żołądków i jelit. Wspieramy projektowanie i wdrażanie wszystkich etapów przetwórstwa mięsa. Zapewniając profesjonalny serwis gwarancyjny i pogwarancyjny naszych urządzeń i maszyn. Jesteśmy również dystrybutorem oryginalnych materiałów eksploatacyjnych i części zamiennych firm FRONTMATEC, ITEC Hygiene, WEBER, Olari e Conti. Jako regionalny przedstawiciel firmy Zaltech oferujemy szeroki zakres mieszanek przyprawowych oraz najlepsze doradztwo technologiczne. Wyroby ze stali kwasoodpornej uzupełniają ofertę o kolumny parzelnicze, praski, formy siatkowe, wózki wędzarnicze oraz wszelkiego rodzaju wyposażenie zakładów produkcyjnych oraz punktów gastronomicznych. Cechuje nas indywidualne podejście do klienta oraz jego zapytań. Zaufało nam wiele wiodących zakładów przetwórstwa spożywczego w kraju i za granicą.",,,https://ka-gra.com.pl,STRZYGŁOWSKA 40 04-872 WARSZAWA Poland,WARSZAWA,
Katrin,Hala E / E4.35,,biuro@fairplayplus.pl,801 000 115,,JÓZEFA PIŁSUDSKIEGO 148 05-091 ZĄBKI Poland,ZĄBKI,
Kiehl,Hala E / E4.35,,biuro@fairplayplus.pl,801 000 115,,JÓZEFA PIŁSUDSKIEGO 148 05-091 ZĄBKI Poland,ZĄBKI,
Kluber Lubrication,Hala E / E5.41,,j.komoda@tlc.pl,+48 784 945 986,,MAZOWIECKA 35 05-077 WARSZAWA Poland,WARSZAWA,
Komputer przemysłowy CSB Rack,Hala E / E5.24A,"CSB Rack, seria 3, doskonale sprawdza się w trudnych warunkach panujących w przemyśle spożywczym. Jako interfejs człowiek-maszyna służy nie tylko do rejestracji danych, ale też do wizualizacji i sterowania procesami - nawet w ekstremalnych temperaturach, przy wysokiej wilgotności powietrza i dużym zapyleniu. Wszystkie elementy CSB Rack są odporne na wilgoć i mogą być czyszczone myjką wysokociśnieniową. Ekran dotykowy można obsługiwać również w rękawicach. Zaprojektowany zgodnie z zasadami higienicznego designu, dzięki czemu spełnia surowe wymagania norm higienicznych.",info.pl@csb.com,+ 48 602 699 390,https://csb.com,STRZEGOMSKA 140A 54-429 WROCŁAW Poland,WROCŁAW,
KUBASIK Wyroby ze stali nierdzewnej,Hala E / E3.05,"Firma Kubasik INOX specjalizuje się w produkcji wyrobów ze stali nierdzewnej przeznaczonych dla przemysłu spożywczego, w tym dla zakładów mięsnych, cukierni, piekarni. Wykonuje zarówno katalogowe urządzenia (kotły warzelne, wózki wędzarnicze, śluzy sanitarne) jak i produkty na indywidualne zamówienie klienta przygotowane według dostarczonego projektu.",,,https://inoxkubasik.com,MIŁOCHOWICE 20A 56-300 MIŁOCHOWICE Poland,MIŁOCHOWICE,
Kukko,Hala E / E5.41,,j.komoda@tlc.pl,+48 784 945 986,,MAZOWIECKA 35 05-077 WARSZAWA Poland,WARSZAWA,
Laska,Hala E / E2.27b,,sm@eryfood.com,+48 572057612,,DOMANIEWSKA 47/10 02-672 WARSZAWA Poland,WARSZAWA,
Leanpio Polska sp z o.o.,Hala E / E3.40,"Firma Mil-tek została założona w 1992 r. w Danii. Obecnie ma oddziały w ponad 60 miejscowościach, w 30 krajach. Nasz cel pozostaje prosty – pomoc przedsiębiorstwom w optymalizacji procesów przetwarzania odpadów, aby skrócić czas, zmniejszyć przestrzeń i ograniczyć koszty tego przetwarzania.",,,https://leanpio.com,OSTROBRAMSKA 75C/3.14 04-175 WARSZAWA Poland,WARSZAWA,
LEOSMAK S.A.,Hala E / E2.14A,"Jesteśmy firmą z siedzibą w Polsce, w Unii Europejskiej, która łączy wiedzę i doświadczenie pokoleń. Pokolenia inżynierów, instalatorów, programistów i osób wspierających klientów – wszystko dla wyjątkowej wydajności w przetwórstwie żywności. Misją Leosmak jest wspieranie rozwoju silnego i zdrowego społeczeństwa poprzez dostarczanie narzędzi do produkcji wysokiej jakości żywności. Zapewniamy producentom żywności zaawansowaną technologię liofilizacji, która zachowuje naturalne wartości odżywcze i wydłuża termin przydatności do spożycia, zapewniając dostęp do zdrowej żywności. Dokładamy wszelkich starań, aby zapewnić Ci narzędzia, które pomogą rozwijać Twój biznes spożywczy. Opracowujemy i dostarczamy technologie, których celem jest: długie zachowanie składników odżywczych o tej samej jakości, co świeżo przygotowana żywność, łatwość przechowywania i transportu gotowych produktów, być niezawodnym narzędziem w codziennej działalności operacyjnej, być energooszczędnym.",,,https://leosmak.com,EUGENIUSZA KWIATKOWSKIEGO 4 52-326 WROCŁAW Poland,WROCŁAW,
Listwa myjąca CiP,Hala E / E2.32,"Higieniczna jednostka CIP automatyzuje proces mycia taśmy, zapewniając skuteczne i powtarzalne czyszczenie przy znacząco mniejszym zużyciu wody. To rozwiązanie typu add-on, które można łatwo zainstalować na istniejącym przenośniku bez konieczności przebudowy jego konstrukcji, automatyzując dotychczasowe czasochłonne mycie ręczne. Mniej zużytej wody i szybszy proces mycia oznaczają niższe koszty, krótszy przestój i więcej czasu na produkcję.",juo@ngi-global.com,+45 3073 7960,,Virkelyst 5 9400 Norresundby Poland,Norresundby,
Loctite,Hala E / E5.41,,j.komoda@tlc.pl,+48 784 945 986,,MAZOWIECKA 35 05-077 WARSZAWA Poland,WARSZAWA,
Loma Systems,Hala E / E3.32,"Firma LOMA SYSTEMS® działa w kilku lokalizacjach w obu Amerykach, Europie i Azji. W tych lokalizacjach firma LOMA® prowadzi ciągłe prace badawczo-rozwojowe i zapewnia specjalistyczne wsparcie produkcji, sprzedaży i serwisu. Dzięki ogólnoświatowej sieci partnerów OEM i dystrybutorów, firma LOMA dostarcza i wspiera urządzenia kontroli w ponad 100 innych krajach. Firma LOMA SYSTEMS, założona w 1969 roku w Wielkiej Brytanii, projektuje, produkuje i wspiera urządzenia kontroli używane do identyfikacji zanieczyszczeń i wad produktu w przemyśle spożywczym, opakowaniowym i farmaceutycznym, głównie oferując detektory metali, wagi kontrolne i systemy kontroli rentgenowskiej. Dzięki dodatkowemu wyposażeniu i produktom marek LOCK Inspection, Cintex and Brapenta, uznanie firmy LOMA opiera się na stałej jakości i zaawansowanej technologii, które są wynikiem ciągłych i perspektywicznych programów badawczo-rozwojowych. Krótki czas realizacji, modułowa konstrukcja i doskonała dostępność części zamiennych, w połączeniu z naszym zaangażowaniem w proces wsparcia zapewniają naszym klientom: Zgodność z normami bezpieczeństwa produktów, przepisami dotyczącymi wagi i kodeksami postępowania sprzedawców detalicznych, oraz spełnienie wymagań bardziej restrykcyjnych Maksymalizację czasu sprawności produkcyjnej Samowystarczalność Niższe koszty w całym okresie użytkowania Jesteśmy częścią Illinois Tool Works (ITW), globalnego koncernu z listy Fortune 250, zdywersyfikowanego przemysłowego producenta materiałów eksploatacyjnych o wartości dodanej oraz specjalistycznego sprzętu i powiązanych usług serwisowych. Działając zgodnie z kluczową filozofią procesów biznesowych 80/20, innowacji od klientów i zdecentralizowaną kulturą przedsiębiorczości, siedem wiodących branżowych segmentów ITW wykorzystuje model biznesowy ITW do generowania stałego wzrostu z najlepszymi w swojej klasie marżami i zyskami na rynkach, na których potrzebne są innowacyjne rozwiązania zorientowane na klienta. Segmenty te zapewniają obsługę klientów i rynków na całym świecie, a ich obecność na rynkach rozwiniętych i wschodzących jest znacząca. Przychody ITW wyniosły w 2016 roku 13,6 miliarda USD, a koncern zatrudnia ponad 50 000 pracowników na całym świecie.",,,https://loma.com,U Lomy 1069 334 41 DOBRANY Poland,DOBRANY,
LONTEX GROUP SPÓŁKA Z OGRANICZONĄ ODPOWIEDZIALNOŚCIĄ,Hala F / F2.07a,"Naszym celem jest tworzenie i dostarczanie profesjonalnych, kompleksowych oraz innowacyjnych rozwiązań służących podnoszeniu poziomu bezpieczeństwa transportu osób i rzeczy. Dążymy do pozycji zaufanego partnera dla wszystkich osób i przedsiębiorstw związanych z branżą TSL. Products: TEKSON Nitryl Blue, TEKSON Nitryl Black, TEKSON Black, TEKSON Blue, TEKSON Solid, TEKSON Durable, TEKSON Practical, TEKSON Comfort, TEKSON Proweld, TEKSON Master",lontex@lontex.pl,+48 32 215 27 97,https://lontex.pl,LIGOCKA 55 43-502 CZECHOWICE-DZIEDZICE Poland,CZECHOWICE-DZIEDZICE,
Lornix,Hala E / E5.25,,m.kramar@lornix.eu,+48517336355,https://lornix.eu,KSIĘCIA JÓZEFA PONIATOWSKIEGO 4/19 50-326 WROCŁAW Poland,WROCŁAW,
LORNIX SP. Z O.O.,Hala E / E5.25,"MASZYNY PRODUKCYJNE Dostarczamy nowoczesne maszyny i linie technologiczne dla przemysłu spożywczego, cukierniczego oraz przetwórstwa. Jesteśmy oficjalnym dystrybutorem sprawdzonych rozwiązań produkcyjnych, które zwiększają wydajność i automatyzację procesów. Oferujemy profesjonalne doradztwo, dobór urządzeń oraz wsparcie techniczne dla firm w całej Europie. Zapraszamy do kontaktu i rozmowy o rozwiązaniach dla Twojej produkcji.",m.kramar@lornix.eu,+48517336355,https://lornix.eu,KSIĘCIA JÓZEFA PONIATOWSKIEGO 4/19 50-326 WROCŁAW Poland,WROCŁAW,
LS TECH SP. Z O.O.,Hala E / E4.11,"Firma LS Tech jest Polskim producentem maszyn pakujących oraz systemów paletyzacji. Oferowane przez nas maszyny, są wykonywane od podstaw w naszej firmie, dzięki takiemu rozwiązaniu mamy pełną kontrolę nad jakością sprzedawanych przez nas produktów. Kontrolujemy każdy etap powstawania elementów do maszyn. Z niezwykłą starannością podchodzimy do montażu maszyn, tak aby ich niezawodność była na jak najwyższym poziomie. Będąc producentem, mamy dostęp do wszystkich części zamiennych w zdecydowanie krótszym czasie, dzięki czemu w przypadku potrzeby nasz serwis wymieni wszystkie części w zdecydowanie szybszym czasie niż konkurencja.",,,https://lstech.com.pl,PSTRĄGOWA 176 38-121 PSTRĄGOWA Poland,PSTRĄGOWA,
LUBRICANT POLSKA SPÓŁKA Z OGRANICZONĄ ODPOWIEDZIALNOŚCIĄ,Hala E / E5.34a,,,,,LEGIONÓW 211 43-502 CZECHOWICE-DZIEDZICE Poland,CZECHOWICE-DZIEDZICE,
M&M WYROBY ZE STALI NIERDZEWNEJ SPÓŁKA CYWILNA MARCIN POPIELAS-SOBKOWIAK MICHAŁ POPIELAS,Hala E / E5.36a,,,,,SPACEROWA 3 56-300 SUŁÓW Poland,SUŁÓW,
Made in Germany,Hala E / E5.22a,,handlowy@hsm.eu,+48 22 8622369,,EMALIOWA 28 02-295 WARSZAWA Poland,WARSZAWA,
Made in Poland,Hala F / F2.15,,info@exa22.com,+48 789 801 940,,ZAKOPIAŃSKA 175 30-435 KRAKÓW Poland,KRAKÓW,
Made in Poland,Hala E / E2.25,,d.witkiewicz@trademysak.pl,789 571 281,,STRZESZYŃSKA 125 60-479 POZNAŃ Poland,POZNAŃ,
Made in Poland,Hala E / E5.19a,,info@unidoz.com,+48 516 673 946,,PLAC GEN. JÓZEFA HALLERA 5/14A 03-464 WARSZAWA Poland,WARSZAWA,
Marechal Electric,Hala E / E5.09a,,w.rutkowski@promac.com.pl,505246024,,Generała Bema 55 91-492 Łódź Poland,Łódź,
Marel,Hala E / E2.27b,,sm@eryfood.com,+48 572057612,,DOMANIEWSKA 47/10 02-672 WARSZAWA Poland,WARSZAWA,
MAS-POLSKA SPÓŁKA Z OGRANICZONĄ ODPOWIEDZIALNOŚCIĄ,Hala E / E2.06a,,,,,WARZYWNA 5/13 33-100 TARNÓW Poland,TARNÓW,
MAYEKAWA POLSKA SP. Z O.O.,Hala E / E3.12,"Mayekawa Polska to zespół młodych, ambitnych i pracowitych osób ukierunkowanych na osiąganie sukcesu. Jesteśmy firmą działającą na terenie Polski, a także w części Europy północno-wschodniej. Zajmujemy się sprzedażą, serwisem oraz wsparciem technicznym sprężarek chłodniczych, tuneli zamrażalniczych oraz robotów do przemysłu mięsnego. Od lat dostarczamy na rynek sprawdzone rozwiązania w zakresie chłodnictwa przemysłowego oparte o czynniki chłodnicze przyjazne środowisku. Znacie je Państwo pod nazwą MYCOM➔ Bogate doświadczenie w sektorze chłodnictwa pozwoliło na rozszerzenie działalności firmy o kolejne branże. Jesteśmy pionierem na rynku mięsnym dostarczając roboty DAS do trybowania. W naszej ofercie znajdują się maszyny zarówno do drobiu jaki i mięsa czerwonego.",,,https://mayekawa.pl,DRUSKIENICKA 8/10 60-476 POZNAŃ Poland,POZNAŃ,
Meshnex,Hala E / E1.24a,,,,,Rijnzathe 12 3454 PV Utrecht Poland,Utrecht,
METROOPACK SP. Z O.O.,Hala E / E1.32,"Od ponad 30 lat z pasją i zaangażowaniem dostarczamy kompleksowe rozwiązania w zakresie pakowania żywności dla przemysłu, handlu, gastronomii i piekarnictwa. Nieustannie rozwijamy naszą ofertę, odpowiadając na zmieniające się potrzeby rynku, zapewniając klientom szeroki wybór opakowań do żywności, folii do zgrzewu, maszyn pakujących, matryc oraz akcesoriów do pakowania. Dzięki wieloletniemu doświadczeniu oraz nowoczesnemu podejściu jesteśmy w stanie zaproponować rozwiązania umożliwiające zapakowanie praktycznie każdego produktu spożywczego lub dania, dbając jednocześnie o jego świeżość, bezpieczeństwo oraz hermetyczne zamknięcie. Szczególnym osiągnięciem firmy jest opracowany Metro-Catering-System – ekonomiczny i innowacyjny system pakowania dań gotowych, który wspiera optymalizację procesów, ogranicza straty i zwiększa wydajność operacyjną. Działamy na terenie całej Polski oraz poza jej granicami, oferując także własny serwis gwarancyjny i pogwarancyjny. Wszystkie nasze produkty spełniają najwyższe międzynarodowe standardy higieny i bezpieczeństwa, co potwierdzają certyfikaty BRC oraz IFS Logistics.",biuro@metroopack.eu,+48 77 464 44 22,https://metroopack.eu,ADAMA MICKIEWICZA 26 48-304 NYSA Poland,NYSA,
MICHAŁ CIASTOŃ bePROTO,Hala E / E4.25,"bePROTO to polski producent nowoczesnych maszyn ze stali nierdzewnej dla przemysłu spożywczego. Specjalizujemy się w projektowaniu i budowie urządzeń eliminujących wąskie gardła w procesie produkcji i pakowania. Stawiamy na niezawodność, higienę, prostotę serwisu oraz ergonomię pracy operatorów. Nasze rozwiązania powstają w całości w Polsce – od koncepcji po gotową maszynę – przy bliskiej współpracy z klientami z całej Europy.",mc@beproto.pl,+48793521488,https://beproto.pl,OLIMPIJSKA 2 81-538 GDYNIA Poland,GDYNIA,
"MICHAŁ MATYKIEWICZ ""MATYKIEWICZ.COM""",Hala E / E2.07b,Dostawca separatorów magnetycznych i detektorów metali do żywności,michal@matykiewicz.com,504034175,https://matykiewicz.com,WŁADYSŁAWA ŁOKIETKA 1/74 61-616 POZNAŃ Poland,POZNAŃ,
"miesięcznik ""RZEŹNIK POLSKI""",Hala E / E1.12b,"Miesięcznik “Rzeźnik polski” to magazyn tworzony z myślą o branży przetwórstwa mięsnego. Dzięki ponad dwudziestopięcioletniemu doświadczeniu na rynku wydawniczym pismo zdobyło zaufanie wielu czytelników i może poszczycić się wierną i stale rosnącą grupą sympatyków, dlatego też znajduje się w grupie najbardziej poczytnych periodyków branżowych. “Rzeźnik polski” to przewodnik po branży przetwórstwa mięsnego – świetny nośnik informacji oraz doskonała lektura branżowa, łącząca ze sobą interesujące treści technologiczne i ciekawe, nieco lżejsze tematy z życia branży.",rzeznik@mieso.com.pl,,,DOJNOWSKA 61/1 15-557 BIAŁYSTOK Poland,BIAŁYSTOK,
MIKSTER SP. Z O.O.,Hala E / E5.11a,"Działalność rozpoczęliśmy w 1992 r. oferując sterowniki mikroprocesorowe własnej produkcji, stosowane w przemyśle mięsnym. Dziś jesteśmy jednym z największych producentów urządzeń tego rodzaju a wraz z rozwojem firmy przyszła pora na udoskonalenie technologii oraz wprowadzenie na rynek nowych produktów. Obecnie produkujemy i prowadzimy sprzedaż rejestratorów cyfrowych, czujników wilgotności, sterowników programowalnych oraz aptecznych zestawów pomiarowych. Zapewniamy usługi projektowe, kompletację oraz wykonawstwo w zakresie elektroniki, automatyki oraz systemów wizualizacji i kontroli procesów przemysłowych.",,,https://mikster.eu,WOJKOWICKA 21 41-250 CZELADŹ Poland,CZELADŹ,
MP PROCESS SPÓŁKA Z OGRANICZONĄ ODPOWIEDZIALNOŚCIĄ,Hala E / E5.21a,,,,,BUKOWIŃSKA 24A/77 02-703 WARSZAWA Poland,WARSZAWA,
MultiControl,Hala E / E5.37,,t.ochnik@aiconxray.com,+48518298397,,POLECZKI 32 02-822 WARSZAWA Poland,WARSZAWA,
MultiIntegrator,Hala E / E5.37,,t.ochnik@aiconxray.com,+48518298397,,POLECZKI 32 02-822 WARSZAWA Poland,WARSZAWA,
MULTIVAC SP. Z O.O.,Hala E / E2.15,"MULTIVAC jest działającą na rynku międzynarodowym firmą rodzinną z regionu Allgäu w południowych Niemczech. Dzięki naszym zintegrowanym rozwiązaniom w zakresie pakowania i przetwarzania jesteśmy w stanie zaoferować naszym klientom z sektora spożywczego, branży towarów konsumpcyjnych i przemysłowych oraz branży medycznej i farmaceutycznej dokładnie to, czego potrzebują: indywidualną wartość dodaną – na każdym etapie łańcucha logistycznego. Posiadając ponad 80 spółek zależnych możemy obsługiwać na miejscu naszych klientów w 165 krajach oraz wspieramy klientów indywidualnych niezależnie od wielkości, tak samo bezpośrednio i osobiście jak firmy międzynarodowe.",,,https://multivac.com,ZIEMSKA 35 21-002 NATALIN Poland,NATALIN,
MYSAK GROUP SP. Z O.O. SP. K.,Hala E / E3.10,"Firma Mysak Group Sp. z o. o. Spółka komandytowa jest polską firmą z wieloletnim doświadczeniem działającą w przemyśle, głównie w branży spożywczej i chemicznej. Zajmujemy się projektowaniem, wykonaniem i dostawą linii technologicznych, produkcją we własnym zakładzie maszyn oraz urządzeń dla przemysłu spożywczego, chemicznego i przemysłów pokrewnych. Wykonujemy prace projektowe, konstrukcje maszyn i urządzeń w oparciu o przepisy prawa obowiązujące w Polsce jak również w Unii Europejskiej. Oferujemy rozwiązania problemów nietypowych oraz produkcję innowacyjnych linii technologicznych z wykorzystaniem najnowszych technologii, autorskich i prototypowych rozwiązań opracowywanych we współpracy z jednostkami naukowo-badawczymi.",mysak@mysak.pl,+48 61 810 16 27/+48 609 889 717,https://mysak.pl,STRZESZYŃSKA 125 60-479 POZNAŃ Poland,POZNAŃ,
N&N NADRATOWSKI S. J.,Hala E / E3.13,"Firma N&N Nadratowski to rodzinna firma z siedzibą w Bielsku (ul. Akacjowa 3, 09-230 Bielsk), założona w 2001 roku. Specjalizuje się w projektowaniu, produkcji i dystrybucji wysokiej jakości maszyn oraz kompletnych linii technologicznych dla przetwórstwa spożywczego — m.in. mieszałki, podajniki, wilko-mieszałki — z eksportem do kilkudziesięciu krajów na pięciu kontynentach. Ponadto firma oferuje serwis oraz pełną obsługę swoich urządzeń, aby zapewnić ich wydajną i bezawaryjną eksploatację.",,,https://nadratowski.com,AKACJOWA 3 09-230 BIELSK Poland,BIELSK,
N&N NADRATOWSKI S. J.,Hala E / E tz1,"Firma N&N Nadratowski to rodzinna firma z siedzibą w Bielsku (ul. Akacjowa 3, 09-230 Bielsk), założona w 2001 roku. Specjalizuje się w projektowaniu, produkcji i dystrybucji wysokiej jakości maszyn oraz kompletnych linii technologicznych dla przetwórstwa spożywczego — m.in. mieszałki, podajniki, wilko-mieszałki — z eksportem do kilkudziesięciu krajów na pięciu kontynentach. Ponadto firma oferuje serwis oraz pełną obsługę swoich urządzeń, aby zapewnić ich wydajną i bezawaryjną eksploatację.",,,https://nadratowski.com,AKACJOWA 3 09-230 BIELSK Poland,BIELSK,
NADELLA,Hala E / E5.41,,j.komoda@tlc.pl,+48 784 945 986,,MAZOWIECKA 35 05-077 WARSZAWA Poland,WARSZAWA,
NARS POLSKA Sp. z o.o.,Hala E / E1.20a,Od ponad 12 lat dostarczamy instalacje chłodnicze dla sieci handlowych i zakładów produkcyjnych. Łączymy wiedzę o chłodnictwie z wyczuciem biznesowych potrzeb przedsiębiorstwa. Jako jedni z pierwszych w branży chłodniczej w Polsce zaczęliśmy wdrażać w szerokim zakresie systemy oparte na dwutlenku węgla (R744) z wykorzystaniem ejectorów cieczowo-gazowych. Wykorzystujemy także odzysk ciepła odpadowego do ogrzewania wody użytkowej oraz ogrzewania i wentylacji pomieszczeń.,,,https://narspolska.com,BIAŁOZORA 37 02-817 WARSZAWA Poland,WARSZAWA,
NEVSA Konrad Sołtysek,Hala E / E2.26a,"NEVSA specjalizuje się w dystrybucji i dostawie wysokiej jakości akcesoriów ze stali nierdzewnej — takich jak nakrętki, uchwyty, zawiasy, zamki, stopy wahliwe i koła przemysłowe — przeznaczonych dla branż wymagających wytrzymałości, higieny oraz odporności na korozję. Ponadto firma oferuje kompleksowe wyposażenie i rozwiązania technologiczne dla przemysłu spożywczego — w tym maszyny do przetwórstwa, linie technologiczne, konstrukcje transportowe, systemy taśmowe i logistyczne dla zakładów spożywczych.",,,https://nevsa.pl,KAWEK 2B/14 40-534 KATOWICE Poland,KATOWICE,
NGI,Hala E / E2.32,,juo@ngi-global.com,+45 3073 7960,https://ngi-global.com,Virkelyst 5 9400 Norresundby Poland,Norresundby,
NGI A/S,Hala E / E2.32,"Od ponad 50 lat NGI wyznacza kierunek w tworzeniu higienicznych komponentów, które podnoszą standardy bezpieczeństwa żywności i usprawniają produkcję. Jesteśmy przekonani, że prawdziwy postęp w higienicznym projektowaniu rodzi się z otwartej współpracy i wymiany wiedzy między producentami żywności a konstruktorami maszyn. Nasze komponenty, projektowane w oparciu o najnowocześniejsze technologie, spełniają rygorystyczne normy USDA, 3A oraz EHEDG — bo higiena to dla nas nie dodatek, lecz fundament. Products: Zgarniacz taśmowy z automatycznym dociskiem, Synchroniczne elektrobębny, Bezobsługowe zespoły łożyskowe, Listwa myjąca CiP",juo@ngi-global.com,+45 3073 7960,https://ngi-global.com,Virkelyst 5 9400 Norresundby Poland,Norresundby,
NIAGARA-SYSTEM DRĄŻKOWSKI & SZULC S.C.,Hala E / E6.23,,,,,NOWE DĄBIE 858 89-210 NOWE DĄBIE Poland,NOWE DĄBIE,
NIRO - TECH SPÓŁKA Z OGRANICZONĄ ODPOWIEDZIALNOŚCIĄ,Hala E / E4.01,,,,,JAROSŁAWA DĄBROWSKIEGO 40 43-602 JAWORZNO Poland,JAWORZNO,
NOMA,Hala E / E4.23,,info@noma.tech,+48 46 814 55 00,https://noma.tech,TOMASZOWSKA 90 96-200 PODLAS Poland,PODLAS,
NOMA Nowicki,Hala E / E2.27b,,sm@eryfood.com,+48 572057612,,DOMANIEWSKA 47/10 02-672 WARSZAWA Poland,WARSZAWA,
NOVA PPROCESS GRZEGORZ JĘDRASZCZYK,Hala E / E4.27,"Nova Process projektuje, produkuje i montuje instalacje technologiczne ze stali nierdzewnej (zbiorniki, rurociągi, konstrukcje, linie produkcyjne) dla zakładów przemysłowych, w tym dla branży spożywczej. Firma prowadzi kompleksową obsługę – od koncepcji, poprzez produkcję i montaż, aż po uruchomienie oraz szkolenie użytkownika.",,,https://novaprocess.pl,INŻYNIERSKA 8 67-100 NOWA SÓL Poland,NOWA SÓL,
NT GROUP SYSTEMY INFORMATYCZNE Sp. z o.o,Hala E / E2.06b,"NT GROUP od 2002 roku konsekwentnie dostarczamy najwyższej jakości usługi szkoleniowe i audytorskie dla firm oraz instytucji. Nasze wieloletnie doświadczenie, profesjonalna kadra i indywidualne podejście do klienta pozwoliły nam zdobyć zaufanie największych firm technologicznych w Polsce i na świecie.",,,,POMORSKA 65/10 90-218 ŁÓDŹ Poland,ŁÓDŹ,
NTN SNR,Hala E / E5.41,,j.komoda@tlc.pl,+48 784 945 986,,MAZOWIECKA 35 05-077 WARSZAWA Poland,WARSZAWA,
Ocean Systems,Hala E / E4.31,"Firma Ocean Systems działa na polskim rynku jako dystrybutor oraz integrator zaawansowanych maszyn pakujących i kompletnych linii pakujących. W jej ofercie znajdują się m.in. maszyny do pakowania pionowego (VFFS), automaty do gotowych torebek typu doypack, wagi kombinacyjne, dozowniki ślimakowe oraz urządzenia do przetwórstwa owoców i warzyw — wszystko z pełnym wsparciem technicznym, gwarancją i dostępem do części zamiennych.",,,https://oceansystems.pl,NOWA 6 05-500 STARA IWICZNA Poland,STARA IWICZNA,
ORFID,Hala E / E4.09,"ORFID Sp. z o.o. dostarcza wysokiej jakości węże przemysłowe, gotowe odcinki przewodów elastycznych oraz armaturę przemysłową przeznaczoną m.in. dla branży spożywczej, kosmetycznej i farmaceutycznej. Firma oferuje także akcesoria do mycia i pianowania oraz produkty wspierające higienę i czystość w środowiskach przemysłowych – jak płyty gumowe, sznury, profile i pasy PTFE.",,,https://orfid.eu,POLESIE 9 97-306 POLESIE Poland,POLESIE,
PERFEKT BACKER POLSKA Sp. z o.o,Hala E / E3.38,"PEBÄ Sp. z o.o. działa na polskim rynku jako dystrybutor oraz serwis firmowych maszyn dla piekarni, cukierni i gastronomii – oferuje zarówno nowe, jak i używane urządzenia. Współpracuje z uznanymi markami niemieckimi, dostarcza kompletne linie technologiczne, zapewnia obsługę serwisową i doradztwo w doborze sprzętu.",,,,GŁÓWNA 65 05-502 BOBROWIEC Poland,BOBROWIEC,
PERMAGLIDE,Hala E / E5.41,,j.komoda@tlc.pl,+48 784 945 986,,MAZOWIECKA 35 05-077 WARSZAWA Poland,WARSZAWA,
Pfeiffer Vacuum+Fab Solutions,Hala E / E3.31,,ewa.modrzejewska@busch.com.pl,+48 789 091 760,https://buschvacuum.com,Dedala 7 87-853 Nowa Wieś Poland,Nowa Wieś,
PFTECHNOLOGY SPÓŁKA Z OGRANICZONĄ ODPOWIEDZIALNOŚCIĄ,Hala E / E5.10,,,,https://pftechnology.eu,KOŚCIUSZKI 96 26-680 WIERZBICA Poland,WIERZBICA,
Play,Hala E / E4.35,,biuro@fairplayplus.pl,801 000 115,https://fairplayplus.pl,JÓZEFA PIŁSUDSKIEGO 148 05-091 ZĄBKI Poland,ZĄBKI,
PND COSTRUZIONI ELETTROMECCANICHE S.R.L.,Hala E / E3.23,"Firma PND srl, założona w roku 2000 we Włoszech, specjalizuje się w projektowaniu i produkcji maszyn do obróbki owoców – takich jak obieraczki, urządzenia do usuwania pestek, krojenia w plastry, cząstki, w kostkę. Produkty firmy znajdują zastosowanie w zakładach przetwarzających owoce świeże (Fresh Cut), konserwowe, mrożone oraz suszone. PND oferuje także wsparcie serwisowe, części zamienne i rozwiązania dostosowane do klienta.",,,,VIA BRANCACCIO 11 84018 SCAFATI SA Poland,SCAFATI SA,
POLSKA IZBA OPAKOWAŃ,Hala E / E3.33,"Polska Izba Opakowań została utworzona w październiku 1994 r. Izba jest organizacją samorządu przedsiębiorców skupiającą producentów opakowań, materiałów opakowaniowych, maszyn i urządzeń dla przemysłu opakowań. Powstała w odpowiedzi na potrzeby środowiska przemysłu opakowań. Jest reprezentantem interesów tego środowiska. Udziela wsparcia w rozwoju firm a w szczególności małych i średnich. Zapewnia obsługę edukacyjno-informacyjną. Wspiera działania na rzecz promocji i marketingu. Organizuje misje gospodarczo-promocyjne i marketingowo-informacyjne. Członkostwo w Izbie uwierzytelnia firmę wobec jej rynkowych partnerów. Izba pośredniczy w nawiązywaniu kontaktów handlowych i kooperacyjnych. Wspiera obecność firm-członków Izby na polskim rynku oraz na rynkach zagranicznych. Prezesem Izby jest mgr inż. Krzysztof Niczyporuk.",info@pio.org.pl,691088597,,KONSTANCIŃSKA 11 02-942 WARSZAWA Poland,WARSZAWA,
Poly-clip System,Hala E / E2.27b,,sm@eryfood.com,+48 572057612,,DOMANIEWSKA 47/10 02-672 WARSZAWA Poland,WARSZAWA,
Pompa próżniowa RA 0305 D,Hala E / E3.31,"Busch R5 RA 0305 D ECOTORQUE Inteligentna pompa próżniowa dla nowoczesnego przemysłu Busch R5 RA 0305 D ECOTORQUE to wysokowydajna, olejowa pompa próżniowa łopatkowa wyposażona w napęd o zmiennej prędkości obrotowej (ECOTORQUE), który automatycznie dostosowuje wydajność do aktualnego zapotrzebowania procesu. Dzięki temu zapewnia znaczące oszczędności energii, stabilną pracę oraz niezawodność nawet w wymagających aplikacjach przemysłowych. Najważniejsze korzyści: ✅ Do 360 m³/h wydajności pompowania ✅ Wysoka efektywność energetyczna dzięki technologii ECOTORQUE ✅ Funkcja Ecomode z automatycznym startem i zatrzymaniem ✅ Precyzyjna regulacja poziomu próżni i prędkości pracy ✅ Niezawodna, sprawdzona technologia łopatkowa Busch ✅ Przystosowana do pracy ciągłej w warunkach przemysłowych ✅ Możliwość monitorowania i sterowania pracą pomp w systemie Zastosowania: Pakowanie próżniowe, przemysł spożywczy, przetwórstwo tworzyw sztucznych, drukarnie, transport pneumatyczny, obróbka drewna oraz wszędzie tam, gdzie wymagana jest stabilna i energooszczędna próżnia.",ewa.modrzejewska@busch.com.pl,+48 789 091 760,,Dedala 7 87-853 Nowa Wieś Poland,Nowa Wieś,
POWER Rubber Robert Piotrowski,Hala E / E1.03,"POWER Rubber to firma produkująca wyroby gumowe i maty techniczne oraz wykonująca usługi cięcia i obróbki gumy. POWER Rubber to producent wyrobów gumowych, wykorzystujący najnowsze technologicznie maszyny oraz urządzenia. W naszej ofercie Klienci znajdują produkty gumowe wyprodukowane z mieszanek różnego typu, np.: NBR, SBR, FKM i innych – potrzebnych za życzenie naszych Klientów. Rozróżniamy również twardość naszych wyrobów, aby zastosować jak najlepsze dopasowanie.",,,https://powerrubber.com,MOSZNA PARCELA 55A 05-840 MOSZNA-PARCELA Poland,MOSZNA-PARCELA,
Połączenia elastyczne,Hala E / E2.25,"Połączenia elastyczne do instalacji przemysłowych Połączenia elastyczne to elementy stosowane do łączenia rurociągów, urządzeń i innych części instalacji, w których występują drgania, niewielkie przemieszczenia lub różnice w położeniu poszczególnych elementów. Ich zadaniem jest zapewnienie szczelnego połączenia przy jednoczesnym umożliwieniu niewielkiego ruchu instalacji. Dzięki temu ograniczają przenoszenie drgań i naprężeń pomiędzy połączonymi urządzeniami oraz pomagają kompensować drobne różnice w ustawieniu elementów. Połączenia elastyczne znajdują zastosowanie m.in. w instalacjach do transportu i przetwarzania materiałów sypkich, układach dozowania, przesypywania i ważenia, a także przy połączeniach urządzeń z rurociągami. W zależności od zastosowania mogą być wykonane z różnych materiałów i w różnych wariantach konstrukcyjnych, z uwzględnieniem takich wymagań jak temperatura pracy, właściwości transportowanego materiału, higiena instalacji, odporność chemiczna czy wymagania ATEX. Dobrze dobrane połączenie elastyczne pozwala połączyć dwa elementy instalacji bez tworzenia sztywnego połączenia, które mogłoby przenosić niepożądane drgania i naprężenia.",d.witkiewicz@trademysak.pl,789 571 281,,STRZESZYŃSKA 125 60-479 POZNAŃ Poland,POZNAŃ,
PROBON Sp. z o.o.,Hala E / E2.22A,"Probon Sp. z o.o. od niemal dwóch dekad wspiera przemysł spożywczy i obiekty komercyjne, oferując kompleksową obsługę inwestycji: od projektu, przez wykonawstwo, aż po serwis. Realizujemy instalacje chłodnicze (glikolowe, amoniakalne i CO₂), wentylacyjne, klimatyzacyjne, grzewcze oraz systemy odzysku ciepła i automatyki. Nasze doświadczenie obejmuje m.in. projektowanie i realizację instalacji w zakładach przetwórstwa mięsnego i owocowo-warzywnego oraz chłodni i mroźni składowych dla wiodących polskich producentów. Kluczowym elementem naszej oferty są programowalne sterowniki oparte na sterowniach PLC połączonych w sieć IP (Rutery, switch-e, światłowody, kable FTP) oraz autorskim sterowaniu, uwzgledniające wszystkie dane ze sterowników, falowników i urządzeń. Pozyskane dane pozwalają na precyzyjne zarządzanie procesami i przepływami mediów umożliwiając znaczne ograniczanie kosztów energii. Co istotne, wszystkie nasze rozwiązania projektujemy z myślą o maksymalnej efektywności energetycznej, co realnie wspiera rentowność produkcji.",piotr_banaszczyk@probon.pl,722200822,https://probon.pl,PIASECZYŃSKA 7 05-555 KOMORNIKI Poland,KOMORNIKI,
Produkcje maszyn,Hala E / E3.06,,agata.bochenek@bizerba.com,+48 512 198 003,,ANNY WALENTYNOWICZ 10 20-328 LUBLIN Poland,LUBLIN,
Produkcje maszyn,Hala F / F2.15,,info@exa22.com,+48 789 801 940,,ZAKOPIAŃSKA 175 30-435 KRAKÓW Poland,KRAKÓW,
Produkcje maszyn,Hala E / E5.25,,m.kramar@lornix.eu,+48517336355,,KSIĘCIA JÓZEFA PONIATOWSKIEGO 4/19 50-326 WROCŁAW Poland,WROCŁAW,
Produkcje przemysłowe,Hala F / F2.15,,info@exa22.com,+48 789 801 940,,ZAKOPIAŃSKA 175 30-435 KRAKÓW Poland,KRAKÓW,
Produkcje przemysłowe,Hala E / E5.25,,m.kramar@lornix.eu,+48517336355,,KSIĘCIA JÓZEFA PONIATOWSKIEGO 4/19 50-326 WROCŁAW Poland,WROCŁAW,
PROFI- LINE EWELINA DĄBROWSKA,Hala E / E5.34A,"Jesteśmy firmą rodzinną. Od wielu lat specjalizujemy się w technologii czyszczenia parą i ultradźwiękami. W naszym asortymencie posiadamy elektryczne wytwornice pary REA, zarówno mobilne jak i stacjonarne. Urządzenia spełniają HACCP, z powodzeniem sprawdzają się w automatycznym czyszczeniu taśm przenośnikowych. Mobilne wytwornice pary wspomagają generalne czyszczenie oraz dezynfekcję maszyn i powierzchni płaskich w zakładach produkcyjnych. Ze względu na to, że para ma idealne właściwości penetracyjne, dociera w trudno dostępne miejsca, a z uwagi na niską zawartość wody umożliwia czyszczenie miejsc newralgicznych, jak np. silniki, czujniki, wentylatory, szafy elektryczne.. Urządzenia wytwarzają ciśnienie maks. 12 barów, a temperatura na wyjściu z dyszy 100° eliminuje wszelkie drobnoustroje oraz biofilm. W myjniach ultradźwiękowych można czyścić w zanurzeniu również części o skomplikowanym kształcie (igły do nastrzykiwania itp.). Obie te technologie czyszczenia mogą być wykorzystywane w działach produkcji, pakowania, utrzymania ruchu.",biuro@rea-polska.pl,791965995,,DĘBNIKI 7 18-416 DĘBNIKI Poland,DĘBNIKI,
ProfilGate® I HEUTE Maschinenfabrik GmbH & KG,Hala E / E5.42,,,,,Hohscheider Weg 37 42699 Solingen Poland,Solingen,
"Przedsiębiorstwo Produkcyjno - Usługowo - Handlowe ""KARPOWICZ""",Hala E / E4.10,"PPUH Karpowicz to firma założona w 1990 roku, działająca jako przedsiębiorstwo rodzinne, specjalizująca się w projektowaniu i produkcji maszyn oraz urządzeń dla zakładów przetwórstwa mięsa oraz przemysłu spożywczego. W ofercie znajdują się m.in. mieszalniki, nastrzykiwarki, kotły warzelne, urządzenia do mycia pojemników, transportery i linie technologiczne – wszystko zaprojektowane z myślą o wysokiej higienie i łatwej konserwacji.",,,https://karpowicz.pl,GNIEWOWSKA 12 84-240 REDA Poland,REDA,
Przemysł 4.0,Hala E / E3.06,,agata.bochenek@bizerba.com,+48 512 198 003,,ANNY WALENTYNOWICZ 10 20-328 LUBLIN Poland,LUBLIN,
Przemysł 4.0,Hala E / E2.25,,d.witkiewicz@trademysak.pl,789 571 281,,STRZESZYŃSKA 125 60-479 POZNAŃ Poland,POZNAŃ,
Przenośniki powietrzno-mechaniczne Floveyor,Hala E / E2.25,"Floveyor to przenośnik aeromechaniczny, w którym stalowa lina z talerzykami porusza się z dużą prędkością wewnątrz zamkniętej rury. Ruch talerzyków powoduje powstanie za nimi strefy obniżonego ciśnienia, która zasysa materiał i przemieszcza go wraz z talerzykiem w kierunku wysypu. Dzięki temu materiał ma ograniczony kontakt ze ściankami rury, co pozwala na szybki i delikatny transport. Konstrukcja przenośnika jest prosta, lekka i kompaktowa. Może być wykonana w wersji stacjonarnej, trwale zamocowanej do konstrukcji, lub mobilnej, umożliwiającej łatwy transport i zmianę miejsca pracy. Układ pozwala również na zmianę kąta prowadzenia przenośnika oraz zmianę kierunku transportu pod kątem 90°. Zmiana kierunku może być zastosowana maksymalnie w dwóch miejscach, tworząc układ w kształcie litery „Z”.",d.witkiewicz@trademysak.pl,789 571 281,,STRZESZYŃSKA 125 60-479 POZNAŃ Poland,POZNAŃ,
"PSS SVIDNIK, a. s.",Hala E / E5.20A,"PSS SVIDNÍK, a.s. to słowacki producent maszyn i linii technologicznych specjalizujący się w przetwórstwie mięsa oraz budowie browarów. Firma projektuje i dostarcza m.in. młynki do mrożonego mięsa, mieszałki próżniowe, systemy linii produkcyjnych dla hamburgerów, kiełbas, salami oraz kompletne instalacje browarnicze z urządzeniami dla produkcji piwa.",,,https://pss-svidnik.sk,Sovietskych hrdinov 460/114 08901 Svidnik Poland,Svidnik,
PW MORYS,Hala E / E2.22b,"P.W. Morys produkuje skrzyniopalety drewniane zaprojektowane głównie dla rynku rolno-spożywczego – na owoce (jabłka, gruszki) i warzywa (ziemniaki, kapusta) – oferując również możliwość wykonania konstrukcji na zamówienie. Firma jest także autoryzowanym przedstawicielem producenta Palbox, oferując wysokiej jakości skrzyniopalety plastikowe dla sadownictwa, w tym konstrukcje o dużej wytrzymałości statycznej i wielowarstwowym składowaniu.",,,https://pwmorys-skrzyniopalety.pl,KOŚCIUSZKI 24 22-440 KRASNOBRÓD Poland,KRASNOBRÓD,
QUECLINK,Hala F / F2.07a,,lontex@lontex.pl,+48 32 215 27 97,,LIGOCKA 55 43-502 CZECHOWICE-DZIEDZICE Poland,CZECHOWICE-DZIEDZICE,
RADEX,Hala E / e3.42,Radex to polski producent sprzętu technicznego oraz środków chemicznych służących utrzymaniu higieny w przemyśle spożywczym.,tkacprzyk@radex.com.pl,505 040 629,https://radex.com.pl,KAMIENIEC 50 72-001 KAMIENIEC Poland,KAMIENIEC,
RALEN GROUP Sp. z o.o.,Hala E / E2.05A,"Grupa Ralen, obejmująca agencje pracy tymczasowej oraz outsourcingu usług, działa na terenie całej Polski nieprzerwanie od 2004 roku. Przez ten czas zdobyliśmy wiedzę i doświadczenie w dziedzinie zatrudnienia oraz outsourcingu usług. W ciągu kilkunastu lat zajmowaliśmy się handlem oraz różnego rodzaju usługami. Zyskaliśmy szeroki zakres kompetencji w dziedzinie outsourcingu, dzięki czemu nasi klienci mogą się skupić na swoich celach oraz zwiększeniu elastyczności swoich działań. Zapewniamy naszym klientom zasoby, którymi oni sami nie dysponują i tym samym gwarantujemy obniżenie kosztów oraz efektywniejszą kontrolę finansów.",daria.drelicharz-foldyna@ralen.com.pl,666 901 015,https://ralengroup.pl,WĄSKA 38K 43-502 CZECHOWICE-DZIEDZICE Poland,CZECHOWICE-DZIEDZICE,
RATAJ POLSKA SPÓŁKA Z OGRANICZONĄ ODPOWIEDZIALNOŚCIĄ,Hala F / F2.13,,,,,BYCZYŃSKA 120 46-203 KLUCZBORK Poland,KLUCZBORK,
REA Steam Cleaning,Hala E / E5.34A,,biuro@rea-polska.pl,791965995,https://rea-polska.pl,DĘBNIKI 7 18-416 DĘBNIKI Poland,DĘBNIKI,
RENOLD,Hala E / E5.41,,j.komoda@tlc.pl,+48 784 945 986,,MAZOWIECKA 35 05-077 WARSZAWA Poland,WARSZAWA,
RINCO ULTRASONICS AG,Hala E / E5.28b,,,,https://rincoultrasonics.com,Industriestrasse 4 8590 Romanshorn Poland,Romanshorn,
Rotor Clip,Hala E / E5.41,,j.komoda@tlc.pl,+48 784 945 986,,MAZOWIECKA 35 05-077 WARSZAWA Poland,WARSZAWA,
Royal,Hala E / E4.35,,biuro@fairplayplus.pl,801 000 115,,JÓZEFA PIŁSUDSKIEGO 148 05-091 ZĄBKI Poland,ZĄBKI,
Rozfood LLC,Hala E / E1.02,,,,,Litvinsky Yuri street 45 V 02099 Kyiv city Poland,Kyiv city,
Ruhle,Hala E / E2.27b,,sm@eryfood.com,+48 572057612,,DOMANIEWSKA 47/10 02-672 WARSZAWA Poland,WARSZAWA,
"RYSZARD TRACZ PPHU""TRACZ""",Hala F / F4.13,,,,,SŁOWACKA 7B 51-111 WROCŁAW Poland,WROCŁAW,
Schaeffler,Hala E / E5.41,,j.komoda@tlc.pl,+48 784 945 986,,MAZOWIECKA 35 05-077 WARSZAWA Poland,WARSZAWA,
SCHMALZ Sp. z o.o.,Hala E / E5.33,,,,,FABIANOWSKA 131/A1 62-052 KOMORNIKI Poland,KOMORNIKI,
SERWOKONTROL SPÓŁKA Z OGRANICZONĄ ODPOWIEDZIALNOŚCIĄ,Hala E / E1.09,,,,,PRZEMKOWSKA 15 54-426 WROCŁAW Poland,WROCŁAW,
Seydelmann,Hala E / E2.27b,,sm@eryfood.com,+48 572057612,,DOMANIEWSKA 47/10 02-672 WARSZAWA Poland,WARSZAWA,
SIKA-POLAND Sp. z o.o,Hala E / E5.13A,"Sika Poland jest polskim oddziałem międzynarodowego koncernu specjalizującego się w rozwiązaniach chemii budowlanej — w tym domieszkach do betonu, uszczelniaczach, klejach, posadzkach przemysłowych oraz systemach izolacyjnych. Firma działa z portfolio produktów, które obejmują zarówno standardowe technologie budowlane, jak i przemysłowe powłoki, uszczelnienia i materiały wspierające konstrukcje i higienę w zakładach produkcyjnych.",,,https://pol.sika.com,KARCZUNKOWSKA 89 02-871 WARSZAWA Poland,WARSZAWA,
SIMUL MASZYNY,Hala E / E2.14b,,,,,Kiełpice102 08-320 Kiełpnice Poland,Kiełpnice,
Smakovita HoReCa,Hala E / E5.26b,"Smakovita HoReCa to marka stworzona z myślą o profesjonalistach, którzy każdego dnia budują doświadczenia kulinarne swoich gości. Nasze mieszanki przypraw, dodatki funkcjonalne i produkty specjalistyczne powstają we współpracy z ekspertami technologii żywności oraz cenionymi szefami kuchni, aby zapewnić najwyższą powtarzalność, wydajność i kontrolę nad smakiem w warunkach gastronomicznych. Wyróżnia nas połączenie jakości surowców, precyzyjnie opracowanych receptur oraz pełnego zrozumienia realiów pracy kuchni HoReCa. Tworzymy rozwiązania, które wspierają procesy, przyspieszają pracę zespołu i podnoszą poziom każdej potrawy — od street foodu, przez kuchnię hotelową, po koncepty premium. Kluczowym współtwórcą produktów marki jest szef kuchni Tomasz Leśniak — wieloletni praktyk, szkoleniowiec i doradca gastronomiczny, który wnosi do marki swoje doświadczenie zdobywane w pracy z kuchniami w całej Polsce. Jego wiedza i wyczucie smaku przekładają się na receptury dopracowane pod kątem realnych potrzeb profesjonalnych kuchni. Smakovita HoReCa to partner, który rozumie, że smak jest narzędziem biznesowym. Dlatego dostarczamy produkty niezawodne, wydajne i zaprojektowane tak, by pomagały szefom kuchni budować ich własny, niepowtarzalny styl. Smakovita HoReCa — smak, który pracuje razem z Tobą.",aleksandra.pietrasz@regis.com.pl,695001781,https://smakovitahoreca.pl,WALEREGO SŁAWKA 3A 30-633 KRAKÓW Poland,KRAKÓW,
Smakoza / Smartpicasso,Hala E / E6.27a,,,,,Warszawska 6/32 15-063 Białystok Poland,Białystok,
SMART SOLUTIONS Sp. z o. o.,Hala E / E6.19,"Jesteśmy dystrybutorem profesjonalnych, najwyższej jakości systemów i rozwiązań do precyzyjnych pomiarów i badań nieniszczących. Nasza lista referencyjna to ponad 600 zadowolonych klientów. Oferowane przez nas systemy pomiarowe i tomografii przemysłowej wykorzystywane są m.in. przez branżę motoryzacyjną, zbrojeniową i lotniczą, elektroniczną, przy obróbce metali i tworzyw sztucznych, formowaniu wtryskowym, druku 3D, odlewnictwie, a także w działalności badawczo-rozwojowej oraz w szkolnictwie, szkolnictwie wyższym i przy badaniach naukowych w wielu dziedzinach. Współpracujemy z wiodącymi w skali globalnej producentami takimi jak: LK metrology, API Metrology, NIKON Metrology, Geotek Ltd, RPS Metrology oraz Renishaw. Dzięki temu nasi klienci mogą wybierać z szerokiego zakresu systemów i rozwiązań, dopasowanych optymalnie do ich potrzeb i oczekiwań.",,,https://smart-solutions.pl,TECHNICZNA 5 05-270 NADMA Poland,NADMA,
SMART WORK Sp. z o.o.,Hala E / E4.05,"Agencja Pracy SMART WORK to część międzynarodowej grupy, która specjalizuje się w podwykonawstwie, outsourcingu procesów i pracy tymczasowej. Agencja działa w branży usług doradczych i rekrutacyjnych, a także oferuje usługi w zakresie pracy tymczasowej, obejmujące zarówno zatrudnienie specjalistów, jak i pracę w sektorach o dynamicznym zapotrzebowaniu, takich jak produkcja czy logistyka.",,,https://smartwork.pl,BYSTRZYCKA 7A 58-100 ŚWIDNICA Poland,ŚWIDNICA,
STIGEN,Hala E / E2.09a,,,,,Folwark 14 34-300 Żywiec Poland,Żywiec,
STONCOR POLAND SPÓŁKA Z OGRANICZONĄ ODPOWIEDZIALNOŚCIĄ,Hala E / E5.08,,,,,ŚWIĘTOJERSKA 5/7 00-236 WARSZAWA Poland,WARSZAWA,
STRATUMTEC SPÓŁKA Z OGRANICZONĄ ODPOWIEDZIALNOŚCIĄ,Hala E / E5.06,,,,,OSTRÓWEK 41 05-660 OSTRÓWEK Poland,OSTRÓWEK,
Synchroniczne elektrobębny,Hala E / E2.32,"Synchroniczne elektrobębny NGI to kompaktowy, całkowicie bezolejowy napęd stworzony z myślą o wymagających liniach produkcji żywności. Silnik i przekładnia są zamknięte wewnątrz bębna, co upraszcza konstrukcję przenośnika, oszczędza miejsce i eliminuje ryzyko zanieczyszczenia produktu olejem. Wysoka sprawność silnika oznacza niższe zużycie energii i mniejsze straty mocy, a bezolejowa konstrukcja ogranicza konserwację i ryzyko nieplanowanych przestojów.",juo@ngi-global.com,+45 3073 7960,,Virkelyst 5 9400 Norresundby Poland,Norresundby,
SZLACHET-STAL SENDALSCY Sp. z o.o. Sp. k.,Hala E / E5.39,"Szlachet-Stal specjalizuje się w produkcji maszyn i urządzeń do uboju drobiu – od systemów przyjęcia żywego ptactwa, przez linie uboju, skubania, patroszenia, dzielenia i pakowania, aż po chłodzenie i urządzenia wspierające. Firma realizowała projekt unijny związany z uruchomieniem produkcji linii do uboju drobiu w oparciu o innowacyjną technologię podczyszczania ścieków poubojowych.",,,https://szlachetstal.pl,GLINIANA 10 97-300 PIOTRKÓW TRYBUNALSKI Poland,PIOTRKÓW TRYBUNALSKI,
TARVIS Sp. z o.o,Hala E / E4.29,"Tarvis Sp. z o.o. zajmuje się projektowaniem, produkcją, dystrybucją oraz serwisowaniem maszyn przemysłowych – w tym klipsownic dla przemysłu mięsnego, przenośników i paletyzerów dla logistyki oraz rozwiązań automatyki przemysłowej. Firma oferuje też całodobowy serwis oraz możliwość wykonania urządzeń specjalnych zgodnie z indywidualnymi wymaganiami klienta.",,,https://tarvis.pl,WŁADYSŁAWA HERMANA 9/6 58-100 ŚWIDNICA Poland,ŚWIDNICA,
TEKSON,Hala F / F2.07a,,lontex@lontex.pl,+48 32 215 27 97,,LIGOCKA 55 43-502 CZECHOWICE-DZIEDZICE Poland,CZECHOWICE-DZIEDZICE,
TEKSON Black,Hala F / F2.07a,"Rękawice ochronne wykonane z poliestru, powlekane czarnym poliuretanem, zakończone ściągaczem. Bezszwowe, bardzo elastyczne. Rękawice idealnie dopasowują się do kształtu dłoni. Struktura poliuretanu zapewnia chwytność w suchym jak i wilgotnym środowisku. Jednostka pakowania: 12/240 par Rozmiar: 7, 8, 9, 10, 11 Normy: EN ISO 21420:2020; kat. II; EN 388:2019 4131X",lontex@lontex.pl,+48 32 215 27 97,,LIGOCKA 55 43-502 CZECHOWICE-DZIEDZICE Poland,CZECHOWICE-DZIEDZICE,
TEKSON Blue,Hala F / F2.07a,"Rękawice ochronne powleczone niebieskim chropowatym lateksem. Rękawica ma poliestrową cienką wkładkę, która dokładnie przylega do dłoni. Bardzo elastyczne. Zakończone miękkim ściągaczem. Idealnie nadają się do wszelkiego rodzaju prac mechanicznych. Jednostka pakowania: 12/240 par Rozmiar: 8, 9, 10 Normy: EN ISO 21420:2020; kat. II; EN 388:2019 3141X",lontex@lontex.pl,+48 32 215 27 97,,LIGOCKA 55 43-502 CZECHOWICE-DZIEDZICE Poland,CZECHOWICE-DZIEDZICE,
TEKSON Comfort,Hala F / F2.07a,"Krótkie rękawice robocze, znane jako driver, wykonane są z licowej skóry koziej, zapewniającej trwałość i komfort. Na części grzbietowej nadgarstka posiadają gumkę, która zwiększa dopasowanie, a mankiet wykończony jest lamówką. Rękawice spełniają normę EN-388, co potwierdza ich odporność mechaniczną i wygodę użytkowania. Przeznaczone są dla techników, kierowców i monterów. Jednostka pakowania: 12/120 par Rozmiar: 9, 10 Normy: EN ISO 21420:2020; kat. II; EN 388:2019 2122X",lontex@lontex.pl,+48 32 215 27 97,,LIGOCKA 55 43-502 CZECHOWICE-DZIEDZICE Poland,CZECHOWICE-DZIEDZICE,
TEKSON Durable,Hala F / F2.07a,"Całodłonicowe rękawice ochronne wykonane z dwoiny bydlęcej z podszewką przeciwpotną. Zakończone sztywnym podgumowanym mankietem. Część chwytna wykonana z jednego kawałka skóry, co zwiększa wytrzymałość i odporność na przetarcia. Jednostka pakowania: 12/60 par Rozmiar: 10 Normy: EN ISO 21420:2020; kat. II; EN 388:2019 4243X",lontex@lontex.pl,+48 32 215 27 97,,LIGOCKA 55 43-502 CZECHOWICE-DZIEDZICE Poland,CZECHOWICE-DZIEDZICE,
TEKSON FLEET SOLUTION,Hala F / F2.07a,,lontex@lontex.pl,+48 32 215 27 97,,LIGOCKA 55 43-502 CZECHOWICE-DZIEDZICE Poland,CZECHOWICE-DZIEDZICE,
TEKSON Master,Hala F / F2.07a,"Rękawice spawalnicze dedykowane do MIGa. Długie, wykonane z dwoinowej skóry bydlęcej, zapewniają doskonałą ochronę w trudnych warunkach. Dzięki całodłonicowej konstrukcji i wkładce termicznej są wyjątkowo odporne na wysokie temperatury oraz odpryski gorących metali. Posiadają kryte szwy z nici Kevlar i gilzy wzmacniające, co zwiększa ich trwałość. Jednostka pakowania: 10/60 par Rozmiar: 10 Normy: EN ISO 21420:2020; kat. II; EN 388:2019 3143X; EN 407:2020 412X4X; EN 12477:2001+A1:2005 TYPE A",lontex@lontex.pl,+48 32 215 27 97,,LIGOCKA 55 43-502 CZECHOWICE-DZIEDZICE Poland,CZECHOWICE-DZIEDZICE,
TEKSON Nitryl Black,Hala F / F2.07a,"Rękawice ochronne wykonane z kauczuku nitrylowego, niejałowe, teksturowane na palcach, w kolorze czarnym. Elastyczne i manualne, pasują na obie dłonie. Test przepuszczalności wody: AQL ≤ 1.5. Nie zawierają lateksu naturalnego. Bezpudrowe. Jednostka pakowania: 100 szt. w op. / 10 op. Rozmiar: S, M, L, XL Normy: EN ISO 21420:2020, CAT III EN ISO 374-1 EN ISO 374-5 EN ISO 374-2 EN ISO 374-4 EN 16523-1 EN 455—3:2015",lontex@lontex.pl,+48 32 215 27 97,,LIGOCKA 55 43-502 CZECHOWICE-DZIEDZICE Poland,CZECHOWICE-DZIEDZICE,
TEKSON Nitryl Blue,Hala F / F2.07a,"Rękawice ochronne wykonane z kauczuku nitrylowego, niejałowe, teksturowane na palcach, w kolorze niebieskim. Elastyczne i manualne, pasują na obie dłonie. Test przepuszczalności wody: AQL ≤ 1.5. Nie zawierają lateksu naturalnego. Bezpudrowe. Jednostka pakowania: 100 szt. w op. / 10 op. Rozmiar: S, M, L, XL Normy: EN ISO 21420:2020, CAT III EN ISO 374-1 EN ISO 374-5 EN ISO 374-2 EN ISO 374-4 EN 16523-1 EN 455—3:2015",lontex@lontex.pl,+48 32 215 27 97,,LIGOCKA 55 43-502 CZECHOWICE-DZIEDZICE Poland,CZECHOWICE-DZIEDZICE,
TEKSON Practical,Hala F / F2.07a,"Rękawice ochronne ze skóry licowej koziej o amerykańskim kroju, zakończone rzepem. Część wierzchnia wykonana z elastycznego czarnego dżerseju, część chwytna z jednego kawałka skóry. Bardzo dobra manualność i chwytność. Jednostka pakowania: 12/120 par Rozmiar: 8, 9, 10, 11 Normy: EN ISO 21420:2020; kat. II; EN 388:2019 2122X",lontex@lontex.pl,+48 32 215 27 97,,LIGOCKA 55 43-502 CZECHOWICE-DZIEDZICE Poland,CZECHOWICE-DZIEDZICE,
TEKSON Proweld,Hala F / F2.07a,"Rękawice spawalnicze do TIG, wykonane są z wysokiej jakości licowej skóry koziej na części chwytnej oraz z bydlęcej dwoiny, z której powstaje mankiet. Rękawice zszyto trwałymi nićmi Kevlar, co zwiększa ich odporność na uszkodzenia. Chronią nie tylko dłonie, ale również część przedramienia. Tradycyjny krój z doszywanym kciukiem gwarantuje pewny chwyt, umożliwiając pełną kontrolę podczas pracy. Jednostka pakowania: 10/60 par Rozmiar: 10 Normy: EN ISO 21420:2020; kat. II; EN 388:2019 2122X; EN 407:2020 411X4X; EN 12477:2001+A1:2005 TYPE B",lontex@lontex.pl,+48 32 215 27 97,,LIGOCKA 55 43-502 CZECHOWICE-DZIEDZICE Poland,CZECHOWICE-DZIEDZICE,
TEKSON Solid,Hala F / F2.07a,"Rękawice ochronne ze skóry licowej koziej o amerykańskim kroju. Część wierzchnia wykonana z czarnego dżerseju. Część chwytna wykonana z jednego kawałka skóry, dzięki czemu wykazują większą wytrzymałość i odporność na przetarcia. Bardzo dobra manualność i chwytność. Jednostka pakowania: 12/120 par Rozmiar: 8, 9, 10, 11 Normy: EN ISO 21420:2020; kat. II; EN 388:2019 2122X",lontex@lontex.pl,+48 32 215 27 97,,LIGOCKA 55 43-502 CZECHOWICE-DZIEDZICE Poland,CZECHOWICE-DZIEDZICE,
Tenzi,Hala E / E4.35,,biuro@fairplayplus.pl,801 000 115,,JÓZEFA PIŁSUDSKIEGO 148 05-091 ZĄBKI Poland,ZĄBKI,
TESTO Sp. z o.o,Hala E / E1.10a,"Testo oferuje przenośne i stacjonarne urządzenia pomiarowe oraz systemy pomiarowe służące do kontroli jakości, warunków środowiskowych i procesów technologicznych. Firma działa globalnie, opracowując, produkując i wdrażając rozwiązania, które pomagają klientom zachować wymagane parametry procesów, spełnić normy i zwiększyć wydajność.",,,https://testo.com,WIEJSKA 2 05-802 PRUSZKÓW Poland,PRUSZKÓW,
THERMOMAT SPÓŁKA Z OGRANICZONĄ ODPOWIEDZIALNOŚCIĄ,Hala E / E3.11,"Thermomat Sp. z o.o. to producent maszyn ze stali nierdzewnej przeznaczonych dla przemysłu spożywczego — specjalizuje się w urządzeniach do termicznej obróbki produktów spożywczych, posiadając wieloletnie doświadczenie w tej branży.",info@thermomat.pl,601900018,https://thermomat.pl,TĘCZOWA 11 62-023 ROBAKOWO Poland,ROBAKOWO,
TI-MA Sp. z o.o,Hala E / E4.05,"TI-MA Sp. z o.o. z Gdańska jest wiodącym dystrybutorem profesjonalnych maszyn i linii technologicznych dla polskiego przemysłu spożywczego. Specjalizujemy się w dostarczaniu kompleksowych rozwiązań do przetwórstwa mięsnego, rybnego i ogólnospożywczego, obejmujących m.in. kostkownice, komory wędzarniczo-parzelnicze oraz zaawansowane linie produkcyjne. Oferujemy maszyny od renomowanych europejskich producentów, gwarantując jednocześnie profesjonalny serwis i dostęp do części zamiennych. Jesteśmy sprawdzonym partnerem, który stawia na efektywność i ciągłość produkcji naszych Klientów.",sekretariat@ti-ma.pl,(58)5564329,,OPOLSKA 8 80-395 GDAŃSK Poland,GDAŃSK,
TLC ŁOŻYSKA SP. Z O.O.,Hala E / E5.41,"Od ponad 25 lat wspieramy przemysł w całej Polsce, dostarczając komponenty i usługi dla utrzymania ruchu. Jako autoryzowany dystrybutor wybieramy tylko najlepszych, sprawdzonych producentów, dlatego mamy pewność, że proponujemy niezawodne rozwiązania w każdych warunkach pracy. Dostarczamy m.in. łożyska toczne i kulkowe, uszczelnienia techniczne, pasy napędowe, łańcuchy, tuleje ślizgowe, sprzęgła, smary łożyskowe oraz chemię techniczną. Dysponujemy szerokim asortymentem w zakresie techniki liniowej i systemów przemieszczeń wzdłużnych. Oferujemy ponadto urządzenia serwisowe oraz diagnostyczne. Jako jedyni w Polsce świadczymy usługę Freudenberg Xpress®, w ramach której błyskawicznie projektujemy i produkujemy uszczelnienia dopasowane do Twoich wymagań. Naszą siłą są doświadczeni eksperci, szeroka oferta i szybka logistyka, która pozwala zapewnić ciągłość pracy fabryk i zakładów produkcyjnych. To wartości, które napędzają wszystko, co robimy. Dzięki sieci 11 oddziałów i zespołowi lokalnych doradców jesteśmy zawsze blisko Twojej firmy. Zachowujemy najwyższe standardy obsługi klienta i wsparcia technicznego zgodnie z certyfikatem EN ISO 9001:2015.",j.komoda@tlc.pl,+48 784 945 986,https://tlc.pl,MAZOWIECKA 35 05-077 WARSZAWA Poland,WARSZAWA,
TOMAHAWK MANUFACTURING B.V.,Hala E / E2.12,"Tomahawk Manufacturing, Inc. produkuje zaawansowane maszyny formujące i przetwarzające produkty spożywcze — w szczególności w zakresie mięsa, drobiu, ryb i wyrobów roślinnych. Firma dostarcza urządzenia, linie produkcyjne oraz części zamienne i narzędzia, które pozwalają zakładom produkcyjnym zwiększyć wydajność, precyzję i jakość produkcji.",,,https://tomahawkmfg.com,NIJVERHEIDSSTRAAT 00016 2288BB RIJSWIJK ZH Poland,RIJSWIJK ZH,
TRADE MYSAK GROUP Sp. z o.o,Hala E / E2.25,"Trade Mysak Group zajmuje się dostarczaniem nowoczesnych komponentów instalacyjnych oraz maszyn dla przemysłu – ze szczególnym uwzględnieniem transportu materiałów sypkich w zakładach spożywczych. Firma oferuje m.in. przenośniki powietrzno-mechaniczne, dozowniki, zawory i połączenia higieniczne wykonane ze stali nierdzewnej, które pomagają optymalizować procesy produkcji żywności przy zachowaniu wysokich standardów higienicznych i jakościowych. Products: Połączenia elastyczne, Przenośniki powietrzno-mechaniczne Floveyor",d.witkiewicz@trademysak.pl,789 571 281,https://trademysak.pl,STRZESZYŃSKA 125 60-479 POZNAŃ Poland,POZNAŃ,
Treif,Hala E / E2.27b,,sm@eryfood.com,+48 572057612,,DOMANIEWSKA 47/10 02-672 WARSZAWA Poland,WARSZAWA,
TREMCO CPG POLAND Sp. z o.o,Hala E / E1.30a,"Tremco CPG Europe oferuje wysokiej jakości systemowe rozwiązania budowlane — obejmujące uszczelnianie, klejenie, termoizolację, ochronę przeciwpożarową, hydro- i dachowo-izolacje oraz posadzki żywiczne. Firma działa jako kompleksowy dostawca materiałów i systemów dla inwestycji przemysłowych, komercyjnych i infrastrukturalnych, zapewniając także doradztwo techniczne i wsparcie na etapie realizacji projektu.",,,https://tremcocpg.eu,MARYWILSKA 34 03-228 WARSZAWA Poland,WARSZAWA,
ULMA,Hala E / E2.27b,,sm@eryfood.com,+48 572057612,,DOMANIEWSKA 47/10 02-672 WARSZAWA Poland,WARSZAWA,
UNIDOZ Sp. z o.o,Hala E / E5.19a,"UNIDOZ projektuje i produkuje urządzenia do precyzyjnego dozowania chemikaliów, pianowania, spryskiwania i czyszczenia w systemach przemysłowych. Firma oferuje zarówno stacjonarne, jak i mobilne rozwiązania — np. dla pralni, gastronomii, zakładów przemysłu spożywczego — oraz serwis i wsparcie techniczne dla swoich klientów.",info@unidoz.com,+48 516 673 946,https://unidoz.com,PLAC GEN. JÓZEFA HALLERA 5/14A 03-464 WARSZAWA Poland,WARSZAWA,
URSCHEL INTERNATIONAL POLSKA Sp. z o.o,Hala E / E4.39,"Urschel Laboratories produkuje zaawansowane maszyny przemysłowe do krojenia, szatkowania, formowania, siekania, mielnia i granulkowania produktów spożywczych. Firma obsługuje szeroką gamę produktów — od owoców i warzyw, przez ziemniaki, mięso i nabiał, aż po ryby i produkty dla zwierząt. Jej technologie umożliwiają uzyskanie precyzyjnych kształtów, jednolitego rozmiaru i wysokiej wydajności w zakładach produkcyjnych.",POLAND@URSCHEL.COM,+48227271007,https://urschel.com,DŁUGA 59 05-530 GÓRA KALWARIA Poland,GÓRA KALWARIA,
Utrzymanie ruchu,Hala E / E2.25,,d.witkiewicz@trademysak.pl,789 571 281,,STRZESZYŃSKA 125 60-479 POZNAŃ Poland,POZNAŃ,
VDO,Hala F / F2.07a,,lontex@lontex.pl,+48 32 215 27 97,,LIGOCKA 55 43-502 CZECHOWICE-DZIEDZICE Poland,CZECHOWICE-DZIEDZICE,
Vemag,Hala E / E2.27b,,sm@eryfood.com,+48 572057612,,DOMANIEWSKA 47/10 02-672 WARSZAWA Poland,WARSZAWA,
VEMAG POLSKA Sp. z o.o,Hala E / E4.02,"Vemag Polska specjalizuje się w dostarczaniu zaawansowanych maszyn i linii produkcyjnych dla przemysłu spożywczego — w szczególności dla zakładów przetwórstwa mięsa oraz produkcji wyrobów „convenience”. Firma oferuje między innymi nadziewarki próżniowe, linie formowania i dzielarki ciasta oraz wspiera klientów doradztwem technologicznym i serwisem urządzeń.",,,https://vemag.pl,SZYSZKOWA 20 02-285 WARSZAWA Poland,WARSZAWA,
VIBROFLOORS POLSKA SPÓŁKA Z OGRANICZONĄ ODPOWIEDZIALNOŚCIĄ,Hala E / E2.34,,,,,PILOTÓW 81/28 31-462 KRAKÓW Poland,KRAKÓW,
Vikan Higiena,Hala E / e3.25,,,,,KRESOWA 24 71-770 SZCZECIN Poland,SZCZECIN,
Voigt,Hala E / E4.35,,biuro@fairplayplus.pl,801 000 115,,JÓZEFA PIŁSUDSKIEGO 148 05-091 ZĄBKI Poland,ZĄBKI,
VOLTAPACK Piotr Kamiński,Hala E / E2.21,"Bandall projektuje i produkuje maszyny banderolujące i pakujące, które umożliwiają łączenie i banderolowanie produktów w pojedyncze pakiety lub opaski. Firma obsługuje branżę spożywczą oraz inne sektory, oferując zarówno urządzenia wolnostojące, jak i w pełni zautomatyzowane linie do konfekcjonowania. Ich technologie skupiają się również na redukcji odpadów opakowaniowych oraz wspieraniu zrównoważonego pakowania.",,,,GRUSZKOWA 13/2 61-474 POZNAŃ Poland,POZNAŃ,
WALOWSKY INTERNATIONAL MASCHINENHANDEL- KRAKÓW Sp. z o.o,Hala E / E3.02,"Walowsky International jest dostawcą maszyn i urządzeń do przemysłu mięsnego — w zakresie nadziewarek, klipsownic, nastrzykiwarek, linii pakujących i urządzeń do separacji. Firma obsługuje cały proces: od doboru maszyn przez sprzedaż po serwis techniczny. Oferuje także dodatki technologiczne i przyprawy do produkcji wędlin, łącząc wyposażenie produkcyjne z komponentami.",fkaczmarczyk@walowsky.pl,881334422,https://walowsky.pl,JÓZEFA ELSNERA 1 31-311 KRAKÓW Poland,KRAKÓW,
WAMMA POLAND MACEWICZ S. J.,Hala E / E1.23,"Firma WAMMA POLAND projektuje, produkuje i dostarcza zarówno kompletne linie technologiczne dla zakładów ubojni i zakładów mięsnych, jak i urządzenia do wyposażenia gastronomii i przemysłu spożywczego. Ponadto firma oferuje szeroką gamę urządzeń higienicznych — takich jak myjki, sterylizatory, śluzy sanitarne — wspierających utrzymanie wysokich standardów w zakładach spożywczych.",,,https://wammashop.pl,TWARDA 12 86-065 LISI OGON Poland,LISI OGON,
WAVE ENERGY Kft,Hala E / E5.11b,,,,,RAKOCZI UT 33 8360 KESZTHELY Poland,KESZTHELY,
Weicon,Hala E / E5.41,,j.komoda@tlc.pl,+48 784 945 986,,MAZOWIECKA 35 05-077 WARSZAWA Poland,WARSZAWA,
WEINDICH SPÓŁKA Z OGRANICZONĄ ODPOWIEDZIALNOŚCIĄ,Hala E / E4.12,"Witamy w świecie, gdzie innowacyjne myślenie łączy się z najnowocześniejszymi technologiami. Zapoznaj się z naszymi możliwościami produkcyjnymi i kompetencyjnymi, zobacz dotychczasowe realizacje i przekonaj się, dlaczego klienci tak chętnie nam ufają. Z Weindich zyskasz pewność, że Twój projekt zostanie zrealizowany na najwyższym poziomie!",,,https://weindich.pl,KAROLA ADAMIECKIEGO 8 41-503 CHORZÓW Poland,CHORZÓW,
WIEJAK SPÓŁKA Z OGRANICZONĄ ODPOWIEDZIALNOŚCIĄ,Hala E / E3.27,,,,,LITWINKI 16 13-100 LITWINKI Poland,LITWINKI,
WOJCIECH KRÓLIK EKSTREME,Hala E / E1.01,,,,,ZAWISZY 16B/127 01-167 WARSZAWA Poland,WARSZAWA,
WPOL SPÓŁKA Z OGRANICZONĄ ODPOWIEDZIALNOŚCIĄ SPÓŁKA KOMANDYTOWA,Hala E / E2.24A,,,,,Wierzchosławice 429 33-122 Wierzchosławice Poland,Wierzchosławice,
WT - POLSKA Sp. z o.o,Hala E / e4.20,"WT-Polska Sp. z o.o. to producent profesjonalnych systemów odwodnień posadzek przemysłowych wykonanych ze stali nierdzewnej zgodnie z normą EN 1253. Firma dostarcza m.in. wpusty, kanały oraz włazy rewizyjne, współpracując z przemysłem spożywczym (mleczarskim, mięsnym, rybnym) w zakresie rozwiązań higienicznych dla zakładów produkcyjnych.",,,https://wt-polska.pl,HAWELAŃSKA 1 61-625 POZNAŃ Poland,POZNAŃ,
ZABI Sp. z o.o,Hala E / E2.27a,"ZABI Sp. z o.o. to polski producent specjalizujący się w produkcji kół, kółek oraz zestawów kołowych przeznaczonych m.in. do urządzeń transportu wewnętrznego i wózków magazynowych. Firma oferuje także możliwość dostosowania produktów do indywidualnych potrzeb klienta, łącząc produkcję seryjną z projektami specjalnymi.",,,https://zabi.pl,DWORSKA 22 43-354 CZANIEC Poland,CZANIEC,
"ZAKŁAD URZĄDZEŃ TECHNICZNYCH ""UNIMASZ"" Sp. z o.o",Hala E / E3.21,"Firma UNIMASZ produkuje maszyny i urządzenia technologiczne dla przemysłu mięsnego, owocowo-warzywnego oraz dla branży metalowej i produkcji opon. Dysponuje nowoczesnym parkiem maszynowym oraz kilkoma biurami konstrukcyjnymi, co pozwala jej wykonywać urządzenia także na zamówienie klienta.",,,https://unimasz.pl,STALOWA 4 10-420 OLSZTYN Poland,OLSZTYN,
Zgarniacz taśmowy z automatycznym dociskiem,Hala E / E2.32,"Higieniczny zgarniacz taśmowy NGI został zaprojektowany tak, aby maksymalnie skrócić czas mycia i przestoju linii produkcyjnej. System Quick-Release umożliwia szybki demontaż zgarniacza bez użycia narzędzi, zapewniając łatwy dostęp do taśmy i znacznie sprawniejsze czyszczenie całego obszaru. Mniej czasu na demontaż i mycie oznacza krótszy przestój, szybszy powrót do produkcji i wyższą dostępność linii.",juo@ngi-global.com,+45 3073 7960,,Virkelyst 5 9400 Norresundby Poland,Norresundby,
ZIELONAENERGIA.NET Sp. z o. o.,Hala E / e2.29b,"ZielonaEnergia.net to nie tylko źródło wiedzy na temat korzyści płynących z wykorzystywania zielonej energii, ale także partner w kompleksowej obsłudze energetycznej Twojej firmy. Dążymy do zapewnienia naszym klientom pełnego wsparcia na każdym etapie ich zielonej transformacji, począwszy od analizy potrzeb, przez projektowanie i instalację, aż po monitorowanie i serwisowanie systemów odnawialnych źródeł energii. Nasi eksperci posiadają bogate doświadczenie w branży energetycznej oraz nieustannie śledzą najnowsze trendy i technologie, aby zapewnić naszym klientom najwyższy poziom usług. Dzięki temu możemy zaoferować kompleksowe rozwiązania dostosowane do indywidualnych potrzeb i wymagań każdego klienta.",,,https://zielonaenergia.net,TWARDA 18 00-105 WARSZAWA Poland,WARSZAWA,
ZVL,Hala E / E5.41,,j.komoda@tlc.pl,+48 784 945 986,,MAZOWIECKA 35 05-077 WARSZAWA Poland,WARSZAWA,
